cik,nom,metrique,annee_recente,valeur_recente,debut_recent,fin_recent,depot_recent,source_recente,etiquette_recente,perimetre_id,base_annees,base_n,base_moyenne,base_periodes,base_repli,base_observations,multiple,statut_comparaison,motif
0000002488,Advanced Micro Devices,chiffre_affaires,2025,34639000000.0,2024-12-29,2025-12-27,0000002488-26-000018,https://www.sec.gov/Archives/edgar/data/2488/000000248826000018/0000002488-26-000018-index.htm,RevenueFromContractWithCustomerExcludingAssessedTax,0000002488:chiffre_affaires:RevenueFromContractWithCustomerExcludingAssessedTax,2018;2019,2,6603000000.0,2017-12-31/2018-12-29;2018-12-30/2019-12-28,False,"[{""annee"": 2018, ""valeur"": 6475000000.0, ""debut"": ""2017-12-31"", ""fin"": ""2018-12-29"", ""depot"": ""0001628280-21-001185"", ""source_url"": ""https://www.sec.gov/Archives/edgar/data/2488/000162828021001185/0001628280-21-001185-index.htm"", ""perimetre_id"": ""0000002488:chiffre_affaires:RevenueFromContractWithCustomerExcludingAssessedTax""}, {""annee"": 2019, ""valeur"": 6731000000.0, ""debut"": ""2018-12-30"", ""fin"": ""2019-12-28"", ""depot"": ""0000002488-22-000016"", ""source_url"": ""https://www.sec.gov/Archives/edgar/data/2488/000000248822000016/0000002488-22-000016-index.htm"", ""perimetre_id"": ""0000002488:chiffre_affaires:RevenueFromContractWithCustomerExcludingAssessedTax""}]",5.245948811146449,comparable_sur_reference,
0000002488,Advanced Micro Devices,capex,2025,974000000.0,2024-12-29,2025-12-27,0000002488-26-000018,https://www.sec.gov/Archives/edgar/data/2488/000000248826000018/0000002488-26-000018-index.htm,PaymentsToAcquirePropertyPlantAndEquipment,0000002488:capex:PaymentsToAcquirePropertyPlantAndEquipment,,0,,,False,[],,recent_non_reconcilie,Postes de dépenses non équivalents ; préférence non réconciliée
0000002488,Advanced Micro Devices,rd,2025,8091000000.0,2024-12-29,2025-12-27,0000002488-26-000018,https://www.sec.gov/Archives/edgar/data/2488/000000248826000018/0000002488-26-000018-index.htm,ResearchAndDevelopmentExpense,0000002488:rd:ResearchAndDevelopmentExpense,2017;2018;2019,3,1392333333.3333333,2017-01-01/2017-12-30;2017-12-31/2018-12-29;2018-12-30/2019-12-28,False,"[{""annee"": 2017, ""valeur"": 1196000000.0, ""debut"": ""2017-01-01"", ""fin"": ""2017-12-30"", ""depot"": ""0000002488-20-000008"", ""source_url"": ""https://www.sec.gov/Archives/edgar/data/2488/000000248820000008/0000002488-20-000008-index.htm"", ""perimetre_id"": ""0000002488:rd:ResearchAndDevelopmentExpense""}, {""annee"": 2018, ""valeur"": 1434000000.0, ""debut"": ""2017-12-31"", ""fin"": ""2018-12-29"", ""depot"": ""0001628280-21-001185"", ""source_url"": ""https://www.sec.gov/Archives/edgar/data/2488/000162828021001185/0001628280-21-001185-index.htm"", ""perimetre_id"": ""0000002488:rd:ResearchAndDevelopmentExpense""}, {""annee"": 2019, ""valeur"": 1547000000.0, ""debut"": ""2018-12-30"", ""fin"": ""2019-12-28"", ""depot"": ""0000002488-22-000016"", ""source_url"": ""https://www.sec.gov/Archives/edgar/data/2488/000000248822000016/0000002488-22-000016-index.htm"", ""perimetre_id"": ""0000002488:rd:ResearchAndDevelopmentExpense""}]",5.8111084510414175,comparable_sur_reference,
0000004127,Skyworks Solutions,chiffre_affaires,2025,4086900000.0,2024-09-28,2025-10-03,0000004127-25-000085,https://www.sec.gov/Archives/edgar/data/4127/000000412725000085/0000004127-25-000085-index.htm,RevenueFromContractWithCustomerExcludingAssessedTax,0000004127:chiffre_affaires:RevenueFromContractWithCustomerExcludingAssessedTax,2017;2018;2019,3,3632066666.6666665,2016-10-01/2017-09-29;2017-09-30/2018-09-28;2018-09-29/2019-09-27,False,"[{""annee"": 2017, ""valeur"": 3651400000.0, ""debut"": ""2016-10-01"", ""fin"": ""2017-09-29"", ""depot"": ""0000004127-19-000049"", ""source_url"": ""https://www.sec.gov/Archives/edgar/data/4127/000000412719000049/0000004127-19-000049-index.htm"", ""perimetre_id"": ""0000004127:chiffre_affaires:RevenueFromContractWithCustomerExcludingAssessedTax""}, {""annee"": 2018, ""valeur"": 3868000000.0, ""debut"": ""2017-09-30"", ""fin"": ""2018-09-28"", ""depot"": ""0000004127-20-000058"", ""source_url"": ""https://www.sec.gov/Archives/edgar/data/4127/000000412720000058/0000004127-20-000058-index.htm"", ""perimetre_id"": ""0000004127:chiffre_affaires:RevenueFromContractWithCustomerExcludingAssessedTax""}, {""annee"": 2019, ""valeur"": 3376800000.0, ""debut"": ""2018-09-29"", ""fin"": ""2019-09-27"", ""depot"": ""0000004127-21-000058"", ""source_url"": ""https://www.sec.gov/Archives/edgar/data/4127/000000412721000058/0000004127-21-000058-index.htm"", ""perimetre_id"": ""0000004127:chiffre_affaires:RevenueFromContractWithCustomerExcludingAssessedTax""}]",1.1252271434077936,comparable_sur_reference,
0000004127,Skyworks Solutions,capex,2025,195000000.0,2024-09-28,2025-10-03,0000004127-25-000085,https://www.sec.gov/Archives/edgar/data/4127/000000412725000085/0000004127-25-000085-index.htm,PaymentsToAcquirePropertyPlantAndEquipment,0000004127:capex:PaymentsToAcquirePropertyPlantAndEquipment,2018;2019,2,410350000.0,2017-09-30/2018-09-28;2018-09-29/2019-09-27,False,"[{""annee"": 2018, ""valeur"": 422300000.0, ""debut"": ""2017-09-30"", ""fin"": ""2018-09-28"", ""depot"": ""0000004127-20-000058"", ""source_url"": ""https://www.sec.gov/Archives/edgar/data/4127/000000412720000058/0000004127-20-000058-index.htm"", ""perimetre_id"": ""0000004127:capex:PaymentsToAcquirePropertyPlantAndEquipment""}, {""annee"": 2019, ""valeur"": 398400000.0, ""debut"": ""2018-09-29"", ""fin"": ""2019-09-27"", ""depot"": ""0000004127-21-000058"", ""source_url"": ""https://www.sec.gov/Archives/edgar/data/4127/000000412721000058/0000004127-21-000058-index.htm"", ""perimetre_id"": ""0000004127:capex:PaymentsToAcquirePropertyPlantAndEquipment""}]",0.4752040940660412,comparable_sur_reference,
0000004127,Skyworks Solutions,rd,2025,785500000.0,2024-09-28,2025-10-03,0000004127-25-000085,https://www.sec.gov/Archives/edgar/data/4127/000000412725000085/0000004127-25-000085-index.htm,ResearchAndDevelopmentExpense,0000004127:rd:ResearchAndDevelopmentExpense,2017;2018;2019,3,394600000.0,2016-10-01/2017-09-29;2017-09-30/2018-09-28;2018-09-29/2019-09-27,False,"[{""annee"": 2017, ""valeur"": 355200000.0, ""debut"": ""2016-10-01"", ""fin"": ""2017-09-29"", ""depot"": ""0000004127-19-000049"", ""source_url"": ""https://www.sec.gov/Archives/edgar/data/4127/000000412719000049/0000004127-19-000049-index.htm"", ""perimetre_id"": ""0000004127:rd:ResearchAndDevelopmentExpense""}, {""annee"": 2018, ""valeur"": 404500000.0, ""debut"": ""2017-09-30"", ""fin"": ""2018-09-28"", ""depot"": ""0000004127-20-000058"", ""source_url"": ""https://www.sec.gov/Archives/edgar/data/4127/000000412720000058/0000004127-20-000058-index.htm"", ""perimetre_id"": ""0000004127:rd:ResearchAndDevelopmentExpense""}, {""annee"": 2019, ""valeur"": 424100000.0, ""debut"": ""2018-09-29"", ""fin"": ""2019-09-27"", ""depot"": ""0000004127-21-000058"", ""source_url"": ""https://www.sec.gov/Archives/edgar/data/4127/000000412721000058/0000004127-21-000058-index.htm"", ""perimetre_id"": ""0000004127:rd:ResearchAndDevelopmentExpense""}]",1.9906234161175875,comparable_sur_reference,
0000004281,Howmet Aerospace,chiffre_affaires,2025,8252000000.0,2025-01-01,2025-12-31,0000004281-26-000012,https://www.sec.gov/Archives/edgar/data/4281/000000428126000012/0000004281-26-000012-index.htm,RevenueFromContractWithCustomerExcludingAssessedTax,HWM:activites_poursuivies,2018;2019,2,6938000000.0,2018-01-01/2018-12-31;2019-01-01/2019-12-31,False,"[{""annee"": 2018, ""valeur"": 6778000000.0, ""debut"": ""2018-01-01"", ""fin"": ""2018-12-31"", ""depot"": ""0000004281-21-000049"", ""source_url"": ""https://www.sec.gov/Archives/edgar/data/4281/000000428121000049/0000004281-21-000049-index.htm"", ""perimetre_id"": ""HWM:activites_poursuivies""}, {""annee"": 2019, ""valeur"": 7098000000.0, ""debut"": ""2019-01-01"", ""fin"": ""2019-12-31"", ""depot"": ""0000004281-22-000004"", ""source_url"": ""https://www.sec.gov/Archives/edgar/data/4281/000000428122000004/0000004281-22-000004-index.htm"", ""perimetre_id"": ""HWM:activites_poursuivies""}]",1.1893917555491496,comparable_sur_reference,Périmètre délimité par HWM-RESULTAT
0000004281,Howmet Aerospace,capex,2025,453000000.0,2025-01-01,2025-12-31,0000004281-26-000012,https://www.sec.gov/Archives/edgar/data/4281/000000428126000012/0000004281-26-000012-index.htm,PaymentsToAcquirePropertyPlantAndEquipment,HWM:post_scission_flux,2021;2022,2,196000000.0,2021-01-01/2021-12-31;2022-01-01/2022-12-31,True,"[{""annee"": 2021, ""valeur"": 199000000.0, ""debut"": ""2021-01-01"", ""fin"": ""2021-12-31"", ""depot"": ""0000004281-24-000007"", ""source_url"": ""https://www.sec.gov/Archives/edgar/data/4281/000000428124000007/0000004281-24-000007-index.htm"", ""perimetre_id"": ""HWM:post_scission_flux""}, {""annee"": 2022, ""valeur"": 193000000.0, ""debut"": ""2022-01-01"", ""fin"": ""2022-12-31"", ""depot"": ""0000004281-25-000011"", ""source_url"": ""https://www.sec.gov/Archives/edgar/data/4281/000000428125000011/0000004281-25-000011-index.htm"", ""perimetre_id"": ""HWM:post_scission_flux""}]",2.311224489795918,comparable_sur_repli,Périmètre délimité par HWM-FLUX
0000004281,Howmet Aerospace,rd,2025,37000000.0,2025-01-01,2025-12-31,0000004281-26-000012,https://www.sec.gov/Archives/edgar/data/4281/000000428126000012/0000004281-26-000012-index.htm,ResearchAndDevelopmentExpense,HWM:activites_poursuivies,2018;2019,2,34500000.0,2018-01-01/2018-12-31;2019-01-01/2019-12-31,False,"[{""annee"": 2018, ""valeur"": 41000000.0, ""debut"": ""2018-01-01"", ""fin"": ""2018-12-31"", ""depot"": ""0000004281-21-000049"", ""source_url"": ""https://www.sec.gov/Archives/edgar/data/4281/000000428121000049/0000004281-21-000049-index.htm"", ""perimetre_id"": ""HWM:activites_poursuivies""}, {""annee"": 2019, ""valeur"": 28000000.0, ""debut"": ""2019-01-01"", ""fin"": ""2019-12-31"", ""depot"": ""0000004281-22-000004"", ""source_url"": ""https://www.sec.gov/Archives/edgar/data/4281/000000428122000004/0000004281-22-000004-index.htm"", ""perimetre_id"": ""HWM:activites_poursuivies""}]",1.0724637681159421,comparable_sur_reference,Périmètre délimité par HWM-RESULTAT
0000004904,American Electric Power,chiffre_affaires,2025,21876000000.0,2025-01-01,2025-12-31,0000004904-26-000013,https://www.sec.gov/Archives/edgar/data/4904/000000490426000013/0000004904-26-000013-index.htm,Revenues,0000004904:chiffre_affaires:Revenues,,0,,,False,[],,recent_non_reconcilie,Montants de revenu différents sans rapprochement ; maximum conservé comme candidat ; Changement d'étiquette ; comparaison inter-étiquettes non autorisée sans rapprochement
0000004904,American Electric Power,capex,2025,8453000000.0,2025-01-01,2025-12-31,0000004904-26-000013,https://www.sec.gov/Archives/edgar/data/4904/000000490426000013/0000004904-26-000013-index.htm,PaymentsForConstructionInProcess,0000004904:capex:PaymentsForConstructionInProcess,2017;2018;2019,3,6017866666.666667,2017-01-01/2017-12-31;2018-01-01/2018-12-31;2019-01-01/2019-12-31,False,"[{""annee"": 2017, ""valeur"": 5691300000.0, ""debut"": ""2017-01-01"", ""fin"": ""2017-12-31"", ""depot"": ""0000004904-20-000007"", ""source_url"": ""https://www.sec.gov/Archives/edgar/data/4904/000000490420000007/0000004904-20-000007-index.htm"", ""perimetre_id"": ""0000004904:capex:PaymentsForConstructionInProcess""}, {""annee"": 2018, ""valeur"": 6310900000.0, ""debut"": ""2018-01-01"", ""fin"": ""2018-12-31"", ""depot"": ""0000004904-21-000010"", ""source_url"": ""https://www.sec.gov/Archives/edgar/data/4904/000000490421000010/0000004904-21-000010-index.htm"", ""perimetre_id"": ""0000004904:capex:PaymentsForConstructionInProcess""}, {""annee"": 2019, ""valeur"": 6051400000.0, ""debut"": ""2019-01-01"", ""fin"": ""2019-12-31"", ""depot"": ""0000004904-22-000024"", ""source_url"": ""https://www.sec.gov/Archives/edgar/data/4904/000000490422000024/0000004904-22-000024-index.htm"", ""perimetre_id"": ""0000004904:capex:PaymentsForConstructionInProcess""}]",1.4046505960030131,comparable_sur_reference,Je mesure les dépenses de construction. Le tableau de flux distingue Construction Expenditures (8453 M$ en 2025) d'Acquisitions of Generation Facilities (3453 M$). Je ne les fusionne pas et je n'appelle pas cette série total de toutes les acquisitions.
0000004904,American Electric Power,rd,2025,,,,,,,,,0,,,False,[],,valeur_recente_manquante,Aucune valeur annuelle collectée
0000006281,Analog Devices,chiffre_affaires,2025,11019707000.0,2024-11-03,2025-11-01,0000006281-25-000153,https://www.sec.gov/Archives/edgar/data/6281/000000628125000153/0000006281-25-000153-index.htm,RevenueFromContractWithCustomerExcludingAssessedTax,0000006281:chiffre_affaires:RevenueFromContractWithCustomerExcludingAssessedTax,2019;2020,2,5797060500.0,2018-11-04/2019-11-02;2019-11-03/2020-10-31,True,"[{""annee"": 2019, ""valeur"": 5991065000.0, ""debut"": ""2018-11-04"", ""fin"": ""2019-11-02"", ""depot"": ""0000006281-21-000294"", ""source_url"": ""https://www.sec.gov/Archives/edgar/data/6281/000000628121000294/0000006281-21-000294-index.htm"", ""perimetre_id"": ""0000006281:chiffre_affaires:RevenueFromContractWithCustomerExcludingAssessedTax""}, {""annee"": 2020, ""valeur"": 5603056000.0, ""debut"": ""2019-11-03"", ""fin"": ""2020-10-31"", ""depot"": ""0000006281-22-000250"", ""source_url"": ""https://www.sec.gov/Archives/edgar/data/6281/000000628122000250/0000006281-22-000250-index.htm"", ""perimetre_id"": ""0000006281:chiffre_affaires:RevenueFromContractWithCustomerExcludingAssessedTax""}]",1.9009128850733918,comparable_sur_repli,
0000006281,Analog Devices,capex,2025,533552000.0,2024-11-03,2025-11-01,0000006281-25-000153,https://www.sec.gov/Archives/edgar/data/6281/000000628125000153/0000006281-25-000153-index.htm,PaymentsToAcquirePropertyPlantAndEquipment,0000006281:capex:PaymentsToAcquirePropertyPlantAndEquipment,2017;2018;2019,3,244782000.0,2016-10-30/2017-10-28;2017-10-29/2018-11-03;2018-11-04/2019-11-02,False,"[{""annee"": 2017, ""valeur"": 204098000.0, ""debut"": ""2016-10-30"", ""fin"": ""2017-10-28"", ""depot"": ""0000006281-19-000144"", ""source_url"": ""https://www.sec.gov/Archives/edgar/data/6281/000000628119000144/0000006281-19-000144-index.htm"", ""perimetre_id"": ""0000006281:capex:PaymentsToAcquirePropertyPlantAndEquipment""}, {""annee"": 2018, ""valeur"": 254876000.0, ""debut"": ""2017-10-29"", ""fin"": ""2018-11-03"", ""depot"": ""0000006281-20-000156"", ""source_url"": ""https://www.sec.gov/Archives/edgar/data/6281/000000628120000156/0000006281-20-000156-index.htm"", ""perimetre_id"": ""0000006281:capex:PaymentsToAcquirePropertyPlantAndEquipment""}, {""annee"": 2019, ""valeur"": 275372000.0, ""debut"": ""2018-11-04"", ""fin"": ""2019-11-02"", ""depot"": ""0000006281-21-000294"", ""source_url"": ""https://www.sec.gov/Archives/edgar/data/6281/000000628121000294/0000006281-21-000294-index.htm"", ""perimetre_id"": ""0000006281:capex:PaymentsToAcquirePropertyPlantAndEquipment""}]",2.1797027559215953,comparable_sur_reference,
0000006281,Analog Devices,rd,2025,1766001000.0,2024-11-03,2025-11-01,0000006281-25-000153,https://www.sec.gov/Archives/edgar/data/6281/000000628125000153/0000006281-25-000153-index.htm,ResearchAndDevelopmentExpense,0000006281:rd:ResearchAndDevelopmentExpense,2017;2018;2019,3,1087842666.6666667,2016-10-30/2017-10-28;2017-10-29/2018-11-03;2018-11-04/2019-11-02,False,"[{""annee"": 2017, ""valeur"": 968133000.0, ""debut"": ""2016-10-30"", ""fin"": ""2017-10-28"", ""depot"": ""0000006281-19-000144"", ""source_url"": ""https://www.sec.gov/Archives/edgar/data/6281/000000628119000144/0000006281-19-000144-index.htm"", ""perimetre_id"": ""0000006281:rd:ResearchAndDevelopmentExpense""}, {""annee"": 2018, ""valeur"": 1165047000.0, ""debut"": ""2017-10-29"", ""fin"": ""2018-11-03"", ""depot"": ""0000006281-20-000156"", ""source_url"": ""https://www.sec.gov/Archives/edgar/data/6281/000000628120000156/0000006281-20-000156-index.htm"", ""perimetre_id"": ""0000006281:rd:ResearchAndDevelopmentExpense""}, {""annee"": 2019, ""valeur"": 1130348000.0, ""debut"": ""2018-11-04"", ""fin"": ""2019-11-02"", ""depot"": ""0000006281-21-000294"", ""source_url"": ""https://www.sec.gov/Archives/edgar/data/6281/000000628121000294/0000006281-21-000294-index.htm"", ""perimetre_id"": ""0000006281:rd:ResearchAndDevelopmentExpense""}]",1.623397439825857,comparable_sur_reference,
0000006951,Applied Materials,chiffre_affaires,2025,28368000000.0,2024-10-28,2025-10-26,0001628280-25-056742,https://www.sec.gov/Archives/edgar/data/6951/000162828025056742/0001628280-25-056742-index.htm,RevenueFromContractWithCustomerExcludingAssessedTax,0000006951:chiffre_affaires:RevenueFromContractWithCustomerExcludingAssessedTax,2018;2019,2,15656500000.0,2017-10-30/2018-10-28;2018-10-29/2019-10-27,False,"[{""annee"": 2018, ""valeur"": 16705000000.0, ""debut"": ""2017-10-30"", ""fin"": ""2018-10-28"", ""depot"": ""0000006951-20-000048"", ""source_url"": ""https://www.sec.gov/Archives/edgar/data/6951/000000695120000048/0000006951-20-000048-index.htm"", ""perimetre_id"": ""0000006951:chiffre_affaires:RevenueFromContractWithCustomerExcludingAssessedTax""}, {""annee"": 2019, ""valeur"": 14608000000.0, ""debut"": ""2018-10-29"", ""fin"": ""2019-10-27"", ""depot"": ""0000006951-21-000043"", ""source_url"": ""https://www.sec.gov/Archives/edgar/data/6951/000000695121000043/0000006951-21-000043-index.htm"", ""perimetre_id"": ""0000006951:chiffre_affaires:RevenueFromContractWithCustomerExcludingAssessedTax""}]",1.8118992111902406,comparable_sur_reference,
0000006951,Applied Materials,capex,2025,2260000000.0,2024-10-28,2025-10-26,0001628280-25-056742,https://www.sec.gov/Archives/edgar/data/6951/000162828025056742/0001628280-25-056742-index.htm,PaymentsToAcquirePropertyPlantAndEquipment,0000006951:capex:PaymentsToAcquirePropertyPlantAndEquipment,2017;2018;2019,3,469333333.3333333,2016-10-31/2017-10-29;2017-10-30/2018-10-28;2018-10-29/2019-10-27,False,"[{""annee"": 2017, ""valeur"": 345000000.0, ""debut"": ""2016-10-31"", ""fin"": ""2017-10-29"", ""depot"": ""0000006951-19-000046"", ""source_url"": ""https://www.sec.gov/Archives/edgar/data/6951/000000695119000046/0000006951-19-000046-index.htm"", ""perimetre_id"": ""0000006951:capex:PaymentsToAcquirePropertyPlantAndEquipment""}, {""annee"": 2018, ""valeur"": 622000000.0, ""debut"": ""2017-10-30"", ""fin"": ""2018-10-28"", ""depot"": ""0000006951-20-000048"", ""source_url"": ""https://www.sec.gov/Archives/edgar/data/6951/000000695120000048/0000006951-20-000048-index.htm"", ""perimetre_id"": ""0000006951:capex:PaymentsToAcquirePropertyPlantAndEquipment""}, {""annee"": 2019, ""valeur"": 441000000.0, ""debut"": ""2018-10-29"", ""fin"": ""2019-10-27"", ""depot"": ""0000006951-21-000043"", ""source_url"": ""https://www.sec.gov/Archives/edgar/data/6951/000000695121000043/0000006951-21-000043-index.htm"", ""perimetre_id"": ""0000006951:capex:PaymentsToAcquirePropertyPlantAndEquipment""}]",4.815340909090909,comparable_sur_reference,
0000006951,Applied Materials,rd,2025,3570000000.0,2024-10-28,2025-10-26,0001628280-25-056742,https://www.sec.gov/Archives/edgar/data/6951/000162828025056742/0001628280-25-056742-index.htm,ResearchAndDevelopmentExpense,0000006951:rd:ResearchAndDevelopmentExpense,2017;2018;2019,3,1952333333.3333333,2016-10-31/2017-10-29;2017-10-30/2018-10-28;2018-10-29/2019-10-27,False,"[{""annee"": 2017, ""valeur"": 1781000000.0, ""debut"": ""2016-10-31"", ""fin"": ""2017-10-29"", ""depot"": ""0000006951-19-000046"", ""source_url"": ""https://www.sec.gov/Archives/edgar/data/6951/000000695119000046/0000006951-19-000046-index.htm"", ""perimetre_id"": ""0000006951:rd:ResearchAndDevelopmentExpense""}, {""annee"": 2018, ""valeur"": 2022000000.0, ""debut"": ""2017-10-30"", ""fin"": ""2018-10-28"", ""depot"": ""0000006951-20-000048"", ""source_url"": ""https://www.sec.gov/Archives/edgar/data/6951/000000695120000048/0000006951-20-000048-index.htm"", ""perimetre_id"": ""0000006951:rd:ResearchAndDevelopmentExpense""}, {""annee"": 2019, ""valeur"": 2054000000.0, ""debut"": ""2018-10-29"", ""fin"": ""2019-10-27"", ""depot"": ""0000006951-21-000043"", ""source_url"": ""https://www.sec.gov/Archives/edgar/data/6951/000000695121000043/0000006951-21-000043-index.htm"", ""perimetre_id"": ""0000006951:rd:ResearchAndDevelopmentExpense""}]",1.828581184906949,comparable_sur_reference,
0000018230,Caterpillar Inc.,chiffre_affaires,2025,67589000000.0,2025-01-01,2025-12-31,0000018230-26-000008,https://www.sec.gov/Archives/edgar/data/18230/000001823026000008/0000018230-26-000008-index.htm,Revenues,0000018230:chiffre_affaires:Revenues,2018;2019,2,54261000000.0,2018-01-01/2018-12-31;2019-01-01/2019-12-31,False,"[{""annee"": 2018, ""valeur"": 54722000000.0, ""debut"": ""2018-01-01"", ""fin"": ""2018-12-31"", ""depot"": ""0000018230-21-000063"", ""source_url"": ""https://www.sec.gov/Archives/edgar/data/18230/000001823021000063/0000018230-21-000063-index.htm"", ""perimetre_id"": ""0000018230:chiffre_affaires:Revenues""}, {""annee"": 2019, ""valeur"": 53800000000.0, ""debut"": ""2019-01-01"", ""fin"": ""2019-12-31"", ""depot"": ""0000018230-22-000050"", ""source_url"": ""https://www.sec.gov/Archives/edgar/data/18230/000001823022000050/0000018230-22-000050-index.htm"", ""perimetre_id"": ""0000018230:chiffre_affaires:Revenues""}]",1.2456276146772083,comparable_sur_reference,
0000018230,Caterpillar Inc.,capex,2025,2821000000.0,2025-01-01,2025-12-31,0000018230-26-000008,https://www.sec.gov/Archives/edgar/data/18230/000001823026000008/0000018230-26-000008-index.htm,PaymentsToAcquirePropertyPlantAndEquipment,0000018230:capex:PaymentsToAcquirePropertyPlantAndEquipment,2018;2019,2,1166000000.0,2018-01-01/2018-12-31;2019-01-01/2019-12-31,False,"[{""annee"": 2018, ""valeur"": 1276000000.0, ""debut"": ""2018-01-01"", ""fin"": ""2018-12-31"", ""depot"": ""0000018230-21-000063"", ""source_url"": ""https://www.sec.gov/Archives/edgar/data/18230/000001823021000063/0000018230-21-000063-index.htm"", ""perimetre_id"": ""0000018230:capex:PaymentsToAcquirePropertyPlantAndEquipment""}, {""annee"": 2019, ""valeur"": 1056000000.0, ""debut"": ""2019-01-01"", ""fin"": ""2019-12-31"", ""depot"": ""0000018230-22-000050"", ""source_url"": ""https://www.sec.gov/Archives/edgar/data/18230/000001823022000050/0000018230-22-000050-index.htm"", ""perimetre_id"": ""0000018230:capex:PaymentsToAcquirePropertyPlantAndEquipment""}]",2.4193825042881647,comparable_sur_reference,
0000018230,Caterpillar Inc.,rd,2025,2148000000.0,2025-01-01,2025-12-31,0000018230-26-000008,https://www.sec.gov/Archives/edgar/data/18230/000001823026000008/0000018230-26-000008-index.htm,ResearchAndDevelopmentExpense,0000018230:rd:ResearchAndDevelopmentExpense,2017;2018;2019,3,1795000000.0,2017-01-01/2017-12-31;2018-01-01/2018-12-31;2019-01-01/2019-12-31,False,"[{""annee"": 2017, ""valeur"": 1842000000.0, ""debut"": ""2017-01-01"", ""fin"": ""2017-12-31"", ""depot"": ""0000018230-20-000056"", ""source_url"": ""https://www.sec.gov/Archives/edgar/data/18230/000001823020000056/0000018230-20-000056-index.htm"", ""perimetre_id"": ""0000018230:rd:ResearchAndDevelopmentExpense""}, {""annee"": 2018, ""valeur"": 1850000000.0, ""debut"": ""2018-01-01"", ""fin"": ""2018-12-31"", ""depot"": ""0000018230-21-000063"", ""source_url"": ""https://www.sec.gov/Archives/edgar/data/18230/000001823021000063/0000018230-21-000063-index.htm"", ""perimetre_id"": ""0000018230:rd:ResearchAndDevelopmentExpense""}, {""annee"": 2019, ""valeur"": 1693000000.0, ""debut"": ""2019-01-01"", ""fin"": ""2019-12-31"", ""depot"": ""0000018230-22-000050"", ""source_url"": ""https://www.sec.gov/Archives/edgar/data/18230/000001823022000050/0000018230-22-000050-index.htm"", ""perimetre_id"": ""0000018230:rd:ResearchAndDevelopmentExpense""}]",1.196657381615599,comparable_sur_reference,
0000024741,Corning Inc.,chiffre_affaires,2025,15629000000.0,2025-01-01,2025-12-31,0000024741-26-000124,https://www.sec.gov/Archives/edgar/data/24741/000002474126000124/0000024741-26-000124-index.htm,Revenues,0000024741:chiffre_affaires:Revenues,2017;2018;2019,3,10969666666.666666,2017-01-01/2017-12-31;2018-01-01/2018-12-31;2019-01-01/2019-12-31,False,"[{""annee"": 2017, ""valeur"": 10116000000.0, ""debut"": ""2017-01-01"", ""fin"": ""2017-12-31"", ""depot"": ""0000024741-20-000014"", ""source_url"": ""https://www.sec.gov/Archives/edgar/data/24741/000002474120000014/0000024741-20-000014-index.htm"", ""perimetre_id"": ""0000024741:chiffre_affaires:Revenues""}, {""annee"": 2018, ""valeur"": 11290000000.0, ""debut"": ""2018-01-01"", ""fin"": ""2018-12-31"", ""depot"": ""0001562762-21-000023"", ""source_url"": ""https://www.sec.gov/Archives/edgar/data/24741/000156276221000023/0001562762-21-000023-index.htm"", ""perimetre_id"": ""0000024741:chiffre_affaires:Revenues""}, {""annee"": 2019, ""valeur"": 11503000000.0, ""debut"": ""2019-01-01"", ""fin"": ""2019-12-31"", ""depot"": ""0001437749-22-003247"", ""source_url"": ""https://www.sec.gov/Archives/edgar/data/24741/000143774922003247/0001437749-22-003247-index.htm"", ""perimetre_id"": ""0000024741:chiffre_affaires:Revenues""}]",1.4247470296879274,comparable_sur_reference,
0000024741,Corning Inc.,capex,2025,1282000000.0,2025-01-01,2025-12-31,0000024741-26-000124,https://www.sec.gov/Archives/edgar/data/24741/000002474126000124/0000024741-26-000124-index.htm,PaymentsForCapitalImprovements,0000024741:capex:PaymentsForCapitalImprovements,2020;2021,2,1507000000.0,2020-01-01/2020-12-31;2021-01-01/2021-12-31,True,"[{""annee"": 2020, ""valeur"": 1377000000.0, ""debut"": ""2020-01-01"", ""fin"": ""2020-12-31"", ""depot"": ""0001437749-23-003123"", ""source_url"": ""https://www.sec.gov/Archives/edgar/data/24741/000143774923003123/0001437749-23-003123-index.htm"", ""perimetre_id"": ""0000024741:capex:PaymentsForCapitalImprovements""}, {""annee"": 2021, ""valeur"": 1637000000.0, ""debut"": ""2021-01-01"", ""fin"": ""2021-12-31"", ""depot"": ""0001437749-24-003735"", ""source_url"": ""https://www.sec.gov/Archives/edgar/data/24741/000143774924003735/0001437749-24-003735-index.htm"", ""perimetre_id"": ""0000024741:capex:PaymentsForCapitalImprovements""}]",0.8506967485069675,comparable_sur_repli,
0000024741,Corning Inc.,rd,2025,800000000.0,2025-01-01,2025-12-31,0000024741-26-000124,https://www.sec.gov/Archives/edgar/data/24741/000002474126000124/0000024741-26-000124-index.htm,ResearchAndDevelopmentExpense,0000024741:rd:ResearchAndDevelopmentExpense,2017;2018;2019,3,765333333.3333334,2017-01-01/2017-12-31;2018-01-01/2018-12-31;2019-01-01/2019-12-31,False,"[{""annee"": 2017, ""valeur"": 689000000.0, ""debut"": ""2017-01-01"", ""fin"": ""2017-12-31"", ""depot"": ""0000024741-20-000014"", ""source_url"": ""https://www.sec.gov/Archives/edgar/data/24741/000002474120000014/0000024741-20-000014-index.htm"", ""perimetre_id"": ""0000024741:rd:ResearchAndDevelopmentExpense""}, {""annee"": 2018, ""valeur"": 807000000.0, ""debut"": ""2018-01-01"", ""fin"": ""2018-12-31"", ""depot"": ""0001562762-21-000023"", ""source_url"": ""https://www.sec.gov/Archives/edgar/data/24741/000156276221000023/0001562762-21-000023-index.htm"", ""perimetre_id"": ""0000024741:rd:ResearchAndDevelopmentExpense""}, {""annee"": 2019, ""valeur"": 800000000.0, ""debut"": ""2019-01-01"", ""fin"": ""2019-12-31"", ""depot"": ""0001437749-22-003247"", ""source_url"": ""https://www.sec.gov/Archives/edgar/data/24741/000143774922003247/0001437749-22-003247-index.htm"", ""perimetre_id"": ""0000024741:rd:ResearchAndDevelopmentExpense""}]",1.0452961672473866,comparable_sur_reference,
0000026172,Cummins,chiffre_affaires,2025,33670000000.0,2025-01-01,2025-12-31,0000026172-26-000009,https://www.sec.gov/Archives/edgar/data/26172/000002617226000009/0000026172-26-000009-index.htm,Revenues,0000026172:chiffre_affaires:Revenues,2017;2018;2019,3,22590000000.0,2017-01-01/2017-12-31;2018-01-01/2018-12-31;2019-01-01/2019-12-31,False,"[{""annee"": 2017, ""valeur"": 20428000000.0, ""debut"": ""2017-01-01"", ""fin"": ""2017-12-31"", ""depot"": ""0000026172-20-000009"", ""source_url"": ""https://www.sec.gov/Archives/edgar/data/26172/000002617220000009/0000026172-20-000009-index.htm"", ""perimetre_id"": ""0000026172:chiffre_affaires:Revenues""}, {""annee"": 2018, ""valeur"": 23771000000.0, ""debut"": ""2018-01-01"", ""fin"": ""2018-12-31"", ""depot"": ""0000026172-21-000012"", ""source_url"": ""https://www.sec.gov/Archives/edgar/data/26172/000002617221000012/0000026172-21-000012-index.htm"", ""perimetre_id"": ""0000026172:chiffre_affaires:Revenues""}, {""annee"": 2019, ""valeur"": 23571000000.0, ""debut"": ""2019-01-01"", ""fin"": ""2019-12-31"", ""depot"": ""0000026172-22-000008"", ""source_url"": ""https://www.sec.gov/Archives/edgar/data/26172/000002617222000008/0000026172-22-000008-index.htm"", ""perimetre_id"": ""0000026172:chiffre_affaires:Revenues""}]",1.490482514386897,comparable_sur_reference,
0000026172,Cummins,capex,2025,1235000000.0,2025-01-01,2025-12-31,0000026172-26-000009,https://www.sec.gov/Archives/edgar/data/26172/000002617226000009/0000026172-26-000009-index.htm,PaymentsToAcquirePropertyPlantAndEquipment,0000026172:capex:PaymentsToAcquirePropertyPlantAndEquipment,2017;2018;2019,3,638333333.3333334,2017-01-01/2017-12-31;2018-01-01/2018-12-31;2019-01-01/2019-12-31,False,"[{""annee"": 2017, ""valeur"": 506000000.0, ""debut"": ""2017-01-01"", ""fin"": ""2017-12-31"", ""depot"": ""0000026172-20-000009"", ""source_url"": ""https://www.sec.gov/Archives/edgar/data/26172/000002617220000009/0000026172-20-000009-index.htm"", ""perimetre_id"": ""0000026172:capex:PaymentsToAcquirePropertyPlantAndEquipment""}, {""annee"": 2018, ""valeur"": 709000000.0, ""debut"": ""2018-01-01"", ""fin"": ""2018-12-31"", ""depot"": ""0000026172-21-000012"", ""source_url"": ""https://www.sec.gov/Archives/edgar/data/26172/000002617221000012/0000026172-21-000012-index.htm"", ""perimetre_id"": ""0000026172:capex:PaymentsToAcquirePropertyPlantAndEquipment""}, {""annee"": 2019, ""valeur"": 700000000.0, ""debut"": ""2019-01-01"", ""fin"": ""2019-12-31"", ""depot"": ""0000026172-22-000008"", ""source_url"": ""https://www.sec.gov/Archives/edgar/data/26172/000002617222000008/0000026172-22-000008-index.htm"", ""perimetre_id"": ""0000026172:capex:PaymentsToAcquirePropertyPlantAndEquipment""}]",1.9347258485639685,comparable_sur_reference,
0000026172,Cummins,rd,2025,1396000000.0,2025-01-01,2025-12-31,0000026172-26-000009,https://www.sec.gov/Archives/edgar/data/26172/000002617226000009/0000026172-26-000009-index.htm,ResearchAndDevelopmentExpense,0000026172:rd:ResearchAndDevelopmentExpense,2017;2018;2019,3,885666666.6666666,2017-01-01/2017-12-31;2018-01-01/2018-12-31;2019-01-01/2019-12-31,False,"[{""annee"": 2017, ""valeur"": 754000000.0, ""debut"": ""2017-01-01"", ""fin"": ""2017-12-31"", ""depot"": ""0000026172-20-000009"", ""source_url"": ""https://www.sec.gov/Archives/edgar/data/26172/000002617220000009/0000026172-20-000009-index.htm"", ""perimetre_id"": ""0000026172:rd:ResearchAndDevelopmentExpense""}, {""annee"": 2018, ""valeur"": 902000000.0, ""debut"": ""2018-01-01"", ""fin"": ""2018-12-31"", ""depot"": ""0000026172-21-000012"", ""source_url"": ""https://www.sec.gov/Archives/edgar/data/26172/000002617221000012/0000026172-21-000012-index.htm"", ""perimetre_id"": ""0000026172:rd:ResearchAndDevelopmentExpense""}, {""annee"": 2019, ""valeur"": 1001000000.0, ""debut"": ""2019-01-01"", ""fin"": ""2019-12-31"", ""depot"": ""0000026172-22-000008"", ""source_url"": ""https://www.sec.gov/Archives/edgar/data/26172/000002617222000008/0000026172-22-000008-index.htm"", ""perimetre_id"": ""0000026172:rd:ResearchAndDevelopmentExpense""}]",1.5762137749341363,comparable_sur_reference,
0000029905,Dover Corporation,chiffre_affaires,2025,8092571000.0,2025-01-01,2025-12-31,0000029905-26-000009,https://www.sec.gov/Archives/edgar/data/29905/000002990526000009/0000029905-26-000009-index.htm,RevenueFromContractWithCustomerExcludingAssessedTax,0000029905:chiffre_affaires:RevenueFromContractWithCustomerExcludingAssessedTax,2018;2019,2,7064257500.0,2018-01-01/2018-12-31;2019-01-01/2019-12-31,False,"[{""annee"": 2018, ""valeur"": 6992118000.0, ""debut"": ""2018-01-01"", ""fin"": ""2018-12-31"", ""depot"": ""0000029905-21-000010"", ""source_url"": ""https://www.sec.gov/Archives/edgar/data/29905/000002990521000010/0000029905-21-000010-index.htm"", ""perimetre_id"": ""0000029905:chiffre_affaires:RevenueFromContractWithCustomerExcludingAssessedTax""}, {""annee"": 2019, ""valeur"": 7136397000.0, ""debut"": ""2019-01-01"", ""fin"": ""2019-12-31"", ""depot"": ""0000029905-22-000009"", ""source_url"": ""https://www.sec.gov/Archives/edgar/data/29905/000002990522000009/0000029905-22-000009-index.htm"", ""perimetre_id"": ""0000029905:chiffre_affaires:RevenueFromContractWithCustomerExcludingAssessedTax""}]",1.1455656875474882,comparable_sur_reference,
0000029905,Dover Corporation,capex,2025,220263000.0,2025-01-01,2025-12-31,0000029905-26-000009,https://www.sec.gov/Archives/edgar/data/29905/000002990526000009/0000029905-26-000009-index.htm,PaymentsToAcquirePropertyPlantAndEquipment,0000029905:capex:PaymentsToAcquirePropertyPlantAndEquipment,2017;2018;2019,3,175955333.33333334,2017-01-01/2017-12-31;2018-01-01/2018-12-31;2019-01-01/2019-12-31,False,"[{""annee"": 2017, ""valeur"": 170068000.0, ""debut"": ""2017-01-01"", ""fin"": ""2017-12-31"", ""depot"": ""0000029905-20-000011"", ""source_url"": ""https://www.sec.gov/Archives/edgar/data/29905/000002990520000011/0000029905-20-000011-index.htm"", ""perimetre_id"": ""0000029905:capex:PaymentsToAcquirePropertyPlantAndEquipment""}, {""annee"": 2018, ""valeur"": 170994000.0, ""debut"": ""2018-01-01"", ""fin"": ""2018-12-31"", ""depot"": ""0000029905-21-000010"", ""source_url"": ""https://www.sec.gov/Archives/edgar/data/29905/000002990521000010/0000029905-21-000010-index.htm"", ""perimetre_id"": ""0000029905:capex:PaymentsToAcquirePropertyPlantAndEquipment""}, {""annee"": 2019, ""valeur"": 186804000.0, ""debut"": ""2019-01-01"", ""fin"": ""2019-12-31"", ""depot"": ""0000029905-22-000009"", ""source_url"": ""https://www.sec.gov/Archives/edgar/data/29905/000002990522000009/0000029905-22-000009-index.htm"", ""perimetre_id"": ""0000029905:capex:PaymentsToAcquirePropertyPlantAndEquipment""}]",1.2518120128972126,comparable_sur_reference,
0000029905,Dover Corporation,rd,2025,165342000.0,2025-01-01,2025-12-31,0000029905-26-000009,https://www.sec.gov/Archives/edgar/data/29905/000002990526000009/0000029905-26-000009-index.htm,ResearchAndDevelopmentExpense,0000029905:rd:ResearchAndDevelopmentExpense,2017;2018;2019,3,138175333.33333334,2017-01-01/2017-12-31;2018-01-01/2018-12-31;2019-01-01/2019-12-31,False,"[{""annee"": 2017, ""valeur"": 130536000.0, ""debut"": ""2017-01-01"", ""fin"": ""2017-12-31"", ""depot"": ""0000029905-20-000011"", ""source_url"": ""https://www.sec.gov/Archives/edgar/data/29905/000002990520000011/0000029905-20-000011-index.htm"", ""perimetre_id"": ""0000029905:rd:ResearchAndDevelopmentExpense""}, {""annee"": 2018, ""valeur"": 143033000.0, ""debut"": ""2018-01-01"", ""fin"": ""2018-12-31"", ""depot"": ""0000029905-21-000010"", ""source_url"": ""https://www.sec.gov/Archives/edgar/data/29905/000002990521000010/0000029905-21-000010-index.htm"", ""perimetre_id"": ""0000029905:rd:ResearchAndDevelopmentExpense""}, {""annee"": 2019, ""valeur"": 140957000.0, ""debut"": ""2019-01-01"", ""fin"": ""2019-12-31"", ""depot"": ""0000029905-22-000009"", ""source_url"": ""https://www.sec.gov/Archives/edgar/data/29905/000002990522000009/0000029905-22-000009-index.htm"", ""perimetre_id"": ""0000029905:rd:ResearchAndDevelopmentExpense""}]",1.1966101040706734,comparable_sur_reference,
0000031462,Ecolab,chiffre_affaires,2025,16081200000.0,2025-01-01,2025-12-31,0001104659-26-018357,https://www.sec.gov/Archives/edgar/data/31462/000110465926018357/0001104659-26-018357-index.htm,RevenueFromContractWithCustomerExcludingAssessedTax,0000031462:chiffre_affaires:RevenueFromContractWithCustomerExcludingAssessedTax,2018;2019,2,12392050000.0,2018-01-01/2018-12-31;2019-01-01/2019-12-31,False,"[{""annee"": 2018, ""valeur"": 12222100000.0, ""debut"": ""2018-01-01"", ""fin"": ""2018-12-31"", ""depot"": ""0001558370-21-001916"", ""source_url"": ""https://www.sec.gov/Archives/edgar/data/31462/000155837021001916/0001558370-21-001916-index.htm"", ""perimetre_id"": ""0000031462:chiffre_affaires:RevenueFromContractWithCustomerExcludingAssessedTax""}, {""annee"": 2019, ""valeur"": 12562000000.0, ""debut"": ""2019-01-01"", ""fin"": ""2019-12-31"", ""depot"": ""0001558370-22-002059"", ""source_url"": ""https://www.sec.gov/Archives/edgar/data/31462/000155837022002059/0001558370-22-002059-index.htm"", ""perimetre_id"": ""0000031462:chiffre_affaires:RevenueFromContractWithCustomerExcludingAssessedTax""}]",1.2977029627866252,comparable_sur_reference,
0000031462,Ecolab,capex,2025,1048300000.0,2025-01-01,2025-12-31,0001104659-26-018357,https://www.sec.gov/Archives/edgar/data/31462/000110465926018357/0001104659-26-018357-index.htm,PaymentsToAcquirePropertyPlantAndEquipment,0000031462:capex:PaymentsToAcquirePropertyPlantAndEquipment,2017;2018;2019,3,792866666.6666666,2017-01-01/2017-12-31;2018-01-01/2018-12-31;2019-01-01/2019-12-31,False,"[{""annee"": 2017, ""valeur"": 868600000.0, ""debut"": ""2017-01-01"", ""fin"": ""2017-12-31"", ""depot"": ""0001558370-20-001788"", ""source_url"": ""https://www.sec.gov/Archives/edgar/data/31462/000155837020001788/0001558370-20-001788-index.htm"", ""perimetre_id"": ""0000031462:capex:PaymentsToAcquirePropertyPlantAndEquipment""}, {""annee"": 2018, ""valeur"": 778700000.0, ""debut"": ""2018-01-01"", ""fin"": ""2018-12-31"", ""depot"": ""0001558370-21-001916"", ""source_url"": ""https://www.sec.gov/Archives/edgar/data/31462/000155837021001916/0001558370-21-001916-index.htm"", ""perimetre_id"": ""0000031462:capex:PaymentsToAcquirePropertyPlantAndEquipment""}, {""annee"": 2019, ""valeur"": 731300000.0, ""debut"": ""2019-01-01"", ""fin"": ""2019-12-31"", ""depot"": ""0001558370-22-002059"", ""source_url"": ""https://www.sec.gov/Archives/edgar/data/31462/000155837022002059/0001558370-22-002059-index.htm"", ""perimetre_id"": ""0000031462:capex:PaymentsToAcquirePropertyPlantAndEquipment""}]",1.322164298326747,comparable_sur_reference,
0000031462,Ecolab,rd,2025,202000000.0,2025-01-01,2025-12-31,0001104659-26-018357,https://www.sec.gov/Archives/edgar/data/31462/000110465926018357/0001104659-26-018357-index.htm,ResearchAndDevelopmentExpense,0000031462:rd:ResearchAndDevelopmentExpense,2017;2018;2019,3,194666666.66666666,2017-01-01/2017-12-31;2018-01-01/2018-12-31;2019-01-01/2019-12-31,False,"[{""annee"": 2017, ""valeur"": 201000000.0, ""debut"": ""2017-01-01"", ""fin"": ""2017-12-31"", ""depot"": ""0001558370-20-001788"", ""source_url"": ""https://www.sec.gov/Archives/edgar/data/31462/000155837020001788/0001558370-20-001788-index.htm"", ""perimetre_id"": ""0000031462:rd:ResearchAndDevelopmentExpense""}, {""annee"": 2018, ""valeur"": 193000000.0, ""debut"": ""2018-01-01"", ""fin"": ""2018-12-31"", ""depot"": ""0001558370-21-001916"", ""source_url"": ""https://www.sec.gov/Archives/edgar/data/31462/000155837021001916/0001558370-21-001916-index.htm"", ""perimetre_id"": ""0000031462:rd:ResearchAndDevelopmentExpense""}, {""annee"": 2019, ""valeur"": 190000000.0, ""debut"": ""2019-01-01"", ""fin"": ""2019-12-31"", ""depot"": ""0001558370-22-002059"", ""source_url"": ""https://www.sec.gov/Archives/edgar/data/31462/000155837022002059/0001558370-22-002059-index.htm"", ""perimetre_id"": ""0000031462:rd:ResearchAndDevelopmentExpense""}]",1.0376712328767124,comparable_sur_reference,
0000040533,General Dynamics,chiffre_affaires,2025,52550000000.0,2025-01-01,2025-12-31,0000040533-26-000006,https://www.sec.gov/Archives/edgar/data/40533/000004053326000006/0000040533-26-000006-index.htm,RevenueFromContractWithCustomerExcludingAssessedTax,0000040533:chiffre_affaires:RevenueFromContractWithCustomerExcludingAssessedTax,2018;2019,2,37771500000.0,2018-01-01/2018-12-31;2019-01-01/2019-12-31,False,"[{""annee"": 2018, ""valeur"": 36193000000.0, ""debut"": ""2018-01-01"", ""fin"": ""2018-12-31"", ""depot"": ""0000040533-21-000010"", ""source_url"": ""https://www.sec.gov/Archives/edgar/data/40533/000004053321000010/0000040533-21-000010-index.htm"", ""perimetre_id"": ""0000040533:chiffre_affaires:RevenueFromContractWithCustomerExcludingAssessedTax""}, {""annee"": 2019, ""valeur"": 39350000000.0, ""debut"": ""2019-01-01"", ""fin"": ""2019-12-31"", ""depot"": ""0000040533-22-000007"", ""source_url"": ""https://www.sec.gov/Archives/edgar/data/40533/000004053322000007/0000040533-22-000007-index.htm"", ""perimetre_id"": ""0000040533:chiffre_affaires:RevenueFromContractWithCustomerExcludingAssessedTax""}]",1.3912606065419695,comparable_sur_reference,
0000040533,General Dynamics,capex,2025,1161000000.0,2025-01-01,2025-12-31,0000040533-26-000006,https://www.sec.gov/Archives/edgar/data/40533/000004053326000006/0000040533-26-000006-index.htm,PaymentsToAcquirePropertyPlantAndEquipment,0000040533:capex:PaymentsToAcquirePropertyPlantAndEquipment,2017;2018;2019,3,701666666.6666666,2017-01-01/2017-12-31;2018-01-01/2018-12-31;2019-01-01/2019-12-31,False,"[{""annee"": 2017, ""valeur"": 428000000.0, ""debut"": ""2017-01-01"", ""fin"": ""2017-12-31"", ""depot"": ""0000040533-20-000015"", ""source_url"": ""https://www.sec.gov/Archives/edgar/data/40533/000004053320000015/0000040533-20-000015-index.htm"", ""perimetre_id"": ""0000040533:capex:PaymentsToAcquirePropertyPlantAndEquipment""}, {""annee"": 2018, ""valeur"": 690000000.0, ""debut"": ""2018-01-01"", ""fin"": ""2018-12-31"", ""depot"": ""0000040533-21-000010"", ""source_url"": ""https://www.sec.gov/Archives/edgar/data/40533/000004053321000010/0000040533-21-000010-index.htm"", ""perimetre_id"": ""0000040533:capex:PaymentsToAcquirePropertyPlantAndEquipment""}, {""annee"": 2019, ""valeur"": 987000000.0, ""debut"": ""2019-01-01"", ""fin"": ""2019-12-31"", ""depot"": ""0000040533-22-000007"", ""source_url"": ""https://www.sec.gov/Archives/edgar/data/40533/000004053322000007/0000040533-22-000007-index.htm"", ""perimetre_id"": ""0000040533:capex:PaymentsToAcquirePropertyPlantAndEquipment""}]",1.6546318289786224,comparable_sur_reference,
0000040533,General Dynamics,rd,2025,,,,,,,,,0,,,False,[],,valeur_recente_manquante,Aucune valeur annuelle collectée
0000045012,Halliburton,chiffre_affaires,2025,22184000000.0,2025-01-01,2025-12-31,0000045012-26-000015,https://www.sec.gov/Archives/edgar/data/45012/000004501226000015/0000045012-26-000015-index.htm,RevenueFromContractWithCustomerIncludingAssessedTax,0000045012:chiffre_affaires:RevenueFromContractWithCustomerIncludingAssessedTax,,0,,,False,[],,recent_non_reconcilie,Revenu incluant taxes : total net non réconcilié
0000045012,Halliburton,capex,2025,1254000000.0,2025-01-01,2025-12-31,0000045012-26-000015,https://www.sec.gov/Archives/edgar/data/45012/000004501226000015/0000045012-26-000015-index.htm,PaymentsToAcquireProductiveAssets,0000045012:capex:PaymentsToAcquireProductiveAssets,2017;2018;2019,3,1643000000.0,2017-01-01/2017-12-31;2018-01-01/2018-12-31;2019-01-01/2019-12-31,False,"[{""annee"": 2017, ""valeur"": 1373000000.0, ""debut"": ""2017-01-01"", ""fin"": ""2017-12-31"", ""depot"": ""0000045012-20-000031"", ""source_url"": ""https://www.sec.gov/Archives/edgar/data/45012/000004501220000031/0000045012-20-000031-index.htm"", ""perimetre_id"": ""0000045012:capex:PaymentsToAcquireProductiveAssets""}, {""annee"": 2018, ""valeur"": 2026000000.0, ""debut"": ""2018-01-01"", ""fin"": ""2018-12-31"", ""depot"": ""0000045012-21-000009"", ""source_url"": ""https://www.sec.gov/Archives/edgar/data/45012/000004501221000009/0000045012-21-000009-index.htm"", ""perimetre_id"": ""0000045012:capex:PaymentsToAcquireProductiveAssets""}, {""annee"": 2019, ""valeur"": 1530000000.0, ""debut"": ""2019-01-01"", ""fin"": ""2019-12-31"", ""depot"": ""0000045012-22-000013"", ""source_url"": ""https://www.sec.gov/Archives/edgar/data/45012/000004501222000013/0000045012-22-000013-index.htm"", ""perimetre_id"": ""0000045012:capex:PaymentsToAcquireProductiveAssets""}]",0.7632379793061473,comparable_sur_reference,
0000045012,Halliburton,rd,2025,411000000.0,2025-01-01,2025-12-31,0000045012-26-000015,https://www.sec.gov/Archives/edgar/data/45012/000004501226000015/0000045012-26-000015-index.htm,ResearchAndDevelopmentExpense,0000045012:rd:ResearchAndDevelopmentExpense,2017;2018;2019,3,384666666.6666667,2017-01-01/2017-12-31;2018-01-01/2018-12-31;2019-01-01/2019-12-31,False,"[{""annee"": 2017, ""valeur"": 360000000.0, ""debut"": ""2017-01-01"", ""fin"": ""2017-12-31"", ""depot"": ""0000045012-20-000031"", ""source_url"": ""https://www.sec.gov/Archives/edgar/data/45012/000004501220000031/0000045012-20-000031-index.htm"", ""perimetre_id"": ""0000045012:rd:ResearchAndDevelopmentExpense""}, {""annee"": 2018, ""valeur"": 390000000.0, ""debut"": ""2018-01-01"", ""fin"": ""2018-12-31"", ""depot"": ""0000045012-21-000009"", ""source_url"": ""https://www.sec.gov/Archives/edgar/data/45012/000004501221000009/0000045012-21-000009-index.htm"", ""perimetre_id"": ""0000045012:rd:ResearchAndDevelopmentExpense""}, {""annee"": 2019, ""valeur"": 404000000.0, ""debut"": ""2019-01-01"", ""fin"": ""2019-12-31"", ""depot"": ""0000045012-22-000013"", ""source_url"": ""https://www.sec.gov/Archives/edgar/data/45012/000004501222000013/0000045012-22-000013-index.htm"", ""perimetre_id"": ""0000045012:rd:ResearchAndDevelopmentExpense""}]",1.0684575389948006,comparable_sur_reference,
0000048898,Hubbell Incorporated,chiffre_affaires,2025,5844600000.0,2025-01-01,2025-12-31,0001628280-26-007500,https://www.sec.gov/Archives/edgar/data/48898/000162828026007500/0001628280-26-007500-index.htm,RevenueFromContractWithCustomerExcludingAssessedTax,0000048898:chiffre_affaires:RevenueFromContractWithCustomerExcludingAssessedTax,2017;2018;2019,3,4032366666.6666665,2017-01-01/2017-12-31;2018-01-01/2018-12-31;2019-01-01/2019-12-31,False,"[{""annee"": 2017, ""valeur"": 3668800000.0, ""debut"": ""2017-01-01"", ""fin"": ""2017-12-31"", ""depot"": ""0001628280-20-001557"", ""source_url"": ""https://www.sec.gov/Archives/edgar/data/48898/000162828020001557/0001628280-20-001557-index.htm"", ""perimetre_id"": ""0000048898:chiffre_affaires:RevenueFromContractWithCustomerExcludingAssessedTax""}, {""annee"": 2018, ""valeur"": 4481700000.0, ""debut"": ""2018-01-01"", ""fin"": ""2018-12-31"", ""depot"": ""0001628280-21-001868"", ""source_url"": ""https://www.sec.gov/Archives/edgar/data/48898/000162828021001868/0001628280-21-001868-index.htm"", ""perimetre_id"": ""0000048898:chiffre_affaires:RevenueFromContractWithCustomerExcludingAssessedTax""}, {""annee"": 2019, ""valeur"": 3946600000.0, ""debut"": ""2019-01-01"", ""fin"": ""2019-12-31"", ""depot"": ""0001628280-22-002255"", ""source_url"": ""https://www.sec.gov/Archives/edgar/data/48898/000162828022002255/0001628280-22-002255-index.htm"", ""perimetre_id"": ""0000048898:chiffre_affaires:RevenueFromContractWithCustomerExcludingAssessedTax""}]",1.449421762240537,comparable_sur_reference,
0000048898,Hubbell Incorporated,capex,2025,155100000.0,2025-01-01,2025-12-31,0001628280-26-007500,https://www.sec.gov/Archives/edgar/data/48898/000162828026007500/0001628280-26-007500-index.htm,PaymentsToAcquireProductiveAssets,0000048898:capex:PaymentsToAcquireProductiveAssets,2017;2018;2019,3,87533333.33333333,2017-01-01/2017-12-31;2018-01-01/2018-12-31;2019-01-01/2019-12-31,False,"[{""annee"": 2017, ""valeur"": 79700000.0, ""debut"": ""2017-01-01"", ""fin"": ""2017-12-31"", ""depot"": ""0001628280-20-001557"", ""source_url"": ""https://www.sec.gov/Archives/edgar/data/48898/000162828020001557/0001628280-20-001557-index.htm"", ""perimetre_id"": ""0000048898:capex:PaymentsToAcquireProductiveAssets""}, {""annee"": 2018, ""valeur"": 96200000.0, ""debut"": ""2018-01-01"", ""fin"": ""2018-12-31"", ""depot"": ""0001628280-21-001868"", ""source_url"": ""https://www.sec.gov/Archives/edgar/data/48898/000162828021001868/0001628280-21-001868-index.htm"", ""perimetre_id"": ""0000048898:capex:PaymentsToAcquireProductiveAssets""}, {""annee"": 2019, ""valeur"": 86700000.0, ""debut"": ""2019-01-01"", ""fin"": ""2019-12-31"", ""depot"": ""0001628280-22-002255"", ""source_url"": ""https://www.sec.gov/Archives/edgar/data/48898/000162828022002255/0001628280-22-002255-index.htm"", ""perimetre_id"": ""0000048898:capex:PaymentsToAcquireProductiveAssets""}]",1.771896420411272,comparable_sur_reference,
0000048898,Hubbell Incorporated,rd,2025,,,,,,,,,0,,,False,[],,valeur_recente_manquante,Aucune valeur annuelle collectée
0000050863,Intel,chiffre_affaires,2025,52853000000.0,2024-12-29,2025-12-27,0000050863-26-000011,https://www.sec.gov/Archives/edgar/data/50863/000005086326000011/0000050863-26-000011-index.htm,RevenueFromContractWithCustomerExcludingAssessedTax,0000050863:chiffre_affaires:RevenueFromContractWithCustomerExcludingAssessedTax,2017;2018;2019,3,68524666666.666664,2017-01-01/2017-12-30;2017-12-31/2018-12-29;2018-12-30/2019-12-28,False,"[{""annee"": 2017, ""valeur"": 62761000000.0, ""debut"": ""2017-01-01"", ""fin"": ""2017-12-30"", ""depot"": ""0000050863-20-000011"", ""source_url"": ""https://www.sec.gov/Archives/edgar/data/50863/000005086320000011/0000050863-20-000011-index.htm"", ""perimetre_id"": ""0000050863:chiffre_affaires:RevenueFromContractWithCustomerExcludingAssessedTax""}, {""annee"": 2018, ""valeur"": 70848000000.0, ""debut"": ""2017-12-31"", ""fin"": ""2018-12-29"", ""depot"": ""0000050863-21-000010"", ""source_url"": ""https://www.sec.gov/Archives/edgar/data/50863/000005086321000010/0000050863-21-000010-index.htm"", ""perimetre_id"": ""0000050863:chiffre_affaires:RevenueFromContractWithCustomerExcludingAssessedTax""}, {""annee"": 2019, ""valeur"": 71965000000.0, ""debut"": ""2018-12-30"", ""fin"": ""2019-12-28"", ""depot"": ""0000050863-22-000007"", ""source_url"": ""https://www.sec.gov/Archives/edgar/data/50863/000005086322000007/0000050863-22-000007-index.htm"", ""perimetre_id"": ""0000050863:chiffre_affaires:RevenueFromContractWithCustomerExcludingAssessedTax""}]",0.7712988996663003,comparable_sur_reference,
0000050863,Intel,capex,2025,14646000000.0,2024-12-29,2025-12-27,0000050863-26-000011,https://www.sec.gov/Archives/edgar/data/50863/000005086326000011/0000050863-26-000011-index.htm,PaymentsToAcquirePropertyPlantAndEquipment,0000050863:capex:PaymentsToAcquirePropertyPlantAndEquipment,2017;2018;2019,3,14390666666.666666,2017-01-01/2017-12-30;2017-12-31/2018-12-29;2018-12-30/2019-12-28,False,"[{""annee"": 2017, ""valeur"": 11778000000.0, ""debut"": ""2017-01-01"", ""fin"": ""2017-12-30"", ""depot"": ""0000050863-20-000011"", ""source_url"": ""https://www.sec.gov/Archives/edgar/data/50863/000005086320000011/0000050863-20-000011-index.htm"", ""perimetre_id"": ""0000050863:capex:PaymentsToAcquirePropertyPlantAndEquipment""}, {""annee"": 2018, ""valeur"": 15181000000.0, ""debut"": ""2017-12-31"", ""fin"": ""2018-12-29"", ""depot"": ""0000050863-21-000010"", ""source_url"": ""https://www.sec.gov/Archives/edgar/data/50863/000005086321000010/0000050863-21-000010-index.htm"", ""perimetre_id"": ""0000050863:capex:PaymentsToAcquirePropertyPlantAndEquipment""}, {""annee"": 2019, ""valeur"": 16213000000.0, ""debut"": ""2018-12-30"", ""fin"": ""2019-12-28"", ""depot"": ""0000050863-22-000007"", ""source_url"": ""https://www.sec.gov/Archives/edgar/data/50863/000005086322000007/0000050863-22-000007-index.htm"", ""perimetre_id"": ""0000050863:capex:PaymentsToAcquirePropertyPlantAndEquipment""}]",1.0177429815621237,comparable_sur_reference,
0000050863,Intel,rd,2025,13774000000.0,2024-12-29,2025-12-27,0000050863-26-000011,https://www.sec.gov/Archives/edgar/data/50863/000005086326000011/0000050863-26-000011-index.htm,ResearchAndDevelopmentExpense,0000050863:rd:ResearchAndDevelopmentExpense,2017;2018;2019,3,13313333333.333334,2017-01-01/2017-12-30;2017-12-31/2018-12-29;2018-12-30/2019-12-28,False,"[{""annee"": 2017, ""valeur"": 13035000000.0, ""debut"": ""2017-01-01"", ""fin"": ""2017-12-30"", ""depot"": ""0000050863-20-000011"", ""source_url"": ""https://www.sec.gov/Archives/edgar/data/50863/000005086320000011/0000050863-20-000011-index.htm"", ""perimetre_id"": ""0000050863:rd:ResearchAndDevelopmentExpense""}, {""annee"": 2018, ""valeur"": 13543000000.0, ""debut"": ""2017-12-31"", ""fin"": ""2018-12-29"", ""depot"": ""0000050863-21-000010"", ""source_url"": ""https://www.sec.gov/Archives/edgar/data/50863/000005086321000010/0000050863-21-000010-index.htm"", ""perimetre_id"": ""0000050863:rd:ResearchAndDevelopmentExpense""}, {""annee"": 2019, ""valeur"": 13362000000.0, ""debut"": ""2018-12-30"", ""fin"": ""2019-12-28"", ""depot"": ""0000050863-22-000007"", ""source_url"": ""https://www.sec.gov/Archives/edgar/data/50863/000005086322000007/0000050863-22-000007-index.htm"", ""perimetre_id"": ""0000050863:rd:ResearchAndDevelopmentExpense""}]",1.0346019028542814,comparable_sur_reference,
0000051143,IBM,chiffre_affaires,2025,67535000000.0,2025-01-01,2025-12-31,0000051143-26-000010,https://www.sec.gov/Archives/edgar/data/51143/000005114326000010/0000051143-26-000010-index.htm,Revenues,0000051143:chiffre_affaires:Revenues,2018;2019,2,68652500000.0,2018-01-01/2018-12-31;2019-01-01/2019-12-31,False,"[{""annee"": 2018, ""valeur"": 79591000000.0, ""debut"": ""2018-01-01"", ""fin"": ""2018-12-31"", ""depot"": ""0001558370-21-001489"", ""source_url"": ""https://www.sec.gov/Archives/edgar/data/51143/000155837021001489/0001558370-21-001489-index.htm"", ""perimetre_id"": ""0000051143:chiffre_affaires:Revenues""}, {""annee"": 2019, ""valeur"": 57714000000.0, ""debut"": ""2019-01-01"", ""fin"": ""2019-12-31"", ""depot"": ""0001558370-22-001584"", ""source_url"": ""https://www.sec.gov/Archives/edgar/data/51143/000155837022001584/0001558370-22-001584-index.htm"", ""perimetre_id"": ""0000051143:chiffre_affaires:Revenues""}]",0.9837223699064127,comparable_sur_reference,
0000051143,IBM,capex,2025,1091000000.0,2025-01-01,2025-12-31,0000051143-26-000010,https://www.sec.gov/Archives/edgar/data/51143/000005114326000010/0000051143-26-000010-index.htm,PaymentsToAcquirePropertyPlantAndEquipment,0000051143:capex:PaymentsToAcquirePropertyPlantAndEquipment,2017;2018;2019,3,2970000000.0,2017-01-01/2017-12-31;2018-01-01/2018-12-31;2019-01-01/2019-12-31,False,"[{""annee"": 2017, ""valeur"": 3229000000.0, ""debut"": ""2017-01-01"", ""fin"": ""2017-12-31"", ""depot"": ""0001558370-20-001334"", ""source_url"": ""https://www.sec.gov/Archives/edgar/data/51143/000155837020001334/0001558370-20-001334-index.htm"", ""perimetre_id"": ""0000051143:capex:PaymentsToAcquirePropertyPlantAndEquipment""}, {""annee"": 2018, ""valeur"": 3395000000.0, ""debut"": ""2018-01-01"", ""fin"": ""2018-12-31"", ""depot"": ""0001558370-21-001489"", ""source_url"": ""https://www.sec.gov/Archives/edgar/data/51143/000155837021001489/0001558370-21-001489-index.htm"", ""perimetre_id"": ""0000051143:capex:PaymentsToAcquirePropertyPlantAndEquipment""}, {""annee"": 2019, ""valeur"": 2286000000.0, ""debut"": ""2019-01-01"", ""fin"": ""2019-12-31"", ""depot"": ""0001558370-22-001584"", ""source_url"": ""https://www.sec.gov/Archives/edgar/data/51143/000155837022001584/0001558370-22-001584-index.htm"", ""perimetre_id"": ""0000051143:capex:PaymentsToAcquirePropertyPlantAndEquipment""}]",0.36734006734006736,comparable_sur_reference,
0000051143,IBM,rd,2025,8316000000.0,2025-01-01,2025-12-31,0000051143-26-000010,https://www.sec.gov/Archives/edgar/data/51143/000005114326000010/0000051143-26-000010-index.htm,ResearchAndDevelopmentExpense,0000051143:rd:ResearchAndDevelopmentExpense,2017;2018;2019,3,5626333333.333333,2017-01-01/2017-12-31;2018-01-01/2018-12-31;2019-01-01/2019-12-31,False,"[{""annee"": 2017, ""valeur"": 5590000000.0, ""debut"": ""2017-01-01"", ""fin"": ""2017-12-31"", ""depot"": ""0001558370-20-001334"", ""source_url"": ""https://www.sec.gov/Archives/edgar/data/51143/000155837020001334/0001558370-20-001334-index.htm"", ""perimetre_id"": ""0000051143:rd:ResearchAndDevelopmentExpense""}, {""annee"": 2018, ""valeur"": 5379000000.0, ""debut"": ""2018-01-01"", ""fin"": ""2018-12-31"", ""depot"": ""0001558370-21-001489"", ""source_url"": ""https://www.sec.gov/Archives/edgar/data/51143/000155837021001489/0001558370-21-001489-index.htm"", ""perimetre_id"": ""0000051143:rd:ResearchAndDevelopmentExpense""}, {""annee"": 2019, ""valeur"": 5910000000.0, ""debut"": ""2019-01-01"", ""fin"": ""2019-12-31"", ""depot"": ""0001558370-22-001584"", ""source_url"": ""https://www.sec.gov/Archives/edgar/data/51143/000155837022001584/0001558370-22-001584-index.htm"", ""perimetre_id"": ""0000051143:rd:ResearchAndDevelopmentExpense""}]",1.4780496474909652,comparable_sur_reference,
0000065984,Entergy,chiffre_affaires,2025,12946686000.0,2025-01-01,2025-12-31,0000065984-26-000174,https://www.sec.gov/Archives/edgar/data/65984/000006598426000174/0000065984-26-000174-index.htm,Revenues,0000065984:chiffre_affaires:Revenues,2024,1,,2024-01-01/2024-12-31,True,"[{""annee"": 2024, ""valeur"": 11879653000.0, ""debut"": ""2024-01-01"", ""fin"": ""2024-12-31"", ""depot"": ""0000065984-26-000174"", ""source_url"": ""https://www.sec.gov/Archives/edgar/data/65984/000006598426000174/0000065984-26-000174-index.htm"", ""perimetre_id"": ""0000065984:chiffre_affaires:Revenues""}]",,historique_comparable_insuffisant,
0000065984,Entergy,capex,2025,7684922000.0,2025-01-01,2025-12-31,0000065984-26-000174,https://www.sec.gov/Archives/edgar/data/65984/000006598426000174/0000065984-26-000174-index.htm,PaymentsToAcquirePropertyPlantAndEquipment,0000065984:capex:PaymentsToAcquirePropertyPlantAndEquipment,2024,1,,2024-01-01/2024-12-31,True,"[{""annee"": 2024, ""valeur"": 4838339000.0, ""debut"": ""2024-01-01"", ""fin"": ""2024-12-31"", ""depot"": ""0000065984-26-000174"", ""source_url"": ""https://www.sec.gov/Archives/edgar/data/65984/000006598426000174/0000065984-26-000174-index.htm"", ""perimetre_id"": ""0000065984:capex:PaymentsToAcquirePropertyPlantAndEquipment""}]",,historique_comparable_insuffisant,
0000065984,Entergy,rd,2025,,,,,,,,,0,,,False,[],,valeur_recente_manquante,Aucune valeur annuelle collectée
0000066740,3M,chiffre_affaires,2025,24948000000.0,2025-01-01,2025-12-31,0000066740-26-000014,https://www.sec.gov/Archives/edgar/data/66740/000006674026000014/0000066740-26-000014-index.htm,RevenueFromContractWithCustomerExcludingAssessedTax,0000066740:chiffre_affaires:RevenueFromContractWithCustomerExcludingAssessedTax,2017;2018;2019,3,32186000000.0,2017-01-01/2017-12-31;2018-01-01/2018-12-31;2019-01-01/2019-12-31,False,"[{""annee"": 2017, ""valeur"": 31657000000.0, ""debut"": ""2017-01-01"", ""fin"": ""2017-12-31"", ""depot"": ""0001558370-19-000470"", ""source_url"": ""https://www.sec.gov/Archives/edgar/data/66740/000155837019000470/0001558370-19-000470-index.htm"", ""perimetre_id"": ""0000066740:chiffre_affaires:RevenueFromContractWithCustomerExcludingAssessedTax""}, {""annee"": 2018, ""valeur"": 32765000000.0, ""debut"": ""2018-01-01"", ""fin"": ""2018-12-31"", ""depot"": ""0001558370-21-000737"", ""source_url"": ""https://www.sec.gov/Archives/edgar/data/66740/000155837021000737/0001558370-21-000737-index.htm"", ""perimetre_id"": ""0000066740:chiffre_affaires:RevenueFromContractWithCustomerExcludingAssessedTax""}, {""annee"": 2019, ""valeur"": 32136000000.0, ""debut"": ""2019-01-01"", ""fin"": ""2019-12-31"", ""depot"": ""0000066740-22-000010"", ""source_url"": ""https://www.sec.gov/Archives/edgar/data/66740/000006674022000010/0000066740-22-000010-index.htm"", ""perimetre_id"": ""0000066740:chiffre_affaires:RevenueFromContractWithCustomerExcludingAssessedTax""}]",0.7751196172248804,comparable_sur_reference,
0000066740,3M,capex,2025,910000000.0,2025-01-01,2025-12-31,0000066740-26-000014,https://www.sec.gov/Archives/edgar/data/66740/000006674026000014/0000066740-26-000014-index.htm,PaymentsToAcquirePropertyPlantAndEquipment,0000066740:capex:PaymentsToAcquirePropertyPlantAndEquipment,2017;2018;2019,3,1549666666.6666667,2017-01-01/2017-12-31;2018-01-01/2018-12-31;2019-01-01/2019-12-31,False,"[{""annee"": 2017, ""valeur"": 1373000000.0, ""debut"": ""2017-01-01"", ""fin"": ""2017-12-31"", ""depot"": ""0001558370-20-000581"", ""source_url"": ""https://www.sec.gov/Archives/edgar/data/66740/000155837020000581/0001558370-20-000581-index.htm"", ""perimetre_id"": ""0000066740:capex:PaymentsToAcquirePropertyPlantAndEquipment""}, {""annee"": 2018, ""valeur"": 1577000000.0, ""debut"": ""2018-01-01"", ""fin"": ""2018-12-31"", ""depot"": ""0001558370-21-000737"", ""source_url"": ""https://www.sec.gov/Archives/edgar/data/66740/000155837021000737/0001558370-21-000737-index.htm"", ""perimetre_id"": ""0000066740:capex:PaymentsToAcquirePropertyPlantAndEquipment""}, {""annee"": 2019, ""valeur"": 1699000000.0, ""debut"": ""2019-01-01"", ""fin"": ""2019-12-31"", ""depot"": ""0000066740-22-000010"", ""source_url"": ""https://www.sec.gov/Archives/edgar/data/66740/000006674022000010/0000066740-22-000010-index.htm"", ""perimetre_id"": ""0000066740:capex:PaymentsToAcquirePropertyPlantAndEquipment""}]",0.5872230587223058,comparable_sur_reference,
0000066740,3M,rd,2025,,,,,,,,,0,,,False,[],,valeur_recente_manquante,Aucune valeur annuelle collectée
0000072903,Xcel Energy,chiffre_affaires,2025,14669000000.0,2025-01-01,2025-12-31,0000072903-26-000009,https://www.sec.gov/Archives/edgar/data/72903/000007290326000009/0000072903-26-000009-index.htm,RegulatedAndUnregulatedOperatingRevenue,0000072903:chiffre_affaires:RegulatedAndUnregulatedOperatingRevenue,2017;2018;2019,3,11490000000.0,2017-01-01/2017-12-31;2018-01-01/2018-12-31;2019-01-01/2019-12-31,False,"[{""annee"": 2017, ""valeur"": 11404000000.0, ""debut"": ""2017-01-01"", ""fin"": ""2017-12-31"", ""depot"": ""0000072903-20-000011"", ""source_url"": ""https://www.sec.gov/Archives/edgar/data/72903/000007290320000011/0000072903-20-000011-index.htm"", ""perimetre_id"": ""0000072903:chiffre_affaires:RegulatedAndUnregulatedOperatingRevenue""}, {""annee"": 2018, ""valeur"": 11537000000.0, ""debut"": ""2018-01-01"", ""fin"": ""2018-12-31"", ""depot"": ""0000072903-21-000012"", ""source_url"": ""https://www.sec.gov/Archives/edgar/data/72903/000007290321000012/0000072903-21-000012-index.htm"", ""perimetre_id"": ""0000072903:chiffre_affaires:RegulatedAndUnregulatedOperatingRevenue""}, {""annee"": 2019, ""valeur"": 11529000000.0, ""debut"": ""2019-01-01"", ""fin"": ""2019-12-31"", ""depot"": ""0000072903-22-000010"", ""source_url"": ""https://www.sec.gov/Archives/edgar/data/72903/000007290322000010/0000072903-22-000010-index.htm"", ""perimetre_id"": ""0000072903:chiffre_affaires:RegulatedAndUnregulatedOperatingRevenue""}]",1.276675369886858,comparable_sur_reference,
0000072903,Xcel Energy,capex,2025,10908000000.0,2025-01-01,2025-12-31,0000072903-26-000009,https://www.sec.gov/Archives/edgar/data/72903/000007290326000009/0000072903-26-000009-index.htm,PaymentsToAcquireProductiveAssets,0000072903:capex:PaymentsToAcquireProductiveAssets,2017;2018;2019,3,3808666666.6666665,2017-01-01/2017-12-31;2018-01-01/2018-12-31;2019-01-01/2019-12-31,False,"[{""annee"": 2017, ""valeur"": 3244000000.0, ""debut"": ""2017-01-01"", ""fin"": ""2017-12-31"", ""depot"": ""0000072903-20-000011"", ""source_url"": ""https://www.sec.gov/Archives/edgar/data/72903/000007290320000011/0000072903-20-000011-index.htm"", ""perimetre_id"": ""0000072903:capex:PaymentsToAcquireProductiveAssets""}, {""annee"": 2018, ""valeur"": 3957000000.0, ""debut"": ""2018-01-01"", ""fin"": ""2018-12-31"", ""depot"": ""0000072903-21-000012"", ""source_url"": ""https://www.sec.gov/Archives/edgar/data/72903/000007290321000012/0000072903-21-000012-index.htm"", ""perimetre_id"": ""0000072903:capex:PaymentsToAcquireProductiveAssets""}, {""annee"": 2019, ""valeur"": 4225000000.0, ""debut"": ""2019-01-01"", ""fin"": ""2019-12-31"", ""depot"": ""0000072903-22-000010"", ""source_url"": ""https://www.sec.gov/Archives/edgar/data/72903/000007290322000010/0000072903-22-000010-index.htm"", ""perimetre_id"": ""0000072903:capex:PaymentsToAcquireProductiveAssets""}]",2.8639943987397167,comparable_sur_reference,
0000072903,Xcel Energy,rd,2025,,,,,,,,,0,,,False,[],,valeur_recente_manquante,Aucune valeur annuelle collectée
0000073309,Nucor,chiffre_affaires,2025,32494000000.0,2025-01-01,2025-12-31,0001193125-26-071575,https://www.sec.gov/Archives/edgar/data/73309/000119312526071575/0001193125-26-071575-index.htm,RevenueFromContractWithCustomerExcludingAssessedTax,0000073309:chiffre_affaires:RevenueFromContractWithCustomerExcludingAssessedTax,2017;2018;2019,3,22636176666.666668,2017-01-01/2017-12-31;2018-01-01/2018-12-31;2019-01-01/2019-12-31,False,"[{""annee"": 2017, ""valeur"": 20252393000.0, ""debut"": ""2017-01-01"", ""fin"": ""2017-12-31"", ""depot"": ""0001564590-20-007794"", ""source_url"": ""https://www.sec.gov/Archives/edgar/data/73309/000156459020007794/0001564590-20-007794-index.htm"", ""perimetre_id"": ""0000073309:chiffre_affaires:RevenueFromContractWithCustomerExcludingAssessedTax""}, {""annee"": 2018, ""valeur"": 25067279000.0, ""debut"": ""2018-01-01"", ""fin"": ""2018-12-31"", ""depot"": ""0001564590-21-009503"", ""source_url"": ""https://www.sec.gov/Archives/edgar/data/73309/000156459021009503/0001564590-21-009503-index.htm"", ""perimetre_id"": ""0000073309:chiffre_affaires:RevenueFromContractWithCustomerExcludingAssessedTax""}, {""annee"": 2019, ""valeur"": 22588858000.0, ""debut"": ""2019-01-01"", ""fin"": ""2019-12-31"", ""depot"": ""0001564590-22-007679"", ""source_url"": ""https://www.sec.gov/Archives/edgar/data/73309/000156459022007679/0001564590-22-007679-index.htm"", ""perimetre_id"": ""0000073309:chiffre_affaires:RevenueFromContractWithCustomerExcludingAssessedTax""}]",1.4354897683693049,comparable_sur_reference,
0000073309,Nucor,capex,2025,3422000000.0,2025-01-01,2025-12-31,0001193125-26-071575,https://www.sec.gov/Archives/edgar/data/73309/000119312526071575/0001193125-26-071575-index.htm,PaymentsToAcquirePropertyPlantAndEquipment,0000073309:capex:PaymentsToAcquirePropertyPlantAndEquipment,2017;2018;2019,3,969459666.6666666,2017-01-01/2017-12-31;2018-01-01/2018-12-31;2019-01-01/2019-12-31,False,"[{""annee"": 2017, ""valeur"": 448555000.0, ""debut"": ""2017-01-01"", ""fin"": ""2017-12-31"", ""depot"": ""0001564590-20-007794"", ""source_url"": ""https://www.sec.gov/Archives/edgar/data/73309/000156459020007794/0001564590-20-007794-index.htm"", ""perimetre_id"": ""0000073309:capex:PaymentsToAcquirePropertyPlantAndEquipment""}, {""annee"": 2018, ""valeur"": 982531000.0, ""debut"": ""2018-01-01"", ""fin"": ""2018-12-31"", ""depot"": ""0001564590-21-009503"", ""source_url"": ""https://www.sec.gov/Archives/edgar/data/73309/000156459021009503/0001564590-21-009503-index.htm"", ""perimetre_id"": ""0000073309:capex:PaymentsToAcquirePropertyPlantAndEquipment""}, {""annee"": 2019, ""valeur"": 1477293000.0, ""debut"": ""2019-01-01"", ""fin"": ""2019-12-31"", ""depot"": ""0001564590-22-007679"", ""source_url"": ""https://www.sec.gov/Archives/edgar/data/73309/000156459022007679/0001564590-22-007679-index.htm"", ""perimetre_id"": ""0000073309:capex:PaymentsToAcquirePropertyPlantAndEquipment""}]",3.52980130856398,comparable_sur_reference,
0000073309,Nucor,rd,2025,,,,,,,,,0,,,False,[],,valeur_recente_manquante,Aucune valeur annuelle collectée
0000087347,Schlumberger,chiffre_affaires,2025,35708000000.0,2025-01-01,2025-12-31,0001193125-26-021017,https://www.sec.gov/Archives/edgar/data/87347/000119312526021017/0001193125-26-021017-index.htm,RevenueFromContractWithCustomerExcludingAssessedTax,0000087347:chiffre_affaires:RevenueFromContractWithCustomerExcludingAssessedTax,2018;2019,2,32866000000.0,2018-01-01/2018-12-31;2019-01-01/2019-12-31,False,"[{""annee"": 2018, ""valeur"": 32815000000.0, ""debut"": ""2018-01-01"", ""fin"": ""2018-12-31"", ""depot"": ""0001564590-21-002477"", ""source_url"": ""https://www.sec.gov/Archives/edgar/data/87347/000156459021002477/0001564590-21-002477-index.htm"", ""perimetre_id"": ""0000087347:chiffre_affaires:RevenueFromContractWithCustomerExcludingAssessedTax""}, {""annee"": 2019, ""valeur"": 32917000000.0, ""debut"": ""2019-01-01"", ""fin"": ""2019-12-31"", ""depot"": ""0001564590-22-002421"", ""source_url"": ""https://www.sec.gov/Archives/edgar/data/87347/000156459022002421/0001564590-22-002421-index.htm"", ""perimetre_id"": ""0000087347:chiffre_affaires:RevenueFromContractWithCustomerExcludingAssessedTax""}]",1.0864723422381792,comparable_sur_reference,
0000087347,Schlumberger,capex,2025,1694000000.0,2025-01-01,2025-12-31,0001193125-26-021017,https://www.sec.gov/Archives/edgar/data/87347/000119312526021017/0001193125-26-021017-index.htm,PaymentsToAcquirePropertyPlantAndEquipment,0000087347:capex:PaymentsToAcquirePropertyPlantAndEquipment,2017;2018;2019,3,1997000000.0,2017-01-01/2017-12-31;2018-01-01/2018-12-31;2019-01-01/2019-12-31,False,"[{""annee"": 2017, ""valeur"": 2107000000.0, ""debut"": ""2017-01-01"", ""fin"": ""2017-12-31"", ""depot"": ""0001564590-20-001578"", ""source_url"": ""https://www.sec.gov/Archives/edgar/data/87347/000156459020001578/0001564590-20-001578-index.htm"", ""perimetre_id"": ""0000087347:capex:PaymentsToAcquirePropertyPlantAndEquipment""}, {""annee"": 2018, ""valeur"": 2160000000.0, ""debut"": ""2018-01-01"", ""fin"": ""2018-12-31"", ""depot"": ""0001564590-21-002477"", ""source_url"": ""https://www.sec.gov/Archives/edgar/data/87347/000156459021002477/0001564590-21-002477-index.htm"", ""perimetre_id"": ""0000087347:capex:PaymentsToAcquirePropertyPlantAndEquipment""}, {""annee"": 2019, ""valeur"": 1724000000.0, ""debut"": ""2019-01-01"", ""fin"": ""2019-12-31"", ""depot"": ""0001564590-22-002421"", ""source_url"": ""https://www.sec.gov/Archives/edgar/data/87347/000156459022002421/0001564590-22-002421-index.htm"", ""perimetre_id"": ""0000087347:capex:PaymentsToAcquirePropertyPlantAndEquipment""}]",0.8482724086129194,comparable_sur_reference,
0000087347,Schlumberger,rd,2025,709000000.0,2025-01-01,2025-12-31,0001193125-26-021017,https://www.sec.gov/Archives/edgar/data/87347/000119312526021017/0001193125-26-021017-index.htm,ResearchAndDevelopmentExpense,0000087347:rd:ResearchAndDevelopmentExpense,2017;2018;2019,3,735333333.3333334,2017-01-01/2017-12-31;2018-01-01/2018-12-31;2019-01-01/2019-12-31,False,"[{""annee"": 2017, ""valeur"": 787000000.0, ""debut"": ""2017-01-01"", ""fin"": ""2017-12-31"", ""depot"": ""0001564590-20-001578"", ""source_url"": ""https://www.sec.gov/Archives/edgar/data/87347/000156459020001578/0001564590-20-001578-index.htm"", ""perimetre_id"": ""0000087347:rd:ResearchAndDevelopmentExpense""}, {""annee"": 2018, ""valeur"": 702000000.0, ""debut"": ""2018-01-01"", ""fin"": ""2018-12-31"", ""depot"": ""0001564590-21-002477"", ""source_url"": ""https://www.sec.gov/Archives/edgar/data/87347/000156459021002477/0001564590-21-002477-index.htm"", ""perimetre_id"": ""0000087347:rd:ResearchAndDevelopmentExpense""}, {""annee"": 2019, ""valeur"": 717000000.0, ""debut"": ""2019-01-01"", ""fin"": ""2019-12-31"", ""depot"": ""0001564590-22-002421"", ""source_url"": ""https://www.sec.gov/Archives/edgar/data/87347/000156459022002421/0001564590-22-002421-index.htm"", ""perimetre_id"": ""0000087347:rd:ResearchAndDevelopmentExpense""}]",0.9641885766092475,comparable_sur_reference,
0000092122,Southern Company,chiffre_affaires,2025,29553000000.0,2025-01-01,2025-12-31,0000092122-26-000006,https://www.sec.gov/Archives/edgar/data/92122/000009212226000006/0000092122-26-000006-index.htm,Revenues,0000092122:chiffre_affaires:Revenues,2017;2018;2019,3,22648333333.333332,2017-01-01/2017-12-31;2018-01-01/2018-12-31;2019-01-01/2019-12-31,False,"[{""annee"": 2017, ""valeur"": 23031000000.0, ""debut"": ""2017-01-01"", ""fin"": ""2017-12-31"", ""depot"": ""0000092122-18-000012"", ""source_url"": ""https://www.sec.gov/Archives/edgar/data/92122/000009212218000012/0000092122-18-000012-index.htm"", ""perimetre_id"": ""0000092122:chiffre_affaires:Revenues""}, {""annee"": 2018, ""valeur"": 23495000000.0, ""debut"": ""2018-01-01"", ""fin"": ""2018-12-31"", ""depot"": ""0000092122-21-000006"", ""source_url"": ""https://www.sec.gov/Archives/edgar/data/92122/000009212221000006/0000092122-21-000006-index.htm"", ""perimetre_id"": ""0000092122:chiffre_affaires:Revenues""}, {""annee"": 2019, ""valeur"": 21419000000.0, ""debut"": ""2019-01-01"", ""fin"": ""2019-12-31"", ""depot"": ""0000092122-22-000003"", ""source_url"": ""https://www.sec.gov/Archives/edgar/data/92122/000009212222000003/0000092122-22-000003-index.htm"", ""perimetre_id"": ""0000092122:chiffre_affaires:Revenues""}]",1.3048642284200458,comparable_sur_reference,
0000092122,Southern Company,capex,2025,12737000000.0,2025-01-01,2025-12-31,0000092122-26-000006,https://www.sec.gov/Archives/edgar/data/92122/000009212226000006/0000092122-26-000006-index.htm,PaymentsToAcquirePropertyPlantAndEquipment,0000092122:capex:PaymentsToAcquirePropertyPlantAndEquipment,2020;2021,2,7554000000.0,2020-01-01/2020-12-31;2021-01-01/2021-12-31,True,"[{""annee"": 2020, ""valeur"": 7522000000.0, ""debut"": ""2020-01-01"", ""fin"": ""2020-12-31"", ""depot"": ""0000092122-23-000012"", ""source_url"": ""https://www.sec.gov/Archives/edgar/data/92122/000009212223000012/0000092122-23-000012-index.htm"", ""perimetre_id"": ""0000092122:capex:PaymentsToAcquirePropertyPlantAndEquipment""}, {""annee"": 2021, ""valeur"": 7586000000.0, ""debut"": ""2021-01-01"", ""fin"": ""2021-12-31"", ""depot"": ""0000092122-24-000009"", ""source_url"": ""https://www.sec.gov/Archives/edgar/data/92122/000009212224000009/0000092122-24-000009-index.htm"", ""perimetre_id"": ""0000092122:capex:PaymentsToAcquirePropertyPlantAndEquipment""}]",1.6861265554673022,comparable_sur_repli,
0000092122,Southern Company,rd,2025,,,,,,,,,0,,,False,[],,valeur_recente_manquante,Aucune valeur annuelle collectée
0000093410,Chevron Corporation,chiffre_affaires,2025,189031000000.0,2025-01-01,2025-12-31,0000093410-26-000078,https://www.sec.gov/Archives/edgar/data/93410/000009341026000078/0000093410-26-000078-index.htm,Revenues,0000093410:chiffre_affaires:Revenues,,0,,,False,[],,recent_non_reconcilie,Montants de revenu différents sans rapprochement ; maximum conservé comme candidat
0000093410,Chevron Corporation,capex,2025,17347000000.0,2025-01-01,2025-12-31,0000093410-26-000078,https://www.sec.gov/Archives/edgar/data/93410/000009341026000078/0000093410-26-000078-index.htm,PaymentsToAcquireProductiveAssets,0000093410:capex:PaymentsToAcquireProductiveAssets,2017;2018;2019,3,13770666666.666666,2017-01-01/2017-12-31;2018-01-01/2018-12-31;2019-01-01/2019-12-31,False,"[{""annee"": 2017, ""valeur"": 13404000000.0, ""debut"": ""2017-01-01"", ""fin"": ""2017-12-31"", ""depot"": ""0000093410-20-000010"", ""source_url"": ""https://www.sec.gov/Archives/edgar/data/93410/000009341020000010/0000093410-20-000010-index.htm"", ""perimetre_id"": ""0000093410:capex:PaymentsToAcquireProductiveAssets""}, {""annee"": 2018, ""valeur"": 13792000000.0, ""debut"": ""2018-01-01"", ""fin"": ""2018-12-31"", ""depot"": ""0000093410-21-000009"", ""source_url"": ""https://www.sec.gov/Archives/edgar/data/93410/000009341021000009/0000093410-21-000009-index.htm"", ""perimetre_id"": ""0000093410:capex:PaymentsToAcquireProductiveAssets""}, {""annee"": 2019, ""valeur"": 14116000000.0, ""debut"": ""2019-01-01"", ""fin"": ""2019-12-31"", ""depot"": ""0000093410-22-000019"", ""source_url"": ""https://www.sec.gov/Archives/edgar/data/93410/000009341022000019/0000093410-22-000019-index.htm"", ""perimetre_id"": ""0000093410:capex:PaymentsToAcquireProductiveAssets""}]",1.2597066227730442,comparable_sur_reference,
0000093410,Chevron Corporation,rd,2025,427000000.0,2025-01-01,2025-12-31,0000093410-26-000078,https://www.sec.gov/Archives/edgar/data/93410/000009341026000078/0000093410-26-000078-index.htm,ResearchAndDevelopmentExpense,0000093410:rd:ResearchAndDevelopmentExpense,2017;2018;2019,3,462000000.0,2017-01-01/2017-12-31;2018-01-01/2018-12-31;2019-01-01/2019-12-31,False,"[{""annee"": 2017, ""valeur"": 433000000.0, ""debut"": ""2017-01-01"", ""fin"": ""2017-12-31"", ""depot"": ""0000093410-20-000010"", ""source_url"": ""https://www.sec.gov/Archives/edgar/data/93410/000009341020000010/0000093410-20-000010-index.htm"", ""perimetre_id"": ""0000093410:rd:ResearchAndDevelopmentExpense""}, {""annee"": 2018, ""valeur"": 453000000.0, ""debut"": ""2018-01-01"", ""fin"": ""2018-12-31"", ""depot"": ""0000093410-21-000009"", ""source_url"": ""https://www.sec.gov/Archives/edgar/data/93410/000009341021000009/0000093410-21-000009-index.htm"", ""perimetre_id"": ""0000093410:rd:ResearchAndDevelopmentExpense""}, {""annee"": 2019, ""valeur"": 500000000.0, ""debut"": ""2019-01-01"", ""fin"": ""2019-12-31"", ""depot"": ""0000093410-22-000019"", ""source_url"": ""https://www.sec.gov/Archives/edgar/data/93410/000009341022000019/0000093410-22-000019-index.htm"", ""perimetre_id"": ""0000093410:rd:ResearchAndDevelopmentExpense""}]",0.9242424242424242,comparable_sur_reference,
0000097210,Teradyne,chiffre_affaires,2025,3190024000.0,2025-01-01,2025-12-31,0001193125-26-059002,https://www.sec.gov/Archives/edgar/data/97210/000119312526059002/0001193125-26-059002-index.htm,Revenues,0000097210:chiffre_affaires:Revenues,2019;2020,2,2708217000.0,2019-01-01/2019-12-31;2020-01-01/2020-12-31,True,"[{""annee"": 2019, ""valeur"": 2294965000.0, ""debut"": ""2019-01-01"", ""fin"": ""2019-12-31"", ""depot"": ""0001193125-22-049828"", ""source_url"": ""https://www.sec.gov/Archives/edgar/data/97210/000119312522049828/0001193125-22-049828-index.htm"", ""perimetre_id"": ""0000097210:chiffre_affaires:Revenues""}, {""annee"": 2020, ""valeur"": 3121469000.0, ""debut"": ""2020-01-01"", ""fin"": ""2020-12-31"", ""depot"": ""0001193125-23-044711"", ""source_url"": ""https://www.sec.gov/Archives/edgar/data/97210/000119312523044711/0001193125-23-044711-index.htm"", ""perimetre_id"": ""0000097210:chiffre_affaires:Revenues""}]",1.1779056109610124,comparable_sur_repli,
0000097210,Teradyne,capex,2025,224009000.0,2025-01-01,2025-12-31,0001193125-26-059002,https://www.sec.gov/Archives/edgar/data/97210/000119312526059002/0001193125-26-059002-index.htm,PaymentsToAcquirePropertyPlantAndEquipment,0000097210:capex:PaymentsToAcquirePropertyPlantAndEquipment,2017;2018;2019,3,118132000.0,2017-01-01/2017-12-31;2018-01-01/2018-12-31;2019-01-01/2019-12-31,False,"[{""annee"": 2017, ""valeur"": 105375000.0, ""debut"": ""2017-01-01"", ""fin"": ""2017-12-31"", ""depot"": ""0001193125-20-058676"", ""source_url"": ""https://www.sec.gov/Archives/edgar/data/97210/000119312520058676/0001193125-20-058676-index.htm"", ""perimetre_id"": ""0000097210:capex:PaymentsToAcquirePropertyPlantAndEquipment""}, {""annee"": 2018, ""valeur"": 114379000.0, ""debut"": ""2018-01-01"", ""fin"": ""2018-12-31"", ""depot"": ""0001193125-21-050735"", ""source_url"": ""https://www.sec.gov/Archives/edgar/data/97210/000119312521050735/0001193125-21-050735-index.htm"", ""perimetre_id"": ""0000097210:capex:PaymentsToAcquirePropertyPlantAndEquipment""}, {""annee"": 2019, ""valeur"": 134642000.0, ""debut"": ""2019-01-01"", ""fin"": ""2019-12-31"", ""depot"": ""0001193125-22-049828"", ""source_url"": ""https://www.sec.gov/Archives/edgar/data/97210/000119312522049828/0001193125-22-049828-index.htm"", ""perimetre_id"": ""0000097210:capex:PaymentsToAcquirePropertyPlantAndEquipment""}]",1.8962601158026615,comparable_sur_reference,
0000097210,Teradyne,rd,2025,504596000.0,2025-01-01,2025-12-31,0001193125-26-059002,https://www.sec.gov/Archives/edgar/data/97210/000119312526059002/0001193125-26-059002-index.htm,ResearchAndDevelopmentExpenseExcludingAcquiredInProcessCost,0000097210:rd:ResearchAndDevelopmentExpenseExcludingAcquiredInProcessCost,2017;2018;2019,3,310544666.6666667,2017-01-01/2017-12-31;2018-01-01/2018-12-31;2019-01-01/2019-12-31,False,"[{""annee"": 2017, ""valeur"": 307305000.0, ""debut"": ""2017-01-01"", ""fin"": ""2017-12-31"", ""depot"": ""0001193125-20-058676"", ""source_url"": ""https://www.sec.gov/Archives/edgar/data/97210/000119312520058676/0001193125-20-058676-index.htm"", ""perimetre_id"": ""0000097210:rd:ResearchAndDevelopmentExpenseExcludingAcquiredInProcessCost""}, {""annee"": 2018, ""valeur"": 301505000.0, ""debut"": ""2018-01-01"", ""fin"": ""2018-12-31"", ""depot"": ""0001193125-21-050735"", ""source_url"": ""https://www.sec.gov/Archives/edgar/data/97210/000119312521050735/0001193125-21-050735-index.htm"", ""perimetre_id"": ""0000097210:rd:ResearchAndDevelopmentExpenseExcludingAcquiredInProcessCost""}, {""annee"": 2019, ""valeur"": 322824000.0, ""debut"": ""2019-01-01"", ""fin"": ""2019-12-31"", ""depot"": ""0001193125-22-049828"", ""source_url"": ""https://www.sec.gov/Archives/edgar/data/97210/000119312522049828/0001193125-22-049828-index.htm"", ""perimetre_id"": ""0000097210:rd:ResearchAndDevelopmentExpenseExcludingAcquiredInProcessCost""}]",1.6248741458555611,comparable_sur_reference,
0000097476,Texas Instruments,chiffre_affaires,2025,17682000000.0,2025-01-01,2025-12-31,0000097476-26-000059,https://www.sec.gov/Archives/edgar/data/97476/000009747626000059/0000097476-26-000059-index.htm,RevenueFromContractWithCustomerExcludingAssessedTax,0000097476:chiffre_affaires:RevenueFromContractWithCustomerExcludingAssessedTax,2017;2018;2019,3,15042666666.666666,2017-01-01/2017-12-31;2018-01-01/2018-12-31;2019-01-01/2019-12-31,False,"[{""annee"": 2017, ""valeur"": 14961000000.0, ""debut"": ""2017-01-01"", ""fin"": ""2017-12-31"", ""depot"": ""0000097476-20-000009"", ""source_url"": ""https://www.sec.gov/Archives/edgar/data/97476/000009747620000009/0000097476-20-000009-index.htm"", ""perimetre_id"": ""0000097476:chiffre_affaires:RevenueFromContractWithCustomerExcludingAssessedTax""}, {""annee"": 2018, ""valeur"": 15784000000.0, ""debut"": ""2018-01-01"", ""fin"": ""2018-12-31"", ""depot"": ""0000097476-21-000006"", ""source_url"": ""https://www.sec.gov/Archives/edgar/data/97476/000009747621000006/0000097476-21-000006-index.htm"", ""perimetre_id"": ""0000097476:chiffre_affaires:RevenueFromContractWithCustomerExcludingAssessedTax""}, {""annee"": 2019, ""valeur"": 14383000000.0, ""debut"": ""2019-01-01"", ""fin"": ""2019-12-31"", ""depot"": ""0000097476-22-000009"", ""source_url"": ""https://www.sec.gov/Archives/edgar/data/97476/000009747622000009/0000097476-22-000009-index.htm"", ""perimetre_id"": ""0000097476:chiffre_affaires:RevenueFromContractWithCustomerExcludingAssessedTax""}]",1.1754564793476334,comparable_sur_reference,
0000097476,Texas Instruments,capex,2025,4550000000.0,2025-01-01,2025-12-31,0000097476-26-000059,https://www.sec.gov/Archives/edgar/data/97476/000009747626000059/0000097476-26-000059-index.htm,PaymentsToAcquirePropertyPlantAndEquipment,0000097476:capex:PaymentsToAcquirePropertyPlantAndEquipment,2017;2018;2019,3,891000000.0,2017-01-01/2017-12-31;2018-01-01/2018-12-31;2019-01-01/2019-12-31,False,"[{""annee"": 2017, ""valeur"": 695000000.0, ""debut"": ""2017-01-01"", ""fin"": ""2017-12-31"", ""depot"": ""0000097476-20-000009"", ""source_url"": ""https://www.sec.gov/Archives/edgar/data/97476/000009747620000009/0000097476-20-000009-index.htm"", ""perimetre_id"": ""0000097476:capex:PaymentsToAcquirePropertyPlantAndEquipment""}, {""annee"": 2018, ""valeur"": 1131000000.0, ""debut"": ""2018-01-01"", ""fin"": ""2018-12-31"", ""depot"": ""0000097476-21-000006"", ""source_url"": ""https://www.sec.gov/Archives/edgar/data/97476/000009747621000006/0000097476-21-000006-index.htm"", ""perimetre_id"": ""0000097476:capex:PaymentsToAcquirePropertyPlantAndEquipment""}, {""annee"": 2019, ""valeur"": 847000000.0, ""debut"": ""2019-01-01"", ""fin"": ""2019-12-31"", ""depot"": ""0000097476-22-000009"", ""source_url"": ""https://www.sec.gov/Archives/edgar/data/97476/000009747622000009/0000097476-22-000009-index.htm"", ""perimetre_id"": ""0000097476:capex:PaymentsToAcquirePropertyPlantAndEquipment""}]",5.10662177328844,comparable_sur_reference,
0000097476,Texas Instruments,rd,2025,2083000000.0,2025-01-01,2025-12-31,0000097476-26-000059,https://www.sec.gov/Archives/edgar/data/97476/000009747626000059/0000097476-26-000059-index.htm,ResearchAndDevelopmentExpense,0000097476:rd:ResearchAndDevelopmentExpense,2017;2018;2019,3,1537000000.0,2017-01-01/2017-12-31;2018-01-01/2018-12-31;2019-01-01/2019-12-31,False,"[{""annee"": 2017, ""valeur"": 1508000000.0, ""debut"": ""2017-01-01"", ""fin"": ""2017-12-31"", ""depot"": ""0000097476-20-000009"", ""source_url"": ""https://www.sec.gov/Archives/edgar/data/97476/000009747620000009/0000097476-20-000009-index.htm"", ""perimetre_id"": ""0000097476:rd:ResearchAndDevelopmentExpense""}, {""annee"": 2018, ""valeur"": 1559000000.0, ""debut"": ""2018-01-01"", ""fin"": ""2018-12-31"", ""depot"": ""0000097476-21-000006"", ""source_url"": ""https://www.sec.gov/Archives/edgar/data/97476/000009747621000006/0000097476-21-000006-index.htm"", ""perimetre_id"": ""0000097476:rd:ResearchAndDevelopmentExpense""}, {""annee"": 2019, ""valeur"": 1544000000.0, ""debut"": ""2019-01-01"", ""fin"": ""2019-12-31"", ""depot"": ""0000097476-22-000009"", ""source_url"": ""https://www.sec.gov/Archives/edgar/data/97476/000009747622000009/0000097476-22-000009-index.htm"", ""perimetre_id"": ""0000097476:rd:ResearchAndDevelopmentExpense""}]",1.3552374756018217,comparable_sur_reference,
0000105634,Emcor,chiffre_affaires,2025,16986422000.0,2025-01-01,2025-12-31,0000105634-26-000025,https://www.sec.gov/Archives/edgar/data/105634/000010563426000025/0000105634-26-000025-index.htm,Revenues,0000105634:chiffre_affaires:Revenues,2017;2018;2019,3,8330747000.0,2017-01-01/2017-12-31;2018-01-01/2018-12-31;2019-01-01/2019-12-31,False,"[{""annee"": 2017, ""valeur"": 7686999000.0, ""debut"": ""2017-01-01"", ""fin"": ""2017-12-31"", ""depot"": ""0000105634-20-000043"", ""source_url"": ""https://www.sec.gov/Archives/edgar/data/105634/000010563420000043/0000105634-20-000043-index.htm"", ""perimetre_id"": ""0000105634:chiffre_affaires:Revenues""}, {""annee"": 2018, ""valeur"": 8130631000.0, ""debut"": ""2018-01-01"", ""fin"": ""2018-12-31"", ""depot"": ""0000105634-21-000044"", ""source_url"": ""https://www.sec.gov/Archives/edgar/data/105634/000010563421000044/0000105634-21-000044-index.htm"", ""perimetre_id"": ""0000105634:chiffre_affaires:Revenues""}, {""annee"": 2019, ""valeur"": 9174611000.0, ""debut"": ""2019-01-01"", ""fin"": ""2019-12-31"", ""depot"": ""0000105634-22-000006"", ""source_url"": ""https://www.sec.gov/Archives/edgar/data/105634/000010563422000006/0000105634-22-000006-index.htm"", ""perimetre_id"": ""0000105634:chiffre_affaires:Revenues""}]",2.0390034651154334,comparable_sur_reference,
0000105634,Emcor,capex,2025,112750000.0,2025-01-01,2025-12-31,0000105634-26-000025,https://www.sec.gov/Archives/edgar/data/105634/000010563426000025/0000105634-26-000025-index.htm,PaymentsToAcquireProductiveAssets,0000105634:capex:PaymentsToAcquireProductiveAssets,2017;2018;2019,3,42198333.333333336,2017-01-01/2017-12-31;2018-01-01/2018-12-31;2019-01-01/2019-12-31,False,"[{""annee"": 2017, ""valeur"": 34684000.0, ""debut"": ""2017-01-01"", ""fin"": ""2017-12-31"", ""depot"": ""0000105634-20-000043"", ""source_url"": ""https://www.sec.gov/Archives/edgar/data/105634/000010563420000043/0000105634-20-000043-index.htm"", ""perimetre_id"": ""0000105634:capex:PaymentsToAcquireProductiveAssets""}, {""annee"": 2018, ""valeur"": 43479000.0, ""debut"": ""2018-01-01"", ""fin"": ""2018-12-31"", ""depot"": ""0000105634-21-000044"", ""source_url"": ""https://www.sec.gov/Archives/edgar/data/105634/000010563421000044/0000105634-21-000044-index.htm"", ""perimetre_id"": ""0000105634:capex:PaymentsToAcquireProductiveAssets""}, {""annee"": 2019, ""valeur"": 48432000.0, ""debut"": ""2019-01-01"", ""fin"": ""2019-12-31"", ""depot"": ""0000105634-22-000006"", ""source_url"": ""https://www.sec.gov/Archives/edgar/data/105634/000010563422000006/0000105634-22-000006-index.htm"", ""perimetre_id"": ""0000105634:capex:PaymentsToAcquireProductiveAssets""}]",2.671906473399423,comparable_sur_reference,
0000105634,Emcor,rd,2025,,,,,,,,,0,,,False,[],,valeur_recente_manquante,Aucune valeur annuelle collectée
0000106040,Western Digital,chiffre_affaires,2025,12919000000.0,2025-06-28,2026-07-03,0001628280-26-057139,https://www.sec.gov/Archives/edgar/data/106040/000162828026057139/0001628280-26-057139-index.htm,RevenueFromContractWithCustomerExcludingAssessedTax,WDC:activites_poursuivies,2022;2023,2,6286000000.0,2022-07-02/2023-06-30;2023-07-01/2024-06-28,True,"[{""annee"": 2022, ""valeur"": 6255000000.0, ""debut"": ""2022-07-02"", ""fin"": ""2023-06-30"", ""depot"": ""0000106040-25-000038"", ""source_url"": ""https://www.sec.gov/Archives/edgar/data/106040/000010604025000038/0000106040-25-000038-index.htm"", ""perimetre_id"": ""WDC:activites_poursuivies""}, {""annee"": 2023, ""valeur"": 6317000000.0, ""debut"": ""2023-07-01"", ""fin"": ""2024-06-28"", ""depot"": ""0001628280-26-057139"", ""source_url"": ""https://www.sec.gov/Archives/edgar/data/106040/000162828026057139/0001628280-26-057139-index.htm"", ""perimetre_id"": ""WDC:activites_poursuivies""}]",2.0552020362710786,comparable_sur_repli,Périmètre délimité par WDC-RESULTAT
0000106040,Western Digital,capex,2025,418000000.0,2025-06-28,2026-07-03,0001628280-26-057139,https://www.sec.gov/Archives/edgar/data/106040/000162828026057139/0001628280-26-057139-index.htm,PaymentsToAcquirePropertyPlantAndEquipment,WDC:activites_poursuivies,2022;2023,2,461500000.0,2022-07-02/2023-06-30;2023-07-01/2024-06-28,True,"[{""annee"": 2022, ""valeur"": 602000000.0, ""debut"": ""2022-07-02"", ""fin"": ""2023-06-30"", ""depot"": ""0000106040-25-000038"", ""source_url"": ""https://www.sec.gov/Archives/edgar/data/106040/000010604025000038/wdc-20250627.htm"", ""perimetre_id"": ""WDC:activites_poursuivies""}, {""annee"": 2023, ""valeur"": 321000000.0, ""debut"": ""2023-07-01"", ""fin"": ""2024-06-28"", ""depot"": ""0000106040-25-000038"", ""source_url"": ""https://www.sec.gov/Archives/edgar/data/106040/000010604025000038/wdc-20250627.htm"", ""perimetre_id"": ""WDC:activites_poursuivies""}]",0.905742145178765,comparable_sur_repli,Périmètre délimité par WDC-FLUX
0000106040,Western Digital,rd,2025,1161000000.0,2025-06-28,2026-07-03,0001628280-26-057139,https://www.sec.gov/Archives/edgar/data/106040/000162828026057139/0001628280-26-057139-index.htm,ResearchAndDevelopmentExpenseExcludingAcquiredInProcessCost,WDC:activites_poursuivies,2022;2023,2,968000000.0,2022-07-02/2023-06-30;2023-07-01/2024-06-28,True,"[{""annee"": 2022, ""valeur"": 986000000.0, ""debut"": ""2022-07-02"", ""fin"": ""2023-06-30"", ""depot"": ""0000106040-25-000038"", ""source_url"": ""https://www.sec.gov/Archives/edgar/data/106040/000010604025000038/0000106040-25-000038-index.htm"", ""perimetre_id"": ""WDC:activites_poursuivies""}, {""annee"": 2023, ""valeur"": 950000000.0, ""debut"": ""2023-07-01"", ""fin"": ""2024-06-28"", ""depot"": ""0001628280-26-057139"", ""source_url"": ""https://www.sec.gov/Archives/edgar/data/106040/000162828026057139/0001628280-26-057139-index.htm"", ""perimetre_id"": ""WDC:activites_poursuivies""}]",1.1993801652892562,comparable_sur_repli,Périmètre délimité par WDC-RESULTAT
0000107263,Williams Companies,chiffre_affaires,2025,14899000000.0,2025-01-01,2025-12-31,0000107263-26-000006,https://www.sec.gov/Archives/edgar/data/107263/000010726326000006/0000107263-26-000006-index.htm,RevenueFromContractWithCustomerExcludingAssessedTax,0000107263:chiffre_affaires:RevenueFromContractWithCustomerExcludingAssessedTax,,0,,,False,[],,recent_non_reconcilie,Montants de revenu différents sans rapprochement ; maximum conservé comme candidat
0000107263,Williams Companies,capex,2025,4893000000.0,2025-01-01,2025-12-31,0000107263-26-000006,https://www.sec.gov/Archives/edgar/data/107263/000010726326000006/0000107263-26-000006-index.htm,PaymentsToAcquirePropertyPlantAndEquipment,0000107263:capex:PaymentsToAcquirePropertyPlantAndEquipment,,0,,,False,[],,recent_non_reconcilie,Postes de dépenses non équivalents ; préférence non réconciliée
0000107263,Williams Companies,rd,2025,,,,,,,,,0,,,False,[],,valeur_recente_manquante,Aucune valeur annuelle collectée
0000319201,KLA Corporation,chiffre_affaires,2025,13579476000.0,2025-07-01,2026-06-30,0000319201-26-000027,https://www.sec.gov/Archives/edgar/data/319201/000031920126000027/0000319201-26-000027-index.htm,RevenueFromContractWithCustomerExcludingAssessedTax,0000319201:chiffre_affaires:RevenueFromContractWithCustomerExcludingAssessedTax,2018;2019,2,5187664000.0,2018-07-01/2019-06-30;2019-07-01/2020-06-30,False,"[{""annee"": 2018, ""valeur"": 4568904000.0, ""debut"": ""2018-07-01"", ""fin"": ""2019-06-30"", ""depot"": ""0000319201-21-000029"", ""source_url"": ""https://www.sec.gov/Archives/edgar/data/319201/000031920121000029/0000319201-21-000029-index.htm"", ""perimetre_id"": ""0000319201:chiffre_affaires:RevenueFromContractWithCustomerExcludingAssessedTax""}, {""annee"": 2019, ""valeur"": 5806424000.0, ""debut"": ""2019-07-01"", ""fin"": ""2020-06-30"", ""depot"": ""0000319201-22-000023"", ""source_url"": ""https://www.sec.gov/Archives/edgar/data/319201/000031920122000023/0000319201-22-000023-index.htm"", ""perimetre_id"": ""0000319201:chiffre_affaires:RevenueFromContractWithCustomerExcludingAssessedTax""}]",2.6176475577446805,comparable_sur_reference,
0000319201,KLA Corporation,capex,2025,375945000.0,2025-07-01,2026-06-30,0000319201-26-000027,https://www.sec.gov/Archives/edgar/data/319201/000031920126000027/0000319201-26-000027-index.htm,PaymentsToAcquirePropertyPlantAndEquipment,0000319201:capex:PaymentsToAcquirePropertyPlantAndEquipment,2017;2018;2019,3,116706666.66666667,2017-07-01/2018-06-30;2018-07-01/2019-06-30;2019-07-01/2020-06-30,False,"[{""annee"": 2017, ""valeur"": 66947000.0, ""debut"": ""2017-07-01"", ""fin"": ""2018-06-30"", ""depot"": ""0000319201-20-000047"", ""source_url"": ""https://www.sec.gov/Archives/edgar/data/319201/000031920120000047/0000319201-20-000047-index.htm"", ""perimetre_id"": ""0000319201:capex:PaymentsToAcquirePropertyPlantAndEquipment""}, {""annee"": 2018, ""valeur"": 130498000.0, ""debut"": ""2018-07-01"", ""fin"": ""2019-06-30"", ""depot"": ""0000319201-21-000029"", ""source_url"": ""https://www.sec.gov/Archives/edgar/data/319201/000031920121000029/0000319201-21-000029-index.htm"", ""perimetre_id"": ""0000319201:capex:PaymentsToAcquirePropertyPlantAndEquipment""}, {""annee"": 2019, ""valeur"": 152675000.0, ""debut"": ""2019-07-01"", ""fin"": ""2020-06-30"", ""depot"": ""0000319201-22-000023"", ""source_url"": ""https://www.sec.gov/Archives/edgar/data/319201/000031920122000023/0000319201-22-000023-index.htm"", ""perimetre_id"": ""0000319201:capex:PaymentsToAcquirePropertyPlantAndEquipment""}]",3.2212812749914312,comparable_sur_reference,
0000319201,KLA Corporation,rd,2025,1532118000.0,2025-07-01,2026-06-30,0000319201-26-000027,https://www.sec.gov/Archives/edgar/data/319201/000031920126000027/0000319201-26-000027-index.htm,ResearchAndDevelopmentExpense,0000319201:rd:ResearchAndDevelopmentExpense,2017;2018;2019,3,727808333.3333334,2017-07-01/2018-06-30;2018-07-01/2019-06-30;2019-07-01/2020-06-30,False,"[{""annee"": 2017, ""valeur"": 608531000.0, ""debut"": ""2017-07-01"", ""fin"": ""2018-06-30"", ""depot"": ""0000319201-20-000047"", ""source_url"": ""https://www.sec.gov/Archives/edgar/data/319201/000031920120000047/0000319201-20-000047-index.htm"", ""perimetre_id"": ""0000319201:rd:ResearchAndDevelopmentExpense""}, {""annee"": 2018, ""valeur"": 711030000.0, ""debut"": ""2018-07-01"", ""fin"": ""2019-06-30"", ""depot"": ""0000319201-21-000029"", ""source_url"": ""https://www.sec.gov/Archives/edgar/data/319201/000031920121000029/0000319201-21-000029-index.htm"", ""perimetre_id"": ""0000319201:rd:ResearchAndDevelopmentExpense""}, {""annee"": 2019, ""valeur"": 863864000.0, ""debut"": ""2019-07-01"", ""fin"": ""2020-06-30"", ""depot"": ""0000319201-22-000023"", ""source_url"": ""https://www.sec.gov/Archives/edgar/data/319201/000031920122000023/0000319201-22-000023-index.htm"", ""perimetre_id"": ""0000319201:rd:ResearchAndDevelopmentExpense""}]",2.1051119227818678,comparable_sur_reference,
0000352541,Alliant Energy,chiffre_affaires,2025,4362000000.0,2025-01-01,2025-12-31,0000352541-26-000007,https://www.sec.gov/Archives/edgar/data/352541/000035254126000007/0000352541-26-000007-index.htm,RevenueFromContractWithCustomerExcludingAssessedTax,0000352541:chiffre_affaires:RevenueFromContractWithCustomerExcludingAssessedTax,,0,,,False,[],,recent_non_reconcilie,Montants de revenu différents sans rapprochement ; maximum conservé comme candidat
0000352541,Alliant Energy,capex,2025,2277000000.0,2025-01-01,2025-12-31,0000352541-26-000007,https://www.sec.gov/Archives/edgar/data/352541/000035254126000007/0000352541-26-000007-index.htm,PaymentsToAcquireOtherPropertyPlantAndEquipment,0000352541:capex:PaymentsToAcquireOtherPropertyPlantAndEquipment,2023;2024,2,1891500000.0,2023-01-01/2023-12-31;2024-01-01/2024-12-31,True,"[{""annee"": 2023, ""valeur"": 1731000000.0, ""debut"": ""2023-01-01"", ""fin"": ""2023-12-31"", ""depot"": ""0000352541-26-000007"", ""source_url"": ""https://www.sec.gov/Archives/edgar/data/352541/000035254126000007/0000352541-26-000007-index.htm"", ""perimetre_id"": ""0000352541:capex:PaymentsToAcquireOtherPropertyPlantAndEquipment""}, {""annee"": 2024, ""valeur"": 2052000000.0, ""debut"": ""2024-01-01"", ""fin"": ""2024-12-31"", ""depot"": ""0000352541-26-000007"", ""source_url"": ""https://www.sec.gov/Archives/edgar/data/352541/000035254126000007/0000352541-26-000007-index.htm"", ""perimetre_id"": ""0000352541:capex:PaymentsToAcquireOtherPropertyPlantAndEquipment""}]",1.2038065027755749,comparable_sur_repli,
0000352541,Alliant Energy,rd,2025,,,,,,,,,0,,,False,[],,valeur_recente_manquante,Aucune valeur annuelle collectée
0000707549,Lam Research,chiffre_affaires,2025,23232690000.0,2025-06-30,2026-06-28,0000707549-26-000037,https://www.sec.gov/Archives/edgar/data/707549/000070754926000037/0000707549-26-000037-index.htm,RevenueFromContractWithCustomerExcludingAssessedTax,0000707549:chiffre_affaires:RevenueFromContractWithCustomerExcludingAssessedTax,2017;2018;2019,3,10258431000.0,2017-06-26/2018-06-24;2018-06-25/2019-06-30;2019-07-01/2020-06-28,False,"[{""annee"": 2017, ""valeur"": 11076998000.0, ""debut"": ""2017-06-26"", ""fin"": ""2018-06-24"", ""depot"": ""0000707549-20-000138"", ""source_url"": ""https://www.sec.gov/Archives/edgar/data/707549/000070754920000138/0000707549-20-000138-index.htm"", ""perimetre_id"": ""0000707549:chiffre_affaires:RevenueFromContractWithCustomerExcludingAssessedTax""}, {""annee"": 2018, ""valeur"": 9653559000.0, ""debut"": ""2018-06-25"", ""fin"": ""2019-06-30"", ""depot"": ""0000707549-21-000136"", ""source_url"": ""https://www.sec.gov/Archives/edgar/data/707549/000070754921000136/0000707549-21-000136-index.htm"", ""perimetre_id"": ""0000707549:chiffre_affaires:RevenueFromContractWithCustomerExcludingAssessedTax""}, {""annee"": 2019, ""valeur"": 10044736000.0, ""debut"": ""2019-07-01"", ""fin"": ""2020-06-28"", ""depot"": ""0000707549-22-000107"", ""source_url"": ""https://www.sec.gov/Archives/edgar/data/707549/000070754922000107/0000707549-22-000107-index.htm"", ""perimetre_id"": ""0000707549:chiffre_affaires:RevenueFromContractWithCustomerExcludingAssessedTax""}]",2.2647410700525255,comparable_sur_reference,
0000707549,Lam Research,capex,2025,966405000.0,2025-06-30,2026-06-28,0000707549-26-000037,https://www.sec.gov/Archives/edgar/data/707549/000070754926000037/0000707549-26-000037-index.htm,PaymentsToAcquireProductiveAssets,0000707549:capex:PaymentsToAcquireProductiveAssets,2017;2018;2019,3,260066333.33333334,2017-06-26/2018-06-24;2018-06-25/2019-06-30;2019-07-01/2020-06-28,False,"[{""annee"": 2017, ""valeur"": 273469000.0, ""debut"": ""2017-06-26"", ""fin"": ""2018-06-24"", ""depot"": ""0000707549-20-000138"", ""source_url"": ""https://www.sec.gov/Archives/edgar/data/707549/000070754920000138/0000707549-20-000138-index.htm"", ""perimetre_id"": ""0000707549:capex:PaymentsToAcquireProductiveAssets""}, {""annee"": 2018, ""valeur"": 303491000.0, ""debut"": ""2018-06-25"", ""fin"": ""2019-06-30"", ""depot"": ""0000707549-21-000136"", ""source_url"": ""https://www.sec.gov/Archives/edgar/data/707549/000070754921000136/0000707549-21-000136-index.htm"", ""perimetre_id"": ""0000707549:capex:PaymentsToAcquireProductiveAssets""}, {""annee"": 2019, ""valeur"": 203239000.0, ""debut"": ""2019-07-01"", ""fin"": ""2020-06-28"", ""depot"": ""0000707549-22-000107"", ""source_url"": ""https://www.sec.gov/Archives/edgar/data/707549/000070754922000107/0000707549-22-000107-index.htm"", ""perimetre_id"": ""0000707549:capex:PaymentsToAcquireProductiveAssets""}]",3.715994252748337,comparable_sur_reference,
0000707549,Lam Research,rd,2025,2375873000.0,2025-06-30,2026-06-28,0000707549-26-000037,https://www.sec.gov/Archives/edgar/data/707549/000070754926000037/0000707549-26-000037-index.htm,ResearchAndDevelopmentExpense,0000707549:rd:ResearchAndDevelopmentExpense,2017;2018;2019,3,1211082000.0,2017-06-26/2018-06-24;2018-06-25/2019-06-30;2019-07-01/2020-06-28,False,"[{""annee"": 2017, ""valeur"": 1189514000.0, ""debut"": ""2017-06-26"", ""fin"": ""2018-06-24"", ""depot"": ""0000707549-20-000138"", ""source_url"": ""https://www.sec.gov/Archives/edgar/data/707549/000070754920000138/0000707549-20-000138-index.htm"", ""perimetre_id"": ""0000707549:rd:ResearchAndDevelopmentExpense""}, {""annee"": 2018, ""valeur"": 1191320000.0, ""debut"": ""2018-06-25"", ""fin"": ""2019-06-30"", ""depot"": ""0000707549-21-000136"", ""source_url"": ""https://www.sec.gov/Archives/edgar/data/707549/000070754921000136/0000707549-21-000136-index.htm"", ""perimetre_id"": ""0000707549:rd:ResearchAndDevelopmentExpense""}, {""annee"": 2019, ""valeur"": 1252412000.0, ""debut"": ""2019-07-01"", ""fin"": ""2020-06-28"", ""depot"": ""0000707549-22-000107"", ""source_url"": ""https://www.sec.gov/Archives/edgar/data/707549/000070754922000107/0000707549-22-000107-index.htm"", ""perimetre_id"": ""0000707549:rd:ResearchAndDevelopmentExpense""}]",1.9617771546435336,comparable_sur_reference,
0000715957,Dominion Energy,chiffre_affaires,2025,16523000000.0,2025-01-01,2025-12-31,0001193125-26-063120,https://www.sec.gov/Archives/edgar/data/715957/000119312526063120/0001193125-26-063120-index.htm,RevenueFromContractWithCustomerExcludingAssessedTax,0000715957:chiffre_affaires:RevenueFromContractWithCustomerExcludingAssessedTax,,0,,,False,[],,recent_non_reconcilie,Montants de revenu différents sans rapprochement ; maximum conservé comme candidat ; Changement d'étiquette ; comparaison inter-étiquettes non autorisée sans rapprochement
0000715957,Dominion Energy,capex,2025,12653000000.0,2025-01-01,2025-12-31,0001193125-26-063120,https://www.sec.gov/Archives/edgar/data/715957/000119312526063120/0001193125-26-063120-index.htm,PaymentsForProceedsFromProductiveAssets,0000715957:capex:PaymentsForProceedsFromProductiveAssets,2020;2021,2,6196000000.0,2020-01-01/2020-12-31;2021-01-01/2021-12-31,True,"[{""annee"": 2020, ""valeur"": 6331000000.0, ""debut"": ""2020-01-01"", ""fin"": ""2020-12-31"", ""depot"": ""0000950170-23-003287"", ""source_url"": ""https://www.sec.gov/Archives/edgar/data/715957/000095017023003287/0000950170-23-003287-index.htm"", ""perimetre_id"": ""0000715957:capex:PaymentsForProceedsFromProductiveAssets""}, {""annee"": 2021, ""valeur"": 6061000000.0, ""debut"": ""2021-01-01"", ""fin"": ""2021-12-31"", ""depot"": ""0000950170-24-019110"", ""source_url"": ""https://www.sec.gov/Archives/edgar/data/715957/000095017024019110/0000950170-24-019110-index.htm"", ""perimetre_id"": ""0000715957:capex:PaymentsForProceedsFromProductiveAssets""}]",2.042123950936088,comparable_sur_repli,
0000715957,Dominion Energy,rd,2025,,,,,,,,,0,,,False,[],,valeur_recente_manquante,Aucune valeur annuelle collectée
0000723125,Micron Technology,chiffre_affaires,2025,37378000000.0,2024-08-30,2025-08-28,0000723125-25-000028,https://www.sec.gov/Archives/edgar/data/723125/000072312525000028/0000723125-25-000028-index.htm,RevenueFromContractWithCustomerExcludingAssessedTax,0000723125:chiffre_affaires:RevenueFromContractWithCustomerExcludingAssessedTax,2017;2018;2019,3,24706333333.333332,2016-09-02/2017-08-31;2017-09-01/2018-08-30;2018-08-31/2019-08-29,False,"[{""annee"": 2017, ""valeur"": 20322000000.0, ""debut"": ""2016-09-02"", ""fin"": ""2017-08-31"", ""depot"": ""0000723125-19-000094"", ""source_url"": ""https://www.sec.gov/Archives/edgar/data/723125/000072312519000094/0000723125-19-000094-index.htm"", ""perimetre_id"": ""0000723125:chiffre_affaires:RevenueFromContractWithCustomerExcludingAssessedTax""}, {""annee"": 2018, ""valeur"": 30391000000.0, ""debut"": ""2017-09-01"", ""fin"": ""2018-08-30"", ""depot"": ""0000723125-20-000082"", ""source_url"": ""https://www.sec.gov/Archives/edgar/data/723125/000072312520000082/0000723125-20-000082-index.htm"", ""perimetre_id"": ""0000723125:chiffre_affaires:RevenueFromContractWithCustomerExcludingAssessedTax""}, {""annee"": 2019, ""valeur"": 23406000000.0, ""debut"": ""2018-08-31"", ""fin"": ""2019-08-29"", ""depot"": ""0000723125-21-000065"", ""source_url"": ""https://www.sec.gov/Archives/edgar/data/723125/000072312521000065/0000723125-21-000065-index.htm"", ""perimetre_id"": ""0000723125:chiffre_affaires:RevenueFromContractWithCustomerExcludingAssessedTax""}]",1.5128914313468882,comparable_sur_reference,
0000723125,Micron Technology,capex,2025,15857000000.0,2024-08-30,2025-08-28,0000723125-25-000028,https://www.sec.gov/Archives/edgar/data/723125/000072312525000028/0000723125-25-000028-index.htm,PaymentsToAcquirePropertyPlantAndEquipment,0000723125:capex:PaymentsToAcquirePropertyPlantAndEquipment,2017;2018;2019,3,7797666666.666667,2016-09-02/2017-08-31;2017-09-01/2018-08-30;2018-08-31/2019-08-29,False,"[{""annee"": 2017, ""valeur"": 4734000000.0, ""debut"": ""2016-09-02"", ""fin"": ""2017-08-31"", ""depot"": ""0000723125-19-000094"", ""source_url"": ""https://www.sec.gov/Archives/edgar/data/723125/000072312519000094/0000723125-19-000094-index.htm"", ""perimetre_id"": ""0000723125:capex:PaymentsToAcquirePropertyPlantAndEquipment""}, {""annee"": 2018, ""valeur"": 8879000000.0, ""debut"": ""2017-09-01"", ""fin"": ""2018-08-30"", ""depot"": ""0000723125-20-000082"", ""source_url"": ""https://www.sec.gov/Archives/edgar/data/723125/000072312520000082/0000723125-20-000082-index.htm"", ""perimetre_id"": ""0000723125:capex:PaymentsToAcquirePropertyPlantAndEquipment""}, {""annee"": 2019, ""valeur"": 9780000000.0, ""debut"": ""2018-08-31"", ""fin"": ""2019-08-29"", ""depot"": ""0000723125-21-000065"", ""source_url"": ""https://www.sec.gov/Archives/edgar/data/723125/000072312521000065/0000723125-21-000065-index.htm"", ""perimetre_id"": ""0000723125:capex:PaymentsToAcquirePropertyPlantAndEquipment""}]",2.033557046979866,comparable_sur_reference,
0000723125,Micron Technology,rd,2025,3798000000.0,2024-08-30,2025-08-28,0000723125-25-000028,https://www.sec.gov/Archives/edgar/data/723125/000072312525000028/0000723125-25-000028-index.htm,ResearchAndDevelopmentExpense,0000723125:rd:ResearchAndDevelopmentExpense,2017;2018;2019,3,2135333333.3333333,2016-09-02/2017-08-31;2017-09-01/2018-08-30;2018-08-31/2019-08-29,False,"[{""annee"": 2017, ""valeur"": 1824000000.0, ""debut"": ""2016-09-02"", ""fin"": ""2017-08-31"", ""depot"": ""0000723125-19-000094"", ""source_url"": ""https://www.sec.gov/Archives/edgar/data/723125/000072312519000094/0000723125-19-000094-index.htm"", ""perimetre_id"": ""0000723125:rd:ResearchAndDevelopmentExpense""}, {""annee"": 2018, ""valeur"": 2141000000.0, ""debut"": ""2017-09-01"", ""fin"": ""2018-08-30"", ""depot"": ""0000723125-20-000082"", ""source_url"": ""https://www.sec.gov/Archives/edgar/data/723125/000072312520000082/0000723125-20-000082-index.htm"", ""perimetre_id"": ""0000723125:rd:ResearchAndDevelopmentExpense""}, {""annee"": 2019, ""valeur"": 2441000000.0, ""debut"": ""2018-08-31"", ""fin"": ""2019-08-29"", ""depot"": ""0000723125-21-000065"", ""source_url"": ""https://www.sec.gov/Archives/edgar/data/723125/000072312521000065/0000723125-21-000065-index.htm"", ""perimetre_id"": ""0000723125:rd:ResearchAndDevelopmentExpense""}]",1.778645020293475,comparable_sur_reference,
0000726728,Realty Income,chiffre_affaires,2025,5749377000.0,2025-01-01,2025-12-31,0000726728-26-000011,https://www.sec.gov/Archives/edgar/data/726728/000072672826000011/0000726728-26-000011-index.htm,Revenues,0000726728:chiffre_affaires:Revenues,2019;2020,2,1567625000.0,2019-01-01/2019-12-31;2020-01-01/2020-12-31,True,"[{""annee"": 2019, ""valeur"": 1488163000.0, ""debut"": ""2019-01-01"", ""fin"": ""2019-12-31"", ""depot"": ""0000726728-22-000046"", ""source_url"": ""https://www.sec.gov/Archives/edgar/data/726728/000072672822000046/0000726728-22-000046-index.htm"", ""perimetre_id"": ""0000726728:chiffre_affaires:Revenues""}, {""annee"": 2020, ""valeur"": 1647087000.0, ""debut"": ""2020-01-01"", ""fin"": ""2020-12-31"", ""depot"": ""0000726728-23-000044"", ""source_url"": ""https://www.sec.gov/Archives/edgar/data/726728/000072672823000044/0000726728-23-000044-index.htm"", ""perimetre_id"": ""0000726728:chiffre_affaires:Revenues""}]",3.6675716450043856,comparable_sur_repli,
0000726728,Realty Income,capex,2025,131800000.0,2025-01-01,2025-12-31,0000726728-26-000011,https://www.sec.gov/Archives/edgar/data/726728/000072672826000011/0000726728-26-000011-index.htm,PaymentsForCapitalImprovements,0000726728:capex:PaymentsForCapitalImprovements,2019;2020,2,16122000.0,2019-01-01/2019-12-31;2020-01-01/2020-12-31,True,"[{""annee"": 2019, ""valeur"": 23536000.0, ""debut"": ""2019-01-01"", ""fin"": ""2019-12-31"", ""depot"": ""0000726728-22-000046"", ""source_url"": ""https://www.sec.gov/Archives/edgar/data/726728/000072672822000046/0000726728-22-000046-index.htm"", ""perimetre_id"": ""0000726728:capex:PaymentsForCapitalImprovements""}, {""annee"": 2020, ""valeur"": 8708000.0, ""debut"": ""2020-01-01"", ""fin"": ""2020-12-31"", ""depot"": ""0000726728-23-000044"", ""source_url"": ""https://www.sec.gov/Archives/edgar/data/726728/000072672823000044/0000726728-23-000044-index.htm"", ""perimetre_id"": ""0000726728:capex:PaymentsForCapitalImprovements""}]",8.175164371666046,comparable_sur_repli,
0000726728,Realty Income,rd,2025,,,,,,,,,0,,,False,[],,valeur_recente_manquante,Aucune valeur annuelle collectée
0000764622,Pinnacle West Capital,chiffre_affaires,2025,5339939000.0,2025-01-01,2025-12-31,0000764622-26-000011,https://www.sec.gov/Archives/edgar/data/764622/000076462226000011/0000764622-26-000011-index.htm,RevenueFromContractWithCustomerExcludingAssessedTax,0000764622:chiffre_affaires:RevenueFromContractWithCustomerExcludingAssessedTax,2018;2019,2,3581228000.0,2018-01-01/2018-12-31;2019-01-01/2019-12-31,False,"[{""annee"": 2018, ""valeur"": 3691247000.0, ""debut"": ""2018-01-01"", ""fin"": ""2018-12-31"", ""depot"": ""0000764622-21-000013"", ""source_url"": ""https://www.sec.gov/Archives/edgar/data/764622/000076462221000013/0000764622-21-000013-index.htm"", ""perimetre_id"": ""0000764622:chiffre_affaires:RevenueFromContractWithCustomerExcludingAssessedTax""}, {""annee"": 2019, ""valeur"": 3471209000.0, ""debut"": ""2019-01-01"", ""fin"": ""2019-12-31"", ""depot"": ""0000764622-22-000014"", ""source_url"": ""https://www.sec.gov/Archives/edgar/data/764622/000076462222000014/0000764622-22-000014-index.htm"", ""perimetre_id"": ""0000764622:chiffre_affaires:RevenueFromContractWithCustomerExcludingAssessedTax""}]",1.4910916032154333,comparable_sur_reference,
0000764622,Pinnacle West Capital,capex,2025,2624618000.0,2025-01-01,2025-12-31,0000764622-26-000011,https://www.sec.gov/Archives/edgar/data/764622/000076462226000011/0000764622-26-000011-index.htm,PaymentsToAcquireProductiveAssets,0000764622:capex:PaymentsToAcquireProductiveAssets,2017;2018;2019,3,1259463333.3333333,2017-01-01/2017-12-31;2018-01-01/2018-12-31;2019-01-01/2019-12-31,False,"[{""annee"": 2017, ""valeur"": 1408774000.0, ""debut"": ""2017-01-01"", ""fin"": ""2017-12-31"", ""depot"": ""0000764622-20-000017"", ""source_url"": ""https://www.sec.gov/Archives/edgar/data/764622/000076462220000017/0000764622-20-000017-index.htm"", ""perimetre_id"": ""0000764622:capex:PaymentsToAcquireProductiveAssets""}, {""annee"": 2018, ""valeur"": 1178169000.0, ""debut"": ""2018-01-01"", ""fin"": ""2018-12-31"", ""depot"": ""0000764622-21-000013"", ""source_url"": ""https://www.sec.gov/Archives/edgar/data/764622/000076462221000013/0000764622-21-000013-index.htm"", ""perimetre_id"": ""0000764622:capex:PaymentsToAcquireProductiveAssets""}, {""annee"": 2019, ""valeur"": 1191447000.0, ""debut"": ""2019-01-01"", ""fin"": ""2019-12-31"", ""depot"": ""0000764622-22-000014"", ""source_url"": ""https://www.sec.gov/Archives/edgar/data/764622/000076462222000014/0000764622-22-000014-index.htm"", ""perimetre_id"": ""0000764622:capex:PaymentsToAcquireProductiveAssets""}]",2.083917753328799,comparable_sur_reference,
0000764622,Pinnacle West Capital,rd,2025,,,,,,,,,0,,,False,[],,valeur_recente_manquante,Aucune valeur annuelle collectée
0000783325,WEC Energy Group,chiffre_affaires,2025,9800100000.0,2025-01-01,2025-12-31,0000783325-26-000018,https://www.sec.gov/Archives/edgar/data/783325/000078332526000018/0000783325-26-000018-index.htm,Revenues,0000783325:chiffre_affaires:Revenues,2017;2018;2019,3,7617033333.333333,2017-01-01/2017-12-31;2018-01-01/2018-12-31;2019-01-01/2019-12-31,False,"[{""annee"": 2017, ""valeur"": 7648500000.0, ""debut"": ""2017-01-01"", ""fin"": ""2017-12-31"", ""depot"": ""0000107815-20-000089"", ""source_url"": ""https://www.sec.gov/Archives/edgar/data/783325/000010781520000089/0000107815-20-000089-index.htm"", ""perimetre_id"": ""0000783325:chiffre_affaires:Revenues""}, {""annee"": 2018, ""valeur"": 7679500000.0, ""debut"": ""2018-01-01"", ""fin"": ""2018-12-31"", ""depot"": ""0000107815-21-000079"", ""source_url"": ""https://www.sec.gov/Archives/edgar/data/783325/000010781521000079/0000107815-21-000079-index.htm"", ""perimetre_id"": ""0000783325:chiffre_affaires:Revenues""}, {""annee"": 2019, ""valeur"": 7523100000.0, ""debut"": ""2019-01-01"", ""fin"": ""2019-12-31"", ""depot"": ""0000107815-22-000116"", ""source_url"": ""https://www.sec.gov/Archives/edgar/data/783325/000010781522000116/0000107815-22-000116-index.htm"", ""perimetre_id"": ""0000783325:chiffre_affaires:Revenues""}]",1.286603270739702,comparable_sur_reference,
0000783325,WEC Energy Group,capex,2025,4398100000.0,2025-01-01,2025-12-31,0000783325-26-000018,https://www.sec.gov/Archives/edgar/data/783325/000078332526000018/0000783325-26-000018-index.htm,PaymentsToAcquireOtherPropertyPlantAndEquipment,0000783325:capex:PaymentsToAcquireOtherPropertyPlantAndEquipment,2023;2024,2,2637000000.0,2023-01-01/2023-12-31;2024-01-01/2024-12-31,True,"[{""annee"": 2023, ""valeur"": 2492900000.0, ""debut"": ""2023-01-01"", ""fin"": ""2023-12-31"", ""depot"": ""0000783325-26-000018"", ""source_url"": ""https://www.sec.gov/Archives/edgar/data/783325/000078332526000018/0000783325-26-000018-index.htm"", ""perimetre_id"": ""0000783325:capex:PaymentsToAcquireOtherPropertyPlantAndEquipment""}, {""annee"": 2024, ""valeur"": 2781100000.0, ""debut"": ""2024-01-01"", ""fin"": ""2024-12-31"", ""depot"": ""0000783325-26-000018"", ""source_url"": ""https://www.sec.gov/Archives/edgar/data/783325/000078332526000018/0000783325-26-000018-index.htm"", ""perimetre_id"": ""0000783325:capex:PaymentsToAcquireOtherPropertyPlantAndEquipment""}]",1.6678422449753507,comparable_sur_repli,
0000783325,WEC Energy Group,rd,2025,,,,,,,,,0,,,False,[],,valeur_recente_manquante,Aucune valeur annuelle collectée
0000789019,Microsoft,chiffre_affaires,2025,331839000000.0,2025-07-01,2026-06-30,0001193125-26-323660,https://www.sec.gov/Archives/edgar/data/789019/000119312526323660/0001193125-26-323660-index.htm,RevenueFromContractWithCustomerExcludingAssessedTax,0000789019:chiffre_affaires:RevenueFromContractWithCustomerExcludingAssessedTax,2017;2018;2019,3,126406000000.0,2017-07-01/2018-06-30;2018-07-01/2019-06-30;2019-07-01/2020-06-30,False,"[{""annee"": 2017, ""valeur"": 110360000000.0, ""debut"": ""2017-07-01"", ""fin"": ""2018-06-30"", ""depot"": ""0001564590-20-034944"", ""source_url"": ""https://www.sec.gov/Archives/edgar/data/789019/000156459020034944/0001564590-20-034944-index.htm"", ""perimetre_id"": ""0000789019:chiffre_affaires:RevenueFromContractWithCustomerExcludingAssessedTax""}, {""annee"": 2018, ""valeur"": 125843000000.0, ""debut"": ""2018-07-01"", ""fin"": ""2019-06-30"", ""depot"": ""0001564590-21-039151"", ""source_url"": ""https://www.sec.gov/Archives/edgar/data/789019/000156459021039151/0001564590-21-039151-index.htm"", ""perimetre_id"": ""0000789019:chiffre_affaires:RevenueFromContractWithCustomerExcludingAssessedTax""}, {""annee"": 2019, ""valeur"": 143015000000.0, ""debut"": ""2019-07-01"", ""fin"": ""2020-06-30"", ""depot"": ""0001564590-22-026876"", ""source_url"": ""https://www.sec.gov/Archives/edgar/data/789019/000156459022026876/0001564590-22-026876-index.htm"", ""perimetre_id"": ""0000789019:chiffre_affaires:RevenueFromContractWithCustomerExcludingAssessedTax""}]",2.625183931142509,comparable_sur_reference,
0000789019,Microsoft,capex,2025,115948000000.0,2025-07-01,2026-06-30,0001193125-26-323660,https://www.sec.gov/Archives/edgar/data/789019/000119312526323660/0001193125-26-323660-index.htm,PaymentsToAcquirePropertyPlantAndEquipment,0000789019:capex:PaymentsToAcquirePropertyPlantAndEquipment,2017;2018;2019,3,13666000000.0,2017-07-01/2018-06-30;2018-07-01/2019-06-30;2019-07-01/2020-06-30,False,"[{""annee"": 2017, ""valeur"": 11632000000.0, ""debut"": ""2017-07-01"", ""fin"": ""2018-06-30"", ""depot"": ""0001564590-20-034944"", ""source_url"": ""https://www.sec.gov/Archives/edgar/data/789019/000156459020034944/0001564590-20-034944-index.htm"", ""perimetre_id"": ""0000789019:capex:PaymentsToAcquirePropertyPlantAndEquipment""}, {""annee"": 2018, ""valeur"": 13925000000.0, ""debut"": ""2018-07-01"", ""fin"": ""2019-06-30"", ""depot"": ""0001564590-21-039151"", ""source_url"": ""https://www.sec.gov/Archives/edgar/data/789019/000156459021039151/0001564590-21-039151-index.htm"", ""perimetre_id"": ""0000789019:capex:PaymentsToAcquirePropertyPlantAndEquipment""}, {""annee"": 2019, ""valeur"": 15441000000.0, ""debut"": ""2019-07-01"", ""fin"": ""2020-06-30"", ""depot"": ""0001564590-22-026876"", ""source_url"": ""https://www.sec.gov/Archives/edgar/data/789019/000156459022026876/0001564590-22-026876-index.htm"", ""perimetre_id"": ""0000789019:capex:PaymentsToAcquirePropertyPlantAndEquipment""}]",8.484413873847505,comparable_sur_reference,
0000789019,Microsoft,rd,2025,35562000000.0,2025-07-01,2026-06-30,0001193125-26-323660,https://www.sec.gov/Archives/edgar/data/789019/000119312526323660/0001193125-26-323660-index.htm,ResearchAndDevelopmentExpense,0000789019:rd:ResearchAndDevelopmentExpense,2017;2018;2019,3,16957000000.0,2017-07-01/2018-06-30;2018-07-01/2019-06-30;2019-07-01/2020-06-30,False,"[{""annee"": 2017, ""valeur"": 14726000000.0, ""debut"": ""2017-07-01"", ""fin"": ""2018-06-30"", ""depot"": ""0001564590-20-034944"", ""source_url"": ""https://www.sec.gov/Archives/edgar/data/789019/000156459020034944/0001564590-20-034944-index.htm"", ""perimetre_id"": ""0000789019:rd:ResearchAndDevelopmentExpense""}, {""annee"": 2018, ""valeur"": 16876000000.0, ""debut"": ""2018-07-01"", ""fin"": ""2019-06-30"", ""depot"": ""0001564590-21-039151"", ""source_url"": ""https://www.sec.gov/Archives/edgar/data/789019/000156459021039151/0001564590-21-039151-index.htm"", ""perimetre_id"": ""0000789019:rd:ResearchAndDevelopmentExpense""}, {""annee"": 2019, ""valeur"": 19269000000.0, ""debut"": ""2019-07-01"", ""fin"": ""2020-06-30"", ""depot"": ""0001564590-22-026876"", ""source_url"": ""https://www.sec.gov/Archives/edgar/data/789019/000156459022026876/0001564590-22-026876-index.htm"", ""perimetre_id"": ""0000789019:rd:ResearchAndDevelopmentExpense""}]",2.0971870024178805,comparable_sur_reference,
0000813672,Cadence Design Systems,chiffre_affaires,2025,5296759000.0,2025-01-01,2025-12-31,0000813672-26-000016,https://www.sec.gov/Archives/edgar/data/813672/000081367226000016/0000813672-26-000016-index.htm,RevenueFromContractWithCustomerExcludingAssessedTax,0000813672:chiffre_affaires:RevenueFromContractWithCustomerExcludingAssessedTax,2017;2018;2019,3,2139124333.3333333,2017-01-01/2017-12-30;2017-12-31/2018-12-29;2018-12-30/2019-12-28,False,"[{""annee"": 2017, ""valeur"": 1943032000.0, ""debut"": ""2017-01-01"", ""fin"": ""2017-12-30"", ""depot"": ""0000813672-20-000007"", ""source_url"": ""https://www.sec.gov/Archives/edgar/data/813672/000081367220000007/0000813672-20-000007-index.htm"", ""perimetre_id"": ""0000813672:chiffre_affaires:RevenueFromContractWithCustomerExcludingAssessedTax""}, {""annee"": 2018, ""valeur"": 2138022000.0, ""debut"": ""2017-12-31"", ""fin"": ""2018-12-29"", ""depot"": ""0000813672-21-000009"", ""source_url"": ""https://www.sec.gov/Archives/edgar/data/813672/000081367221000009/0000813672-21-000009-index.htm"", ""perimetre_id"": ""0000813672:chiffre_affaires:RevenueFromContractWithCustomerExcludingAssessedTax""}, {""annee"": 2019, ""valeur"": 2336319000.0, ""debut"": ""2018-12-30"", ""fin"": ""2019-12-28"", ""depot"": ""0000813672-22-000012"", ""source_url"": ""https://www.sec.gov/Archives/edgar/data/813672/000081367222000012/0000813672-22-000012-index.htm"", ""perimetre_id"": ""0000813672:chiffre_affaires:RevenueFromContractWithCustomerExcludingAssessedTax""}]",2.476134237483157,comparable_sur_reference,
0000813672,Cadence Design Systems,capex,2025,141871000.0,2025-01-01,2025-12-31,0000813672-26-000016,https://www.sec.gov/Archives/edgar/data/813672/000081367226000016/0000813672-26-000016-index.htm,PaymentsToAcquirePropertyPlantAndEquipment,0000813672:capex:PaymentsToAcquirePropertyPlantAndEquipment,2017;2018;2019,3,64669666.666666664,2017-01-01/2017-12-30;2017-12-31/2018-12-29;2018-12-30/2019-12-28,False,"[{""annee"": 2017, ""valeur"": 57901000.0, ""debut"": ""2017-01-01"", ""fin"": ""2017-12-30"", ""depot"": ""0000813672-20-000007"", ""source_url"": ""https://www.sec.gov/Archives/edgar/data/813672/000081367220000007/0000813672-20-000007-index.htm"", ""perimetre_id"": ""0000813672:capex:PaymentsToAcquirePropertyPlantAndEquipment""}, {""annee"": 2018, ""valeur"": 61503000.0, ""debut"": ""2017-12-31"", ""fin"": ""2018-12-29"", ""depot"": ""0000813672-21-000009"", ""source_url"": ""https://www.sec.gov/Archives/edgar/data/813672/000081367221000009/0000813672-21-000009-index.htm"", ""perimetre_id"": ""0000813672:capex:PaymentsToAcquirePropertyPlantAndEquipment""}, {""annee"": 2019, ""valeur"": 74605000.0, ""debut"": ""2018-12-30"", ""fin"": ""2019-12-28"", ""depot"": ""0000813672-22-000012"", ""source_url"": ""https://www.sec.gov/Archives/edgar/data/813672/000081367222000012/0000813672-22-000012-index.htm"", ""perimetre_id"": ""0000813672:capex:PaymentsToAcquirePropertyPlantAndEquipment""}]",2.1937796700153087,comparable_sur_reference,
0000813672,Cadence Design Systems,rd,2025,,,,,,,,,0,,,False,[],,valeur_recente_manquante,Aucune valeur annuelle collectée
0000815556,Fastenal,chiffre_affaires,2025,8200500000.0,2025-01-01,2025-12-31,0000815556-26-000009,https://www.sec.gov/Archives/edgar/data/815556/000081555626000009/0000815556-26-000009-index.htm,RevenueFromContractWithCustomerExcludingAssessedTax,0000815556:chiffre_affaires:RevenueFromContractWithCustomerExcludingAssessedTax,2017;2018;2019,3,4896433333.333333,2017-01-01/2017-12-31;2018-01-01/2018-12-31;2019-01-01/2019-12-31,False,"[{""annee"": 2017, ""valeur"": 4390500000.0, ""debut"": ""2017-01-01"", ""fin"": ""2017-12-31"", ""depot"": ""0000815556-20-000011"", ""source_url"": ""https://www.sec.gov/Archives/edgar/data/815556/000081555620000011/0000815556-20-000011-index.htm"", ""perimetre_id"": ""0000815556:chiffre_affaires:RevenueFromContractWithCustomerExcludingAssessedTax""}, {""annee"": 2018, ""valeur"": 4965100000.0, ""debut"": ""2018-01-01"", ""fin"": ""2018-12-31"", ""depot"": ""0000815556-21-000008"", ""source_url"": ""https://www.sec.gov/Archives/edgar/data/815556/000081555621000008/0000815556-21-000008-index.htm"", ""perimetre_id"": ""0000815556:chiffre_affaires:RevenueFromContractWithCustomerExcludingAssessedTax""}, {""annee"": 2019, ""valeur"": 5333700000.0, ""debut"": ""2019-01-01"", ""fin"": ""2019-12-31"", ""depot"": ""0000815556-22-000009"", ""source_url"": ""https://www.sec.gov/Archives/edgar/data/815556/000081555622000009/0000815556-22-000009-index.htm"", ""perimetre_id"": ""0000815556:chiffre_affaires:RevenueFromContractWithCustomerExcludingAssessedTax""}]",1.6747904937607647,comparable_sur_reference,
0000815556,Fastenal,capex,2025,245300000.0,2025-01-01,2025-12-31,0000815556-26-000009,https://www.sec.gov/Archives/edgar/data/815556/000081555626000009/0000815556-26-000009-index.htm,PaymentsToAcquirePropertyPlantAndEquipment,0000815556:capex:PaymentsToAcquirePropertyPlantAndEquipment,2017;2018;2019,3,180866666.66666666,2017-01-01/2017-12-31;2018-01-01/2018-12-31;2019-01-01/2019-12-31,False,"[{""annee"": 2017, ""valeur"": 119900000.0, ""debut"": ""2017-01-01"", ""fin"": ""2017-12-31"", ""depot"": ""0000815556-20-000011"", ""source_url"": ""https://www.sec.gov/Archives/edgar/data/815556/000081555620000011/0000815556-20-000011-index.htm"", ""perimetre_id"": ""0000815556:capex:PaymentsToAcquirePropertyPlantAndEquipment""}, {""annee"": 2018, ""valeur"": 176300000.0, ""debut"": ""2018-01-01"", ""fin"": ""2018-12-31"", ""depot"": ""0000815556-21-000008"", ""source_url"": ""https://www.sec.gov/Archives/edgar/data/815556/000081555621000008/0000815556-21-000008-index.htm"", ""perimetre_id"": ""0000815556:capex:PaymentsToAcquirePropertyPlantAndEquipment""}, {""annee"": 2019, ""valeur"": 246400000.0, ""debut"": ""2019-01-01"", ""fin"": ""2019-12-31"", ""depot"": ""0000815556-22-000009"", ""source_url"": ""https://www.sec.gov/Archives/edgar/data/815556/000081555622000009/0000815556-22-000009-index.htm"", ""perimetre_id"": ""0000815556:capex:PaymentsToAcquirePropertyPlantAndEquipment""}]",1.3562476962771841,comparable_sur_reference,
0000815556,Fastenal,rd,2025,,,,,,,,,0,,,False,[],,valeur_recente_manquante,Aucune valeur annuelle collectée
0000820313,Amphenol,chiffre_affaires,2025,23094700000.0,2025-01-01,2025-12-31,0001104659-26-013549,https://www.sec.gov/Archives/edgar/data/820313/000110465926013549/0001104659-26-013549-index.htm,RevenueFromContractWithCustomerExcludingAssessedTax,0000820313:chiffre_affaires:RevenueFromContractWithCustomerExcludingAssessedTax,2017;2018;2019,3,7812900000.0,2017-01-01/2017-12-31;2018-01-01/2018-12-31;2019-01-01/2019-12-31,False,"[{""annee"": 2017, ""valeur"": 7011300000.0, ""debut"": ""2017-01-01"", ""fin"": ""2017-12-31"", ""depot"": ""0001558370-20-000728"", ""source_url"": ""https://www.sec.gov/Archives/edgar/data/820313/000155837020000728/0001558370-20-000728-index.htm"", ""perimetre_id"": ""0000820313:chiffre_affaires:RevenueFromContractWithCustomerExcludingAssessedTax""}, {""annee"": 2018, ""valeur"": 8202000000.0, ""debut"": ""2018-01-01"", ""fin"": ""2018-12-31"", ""depot"": ""0001558370-21-000881"", ""source_url"": ""https://www.sec.gov/Archives/edgar/data/820313/000155837021000881/0001558370-21-000881-index.htm"", ""perimetre_id"": ""0000820313:chiffre_affaires:RevenueFromContractWithCustomerExcludingAssessedTax""}, {""annee"": 2019, ""valeur"": 8225400000.0, ""debut"": ""2019-01-01"", ""fin"": ""2019-12-31"", ""depot"": ""0001558370-22-000961"", ""source_url"": ""https://www.sec.gov/Archives/edgar/data/820313/000155837022000961/0001558370-22-000961-index.htm"", ""perimetre_id"": ""0000820313:chiffre_affaires:RevenueFromContractWithCustomerExcludingAssessedTax""}]",2.955970254322979,comparable_sur_reference,
0000820313,Amphenol,capex,2025,996600000.0,2025-01-01,2025-12-31,0001104659-26-013549,https://www.sec.gov/Archives/edgar/data/820313/000110465926013549/0001104659-26-013549-index.htm,PaymentsToAcquirePropertyPlantAndEquipment,0000820313:capex:PaymentsToAcquirePropertyPlantAndEquipment,2017;2018;2019,3,277400000.0,2017-01-01/2017-12-31;2018-01-01/2018-12-31;2019-01-01/2019-12-31,False,"[{""annee"": 2017, ""valeur"": 226600000.0, ""debut"": ""2017-01-01"", ""fin"": ""2017-12-31"", ""depot"": ""0001558370-20-000728"", ""source_url"": ""https://www.sec.gov/Archives/edgar/data/820313/000155837020000728/0001558370-20-000728-index.htm"", ""perimetre_id"": ""0000820313:capex:PaymentsToAcquirePropertyPlantAndEquipment""}, {""annee"": 2018, ""valeur"": 310600000.0, ""debut"": ""2018-01-01"", ""fin"": ""2018-12-31"", ""depot"": ""0001558370-21-000881"", ""source_url"": ""https://www.sec.gov/Archives/edgar/data/820313/000155837021000881/0001558370-21-000881-index.htm"", ""perimetre_id"": ""0000820313:capex:PaymentsToAcquirePropertyPlantAndEquipment""}, {""annee"": 2019, ""valeur"": 295000000.0, ""debut"": ""2019-01-01"", ""fin"": ""2019-12-31"", ""depot"": ""0001558370-22-000961"", ""source_url"": ""https://www.sec.gov/Archives/edgar/data/820313/000155837022000961/0001558370-22-000961-index.htm"", ""perimetre_id"": ""0000820313:capex:PaymentsToAcquirePropertyPlantAndEquipment""}]",3.592645998558039,comparable_sur_reference,
0000820313,Amphenol,rd,2025,647000000.0,2025-01-01,2025-12-31,0001104659-26-013549,https://www.sec.gov/Archives/edgar/data/820313/000110465926013549/0001104659-26-013549-index.htm,ResearchAndDevelopmentExpense,0000820313:rd:ResearchAndDevelopmentExpense,2017;2018;2019,3,216266666.66666666,2017-01-01/2017-12-31;2018-01-01/2018-12-31;2019-01-01/2019-12-31,False,"[{""annee"": 2017, ""valeur"": 193700000.0, ""debut"": ""2017-01-01"", ""fin"": ""2017-12-31"", ""depot"": ""0001558370-20-000728"", ""source_url"": ""https://www.sec.gov/Archives/edgar/data/820313/000155837020000728/0001558370-20-000728-index.htm"", ""perimetre_id"": ""0000820313:rd:ResearchAndDevelopmentExpense""}, {""annee"": 2018, ""valeur"": 220900000.0, ""debut"": ""2018-01-01"", ""fin"": ""2018-12-31"", ""depot"": ""0001558370-21-000881"", ""source_url"": ""https://www.sec.gov/Archives/edgar/data/820313/000155837021000881/0001558370-21-000881-index.htm"", ""perimetre_id"": ""0000820313:rd:ResearchAndDevelopmentExpense""}, {""annee"": 2019, ""valeur"": 234200000.0, ""debut"": ""2019-01-01"", ""fin"": ""2019-12-31"", ""depot"": ""0001558370-22-000961"", ""source_url"": ""https://www.sec.gov/Archives/edgar/data/820313/000155837022000961/0001558370-22-000961-index.htm"", ""perimetre_id"": ""0000820313:rd:ResearchAndDevelopmentExpense""}]",2.991676942046856,comparable_sur_reference,
0000820318,Coherent Corp.,chiffre_affaires,2025,7118181000.0,2025-07-01,2026-06-30,0000820318-26-000020,https://www.sec.gov/Archives/edgar/data/820318/000082031826000020/0000820318-26-000020-index.htm,RevenueFromContractWithCustomerExcludingAssessedTax,0000820318:chiffre_affaires:RevenueFromContractWithCustomerExcludingAssessedTax,2017;2018;2019,3,1633787000.0,2017-07-01/2018-06-30;2018-07-01/2019-06-30;2019-07-01/2020-06-30,False,"[{""annee"": 2017, ""valeur"": 1158794000.0, ""debut"": ""2017-07-01"", ""fin"": ""2018-06-30"", ""depot"": ""0000820318-20-000023"", ""source_url"": ""https://www.sec.gov/Archives/edgar/data/820318/000082031820000023/0000820318-20-000023-index.htm"", ""perimetre_id"": ""0000820318:chiffre_affaires:RevenueFromContractWithCustomerExcludingAssessedTax""}, {""annee"": 2018, ""valeur"": 1362496000.0, ""debut"": ""2018-07-01"", ""fin"": ""2019-06-30"", ""depot"": ""0000820318-21-000017"", ""source_url"": ""https://www.sec.gov/Archives/edgar/data/820318/000082031821000017/0000820318-21-000017-index.htm"", ""perimetre_id"": ""0000820318:chiffre_affaires:RevenueFromContractWithCustomerExcludingAssessedTax""}, {""annee"": 2019, ""valeur"": 2380071000.0, ""debut"": ""2019-07-01"", ""fin"": ""2020-06-30"", ""depot"": ""0000820318-22-000019"", ""source_url"": ""https://www.sec.gov/Archives/edgar/data/820318/000082031822000019/0000820318-22-000019-index.htm"", ""perimetre_id"": ""0000820318:chiffre_affaires:RevenueFromContractWithCustomerExcludingAssessedTax""}]",4.356859859945024,comparable_sur_reference,
0000820318,Coherent Corp.,capex,2025,1102909000.0,2025-07-01,2026-06-30,0000820318-26-000020,https://www.sec.gov/Archives/edgar/data/820318/000082031826000020/0000820318-26-000020-index.htm,PaymentsToAcquirePropertyPlantAndEquipment,0000820318:capex:PaymentsToAcquirePropertyPlantAndEquipment,2017;2018;2019,3,142479000.0,2017-07-01/2018-06-30;2018-07-01/2019-06-30;2019-07-01/2020-06-30,False,"[{""annee"": 2017, ""valeur"": 153438000.0, ""debut"": ""2017-07-01"", ""fin"": ""2018-06-30"", ""depot"": ""0000820318-20-000023"", ""source_url"": ""https://www.sec.gov/Archives/edgar/data/820318/000082031820000023/0000820318-20-000023-index.htm"", ""perimetre_id"": ""0000820318:capex:PaymentsToAcquirePropertyPlantAndEquipment""}, {""annee"": 2018, ""valeur"": 137122000.0, ""debut"": ""2018-07-01"", ""fin"": ""2019-06-30"", ""depot"": ""0000820318-21-000017"", ""source_url"": ""https://www.sec.gov/Archives/edgar/data/820318/000082031821000017/0000820318-21-000017-index.htm"", ""perimetre_id"": ""0000820318:capex:PaymentsToAcquirePropertyPlantAndEquipment""}, {""annee"": 2019, ""valeur"": 136877000.0, ""debut"": ""2019-07-01"", ""fin"": ""2020-06-30"", ""depot"": ""0000820318-22-000019"", ""source_url"": ""https://www.sec.gov/Archives/edgar/data/820318/000082031822000019/0000820318-22-000019-index.htm"", ""perimetre_id"": ""0000820318:capex:PaymentsToAcquirePropertyPlantAndEquipment""}]",7.740853037991564,comparable_sur_reference,
0000820318,Coherent Corp.,rd,2025,722952000.0,2025-07-01,2026-06-30,0000820318-26-000020,https://www.sec.gov/Archives/edgar/data/820318/000082031826000020/0000820318-26-000020-index.htm,ResearchAndDevelopmentExpense,0000820318:rd:ResearchAndDevelopmentExpense,2017;2018;2019,3,198370333.33333334,2017-07-01/2018-06-30;2018-07-01/2019-06-30;2019-07-01/2020-06-30,False,"[{""annee"": 2017, ""valeur"": 116875000.0, ""debut"": ""2017-07-01"", ""fin"": ""2018-06-30"", ""depot"": ""0000820318-20-000023"", ""source_url"": ""https://www.sec.gov/Archives/edgar/data/820318/000082031820000023/0000820318-20-000023-index.htm"", ""perimetre_id"": ""0000820318:rd:ResearchAndDevelopmentExpense""}, {""annee"": 2018, ""valeur"": 139163000.0, ""debut"": ""2018-07-01"", ""fin"": ""2019-06-30"", ""depot"": ""0000820318-21-000017"", ""source_url"": ""https://www.sec.gov/Archives/edgar/data/820318/000082031821000017/0000820318-21-000017-index.htm"", ""perimetre_id"": ""0000820318:rd:ResearchAndDevelopmentExpense""}, {""annee"": 2019, ""valeur"": 339073000.0, ""debut"": ""2019-07-01"", ""fin"": ""2020-06-30"", ""depot"": ""0000820318-22-000019"", ""source_url"": ""https://www.sec.gov/Archives/edgar/data/820318/000082031822000019/0000820318-22-000019-index.htm"", ""perimetre_id"": ""0000820318:rd:ResearchAndDevelopmentExpense""}]",3.6444562442972823,comparable_sur_reference,
0000827054,Microchip Technology,chiffre_affaires,2025,4713100000.0,2025-04-01,2026-03-31,0000827054-26-000016,https://www.sec.gov/Archives/edgar/data/827054/000082705426000016/0000827054-26-000016-index.htm,RevenueFromContractWithCustomerExcludingAssessedTax,0000827054:chiffre_affaires:RevenueFromContractWithCustomerExcludingAssessedTax,2017;2018;2019,3,4868166666.666667,2017-04-01/2018-03-31;2018-04-01/2019-03-31;2019-04-01/2020-03-31,False,"[{""annee"": 2017, ""valeur"": 3980800000.0, ""debut"": ""2017-04-01"", ""fin"": ""2018-03-31"", ""depot"": ""0000827054-20-000119"", ""source_url"": ""https://www.sec.gov/Archives/edgar/data/827054/000082705420000119/0000827054-20-000119-index.htm"", ""perimetre_id"": ""0000827054:chiffre_affaires:RevenueFromContractWithCustomerExcludingAssessedTax""}, {""annee"": 2018, ""valeur"": 5349500000.0, ""debut"": ""2018-04-01"", ""fin"": ""2019-03-31"", ""depot"": ""0000827054-21-000106"", ""source_url"": ""https://www.sec.gov/Archives/edgar/data/827054/000082705421000106/0000827054-21-000106-index.htm"", ""perimetre_id"": ""0000827054:chiffre_affaires:RevenueFromContractWithCustomerExcludingAssessedTax""}, {""annee"": 2019, ""valeur"": 5274200000.0, ""debut"": ""2019-04-01"", ""fin"": ""2020-03-31"", ""depot"": ""0000827054-22-000094"", ""source_url"": ""https://www.sec.gov/Archives/edgar/data/827054/000082705422000094/0000827054-22-000094-index.htm"", ""perimetre_id"": ""0000827054:chiffre_affaires:RevenueFromContractWithCustomerExcludingAssessedTax""}]",0.9681468040672395,comparable_sur_reference,
0000827054,Microchip Technology,capex,2025,91100000.0,2025-04-01,2026-03-31,0000827054-26-000016,https://www.sec.gov/Archives/edgar/data/827054/000082705426000016/0000827054-26-000016-index.htm,PaymentsToAcquirePropertyPlantAndEquipment,0000827054:capex:PaymentsToAcquirePropertyPlantAndEquipment,2019;2020,2,80100000.0,2019-04-01/2020-03-31;2020-04-01/2021-03-31,True,"[{""annee"": 2019, ""valeur"": 67600000.0, ""debut"": ""2019-04-01"", ""fin"": ""2020-03-31"", ""depot"": ""0000827054-22-000094"", ""source_url"": ""https://www.sec.gov/Archives/edgar/data/827054/000082705422000094/0000827054-22-000094-index.htm"", ""perimetre_id"": ""0000827054:capex:PaymentsToAcquirePropertyPlantAndEquipment""}, {""annee"": 2020, ""valeur"": 92600000.0, ""debut"": ""2020-04-01"", ""fin"": ""2021-03-31"", ""depot"": ""0000827054-23-000080"", ""source_url"": ""https://www.sec.gov/Archives/edgar/data/827054/000082705423000080/0000827054-23-000080-index.htm"", ""perimetre_id"": ""0000827054:capex:PaymentsToAcquirePropertyPlantAndEquipment""}]",1.1373283395755305,comparable_sur_repli,
0000827054,Microchip Technology,rd,2025,1085900000.0,2025-04-01,2026-03-31,0000827054-26-000016,https://www.sec.gov/Archives/edgar/data/827054/000082705426000016/0000827054-26-000016-index.htm,ResearchAndDevelopmentExpense,0000827054:rd:ResearchAndDevelopmentExpense,2017;2018;2019,3,744466666.6666666,2017-04-01/2018-03-31;2018-04-01/2019-03-31;2019-04-01/2020-03-31,False,"[{""annee"": 2017, ""valeur"": 529300000.0, ""debut"": ""2017-04-01"", ""fin"": ""2018-03-31"", ""depot"": ""0000827054-20-000119"", ""source_url"": ""https://www.sec.gov/Archives/edgar/data/827054/000082705420000119/0000827054-20-000119-index.htm"", ""perimetre_id"": ""0000827054:rd:ResearchAndDevelopmentExpense""}, {""annee"": 2018, ""valeur"": 826300000.0, ""debut"": ""2018-04-01"", ""fin"": ""2019-03-31"", ""depot"": ""0000827054-21-000106"", ""source_url"": ""https://www.sec.gov/Archives/edgar/data/827054/000082705421000106/0000827054-21-000106-index.htm"", ""perimetre_id"": ""0000827054:rd:ResearchAndDevelopmentExpense""}, {""annee"": 2019, ""valeur"": 877800000.0, ""debut"": ""2019-04-01"", ""fin"": ""2020-03-31"", ""depot"": ""0000827054-22-000094"", ""source_url"": ""https://www.sec.gov/Archives/edgar/data/827054/000082705422000094/0000827054-22-000094-index.htm"", ""perimetre_id"": ""0000827054:rd:ResearchAndDevelopmentExpense""}]",1.4586281006537118,comparable_sur_reference,
0000832101,IDEX Corporation,chiffre_affaires,2025,3457500000.0,2025-01-01,2025-12-31,0000832101-26-000003,https://www.sec.gov/Archives/edgar/data/832101/000083210126000003/0000832101-26-000003-index.htm,RevenueFromContractWithCustomerExcludingAssessedTax,0000832101:chiffre_affaires:RevenueFromContractWithCustomerExcludingAssessedTax,2018;2019,2,2489133000.0,2018-01-01/2018-12-31;2019-01-01/2019-12-31,False,"[{""annee"": 2018, ""valeur"": 2483666000.0, ""debut"": ""2018-01-01"", ""fin"": ""2018-12-31"", ""depot"": ""0000832101-21-000017"", ""source_url"": ""https://www.sec.gov/Archives/edgar/data/832101/000083210121000017/0000832101-21-000017-index.htm"", ""perimetre_id"": ""0000832101:chiffre_affaires:RevenueFromContractWithCustomerExcludingAssessedTax""}, {""annee"": 2019, ""valeur"": 2494600000.0, ""debut"": ""2019-01-01"", ""fin"": ""2019-12-31"", ""depot"": ""0000832101-22-000008"", ""source_url"": ""https://www.sec.gov/Archives/edgar/data/832101/000083210122000008/0000832101-22-000008-index.htm"", ""perimetre_id"": ""0000832101:chiffre_affaires:RevenueFromContractWithCustomerExcludingAssessedTax""}]",1.389037869812501,comparable_sur_reference,
0000832101,IDEX Corporation,capex,2025,63600000.0,2025-01-01,2025-12-31,0000832101-26-000003,https://www.sec.gov/Archives/edgar/data/832101/000083210126000003/0000832101-26-000003-index.htm,PaymentsToAcquirePropertyPlantAndEquipment,0000832101:capex:PaymentsToAcquirePropertyPlantAndEquipment,2017;2018;2019,3,50282333.333333336,2017-01-01/2017-12-31;2018-01-01/2018-12-31;2019-01-01/2019-12-31,False,"[{""annee"": 2017, ""valeur"": 43858000.0, ""debut"": ""2017-01-01"", ""fin"": ""2017-12-31"", ""depot"": ""0000832101-20-000007"", ""source_url"": ""https://www.sec.gov/Archives/edgar/data/832101/000083210120000007/0000832101-20-000007-index.htm"", ""perimetre_id"": ""0000832101:capex:PaymentsToAcquirePropertyPlantAndEquipment""}, {""annee"": 2018, ""valeur"": 56089000.0, ""debut"": ""2018-01-01"", ""fin"": ""2018-12-31"", ""depot"": ""0000832101-21-000017"", ""source_url"": ""https://www.sec.gov/Archives/edgar/data/832101/000083210121000017/0000832101-21-000017-index.htm"", ""perimetre_id"": ""0000832101:capex:PaymentsToAcquirePropertyPlantAndEquipment""}, {""annee"": 2019, ""valeur"": 50900000.0, ""debut"": ""2019-01-01"", ""fin"": ""2019-12-31"", ""depot"": ""0000832101-22-000008"", ""source_url"": ""https://www.sec.gov/Archives/edgar/data/832101/000083210122000008/0000832101-22-000008-index.htm"", ""perimetre_id"": ""0000832101:capex:PaymentsToAcquirePropertyPlantAndEquipment""}]",1.2648577697932342,comparable_sur_reference,
0000832101,IDEX Corporation,rd,2025,70000000.0,2025-01-01,2025-12-31,0000832101-26-000003,https://www.sec.gov/Archives/edgar/data/832101/000083210126000003/0000832101-26-000003-index.htm,ResearchAndDevelopmentExpense,0000832101:rd:ResearchAndDevelopmentExpense,2017;2018;2019,3,48933333.333333336,2017-01-01/2017-12-31;2018-01-01/2018-12-31;2019-01-01/2019-12-31,False,"[{""annee"": 2017, ""valeur"": 42400000.0, ""debut"": ""2017-01-01"", ""fin"": ""2017-12-31"", ""depot"": ""0000832101-20-000007"", ""source_url"": ""https://www.sec.gov/Archives/edgar/data/832101/000083210120000007/0000832101-20-000007-index.htm"", ""perimetre_id"": ""0000832101:rd:ResearchAndDevelopmentExpense""}, {""annee"": 2018, ""valeur"": 48000000.0, ""debut"": ""2018-01-01"", ""fin"": ""2018-12-31"", ""depot"": ""0000832101-21-000017"", ""source_url"": ""https://www.sec.gov/Archives/edgar/data/832101/000083210121000017/0000832101-21-000017-index.htm"", ""perimetre_id"": ""0000832101:rd:ResearchAndDevelopmentExpense""}, {""annee"": 2019, ""valeur"": 56400000.0, ""debut"": ""2019-01-01"", ""fin"": ""2019-12-31"", ""depot"": ""0000832101-22-000008"", ""source_url"": ""https://www.sec.gov/Archives/edgar/data/832101/000083210122000008/0000832101-22-000008-index.htm"", ""perimetre_id"": ""0000832101:rd:ResearchAndDevelopmentExpense""}]",1.430517711171662,comparable_sur_reference,
0000833444,Johnson Controls,chiffre_affaires,2025,23596000000.0,2024-10-01,2025-09-30,0000833444-25-000097,https://www.sec.gov/Archives/edgar/data/833444/000083344425000097/0000833444-25-000097-index.htm,RevenueFromContractWithCustomerExcludingAssessedTax,0000833444:chiffre_affaires:RevenueFromContractWithCustomerExcludingAssessedTax,2019;2020,2,23142500000.0,2018-10-01/2019-09-30;2019-10-01/2020-09-30,True,"[{""annee"": 2019, ""valeur"": 23968000000.0, ""debut"": ""2018-10-01"", ""fin"": ""2019-09-30"", ""depot"": ""0000833444-21-000046"", ""source_url"": ""https://www.sec.gov/Archives/edgar/data/833444/000083344421000046/0000833444-21-000046-index.htm"", ""perimetre_id"": ""0000833444:chiffre_affaires:RevenueFromContractWithCustomerExcludingAssessedTax""}, {""annee"": 2020, ""valeur"": 22317000000.0, ""debut"": ""2019-10-01"", ""fin"": ""2020-09-30"", ""depot"": ""0000833444-22-000043"", ""source_url"": ""https://www.sec.gov/Archives/edgar/data/833444/000083344422000043/0000833444-22-000043-index.htm"", ""perimetre_id"": ""0000833444:chiffre_affaires:RevenueFromContractWithCustomerExcludingAssessedTax""}]",1.0195959814194664,comparable_sur_repli,
0000833444,Johnson Controls,capex,2025,434000000.0,2024-10-01,2025-09-30,0000833444-25-000097,https://www.sec.gov/Archives/edgar/data/833444/000083344425000097/0000833444-25-000097-index.htm,PaymentsToAcquireProductiveAssets,0000833444:capex:PaymentsToAcquireProductiveAssets,2017;2018;2019,3,663666666.6666666,2016-10-01/2017-09-30;2017-10-01/2018-09-30;2018-10-01/2019-09-30,False,"[{""annee"": 2017, ""valeur"": 760000000.0, ""debut"": ""2016-10-01"", ""fin"": ""2017-09-30"", ""depot"": ""0000833444-19-000051"", ""source_url"": ""https://www.sec.gov/Archives/edgar/data/833444/000083344419000051/0000833444-19-000051-index.htm"", ""perimetre_id"": ""0000833444:capex:PaymentsToAcquireProductiveAssets""}, {""annee"": 2018, ""valeur"": 645000000.0, ""debut"": ""2017-10-01"", ""fin"": ""2018-09-30"", ""depot"": ""0000833444-20-000048"", ""source_url"": ""https://www.sec.gov/Archives/edgar/data/833444/000083344420000048/0000833444-20-000048-index.htm"", ""perimetre_id"": ""0000833444:capex:PaymentsToAcquireProductiveAssets""}, {""annee"": 2019, ""valeur"": 586000000.0, ""debut"": ""2018-10-01"", ""fin"": ""2019-09-30"", ""depot"": ""0000833444-21-000046"", ""source_url"": ""https://www.sec.gov/Archives/edgar/data/833444/000083344421000046/0000833444-21-000046-index.htm"", ""perimetre_id"": ""0000833444:capex:PaymentsToAcquireProductiveAssets""}]",0.6539427423405324,comparable_sur_reference,
0000833444,Johnson Controls,rd,2025,273000000.0,2024-10-01,2025-09-30,0000833444-25-000097,https://www.sec.gov/Archives/edgar/data/833444/000083344425000097/0000833444-25-000097-index.htm,ResearchAndDevelopmentExpense,0000833444:rd:ResearchAndDevelopmentExpense,2017;2018;2019,3,312000000.0,2016-10-01/2017-09-30;2017-10-01/2018-09-30;2018-10-01/2019-09-30,False,"[{""annee"": 2017, ""valeur"": 307000000.0, ""debut"": ""2016-10-01"", ""fin"": ""2017-09-30"", ""depot"": ""0000833444-19-000051"", ""source_url"": ""https://www.sec.gov/Archives/edgar/data/833444/000083344419000051/0000833444-19-000051-index.htm"", ""perimetre_id"": ""0000833444:rd:ResearchAndDevelopmentExpense""}, {""annee"": 2018, ""valeur"": 310000000.0, ""debut"": ""2017-10-01"", ""fin"": ""2018-09-30"", ""depot"": ""0000833444-20-000048"", ""source_url"": ""https://www.sec.gov/Archives/edgar/data/833444/000083344420000048/0000833444-20-000048-index.htm"", ""perimetre_id"": ""0000833444:rd:ResearchAndDevelopmentExpense""}, {""annee"": 2019, ""valeur"": 319000000.0, ""debut"": ""2018-10-01"", ""fin"": ""2019-09-30"", ""depot"": ""0000833444-21-000046"", ""source_url"": ""https://www.sec.gov/Archives/edgar/data/833444/000083344421000046/0000833444-21-000046-index.htm"", ""perimetre_id"": ""0000833444:rd:ResearchAndDevelopmentExpense""}]",0.875,comparable_sur_reference,
0000849395,CRH plc,chiffre_affaires,2025,37447000000.0,2025-01-01,2025-12-31,0001628280-26-009043,https://www.sec.gov/Archives/edgar/data/849395/000162828026009043/0001628280-26-009043-index.htm,RevenueFromContractWithCustomerExcludingAssessedTax,0000849395:chiffre_affaires:RevenueFromContractWithCustomerExcludingAssessedTax,2021;2022,2,30964500000.0,2021-01-01/2021-12-31;2022-01-01/2022-12-31,True,"[{""annee"": 2021, ""valeur"": 29206000000.0, ""debut"": ""2021-01-01"", ""fin"": ""2021-12-31"", ""depot"": ""0001628280-24-007773"", ""source_url"": ""https://www.sec.gov/Archives/edgar/data/849395/000162828024007773/0001628280-24-007773-index.htm"", ""perimetre_id"": ""0000849395:chiffre_affaires:RevenueFromContractWithCustomerExcludingAssessedTax""}, {""annee"": 2022, ""valeur"": 32723000000.0, ""debut"": ""2022-01-01"", ""fin"": ""2022-12-31"", ""depot"": ""0001628280-25-008179"", ""source_url"": ""https://www.sec.gov/Archives/edgar/data/849395/000162828025008179/0001628280-25-008179-index.htm"", ""perimetre_id"": ""0000849395:chiffre_affaires:RevenueFromContractWithCustomerExcludingAssessedTax""}]",1.209352645771771,comparable_sur_repli,
0000849395,CRH plc,capex,2025,2713000000.0,2025-01-01,2025-12-31,0001628280-26-009043,https://www.sec.gov/Archives/edgar/data/849395/000162828026009043/0001628280-26-009043-index.htm,PaymentsToAcquirePropertyPlantAndEquipment,0000849395:capex:PaymentsToAcquirePropertyPlantAndEquipment,2021;2022,2,1538500000.0,2021-01-01/2021-12-31;2022-01-01/2022-12-31,True,"[{""annee"": 2021, ""valeur"": 1554000000.0, ""debut"": ""2021-01-01"", ""fin"": ""2021-12-31"", ""depot"": ""0001628280-24-007773"", ""source_url"": ""https://www.sec.gov/Archives/edgar/data/849395/000162828024007773/0001628280-24-007773-index.htm"", ""perimetre_id"": ""0000849395:capex:PaymentsToAcquirePropertyPlantAndEquipment""}, {""annee"": 2022, ""valeur"": 1523000000.0, ""debut"": ""2022-01-01"", ""fin"": ""2022-12-31"", ""depot"": ""0001628280-25-008179"", ""source_url"": ""https://www.sec.gov/Archives/edgar/data/849395/000162828025008179/0001628280-25-008179-index.htm"", ""perimetre_id"": ""0000849395:capex:PaymentsToAcquirePropertyPlantAndEquipment""}]",1.7634059148521286,comparable_sur_repli,
0000849395,CRH plc,rd,2025,,,,,,,,,0,,,False,[],,valeur_recente_manquante,Aucune valeur annuelle collectée
0000858877,Cisco,chiffre_affaires,2026,63325000000.0,2025-07-27,2026-07-25,0000858877-26-000132,https://www.sec.gov/Archives/edgar/data/858877/000085887726000132/0000858877-26-000132-index.htm,RevenueFromContractWithCustomerExcludingAssessedTax,0000858877:chiffre_affaires:RevenueFromContractWithCustomerExcludingAssessedTax,2018;2019,2,50617000000.0,2017-07-30/2018-07-28;2018-07-29/2019-07-27,False,"[{""annee"": 2018, ""valeur"": 49330000000.0, ""debut"": ""2017-07-30"", ""fin"": ""2018-07-28"", ""depot"": ""0000858877-20-000010"", ""source_url"": ""https://www.sec.gov/Archives/edgar/data/858877/000085887720000010/0000858877-20-000010-index.htm"", ""perimetre_id"": ""0000858877:chiffre_affaires:RevenueFromContractWithCustomerExcludingAssessedTax""}, {""annee"": 2019, ""valeur"": 51904000000.0, ""debut"": ""2018-07-29"", ""fin"": ""2019-07-27"", ""depot"": ""0000858877-21-000013"", ""source_url"": ""https://www.sec.gov/Archives/edgar/data/858877/000085887721000013/0000858877-21-000013-index.htm"", ""perimetre_id"": ""0000858877:chiffre_affaires:RevenueFromContractWithCustomerExcludingAssessedTax""}]",1.251061896200881,comparable_sur_reference,
0000858877,Cisco,capex,2026,1410000000.0,2025-07-27,2026-07-25,0000858877-26-000132,https://www.sec.gov/Archives/edgar/data/858877/000085887726000132/0000858877-26-000132-index.htm,PaymentsToAcquirePropertyPlantAndEquipment,0000858877:capex:PaymentsToAcquirePropertyPlantAndEquipment,2017;2018;2019,3,902333333.3333334,2016-07-31/2017-07-29;2017-07-30/2018-07-28;2018-07-29/2019-07-27,False,"[{""annee"": 2017, ""valeur"": 964000000.0, ""debut"": ""2016-07-31"", ""fin"": ""2017-07-29"", ""depot"": ""0000858877-19-000012"", ""source_url"": ""https://www.sec.gov/Archives/edgar/data/858877/000085887719000012/0000858877-19-000012-index.htm"", ""perimetre_id"": ""0000858877:capex:PaymentsToAcquirePropertyPlantAndEquipment""}, {""annee"": 2018, ""valeur"": 834000000.0, ""debut"": ""2017-07-30"", ""fin"": ""2018-07-28"", ""depot"": ""0000858877-20-000010"", ""source_url"": ""https://www.sec.gov/Archives/edgar/data/858877/000085887720000010/0000858877-20-000010-index.htm"", ""perimetre_id"": ""0000858877:capex:PaymentsToAcquirePropertyPlantAndEquipment""}, {""annee"": 2019, ""valeur"": 909000000.0, ""debut"": ""2018-07-29"", ""fin"": ""2019-07-27"", ""depot"": ""0000858877-21-000013"", ""source_url"": ""https://www.sec.gov/Archives/edgar/data/858877/000085887721000013/0000858877-21-000013-index.htm"", ""perimetre_id"": ""0000858877:capex:PaymentsToAcquirePropertyPlantAndEquipment""}]",1.5626154414480975,comparable_sur_reference,
0000858877,Cisco,rd,2026,9563000000.0,2025-07-27,2026-07-25,0000858877-26-000132,https://www.sec.gov/Archives/edgar/data/858877/000085887726000132/0000858877-26-000132-index.htm,ResearchAndDevelopmentExpense,0000858877:rd:ResearchAndDevelopmentExpense,2017;2018;2019,3,6322666666.666667,2016-07-31/2017-07-29;2017-07-30/2018-07-28;2018-07-29/2019-07-27,False,"[{""annee"": 2017, ""valeur"": 6059000000.0, ""debut"": ""2016-07-31"", ""fin"": ""2017-07-29"", ""depot"": ""0000858877-19-000012"", ""source_url"": ""https://www.sec.gov/Archives/edgar/data/858877/000085887719000012/0000858877-19-000012-index.htm"", ""perimetre_id"": ""0000858877:rd:ResearchAndDevelopmentExpense""}, {""annee"": 2018, ""valeur"": 6332000000.0, ""debut"": ""2017-07-30"", ""fin"": ""2018-07-28"", ""depot"": ""0000858877-20-000010"", ""source_url"": ""https://www.sec.gov/Archives/edgar/data/858877/000085887720000010/0000858877-20-000010-index.htm"", ""perimetre_id"": ""0000858877:rd:ResearchAndDevelopmentExpense""}, {""annee"": 2019, ""valeur"": 6577000000.0, ""debut"": ""2018-07-29"", ""fin"": ""2019-07-27"", ""depot"": ""0000858877-21-000013"", ""source_url"": ""https://www.sec.gov/Archives/edgar/data/858877/000085887721000013/0000858877-21-000013-index.htm"", ""perimetre_id"": ""0000858877:rd:ResearchAndDevelopmentExpense""}]",1.5124947279628849,comparable_sur_reference,
0000866374,Flex Ltd.,chiffre_affaires,2025,27914000000.0,2025-04-01,2026-03-31,0000866374-26-000012,https://www.sec.gov/Archives/edgar/data/866374/000086637426000012/0000866374-26-000012-index.htm,RevenueFromContractWithCustomerExcludingAssessedTax,0000866374:chiffre_affaires:RevenueFromContractWithCustomerExcludingAssessedTax,2017;2018;2019,3,25287377000.0,2017-04-01/2018-03-31;2018-04-01/2019-03-31;2019-04-01/2020-03-31,False,"[{""annee"": 2017, ""valeur"": 25441131000.0, ""debut"": ""2017-04-01"", ""fin"": ""2018-03-31"", ""depot"": ""0000866374-20-000009"", ""source_url"": ""https://www.sec.gov/Archives/edgar/data/866374/000086637420000009/0000866374-20-000009-index.htm"", ""perimetre_id"": ""0000866374:chiffre_affaires:RevenueFromContractWithCustomerExcludingAssessedTax""}, {""annee"": 2018, ""valeur"": 26211000000.0, ""debut"": ""2018-04-01"", ""fin"": ""2019-03-31"", ""depot"": ""0000866374-21-000030"", ""source_url"": ""https://www.sec.gov/Archives/edgar/data/866374/000086637421000030/0000866374-21-000030-index.htm"", ""perimetre_id"": ""0000866374:chiffre_affaires:RevenueFromContractWithCustomerExcludingAssessedTax""}, {""annee"": 2019, ""valeur"": 24210000000.0, ""debut"": ""2019-04-01"", ""fin"": ""2020-03-31"", ""depot"": ""0000866374-22-000035"", ""source_url"": ""https://www.sec.gov/Archives/edgar/data/866374/000086637422000035/0000866374-22-000035-index.htm"", ""perimetre_id"": ""0000866374:chiffre_affaires:RevenueFromContractWithCustomerExcludingAssessedTax""}]",1.103870915516465,comparable_sur_reference,
0000866374,Flex Ltd.,capex,2025,633000000.0,2025-04-01,2026-03-31,0000866374-26-000012,https://www.sec.gov/Archives/edgar/data/866374/000086637426000012/0000866374-26-000012-index.htm,PaymentsToAcquirePropertyPlantAndEquipment,0000866374:capex:PaymentsToAcquirePropertyPlantAndEquipment,2017;2018;2019,3,583332333.3333334,2017-04-01/2018-03-31;2018-04-01/2019-03-31;2019-04-01/2020-03-31,False,"[{""annee"": 2017, ""valeur"": 561997000.0, ""debut"": ""2017-04-01"", ""fin"": ""2018-03-31"", ""depot"": ""0000866374-20-000009"", ""source_url"": ""https://www.sec.gov/Archives/edgar/data/866374/000086637420000009/0000866374-20-000009-index.htm"", ""perimetre_id"": ""0000866374:capex:PaymentsToAcquirePropertyPlantAndEquipment""}, {""annee"": 2018, ""valeur"": 726000000.0, ""debut"": ""2018-04-01"", ""fin"": ""2019-03-31"", ""depot"": ""0000866374-21-000030"", ""source_url"": ""https://www.sec.gov/Archives/edgar/data/866374/000086637421000030/0000866374-21-000030-index.htm"", ""perimetre_id"": ""0000866374:capex:PaymentsToAcquirePropertyPlantAndEquipment""}, {""annee"": 2019, ""valeur"": 462000000.0, ""debut"": ""2019-04-01"", ""fin"": ""2020-03-31"", ""depot"": ""0000866374-22-000035"", ""source_url"": ""https://www.sec.gov/Archives/edgar/data/866374/000086637422000035/0000866374-22-000035-index.htm"", ""perimetre_id"": ""0000866374:capex:PaymentsToAcquirePropertyPlantAndEquipment""}]",1.085144717390944,comparable_sur_reference,
0000866374,Flex Ltd.,rd,2025,,,,,,,,,0,,,False,[],,valeur_recente_manquante,Aucune valeur annuelle collectée
0000874761,AES Corporation,chiffre_affaires,2025,12233000000.0,2025-01-01,2025-12-31,0000874761-26-000063,https://www.sec.gov/Archives/edgar/data/874761/000087476126000063/0000874761-26-000063-index.htm,Revenues,0000874761:chiffre_affaires:Revenues,2017;2018;2019,3,10485000000.0,2017-01-01/2017-12-31;2018-01-01/2018-12-31;2019-01-01/2019-12-31,False,"[{""annee"": 2017, ""valeur"": 10530000000.0, ""debut"": ""2017-01-01"", ""fin"": ""2017-12-31"", ""depot"": ""0000874761-20-000012"", ""source_url"": ""https://www.sec.gov/Archives/edgar/data/874761/000087476120000012/0000874761-20-000012-index.htm"", ""perimetre_id"": ""0000874761:chiffre_affaires:Revenues""}, {""annee"": 2018, ""valeur"": 10736000000.0, ""debut"": ""2018-01-01"", ""fin"": ""2018-12-31"", ""depot"": ""0000874761-21-000015"", ""source_url"": ""https://www.sec.gov/Archives/edgar/data/874761/000087476121000015/0000874761-21-000015-index.htm"", ""perimetre_id"": ""0000874761:chiffre_affaires:Revenues""}, {""annee"": 2019, ""valeur"": 10189000000.0, ""debut"": ""2019-01-01"", ""fin"": ""2019-12-31"", ""depot"": ""0000874761-22-000022"", ""source_url"": ""https://www.sec.gov/Archives/edgar/data/874761/000087476122000022/0000874761-22-000022-index.htm"", ""perimetre_id"": ""0000874761:chiffre_affaires:Revenues""}]",1.1667143538388174,comparable_sur_reference,
0000874761,AES Corporation,capex,2025,5929000000.0,2025-01-01,2025-12-31,0000874761-26-000063,https://www.sec.gov/Archives/edgar/data/874761/000087476126000063/0000874761-26-000063-index.htm,PaymentsToAcquirePropertyPlantAndEquipment,0000874761:capex:PaymentsToAcquirePropertyPlantAndEquipment,2017;2018;2019,3,2234333333.3333335,2017-01-01/2017-12-31;2018-01-01/2018-12-31;2019-01-01/2019-12-31,False,"[{""annee"": 2017, ""valeur"": 2177000000.0, ""debut"": ""2017-01-01"", ""fin"": ""2017-12-31"", ""depot"": ""0000874761-20-000012"", ""source_url"": ""https://www.sec.gov/Archives/edgar/data/874761/000087476120000012/0000874761-20-000012-index.htm"", ""perimetre_id"": ""0000874761:capex:PaymentsToAcquirePropertyPlantAndEquipment""}, {""annee"": 2018, ""valeur"": 2121000000.0, ""debut"": ""2018-01-01"", ""fin"": ""2018-12-31"", ""depot"": ""0000874761-21-000015"", ""source_url"": ""https://www.sec.gov/Archives/edgar/data/874761/000087476121000015/0000874761-21-000015-index.htm"", ""perimetre_id"": ""0000874761:capex:PaymentsToAcquirePropertyPlantAndEquipment""}, {""annee"": 2019, ""valeur"": 2405000000.0, ""debut"": ""2019-01-01"", ""fin"": ""2019-12-31"", ""depot"": ""0000874761-22-000022"", ""source_url"": ""https://www.sec.gov/Archives/edgar/data/874761/000087476122000022/0000874761-22-000022-index.htm"", ""perimetre_id"": ""0000874761:capex:PaymentsToAcquirePropertyPlantAndEquipment""}]",2.653587945695957,comparable_sur_reference,
0000874761,AES Corporation,rd,2025,,,,,,,,,0,,,False,[],,valeur_recente_manquante,Aucune valeur annuelle collectée
0000883241,Synopsys,chiffre_affaires,2025,7054178000.0,2024-11-01,2025-10-31,0000883241-25-000028,https://www.sec.gov/Archives/edgar/data/883241/000088324125000028/0000883241-25-000028-index.htm,RevenueFromContractWithCustomerExcludingAssessedTax,0000883241:chiffre_affaires:RevenueFromContractWithCustomerExcludingAssessedTax,2017;2018;2019,3,3068877333.3333335,2016-11-01/2017-10-31;2017-11-01/2018-10-31;2018-11-01/2019-10-31,False,"[{""annee"": 2017, ""valeur"": 2724880000.0, ""debut"": ""2016-11-01"", ""fin"": ""2017-10-31"", ""depot"": ""0000883241-19-000019"", ""source_url"": ""https://www.sec.gov/Archives/edgar/data/883241/000088324119000019/0000883241-19-000019-index.htm"", ""perimetre_id"": ""0000883241:chiffre_affaires:RevenueFromContractWithCustomerExcludingAssessedTax""}, {""annee"": 2018, ""valeur"": 3121058000.0, ""debut"": ""2017-11-01"", ""fin"": ""2018-10-31"", ""depot"": ""0000883241-20-000015"", ""source_url"": ""https://www.sec.gov/Archives/edgar/data/883241/000088324120000015/0000883241-20-000015-index.htm"", ""perimetre_id"": ""0000883241:chiffre_affaires:RevenueFromContractWithCustomerExcludingAssessedTax""}, {""annee"": 2019, ""valeur"": 3360694000.0, ""debut"": ""2018-11-01"", ""fin"": ""2019-10-31"", ""depot"": ""0000883241-21-000022"", ""source_url"": ""https://www.sec.gov/Archives/edgar/data/883241/000088324121000022/0000883241-21-000022-index.htm"", ""perimetre_id"": ""0000883241:chiffre_affaires:RevenueFromContractWithCustomerExcludingAssessedTax""}]",2.298618430713859,comparable_sur_reference,
0000883241,Synopsys,capex,2025,169454000.0,2024-11-01,2025-10-31,0000883241-25-000028,https://www.sec.gov/Archives/edgar/data/883241/000088324125000028/0000883241-25-000028-index.htm,PaymentsToAcquirePropertyPlantAndEquipment,0000883241:capex:PaymentsToAcquirePropertyPlantAndEquipment,2017;2018;2019,3,122477666.66666667,2016-11-01/2017-10-31;2017-11-01/2018-10-31;2018-11-01/2019-10-31,False,"[{""annee"": 2017, ""valeur"": 70328000.0, ""debut"": ""2016-11-01"", ""fin"": ""2017-10-31"", ""depot"": ""0000883241-19-000019"", ""source_url"": ""https://www.sec.gov/Archives/edgar/data/883241/000088324119000019/0000883241-19-000019-index.htm"", ""perimetre_id"": ""0000883241:capex:PaymentsToAcquirePropertyPlantAndEquipment""}, {""annee"": 2018, ""valeur"": 98976000.0, ""debut"": ""2017-11-01"", ""fin"": ""2018-10-31"", ""depot"": ""0000883241-20-000015"", ""source_url"": ""https://www.sec.gov/Archives/edgar/data/883241/000088324120000015/0000883241-20-000015-index.htm"", ""perimetre_id"": ""0000883241:capex:PaymentsToAcquirePropertyPlantAndEquipment""}, {""annee"": 2019, ""valeur"": 198129000.0, ""debut"": ""2018-11-01"", ""fin"": ""2019-10-31"", ""depot"": ""0000883241-21-000022"", ""source_url"": ""https://www.sec.gov/Archives/edgar/data/883241/000088324121000022/0000883241-21-000022-index.htm"", ""perimetre_id"": ""0000883241:capex:PaymentsToAcquirePropertyPlantAndEquipment""}]",1.3835501982674392,comparable_sur_reference,
0000883241,Synopsys,rd,2025,2479338000.0,2024-11-01,2025-10-31,0000883241-25-000028,https://www.sec.gov/Archives/edgar/data/883241/000088324125000028/0000883241-25-000028-index.htm,ResearchAndDevelopmentExpense,0000883241:rd:ResearchAndDevelopmentExpense,2017;2018;2019,3,1043531666.6666666,2016-11-01/2017-10-31;2017-11-01/2018-10-31;2018-11-01/2019-10-31,False,"[{""annee"": 2017, ""valeur"": 908841000.0, ""debut"": ""2016-11-01"", ""fin"": ""2017-10-31"", ""depot"": ""0000883241-19-000019"", ""source_url"": ""https://www.sec.gov/Archives/edgar/data/883241/000088324119000019/0000883241-19-000019-index.htm"", ""perimetre_id"": ""0000883241:rd:ResearchAndDevelopmentExpense""}, {""annee"": 2018, ""valeur"": 1084822000.0, ""debut"": ""2017-11-01"", ""fin"": ""2018-10-31"", ""depot"": ""0000883241-20-000015"", ""source_url"": ""https://www.sec.gov/Archives/edgar/data/883241/000088324120000015/0000883241-20-000015-index.htm"", ""perimetre_id"": ""0000883241:rd:ResearchAndDevelopmentExpense""}, {""annee"": 2019, ""valeur"": 1136932000.0, ""debut"": ""2018-11-01"", ""fin"": ""2019-10-31"", ""depot"": ""0000883241-21-000022"", ""source_url"": ""https://www.sec.gov/Archives/edgar/data/883241/000088324121000022/0000883241-21-000022-index.htm"", ""perimetre_id"": ""0000883241:rd:ResearchAndDevelopmentExpense""}]",2.3759106495730045,comparable_sur_reference,
0000898293,Jabil,chiffre_affaires,2025,29802000000.0,2024-09-01,2025-08-31,0001628280-25-045293,https://www.sec.gov/Archives/edgar/data/898293/000162828025045293/0001628280-25-045293-index.htm,RevenueFromContractWithCustomerExcludingAssessedTax,0000898293:chiffre_affaires:RevenueFromContractWithCustomerExcludingAssessedTax,2018;2020,2,24680708000.0,2017-09-01/2018-08-31;2019-09-01/2020-08-31,True,"[{""annee"": 2018, ""valeur"": 22095416000.0, ""debut"": ""2017-09-01"", ""fin"": ""2018-08-31"", ""depot"": ""0001193125-20-274411"", ""source_url"": ""https://www.sec.gov/Archives/edgar/data/898293/000119312520274411/0001193125-20-274411-index.htm"", ""perimetre_id"": ""0000898293:chiffre_affaires:RevenueFromContractWithCustomerExcludingAssessedTax""}, {""annee"": 2020, ""valeur"": 27266000000.0, ""debut"": ""2019-09-01"", ""fin"": ""2020-08-31"", ""depot"": ""0001193125-22-268383"", ""source_url"": ""https://www.sec.gov/Archives/edgar/data/898293/000119312522268383/0001193125-22-268383-index.htm"", ""perimetre_id"": ""0000898293:chiffre_affaires:RevenueFromContractWithCustomerExcludingAssessedTax""}]",1.2075018269330038,comparable_sur_repli,
0000898293,Jabil,capex,2025,468000000.0,2024-09-01,2025-08-31,0001628280-25-045293,https://www.sec.gov/Archives/edgar/data/898293/000162828025045293/0001628280-25-045293-index.htm,PaymentsToAcquirePropertyPlantAndEquipment,0000898293:capex:PaymentsToAcquirePropertyPlantAndEquipment,2017;2018;2019,3,919378666.6666666,2016-09-01/2017-08-31;2017-09-01/2018-08-31;2018-09-01/2019-08-31,False,"[{""annee"": 2017, ""valeur"": 716485000.0, ""debut"": ""2016-09-01"", ""fin"": ""2017-08-31"", ""depot"": ""0001193125-19-271646"", ""source_url"": ""https://www.sec.gov/Archives/edgar/data/898293/000119312519271646/0001193125-19-271646-index.htm"", ""perimetre_id"": ""0000898293:capex:PaymentsToAcquirePropertyPlantAndEquipment""}, {""annee"": 2018, ""valeur"": 1036651000.0, ""debut"": ""2017-09-01"", ""fin"": ""2018-08-31"", ""depot"": ""0001193125-20-274411"", ""source_url"": ""https://www.sec.gov/Archives/edgar/data/898293/000119312520274411/0001193125-20-274411-index.htm"", ""perimetre_id"": ""0000898293:capex:PaymentsToAcquirePropertyPlantAndEquipment""}, {""annee"": 2019, ""valeur"": 1005000000.0, ""debut"": ""2018-09-01"", ""fin"": ""2019-08-31"", ""depot"": ""0001193125-21-305429"", ""source_url"": ""https://www.sec.gov/Archives/edgar/data/898293/000119312521305429/0001193125-21-305429-index.htm"", ""perimetre_id"": ""0000898293:capex:PaymentsToAcquirePropertyPlantAndEquipment""}]",0.5090394382292969,comparable_sur_reference,
0000898293,Jabil,rd,2025,26000000.0,2024-09-01,2025-08-31,0001628280-25-045293,https://www.sec.gov/Archives/edgar/data/898293/000162828025045293/0001628280-25-045293-index.htm,ResearchAndDevelopmentExpense,0000898293:rd:ResearchAndDevelopmentExpense,2017;2018;2019,3,37070333.333333336,2016-09-01/2017-08-31;2017-09-01/2018-08-31;2018-09-01/2019-08-31,False,"[{""annee"": 2017, ""valeur"": 29680000.0, ""debut"": ""2016-09-01"", ""fin"": ""2017-08-31"", ""depot"": ""0001193125-19-271646"", ""source_url"": ""https://www.sec.gov/Archives/edgar/data/898293/000119312519271646/0001193125-19-271646-index.htm"", ""perimetre_id"": ""0000898293:rd:ResearchAndDevelopmentExpense""}, {""annee"": 2018, ""valeur"": 38531000.0, ""debut"": ""2017-09-01"", ""fin"": ""2018-08-31"", ""depot"": ""0001193125-20-274411"", ""source_url"": ""https://www.sec.gov/Archives/edgar/data/898293/000119312520274411/0001193125-20-274411-index.htm"", ""perimetre_id"": ""0000898293:rd:ResearchAndDevelopmentExpense""}, {""annee"": 2019, ""valeur"": 43000000.0, ""debut"": ""2018-09-01"", ""fin"": ""2019-08-31"", ""depot"": ""0001193125-21-305429"", ""source_url"": ""https://www.sec.gov/Archives/edgar/data/898293/000119312521305429/0001193125-21-305429-index.htm"", ""perimetre_id"": ""0000898293:rd:ResearchAndDevelopmentExpense""}]",0.7013694688475061,comparable_sur_reference,
0000916076,Martin Marietta Materials,chiffre_affaires,2025,6150000000.0,2025-01-01,2025-12-31,0001193125-26-059193,https://www.sec.gov/Archives/edgar/data/916076/000119312526059193/0001193125-26-059193-index.htm,RevenueFromContractWithCustomerExcludingAssessedTax,0000916076:chiffre_affaires:RevenueFromContractWithCustomerExcludingAssessedTax,2018;2019,2,4491700000.0,2018-01-01/2018-12-31;2019-01-01/2019-12-31,False,"[{""annee"": 2018, ""valeur"": 4244300000.0, ""debut"": ""2018-01-01"", ""fin"": ""2018-12-31"", ""depot"": ""0001564590-21-006959"", ""source_url"": ""https://www.sec.gov/Archives/edgar/data/916076/000156459021006959/0001564590-21-006959-index.htm"", ""perimetre_id"": ""0000916076:chiffre_affaires:RevenueFromContractWithCustomerExcludingAssessedTax""}, {""annee"": 2019, ""valeur"": 4739100000.0, ""debut"": ""2019-01-01"", ""fin"": ""2019-12-31"", ""depot"": ""0001564590-22-005965"", ""source_url"": ""https://www.sec.gov/Archives/edgar/data/916076/000156459022005965/0001564590-22-005965-index.htm"", ""perimetre_id"": ""0000916076:chiffre_affaires:RevenueFromContractWithCustomerExcludingAssessedTax""}]",1.3691920653650065,comparable_sur_reference,
0000916076,Martin Marietta Materials,capex,2025,807000000.0,2025-01-01,2025-12-31,0001193125-26-059193,https://www.sec.gov/Archives/edgar/data/916076/000119312526059193/0001193125-26-059193-index.htm,PaymentsToAcquirePropertyPlantAndEquipment,0000916076:capex:PaymentsToAcquirePropertyPlantAndEquipment,,0,,,False,[],,recent_non_reconcilie,Postes de dépenses non équivalents ; préférence non réconciliée
0000916076,Martin Marietta Materials,rd,2025,,,,,,,,,0,,,False,[],,valeur_recente_manquante,Aucune valeur annuelle collectée
0000922224,PPL Corporation,chiffre_affaires,2025,9170000000.0,2025-01-01,2025-12-31,0000922224-26-000008,https://www.sec.gov/Archives/edgar/data/922224/000092222426000008/0000922224-26-000008-index.htm,RevenueFromContractWithCustomerExcludingAssessedTax,0000922224:chiffre_affaires:RevenueFromContractWithCustomerExcludingAssessedTax,,0,,,False,[],,recent_non_reconcilie,Montants de revenu différents sans rapprochement ; maximum conservé comme candidat ; Changement d'étiquette ; comparaison inter-étiquettes non autorisée sans rapprochement
0000922224,PPL Corporation,capex,2025,4030000000.0,2025-01-01,2025-12-31,0000922224-26-000008,https://www.sec.gov/Archives/edgar/data/922224/000092222426000008/0000922224-26-000008-index.htm,PaymentsToAcquirePropertyPlantAndEquipment,0000922224:capex:PaymentsToAcquirePropertyPlantAndEquipment,2017;2018;2019,3,2871333333.3333335,2017-01-01/2017-12-31;2018-01-01/2018-12-31;2019-01-01/2019-12-31,False,"[{""annee"": 2017, ""valeur"": 3133000000.0, ""debut"": ""2017-01-01"", ""fin"": ""2017-12-31"", ""depot"": ""0000922224-20-000005"", ""source_url"": ""https://www.sec.gov/Archives/edgar/data/922224/000092222420000005/0000922224-20-000005-index.htm"", ""perimetre_id"": ""0000922224:capex:PaymentsToAcquirePropertyPlantAndEquipment""}, {""annee"": 2018, ""valeur"": 3238000000.0, ""debut"": ""2018-01-01"", ""fin"": ""2018-12-31"", ""depot"": ""0000922224-21-000006"", ""source_url"": ""https://www.sec.gov/Archives/edgar/data/922224/000092222421000006/0000922224-21-000006-index.htm"", ""perimetre_id"": ""0000922224:capex:PaymentsToAcquirePropertyPlantAndEquipment""}, {""annee"": 2019, ""valeur"": 2243000000.0, ""debut"": ""2019-01-01"", ""fin"": ""2019-12-31"", ""depot"": ""0000922224-22-000005"", ""source_url"": ""https://www.sec.gov/Archives/edgar/data/922224/000092222422000005/0000922224-22-000005-index.htm"", ""perimetre_id"": ""0000922224:capex:PaymentsToAcquirePropertyPlantAndEquipment""}]",1.4035291386115625,comparable_sur_reference,
0000922224,PPL Corporation,rd,2025,,,,,,,,,0,,,False,[],,valeur_recente_manquante,Aucune valeur annuelle collectée
0000936340,DTE Energy,chiffre_affaires,2025,15814000000.0,2025-01-01,2025-12-31,0000936340-26-000054,https://www.sec.gov/Archives/edgar/data/936340/000093634026000054/0000936340-26-000054-index.htm,RegulatedAndUnregulatedOperatingRevenue,0000936340:chiffre_affaires:RegulatedAndUnregulatedOperatingRevenue,2017;2018;2019,3,12995666666.666666,2017-01-01/2017-12-31;2018-01-01/2018-12-31;2019-01-01/2019-12-31,False,"[{""annee"": 2017, ""valeur"": 12607000000.0, ""debut"": ""2017-01-01"", ""fin"": ""2017-12-31"", ""depot"": ""0000936340-20-000127"", ""source_url"": ""https://www.sec.gov/Archives/edgar/data/936340/000093634020000127/0000936340-20-000127-index.htm"", ""perimetre_id"": ""0000936340:chiffre_affaires:RegulatedAndUnregulatedOperatingRevenue""}, {""annee"": 2018, ""valeur"": 14212000000.0, ""debut"": ""2018-01-01"", ""fin"": ""2018-12-31"", ""depot"": ""0000936340-21-000112"", ""source_url"": ""https://www.sec.gov/Archives/edgar/data/936340/000093634021000112/0000936340-21-000112-index.htm"", ""perimetre_id"": ""0000936340:chiffre_affaires:RegulatedAndUnregulatedOperatingRevenue""}, {""annee"": 2019, ""valeur"": 12168000000.0, ""debut"": ""2019-01-01"", ""fin"": ""2019-12-31"", ""depot"": ""0000936340-22-000077"", ""source_url"": ""https://www.sec.gov/Archives/edgar/data/936340/000093634022000077/0000936340-22-000077-index.htm"", ""perimetre_id"": ""0000936340:chiffre_affaires:RegulatedAndUnregulatedOperatingRevenue""}]",1.216867160848488,comparable_sur_reference,
0000936340,DTE Energy,capex,2025,,,,,,,,,0,,,False,[],,valeur_recente_manquante,Aucune valeur annuelle collectée
0000936340,DTE Energy,rd,2025,,,,,,,,,0,,,False,[],,valeur_recente_manquante,Aucune valeur annuelle collectée
0000936395,Ciena,chiffre_affaires,2025,4769507000.0,2024-11-03,2025-11-01,0001628280-25-056698,https://www.sec.gov/Archives/edgar/data/936395/000162828025056698/0001628280-25-056698-index.htm,Revenues,0000936395:chiffre_affaires:Revenues,2018;2019,2,3333208500.0,2017-11-01/2018-11-03;2018-11-04/2019-11-02,False,"[{""annee"": 2018, ""valeur"": 3094286000.0, ""debut"": ""2017-11-01"", ""fin"": ""2018-11-03"", ""depot"": ""0000936395-20-000042"", ""source_url"": ""https://www.sec.gov/Archives/edgar/data/936395/000093639520000042/0000936395-20-000042-index.htm"", ""perimetre_id"": ""0000936395:chiffre_affaires:Revenues""}, {""annee"": 2019, ""valeur"": 3572131000.0, ""debut"": ""2018-11-04"", ""fin"": ""2019-11-02"", ""depot"": ""0000936395-21-000054"", ""source_url"": ""https://www.sec.gov/Archives/edgar/data/936395/000093639521000054/0000936395-21-000054-index.htm"", ""perimetre_id"": ""0000936395:chiffre_affaires:Revenues""}]",1.4309056874179937,comparable_sur_reference,
0000936395,Ciena,capex,2025,140801000.0,2024-11-03,2025-11-01,0001628280-25-056698,https://www.sec.gov/Archives/edgar/data/936395/000162828025056698/0001628280-25-056698-index.htm,PaymentsToAcquirePropertyPlantAndEquipment,0000936395:capex:PaymentsToAcquirePropertyPlantAndEquipment,2017;2018;2019,3,74931666.66666667,2016-11-01/2017-10-31;2017-11-01/2018-11-03;2018-11-04/2019-11-02,False,"[{""annee"": 2017, ""valeur"": 94600000.0, ""debut"": ""2016-11-01"", ""fin"": ""2017-10-31"", ""depot"": ""0000936395-19-000056"", ""source_url"": ""https://www.sec.gov/Archives/edgar/data/936395/000093639519000056/0000936395-19-000056-index.htm"", ""perimetre_id"": ""0000936395:capex:PaymentsToAcquirePropertyPlantAndEquipment""}, {""annee"": 2018, ""valeur"": 67616000.0, ""debut"": ""2017-11-01"", ""fin"": ""2018-11-03"", ""depot"": ""0000936395-20-000042"", ""source_url"": ""https://www.sec.gov/Archives/edgar/data/936395/000093639520000042/0000936395-20-000042-index.htm"", ""perimetre_id"": ""0000936395:capex:PaymentsToAcquirePropertyPlantAndEquipment""}, {""annee"": 2019, ""valeur"": 62579000.0, ""debut"": ""2018-11-04"", ""fin"": ""2019-11-02"", ""depot"": ""0000936395-21-000054"", ""source_url"": ""https://www.sec.gov/Archives/edgar/data/936395/000093639521000054/0000936395-21-000054-index.htm"", ""perimetre_id"": ""0000936395:capex:PaymentsToAcquirePropertyPlantAndEquipment""}]",1.8790586979247759,comparable_sur_reference,
0000936395,Ciena,rd,2025,848329000.0,2024-11-03,2025-11-01,0001628280-25-056698,https://www.sec.gov/Archives/edgar/data/936395/000162828025056698/0001628280-25-056698-index.htm,ResearchAndDevelopmentExpense,0000936395:rd:ResearchAndDevelopmentExpense,2017;2018;2019,3,505010666.6666667,2016-11-01/2017-10-31;2017-11-01/2018-11-03;2018-11-04/2019-11-02,False,"[{""annee"": 2017, ""valeur"": 475329000.0, ""debut"": ""2016-11-01"", ""fin"": ""2017-10-31"", ""depot"": ""0000936395-19-000056"", ""source_url"": ""https://www.sec.gov/Archives/edgar/data/936395/000093639519000056/0000936395-19-000056-index.htm"", ""perimetre_id"": ""0000936395:rd:ResearchAndDevelopmentExpense""}, {""annee"": 2018, ""valeur"": 491564000.0, ""debut"": ""2017-11-01"", ""fin"": ""2018-11-03"", ""depot"": ""0000936395-20-000042"", ""source_url"": ""https://www.sec.gov/Archives/edgar/data/936395/000093639520000042/0000936395-20-000042-index.htm"", ""perimetre_id"": ""0000936395:rd:ResearchAndDevelopmentExpense""}, {""annee"": 2019, ""valeur"": 548139000.0, ""debut"": ""2018-11-04"", ""fin"": ""2019-11-02"", ""depot"": ""0000936395-21-000054"", ""source_url"": ""https://www.sec.gov/Archives/edgar/data/936395/000093639521000054/0000936395-21-000054-index.htm"", ""perimetre_id"": ""0000936395:rd:ResearchAndDevelopmentExpense""}]",1.6798239245111655,comparable_sur_reference,
0001002047,NetApp,chiffre_affaires,2025,6925000000.0,2025-04-26,2026-04-24,0001193125-26-259683,https://www.sec.gov/Archives/edgar/data/1002047/000119312526259683/0001193125-26-259683-index.htm,RevenueFromContractWithCustomerExcludingAssessedTax,0001002047:chiffre_affaires:RevenueFromContractWithCustomerExcludingAssessedTax,,0,,,False,[],,recent_non_reconcilie,Montants de revenu différents sans rapprochement ; maximum conservé comme candidat
0001002047,NetApp,capex,2025,198000000.0,2025-04-26,2026-04-24,0001193125-26-259683,https://www.sec.gov/Archives/edgar/data/1002047/000119312526259683/0001193125-26-259683-index.htm,PaymentsToAcquirePropertyPlantAndEquipment,0001002047:capex:PaymentsToAcquirePropertyPlantAndEquipment,2017;2018;2019,3,147333333.33333334,2017-04-29/2018-04-27;2018-04-28/2019-04-26;2019-04-27/2020-04-24,False,"[{""annee"": 2017, ""valeur"": 145000000.0, ""debut"": ""2017-04-29"", ""fin"": ""2018-04-27"", ""depot"": ""0001564590-20-029349"", ""source_url"": ""https://www.sec.gov/Archives/edgar/data/1002047/000156459020029349/0001564590-20-029349-index.htm"", ""perimetre_id"": ""0001002047:capex:PaymentsToAcquirePropertyPlantAndEquipment""}, {""annee"": 2018, ""valeur"": 173000000.0, ""debut"": ""2018-04-28"", ""fin"": ""2019-04-26"", ""depot"": ""0001564590-21-033645"", ""source_url"": ""https://www.sec.gov/Archives/edgar/data/1002047/000156459021033645/0001564590-21-033645-index.htm"", ""perimetre_id"": ""0001002047:capex:PaymentsToAcquirePropertyPlantAndEquipment""}, {""annee"": 2019, ""valeur"": 124000000.0, ""debut"": ""2019-04-27"", ""fin"": ""2020-04-24"", ""depot"": ""0000950170-22-011708"", ""source_url"": ""https://www.sec.gov/Archives/edgar/data/1002047/000095017022011708/0000950170-22-011708-index.htm"", ""perimetre_id"": ""0001002047:capex:PaymentsToAcquirePropertyPlantAndEquipment""}]",1.343891402714932,comparable_sur_reference,
0001002047,NetApp,rd,2025,991000000.0,2025-04-26,2026-04-24,0001193125-26-259683,https://www.sec.gov/Archives/edgar/data/1002047/000119312526259683/0001193125-26-259683-index.htm,ResearchAndDevelopmentExpense,0001002047:rd:ResearchAndDevelopmentExpense,2017;2018;2019,3,819000000.0,2017-04-29/2018-04-27;2018-04-28/2019-04-26;2019-04-27/2020-04-24,False,"[{""annee"": 2017, ""valeur"": 783000000.0, ""debut"": ""2017-04-29"", ""fin"": ""2018-04-27"", ""depot"": ""0001564590-20-029349"", ""source_url"": ""https://www.sec.gov/Archives/edgar/data/1002047/000156459020029349/0001564590-20-029349-index.htm"", ""perimetre_id"": ""0001002047:rd:ResearchAndDevelopmentExpense""}, {""annee"": 2018, ""valeur"": 827000000.0, ""debut"": ""2018-04-28"", ""fin"": ""2019-04-26"", ""depot"": ""0001564590-21-033645"", ""source_url"": ""https://www.sec.gov/Archives/edgar/data/1002047/000156459021033645/0001564590-21-033645-index.htm"", ""perimetre_id"": ""0001002047:rd:ResearchAndDevelopmentExpense""}, {""annee"": 2019, ""valeur"": 847000000.0, ""debut"": ""2019-04-27"", ""fin"": ""2020-04-24"", ""depot"": ""0000950170-22-011708"", ""source_url"": ""https://www.sec.gov/Archives/edgar/data/1002047/000095017022011708/0000950170-22-011708-index.htm"", ""perimetre_id"": ""0001002047:rd:ResearchAndDevelopmentExpense""}]",1.21001221001221,comparable_sur_reference,
0001002910,Ameren,chiffre_affaires,2025,8799000000.0,2025-01-01,2025-12-31,0001002910-26-000009,https://www.sec.gov/Archives/edgar/data/1002910/000100291026000009/0001002910-26-000009-index.htm,Revenues,0001002910:chiffre_affaires:Revenues,2017;2018;2019,3,6125000000.0,2017-01-01/2017-12-31;2018-01-01/2018-12-31;2019-01-01/2019-12-31,False,"[{""annee"": 2017, ""valeur"": 6174000000.0, ""debut"": ""2017-01-01"", ""fin"": ""2017-12-31"", ""depot"": ""0001002910-19-000094"", ""source_url"": ""https://www.sec.gov/Archives/edgar/data/1002910/000100291019000094/0001002910-19-000094-index.htm"", ""perimetre_id"": ""0001002910:chiffre_affaires:Revenues""}, {""annee"": 2018, ""valeur"": 6291000000.0, ""debut"": ""2018-01-01"", ""fin"": ""2018-12-31"", ""depot"": ""0001002910-19-000094"", ""source_url"": ""https://www.sec.gov/Archives/edgar/data/1002910/000100291019000094/0001002910-19-000094-index.htm"", ""perimetre_id"": ""0001002910:chiffre_affaires:Revenues""}, {""annee"": 2019, ""valeur"": 5910000000.0, ""debut"": ""2019-01-01"", ""fin"": ""2019-12-31"", ""depot"": ""0001002910-22-000038"", ""source_url"": ""https://www.sec.gov/Archives/edgar/data/1002910/000100291022000038/0001002910-22-000038-index.htm"", ""perimetre_id"": ""0001002910:chiffre_affaires:Revenues""}]",1.4365714285714286,comparable_sur_reference,
0001002910,Ameren,capex,2025,4128000000.0,2025-01-01,2025-12-31,0001002910-26-000009,https://www.sec.gov/Archives/edgar/data/1002910/000100291026000009/0001002910-26-000009-index.htm,PaymentsToAcquirePropertyPlantAndEquipment,0001002910:capex:PaymentsToAcquirePropertyPlantAndEquipment,2017;2018;2019,3,2276333333.3333335,2017-01-01/2017-12-31;2018-01-01/2018-12-31;2019-01-01/2019-12-31,False,"[{""annee"": 2017, ""valeur"": 2132000000.0, ""debut"": ""2017-01-01"", ""fin"": ""2017-12-31"", ""depot"": ""0001002910-20-000077"", ""source_url"": ""https://www.sec.gov/Archives/edgar/data/1002910/000100291020000077/0001002910-20-000077-index.htm"", ""perimetre_id"": ""0001002910:capex:PaymentsToAcquirePropertyPlantAndEquipment""}, {""annee"": 2018, ""valeur"": 2286000000.0, ""debut"": ""2018-01-01"", ""fin"": ""2018-12-31"", ""depot"": ""0001002910-21-000065"", ""source_url"": ""https://www.sec.gov/Archives/edgar/data/1002910/000100291021000065/0001002910-21-000065-index.htm"", ""perimetre_id"": ""0001002910:capex:PaymentsToAcquirePropertyPlantAndEquipment""}, {""annee"": 2019, ""valeur"": 2411000000.0, ""debut"": ""2019-01-01"", ""fin"": ""2019-12-31"", ""depot"": ""0001002910-22-000038"", ""source_url"": ""https://www.sec.gov/Archives/edgar/data/1002910/000100291022000038/0001002910-22-000038-index.htm"", ""perimetre_id"": ""0001002910:capex:PaymentsToAcquirePropertyPlantAndEquipment""}]",1.8134426709620735,comparable_sur_reference,
0001002910,Ameren,rd,2025,,,,,,,,,0,,,False,[],,valeur_recente_manquante,Aucune valeur annuelle collectée
0001013871,NRG Energy,chiffre_affaires,2025,30713000000.0,2025-01-01,2025-12-31,0001013871-26-000004,https://www.sec.gov/Archives/edgar/data/1013871/000101387126000004/0001013871-26-000004-index.htm,Revenues,0001013871:chiffre_affaires:Revenues,,0,,,False,[],,recent_non_reconcilie,Montants de revenu différents sans rapprochement ; maximum conservé comme candidat
0001013871,NRG Energy,capex,2025,1147000000.0,2025-01-01,2025-12-31,0001013871-26-000004,https://www.sec.gov/Archives/edgar/data/1013871/000101387126000004/0001013871-26-000004-index.htm,PaymentsToAcquirePropertyPlantAndEquipment,0001013871:capex:PaymentsToAcquirePropertyPlantAndEquipment,2019;2020,2,229000000.0,2019-01-01/2019-12-31;2020-01-01/2020-12-31,True,"[{""annee"": 2019, ""valeur"": 228000000.0, ""debut"": ""2019-01-01"", ""fin"": ""2019-12-31"", ""depot"": ""0001013871-22-000010"", ""source_url"": ""https://www.sec.gov/Archives/edgar/data/1013871/000101387122000010/0001013871-22-000010-index.htm"", ""perimetre_id"": ""0001013871:capex:PaymentsToAcquirePropertyPlantAndEquipment""}, {""annee"": 2020, ""valeur"": 230000000.0, ""debut"": ""2020-01-01"", ""fin"": ""2020-12-31"", ""depot"": ""0001013871-23-000004"", ""source_url"": ""https://www.sec.gov/Archives/edgar/data/1013871/000101387123000004/0001013871-23-000004-index.htm"", ""perimetre_id"": ""0001013871:capex:PaymentsToAcquirePropertyPlantAndEquipment""}]",5.008733624454148,comparable_sur_repli,
0001013871,NRG Energy,rd,2025,,,,,,,,,0,,,False,[],,valeur_recente_manquante,Aucune valeur annuelle collectée
0001018724,Amazon,chiffre_affaires,2025,716924000000.0,2025-01-01,2025-12-31,0001018724-26-000004,https://www.sec.gov/Archives/edgar/data/1018724/000101872426000004/0001018724-26-000004-index.htm,RevenueFromContractWithCustomerExcludingAssessedTax,0001018724:chiffre_affaires:RevenueFromContractWithCustomerExcludingAssessedTax,2018;2019,2,256704500000.0,2018-01-01/2018-12-31;2019-01-01/2019-12-31,False,"[{""annee"": 2018, ""valeur"": 232887000000.0, ""debut"": ""2018-01-01"", ""fin"": ""2018-12-31"", ""depot"": ""0001018724-21-000004"", ""source_url"": ""https://www.sec.gov/Archives/edgar/data/1018724/000101872421000004/0001018724-21-000004-index.htm"", ""perimetre_id"": ""0001018724:chiffre_affaires:RevenueFromContractWithCustomerExcludingAssessedTax""}, {""annee"": 2019, ""valeur"": 280522000000.0, ""debut"": ""2019-01-01"", ""fin"": ""2019-12-31"", ""depot"": ""0001018724-22-000005"", ""source_url"": ""https://www.sec.gov/Archives/edgar/data/1018724/000101872422000005/0001018724-22-000005-index.htm"", ""perimetre_id"": ""0001018724:chiffre_affaires:RevenueFromContractWithCustomerExcludingAssessedTax""}]",2.7927987238244754,comparable_sur_reference,
0001018724,Amazon,capex,2025,131819000000.0,2025-01-01,2025-12-31,0001018724-26-000004,https://www.sec.gov/Archives/edgar/data/1018724/000101872426000004/0001018724-26-000004-index.htm,PaymentsToAcquireProductiveAssets,0001018724:capex:PaymentsToAcquireProductiveAssets,2017;2018;2019,3,14081000000.0,2017-01-01/2017-12-31;2018-01-01/2018-12-31;2019-01-01/2019-12-31,False,"[{""annee"": 2017, ""valeur"": 11955000000.0, ""debut"": ""2017-01-01"", ""fin"": ""2017-12-31"", ""depot"": ""0001018724-20-000004"", ""source_url"": ""https://www.sec.gov/Archives/edgar/data/1018724/000101872420000004/0001018724-20-000004-index.htm"", ""perimetre_id"": ""0001018724:capex:PaymentsToAcquireProductiveAssets""}, {""annee"": 2018, ""valeur"": 13427000000.0, ""debut"": ""2018-01-01"", ""fin"": ""2018-12-31"", ""depot"": ""0001018724-21-000004"", ""source_url"": ""https://www.sec.gov/Archives/edgar/data/1018724/000101872421000004/0001018724-21-000004-index.htm"", ""perimetre_id"": ""0001018724:capex:PaymentsToAcquireProductiveAssets""}, {""annee"": 2019, ""valeur"": 16861000000.0, ""debut"": ""2019-01-01"", ""fin"": ""2019-12-31"", ""depot"": ""0001018724-22-000005"", ""source_url"": ""https://www.sec.gov/Archives/edgar/data/1018724/000101872422000005/0001018724-22-000005-index.htm"", ""perimetre_id"": ""0001018724:capex:PaymentsToAcquireProductiveAssets""}]",9.361480008522122,comparable_sur_reference,
0001018724,Amazon,rd,2025,,,,,,,,,0,,,False,[],,valeur_recente_manquante,Aucune valeur annuelle collectée
0001020569,Iron Mountain,chiffre_affaires,2025,6901737000.0,2025-01-01,2025-12-31,0001020569-26-000013,https://www.sec.gov/Archives/edgar/data/1020569/000102056926000013/0001020569-26-000013-index.htm,RevenueFromContractWithCustomerExcludingAssessedTax,0001020569:chiffre_affaires:RevenueFromContractWithCustomerExcludingAssessedTax,,0,,,False,[],,recent_non_reconcilie,Foncière : revenu total non réconcilié avec les loyers
0001020569,Iron Mountain,capex,2025,2271628000.0,2025-01-01,2025-12-31,0001020569-26-000013,https://www.sec.gov/Archives/edgar/data/1020569/000102056926000013/0001020569-26-000013-index.htm,PaymentsToAcquirePropertyPlantAndEquipment,0001020569:capex:PaymentsToAcquirePropertyPlantAndEquipment,2024,1,,2024-01-01/2024-12-31,True,"[{""annee"": 2024, ""valeur"": 1791564000.0, ""debut"": ""2024-01-01"", ""fin"": ""2024-12-31"", ""depot"": ""0001020569-26-000013"", ""source_url"": ""https://www.sec.gov/Archives/edgar/data/1020569/000102056926000013/0001020569-26-000013-index.htm"", ""perimetre_id"": ""0001020569:capex:PaymentsToAcquirePropertyPlantAndEquipment""}]",,historique_comparable_insuffisant,
0001020569,Iron Mountain,rd,2025,,,,,,,,,0,,,False,[],,valeur_recente_manquante,Aucune valeur annuelle collectée
0001022671,Steel Dynamics,chiffre_affaires,2025,18176581000.0,2025-01-01,2025-12-31,0001104659-26-021395,https://www.sec.gov/Archives/edgar/data/1022671/000110465926021395/0001104659-26-021395-index.htm,RevenueFromContractWithCustomerExcludingAssessedTax,0001022671:chiffre_affaires:RevenueFromContractWithCustomerExcludingAssessedTax,2021;2022,2,20334812000.0,2021-01-01/2021-12-31;2022-01-01/2022-12-31,True,"[{""annee"": 2021, ""valeur"": 18408850000.0, ""debut"": ""2021-01-01"", ""fin"": ""2021-12-31"", ""depot"": ""0001558370-24-002152"", ""source_url"": ""https://www.sec.gov/Archives/edgar/data/1022671/000155837024002152/0001558370-24-002152-index.htm"", ""perimetre_id"": ""0001022671:chiffre_affaires:RevenueFromContractWithCustomerExcludingAssessedTax""}, {""annee"": 2022, ""valeur"": 22260774000.0, ""debut"": ""2022-01-01"", ""fin"": ""2022-12-31"", ""depot"": ""0001558370-25-001886"", ""source_url"": ""https://www.sec.gov/Archives/edgar/data/1022671/000155837025001886/0001558370-25-001886-index.htm"", ""perimetre_id"": ""0001022671:chiffre_affaires:RevenueFromContractWithCustomerExcludingAssessedTax""}]",0.893865210064396,comparable_sur_repli,
0001022671,Steel Dynamics,capex,2025,948025000.0,2025-01-01,2025-12-31,0001104659-26-021395,https://www.sec.gov/Archives/edgar/data/1022671/000110465926021395/0001104659-26-021395-index.htm,PaymentsToAcquirePropertyPlantAndEquipment,0001022671:capex:PaymentsToAcquirePropertyPlantAndEquipment,2017;2018;2019,3,285423333.3333333,2017-01-01/2017-12-31;2018-01-01/2018-12-31;2019-01-01/2019-12-31,False,"[{""annee"": 2017, ""valeur"": 164935000.0, ""debut"": ""2017-01-01"", ""fin"": ""2017-12-31"", ""depot"": ""0001558370-20-001641"", ""source_url"": ""https://www.sec.gov/Archives/edgar/data/1022671/000155837020001641/0001558370-20-001641-index.htm"", ""perimetre_id"": ""0001022671:capex:PaymentsToAcquirePropertyPlantAndEquipment""}, {""annee"": 2018, ""valeur"": 239390000.0, ""debut"": ""2018-01-01"", ""fin"": ""2018-12-31"", ""depot"": ""0001558370-21-002129"", ""source_url"": ""https://www.sec.gov/Archives/edgar/data/1022671/000155837021002129/0001558370-21-002129-index.htm"", ""perimetre_id"": ""0001022671:capex:PaymentsToAcquirePropertyPlantAndEquipment""}, {""annee"": 2019, ""valeur"": 451945000.0, ""debut"": ""2019-01-01"", ""fin"": ""2019-12-31"", ""depot"": ""0001558370-22-002377"", ""source_url"": ""https://www.sec.gov/Archives/edgar/data/1022671/000155837022002377/0001558370-22-002377-index.htm"", ""perimetre_id"": ""0001022671:capex:PaymentsToAcquirePropertyPlantAndEquipment""}]",3.321469863477642,comparable_sur_reference,
0001022671,Steel Dynamics,rd,2025,,,,,,,,,0,,,False,[],,valeur_recente_manquante,Aucune valeur annuelle collectée
0001031296,FirstEnergy,chiffre_affaires,2025,15090000000.0,2025-01-01,2025-12-31,0001031296-26-000046,https://www.sec.gov/Archives/edgar/data/1031296/000103129626000046/0001031296-26-000046-index.htm,Revenues,0001031296:chiffre_affaires:Revenues,2014;2015,2,15037500000.0,2014-01-01/2014-12-31;2015-01-01/2015-12-31,True,"[{""annee"": 2014, ""valeur"": 15049000000.0, ""debut"": ""2014-01-01"", ""fin"": ""2014-12-31"", ""depot"": ""0001031296-17-000015"", ""source_url"": ""https://www.sec.gov/Archives/edgar/data/1031296/000103129617000015/0001031296-17-000015-index.htm"", ""perimetre_id"": ""0001031296:chiffre_affaires:Revenues""}, {""annee"": 2015, ""valeur"": 15026000000.0, ""debut"": ""2015-01-01"", ""fin"": ""2015-12-31"", ""depot"": ""0001031296-18-000015"", ""source_url"": ""https://www.sec.gov/Archives/edgar/data/1031296/000103129618000015/0001031296-18-000015-index.htm"", ""perimetre_id"": ""0001031296:chiffre_affaires:Revenues""}]",1.003491271820449,comparable_sur_repli,
0001031296,FirstEnergy,capex,2025,4705000000.0,2025-01-01,2025-12-31,0001031296-26-000046,https://www.sec.gov/Archives/edgar/data/1031296/000103129626000046/0001031296-26-000046-index.htm,PaymentsToAcquireProductiveAssets,0001031296:capex:PaymentsToAcquireProductiveAssets,2017;2018;2019,3,2642333333.3333335,2017-01-01/2017-12-31;2018-01-01/2018-12-31;2019-01-01/2019-12-31,False,"[{""annee"": 2017, ""valeur"": 2587000000.0, ""debut"": ""2017-01-01"", ""fin"": ""2017-12-31"", ""depot"": ""0001031296-20-000008"", ""source_url"": ""https://www.sec.gov/Archives/edgar/data/1031296/000103129620000008/0001031296-20-000008-index.htm"", ""perimetre_id"": ""0001031296:capex:PaymentsToAcquireProductiveAssets""}, {""annee"": 2018, ""valeur"": 2675000000.0, ""debut"": ""2018-01-01"", ""fin"": ""2018-12-31"", ""depot"": ""0001031296-21-000020"", ""source_url"": ""https://www.sec.gov/Archives/edgar/data/1031296/000103129621000020/0001031296-21-000020-index.htm"", ""perimetre_id"": ""0001031296:capex:PaymentsToAcquireProductiveAssets""}, {""annee"": 2019, ""valeur"": 2665000000.0, ""debut"": ""2019-01-01"", ""fin"": ""2019-12-31"", ""depot"": ""0001031296-22-000013"", ""source_url"": ""https://www.sec.gov/Archives/edgar/data/1031296/000103129622000013/0001031296-22-000013-index.htm"", ""perimetre_id"": ""0001031296:capex:PaymentsToAcquireProductiveAssets""}]",1.7806231865775197,comparable_sur_reference,
0001031296,FirstEnergy,rd,2025,,,,,,,,,0,,,False,[],,valeur_recente_manquante,Aucune valeur annuelle collectée
0001032208,Sempra,chiffre_affaires,2025,13702000000.0,2025-01-01,2025-12-31,0001032208-26-000010,https://www.sec.gov/Archives/edgar/data/1032208/000103220826000010/0001032208-26-000010-index.htm,RegulatedAndUnregulatedOperatingRevenue,0001032208:chiffre_affaires:RegulatedAndUnregulatedOperatingRevenue,,0,,,False,[],,recent_non_reconcilie,Montants de revenu différents sans rapprochement ; maximum conservé comme candidat
0001032208,Sempra,capex,2025,10612000000.0,2025-01-01,2025-12-31,0001032208-26-000010,https://www.sec.gov/Archives/edgar/data/1032208/000103220826000010/0001032208-26-000010-index.htm,PaymentsToAcquireProductiveAssets,0001032208:capex:PaymentsToAcquireProductiveAssets,2017;2018;2019,3,3652333333.3333335,2017-01-01/2017-12-31;2018-01-01/2018-12-31;2019-01-01/2019-12-31,False,"[{""annee"": 2017, ""valeur"": 3705000000.0, ""debut"": ""2017-01-01"", ""fin"": ""2017-12-31"", ""depot"": ""0001032208-20-000006"", ""source_url"": ""https://www.sec.gov/Archives/edgar/data/1032208/000103220820000006/0001032208-20-000006-index.htm"", ""perimetre_id"": ""0001032208:capex:PaymentsToAcquireProductiveAssets""}, {""annee"": 2018, ""valeur"": 3544000000.0, ""debut"": ""2018-01-01"", ""fin"": ""2018-12-31"", ""depot"": ""0001032208-21-000007"", ""source_url"": ""https://www.sec.gov/Archives/edgar/data/1032208/000103220821000007/0001032208-21-000007-index.htm"", ""perimetre_id"": ""0001032208:capex:PaymentsToAcquireProductiveAssets""}, {""annee"": 2019, ""valeur"": 3708000000.0, ""debut"": ""2019-01-01"", ""fin"": ""2019-12-31"", ""depot"": ""0001032208-22-000007"", ""source_url"": ""https://www.sec.gov/Archives/edgar/data/1032208/000103220822000007/0001032208-22-000007-index.htm"", ""perimetre_id"": ""0001032208:capex:PaymentsToAcquireProductiveAssets""}]",2.905539837546774,comparable_sur_reference,
0001032208,Sempra,rd,2025,,,,,,,,,0,,,False,[],,valeur_recente_manquante,Aucune valeur annuelle collectée
0001035983,Comfort Systems USA,chiffre_affaires,2025,9101641000.0,2025-01-01,2025-12-31,0001104659-26-017530,https://www.sec.gov/Archives/edgar/data/1035983/000110465926017530/0001104659-26-017530-index.htm,Revenues,0001035983:chiffre_affaires:Revenues,2016;2017,2,1711131000.0,2016-01-01/2016-12-31;2017-01-01/2017-12-31,True,"[{""annee"": 2016, ""valeur"": 1634340000.0, ""debut"": ""2016-01-01"", ""fin"": ""2016-12-31"", ""depot"": ""0001558370-19-000857"", ""source_url"": ""https://www.sec.gov/Archives/edgar/data/1035983/000155837019000857/0001558370-19-000857-index.htm"", ""perimetre_id"": ""0001035983:chiffre_affaires:Revenues""}, {""annee"": 2017, ""valeur"": 1787922000.0, ""debut"": ""2017-01-01"", ""fin"": ""2017-12-31"", ""depot"": ""0001558370-20-001491"", ""source_url"": ""https://www.sec.gov/Archives/edgar/data/1035983/000155837020001491/0001558370-20-001491-index.htm"", ""perimetre_id"": ""0001035983:chiffre_affaires:Revenues""}]",5.319079018497122,comparable_sur_repli,
0001035983,Comfort Systems USA,capex,2025,154903000.0,2025-01-01,2025-12-31,0001104659-26-017530,https://www.sec.gov/Archives/edgar/data/1035983/000110465926017530/0001104659-26-017530-index.htm,PaymentsToAcquirePropertyPlantAndEquipment,0001035983:capex:PaymentsToAcquirePropertyPlantAndEquipment,2017;2018;2019,3,31495000.0,2017-01-01/2017-12-31;2018-01-01/2018-12-31;2019-01-01/2019-12-31,False,"[{""annee"": 2017, ""valeur"": 35467000.0, ""debut"": ""2017-01-01"", ""fin"": ""2017-12-31"", ""depot"": ""0001558370-20-001491"", ""source_url"": ""https://www.sec.gov/Archives/edgar/data/1035983/000155837020001491/0001558370-20-001491-index.htm"", ""perimetre_id"": ""0001035983:capex:PaymentsToAcquirePropertyPlantAndEquipment""}, {""annee"": 2018, ""valeur"": 27268000.0, ""debut"": ""2018-01-01"", ""fin"": ""2018-12-31"", ""depot"": ""0001558370-21-001828"", ""source_url"": ""https://www.sec.gov/Archives/edgar/data/1035983/000155837021001828/0001558370-21-001828-index.htm"", ""perimetre_id"": ""0001035983:capex:PaymentsToAcquirePropertyPlantAndEquipment""}, {""annee"": 2019, ""valeur"": 31750000.0, ""debut"": ""2019-01-01"", ""fin"": ""2019-12-31"", ""depot"": ""0001558370-22-001753"", ""source_url"": ""https://www.sec.gov/Archives/edgar/data/1035983/000155837022001753/0001558370-22-001753-index.htm"", ""perimetre_id"": ""0001035983:capex:PaymentsToAcquirePropertyPlantAndEquipment""}]",4.91833624384823,comparable_sur_reference,
0001035983,Comfort Systems USA,rd,2025,,,,,,,,,0,,,False,[],,valeur_recente_manquante,Aucune valeur annuelle collectée
0001037868,Ametek,chiffre_affaires,2025,7401116000.0,2025-01-01,2025-12-31,0001037868-26-000016,https://www.sec.gov/Archives/edgar/data/1037868/000103786826000016/0001037868-26-000016-index.htm,RevenueFromContractWithCustomerExcludingAssessedTax,0001037868:chiffre_affaires:RevenueFromContractWithCustomerExcludingAssessedTax,2022;2023,2,6373740000.0,2022-01-01/2022-12-31;2023-01-01/2023-12-31,True,"[{""annee"": 2022, ""valeur"": 6150530000.0, ""debut"": ""2022-01-01"", ""fin"": ""2022-12-31"", ""depot"": ""0001037868-25-000012"", ""source_url"": ""https://www.sec.gov/Archives/edgar/data/1037868/000103786825000012/0001037868-25-000012-index.htm"", ""perimetre_id"": ""0001037868:chiffre_affaires:RevenueFromContractWithCustomerExcludingAssessedTax""}, {""annee"": 2023, ""valeur"": 6596950000.0, ""debut"": ""2023-01-01"", ""fin"": ""2023-12-31"", ""depot"": ""0001037868-26-000016"", ""source_url"": ""https://www.sec.gov/Archives/edgar/data/1037868/000103786826000016/0001037868-26-000016-index.htm"", ""perimetre_id"": ""0001037868:chiffre_affaires:RevenueFromContractWithCustomerExcludingAssessedTax""}]",1.1611888781155177,comparable_sur_repli,
0001037868,Ametek,capex,2025,130248000.0,2025-01-01,2025-12-31,0001037868-26-000016,https://www.sec.gov/Archives/edgar/data/1037868/000103786826000016/0001037868-26-000016-index.htm,PaymentsToAcquirePropertyPlantAndEquipment,0001037868:capex:PaymentsToAcquirePropertyPlantAndEquipment,2017;2018;2019,3,86498666.66666667,2017-01-01/2017-12-31;2018-01-01/2018-12-31;2019-01-01/2019-12-31,False,"[{""annee"": 2017, ""valeur"": 75074000.0, ""debut"": ""2017-01-01"", ""fin"": ""2017-12-31"", ""depot"": ""0001193125-20-043133"", ""source_url"": ""https://www.sec.gov/Archives/edgar/data/1037868/000119312520043133/0001193125-20-043133-index.htm"", ""perimetre_id"": ""0001037868:capex:PaymentsToAcquirePropertyPlantAndEquipment""}, {""annee"": 2018, ""valeur"": 82076000.0, ""debut"": ""2018-01-01"", ""fin"": ""2018-12-31"", ""depot"": ""0001037868-21-000007"", ""source_url"": ""https://www.sec.gov/Archives/edgar/data/1037868/000103786821000007/0001037868-21-000007-index.htm"", ""perimetre_id"": ""0001037868:capex:PaymentsToAcquirePropertyPlantAndEquipment""}, {""annee"": 2019, ""valeur"": 102346000.0, ""debut"": ""2019-01-01"", ""fin"": ""2019-12-31"", ""depot"": ""0001037868-22-000009"", ""source_url"": ""https://www.sec.gov/Archives/edgar/data/1037868/000103786822000009/0001037868-22-000009-index.htm"", ""perimetre_id"": ""0001037868:capex:PaymentsToAcquirePropertyPlantAndEquipment""}]",1.5057804359219409,comparable_sur_reference,
0001037868,Ametek,rd,2025,236100000.0,2025-01-01,2025-12-31,0001037868-26-000016,https://www.sec.gov/Archives/edgar/data/1037868/000103786826000016/0001037868-26-000016-index.htm,ResearchAndDevelopmentExpense,0001037868:rd:ResearchAndDevelopmentExpense,2017;2018;2019,3,144433333.33333334,2017-01-01/2017-12-31;2018-01-01/2018-12-31;2019-01-01/2019-12-31,False,"[{""annee"": 2017, ""valeur"": 130400000.0, ""debut"": ""2017-01-01"", ""fin"": ""2017-12-31"", ""depot"": ""0001193125-20-043133"", ""source_url"": ""https://www.sec.gov/Archives/edgar/data/1037868/000119312520043133/0001193125-20-043133-index.htm"", ""perimetre_id"": ""0001037868:rd:ResearchAndDevelopmentExpense""}, {""annee"": 2018, ""valeur"": 141000000.0, ""debut"": ""2018-01-01"", ""fin"": ""2018-12-31"", ""depot"": ""0001037868-21-000007"", ""source_url"": ""https://www.sec.gov/Archives/edgar/data/1037868/000103786821000007/0001037868-21-000007-index.htm"", ""perimetre_id"": ""0001037868:rd:ResearchAndDevelopmentExpense""}, {""annee"": 2019, ""valeur"": 161900000.0, ""debut"": ""2019-01-01"", ""fin"": ""2019-12-31"", ""depot"": ""0001037868-22-000009"", ""source_url"": ""https://www.sec.gov/Archives/edgar/data/1037868/000103786822000009/0001037868-22-000009-index.htm"", ""perimetre_id"": ""0001037868:rd:ResearchAndDevelopmentExpense""}]",1.6346642049388413,comparable_sur_reference,
0001045609,Prologis,chiffre_affaires,2025,8790127000.0,2025-01-01,2025-12-31,0001193125-26-051453,https://www.sec.gov/Archives/edgar/data/1045609/000119312526051453/0001193125-26-051453-index.htm,Revenues,0001045609:chiffre_affaires:Revenues,2017;2018;2019,3,2917734666.6666665,2017-01-01/2017-12-31;2018-01-01/2018-12-31;2019-01-01/2019-12-31,False,"[{""annee"": 2017, ""valeur"": 2618134000.0, ""debut"": ""2017-01-01"", ""fin"": ""2017-12-31"", ""depot"": ""0001564590-20-004096"", ""source_url"": ""https://www.sec.gov/Archives/edgar/data/1045609/000156459020004096/0001564590-20-004096-index.htm"", ""perimetre_id"": ""0001045609:chiffre_affaires:Revenues""}, {""annee"": 2018, ""valeur"": 2804449000.0, ""debut"": ""2018-01-01"", ""fin"": ""2018-12-31"", ""depot"": ""0001564590-21-005312"", ""source_url"": ""https://www.sec.gov/Archives/edgar/data/1045609/000156459021005312/0001564590-21-005312-index.htm"", ""perimetre_id"": ""0001045609:chiffre_affaires:Revenues""}, {""annee"": 2019, ""valeur"": 3330621000.0, ""debut"": ""2019-01-01"", ""fin"": ""2019-12-31"", ""depot"": ""0001564590-22-004436"", ""source_url"": ""https://www.sec.gov/Archives/edgar/data/1045609/000156459022004436/0001564590-22-004436-index.htm"", ""perimetre_id"": ""0001045609:chiffre_affaires:Revenues""}]",3.0126546805032763,comparable_sur_reference,
0001045609,Prologis,capex,2025,2781260000.0,2025-01-01,2025-12-31,0001193125-26-051453,https://www.sec.gov/Archives/edgar/data/1045609/000119312526051453/0001193125-26-051453-index.htm,PaymentsToDevelopRealEstateAssets,0001045609:capex:PaymentsToDevelopRealEstateAssets,,0,,,False,[],,recent_non_reconcilie,Postes de dépenses non équivalents ; préférence non réconciliée
0001045609,Prologis,rd,2025,,,,,,,,,0,,,False,[],,valeur_recente_manquante,Aucune valeur annuelle collectée
0001045810,Nvidia,chiffre_affaires,2025,215938000000.0,2025-01-27,2026-01-25,0001045810-26-000021,https://www.sec.gov/Archives/edgar/data/1045810/000104581026000021/0001045810-26-000021-index.htm,Revenues,NVDA:revenu_consolide_etiquettes_rapprochees,2017;2018;2019,3,10782666666.666666,2017-01-30/2018-01-28;2018-01-29/2019-01-27;2019-01-28/2020-01-26,False,"[{""annee"": 2017, ""valeur"": 9714000000.0, ""debut"": ""2017-01-30"", ""fin"": ""2018-01-28"", ""depot"": ""0001045810-20-000010"", ""source_url"": ""https://www.sec.gov/Archives/edgar/data/1045810/000104581020000010/0001045810-20-000010-index.htm"", ""perimetre_id"": ""NVDA:revenu_consolide_etiquettes_rapprochees""}, {""annee"": 2018, ""valeur"": 11716000000.0, ""debut"": ""2018-01-29"", ""fin"": ""2019-01-27"", ""depot"": ""0001045810-21-000010"", ""source_url"": ""https://www.sec.gov/Archives/edgar/data/1045810/000104581021000010/0001045810-21-000010-index.htm"", ""perimetre_id"": ""NVDA:revenu_consolide_etiquettes_rapprochees""}, {""annee"": 2019, ""valeur"": 10918000000.0, ""debut"": ""2019-01-28"", ""fin"": ""2020-01-26"", ""depot"": ""0001045810-22-000036"", ""source_url"": ""https://www.sec.gov/Archives/edgar/data/1045810/000104581022000036/0001045810-22-000036-index.htm"", ""perimetre_id"": ""NVDA:revenu_consolide_etiquettes_rapprochees""}]",20.026400395696797,comparable_sur_reference,"Je rapproche les deux étiquettes du revenu consolidé NVIDIA. Le compte de résultat 2020 reprend 9714, 11716 et 10918 M$ pour les clôtures 2018, 2019 et 2020. Dans le rapport 2022, Revenues et RevenueFromContractWithCustomerExcludingAssessedTax portent exactement les mêmes contextes consolidés et montants 10918, 16675 et 26914 M$ pour les clôtures 2020, 2021 et 2022. Cette preuve autorise le raccord de notion ; elle ne neutralise pas les acquisitions économiques et ne s'étend pas automatiquement aux autres sociétés ou aux futurs exercices."
0001045810,Nvidia,capex,2025,6042000000.0,2025-01-27,2026-01-25,0001045810-26-000021,https://www.sec.gov/Archives/edgar/data/1045810/000104581026000021/0001045810-26-000021-index.htm,PaymentsToAcquireProductiveAssets,0001045810:capex:PaymentsToAcquireProductiveAssets,2021;2022,2,1404500000.0,2021-02-01/2022-01-30;2022-01-31/2023-01-29,True,"[{""annee"": 2021, ""valeur"": 976000000.0, ""debut"": ""2021-02-01"", ""fin"": ""2022-01-30"", ""depot"": ""0001045810-24-000029"", ""source_url"": ""https://www.sec.gov/Archives/edgar/data/1045810/000104581024000029/0001045810-24-000029-index.htm"", ""perimetre_id"": ""0001045810:capex:PaymentsToAcquireProductiveAssets""}, {""annee"": 2022, ""valeur"": 1833000000.0, ""debut"": ""2022-01-31"", ""fin"": ""2023-01-29"", ""depot"": ""0001045810-25-000023"", ""source_url"": ""https://www.sec.gov/Archives/edgar/data/1045810/000104581025000023/0001045810-25-000023-index.htm"", ""perimetre_id"": ""0001045810:capex:PaymentsToAcquireProductiveAssets""}]",4.30188679245283,comparable_sur_repli,Vérification API du 5 septembre 2026 : les achats PP&E annuels 10-K s'arrêtent en 2011 et PaymentsToAcquireProductiveAssets débute en 2021. L'absence 2014-2020 n'est pas un capex nul ; aucun chiffre n'est imputé.
0001045810,Nvidia,rd,2025,18497000000.0,2025-01-27,2026-01-25,0001045810-26-000021,https://www.sec.gov/Archives/edgar/data/1045810/000104581026000021/0001045810-26-000021-index.htm,ResearchAndDevelopmentExpense,0001045810:rd:ResearchAndDevelopmentExpense,2017;2018;2019,3,2334000000.0,2017-01-30/2018-01-28;2018-01-29/2019-01-27;2019-01-28/2020-01-26,False,"[{""annee"": 2017, ""valeur"": 1797000000.0, ""debut"": ""2017-01-30"", ""fin"": ""2018-01-28"", ""depot"": ""0001045810-20-000010"", ""source_url"": ""https://www.sec.gov/Archives/edgar/data/1045810/000104581020000010/0001045810-20-000010-index.htm"", ""perimetre_id"": ""0001045810:rd:ResearchAndDevelopmentExpense""}, {""annee"": 2018, ""valeur"": 2376000000.0, ""debut"": ""2018-01-29"", ""fin"": ""2019-01-27"", ""depot"": ""0001045810-21-000010"", ""source_url"": ""https://www.sec.gov/Archives/edgar/data/1045810/000104581021000010/0001045810-21-000010-index.htm"", ""perimetre_id"": ""0001045810:rd:ResearchAndDevelopmentExpense""}, {""annee"": 2019, ""valeur"": 2829000000.0, ""debut"": ""2019-01-28"", ""fin"": ""2020-01-26"", ""depot"": ""0001045810-22-000036"", ""source_url"": ""https://www.sec.gov/Archives/edgar/data/1045810/000104581022000036/0001045810-22-000036-index.htm"", ""perimetre_id"": ""0001045810:rd:ResearchAndDevelopmentExpense""}]",7.925021422450729,comparable_sur_reference,
0001050915,Quanta Services,chiffre_affaires,2025,28479697000.0,2025-01-01,2025-12-31,0001050915-26-000006,https://www.sec.gov/Archives/edgar/data/1050915/000105091526000006/0001050915-26-000006-index.htm,RevenueFromContractWithCustomerExcludingAssessedTax,0001050915:chiffre_affaires:RevenueFromContractWithCustomerExcludingAssessedTax,2017;2018;2019,3,10916684666.666666,2017-01-01/2017-12-31;2018-01-01/2018-12-31;2019-01-01/2019-12-31,False,"[{""annee"": 2017, ""valeur"": 9466478000.0, ""debut"": ""2017-01-01"", ""fin"": ""2017-12-31"", ""depot"": ""0001050915-20-000020"", ""source_url"": ""https://www.sec.gov/Archives/edgar/data/1050915/000105091520000020/0001050915-20-000020-index.htm"", ""perimetre_id"": ""0001050915:chiffre_affaires:RevenueFromContractWithCustomerExcludingAssessedTax""}, {""annee"": 2018, ""valeur"": 11171423000.0, ""debut"": ""2018-01-01"", ""fin"": ""2018-12-31"", ""depot"": ""0001050915-21-000009"", ""source_url"": ""https://www.sec.gov/Archives/edgar/data/1050915/000105091521000009/0001050915-21-000009-index.htm"", ""perimetre_id"": ""0001050915:chiffre_affaires:RevenueFromContractWithCustomerExcludingAssessedTax""}, {""annee"": 2019, ""valeur"": 12112153000.0, ""debut"": ""2019-01-01"", ""fin"": ""2019-12-31"", ""depot"": ""0001050915-22-000008"", ""source_url"": ""https://www.sec.gov/Archives/edgar/data/1050915/000105091522000008/0001050915-22-000008-index.htm"", ""perimetre_id"": ""0001050915:chiffre_affaires:RevenueFromContractWithCustomerExcludingAssessedTax""}]",2.6088229045362796,comparable_sur_reference,
0001050915,Quanta Services,capex,2025,609154000.0,2025-01-01,2025-12-31,0001050915-26-000006,https://www.sec.gov/Archives/edgar/data/1050915/000105091526000006/0001050915-26-000006-index.htm,PaymentsToAcquirePropertyPlantAndEquipment,0001050915:capex:PaymentsToAcquirePropertyPlantAndEquipment,2017;2018;2019,3,266669333.33333334,2017-01-01/2017-12-31;2018-01-01/2018-12-31;2019-01-01/2019-12-31,False,"[{""annee"": 2017, ""valeur"": 244651000.0, ""debut"": ""2017-01-01"", ""fin"": ""2017-12-31"", ""depot"": ""0001050915-20-000020"", ""source_url"": ""https://www.sec.gov/Archives/edgar/data/1050915/000105091520000020/0001050915-20-000020-index.htm"", ""perimetre_id"": ""0001050915:capex:PaymentsToAcquirePropertyPlantAndEquipment""}, {""annee"": 2018, ""valeur"": 293595000.0, ""debut"": ""2018-01-01"", ""fin"": ""2018-12-31"", ""depot"": ""0001050915-21-000009"", ""source_url"": ""https://www.sec.gov/Archives/edgar/data/1050915/000105091521000009/0001050915-21-000009-index.htm"", ""perimetre_id"": ""0001050915:capex:PaymentsToAcquirePropertyPlantAndEquipment""}, {""annee"": 2019, ""valeur"": 261762000.0, ""debut"": ""2019-01-01"", ""fin"": ""2019-12-31"", ""depot"": ""0001050915-22-000008"", ""source_url"": ""https://www.sec.gov/Archives/edgar/data/1050915/000105091522000008/0001050915-22-000008-index.htm"", ""perimetre_id"": ""0001050915:capex:PaymentsToAcquirePropertyPlantAndEquipment""}]",2.2843046569534304,comparable_sur_reference,
0001050915,Quanta Services,rd,2025,,,,,,,,,0,,,False,[],,valeur_recente_manquante,Aucune valeur annuelle collectée
0001053507,American Tower,chiffre_affaires,2025,10644600000.0,2025-01-01,2025-12-31,0001053507-26-000035,https://www.sec.gov/Archives/edgar/data/1053507/000105350726000035/0001053507-26-000035-index.htm,Revenues,0001053507:chiffre_affaires:Revenues,,0,,,False,[],,recent_non_reconcilie,Montants de revenu différents sans rapprochement ; maximum conservé comme candidat
0001053507,American Tower,capex,2025,1680400000.0,2025-01-01,2025-12-31,0001053507-26-000035,https://www.sec.gov/Archives/edgar/data/1053507/000105350726000035/0001053507-26-000035-index.htm,PaymentsToAcquirePropertyPlantAndEquipment,0001053507:capex:PaymentsToAcquirePropertyPlantAndEquipment,2014;2015,2,851578500.0,2014-01-01/2014-12-31;2015-01-01/2015-12-31,True,"[{""annee"": 2014, ""valeur"": 974404000.0, ""debut"": ""2014-01-01"", ""fin"": ""2014-12-31"", ""depot"": ""0001053507-17-000009"", ""source_url"": ""https://www.sec.gov/Archives/edgar/data/1053507/000105350717000009/0001053507-17-000009-index.htm"", ""perimetre_id"": ""0001053507:capex:PaymentsToAcquirePropertyPlantAndEquipment""}, {""annee"": 2015, ""valeur"": 728753000.0, ""debut"": ""2015-01-01"", ""fin"": ""2015-12-31"", ""depot"": ""0001053507-17-000009"", ""source_url"": ""https://www.sec.gov/Archives/edgar/data/1053507/000105350717000009/0001053507-17-000009-index.htm"", ""perimetre_id"": ""0001053507:capex:PaymentsToAcquirePropertyPlantAndEquipment""}]",1.9732766855903479,comparable_sur_repli,
0001053507,American Tower,rd,2025,,,,,,,,,0,,,False,[],,valeur_recente_manquante,Aucune valeur annuelle collectée
0001067983,Berkshire Hathaway,chiffre_affaires,2025,371444000000.0,2025-01-01,2025-12-31,0001193125-26-083899,https://www.sec.gov/Archives/edgar/data/1067983/000119312526083899/0001193125-26-083899-index.htm,Revenues,0001067983:chiffre_affaires:Revenues,,0,,,False,[],,recent_non_reconcilie,Montants de revenu différents sans rapprochement ; maximum conservé comme candidat
0001067983,Berkshire Hathaway,capex,2025,20927000000.0,2025-01-01,2025-12-31,0001193125-26-083899,https://www.sec.gov/Archives/edgar/data/1067983/000119312526083899/0001193125-26-083899-index.htm,PaymentsToAcquirePropertyPlantAndEquipment,0001067983:capex:PaymentsToAcquirePropertyPlantAndEquipment,2017;2018;2019,3,14074666666.666666,2017-01-01/2017-12-31;2018-01-01/2018-12-31;2019-01-01/2019-12-31,False,"[{""annee"": 2017, ""valeur"": 11708000000.0, ""debut"": ""2017-01-01"", ""fin"": ""2017-12-31"", ""depot"": ""0001564590-20-005874"", ""source_url"": ""https://www.sec.gov/Archives/edgar/data/1067983/000156459020005874/0001564590-20-005874-index.htm"", ""perimetre_id"": ""0001067983:capex:PaymentsToAcquirePropertyPlantAndEquipment""}, {""annee"": 2018, ""valeur"": 14537000000.0, ""debut"": ""2018-01-01"", ""fin"": ""2018-12-31"", ""depot"": ""0001564590-21-009611"", ""source_url"": ""https://www.sec.gov/Archives/edgar/data/1067983/000156459021009611/0001564590-21-009611-index.htm"", ""perimetre_id"": ""0001067983:capex:PaymentsToAcquirePropertyPlantAndEquipment""}, {""annee"": 2019, ""valeur"": 15979000000.0, ""debut"": ""2019-01-01"", ""fin"": ""2019-12-31"", ""depot"": ""0001564590-22-007322"", ""source_url"": ""https://www.sec.gov/Archives/edgar/data/1067983/000156459022007322/0001564590-22-007322-index.htm"", ""perimetre_id"": ""0001067983:capex:PaymentsToAcquirePropertyPlantAndEquipment""}]",1.486855816597196,comparable_sur_reference,
0001067983,Berkshire Hathaway,rd,2025,,,,,,,,,0,,,False,[],,valeur_recente_manquante,Aucune valeur annuelle collectée
0001069202,Lennox International,chiffre_affaires,2025,5195300000.0,2025-01-01,2025-12-31,0001069202-26-000028,https://www.sec.gov/Archives/edgar/data/1069202/000106920226000028/0001069202-26-000028-index.htm,Revenues,0001069202:chiffre_affaires:Revenues,2017;2018;2019,3,3843566666.6666665,2017-01-01/2017-12-31;2018-01-01/2018-12-31;2019-01-01/2019-12-31,False,"[{""annee"": 2017, ""valeur"": 3839600000.0, ""debut"": ""2017-01-01"", ""fin"": ""2017-12-31"", ""depot"": ""0001069202-20-000004"", ""source_url"": ""https://www.sec.gov/Archives/edgar/data/1069202/000106920220000004/0001069202-20-000004-index.htm"", ""perimetre_id"": ""0001069202:chiffre_affaires:Revenues""}, {""annee"": 2018, ""valeur"": 3883900000.0, ""debut"": ""2018-01-01"", ""fin"": ""2018-12-31"", ""depot"": ""0001069202-21-000007"", ""source_url"": ""https://www.sec.gov/Archives/edgar/data/1069202/000106920221000007/0001069202-21-000007-index.htm"", ""perimetre_id"": ""0001069202:chiffre_affaires:Revenues""}, {""annee"": 2019, ""valeur"": 3807200000.0, ""debut"": ""2019-01-01"", ""fin"": ""2019-12-31"", ""depot"": ""0001628280-22-002664"", ""source_url"": ""https://www.sec.gov/Archives/edgar/data/1069202/000162828022002664/0001628280-22-002664-index.htm"", ""perimetre_id"": ""0001069202:chiffre_affaires:Revenues""}]",1.3516872349467075,comparable_sur_reference,
0001069202,Lennox International,capex,2025,118800000.0,2025-01-01,2025-12-31,0001069202-26-000028,https://www.sec.gov/Archives/edgar/data/1069202/000106920226000028/0001069202-26-000028-index.htm,PaymentsToAcquirePropertyPlantAndEquipment,0001069202:capex:PaymentsToAcquirePropertyPlantAndEquipment,2017;2018;2019,3,99700000.0,2017-01-01/2017-12-31;2018-01-01/2018-12-31;2019-01-01/2019-12-31,False,"[{""annee"": 2017, ""valeur"": 98300000.0, ""debut"": ""2017-01-01"", ""fin"": ""2017-12-31"", ""depot"": ""0001069202-20-000004"", ""source_url"": ""https://www.sec.gov/Archives/edgar/data/1069202/000106920220000004/0001069202-20-000004-index.htm"", ""perimetre_id"": ""0001069202:capex:PaymentsToAcquirePropertyPlantAndEquipment""}, {""annee"": 2018, ""valeur"": 95200000.0, ""debut"": ""2018-01-01"", ""fin"": ""2018-12-31"", ""depot"": ""0001069202-21-000007"", ""source_url"": ""https://www.sec.gov/Archives/edgar/data/1069202/000106920221000007/0001069202-21-000007-index.htm"", ""perimetre_id"": ""0001069202:capex:PaymentsToAcquirePropertyPlantAndEquipment""}, {""annee"": 2019, ""valeur"": 105600000.0, ""debut"": ""2019-01-01"", ""fin"": ""2019-12-31"", ""depot"": ""0001628280-22-002664"", ""source_url"": ""https://www.sec.gov/Archives/edgar/data/1069202/000162828022002664/0001628280-22-002664-index.htm"", ""perimetre_id"": ""0001069202:capex:PaymentsToAcquirePropertyPlantAndEquipment""}]",1.1915747241725176,comparable_sur_reference,
0001069202,Lennox International,rd,2025,103400000.0,2025-01-01,2025-12-31,0001069202-26-000028,https://www.sec.gov/Archives/edgar/data/1069202/000106920226000028/0001069202-26-000028-index.htm,ResearchAndDevelopmentExpense,0001069202:rd:ResearchAndDevelopmentExpense,2017;2018;2019,3,71900000.0,2017-01-01/2017-12-31;2018-01-01/2018-12-31;2019-01-01/2019-12-31,False,"[{""annee"": 2017, ""valeur"": 73600000.0, ""debut"": ""2017-01-01"", ""fin"": ""2017-12-31"", ""depot"": ""0001069202-20-000004"", ""source_url"": ""https://www.sec.gov/Archives/edgar/data/1069202/000106920220000004/0001069202-20-000004-index.htm"", ""perimetre_id"": ""0001069202:rd:ResearchAndDevelopmentExpense""}, {""annee"": 2018, ""valeur"": 72200000.0, ""debut"": ""2018-01-01"", ""fin"": ""2018-12-31"", ""depot"": ""0001069202-21-000007"", ""source_url"": ""https://www.sec.gov/Archives/edgar/data/1069202/000106920221000007/0001069202-21-000007-index.htm"", ""perimetre_id"": ""0001069202:rd:ResearchAndDevelopmentExpense""}, {""annee"": 2019, ""valeur"": 69900000.0, ""debut"": ""2019-01-01"", ""fin"": ""2019-12-31"", ""depot"": ""0001628280-22-002664"", ""source_url"": ""https://www.sec.gov/Archives/edgar/data/1069202/000162828022002664/0001628280-22-002664-index.htm"", ""perimetre_id"": ""0001069202:rd:ResearchAndDevelopmentExpense""}]",1.4381084840055633,comparable_sur_reference,
0001086222,Akamai Technologies,chiffre_affaires,2025,4208175000.0,2025-01-01,2025-12-31,0001086222-26-000022,https://www.sec.gov/Archives/edgar/data/1086222/000108622226000022/0001086222-26-000022-index.htm,RevenueFromContractWithCustomerIncludingAssessedTax,0001086222:chiffre_affaires:RevenueFromContractWithCustomerIncludingAssessedTax,,0,,,False,[],,recent_non_reconcilie,Revenu incluant taxes : total net non réconcilié
0001086222,Akamai Technologies,capex,2025,507786000.0,2025-01-01,2025-12-31,0001086222-26-000022,https://www.sec.gov/Archives/edgar/data/1086222/000108622226000022/0001086222-26-000022-index.htm,PaymentsToAcquirePropertyPlantAndEquipment,0001086222:capex:PaymentsToAcquirePropertyPlantAndEquipment,2017;2018;2019,3,277140666.6666667,2017-01-01/2017-12-31;2018-01-01/2018-12-31;2019-01-01/2019-12-31,False,"[{""annee"": 2017, ""valeur"": 254146000.0, ""debut"": ""2017-01-01"", ""fin"": ""2017-12-31"", ""depot"": ""0001086222-20-000045"", ""source_url"": ""https://www.sec.gov/Archives/edgar/data/1086222/000108622220000045/0001086222-20-000045-index.htm"", ""perimetre_id"": ""0001086222:capex:PaymentsToAcquirePropertyPlantAndEquipment""}, {""annee"": 2018, ""valeur"": 217609000.0, ""debut"": ""2018-01-01"", ""fin"": ""2018-12-31"", ""depot"": ""0001086222-21-000075"", ""source_url"": ""https://www.sec.gov/Archives/edgar/data/1086222/000108622221000075/0001086222-21-000075-index.htm"", ""perimetre_id"": ""0001086222:capex:PaymentsToAcquirePropertyPlantAndEquipment""}, {""annee"": 2019, ""valeur"": 359667000.0, ""debut"": ""2019-01-01"", ""fin"": ""2019-12-31"", ""depot"": ""0001086222-22-000058"", ""source_url"": ""https://www.sec.gov/Archives/edgar/data/1086222/000108622222000058/0001086222-22-000058-index.htm"", ""perimetre_id"": ""0001086222:capex:PaymentsToAcquirePropertyPlantAndEquipment""}]",1.8322320073320166,comparable_sur_reference,
0001086222,Akamai Technologies,rd,2025,513560000.0,2025-01-01,2025-12-31,0001086222-26-000022,https://www.sec.gov/Archives/edgar/data/1086222/000108622226000022/0001086222-26-000022-index.htm,ResearchAndDevelopmentExpense,0001086222:rd:ResearchAndDevelopmentExpense,2017;2018;2019,3,243321333.33333334,2017-01-01/2017-12-31;2018-01-01/2018-12-31;2019-01-01/2019-12-31,False,"[{""annee"": 2017, ""valeur"": 222434000.0, ""debut"": ""2017-01-01"", ""fin"": ""2017-12-31"", ""depot"": ""0001086222-20-000045"", ""source_url"": ""https://www.sec.gov/Archives/edgar/data/1086222/000108622220000045/0001086222-20-000045-index.htm"", ""perimetre_id"": ""0001086222:rd:ResearchAndDevelopmentExpense""}, {""annee"": 2018, ""valeur"": 246165000.0, ""debut"": ""2018-01-01"", ""fin"": ""2018-12-31"", ""depot"": ""0001086222-21-000075"", ""source_url"": ""https://www.sec.gov/Archives/edgar/data/1086222/000108622221000075/0001086222-21-000075-index.htm"", ""perimetre_id"": ""0001086222:rd:ResearchAndDevelopmentExpense""}, {""annee"": 2019, ""valeur"": 261365000.0, ""debut"": ""2019-01-01"", ""fin"": ""2019-12-31"", ""depot"": ""0001086222-22-000058"", ""source_url"": ""https://www.sec.gov/Archives/edgar/data/1086222/000108622222000058/0001086222-22-000058-index.htm"", ""perimetre_id"": ""0001086222:rd:ResearchAndDevelopmentExpense""}]",2.110624633543572,comparable_sur_reference,
0001094285,Teledyne Technologies,chiffre_affaires,2025,6115400000.0,2024-12-30,2025-12-28,0001094285-26-000017,https://www.sec.gov/Archives/edgar/data/1094285/000109428526000017/0001094285-26-000017-index.htm,RevenueFromContractWithCustomerExcludingAssessedTax,0001094285:chiffre_affaires:RevenueFromContractWithCustomerExcludingAssessedTax,2017;2018;2019,3,2889733333.3333335,2017-01-02/2017-12-31;2018-01-01/2018-12-30;2018-12-31/2019-12-29,False,"[{""annee"": 2017, ""valeur"": 2603800000.0, ""debut"": ""2017-01-02"", ""fin"": ""2017-12-31"", ""depot"": ""0001094285-20-000045"", ""source_url"": ""https://www.sec.gov/Archives/edgar/data/1094285/000109428520000045/0001094285-20-000045-index.htm"", ""perimetre_id"": ""0001094285:chiffre_affaires:RevenueFromContractWithCustomerExcludingAssessedTax""}, {""annee"": 2018, ""valeur"": 2901800000.0, ""debut"": ""2018-01-01"", ""fin"": ""2018-12-30"", ""depot"": ""0001094285-21-000066"", ""source_url"": ""https://www.sec.gov/Archives/edgar/data/1094285/000109428521000066/0001094285-21-000066-index.htm"", ""perimetre_id"": ""0001094285:chiffre_affaires:RevenueFromContractWithCustomerExcludingAssessedTax""}, {""annee"": 2019, ""valeur"": 3163600000.0, ""debut"": ""2018-12-31"", ""fin"": ""2019-12-29"", ""depot"": ""0001094285-22-000049"", ""source_url"": ""https://www.sec.gov/Archives/edgar/data/1094285/000109428522000049/0001094285-22-000049-index.htm"", ""perimetre_id"": ""0001094285:chiffre_affaires:RevenueFromContractWithCustomerExcludingAssessedTax""}]",2.1162506344299357,comparable_sur_reference,
0001094285,Teledyne Technologies,capex,2025,117300000.0,2024-12-30,2025-12-28,0001094285-26-000017,https://www.sec.gov/Archives/edgar/data/1094285/000109428526000017/0001094285-26-000017-index.htm,PaymentsToAcquirePropertyPlantAndEquipment,0001094285:capex:PaymentsToAcquirePropertyPlantAndEquipment,2017;2018;2019,3,77900000.0,2017-01-02/2017-12-31;2018-01-01/2018-12-30;2018-12-31/2019-12-29,False,"[{""annee"": 2017, ""valeur"": 58500000.0, ""debut"": ""2017-01-02"", ""fin"": ""2017-12-31"", ""depot"": ""0001094285-20-000045"", ""source_url"": ""https://www.sec.gov/Archives/edgar/data/1094285/000109428520000045/0001094285-20-000045-index.htm"", ""perimetre_id"": ""0001094285:capex:PaymentsToAcquirePropertyPlantAndEquipment""}, {""annee"": 2018, ""valeur"": 86800000.0, ""debut"": ""2018-01-01"", ""fin"": ""2018-12-30"", ""depot"": ""0001094285-21-000066"", ""source_url"": ""https://www.sec.gov/Archives/edgar/data/1094285/000109428521000066/0001094285-21-000066-index.htm"", ""perimetre_id"": ""0001094285:capex:PaymentsToAcquirePropertyPlantAndEquipment""}, {""annee"": 2019, ""valeur"": 88400000.0, ""debut"": ""2018-12-31"", ""fin"": ""2019-12-29"", ""depot"": ""0001094285-22-000049"", ""source_url"": ""https://www.sec.gov/Archives/edgar/data/1094285/000109428522000049/0001094285-22-000049-index.htm"", ""perimetre_id"": ""0001094285:capex:PaymentsToAcquirePropertyPlantAndEquipment""}]",1.5057766367137355,comparable_sur_reference,
0001094285,Teledyne Technologies,rd,2025,317300000.0,2024-12-30,2025-12-28,0001094285-26-000017,https://www.sec.gov/Archives/edgar/data/1094285/000109428526000017/0001094285-26-000017-index.htm,ResearchAndDevelopmentExpense,0001094285:rd:ResearchAndDevelopmentExpense,2022;2023,2,354250000.0,2022-01-03/2023-01-01;2023-01-02/2023-12-31,True,"[{""annee"": 2022, ""valeur"": 352200000.0, ""debut"": ""2022-01-03"", ""fin"": ""2023-01-01"", ""depot"": ""0001094285-25-000053"", ""source_url"": ""https://www.sec.gov/Archives/edgar/data/1094285/000109428525000053/0001094285-25-000053-index.htm"", ""perimetre_id"": ""0001094285:rd:ResearchAndDevelopmentExpense""}, {""annee"": 2023, ""valeur"": 356300000.0, ""debut"": ""2023-01-02"", ""fin"": ""2023-12-31"", ""depot"": ""0001094285-26-000017"", ""source_url"": ""https://www.sec.gov/Archives/edgar/data/1094285/000109428526000017/0001094285-26-000017-index.htm"", ""perimetre_id"": ""0001094285:rd:ResearchAndDevelopmentExpense""}]",0.8956951305575159,comparable_sur_repli,
0001097864,ON Semiconductor,chiffre_affaires,2025,5995400000.0,2025-01-01,2025-12-31,0001097864-26-000006,https://www.sec.gov/Archives/edgar/data/1097864/000109786426000006/0001097864-26-000006-index.htm,RevenueFromContractWithCustomerExcludingAssessedTax,0001097864:chiffre_affaires:RevenueFromContractWithCustomerExcludingAssessedTax,2017;2018;2019,3,5646433333.333333,2017-01-01/2017-12-31;2018-01-01/2018-12-31;2019-01-01/2019-12-31,False,"[{""annee"": 2017, ""valeur"": 5543100000.0, ""debut"": ""2017-01-01"", ""fin"": ""2017-12-31"", ""depot"": ""0001193125-20-041751"", ""source_url"": ""https://www.sec.gov/Archives/edgar/data/1097864/000119312520041751/0001193125-20-041751-index.htm"", ""perimetre_id"": ""0001097864:chiffre_affaires:RevenueFromContractWithCustomerExcludingAssessedTax""}, {""annee"": 2018, ""valeur"": 5878300000.0, ""debut"": ""2018-01-01"", ""fin"": ""2018-12-31"", ""depot"": ""0001628280-21-002219"", ""source_url"": ""https://www.sec.gov/Archives/edgar/data/1097864/000162828021002219/0001628280-21-002219-index.htm"", ""perimetre_id"": ""0001097864:chiffre_affaires:RevenueFromContractWithCustomerExcludingAssessedTax""}, {""annee"": 2019, ""valeur"": 5517900000.0, ""debut"": ""2019-01-01"", ""fin"": ""2019-12-31"", ""depot"": ""0001628280-22-002416"", ""source_url"": ""https://www.sec.gov/Archives/edgar/data/1097864/000162828022002416/0001628280-22-002416-index.htm"", ""perimetre_id"": ""0001097864:chiffre_affaires:RevenueFromContractWithCustomerExcludingAssessedTax""}]",1.0618030260990714,comparable_sur_reference,
0001097864,ON Semiconductor,capex,2025,341200000.0,2025-01-01,2025-12-31,0001097864-26-000006,https://www.sec.gov/Archives/edgar/data/1097864/000109786426000006/0001097864-26-000006-index.htm,PaymentsToAcquirePropertyPlantAndEquipment,0001097864:capex:PaymentsToAcquirePropertyPlantAndEquipment,2017;2018;2019,3,478966666.6666667,2017-01-01/2017-12-31;2018-01-01/2018-12-31;2019-01-01/2019-12-31,False,"[{""annee"": 2017, ""valeur"": 387500000.0, ""debut"": ""2017-01-01"", ""fin"": ""2017-12-31"", ""depot"": ""0001193125-20-041751"", ""source_url"": ""https://www.sec.gov/Archives/edgar/data/1097864/000119312520041751/0001193125-20-041751-index.htm"", ""perimetre_id"": ""0001097864:capex:PaymentsToAcquirePropertyPlantAndEquipment""}, {""annee"": 2018, ""valeur"": 514800000.0, ""debut"": ""2018-01-01"", ""fin"": ""2018-12-31"", ""depot"": ""0001628280-21-002219"", ""source_url"": ""https://www.sec.gov/Archives/edgar/data/1097864/000162828021002219/0001628280-21-002219-index.htm"", ""perimetre_id"": ""0001097864:capex:PaymentsToAcquirePropertyPlantAndEquipment""}, {""annee"": 2019, ""valeur"": 534600000.0, ""debut"": ""2019-01-01"", ""fin"": ""2019-12-31"", ""depot"": ""0001628280-22-002416"", ""source_url"": ""https://www.sec.gov/Archives/edgar/data/1097864/000162828022002416/0001628280-22-002416-index.htm"", ""perimetre_id"": ""0001097864:capex:PaymentsToAcquirePropertyPlantAndEquipment""}]",0.7123669009673602,comparable_sur_reference,
0001097864,ON Semiconductor,rd,2025,583600000.0,2025-01-01,2025-12-31,0001097864-26-000006,https://www.sec.gov/Archives/edgar/data/1097864/000109786426000006/0001097864-26-000006-index.htm,ResearchAndDevelopmentExpenseExcludingAcquiredInProcessCost,0001097864:rd:ResearchAndDevelopmentExpenseExcludingAcquiredInProcessCost,2017;2018;2019,3,628766666.6666666,2017-01-01/2017-12-31;2018-01-01/2018-12-31;2019-01-01/2019-12-31,False,"[{""annee"": 2017, ""valeur"": 594700000.0, ""debut"": ""2017-01-01"", ""fin"": ""2017-12-31"", ""depot"": ""0001193125-20-041751"", ""source_url"": ""https://www.sec.gov/Archives/edgar/data/1097864/000119312520041751/0001193125-20-041751-index.htm"", ""perimetre_id"": ""0001097864:rd:ResearchAndDevelopmentExpenseExcludingAcquiredInProcessCost""}, {""annee"": 2018, ""valeur"": 650700000.0, ""debut"": ""2018-01-01"", ""fin"": ""2018-12-31"", ""depot"": ""0001628280-21-002219"", ""source_url"": ""https://www.sec.gov/Archives/edgar/data/1097864/000162828021002219/0001628280-21-002219-index.htm"", ""perimetre_id"": ""0001097864:rd:ResearchAndDevelopmentExpenseExcludingAcquiredInProcessCost""}, {""annee"": 2019, ""valeur"": 640900000.0, ""debut"": ""2019-01-01"", ""fin"": ""2019-12-31"", ""depot"": ""0001628280-22-002416"", ""source_url"": ""https://www.sec.gov/Archives/edgar/data/1097864/000162828022002416/0001628280-22-002416-index.htm"", ""perimetre_id"": ""0001097864:rd:ResearchAndDevelopmentExpenseExcludingAcquiredInProcessCost""}]",0.9281662513916132,comparable_sur_reference,
0001101239,Equinix,chiffre_affaires,2025,9217000000.0,2025-01-01,2025-12-31,0001101239-26-000032,https://www.sec.gov/Archives/edgar/data/1101239/000110123926000032/0001101239-26-000032-index.htm,RevenueFromContractWithCustomerExcludingAssessedTax,0001101239:chiffre_affaires:RevenueFromContractWithCustomerExcludingAssessedTax,,0,,,False,[],,recent_non_reconcilie,Foncière : revenu total non réconcilié avec les loyers
0001101239,Equinix,capex,2025,4311000000.0,2025-01-01,2025-12-31,0001101239-26-000032,https://www.sec.gov/Archives/edgar/data/1101239/000110123926000032/0001101239-26-000032-index.htm,PaymentsToAcquireProductiveAssets,0001101239:capex:PaymentsToAcquireProductiveAssets,,0,,,False,[],,recent_non_reconcilie,Postes de dépenses non équivalents ; préférence non réconciliée
0001101239,Equinix,rd,2025,,,,,,,,,0,,,False,[],,valeur_recente_manquante,Aucune valeur annuelle collectée
0001111711,NiSource,chiffre_affaires,2025,6522800000.0,2025-01-01,2025-12-31,0001111711-26-000027,https://www.sec.gov/Archives/edgar/data/1111711/000111171126000027/0001111711-26-000027-index.htm,RevenueFromContractWithCustomerExcludingAssessedTax,0001111711:chiffre_affaires:RevenueFromContractWithCustomerExcludingAssessedTax,2018;2019,2,5022250000.0,2018-01-01/2018-12-31;2019-01-01/2019-12-31,False,"[{""annee"": 2018, ""valeur"": 4991100000.0, ""debut"": ""2018-01-01"", ""fin"": ""2018-12-31"", ""depot"": ""0001111711-21-000010"", ""source_url"": ""https://www.sec.gov/Archives/edgar/data/1111711/000111171121000010/0001111711-21-000010-index.htm"", ""perimetre_id"": ""0001111711:chiffre_affaires:RevenueFromContractWithCustomerExcludingAssessedTax""}, {""annee"": 2019, ""valeur"": 5053400000.0, ""debut"": ""2019-01-01"", ""fin"": ""2019-12-31"", ""depot"": ""0001111711-22-000007"", ""source_url"": ""https://www.sec.gov/Archives/edgar/data/1111711/000111171122000007/0001111711-22-000007-index.htm"", ""perimetre_id"": ""0001111711:chiffre_affaires:RevenueFromContractWithCustomerExcludingAssessedTax""}]",1.2987804270994077,comparable_sur_reference,
0001111711,NiSource,capex,2025,2782300000.0,2025-01-01,2025-12-31,0001111711-26-000027,https://www.sec.gov/Archives/edgar/data/1111711/000111171126000027/0001111711-26-000027-index.htm,PaymentsToAcquirePropertyPlantAndEquipment,0001111711:capex:PaymentsToAcquirePropertyPlantAndEquipment,2017;2018;2019,3,1772133333.3333333,2017-01-01/2017-12-31;2018-01-01/2018-12-31;2019-01-01/2019-12-31,False,"[{""annee"": 2017, ""valeur"": 1695800000.0, ""debut"": ""2017-01-01"", ""fin"": ""2017-12-31"", ""depot"": ""0001111711-20-000013"", ""source_url"": ""https://www.sec.gov/Archives/edgar/data/1111711/000111171120000013/0001111711-20-000013-index.htm"", ""perimetre_id"": ""0001111711:capex:PaymentsToAcquirePropertyPlantAndEquipment""}, {""annee"": 2018, ""valeur"": 1818200000.0, ""debut"": ""2018-01-01"", ""fin"": ""2018-12-31"", ""depot"": ""0001111711-21-000010"", ""source_url"": ""https://www.sec.gov/Archives/edgar/data/1111711/000111171121000010/0001111711-21-000010-index.htm"", ""perimetre_id"": ""0001111711:capex:PaymentsToAcquirePropertyPlantAndEquipment""}, {""annee"": 2019, ""valeur"": 1802400000.0, ""debut"": ""2019-01-01"", ""fin"": ""2019-12-31"", ""depot"": ""0001111711-22-000007"", ""source_url"": ""https://www.sec.gov/Archives/edgar/data/1111711/000111171122000007/0001111711-22-000007-index.htm"", ""perimetre_id"": ""0001111711:capex:PaymentsToAcquirePropertyPlantAndEquipment""}]",1.570028590775713,comparable_sur_reference,
0001111711,NiSource,rd,2025,,,,,,,,,0,,,False,[],,valeur_recente_manquante,Aucune valeur annuelle collectée
0001130310,CenterPoint Energy,chiffre_affaires,2025,9357000000.0,2025-01-01,2025-12-31,0001130310-26-000008,https://www.sec.gov/Archives/edgar/data/1130310/000113031026000008/0001130310-26-000008-index.htm,Revenues,0001130310:chiffre_affaires:Revenues,,0,,,False,[],,recent_non_reconcilie,Montants de revenu différents sans rapprochement ; maximum conservé comme candidat
0001130310,CenterPoint Energy,capex,2025,4870000000.0,2025-01-01,2025-12-31,0001130310-26-000008,https://www.sec.gov/Archives/edgar/data/1130310/000113031026000008/0001130310-26-000008-index.htm,PaymentsToAcquirePropertyPlantAndEquipment,0001130310:capex:PaymentsToAcquirePropertyPlantAndEquipment,2023;2024,2,4457000000.0,2023-01-01/2023-12-31;2024-01-01/2024-12-31,True,"[{""annee"": 2023, ""valeur"": 4401000000.0, ""debut"": ""2023-01-01"", ""fin"": ""2023-12-31"", ""depot"": ""0001130310-26-000008"", ""source_url"": ""https://www.sec.gov/Archives/edgar/data/1130310/000113031026000008/0001130310-26-000008-index.htm"", ""perimetre_id"": ""0001130310:capex:PaymentsToAcquirePropertyPlantAndEquipment""}, {""annee"": 2024, ""valeur"": 4513000000.0, ""debut"": ""2024-01-01"", ""fin"": ""2024-12-31"", ""depot"": ""0001130310-26-000008"", ""source_url"": ""https://www.sec.gov/Archives/edgar/data/1130310/000113031026000008/0001130310-26-000008-index.htm"", ""perimetre_id"": ""0001130310:capex:PaymentsToAcquirePropertyPlantAndEquipment""}]",1.092663226385461,comparable_sur_repli,
0001130310,CenterPoint Energy,rd,2025,,,,,,,,,0,,,False,[],,valeur_recente_manquante,Aucune valeur annuelle collectée
0001137789,Seagate Technology,chiffre_affaires,2025,12195000000.0,2025-06-28,2026-07-03,0001137789-26-000159,https://www.sec.gov/Archives/edgar/data/1137789/000113778926000159/0001137789-26-000159-index.htm,RevenueFromContractWithCustomerExcludingAssessedTax,0001137789:chiffre_affaires:RevenueFromContractWithCustomerExcludingAssessedTax,2017;2018;2019,3,10694333333.333334,2017-07-01/2018-06-29;2018-06-30/2019-06-28;2019-06-29/2020-07-03,False,"[{""annee"": 2017, ""valeur"": 11184000000.0, ""debut"": ""2017-07-01"", ""fin"": ""2018-06-29"", ""depot"": ""0001137789-20-000057"", ""source_url"": ""https://www.sec.gov/Archives/edgar/data/1137789/000113778920000057/0001137789-20-000057-index.htm"", ""perimetre_id"": ""0001137789:chiffre_affaires:RevenueFromContractWithCustomerExcludingAssessedTax""}, {""annee"": 2018, ""valeur"": 10390000000.0, ""debut"": ""2018-06-30"", ""fin"": ""2019-06-28"", ""depot"": ""0001137789-21-000049"", ""source_url"": ""https://www.sec.gov/Archives/edgar/data/1137789/000113778921000049/0001137789-21-000049-index.htm"", ""perimetre_id"": ""0001137789:chiffre_affaires:RevenueFromContractWithCustomerExcludingAssessedTax""}, {""annee"": 2019, ""valeur"": 10509000000.0, ""debut"": ""2019-06-29"", ""fin"": ""2020-07-03"", ""depot"": ""0001137789-22-000055"", ""source_url"": ""https://www.sec.gov/Archives/edgar/data/1137789/000113778922000055/0001137789-22-000055-index.htm"", ""perimetre_id"": ""0001137789:chiffre_affaires:RevenueFromContractWithCustomerExcludingAssessedTax""}]",1.1403235358289436,comparable_sur_reference,
0001137789,Seagate Technology,capex,2025,569000000.0,2025-06-28,2026-07-03,0001137789-26-000159,https://www.sec.gov/Archives/edgar/data/1137789/000113778926000159/0001137789-26-000159-index.htm,PaymentsToAcquirePropertyPlantAndEquipment,0001137789:capex:PaymentsToAcquirePropertyPlantAndEquipment,2017;2018;2019,3,517666666.6666667,2017-07-01/2018-06-29;2018-06-30/2019-06-28;2019-06-29/2020-07-03,False,"[{""annee"": 2017, ""valeur"": 366000000.0, ""debut"": ""2017-07-01"", ""fin"": ""2018-06-29"", ""depot"": ""0001137789-20-000057"", ""source_url"": ""https://www.sec.gov/Archives/edgar/data/1137789/000113778920000057/0001137789-20-000057-index.htm"", ""perimetre_id"": ""0001137789:capex:PaymentsToAcquirePropertyPlantAndEquipment""}, {""annee"": 2018, ""valeur"": 602000000.0, ""debut"": ""2018-06-30"", ""fin"": ""2019-06-28"", ""depot"": ""0001137789-21-000049"", ""source_url"": ""https://www.sec.gov/Archives/edgar/data/1137789/000113778921000049/0001137789-21-000049-index.htm"", ""perimetre_id"": ""0001137789:capex:PaymentsToAcquirePropertyPlantAndEquipment""}, {""annee"": 2019, ""valeur"": 585000000.0, ""debut"": ""2019-06-29"", ""fin"": ""2020-07-03"", ""depot"": ""0001137789-22-000055"", ""source_url"": ""https://www.sec.gov/Archives/edgar/data/1137789/000113778922000055/0001137789-22-000055-index.htm"", ""perimetre_id"": ""0001137789:capex:PaymentsToAcquirePropertyPlantAndEquipment""}]",1.0991629104958145,comparable_sur_reference,
0001137789,Seagate Technology,rd,2025,755000000.0,2025-06-28,2026-07-03,0001137789-26-000159,https://www.sec.gov/Archives/edgar/data/1137789/000113778926000159/0001137789-26-000159-index.htm,ResearchAndDevelopmentExpense,0001137789:rd:ResearchAndDevelopmentExpense,2017;2018;2019,3,996666666.6666666,2017-07-01/2018-06-29;2018-06-30/2019-06-28;2019-06-29/2020-07-03,False,"[{""annee"": 2017, ""valeur"": 1026000000.0, ""debut"": ""2017-07-01"", ""fin"": ""2018-06-29"", ""depot"": ""0001137789-20-000057"", ""source_url"": ""https://www.sec.gov/Archives/edgar/data/1137789/000113778920000057/0001137789-20-000057-index.htm"", ""perimetre_id"": ""0001137789:rd:ResearchAndDevelopmentExpense""}, {""annee"": 2018, ""valeur"": 991000000.0, ""debut"": ""2018-06-30"", ""fin"": ""2019-06-28"", ""depot"": ""0001137789-21-000049"", ""source_url"": ""https://www.sec.gov/Archives/edgar/data/1137789/000113778921000049/0001137789-21-000049-index.htm"", ""perimetre_id"": ""0001137789:rd:ResearchAndDevelopmentExpense""}, {""annee"": 2019, ""valeur"": 973000000.0, ""debut"": ""2019-06-29"", ""fin"": ""2020-07-03"", ""depot"": ""0001137789-22-000055"", ""source_url"": ""https://www.sec.gov/Archives/edgar/data/1137789/000113778922000055/0001137789-22-000055-index.htm"", ""perimetre_id"": ""0001137789:rd:ResearchAndDevelopmentExpense""}]",0.7575250836120402,comparable_sur_reference,
0001138118,CBRE Group,chiffre_affaires,2025,40550000000.0,2025-01-01,2025-12-31,0001138118-26-000005,https://www.sec.gov/Archives/edgar/data/1138118/000113811826000005/0001138118-26-000005-index.htm,Revenues,0001138118:chiffre_affaires:Revenues,,0,,,False,[],,recent_non_reconcilie,Montants de revenu différents sans rapprochement ; maximum conservé comme candidat
0001138118,CBRE Group,capex,2025,366000000.0,2025-01-01,2025-12-31,0001138118-26-000005,https://www.sec.gov/Archives/edgar/data/1138118/000113811826000005/0001138118-26-000005-index.htm,PaymentsToAcquireProductiveAssets,0001138118:capex:PaymentsToAcquireProductiveAssets,,0,,,False,[],,recent_non_reconcilie,Postes de dépenses non équivalents ; préférence non réconciliée
0001138118,CBRE Group,rd,2025,,,,,,,,,0,,,False,[],,valeur_recente_manquante,Aucune valeur annuelle collectée
0001176948,Ares Management,chiffre_affaires,2025,5601482000.0,2025-01-01,2025-12-31,0001628280-26-011413,https://www.sec.gov/Archives/edgar/data/1176948/000162828026011413/0001628280-26-011413-index.htm,RevenueFromContractWithCustomerExcludingAssessedTax,0001176948:chiffre_affaires:RevenueFromContractWithCustomerExcludingAssessedTax,,0,,,False,[],,recent_non_reconcilie,Montants de revenu différents sans rapprochement ; maximum conservé comme candidat
0001176948,Ares Management,capex,2025,,,,,,,,,0,,,False,[],,valeur_recente_manquante,Aucune valeur annuelle collectée
0001176948,Ares Management,rd,2025,,,,,,,,,0,,,False,[],,valeur_recente_manquante,Aucune valeur annuelle collectée
0001280452,Monolithic Power Systems,chiffre_affaires,2025,2790459000.0,2025-01-01,2025-12-31,0001437749-26-006113,https://www.sec.gov/Archives/edgar/data/1280452/000143774926006113/0001437749-26-006113-index.htm,RevenueFromContractWithCustomerExcludingAssessedTax,0001280452:chiffre_affaires:RevenueFromContractWithCustomerExcludingAssessedTax,2017;2018;2019,3,560410666.6666666,2017-01-01/2017-12-31;2018-01-01/2018-12-31;2019-01-01/2019-12-31,False,"[{""annee"": 2017, ""valeur"": 470929000.0, ""debut"": ""2017-01-01"", ""fin"": ""2017-12-31"", ""depot"": ""0001437749-20-003943"", ""source_url"": ""https://www.sec.gov/Archives/edgar/data/1280452/000143774920003943/0001437749-20-003943-index.htm"", ""perimetre_id"": ""0001280452:chiffre_affaires:RevenueFromContractWithCustomerExcludingAssessedTax""}, {""annee"": 2018, ""valeur"": 582382000.0, ""debut"": ""2018-01-01"", ""fin"": ""2018-12-31"", ""depot"": ""0001437749-21-004587"", ""source_url"": ""https://www.sec.gov/Archives/edgar/data/1280452/000143774921004587/0001437749-21-004587-index.htm"", ""perimetre_id"": ""0001280452:chiffre_affaires:RevenueFromContractWithCustomerExcludingAssessedTax""}, {""annee"": 2019, ""valeur"": 627921000.0, ""debut"": ""2019-01-01"", ""fin"": ""2019-12-31"", ""depot"": ""0001437749-22-004460"", ""source_url"": ""https://www.sec.gov/Archives/edgar/data/1280452/000143774922004460/0001437749-22-004460-index.htm"", ""perimetre_id"": ""0001280452:chiffre_affaires:RevenueFromContractWithCustomerExcludingAssessedTax""}]",4.979311005262808,comparable_sur_reference,
0001280452,Monolithic Power Systems,capex,2025,172013000.0,2025-01-01,2025-12-31,0001437749-26-006113,https://www.sec.gov/Archives/edgar/data/1280452/000143774926006113/0001437749-26-006113-index.htm,PaymentsToAcquirePropertyPlantAndEquipment,0001280452:capex:PaymentsToAcquirePropertyPlantAndEquipment,2017;2018;2019,3,61367333.333333336,2017-01-01/2017-12-31;2018-01-01/2018-12-31;2019-01-01/2019-12-31,False,"[{""annee"": 2017, ""valeur"": 65770000.0, ""debut"": ""2017-01-01"", ""fin"": ""2017-12-31"", ""depot"": ""0001437749-20-003943"", ""source_url"": ""https://www.sec.gov/Archives/edgar/data/1280452/000143774920003943/0001437749-20-003943-index.htm"", ""perimetre_id"": ""0001280452:capex:PaymentsToAcquirePropertyPlantAndEquipment""}, {""annee"": 2018, ""valeur"": 22526000.0, ""debut"": ""2018-01-01"", ""fin"": ""2018-12-31"", ""depot"": ""0001437749-21-004587"", ""source_url"": ""https://www.sec.gov/Archives/edgar/data/1280452/000143774921004587/0001437749-21-004587-index.htm"", ""perimetre_id"": ""0001280452:capex:PaymentsToAcquirePropertyPlantAndEquipment""}, {""annee"": 2019, ""valeur"": 95806000.0, ""debut"": ""2019-01-01"", ""fin"": ""2019-12-31"", ""depot"": ""0001437749-22-004460"", ""source_url"": ""https://www.sec.gov/Archives/edgar/data/1280452/000143774922004460/0001437749-22-004460-index.htm"", ""perimetre_id"": ""0001280452:capex:PaymentsToAcquirePropertyPlantAndEquipment""}]",2.8030059423580407,comparable_sur_reference,
0001280452,Monolithic Power Systems,rd,2025,382263000.0,2025-01-01,2025-12-31,0001437749-26-006113,https://www.sec.gov/Archives/edgar/data/1280452/000143774926006113/0001437749-26-006113-index.htm,ResearchAndDevelopmentExpenseExcludingAcquiredInProcessCost,0001280452:rd:ResearchAndDevelopmentExpenseExcludingAcquiredInProcessCost,2017;2018;2019,3,94523666.66666667,2017-01-01/2017-12-31;2018-01-01/2018-12-31;2019-01-01/2019-12-31,False,"[{""annee"": 2017, ""valeur"": 82359000.0, ""debut"": ""2017-01-01"", ""fin"": ""2017-12-31"", ""depot"": ""0001437749-20-003943"", ""source_url"": ""https://www.sec.gov/Archives/edgar/data/1280452/000143774920003943/0001437749-20-003943-index.htm"", ""perimetre_id"": ""0001280452:rd:ResearchAndDevelopmentExpenseExcludingAcquiredInProcessCost""}, {""annee"": 2018, ""valeur"": 93455000.0, ""debut"": ""2018-01-01"", ""fin"": ""2018-12-31"", ""depot"": ""0001437749-21-004587"", ""source_url"": ""https://www.sec.gov/Archives/edgar/data/1280452/000143774921004587/0001437749-21-004587-index.htm"", ""perimetre_id"": ""0001280452:rd:ResearchAndDevelopmentExpenseExcludingAcquiredInProcessCost""}, {""annee"": 2019, ""valeur"": 107757000.0, ""debut"": ""2019-01-01"", ""fin"": ""2019-12-31"", ""depot"": ""0001437749-22-004460"", ""source_url"": ""https://www.sec.gov/Archives/edgar/data/1280452/000143774922004460/0001437749-22-004460-index.htm"", ""perimetre_id"": ""0001280452:rd:ResearchAndDevelopmentExpenseExcludingAcquiredInProcessCost""}]",4.044098303423128,comparable_sur_reference,
0001297996,Digital Realty,chiffre_affaires,2025,6112692000.0,2025-01-01,2025-12-31,0001104659-26-015365,https://www.sec.gov/Archives/edgar/data/1297996/000110465926015365/0001104659-26-015365-index.htm,Revenues,0001297996:chiffre_affaires:Revenues,2017;2018;2019,3,2904549000.0,2017-01-01/2017-12-31;2018-01-01/2018-12-31;2019-01-01/2019-12-31,False,"[{""annee"": 2017, ""valeur"": 2457928000.0, ""debut"": ""2017-01-01"", ""fin"": ""2017-12-31"", ""depot"": ""0001558370-20-001906"", ""source_url"": ""https://www.sec.gov/Archives/edgar/data/1297996/000155837020001906/0001558370-20-001906-index.htm"", ""perimetre_id"": ""0001297996:chiffre_affaires:Revenues""}, {""annee"": 2018, ""valeur"": 3046478000.0, ""debut"": ""2018-01-01"", ""fin"": ""2018-12-31"", ""depot"": ""0001558370-21-002191"", ""source_url"": ""https://www.sec.gov/Archives/edgar/data/1297996/000155837021002191/0001558370-21-002191-index.htm"", ""perimetre_id"": ""0001297996:chiffre_affaires:Revenues""}, {""annee"": 2019, ""valeur"": 3209241000.0, ""debut"": ""2019-01-01"", ""fin"": ""2019-12-31"", ""depot"": ""0001558370-22-002195"", ""source_url"": ""https://www.sec.gov/Archives/edgar/data/1297996/000155837022002195/0001558370-22-002195-index.htm"", ""perimetre_id"": ""0001297996:chiffre_affaires:Revenues""}]",2.104523628281017,comparable_sur_reference,
0001297996,Digital Realty,capex,2025,3181179000.0,2025-01-01,2025-12-31,0001104659-26-015365,https://www.sec.gov/Archives/edgar/data/1297996/000110465926015365/0001104659-26-015365-index.htm,PaymentsToDevelopRealEstateAssets,0001297996:capex:PaymentsToDevelopRealEstateAssets,2019;2020,2,1750484000.0,2019-01-01/2019-12-31;2020-01-01/2020-12-31,True,"[{""annee"": 2019, ""valeur"": 1436902000.0, ""debut"": ""2019-01-01"", ""fin"": ""2019-12-31"", ""depot"": ""0001558370-22-002195"", ""source_url"": ""https://www.sec.gov/Archives/edgar/data/1297996/000155837022002195/0001558370-22-002195-index.htm"", ""perimetre_id"": ""0001297996:capex:PaymentsToDevelopRealEstateAssets""}, {""annee"": 2020, ""valeur"": 2064066000.0, ""debut"": ""2020-01-01"", ""fin"": ""2020-12-31"", ""depot"": ""0001558370-23-002087"", ""source_url"": ""https://www.sec.gov/Archives/edgar/data/1297996/000155837023002087/0001558370-23-002087-index.htm"", ""perimetre_id"": ""0001297996:capex:PaymentsToDevelopRealEstateAssets""}]",1.8173139543120644,comparable_sur_repli,
0001297996,Digital Realty,rd,2025,,,,,,,,,0,,,False,[],,valeur_recente_manquante,Aucune valeur annuelle collectée
0001318605,"Tesla, Inc.",chiffre_affaires,2025,94827000000.0,2025-01-01,2025-12-31,0001628280-26-003952,https://www.sec.gov/Archives/edgar/data/1318605/000162828026003952/0001628280-26-003952-index.htm,RevenueFromContractWithCustomerExcludingAssessedTax,0001318605:chiffre_affaires:RevenueFromContractWithCustomerExcludingAssessedTax,2021;2022,2,67642500000.0,2021-01-01/2021-12-31;2022-01-01/2022-12-31,True,"[{""annee"": 2021, ""valeur"": 53823000000.0, ""debut"": ""2021-01-01"", ""fin"": ""2021-12-31"", ""depot"": ""0001628280-24-002390"", ""source_url"": ""https://www.sec.gov/Archives/edgar/data/1318605/000162828024002390/0001628280-24-002390-index.htm"", ""perimetre_id"": ""0001318605:chiffre_affaires:RevenueFromContractWithCustomerExcludingAssessedTax""}, {""annee"": 2022, ""valeur"": 81462000000.0, ""debut"": ""2022-01-01"", ""fin"": ""2022-12-31"", ""depot"": ""0001628280-25-003063"", ""source_url"": ""https://www.sec.gov/Archives/edgar/data/1318605/000162828025003063/0001628280-25-003063-index.htm"", ""perimetre_id"": ""0001318605:chiffre_affaires:RevenueFromContractWithCustomerExcludingAssessedTax""}]",1.4018849096352146,comparable_sur_repli,
0001318605,"Tesla, Inc.",capex,2025,8527000000.0,2025-01-01,2025-12-31,0001628280-26-003952,https://www.sec.gov/Archives/edgar/data/1318605/000162828026003952/0001628280-26-003952-index.htm,PaymentsToAcquirePropertyPlantAndEquipment,0001318605:capex:PaymentsToAcquirePropertyPlantAndEquipment,2017;2018;2019,3,2281000000.0,2017-01-01/2017-12-31;2018-01-01/2018-12-31;2019-01-01/2019-12-31,False,"[{""annee"": 2017, ""valeur"": 3415000000.0, ""debut"": ""2017-01-01"", ""fin"": ""2017-12-31"", ""depot"": ""0001564590-20-004475"", ""source_url"": ""https://www.sec.gov/Archives/edgar/data/1318605/000156459020004475/0001564590-20-004475-index.htm"", ""perimetre_id"": ""0001318605:capex:PaymentsToAcquirePropertyPlantAndEquipment""}, {""annee"": 2018, ""valeur"": 2101000000.0, ""debut"": ""2018-01-01"", ""fin"": ""2018-12-31"", ""depot"": ""0001564590-21-004599"", ""source_url"": ""https://www.sec.gov/Archives/edgar/data/1318605/000156459021004599/0001564590-21-004599-index.htm"", ""perimetre_id"": ""0001318605:capex:PaymentsToAcquirePropertyPlantAndEquipment""}, {""annee"": 2019, ""valeur"": 1327000000.0, ""debut"": ""2019-01-01"", ""fin"": ""2019-12-31"", ""depot"": ""0000950170-22-000796"", ""source_url"": ""https://www.sec.gov/Archives/edgar/data/1318605/000095017022000796/0000950170-22-000796-index.htm"", ""perimetre_id"": ""0001318605:capex:PaymentsToAcquirePropertyPlantAndEquipment""}]",3.7382726874177994,comparable_sur_reference,
0001318605,"Tesla, Inc.",rd,2025,6411000000.0,2025-01-01,2025-12-31,0001628280-26-003952,https://www.sec.gov/Archives/edgar/data/1318605/000162828026003952/0001628280-26-003952-index.htm,ResearchAndDevelopmentExpense,0001318605:rd:ResearchAndDevelopmentExpense,2017;2018;2019,3,1393666666.6666667,2017-01-01/2017-12-31;2018-01-01/2018-12-31;2019-01-01/2019-12-31,False,"[{""annee"": 2017, ""valeur"": 1378000000.0, ""debut"": ""2017-01-01"", ""fin"": ""2017-12-31"", ""depot"": ""0001564590-20-004475"", ""source_url"": ""https://www.sec.gov/Archives/edgar/data/1318605/000156459020004475/0001564590-20-004475-index.htm"", ""perimetre_id"": ""0001318605:rd:ResearchAndDevelopmentExpense""}, {""annee"": 2018, ""valeur"": 1460000000.0, ""debut"": ""2018-01-01"", ""fin"": ""2018-12-31"", ""depot"": ""0001564590-21-004599"", ""source_url"": ""https://www.sec.gov/Archives/edgar/data/1318605/000156459021004599/0001564590-21-004599-index.htm"", ""perimetre_id"": ""0001318605:rd:ResearchAndDevelopmentExpense""}, {""annee"": 2019, ""valeur"": 1343000000.0, ""debut"": ""2019-01-01"", ""fin"": ""2019-12-31"", ""depot"": ""0000950170-22-000796"", ""source_url"": ""https://www.sec.gov/Archives/edgar/data/1318605/000095017022000796/0000950170-22-000796-index.htm"", ""perimetre_id"": ""0001318605:rd:ResearchAndDevelopmentExpense""}]",4.600095670892131,comparable_sur_reference,
0001326160,Duke Energy,chiffre_affaires,2025,32237000000.0,2025-01-01,2025-12-31,0001326160-26-000014,https://www.sec.gov/Archives/edgar/data/1326160/000132616026000014/0001326160-26-000014-index.htm,RegulatedAndUnregulatedOperatingRevenue,0001326160:chiffre_affaires:RegulatedAndUnregulatedOperatingRevenue,2017;2018;2019,3,24388333333.333332,2017-01-01/2017-12-31;2018-01-01/2018-12-31;2019-01-01/2019-12-31,False,"[{""annee"": 2017, ""valeur"": 23565000000.0, ""debut"": ""2017-01-01"", ""fin"": ""2017-12-31"", ""depot"": ""0001326160-20-000034"", ""source_url"": ""https://www.sec.gov/Archives/edgar/data/1326160/000132616020000034/0001326160-20-000034-index.htm"", ""perimetre_id"": ""0001326160:chiffre_affaires:RegulatedAndUnregulatedOperatingRevenue""}, {""annee"": 2018, ""valeur"": 24521000000.0, ""debut"": ""2018-01-01"", ""fin"": ""2018-12-31"", ""depot"": ""0001326160-21-000063"", ""source_url"": ""https://www.sec.gov/Archives/edgar/data/1326160/000132616021000063/0001326160-21-000063-index.htm"", ""perimetre_id"": ""0001326160:chiffre_affaires:RegulatedAndUnregulatedOperatingRevenue""}, {""annee"": 2019, ""valeur"": 25079000000.0, ""debut"": ""2019-01-01"", ""fin"": ""2019-12-31"", ""depot"": ""0001326160-22-000072"", ""source_url"": ""https://www.sec.gov/Archives/edgar/data/1326160/000132616022000072/0001326160-22-000072-index.htm"", ""perimetre_id"": ""0001326160:chiffre_affaires:RegulatedAndUnregulatedOperatingRevenue""}]",1.3218205426091711,comparable_sur_reference,
0001326160,Duke Energy,capex,2025,14024000000.0,2025-01-01,2025-12-31,0001326160-26-000014,https://www.sec.gov/Archives/edgar/data/1326160/000132616026000014/0001326160-26-000014-index.htm,PaymentsToAcquirePropertyPlantAndEquipment,0001326160:capex:PaymentsToAcquirePropertyPlantAndEquipment,2017;2018;2019,3,9521000000.0,2017-01-01/2017-12-31;2018-01-01/2018-12-31;2019-01-01/2019-12-31,False,"[{""annee"": 2017, ""valeur"": 8052000000.0, ""debut"": ""2017-01-01"", ""fin"": ""2017-12-31"", ""depot"": ""0001326160-20-000034"", ""source_url"": ""https://www.sec.gov/Archives/edgar/data/1326160/000132616020000034/0001326160-20-000034-index.htm"", ""perimetre_id"": ""0001326160:capex:PaymentsToAcquirePropertyPlantAndEquipment""}, {""annee"": 2018, ""valeur"": 9389000000.0, ""debut"": ""2018-01-01"", ""fin"": ""2018-12-31"", ""depot"": ""0001326160-21-000063"", ""source_url"": ""https://www.sec.gov/Archives/edgar/data/1326160/000132616021000063/0001326160-21-000063-index.htm"", ""perimetre_id"": ""0001326160:capex:PaymentsToAcquirePropertyPlantAndEquipment""}, {""annee"": 2019, ""valeur"": 11122000000.0, ""debut"": ""2019-01-01"", ""fin"": ""2019-12-31"", ""depot"": ""0001326160-22-000072"", ""source_url"": ""https://www.sec.gov/Archives/edgar/data/1326160/000132616022000072/0001326160-22-000072-index.htm"", ""perimetre_id"": ""0001326160:capex:PaymentsToAcquirePropertyPlantAndEquipment""}]",1.4729545215838673,comparable_sur_reference,
0001326160,Duke Energy,rd,2025,,,,,,,,,0,,,False,[],,valeur_recente_manquante,Aucune valeur annuelle collectée
0001326801,Meta Platforms,chiffre_affaires,2025,200966000000.0,2025-01-01,2025-12-31,0001628280-26-003942,https://www.sec.gov/Archives/edgar/data/1326801/000162828026003942/0001628280-26-003942-index.htm,RevenueFromContractWithCustomerExcludingAssessedTax,0001326801:chiffre_affaires:RevenueFromContractWithCustomerExcludingAssessedTax,2017;2018;2019,3,55729333333.333336,2017-01-01/2017-12-31;2018-01-01/2018-12-31;2019-01-01/2019-12-31,False,"[{""annee"": 2017, ""valeur"": 40653000000.0, ""debut"": ""2017-01-01"", ""fin"": ""2017-12-31"", ""depot"": ""0001326801-20-000013"", ""source_url"": ""https://www.sec.gov/Archives/edgar/data/1326801/000132680120000013/0001326801-20-000013-index.htm"", ""perimetre_id"": ""0001326801:chiffre_affaires:RevenueFromContractWithCustomerExcludingAssessedTax""}, {""annee"": 2018, ""valeur"": 55838000000.0, ""debut"": ""2018-01-01"", ""fin"": ""2018-12-31"", ""depot"": ""0001326801-21-000014"", ""source_url"": ""https://www.sec.gov/Archives/edgar/data/1326801/000132680121000014/0001326801-21-000014-index.htm"", ""perimetre_id"": ""0001326801:chiffre_affaires:RevenueFromContractWithCustomerExcludingAssessedTax""}, {""annee"": 2019, ""valeur"": 70697000000.0, ""debut"": ""2019-01-01"", ""fin"": ""2019-12-31"", ""depot"": ""0001326801-22-000018"", ""source_url"": ""https://www.sec.gov/Archives/edgar/data/1326801/000132680122000018/0001326801-22-000018-index.htm"", ""perimetre_id"": ""0001326801:chiffre_affaires:RevenueFromContractWithCustomerExcludingAssessedTax""}]",3.606108093882336,comparable_sur_reference,
0001326801,Meta Platforms,capex,2025,69691000000.0,2025-01-01,2025-12-31,0001628280-26-003942,https://www.sec.gov/Archives/edgar/data/1326801/000162828026003942/0001628280-26-003942-index.htm,PaymentsToAcquirePropertyPlantAndEquipment,0001326801:capex:PaymentsToAcquirePropertyPlantAndEquipment,2017;2018;2019,3,11916666666.666666,2017-01-01/2017-12-31;2018-01-01/2018-12-31;2019-01-01/2019-12-31,False,"[{""annee"": 2017, ""valeur"": 6733000000.0, ""debut"": ""2017-01-01"", ""fin"": ""2017-12-31"", ""depot"": ""0001326801-20-000013"", ""source_url"": ""https://www.sec.gov/Archives/edgar/data/1326801/000132680120000013/0001326801-20-000013-index.htm"", ""perimetre_id"": ""0001326801:capex:PaymentsToAcquirePropertyPlantAndEquipment""}, {""annee"": 2018, ""valeur"": 13915000000.0, ""debut"": ""2018-01-01"", ""fin"": ""2018-12-31"", ""depot"": ""0001326801-21-000014"", ""source_url"": ""https://www.sec.gov/Archives/edgar/data/1326801/000132680121000014/0001326801-21-000014-index.htm"", ""perimetre_id"": ""0001326801:capex:PaymentsToAcquirePropertyPlantAndEquipment""}, {""annee"": 2019, ""valeur"": 15102000000.0, ""debut"": ""2019-01-01"", ""fin"": ""2019-12-31"", ""depot"": ""0001326801-22-000018"", ""source_url"": ""https://www.sec.gov/Archives/edgar/data/1326801/000132680122000018/0001326801-22-000018-index.htm"", ""perimetre_id"": ""0001326801:capex:PaymentsToAcquirePropertyPlantAndEquipment""}]",5.848195804195805,comparable_sur_reference,
0001326801,Meta Platforms,rd,2025,57372000000.0,2025-01-01,2025-12-31,0001628280-26-003942,https://www.sec.gov/Archives/edgar/data/1326801/000162828026003942/0001628280-26-003942-index.htm,ResearchAndDevelopmentExpense,0001326801:rd:ResearchAndDevelopmentExpense,2017;2018;2019,3,10542333333.333334,2017-01-01/2017-12-31;2018-01-01/2018-12-31;2019-01-01/2019-12-31,False,"[{""annee"": 2017, ""valeur"": 7754000000.0, ""debut"": ""2017-01-01"", ""fin"": ""2017-12-31"", ""depot"": ""0001326801-20-000013"", ""source_url"": ""https://www.sec.gov/Archives/edgar/data/1326801/000132680120000013/0001326801-20-000013-index.htm"", ""perimetre_id"": ""0001326801:rd:ResearchAndDevelopmentExpense""}, {""annee"": 2018, ""valeur"": 10273000000.0, ""debut"": ""2018-01-01"", ""fin"": ""2018-12-31"", ""depot"": ""0001326801-21-000014"", ""source_url"": ""https://www.sec.gov/Archives/edgar/data/1326801/000132680121000014/0001326801-21-000014-index.htm"", ""perimetre_id"": ""0001326801:rd:ResearchAndDevelopmentExpense""}, {""annee"": 2019, ""valeur"": 13600000000.0, ""debut"": ""2019-01-01"", ""fin"": ""2019-12-31"", ""depot"": ""0001326801-22-000018"", ""source_url"": ""https://www.sec.gov/Archives/edgar/data/1326801/000132680122000018/0001326801-22-000018-index.htm"", ""perimetre_id"": ""0001326801:rd:ResearchAndDevelopmentExpense""}]",5.442059000221329,comparable_sur_reference,
0001341439,Oracle Corporation,chiffre_affaires,2025,67357000000.0,2025-06-01,2026-05-31,0001193125-26-277521,https://www.sec.gov/Archives/edgar/data/1341439/000119312526277521/0001193125-26-277521-index.htm,RevenueFromContractWithCustomerExcludingAssessedTax,0001341439:chiffre_affaires:RevenueFromContractWithCustomerExcludingAssessedTax,2017;2018;2019,3,39319000000.0,2017-06-01/2018-05-31;2018-06-01/2019-05-31;2019-06-01/2020-05-31,False,"[{""annee"": 2017, ""valeur"": 39383000000.0, ""debut"": ""2017-06-01"", ""fin"": ""2018-05-31"", ""depot"": ""0001564590-20-030125"", ""source_url"": ""https://www.sec.gov/Archives/edgar/data/1341439/000156459020030125/0001564590-20-030125-index.htm"", ""perimetre_id"": ""0001341439:chiffre_affaires:RevenueFromContractWithCustomerExcludingAssessedTax""}, {""annee"": 2018, ""valeur"": 39506000000.0, ""debut"": ""2018-06-01"", ""fin"": ""2019-05-31"", ""depot"": ""0001564590-21-033616"", ""source_url"": ""https://www.sec.gov/Archives/edgar/data/1341439/000156459021033616/0001564590-21-033616-index.htm"", ""perimetre_id"": ""0001341439:chiffre_affaires:RevenueFromContractWithCustomerExcludingAssessedTax""}, {""annee"": 2019, ""valeur"": 39068000000.0, ""debut"": ""2019-06-01"", ""fin"": ""2020-05-31"", ""depot"": ""0001564590-22-023675"", ""source_url"": ""https://www.sec.gov/Archives/edgar/data/1341439/000156459022023675/0001564590-22-023675-index.htm"", ""perimetre_id"": ""0001341439:chiffre_affaires:RevenueFromContractWithCustomerExcludingAssessedTax""}]",1.7130903634375239,comparable_sur_reference,
0001341439,Oracle Corporation,capex,2025,55663000000.0,2025-06-01,2026-05-31,0001193125-26-277521,https://www.sec.gov/Archives/edgar/data/1341439/000119312526277521/0001193125-26-277521-index.htm,PaymentsToAcquirePropertyPlantAndEquipment,0001341439:capex:PaymentsToAcquirePropertyPlantAndEquipment,2017;2018;2019,3,1653333333.3333333,2017-06-01/2018-05-31;2018-06-01/2019-05-31;2019-06-01/2020-05-31,False,"[{""annee"": 2017, ""valeur"": 1736000000.0, ""debut"": ""2017-06-01"", ""fin"": ""2018-05-31"", ""depot"": ""0001564590-20-030125"", ""source_url"": ""https://www.sec.gov/Archives/edgar/data/1341439/000156459020030125/0001564590-20-030125-index.htm"", ""perimetre_id"": ""0001341439:capex:PaymentsToAcquirePropertyPlantAndEquipment""}, {""annee"": 2018, ""valeur"": 1660000000.0, ""debut"": ""2018-06-01"", ""fin"": ""2019-05-31"", ""depot"": ""0001564590-21-033616"", ""source_url"": ""https://www.sec.gov/Archives/edgar/data/1341439/000156459021033616/0001564590-21-033616-index.htm"", ""perimetre_id"": ""0001341439:capex:PaymentsToAcquirePropertyPlantAndEquipment""}, {""annee"": 2019, ""valeur"": 1564000000.0, ""debut"": ""2019-06-01"", ""fin"": ""2020-05-31"", ""depot"": ""0001564590-22-023675"", ""source_url"": ""https://www.sec.gov/Archives/edgar/data/1341439/000156459022023675/0001564590-22-023675-index.htm"", ""perimetre_id"": ""0001341439:capex:PaymentsToAcquirePropertyPlantAndEquipment""}]",33.6671370967742,comparable_sur_reference,
0001341439,Oracle Corporation,rd,2025,10272000000.0,2025-06-01,2026-05-31,0001193125-26-277521,https://www.sec.gov/Archives/edgar/data/1341439/000119312526277521/0001193125-26-277521-index.htm,ResearchAndDevelopmentExpense,0001341439:rd:ResearchAndDevelopmentExpense,2017;2018;2019,3,6059000000.0,2017-06-01/2018-05-31;2018-06-01/2019-05-31;2019-06-01/2020-05-31,False,"[{""annee"": 2017, ""valeur"": 6084000000.0, ""debut"": ""2017-06-01"", ""fin"": ""2018-05-31"", ""depot"": ""0001564590-20-030125"", ""source_url"": ""https://www.sec.gov/Archives/edgar/data/1341439/000156459020030125/0001564590-20-030125-index.htm"", ""perimetre_id"": ""0001341439:rd:ResearchAndDevelopmentExpense""}, {""annee"": 2018, ""valeur"": 6026000000.0, ""debut"": ""2018-06-01"", ""fin"": ""2019-05-31"", ""depot"": ""0001564590-21-033616"", ""source_url"": ""https://www.sec.gov/Archives/edgar/data/1341439/000156459021033616/0001564590-21-033616-index.htm"", ""perimetre_id"": ""0001341439:rd:ResearchAndDevelopmentExpense""}, {""annee"": 2019, ""valeur"": 6067000000.0, ""debut"": ""2019-06-01"", ""fin"": ""2020-05-31"", ""depot"": ""0001564590-22-023675"", ""source_url"": ""https://www.sec.gov/Archives/edgar/data/1341439/000156459022023675/0001564590-22-023675-index.htm"", ""perimetre_id"": ""0001341439:rd:ResearchAndDevelopmentExpense""}]",1.6953292622544975,comparable_sur_reference,
0001375365,Supermicro,chiffre_affaires,2025,39063072000.0,2025-07-01,2026-06-30,0001375365-26-000022,https://www.sec.gov/Archives/edgar/data/1375365/000137536526000022/0001375365-26-000022-index.htm,RevenueFromContractWithCustomerExcludingAssessedTax,0001375365:chiffre_affaires:RevenueFromContractWithCustomerExcludingAssessedTax,2017;2018;2019,3,3400044333.3333335,2017-07-01/2018-06-30;2018-07-01/2019-06-30;2019-07-01/2020-06-30,False,"[{""annee"": 2017, ""valeur"": 3360492000.0, ""debut"": ""2017-07-01"", ""fin"": ""2018-06-30"", ""depot"": ""0001375365-20-000064"", ""source_url"": ""https://www.sec.gov/Archives/edgar/data/1375365/000137536520000064/0001375365-20-000064-index.htm"", ""perimetre_id"": ""0001375365:chiffre_affaires:RevenueFromContractWithCustomerExcludingAssessedTax""}, {""annee"": 2018, ""valeur"": 3500360000.0, ""debut"": ""2018-07-01"", ""fin"": ""2019-06-30"", ""depot"": ""0001375365-21-000060"", ""source_url"": ""https://www.sec.gov/Archives/edgar/data/1375365/000137536521000060/0001375365-21-000060-index.htm"", ""perimetre_id"": ""0001375365:chiffre_affaires:RevenueFromContractWithCustomerExcludingAssessedTax""}, {""annee"": 2019, ""valeur"": 3339281000.0, ""debut"": ""2019-07-01"", ""fin"": ""2020-06-30"", ""depot"": ""0001375365-22-000103"", ""source_url"": ""https://www.sec.gov/Archives/edgar/data/1375365/000137536522000103/0001375365-22-000103-index.htm"", ""perimetre_id"": ""0001375365:chiffre_affaires:RevenueFromContractWithCustomerExcludingAssessedTax""}]",11.488989016123613,comparable_sur_reference,
0001375365,Supermicro,capex,2025,161999000.0,2025-07-01,2026-06-30,0001375365-26-000022,https://www.sec.gov/Archives/edgar/data/1375365/000137536526000022/0001375365-26-000022-index.htm,PaymentsToAcquirePropertyPlantAndEquipment,0001375365:capex:PaymentsToAcquirePropertyPlantAndEquipment,2017;2018;2019,3,31337000.0,2017-07-01/2018-06-30;2018-07-01/2019-06-30;2019-07-01/2020-06-30,False,"[{""annee"": 2017, ""valeur"": 24824000.0, ""debut"": ""2017-07-01"", ""fin"": ""2018-06-30"", ""depot"": ""0001375365-20-000064"", ""source_url"": ""https://www.sec.gov/Archives/edgar/data/1375365/000137536520000064/0001375365-20-000064-index.htm"", ""perimetre_id"": ""0001375365:capex:PaymentsToAcquirePropertyPlantAndEquipment""}, {""annee"": 2018, ""valeur"": 24849000.0, ""debut"": ""2018-07-01"", ""fin"": ""2019-06-30"", ""depot"": ""0001375365-21-000060"", ""source_url"": ""https://www.sec.gov/Archives/edgar/data/1375365/000137536521000060/0001375365-21-000060-index.htm"", ""perimetre_id"": ""0001375365:capex:PaymentsToAcquirePropertyPlantAndEquipment""}, {""annee"": 2019, ""valeur"": 44338000.0, ""debut"": ""2019-07-01"", ""fin"": ""2020-06-30"", ""depot"": ""0001375365-22-000103"", ""source_url"": ""https://www.sec.gov/Archives/edgar/data/1375365/000137536522000103/0001375365-22-000103-index.htm"", ""perimetre_id"": ""0001375365:capex:PaymentsToAcquirePropertyPlantAndEquipment""}]",5.169575900692472,comparable_sur_reference,
0001375365,Supermicro,rd,2025,771232000.0,2025-07-01,2026-06-30,0001375365-26-000022,https://www.sec.gov/Archives/edgar/data/1375365/000137536526000022/0001375365-26-000022-index.htm,ResearchAndDevelopmentExpense,0001375365:rd:ResearchAndDevelopmentExpense,2017;2018;2019,3,188829666.66666666,2017-07-01/2018-06-30;2018-07-01/2019-06-30;2019-07-01/2020-06-30,False,"[{""annee"": 2017, ""valeur"": 165104000.0, ""debut"": ""2017-07-01"", ""fin"": ""2018-06-30"", ""depot"": ""0001375365-20-000064"", ""source_url"": ""https://www.sec.gov/Archives/edgar/data/1375365/000137536520000064/0001375365-20-000064-index.htm"", ""perimetre_id"": ""0001375365:rd:ResearchAndDevelopmentExpense""}, {""annee"": 2018, ""valeur"": 179907000.0, ""debut"": ""2018-07-01"", ""fin"": ""2019-06-30"", ""depot"": ""0001375365-21-000060"", ""source_url"": ""https://www.sec.gov/Archives/edgar/data/1375365/000137536521000060/0001375365-21-000060-index.htm"", ""perimetre_id"": ""0001375365:rd:ResearchAndDevelopmentExpense""}, {""annee"": 2019, ""valeur"": 221478000.0, ""debut"": ""2019-07-01"", ""fin"": ""2020-06-30"", ""depot"": ""0001375365-22-000103"", ""source_url"": ""https://www.sec.gov/Archives/edgar/data/1375365/000137536522000103/0001375365-22-000103-index.htm"", ""perimetre_id"": ""0001375365:rd:ResearchAndDevelopmentExpense""}]",4.084273481038467,comparable_sur_reference,
0001385157,TE Connectivity,chiffre_affaires,2025,17262000000.0,2024-09-28,2025-09-26,0001104659-25-109150,https://www.sec.gov/Archives/edgar/data/1385157/000110465925109150/0001104659-25-109150-index.htm,RevenueFromContractWithCustomerExcludingAssessedTax,0001385157:chiffre_affaires:RevenueFromContractWithCustomerExcludingAssessedTax,2017;2018;2019,3,13207000000.0,2016-10-01/2017-09-29;2017-09-30/2018-09-28;2018-09-29/2019-09-27,False,"[{""annee"": 2017, ""valeur"": 12185000000.0, ""debut"": ""2016-10-01"", ""fin"": ""2017-09-29"", ""depot"": ""0001558370-19-010758"", ""source_url"": ""https://www.sec.gov/Archives/edgar/data/1385157/000155837019010758/0001558370-19-010758-index.htm"", ""perimetre_id"": ""0001385157:chiffre_affaires:RevenueFromContractWithCustomerExcludingAssessedTax""}, {""annee"": 2018, ""valeur"": 13988000000.0, ""debut"": ""2017-09-30"", ""fin"": ""2018-09-28"", ""depot"": ""0001558370-20-013511"", ""source_url"": ""https://www.sec.gov/Archives/edgar/data/1385157/000155837020013511/0001558370-20-013511-index.htm"", ""perimetre_id"": ""0001385157:chiffre_affaires:RevenueFromContractWithCustomerExcludingAssessedTax""}, {""annee"": 2019, ""valeur"": 13448000000.0, ""debut"": ""2018-09-29"", ""fin"": ""2019-09-27"", ""depot"": ""0001558370-21-015228"", ""source_url"": ""https://www.sec.gov/Archives/edgar/data/1385157/000155837021015228/0001558370-21-015228-index.htm"", ""perimetre_id"": ""0001385157:chiffre_affaires:RevenueFromContractWithCustomerExcludingAssessedTax""}]",1.3070341485575832,comparable_sur_reference,
0001385157,TE Connectivity,capex,2025,936000000.0,2024-09-28,2025-09-26,0001104659-25-109150,https://www.sec.gov/Archives/edgar/data/1385157/000110465925109150/0001104659-25-109150-index.htm,PaymentsToAcquirePropertyPlantAndEquipment,0001385157:capex:PaymentsToAcquirePropertyPlantAndEquipment,2017;2018;2019,3,787666666.6666666,2016-10-01/2017-09-29;2017-09-30/2018-09-28;2018-09-29/2019-09-27,False,"[{""annee"": 2017, ""valeur"": 679000000.0, ""debut"": ""2016-10-01"", ""fin"": ""2017-09-29"", ""depot"": ""0001558370-19-010758"", ""source_url"": ""https://www.sec.gov/Archives/edgar/data/1385157/000155837019010758/0001558370-19-010758-index.htm"", ""perimetre_id"": ""0001385157:capex:PaymentsToAcquirePropertyPlantAndEquipment""}, {""annee"": 2018, ""valeur"": 935000000.0, ""debut"": ""2017-09-30"", ""fin"": ""2018-09-28"", ""depot"": ""0001558370-20-013511"", ""source_url"": ""https://www.sec.gov/Archives/edgar/data/1385157/000155837020013511/0001558370-20-013511-index.htm"", ""perimetre_id"": ""0001385157:capex:PaymentsToAcquirePropertyPlantAndEquipment""}, {""annee"": 2019, ""valeur"": 749000000.0, ""debut"": ""2018-09-29"", ""fin"": ""2019-09-27"", ""depot"": ""0001558370-21-015228"", ""source_url"": ""https://www.sec.gov/Archives/edgar/data/1385157/000155837021015228/0001558370-21-015228-index.htm"", ""perimetre_id"": ""0001385157:capex:PaymentsToAcquirePropertyPlantAndEquipment""}]",1.1883199322894626,comparable_sur_reference,
0001385157,TE Connectivity,rd,2025,699000000.0,2024-09-28,2025-09-26,0001104659-25-109150,https://www.sec.gov/Archives/edgar/data/1385157/000110465925109150/0001104659-25-109150-index.htm,ResearchAndDevelopmentExpense,0001385157:rd:ResearchAndDevelopmentExpense,2017;2018;2019,3,575333333.3333334,2016-10-01/2017-09-29;2017-09-30/2018-09-28;2018-09-29/2019-09-27,False,"[{""annee"": 2017, ""valeur"": 548000000.0, ""debut"": ""2016-10-01"", ""fin"": ""2017-09-29"", ""depot"": ""0001558370-19-010758"", ""source_url"": ""https://www.sec.gov/Archives/edgar/data/1385157/000155837019010758/0001558370-19-010758-index.htm"", ""perimetre_id"": ""0001385157:rd:ResearchAndDevelopmentExpense""}, {""annee"": 2018, ""valeur"": 606000000.0, ""debut"": ""2017-09-30"", ""fin"": ""2018-09-28"", ""depot"": ""0001558370-20-013511"", ""source_url"": ""https://www.sec.gov/Archives/edgar/data/1385157/000155837020013511/0001558370-20-013511-index.htm"", ""perimetre_id"": ""0001385157:rd:ResearchAndDevelopmentExpense""}, {""annee"": 2019, ""valeur"": 572000000.0, ""debut"": ""2018-09-29"", ""fin"": ""2019-09-27"", ""depot"": ""0001558370-21-015228"", ""source_url"": ""https://www.sec.gov/Archives/edgar/data/1385157/000155837021015228/0001558370-21-015228-index.htm"", ""perimetre_id"": ""0001385157:rd:ResearchAndDevelopmentExpense""}]",1.2149478563151794,comparable_sur_reference,
0001396009,Vulcan Materials Company,chiffre_affaires,2025,7941100000.0,2025-01-01,2025-12-31,0001628280-26-009546,https://www.sec.gov/Archives/edgar/data/1396009/000162828026009546/0001628280-26-009546-index.htm,RevenueFromContractWithCustomerExcludingAssessedTax,0001396009:chiffre_affaires:RevenueFromContractWithCustomerExcludingAssessedTax,2022;2023,2,7548550000.0,2022-01-01/2022-12-31;2023-01-01/2023-12-31,True,"[{""annee"": 2022, ""valeur"": 7315200000.0, ""debut"": ""2022-01-01"", ""fin"": ""2022-12-31"", ""depot"": ""0001396009-25-000005"", ""source_url"": ""https://www.sec.gov/Archives/edgar/data/1396009/000139600925000005/0001396009-25-000005-index.htm"", ""perimetre_id"": ""0001396009:chiffre_affaires:RevenueFromContractWithCustomerExcludingAssessedTax""}, {""annee"": 2023, ""valeur"": 7781900000.0, ""debut"": ""2023-01-01"", ""fin"": ""2023-12-31"", ""depot"": ""0001628280-26-009546"", ""source_url"": ""https://www.sec.gov/Archives/edgar/data/1396009/000162828026009546/0001628280-26-009546-index.htm"", ""perimetre_id"": ""0001396009:chiffre_affaires:RevenueFromContractWithCustomerExcludingAssessedTax""}]",1.0520033648846467,comparable_sur_repli,
0001396009,Vulcan Materials Company,capex,2025,677700000.0,2025-01-01,2025-12-31,0001628280-26-009546,https://www.sec.gov/Archives/edgar/data/1396009/000162828026009546/0001628280-26-009546-index.htm,PaymentsToAcquirePropertyPlantAndEquipment,0001396009:capex:PaymentsToAcquirePropertyPlantAndEquipment,2017;2018;2019,3,437584666.6666667,2017-01-01/2017-12-31;2018-01-01/2018-12-31;2019-01-01/2019-12-31,False,"[{""annee"": 2017, ""valeur"": 459566000.0, ""debut"": ""2017-01-01"", ""fin"": ""2017-12-31"", ""depot"": ""0001396009-20-000006"", ""source_url"": ""https://www.sec.gov/Archives/edgar/data/1396009/000139600920000006/0001396009-20-000006-index.htm"", ""perimetre_id"": ""0001396009:capex:PaymentsToAcquirePropertyPlantAndEquipment""}, {""annee"": 2018, ""valeur"": 469088000.0, ""debut"": ""2018-01-01"", ""fin"": ""2018-12-31"", ""depot"": ""0001396009-21-000009"", ""source_url"": ""https://www.sec.gov/Archives/edgar/data/1396009/000139600921000009/0001396009-21-000009-index.htm"", ""perimetre_id"": ""0001396009:capex:PaymentsToAcquirePropertyPlantAndEquipment""}, {""annee"": 2019, ""valeur"": 384100000.0, ""debut"": ""2019-01-01"", ""fin"": ""2019-12-31"", ""depot"": ""0001396009-22-000010"", ""source_url"": ""https://www.sec.gov/Archives/edgar/data/1396009/000139600922000010/0001396009-22-000010-index.htm"", ""perimetre_id"": ""0001396009:capex:PaymentsToAcquirePropertyPlantAndEquipment""}]",1.5487288555205316,comparable_sur_reference,
0001396009,Vulcan Materials Company,rd,2025,,,,,,,,,0,,,False,[],,valeur_recente_manquante,Aucune valeur annuelle collectée
0001402057,CDW Corporation,chiffre_affaires,2025,22424100000.0,2025-01-01,2025-12-31,0001402057-26-000011,https://www.sec.gov/Archives/edgar/data/1402057/000140205726000011/0001402057-26-000011-index.htm,RevenueFromContractWithCustomerExcludingAssessedTax,0001402057:chiffre_affaires:RevenueFromContractWithCustomerExcludingAssessedTax,2018;2019,2,17136450000.0,2018-01-01/2018-12-31;2019-01-01/2019-12-31,False,"[{""annee"": 2018, ""valeur"": 16240500000.0, ""debut"": ""2018-01-01"", ""fin"": ""2018-12-31"", ""depot"": ""0001402057-21-000022"", ""source_url"": ""https://www.sec.gov/Archives/edgar/data/1402057/000140205721000022/0001402057-21-000022-index.htm"", ""perimetre_id"": ""0001402057:chiffre_affaires:RevenueFromContractWithCustomerExcludingAssessedTax""}, {""annee"": 2019, ""valeur"": 18032400000.0, ""debut"": ""2019-01-01"", ""fin"": ""2019-12-31"", ""depot"": ""0001402057-22-000020"", ""source_url"": ""https://www.sec.gov/Archives/edgar/data/1402057/000140205722000020/0001402057-22-000020-index.htm"", ""perimetre_id"": ""0001402057:chiffre_affaires:RevenueFromContractWithCustomerExcludingAssessedTax""}]",1.3085615748886146,comparable_sur_reference,
0001402057,CDW Corporation,capex,2025,117100000.0,2025-01-01,2025-12-31,0001402057-26-000011,https://www.sec.gov/Archives/edgar/data/1402057/000140205726000011/0001402057-26-000011-index.htm,PaymentsToAcquirePropertyPlantAndEquipment,0001402057:capex:PaymentsToAcquirePropertyPlantAndEquipment,2017;2018;2019,3,134500000.0,2017-01-01/2017-12-31;2018-01-01/2018-12-31;2019-01-01/2019-12-31,False,"[{""annee"": 2017, ""valeur"": 81100000.0, ""debut"": ""2017-01-01"", ""fin"": ""2017-12-31"", ""depot"": ""0001402057-20-000042"", ""source_url"": ""https://www.sec.gov/Archives/edgar/data/1402057/000140205720000042/0001402057-20-000042-index.htm"", ""perimetre_id"": ""0001402057:capex:PaymentsToAcquirePropertyPlantAndEquipment""}, {""annee"": 2018, ""valeur"": 86100000.0, ""debut"": ""2018-01-01"", ""fin"": ""2018-12-31"", ""depot"": ""0001402057-21-000022"", ""source_url"": ""https://www.sec.gov/Archives/edgar/data/1402057/000140205721000022/0001402057-21-000022-index.htm"", ""perimetre_id"": ""0001402057:capex:PaymentsToAcquirePropertyPlantAndEquipment""}, {""annee"": 2019, ""valeur"": 236300000.0, ""debut"": ""2019-01-01"", ""fin"": ""2019-12-31"", ""depot"": ""0001402057-22-000020"", ""source_url"": ""https://www.sec.gov/Archives/edgar/data/1402057/000140205722000020/0001402057-22-000020-index.htm"", ""perimetre_id"": ""0001402057:capex:PaymentsToAcquirePropertyPlantAndEquipment""}]",0.8706319702602231,comparable_sur_reference,
0001402057,CDW Corporation,rd,2025,,,,,,,,,0,,,False,[],,valeur_recente_manquante,Aucune valeur annuelle collectée
0001466258,Trane Technologies,chiffre_affaires,2025,21321900000.0,2025-01-01,2025-12-31,0001628280-26-005731,https://www.sec.gov/Archives/edgar/data/1466258/000162828026005731/0001628280-26-005731-index.htm,RevenueFromContractWithCustomerExcludingAssessedTax,0001466258:chiffre_affaires:RevenueFromContractWithCustomerExcludingAssessedTax,2017;2018;2019,3,13205766666.666666,2017-01-01/2017-12-31;2018-01-01/2018-12-31;2019-01-01/2019-12-31,False,"[{""annee"": 2017, ""valeur"": 14197600000.0, ""debut"": ""2017-01-01"", ""fin"": ""2017-12-31"", ""depot"": ""0001466258-20-000064"", ""source_url"": ""https://www.sec.gov/Archives/edgar/data/1466258/000146625820000064/0001466258-20-000064-index.htm"", ""perimetre_id"": ""0001466258:chiffre_affaires:RevenueFromContractWithCustomerExcludingAssessedTax""}, {""annee"": 2018, ""valeur"": 12343800000.0, ""debut"": ""2018-01-01"", ""fin"": ""2018-12-31"", ""depot"": ""0001466258-21-000027"", ""source_url"": ""https://www.sec.gov/Archives/edgar/data/1466258/000146625821000027/0001466258-21-000027-index.htm"", ""perimetre_id"": ""0001466258:chiffre_affaires:RevenueFromContractWithCustomerExcludingAssessedTax""}, {""annee"": 2019, ""valeur"": 13075900000.0, ""debut"": ""2019-01-01"", ""fin"": ""2019-12-31"", ""depot"": ""0001466258-22-000031"", ""source_url"": ""https://www.sec.gov/Archives/edgar/data/1466258/000146625822000031/0001466258-22-000031-index.htm"", ""perimetre_id"": ""0001466258:chiffre_affaires:RevenueFromContractWithCustomerExcludingAssessedTax""}]",1.6145900906927024,comparable_sur_reference,
0001466258,Trane Technologies,capex,2025,383000000.0,2025-01-01,2025-12-31,0001628280-26-005731,https://www.sec.gov/Archives/edgar/data/1466258/000162828026005731/0001628280-26-005731-index.htm,PaymentsToAcquireProductiveAssets,0001466258:capex:PaymentsToAcquireProductiveAssets,,0,,,True,[],,historique_comparable_insuffisant,Changement d'étiquette ; comparaison inter-étiquettes non autorisée sans rapprochement
0001466258,Trane Technologies,rd,2025,347600000.0,2025-01-01,2025-12-31,0001628280-26-005731,https://www.sec.gov/Archives/edgar/data/1466258/000162828026005731/0001628280-26-005731-index.htm,ResearchAndDevelopmentExpense,0001466258:rd:ResearchAndDevelopmentExpense,2017;2018;2019,3,183900000.0,2017-01-01/2017-12-31;2018-01-01/2018-12-31;2019-01-01/2019-12-31,False,"[{""annee"": 2017, ""valeur"": 210800000.0, ""debut"": ""2017-01-01"", ""fin"": ""2017-12-31"", ""depot"": ""0001466258-20-000064"", ""source_url"": ""https://www.sec.gov/Archives/edgar/data/1466258/000146625820000064/0001466258-20-000064-index.htm"", ""perimetre_id"": ""0001466258:rd:ResearchAndDevelopmentExpense""}, {""annee"": 2018, ""valeur"": 166700000.0, ""debut"": ""2018-01-01"", ""fin"": ""2018-12-31"", ""depot"": ""0001466258-21-000027"", ""source_url"": ""https://www.sec.gov/Archives/edgar/data/1466258/000146625821000027/0001466258-21-000027-index.htm"", ""perimetre_id"": ""0001466258:rd:ResearchAndDevelopmentExpense""}, {""annee"": 2019, ""valeur"": 174200000.0, ""debut"": ""2019-01-01"", ""fin"": ""2019-12-31"", ""depot"": ""0001466258-22-000031"", ""source_url"": ""https://www.sec.gov/Archives/edgar/data/1466258/000146625822000031/0001466258-22-000031-index.htm"", ""perimetre_id"": ""0001466258:rd:ResearchAndDevelopmentExpense""}]",1.89015769439913,comparable_sur_reference,
0001474735,Generac,chiffre_affaires,2025,4209147000.0,2025-01-01,2025-12-31,0001437749-26-004568,https://www.sec.gov/Archives/edgar/data/1474735/000143774926004568/0001437749-26-004568-index.htm,RevenueFromContractWithCustomerExcludingAssessedTax,0001474735:chiffre_affaires:RevenueFromContractWithCustomerExcludingAssessedTax,2018;2019,2,2113900000.0,2018-01-01/2018-12-31;2019-01-01/2019-12-31,False,"[{""annee"": 2018, ""valeur"": 2023464000.0, ""debut"": ""2018-01-01"", ""fin"": ""2018-12-31"", ""depot"": ""0001437749-21-003793"", ""source_url"": ""https://www.sec.gov/Archives/edgar/data/1474735/000143774921003793/0001437749-21-003793-index.htm"", ""perimetre_id"": ""0001474735:chiffre_affaires:RevenueFromContractWithCustomerExcludingAssessedTax""}, {""annee"": 2019, ""valeur"": 2204336000.0, ""debut"": ""2019-01-01"", ""fin"": ""2019-12-31"", ""depot"": ""0001437749-22-004080"", ""source_url"": ""https://www.sec.gov/Archives/edgar/data/1474735/000143774922004080/0001437749-22-004080-index.htm"", ""perimetre_id"": ""0001474735:chiffre_affaires:RevenueFromContractWithCustomerExcludingAssessedTax""}]",1.9911760253559772,comparable_sur_reference,
0001474735,Generac,capex,2025,169850000.0,2025-01-01,2025-12-31,0001437749-26-004568,https://www.sec.gov/Archives/edgar/data/1474735/000143774926004568/0001437749-26-004568-index.htm,PaymentsToAcquirePropertyPlantAndEquipment,0001474735:capex:PaymentsToAcquirePropertyPlantAndEquipment,2017;2018;2019,3,47221333.333333336,2017-01-01/2017-12-31;2018-01-01/2018-12-31;2019-01-01/2019-12-31,False,"[{""annee"": 2017, ""valeur"": 33261000.0, ""debut"": ""2017-01-01"", ""fin"": ""2017-12-31"", ""depot"": ""0001437749-20-003516"", ""source_url"": ""https://www.sec.gov/Archives/edgar/data/1474735/000143774920003516/0001437749-20-003516-index.htm"", ""perimetre_id"": ""0001474735:capex:PaymentsToAcquirePropertyPlantAndEquipment""}, {""annee"": 2018, ""valeur"": 47601000.0, ""debut"": ""2018-01-01"", ""fin"": ""2018-12-31"", ""depot"": ""0001437749-21-003793"", ""source_url"": ""https://www.sec.gov/Archives/edgar/data/1474735/000143774921003793/0001437749-21-003793-index.htm"", ""perimetre_id"": ""0001474735:capex:PaymentsToAcquirePropertyPlantAndEquipment""}, {""annee"": 2019, ""valeur"": 60802000.0, ""debut"": ""2019-01-01"", ""fin"": ""2019-12-31"", ""depot"": ""0001437749-22-004080"", ""source_url"": ""https://www.sec.gov/Archives/edgar/data/1474735/000143774922004080/0001437749-22-004080-index.htm"", ""perimetre_id"": ""0001474735:capex:PaymentsToAcquirePropertyPlantAndEquipment""}]",3.596891235599729,comparable_sur_reference,
0001474735,Generac,rd,2025,243470000.0,2025-01-01,2025-12-31,0001437749-26-004568,https://www.sec.gov/Archives/edgar/data/1474735/000143774926004568/0001437749-26-004568-index.htm,ResearchAndDevelopmentExpense,0001474735:rd:ResearchAndDevelopmentExpense,2017;2018;2019,3,53760666.666666664,2017-01-01/2017-12-31;2018-01-01/2018-12-31;2019-01-01/2019-12-31,False,"[{""annee"": 2017, ""valeur"": 42869000.0, ""debut"": ""2017-01-01"", ""fin"": ""2017-12-31"", ""depot"": ""0001437749-20-003516"", ""source_url"": ""https://www.sec.gov/Archives/edgar/data/1474735/000143774920003516/0001437749-20-003516-index.htm"", ""perimetre_id"": ""0001474735:rd:ResearchAndDevelopmentExpense""}, {""annee"": 2018, ""valeur"": 50019000.0, ""debut"": ""2018-01-01"", ""fin"": ""2018-12-31"", ""depot"": ""0001437749-21-003793"", ""source_url"": ""https://www.sec.gov/Archives/edgar/data/1474735/000143774921003793/0001437749-21-003793-index.htm"", ""perimetre_id"": ""0001474735:rd:ResearchAndDevelopmentExpense""}, {""annee"": 2019, ""valeur"": 68394000.0, ""debut"": ""2019-01-01"", ""fin"": ""2019-12-31"", ""depot"": ""0001437749-22-004080"", ""source_url"": ""https://www.sec.gov/Archives/edgar/data/1474735/000143774922004080/0001437749-22-004080-index.htm"", ""perimetre_id"": ""0001474735:rd:ResearchAndDevelopmentExpense""}]",4.528775684825337,comparable_sur_reference,
0001524472,Xylem Inc.,chiffre_affaires,2025,9035000000.0,2025-01-01,2025-12-31,0001524472-26-000012,https://www.sec.gov/Archives/edgar/data/1524472/000152447226000012/0001524472-26-000012-index.htm,RevenueFromContractWithCustomerExcludingAssessedTax,0001524472:chiffre_affaires:RevenueFromContractWithCustomerExcludingAssessedTax,2021;2022,2,5358500000.0,2021-01-01/2021-12-31;2022-01-01/2022-12-31,True,"[{""annee"": 2021, ""valeur"": 5195000000.0, ""debut"": ""2021-01-01"", ""fin"": ""2021-12-31"", ""depot"": ""0001524472-24-000006"", ""source_url"": ""https://www.sec.gov/Archives/edgar/data/1524472/000152447224000006/0001524472-24-000006-index.htm"", ""perimetre_id"": ""0001524472:chiffre_affaires:RevenueFromContractWithCustomerExcludingAssessedTax""}, {""annee"": 2022, ""valeur"": 5522000000.0, ""debut"": ""2022-01-01"", ""fin"": ""2022-12-31"", ""depot"": ""0001524472-25-000013"", ""source_url"": ""https://www.sec.gov/Archives/edgar/data/1524472/000152447225000013/0001524472-25-000013-index.htm"", ""perimetre_id"": ""0001524472:chiffre_affaires:RevenueFromContractWithCustomerExcludingAssessedTax""}]",1.6861061864327704,comparable_sur_repli,
0001524472,Xylem Inc.,capex,2025,331000000.0,2025-01-01,2025-12-31,0001524472-26-000012,https://www.sec.gov/Archives/edgar/data/1524472/000152447226000012/0001524472-26-000012-index.htm,PaymentsToAcquireProductiveAssets,0001524472:capex:PaymentsToAcquireProductiveAssets,2017;2018;2019,3,211000000.0,2017-01-01/2017-12-31;2018-01-01/2018-12-31;2019-01-01/2019-12-31,False,"[{""annee"": 2017, ""valeur"": 170000000.0, ""debut"": ""2017-01-01"", ""fin"": ""2017-12-31"", ""depot"": ""0001524472-20-000006"", ""source_url"": ""https://www.sec.gov/Archives/edgar/data/1524472/000152447220000006/0001524472-20-000006-index.htm"", ""perimetre_id"": ""0001524472:capex:PaymentsToAcquireProductiveAssets""}, {""annee"": 2018, ""valeur"": 237000000.0, ""debut"": ""2018-01-01"", ""fin"": ""2018-12-31"", ""depot"": ""0001524472-21-000008"", ""source_url"": ""https://www.sec.gov/Archives/edgar/data/1524472/000152447221000008/0001524472-21-000008-index.htm"", ""perimetre_id"": ""0001524472:capex:PaymentsToAcquireProductiveAssets""}, {""annee"": 2019, ""valeur"": 226000000.0, ""debut"": ""2019-01-01"", ""fin"": ""2019-12-31"", ""depot"": ""0001524472-22-000009"", ""source_url"": ""https://www.sec.gov/Archives/edgar/data/1524472/000152447222000009/0001524472-22-000009-index.htm"", ""perimetre_id"": ""0001524472:capex:PaymentsToAcquireProductiveAssets""}]",1.5687203791469195,comparable_sur_reference,
0001524472,Xylem Inc.,rd,2025,226000000.0,2025-01-01,2025-12-31,0001524472-26-000012,https://www.sec.gov/Archives/edgar/data/1524472/000152447226000012/0001524472-26-000012-index.htm,ResearchAndDevelopmentExpense,0001524472:rd:ResearchAndDevelopmentExpense,2017;2018;2019,3,187000000.0,2017-01-01/2017-12-31;2018-01-01/2018-12-31;2019-01-01/2019-12-31,False,"[{""annee"": 2017, ""valeur"": 181000000.0, ""debut"": ""2017-01-01"", ""fin"": ""2017-12-31"", ""depot"": ""0001524472-20-000006"", ""source_url"": ""https://www.sec.gov/Archives/edgar/data/1524472/000152447220000006/0001524472-20-000006-index.htm"", ""perimetre_id"": ""0001524472:rd:ResearchAndDevelopmentExpense""}, {""annee"": 2018, ""valeur"": 189000000.0, ""debut"": ""2018-01-01"", ""fin"": ""2018-12-31"", ""depot"": ""0001524472-21-000008"", ""source_url"": ""https://www.sec.gov/Archives/edgar/data/1524472/000152447221000008/0001524472-21-000008-index.htm"", ""perimetre_id"": ""0001524472:rd:ResearchAndDevelopmentExpense""}, {""annee"": 2019, ""valeur"": 191000000.0, ""debut"": ""2019-01-01"", ""fin"": ""2019-12-31"", ""depot"": ""0001524472-22-000009"", ""source_url"": ""https://www.sec.gov/Archives/edgar/data/1524472/000152447222000009/0001524472-22-000009-index.htm"", ""perimetre_id"": ""0001524472:rd:ResearchAndDevelopmentExpense""}]",1.2085561497326203,comparable_sur_reference,
0001551182,Eaton Corporation,chiffre_affaires,2025,27448000000.0,2025-01-01,2025-12-31,0001551182-26-000007,https://www.sec.gov/Archives/edgar/data/1551182/000155118226000007/0001551182-26-000007-index.htm,RevenueFromContractWithCustomerExcludingAssessedTax,0001551182:chiffre_affaires:RevenueFromContractWithCustomerExcludingAssessedTax,2017;2018;2019,3,21134333333.333332,2017-01-01/2017-12-31;2018-01-01/2018-12-31;2019-01-01/2019-12-31,False,"[{""annee"": 2017, ""valeur"": 20404000000.0, ""debut"": ""2017-01-01"", ""fin"": ""2017-12-31"", ""depot"": ""0001551182-20-000050"", ""source_url"": ""https://www.sec.gov/Archives/edgar/data/1551182/000155118220000050/0001551182-20-000050-index.htm"", ""perimetre_id"": ""0001551182:chiffre_affaires:RevenueFromContractWithCustomerExcludingAssessedTax""}, {""annee"": 2018, ""valeur"": 21609000000.0, ""debut"": ""2018-01-01"", ""fin"": ""2018-12-31"", ""depot"": ""0001551182-21-000022"", ""source_url"": ""https://www.sec.gov/Archives/edgar/data/1551182/000155118221000022/0001551182-21-000022-index.htm"", ""perimetre_id"": ""0001551182:chiffre_affaires:RevenueFromContractWithCustomerExcludingAssessedTax""}, {""annee"": 2019, ""valeur"": 21390000000.0, ""debut"": ""2019-01-01"", ""fin"": ""2019-12-31"", ""depot"": ""0001551182-22-000004"", ""source_url"": ""https://www.sec.gov/Archives/edgar/data/1551182/000155118222000004/0001551182-22-000004-index.htm"", ""perimetre_id"": ""0001551182:chiffre_affaires:RevenueFromContractWithCustomerExcludingAssessedTax""}]",1.2987398072646406,comparable_sur_reference,
0001551182,Eaton Corporation,capex,2025,919000000.0,2025-01-01,2025-12-31,0001551182-26-000007,https://www.sec.gov/Archives/edgar/data/1551182/000155118226000007/0001551182-26-000007-index.htm,PaymentsToAcquirePropertyPlantAndEquipment,0001551182:capex:PaymentsToAcquirePropertyPlantAndEquipment,2017;2018;2019,3,557333333.3333334,2017-01-01/2017-12-31;2018-01-01/2018-12-31;2019-01-01/2019-12-31,False,"[{""annee"": 2017, ""valeur"": 520000000.0, ""debut"": ""2017-01-01"", ""fin"": ""2017-12-31"", ""depot"": ""0001551182-20-000050"", ""source_url"": ""https://www.sec.gov/Archives/edgar/data/1551182/000155118220000050/0001551182-20-000050-index.htm"", ""perimetre_id"": ""0001551182:capex:PaymentsToAcquirePropertyPlantAndEquipment""}, {""annee"": 2018, ""valeur"": 565000000.0, ""debut"": ""2018-01-01"", ""fin"": ""2018-12-31"", ""depot"": ""0001551182-21-000022"", ""source_url"": ""https://www.sec.gov/Archives/edgar/data/1551182/000155118221000022/0001551182-21-000022-index.htm"", ""perimetre_id"": ""0001551182:capex:PaymentsToAcquirePropertyPlantAndEquipment""}, {""annee"": 2019, ""valeur"": 587000000.0, ""debut"": ""2019-01-01"", ""fin"": ""2019-12-31"", ""depot"": ""0001551182-22-000004"", ""source_url"": ""https://www.sec.gov/Archives/edgar/data/1551182/000155118222000004/0001551182-22-000004-index.htm"", ""perimetre_id"": ""0001551182:capex:PaymentsToAcquirePropertyPlantAndEquipment""}]",1.6489234449760763,comparable_sur_reference,
0001551182,Eaton Corporation,rd,2025,797000000.0,2025-01-01,2025-12-31,0001551182-26-000007,https://www.sec.gov/Archives/edgar/data/1551182/000155118226000007/0001551182-26-000007-index.htm,ResearchAndDevelopmentExpense,0001551182:rd:ResearchAndDevelopmentExpense,2017;2018;2019,3,591333333.3333334,2017-01-01/2017-12-31;2018-01-01/2018-12-31;2019-01-01/2019-12-31,False,"[{""annee"": 2017, ""valeur"": 584000000.0, ""debut"": ""2017-01-01"", ""fin"": ""2017-12-31"", ""depot"": ""0001551182-20-000050"", ""source_url"": ""https://www.sec.gov/Archives/edgar/data/1551182/000155118220000050/0001551182-20-000050-index.htm"", ""perimetre_id"": ""0001551182:rd:ResearchAndDevelopmentExpense""}, {""annee"": 2018, ""valeur"": 584000000.0, ""debut"": ""2018-01-01"", ""fin"": ""2018-12-31"", ""depot"": ""0001551182-21-000022"", ""source_url"": ""https://www.sec.gov/Archives/edgar/data/1551182/000155118221000022/0001551182-21-000022-index.htm"", ""perimetre_id"": ""0001551182:rd:ResearchAndDevelopmentExpense""}, {""annee"": 2019, ""valeur"": 606000000.0, ""debut"": ""2019-01-01"", ""fin"": ""2019-12-31"", ""depot"": ""0001551182-22-000004"", ""source_url"": ""https://www.sec.gov/Archives/edgar/data/1551182/000155118222000004/0001551182-22-000004-index.htm"", ""perimetre_id"": ""0001551182:rd:ResearchAndDevelopmentExpense""}]",1.3478015783540023,comparable_sur_reference,
0001571996,Dell Technologies,chiffre_affaires,2025,113538000000.0,2025-02-01,2026-01-30,0001571996-26-000008,https://www.sec.gov/Archives/edgar/data/1571996/000157199626000008/0001571996-26-000008-index.htm,Revenues,0001571996:chiffre_affaires:Revenues,2018;2019,2,87718000000.0,2018-02-03/2019-02-01;2019-02-02/2020-01-31,False,"[{""annee"": 2018, ""valeur"": 90621000000.0, ""debut"": ""2018-02-03"", ""fin"": ""2019-02-01"", ""depot"": ""0001571996-21-000007"", ""source_url"": ""https://www.sec.gov/Archives/edgar/data/1571996/000157199621000007/0001571996-21-000007-index.htm"", ""perimetre_id"": ""0001571996:chiffre_affaires:Revenues""}, {""annee"": 2019, ""valeur"": 84815000000.0, ""debut"": ""2019-02-02"", ""fin"": ""2020-01-31"", ""depot"": ""0001571996-22-000009"", ""source_url"": ""https://www.sec.gov/Archives/edgar/data/1571996/000157199622000009/0001571996-22-000009-index.htm"", ""perimetre_id"": ""0001571996:chiffre_affaires:Revenues""}]",1.294352356414875,comparable_sur_reference,
0001571996,Dell Technologies,capex,2025,2633000000.0,2025-02-01,2026-01-30,0001571996-26-000008,https://www.sec.gov/Archives/edgar/data/1571996/000157199626000008/0001571996-26-000008-index.htm,PaymentsToAcquirePropertyPlantAndEquipment,0001571996:capex:PaymentsToAcquirePropertyPlantAndEquipment,2014;2020,2,1280000000.0,2014-02-01/2015-01-30;2020-02-01/2021-01-29,True,"[{""annee"": 2014, ""valeur"": 478000000.0, ""debut"": ""2014-02-01"", ""fin"": ""2015-01-30"", ""depot"": ""0001571996-17-000004"", ""source_url"": ""https://www.sec.gov/Archives/edgar/data/1571996/000157199617000004/0001571996-17-000004-index.htm"", ""perimetre_id"": ""0001571996:capex:PaymentsToAcquirePropertyPlantAndEquipment""}, {""annee"": 2020, ""valeur"": 2082000000.0, ""debut"": ""2020-02-01"", ""fin"": ""2021-01-29"", ""depot"": ""0001571996-23-000007"", ""source_url"": ""https://www.sec.gov/Archives/edgar/data/1571996/000157199623000007/0001571996-23-000007-index.htm"", ""perimetre_id"": ""0001571996:capex:PaymentsToAcquirePropertyPlantAndEquipment""}]",2.05703125,comparable_sur_repli,
0001571996,Dell Technologies,rd,2025,3142000000.0,2025-02-01,2026-01-30,0001571996-26-000008,https://www.sec.gov/Archives/edgar/data/1571996/000157199626000008/0001571996-26-000008-index.htm,ResearchAndDevelopmentExpense,0001571996:rd:ResearchAndDevelopmentExpense,2017;2018;2019,3,3814000000.0,2017-02-04/2018-02-02;2018-02-03/2019-02-01;2019-02-02/2020-01-31,False,"[{""annee"": 2017, ""valeur"": 4384000000.0, ""debut"": ""2017-02-04"", ""fin"": ""2018-02-02"", ""depot"": ""0001571996-20-000017"", ""source_url"": ""https://www.sec.gov/Archives/edgar/data/1571996/000157199620000017/0001571996-20-000017-index.htm"", ""perimetre_id"": ""0001571996:rd:ResearchAndDevelopmentExpense""}, {""annee"": 2018, ""valeur"": 4604000000.0, ""debut"": ""2018-02-03"", ""fin"": ""2019-02-01"", ""depot"": ""0001571996-21-000007"", ""source_url"": ""https://www.sec.gov/Archives/edgar/data/1571996/000157199621000007/0001571996-21-000007-index.htm"", ""perimetre_id"": ""0001571996:rd:ResearchAndDevelopmentExpense""}, {""annee"": 2019, ""valeur"": 2454000000.0, ""debut"": ""2019-02-02"", ""fin"": ""2020-01-31"", ""depot"": ""0001571996-22-000009"", ""source_url"": ""https://www.sec.gov/Archives/edgar/data/1571996/000157199622000009/0001571996-22-000009-index.htm"", ""perimetre_id"": ""0001571996:rd:ResearchAndDevelopmentExpense""}]",0.8238070267435763,comparable_sur_reference,
0001596532,Arista Networks,chiffre_affaires,2025,9005700000.0,2025-01-01,2025-12-31,0001596532-26-000013,https://www.sec.gov/Archives/edgar/data/1596532/000159653226000013/0001596532-26-000013-index.htm,RevenueFromContractWithCustomerExcludingAssessedTax,0001596532:chiffre_affaires:RevenueFromContractWithCustomerExcludingAssessedTax,2018;2019,2,2281037500.0,2018-01-01/2018-12-31;2019-01-01/2019-12-31,False,"[{""annee"": 2018, ""valeur"": 2151369000.0, ""debut"": ""2018-01-01"", ""fin"": ""2018-12-31"", ""depot"": ""0001596532-21-000049"", ""source_url"": ""https://www.sec.gov/Archives/edgar/data/1596532/000159653221000049/0001596532-21-000049-index.htm"", ""perimetre_id"": ""0001596532:chiffre_affaires:RevenueFromContractWithCustomerExcludingAssessedTax""}, {""annee"": 2019, ""valeur"": 2410706000.0, ""debut"": ""2019-01-01"", ""fin"": ""2019-12-31"", ""depot"": ""0001596532-22-000026"", ""source_url"": ""https://www.sec.gov/Archives/edgar/data/1596532/000159653222000026/0001596532-22-000026-index.htm"", ""perimetre_id"": ""0001596532:chiffre_affaires:RevenueFromContractWithCustomerExcludingAssessedTax""}]",3.948071875188374,comparable_sur_reference,
0001596532,Arista Networks,capex,2025,119500000.0,2025-01-01,2025-12-31,0001596532-26-000013,https://www.sec.gov/Archives/edgar/data/1596532/000159653226000013/0001596532-26-000013-index.htm,PaymentsToAcquireProductiveAssets,0001596532:capex:PaymentsToAcquireProductiveAssets,2020;2021,2,40060000.0,2020-01-01/2020-12-31;2021-01-01/2021-12-31,True,"[{""annee"": 2020, ""valeur"": 15384000.0, ""debut"": ""2020-01-01"", ""fin"": ""2020-12-31"", ""depot"": ""0001596532-23-000016"", ""source_url"": ""https://www.sec.gov/Archives/edgar/data/1596532/000159653223000016/0001596532-23-000016-index.htm"", ""perimetre_id"": ""0001596532:capex:PaymentsToAcquireProductiveAssets""}, {""annee"": 2021, ""valeur"": 64736000.0, ""debut"": ""2021-01-01"", ""fin"": ""2021-12-31"", ""depot"": ""0001596532-24-000043"", ""source_url"": ""https://www.sec.gov/Archives/edgar/data/1596532/000159653224000043/0001596532-24-000043-index.htm"", ""perimetre_id"": ""0001596532:capex:PaymentsToAcquireProductiveAssets""}]",2.983025461807289,comparable_sur_repli,
0001596532,Arista Networks,rd,2025,1237300000.0,2025-01-01,2025-12-31,0001596532-26-000013,https://www.sec.gov/Archives/edgar/data/1596532/000159653226000013/0001596532-26-000013-index.htm,ResearchAndDevelopmentExpense,0001596532:rd:ResearchAndDevelopmentExpense,2017;2018;2019,3,418273666.6666667,2017-01-01/2017-12-31;2018-01-01/2018-12-31;2019-01-01/2019-12-31,False,"[{""annee"": 2017, ""valeur"": 349594000.0, ""debut"": ""2017-01-01"", ""fin"": ""2017-12-31"", ""depot"": ""0001596532-20-000024"", ""source_url"": ""https://www.sec.gov/Archives/edgar/data/1596532/000159653220000024/0001596532-20-000024-index.htm"", ""perimetre_id"": ""0001596532:rd:ResearchAndDevelopmentExpense""}, {""annee"": 2018, ""valeur"": 442468000.0, ""debut"": ""2018-01-01"", ""fin"": ""2018-12-31"", ""depot"": ""0001596532-21-000049"", ""source_url"": ""https://www.sec.gov/Archives/edgar/data/1596532/000159653221000049/0001596532-21-000049-index.htm"", ""perimetre_id"": ""0001596532:rd:ResearchAndDevelopmentExpense""}, {""annee"": 2019, ""valeur"": 462759000.0, ""debut"": ""2019-01-01"", ""fin"": ""2019-12-31"", ""depot"": ""0001596532-22-000026"", ""source_url"": ""https://www.sec.gov/Archives/edgar/data/1596532/000159653222000026/0001596532-22-000026-index.htm"", ""perimetre_id"": ""0001596532:rd:ResearchAndDevelopmentExpense""}]",2.958111156890106,comparable_sur_reference,
0001601046,Keysight Technologies,chiffre_affaires,2025,5375000000.0,2024-11-01,2025-10-31,0001601046-25-000127,https://www.sec.gov/Archives/edgar/data/1601046/000160104625000127/0001601046-25-000127-index.htm,Revenues,0001601046:chiffre_affaires:Revenues,2019;2020,2,4262000000.0,2018-11-01/2019-10-31;2019-11-01/2020-10-31,True,"[{""annee"": 2019, ""valeur"": 4303000000.0, ""debut"": ""2018-11-01"", ""fin"": ""2019-10-31"", ""depot"": ""0001601046-21-000197"", ""source_url"": ""https://www.sec.gov/Archives/edgar/data/1601046/000160104621000197/0001601046-21-000197-index.htm"", ""perimetre_id"": ""0001601046:chiffre_affaires:Revenues""}, {""annee"": 2020, ""valeur"": 4221000000.0, ""debut"": ""2019-11-01"", ""fin"": ""2020-10-31"", ""depot"": ""0001601046-22-000161"", ""source_url"": ""https://www.sec.gov/Archives/edgar/data/1601046/000160104622000161/0001601046-22-000161-index.htm"", ""perimetre_id"": ""0001601046:chiffre_affaires:Revenues""}]",1.2611450023463162,comparable_sur_repli,
0001601046,Keysight Technologies,capex,2025,128000000.0,2024-11-01,2025-10-31,0001601046-25-000127,https://www.sec.gov/Archives/edgar/data/1601046/000160104625000127/0001601046-25-000127-index.htm,PaymentsToAcquirePropertyPlantAndEquipment,0001601046:capex:PaymentsToAcquirePropertyPlantAndEquipment,2017;2018;2019,3,108000000.0,2016-11-01/2017-10-31;2017-11-01/2018-10-31;2018-11-01/2019-10-31,False,"[{""annee"": 2017, ""valeur"": 72000000.0, ""debut"": ""2016-11-01"", ""fin"": ""2017-10-31"", ""depot"": ""0001601046-19-000110"", ""source_url"": ""https://www.sec.gov/Archives/edgar/data/1601046/000160104619000110/0001601046-19-000110-index.htm"", ""perimetre_id"": ""0001601046:capex:PaymentsToAcquirePropertyPlantAndEquipment""}, {""annee"": 2018, ""valeur"": 132000000.0, ""debut"": ""2017-11-01"", ""fin"": ""2018-10-31"", ""depot"": ""0001601046-20-000154"", ""source_url"": ""https://www.sec.gov/Archives/edgar/data/1601046/000160104620000154/0001601046-20-000154-index.htm"", ""perimetre_id"": ""0001601046:capex:PaymentsToAcquirePropertyPlantAndEquipment""}, {""annee"": 2019, ""valeur"": 120000000.0, ""debut"": ""2018-11-01"", ""fin"": ""2019-10-31"", ""depot"": ""0001601046-21-000197"", ""source_url"": ""https://www.sec.gov/Archives/edgar/data/1601046/000160104621000197/0001601046-21-000197-index.htm"", ""perimetre_id"": ""0001601046:capex:PaymentsToAcquirePropertyPlantAndEquipment""}]",1.1851851851851851,comparable_sur_reference,
0001601046,Keysight Technologies,rd,2025,1007000000.0,2024-11-01,2025-10-31,0001601046-25-000127,https://www.sec.gov/Archives/edgar/data/1601046/000160104625000127/0001601046-25-000127-index.htm,ResearchAndDevelopmentExpense,0001601046:rd:ResearchAndDevelopmentExpense,2017;2018;2019,3,606333333.3333334,2016-11-01/2017-10-31;2017-11-01/2018-10-31;2018-11-01/2019-10-31,False,"[{""annee"": 2017, ""valeur"": 507000000.0, ""debut"": ""2016-11-01"", ""fin"": ""2017-10-31"", ""depot"": ""0001601046-19-000110"", ""source_url"": ""https://www.sec.gov/Archives/edgar/data/1601046/000160104619000110/0001601046-19-000110-index.htm"", ""perimetre_id"": ""0001601046:rd:ResearchAndDevelopmentExpense""}, {""annee"": 2018, ""valeur"": 624000000.0, ""debut"": ""2017-11-01"", ""fin"": ""2018-10-31"", ""depot"": ""0001601046-20-000154"", ""source_url"": ""https://www.sec.gov/Archives/edgar/data/1601046/000160104620000154/0001601046-20-000154-index.htm"", ""perimetre_id"": ""0001601046:rd:ResearchAndDevelopmentExpense""}, {""annee"": 2019, ""valeur"": 688000000.0, ""debut"": ""2018-11-01"", ""fin"": ""2019-10-31"", ""depot"": ""0001601046-21-000197"", ""source_url"": ""https://www.sec.gov/Archives/edgar/data/1601046/000160104621000197/0001601046-21-000197-index.htm"", ""perimetre_id"": ""0001601046:rd:ResearchAndDevelopmentExpense""}]",1.6608026388125343,comparable_sur_reference,
0001633978,Lumentum,chiffre_affaires,2025,3014000000.0,2025-06-29,2026-06-27,0001628280-26-057358,https://www.sec.gov/Archives/edgar/data/1633978/000162828026057358/0001628280-26-057358-index.htm,RevenueFromContractWithCustomerExcludingAssessedTax,0001633978:chiffre_affaires:RevenueFromContractWithCustomerExcludingAssessedTax,2022;2023,2,1739800000.0,2021-07-04/2022-07-02;2022-07-03/2023-07-01,True,"[{""annee"": 2022, ""valeur"": 1712600000.0, ""debut"": ""2021-07-04"", ""fin"": ""2022-07-02"", ""depot"": ""0001628280-24-038024"", ""source_url"": ""https://www.sec.gov/Archives/edgar/data/1633978/000162828024038024/0001628280-24-038024-index.htm"", ""perimetre_id"": ""0001633978:chiffre_affaires:RevenueFromContractWithCustomerExcludingAssessedTax""}, {""annee"": 2023, ""valeur"": 1767000000.0, ""debut"": ""2022-07-03"", ""fin"": ""2023-07-01"", ""depot"": ""0001628280-25-040830"", ""source_url"": ""https://www.sec.gov/Archives/edgar/data/1633978/000162828025040830/0001628280-25-040830-index.htm"", ""perimetre_id"": ""0001633978:chiffre_affaires:RevenueFromContractWithCustomerExcludingAssessedTax""}]",1.732383032532475,comparable_sur_repli,
0001633978,Lumentum,capex,2025,451300000.0,2025-06-29,2026-06-27,0001628280-26-057358,https://www.sec.gov/Archives/edgar/data/1633978/000162828026057358/0001628280-26-057358-index.htm,PaymentsToAcquirePropertyPlantAndEquipment,0001633978:capex:PaymentsToAcquirePropertyPlantAndEquipment,2013;2014,2,58950000.0,2013-06-30/2014-06-28;2014-06-29/2015-06-27,True,"[{""annee"": 2013, ""valeur"": 64200000.0, ""debut"": ""2013-06-30"", ""fin"": ""2014-06-28"", ""depot"": ""0001628280-16-019400"", ""source_url"": ""https://www.sec.gov/Archives/edgar/data/1633978/000162828016019400/0001628280-16-019400-index.htm"", ""perimetre_id"": ""0001633978:capex:PaymentsToAcquirePropertyPlantAndEquipment""}, {""annee"": 2014, ""valeur"": 53700000.0, ""debut"": ""2014-06-29"", ""fin"": ""2015-06-27"", ""depot"": ""0001633978-17-000095"", ""source_url"": ""https://www.sec.gov/Archives/edgar/data/1633978/000163397817000095/0001633978-17-000095-index.htm"", ""perimetre_id"": ""0001633978:capex:PaymentsToAcquirePropertyPlantAndEquipment""}]",7.655640373197625,comparable_sur_repli,
0001633978,Lumentum,rd,2025,356500000.0,2025-06-29,2026-06-27,0001628280-26-057358,https://www.sec.gov/Archives/edgar/data/1633978/000162828026057358/0001628280-26-057358-index.htm,ResearchAndDevelopmentExpense,0001633978:rd:ResearchAndDevelopmentExpense,2017;2017;2018;2019,4,172075000.0,2016-07-03/2017-07-01;2017-07-02/2018-06-30;2018-07-01/2019-06-29;2019-06-30/2020-06-27,False,"[{""annee"": 2017, ""valeur"": 148300000.0, ""debut"": ""2016-07-03"", ""fin"": ""2017-07-01"", ""depot"": ""0001633978-19-000069"", ""source_url"": ""https://www.sec.gov/Archives/edgar/data/1633978/000163397819000069/0001633978-19-000069-index.htm"", ""perimetre_id"": ""0001633978:rd:ResearchAndDevelopmentExpense""}, {""annee"": 2017, ""valeur"": 156800000.0, ""debut"": ""2017-07-02"", ""fin"": ""2018-06-30"", ""depot"": ""0001633978-20-000011"", ""source_url"": ""https://www.sec.gov/Archives/edgar/data/1633978/000163397820000011/0001633978-20-000011-index.htm"", ""perimetre_id"": ""0001633978:rd:ResearchAndDevelopmentExpense""}, {""annee"": 2018, ""valeur"": 184600000.0, ""debut"": ""2018-07-01"", ""fin"": ""2019-06-29"", ""depot"": ""0001628280-21-017799"", ""source_url"": ""https://www.sec.gov/Archives/edgar/data/1633978/000162828021017799/0001628280-21-017799-index.htm"", ""perimetre_id"": ""0001633978:rd:ResearchAndDevelopmentExpense""}, {""annee"": 2019, ""valeur"": 198600000.0, ""debut"": ""2019-06-30"", ""fin"": ""2020-06-27"", ""depot"": ""0001628280-22-023617"", ""source_url"": ""https://www.sec.gov/Archives/edgar/data/1633978/000162828022023617/0001628280-22-023617-index.htm"", ""perimetre_id"": ""0001633978:rd:ResearchAndDevelopmentExpense""}]",2.0717710300740957,comparable_sur_reference,
0001645590,Hewlett Packard Enterprise,chiffre_affaires,2025,34296000000.0,2024-11-01,2025-10-31,0001645590-25-000130,https://www.sec.gov/Archives/edgar/data/1645590/000164559025000130/0001645590-25-000130-index.htm,Revenues,0001645590:chiffre_affaires:Revenues,2019;2020,2,28058500000.0,2018-11-01/2019-10-31;2019-11-01/2020-10-31,True,"[{""annee"": 2019, ""valeur"": 29135000000.0, ""debut"": ""2018-11-01"", ""fin"": ""2019-10-31"", ""depot"": ""0001645590-21-000068"", ""source_url"": ""https://www.sec.gov/Archives/edgar/data/1645590/000164559021000068/0001645590-21-000068-index.htm"", ""perimetre_id"": ""0001645590:chiffre_affaires:Revenues""}, {""annee"": 2020, ""valeur"": 26982000000.0, ""debut"": ""2019-11-01"", ""fin"": ""2020-10-31"", ""depot"": ""0001645590-22-000071"", ""source_url"": ""https://www.sec.gov/Archives/edgar/data/1645590/000164559022000071/0001645590-22-000071-index.htm"", ""perimetre_id"": ""0001645590:chiffre_affaires:Revenues""}]",1.222303401821195,comparable_sur_repli,
0001645590,Hewlett Packard Enterprise,capex,2025,2292000000.0,2024-11-01,2025-10-31,0001645590-25-000130,https://www.sec.gov/Archives/edgar/data/1645590/000164559025000130/0001645590-25-000130-index.htm,PaymentsToAcquireProductiveAssets,0001645590:capex:PaymentsToAcquireProductiveAssets,2017;2018;2019,3,2983000000.0,2016-11-01/2017-10-31;2017-11-01/2018-10-31;2018-11-01/2019-10-31,False,"[{""annee"": 2017, ""valeur"": 3137000000.0, ""debut"": ""2016-11-01"", ""fin"": ""2017-10-31"", ""depot"": ""0001645590-19-000044"", ""source_url"": ""https://www.sec.gov/Archives/edgar/data/1645590/000164559019000044/0001645590-19-000044-index.htm"", ""perimetre_id"": ""0001645590:capex:PaymentsToAcquireProductiveAssets""}, {""annee"": 2018, ""valeur"": 2956000000.0, ""debut"": ""2017-11-01"", ""fin"": ""2018-10-31"", ""depot"": ""0001645590-20-000056"", ""source_url"": ""https://www.sec.gov/Archives/edgar/data/1645590/000164559020000056/0001645590-20-000056-index.htm"", ""perimetre_id"": ""0001645590:capex:PaymentsToAcquireProductiveAssets""}, {""annee"": 2019, ""valeur"": 2856000000.0, ""debut"": ""2018-11-01"", ""fin"": ""2019-10-31"", ""depot"": ""0001645590-21-000068"", ""source_url"": ""https://www.sec.gov/Archives/edgar/data/1645590/000164559021000068/0001645590-21-000068-index.htm"", ""perimetre_id"": ""0001645590:capex:PaymentsToAcquireProductiveAssets""}]",0.7683540060341938,comparable_sur_reference,
0001645590,Hewlett Packard Enterprise,rd,2025,2518000000.0,2024-11-01,2025-10-31,0001645590-25-000130,https://www.sec.gov/Archives/edgar/data/1645590/000164559025000130/0001645590-25-000130-index.htm,ResearchAndDevelopmentExpense,0001645590:rd:ResearchAndDevelopmentExpense,2017;2018;2019,3,1666333333.3333333,2016-11-01/2017-10-31;2017-11-01/2018-10-31;2018-11-01/2019-10-31,False,"[{""annee"": 2017, ""valeur"": 1490000000.0, ""debut"": ""2016-11-01"", ""fin"": ""2017-10-31"", ""depot"": ""0001645590-19-000044"", ""source_url"": ""https://www.sec.gov/Archives/edgar/data/1645590/000164559019000044/0001645590-19-000044-index.htm"", ""perimetre_id"": ""0001645590:rd:ResearchAndDevelopmentExpense""}, {""annee"": 2018, ""valeur"": 1667000000.0, ""debut"": ""2017-11-01"", ""fin"": ""2018-10-31"", ""depot"": ""0001645590-20-000056"", ""source_url"": ""https://www.sec.gov/Archives/edgar/data/1645590/000164559020000056/0001645590-20-000056-index.htm"", ""perimetre_id"": ""0001645590:rd:ResearchAndDevelopmentExpense""}, {""annee"": 2019, ""valeur"": 1842000000.0, ""debut"": ""2018-11-01"", ""fin"": ""2019-10-31"", ""depot"": ""0001645590-21-000068"", ""source_url"": ""https://www.sec.gov/Archives/edgar/data/1645590/000164559021000068/0001645590-21-000068-index.htm"", ""perimetre_id"": ""0001645590:rd:ResearchAndDevelopmentExpense""}]",1.511102220444089,comparable_sur_reference,
0001652044,Alphabet Inc. (Class A),chiffre_affaires,2025,402836000000.0,2025-01-01,2025-12-31,0001652044-26-000018,https://www.sec.gov/Archives/edgar/data/1652044/000165204426000018/0001652044-26-000018-index.htm,Revenues,0001652044:chiffre_affaires:Revenues,2014;2015,2,70495000000.0,2014-01-01/2014-12-31;2015-01-01/2015-12-31,True,"[{""annee"": 2014, ""valeur"": 66001000000.0, ""debut"": ""2014-01-01"", ""fin"": ""2014-12-31"", ""depot"": ""0001652044-17-000008"", ""source_url"": ""https://www.sec.gov/Archives/edgar/data/1652044/000165204417000008/0001652044-17-000008-index.htm"", ""perimetre_id"": ""0001652044:chiffre_affaires:Revenues""}, {""annee"": 2015, ""valeur"": 74989000000.0, ""debut"": ""2015-01-01"", ""fin"": ""2015-12-31"", ""depot"": ""0001652044-18-000007"", ""source_url"": ""https://www.sec.gov/Archives/edgar/data/1652044/000165204418000007/0001652044-18-000007-index.htm"", ""perimetre_id"": ""0001652044:chiffre_affaires:Revenues""}]",5.714391091566778,comparable_sur_repli,Changement d'étiquette ; comparaison inter-étiquettes non autorisée sans rapprochement
0001652044,Alphabet Inc. (Class A),capex,2025,91447000000.0,2025-01-01,2025-12-31,0001652044-26-000018,https://www.sec.gov/Archives/edgar/data/1652044/000165204426000018/0001652044-26-000018-index.htm,PaymentsToAcquirePropertyPlantAndEquipment,0001652044:capex:PaymentsToAcquirePropertyPlantAndEquipment,2017;2018;2019,3,20623666666.666668,2017-01-01/2017-12-31;2018-01-01/2018-12-31;2019-01-01/2019-12-31,False,"[{""annee"": 2017, ""valeur"": 13184000000.0, ""debut"": ""2017-01-01"", ""fin"": ""2017-12-31"", ""depot"": ""0001652044-20-000008"", ""source_url"": ""https://www.sec.gov/Archives/edgar/data/1652044/000165204420000008/0001652044-20-000008-index.htm"", ""perimetre_id"": ""0001652044:capex:PaymentsToAcquirePropertyPlantAndEquipment""}, {""annee"": 2018, ""valeur"": 25139000000.0, ""debut"": ""2018-01-01"", ""fin"": ""2018-12-31"", ""depot"": ""0001652044-21-000010"", ""source_url"": ""https://www.sec.gov/Archives/edgar/data/1652044/000165204421000010/0001652044-21-000010-index.htm"", ""perimetre_id"": ""0001652044:capex:PaymentsToAcquirePropertyPlantAndEquipment""}, {""annee"": 2019, ""valeur"": 23548000000.0, ""debut"": ""2019-01-01"", ""fin"": ""2019-12-31"", ""depot"": ""0001652044-22-000019"", ""source_url"": ""https://www.sec.gov/Archives/edgar/data/1652044/000165204422000019/0001652044-22-000019-index.htm"", ""perimetre_id"": ""0001652044:capex:PaymentsToAcquirePropertyPlantAndEquipment""}]",4.434080587027848,comparable_sur_reference,
0001652044,Alphabet Inc. (Class A),rd,2025,61087000000.0,2025-01-01,2025-12-31,0001652044-26-000018,https://www.sec.gov/Archives/edgar/data/1652044/000165204426000018/0001652044-26-000018-index.htm,ResearchAndDevelopmentExpense,0001652044:rd:ResearchAndDevelopmentExpense,2017;2018;2019,3,21354000000.0,2017-01-01/2017-12-31;2018-01-01/2018-12-31;2019-01-01/2019-12-31,False,"[{""annee"": 2017, ""valeur"": 16625000000.0, ""debut"": ""2017-01-01"", ""fin"": ""2017-12-31"", ""depot"": ""0001652044-20-000008"", ""source_url"": ""https://www.sec.gov/Archives/edgar/data/1652044/000165204420000008/0001652044-20-000008-index.htm"", ""perimetre_id"": ""0001652044:rd:ResearchAndDevelopmentExpense""}, {""annee"": 2018, ""valeur"": 21419000000.0, ""debut"": ""2018-01-01"", ""fin"": ""2018-12-31"", ""depot"": ""0001652044-21-000010"", ""source_url"": ""https://www.sec.gov/Archives/edgar/data/1652044/000165204421000010/0001652044-21-000010-index.htm"", ""perimetre_id"": ""0001652044:rd:ResearchAndDevelopmentExpense""}, {""annee"": 2019, ""valeur"": 26018000000.0, ""debut"": ""2019-01-01"", ""fin"": ""2019-12-31"", ""depot"": ""0001652044-22-000019"", ""source_url"": ""https://www.sec.gov/Archives/edgar/data/1652044/000165204422000019/0001652044-22-000019-index.htm"", ""perimetre_id"": ""0001652044:rd:ResearchAndDevelopmentExpense""}]",2.8606818394680156,comparable_sur_reference,
0001674101,Vertiv,chiffre_affaires,2025,10229900000.0,2025-01-01,2025-12-31,0001674101-26-000008,https://www.sec.gov/Archives/edgar/data/1674101/000167410126000008/0001674101-26-000008-index.htm,RevenueFromContractWithCustomerExcludingAssessedTax,0001674101:chiffre_affaires:RevenueFromContractWithCustomerExcludingAssessedTax,2020;2021,2,4684350000.0,2020-01-01/2020-12-31;2021-01-01/2021-12-31,True,"[{""annee"": 2020, ""valeur"": 4370600000.0, ""debut"": ""2020-01-01"", ""fin"": ""2020-12-31"", ""depot"": ""0001628280-23-005248"", ""source_url"": ""https://www.sec.gov/Archives/edgar/data/1674101/000162828023005248/0001628280-23-005248-index.htm"", ""perimetre_id"": ""0001674101:chiffre_affaires:RevenueFromContractWithCustomerExcludingAssessedTax""}, {""annee"": 2021, ""valeur"": 4998100000.0, ""debut"": ""2021-01-01"", ""fin"": ""2021-12-31"", ""depot"": ""0001628280-24-006498"", ""source_url"": ""https://www.sec.gov/Archives/edgar/data/1674101/000162828024006498/0001628280-24-006498-index.htm"", ""perimetre_id"": ""0001674101:chiffre_affaires:RevenueFromContractWithCustomerExcludingAssessedTax""}]",2.1838462113206742,comparable_sur_repli,
0001674101,Vertiv,capex,2025,220000000.0,2025-01-01,2025-12-31,0001674101-26-000008,https://www.sec.gov/Archives/edgar/data/1674101/000167410126000008/0001674101-26-000008-index.htm,PaymentsToAcquirePropertyPlantAndEquipment,0001674101:capex:PaymentsToAcquirePropertyPlantAndEquipment,2018;2019,2,56100000.0,2018-01-01/2018-12-31;2019-01-01/2019-12-31,False,"[{""annee"": 2018, ""valeur"": 64600000.0, ""debut"": ""2018-01-01"", ""fin"": ""2018-12-31"", ""depot"": ""0001628280-21-003604"", ""source_url"": ""https://www.sec.gov/Archives/edgar/data/1674101/000162828021003604/0001628280-21-003604-index.htm"", ""perimetre_id"": ""0001674101:capex:PaymentsToAcquirePropertyPlantAndEquipment""}, {""annee"": 2019, ""valeur"": 47600000.0, ""debut"": ""2019-01-01"", ""fin"": ""2019-12-31"", ""depot"": ""0001628280-22-004533"", ""source_url"": ""https://www.sec.gov/Archives/edgar/data/1674101/000162828022004533/0001628280-22-004533-index.htm"", ""perimetre_id"": ""0001674101:capex:PaymentsToAcquirePropertyPlantAndEquipment""}]",3.9215686274509802,comparable_sur_reference,
0001674101,Vertiv,rd,2025,441700000.0,2025-01-01,2025-12-31,0001674101-26-000008,https://www.sec.gov/Archives/edgar/data/1674101/000167410126000008/0001674101-26-000008-index.htm,ResearchAndDevelopmentExpense,0001674101:rd:ResearchAndDevelopmentExpense,2018;2019,2,213850000.0,2018-01-01/2018-12-31;2019-01-01/2019-12-31,False,"[{""annee"": 2018, ""valeur"": 198300000.0, ""debut"": ""2018-01-01"", ""fin"": ""2018-12-31"", ""depot"": ""0001628280-21-003604"", ""source_url"": ""https://www.sec.gov/Archives/edgar/data/1674101/000162828021003604/0001628280-21-003604-index.htm"", ""perimetre_id"": ""0001674101:rd:ResearchAndDevelopmentExpense""}, {""annee"": 2019, ""valeur"": 229400000.0, ""debut"": ""2019-01-01"", ""fin"": ""2019-12-31"", ""depot"": ""0001628280-22-004533"", ""source_url"": ""https://www.sec.gov/Archives/edgar/data/1674101/000162828022004533/0001628280-22-004533-index.htm"", ""perimetre_id"": ""0001674101:rd:ResearchAndDevelopmentExpense""}]",2.065466448445172,comparable_sur_reference,
0001692819,Vistra Corp.,chiffre_affaires,2025,17738000000.0,2025-01-01,2025-12-31,0001692819-26-000006,https://www.sec.gov/Archives/edgar/data/1692819/000169281926000006/0001692819-26-000006-index.htm,Revenues,0001692819:chiffre_affaires:Revenues,,0,,,False,[],,recent_non_reconcilie,Montants de revenu différents sans rapprochement ; maximum conservé comme candidat
0001692819,Vistra Corp.,capex,2025,2752000000.0,2025-01-01,2025-12-31,0001692819-26-000006,https://www.sec.gov/Archives/edgar/data/1692819/000169281926000006/0001692819-26-000006-index.htm,PaymentsToAcquirePropertyPlantAndEquipment,0001692819:capex:PaymentsToAcquirePropertyPlantAndEquipment,2017;2018;2019,3,452333333.3333333,2017-01-01/2017-12-31;2018-01-01/2018-12-31;2019-01-01/2019-12-31,False,"[{""annee"": 2017, ""valeur"": 114000000.0, ""debut"": ""2017-01-01"", ""fin"": ""2017-12-31"", ""depot"": ""0001692819-20-000005"", ""source_url"": ""https://www.sec.gov/Archives/edgar/data/1692819/000169281920000005/0001692819-20-000005-index.htm"", ""perimetre_id"": ""0001692819:capex:PaymentsToAcquirePropertyPlantAndEquipment""}, {""annee"": 2018, ""valeur"": 530000000.0, ""debut"": ""2018-01-01"", ""fin"": ""2018-12-31"", ""depot"": ""0001692819-21-000004"", ""source_url"": ""https://www.sec.gov/Archives/edgar/data/1692819/000169281921000004/0001692819-21-000004-index.htm"", ""perimetre_id"": ""0001692819:capex:PaymentsToAcquirePropertyPlantAndEquipment""}, {""annee"": 2019, ""valeur"": 713000000.0, ""debut"": ""2019-01-01"", ""fin"": ""2019-12-31"", ""depot"": ""0001692819-22-000005"", ""source_url"": ""https://www.sec.gov/Archives/edgar/data/1692819/000169281922000005/0001692819-22-000005-index.htm"", ""perimetre_id"": ""0001692819:capex:PaymentsToAcquirePropertyPlantAndEquipment""}]",6.084008843036109,comparable_sur_reference,
0001692819,Vistra Corp.,rd,2025,,,,,,,,,0,,,False,[],,valeur_recente_manquante,Aucune valeur annuelle collectée
0001701605,Baker Hughes,chiffre_affaires,2025,27733000000.0,2025-01-01,2025-12-31,0001701605-26-000007,https://www.sec.gov/Archives/edgar/data/1701605/000170160526000007/0001701605-26-000007-index.htm,RevenueFromContractWithCustomerExcludingAssessedTax,0001701605:chiffre_affaires:RevenueFromContractWithCustomerExcludingAssessedTax,2018;2019,2,23357500000.0,2018-01-01/2018-12-31;2019-01-01/2019-12-31,False,"[{""annee"": 2018, ""valeur"": 22877000000.0, ""debut"": ""2018-01-01"", ""fin"": ""2018-12-31"", ""depot"": ""0001701605-21-000026"", ""source_url"": ""https://www.sec.gov/Archives/edgar/data/1701605/000170160521000026/0001701605-21-000026-index.htm"", ""perimetre_id"": ""0001701605:chiffre_affaires:RevenueFromContractWithCustomerExcludingAssessedTax""}, {""annee"": 2019, ""valeur"": 23838000000.0, ""debut"": ""2019-01-01"", ""fin"": ""2019-12-31"", ""depot"": ""0001701605-22-000050"", ""source_url"": ""https://www.sec.gov/Archives/edgar/data/1701605/000170160522000050/0001701605-22-000050-index.htm"", ""perimetre_id"": ""0001701605:chiffre_affaires:RevenueFromContractWithCustomerExcludingAssessedTax""}]",1.1873274108958578,comparable_sur_reference,
0001701605,Baker Hughes,capex,2025,1273000000.0,2025-01-01,2025-12-31,0001701605-26-000007,https://www.sec.gov/Archives/edgar/data/1701605/000170160526000007/0001701605-26-000007-index.htm,PaymentsToAcquireProductiveAssets,0001701605:capex:PaymentsToAcquireProductiveAssets,2017;2018;2019,3,966666666.6666666,2017-01-01/2017-12-31;2018-01-01/2018-12-31;2019-01-01/2019-12-31,False,"[{""annee"": 2017, ""valeur"": 665000000.0, ""debut"": ""2017-01-01"", ""fin"": ""2017-12-31"", ""depot"": ""0001701605-20-000019"", ""source_url"": ""https://www.sec.gov/Archives/edgar/data/1701605/000170160520000019/0001701605-20-000019-index.htm"", ""perimetre_id"": ""0001701605:capex:PaymentsToAcquireProductiveAssets""}, {""annee"": 2018, ""valeur"": 995000000.0, ""debut"": ""2018-01-01"", ""fin"": ""2018-12-31"", ""depot"": ""0001701605-21-000026"", ""source_url"": ""https://www.sec.gov/Archives/edgar/data/1701605/000170160521000026/0001701605-21-000026-index.htm"", ""perimetre_id"": ""0001701605:capex:PaymentsToAcquireProductiveAssets""}, {""annee"": 2019, ""valeur"": 1240000000.0, ""debut"": ""2019-01-01"", ""fin"": ""2019-12-31"", ""depot"": ""0001701605-22-000050"", ""source_url"": ""https://www.sec.gov/Archives/edgar/data/1701605/000170160522000050/0001701605-22-000050-index.htm"", ""perimetre_id"": ""0001701605:capex:PaymentsToAcquireProductiveAssets""}]",1.316896551724138,comparable_sur_reference,
0001701605,Baker Hughes,rd,2025,600000000.0,2025-01-01,2025-12-31,0001701605-26-000007,https://www.sec.gov/Archives/edgar/data/1701605/000170160526000007/0001701605-26-000007-index.htm,ResearchAndDevelopmentExpense,0001701605:rd:ResearchAndDevelopmentExpense,2017;2018;2019,3,629333333.3333334,2017-01-01/2017-12-31;2018-01-01/2018-12-31;2019-01-01/2019-12-31,False,"[{""annee"": 2017, ""valeur"": 501000000.0, ""debut"": ""2017-01-01"", ""fin"": ""2017-12-31"", ""depot"": ""0001701605-20-000019"", ""source_url"": ""https://www.sec.gov/Archives/edgar/data/1701605/000170160520000019/0001701605-20-000019-index.htm"", ""perimetre_id"": ""0001701605:rd:ResearchAndDevelopmentExpense""}, {""annee"": 2018, ""valeur"": 700000000.0, ""debut"": ""2018-01-01"", ""fin"": ""2018-12-31"", ""depot"": ""0001701605-21-000026"", ""source_url"": ""https://www.sec.gov/Archives/edgar/data/1701605/000170160521000026/0001701605-21-000026-index.htm"", ""perimetre_id"": ""0001701605:rd:ResearchAndDevelopmentExpense""}, {""annee"": 2019, ""valeur"": 687000000.0, ""debut"": ""2019-01-01"", ""fin"": ""2019-12-31"", ""depot"": ""0001701605-22-000050"", ""source_url"": ""https://www.sec.gov/Archives/edgar/data/1701605/000170160522000050/0001701605-22-000050-index.htm"", ""perimetre_id"": ""0001701605:rd:ResearchAndDevelopmentExpense""}]",0.9533898305084745,comparable_sur_reference,
0001711269,Evergy,chiffre_affaires,2025,5961600000.0,2025-01-01,2025-12-31,0001711269-26-000017,https://www.sec.gov/Archives/edgar/data/1711269/000171126926000017/0001711269-26-000017-index.htm,Revenues,0001711269:chiffre_affaires:Revenues,,0,,,False,[],,recent_non_reconcilie,Montants de revenu différents sans rapprochement ; maximum conservé comme candidat
0001711269,Evergy,capex,2025,2796900000.0,2025-01-01,2025-12-31,0001711269-26-000017,https://www.sec.gov/Archives/edgar/data/1711269/000171126926000017/0001711269-26-000017-index.htm,PaymentsToAcquirePropertyPlantAndEquipment,0001711269:capex:PaymentsToAcquirePropertyPlantAndEquipment,2017;2018;2019,3,1014800000.0,2017-01-01/2017-12-31;2018-01-01/2018-12-31;2019-01-01/2019-12-31,False,"[{""annee"": 2017, ""valeur"": 764600000.0, ""debut"": ""2017-01-01"", ""fin"": ""2017-12-31"", ""depot"": ""0001711269-20-000012"", ""source_url"": ""https://www.sec.gov/Archives/edgar/data/1711269/000171126920000012/0001711269-20-000012-index.htm"", ""perimetre_id"": ""0001711269:capex:PaymentsToAcquirePropertyPlantAndEquipment""}, {""annee"": 2018, ""valeur"": 1069700000.0, ""debut"": ""2018-01-01"", ""fin"": ""2018-12-31"", ""depot"": ""0001711269-21-000023"", ""source_url"": ""https://www.sec.gov/Archives/edgar/data/1711269/000171126921000023/0001711269-21-000023-index.htm"", ""perimetre_id"": ""0001711269:capex:PaymentsToAcquirePropertyPlantAndEquipment""}, {""annee"": 2019, ""valeur"": 1210100000.0, ""debut"": ""2019-01-01"", ""fin"": ""2019-12-31"", ""depot"": ""0001711269-22-000008"", ""source_url"": ""https://www.sec.gov/Archives/edgar/data/1711269/000171126922000008/0001711269-22-000008-index.htm"", ""perimetre_id"": ""0001711269:capex:PaymentsToAcquirePropertyPlantAndEquipment""}]",2.756109578242018,comparable_sur_reference,
0001711269,Evergy,rd,2025,,,,,,,,,0,,,False,[],,valeur_recente_manquante,Aucune valeur annuelle collectée
0001730168,Broadcom,chiffre_affaires,2025,63887000000.0,2024-11-04,2025-11-02,0001730168-25-000121,https://www.sec.gov/Archives/edgar/data/1730168/000173016825000121/0001730168-25-000121-index.htm,RevenueFromContractWithCustomerExcludingAssessedTax,0001730168:chiffre_affaires:RevenueFromContractWithCustomerExcludingAssessedTax,2017;2018;2019,3,20360333333.333332,2016-10-31/2017-10-29;2017-10-30/2018-11-04;2018-11-05/2019-11-03,False,"[{""annee"": 2017, ""valeur"": 17636000000.0, ""debut"": ""2016-10-31"", ""fin"": ""2017-10-29"", ""depot"": ""0001730168-19-000144"", ""source_url"": ""https://www.sec.gov/Archives/edgar/data/1730168/000173016819000144/0001730168-19-000144-index.htm"", ""perimetre_id"": ""0001730168:chiffre_affaires:RevenueFromContractWithCustomerExcludingAssessedTax""}, {""annee"": 2018, ""valeur"": 20848000000.0, ""debut"": ""2017-10-30"", ""fin"": ""2018-11-04"", ""depot"": ""0001730168-20-000226"", ""source_url"": ""https://www.sec.gov/Archives/edgar/data/1730168/000173016820000226/0001730168-20-000226-index.htm"", ""perimetre_id"": ""0001730168:chiffre_affaires:RevenueFromContractWithCustomerExcludingAssessedTax""}, {""annee"": 2019, ""valeur"": 22597000000.0, ""debut"": ""2018-11-05"", ""fin"": ""2019-11-03"", ""depot"": ""0001730168-21-000153"", ""source_url"": ""https://www.sec.gov/Archives/edgar/data/1730168/000173016821000153/0001730168-21-000153-index.htm"", ""perimetre_id"": ""0001730168:chiffre_affaires:RevenueFromContractWithCustomerExcludingAssessedTax""}]",3.1378169971022087,comparable_sur_reference,
0001730168,Broadcom,capex,2025,623000000.0,2024-11-04,2025-11-02,0001730168-25-000121,https://www.sec.gov/Archives/edgar/data/1730168/000173016825000121/0001730168-25-000121-index.htm,PaymentsToAcquirePropertyPlantAndEquipment,0001730168:capex:PaymentsToAcquirePropertyPlantAndEquipment,2017;2018;2019,3,712000000.0,2016-10-31/2017-10-29;2017-10-30/2018-11-04;2018-11-05/2019-11-03,False,"[{""annee"": 2017, ""valeur"": 1069000000.0, ""debut"": ""2016-10-31"", ""fin"": ""2017-10-29"", ""depot"": ""0001730168-19-000144"", ""source_url"": ""https://www.sec.gov/Archives/edgar/data/1730168/000173016819000144/0001730168-19-000144-index.htm"", ""perimetre_id"": ""0001730168:capex:PaymentsToAcquirePropertyPlantAndEquipment""}, {""annee"": 2018, ""valeur"": 635000000.0, ""debut"": ""2017-10-30"", ""fin"": ""2018-11-04"", ""depot"": ""0001730168-20-000226"", ""source_url"": ""https://www.sec.gov/Archives/edgar/data/1730168/000173016820000226/0001730168-20-000226-index.htm"", ""perimetre_id"": ""0001730168:capex:PaymentsToAcquirePropertyPlantAndEquipment""}, {""annee"": 2019, ""valeur"": 432000000.0, ""debut"": ""2018-11-05"", ""fin"": ""2019-11-03"", ""depot"": ""0001730168-21-000153"", ""source_url"": ""https://www.sec.gov/Archives/edgar/data/1730168/000173016821000153/0001730168-21-000153-index.htm"", ""perimetre_id"": ""0001730168:capex:PaymentsToAcquirePropertyPlantAndEquipment""}]",0.875,comparable_sur_reference,
0001730168,Broadcom,rd,2025,10977000000.0,2024-11-04,2025-11-02,0001730168-25-000121,https://www.sec.gov/Archives/edgar/data/1730168/000173016825000121/0001730168-25-000121-index.htm,ResearchAndDevelopmentExpense,0001730168:rd:ResearchAndDevelopmentExpense,2017;2018;2019,3,3922000000.0,2016-10-31/2017-10-29;2017-10-30/2018-11-04;2018-11-05/2019-11-03,False,"[{""annee"": 2017, ""valeur"": 3302000000.0, ""debut"": ""2016-10-31"", ""fin"": ""2017-10-29"", ""depot"": ""0001730168-19-000144"", ""source_url"": ""https://www.sec.gov/Archives/edgar/data/1730168/000173016819000144/0001730168-19-000144-index.htm"", ""perimetre_id"": ""0001730168:rd:ResearchAndDevelopmentExpense""}, {""annee"": 2018, ""valeur"": 3768000000.0, ""debut"": ""2017-10-30"", ""fin"": ""2018-11-04"", ""depot"": ""0001730168-20-000226"", ""source_url"": ""https://www.sec.gov/Archives/edgar/data/1730168/000173016820000226/0001730168-20-000226-index.htm"", ""perimetre_id"": ""0001730168:rd:ResearchAndDevelopmentExpense""}, {""annee"": 2019, ""valeur"": 4696000000.0, ""debut"": ""2018-11-05"", ""fin"": ""2019-11-03"", ""depot"": ""0001730168-21-000153"", ""source_url"": ""https://www.sec.gov/Archives/edgar/data/1730168/000173016821000153/0001730168-21-000153-index.htm"", ""perimetre_id"": ""0001730168:rd:ResearchAndDevelopmentExpense""}]",2.7988271290158084,comparable_sur_reference,
0001751788,Dow Inc.,chiffre_affaires,2025,39968000000.0,2025-01-01,2025-12-31,0001751788-26-000018,https://www.sec.gov/Archives/edgar/data/1751788/000175178826000018/0001751788-26-000018-index.htm,Revenues,0001751788:chiffre_affaires:Revenues,2018;2019,2,46277500000.0,2018-01-01/2018-12-31;2019-01-01/2019-12-31,False,"[{""annee"": 2018, ""valeur"": 49604000000.0, ""debut"": ""2018-01-01"", ""fin"": ""2018-12-31"", ""depot"": ""0001751788-21-000010"", ""source_url"": ""https://www.sec.gov/Archives/edgar/data/1751788/000175178821000010/0001751788-21-000010-index.htm"", ""perimetre_id"": ""0001751788:chiffre_affaires:Revenues""}, {""annee"": 2019, ""valeur"": 42951000000.0, ""debut"": ""2019-01-01"", ""fin"": ""2019-12-31"", ""depot"": ""0001751788-22-000011"", ""source_url"": ""https://www.sec.gov/Archives/edgar/data/1751788/000175178822000011/0001751788-22-000011-index.htm"", ""perimetre_id"": ""0001751788:chiffre_affaires:Revenues""}]",0.8636594457349684,comparable_sur_reference,
0001751788,Dow Inc.,capex,2025,2479000000.0,2025-01-01,2025-12-31,0001751788-26-000018,https://www.sec.gov/Archives/edgar/data/1751788/000175178826000018/0001751788-26-000018-index.htm,PaymentsToAcquireProductiveAssets,0001751788:capex:PaymentsToAcquireProductiveAssets,2017;2018;2019,3,2286333333.3333335,2017-01-01/2017-12-31;2018-01-01/2018-12-31;2019-01-01/2019-12-31,False,"[{""annee"": 2017, ""valeur"": 2807000000.0, ""debut"": ""2017-01-01"", ""fin"": ""2017-12-31"", ""depot"": ""0001751788-20-000007"", ""source_url"": ""https://www.sec.gov/Archives/edgar/data/1751788/000175178820000007/0001751788-20-000007-index.htm"", ""perimetre_id"": ""0001751788:capex:PaymentsToAcquireProductiveAssets""}, {""annee"": 2018, ""valeur"": 2091000000.0, ""debut"": ""2018-01-01"", ""fin"": ""2018-12-31"", ""depot"": ""0001751788-21-000010"", ""source_url"": ""https://www.sec.gov/Archives/edgar/data/1751788/000175178821000010/0001751788-21-000010-index.htm"", ""perimetre_id"": ""0001751788:capex:PaymentsToAcquireProductiveAssets""}, {""annee"": 2019, ""valeur"": 1961000000.0, ""debut"": ""2019-01-01"", ""fin"": ""2019-12-31"", ""depot"": ""0001751788-22-000011"", ""source_url"": ""https://www.sec.gov/Archives/edgar/data/1751788/000175178822000011/0001751788-22-000011-index.htm"", ""perimetre_id"": ""0001751788:capex:PaymentsToAcquireProductiveAssets""}]",1.0842688438547892,comparable_sur_reference,
0001751788,Dow Inc.,rd,2025,752000000.0,2025-01-01,2025-12-31,0001751788-26-000018,https://www.sec.gov/Archives/edgar/data/1751788/000175178826000018/0001751788-26-000018-index.htm,ResearchAndDevelopmentExpenseExcludingAcquiredInProcessCost,0001751788:rd:ResearchAndDevelopmentExpenseExcludingAcquiredInProcessCost,2017;2018;2019,3,789333333.3333334,2017-01-01/2017-12-31;2018-01-01/2018-12-31;2019-01-01/2019-12-31,False,"[{""annee"": 2017, ""valeur"": 803000000.0, ""debut"": ""2017-01-01"", ""fin"": ""2017-12-31"", ""depot"": ""0001751788-20-000007"", ""source_url"": ""https://www.sec.gov/Archives/edgar/data/1751788/000175178820000007/0001751788-20-000007-index.htm"", ""perimetre_id"": ""0001751788:rd:ResearchAndDevelopmentExpenseExcludingAcquiredInProcessCost""}, {""annee"": 2018, ""valeur"": 800000000.0, ""debut"": ""2018-01-01"", ""fin"": ""2018-12-31"", ""depot"": ""0001751788-21-000010"", ""source_url"": ""https://www.sec.gov/Archives/edgar/data/1751788/000175178821000010/0001751788-21-000010-index.htm"", ""perimetre_id"": ""0001751788:rd:ResearchAndDevelopmentExpenseExcludingAcquiredInProcessCost""}, {""annee"": 2019, ""valeur"": 765000000.0, ""debut"": ""2019-01-01"", ""fin"": ""2019-12-31"", ""depot"": ""0001751788-22-000011"", ""source_url"": ""https://www.sec.gov/Archives/edgar/data/1751788/000175178822000011/0001751788-22-000011-index.htm"", ""perimetre_id"": ""0001751788:rd:ResearchAndDevelopmentExpenseExcludingAcquiredInProcessCost""}]",0.9527027027027026,comparable_sur_reference,
0001783180,Carrier Global,chiffre_affaires,2025,21747000000.0,2025-01-01,2025-12-31,0001783180-26-000008,https://www.sec.gov/Archives/edgar/data/1783180/000178318026000008/0001783180-26-000008-index.htm,RevenueFromContractWithCustomerExcludingAssessedTax,0001783180:chiffre_affaires:RevenueFromContractWithCustomerExcludingAssessedTax,2018;2019,2,18761000000.0,2018-01-01/2018-12-31;2019-01-01/2019-12-31,False,"[{""annee"": 2018, ""valeur"": 18914000000.0, ""debut"": ""2018-01-01"", ""fin"": ""2018-12-31"", ""depot"": ""0001783180-21-000011"", ""source_url"": ""https://www.sec.gov/Archives/edgar/data/1783180/000178318021000011/0001783180-21-000011-index.htm"", ""perimetre_id"": ""0001783180:chiffre_affaires:RevenueFromContractWithCustomerExcludingAssessedTax""}, {""annee"": 2019, ""valeur"": 18608000000.0, ""debut"": ""2019-01-01"", ""fin"": ""2019-12-31"", ""depot"": ""0001783180-22-000010"", ""source_url"": ""https://www.sec.gov/Archives/edgar/data/1783180/000178318022000010/0001783180-22-000010-index.htm"", ""perimetre_id"": ""0001783180:chiffre_affaires:RevenueFromContractWithCustomerExcludingAssessedTax""}]",1.1591599594904323,comparable_sur_reference,
0001783180,Carrier Global,capex,2025,392000000.0,2025-01-01,2025-12-31,0001783180-26-000008,https://www.sec.gov/Archives/edgar/data/1783180/000178318026000008/0001783180-26-000008-index.htm,PaymentsToAcquireProductiveAssets,0001783180:capex:PaymentsToAcquireProductiveAssets,2018;2019,2,253000000.0,2018-01-01/2018-12-31;2019-01-01/2019-12-31,False,"[{""annee"": 2018, ""valeur"": 263000000.0, ""debut"": ""2018-01-01"", ""fin"": ""2018-12-31"", ""depot"": ""0001783180-21-000011"", ""source_url"": ""https://www.sec.gov/Archives/edgar/data/1783180/000178318021000011/0001783180-21-000011-index.htm"", ""perimetre_id"": ""0001783180:capex:PaymentsToAcquireProductiveAssets""}, {""annee"": 2019, ""valeur"": 243000000.0, ""debut"": ""2019-01-01"", ""fin"": ""2019-12-31"", ""depot"": ""0001783180-22-000010"", ""source_url"": ""https://www.sec.gov/Archives/edgar/data/1783180/000178318022000010/0001783180-22-000010-index.htm"", ""perimetre_id"": ""0001783180:capex:PaymentsToAcquireProductiveAssets""}]",1.5494071146245059,comparable_sur_reference,
0001783180,Carrier Global,rd,2025,625000000.0,2025-01-01,2025-12-31,0001783180-26-000008,https://www.sec.gov/Archives/edgar/data/1783180/000178318026000008/0001783180-26-000008-index.htm,ResearchAndDevelopmentExpense,0001783180:rd:ResearchAndDevelopmentExpense,2018;2019,2,400500000.0,2018-01-01/2018-12-31;2019-01-01/2019-12-31,False,"[{""annee"": 2018, ""valeur"": 400000000.0, ""debut"": ""2018-01-01"", ""fin"": ""2018-12-31"", ""depot"": ""0001783180-21-000011"", ""source_url"": ""https://www.sec.gov/Archives/edgar/data/1783180/000178318021000011/0001783180-21-000011-index.htm"", ""perimetre_id"": ""0001783180:rd:ResearchAndDevelopmentExpense""}, {""annee"": 2019, ""valeur"": 401000000.0, ""debut"": ""2019-01-01"", ""fin"": ""2019-12-31"", ""depot"": ""0001783180-22-000010"", ""source_url"": ""https://www.sec.gov/Archives/edgar/data/1783180/000178318022000010/0001783180-22-000010-index.htm"", ""perimetre_id"": ""0001783180:rd:ResearchAndDevelopmentExpense""}]",1.5605493133583022,comparable_sur_reference,
0001811074,Texas Pacific Land Corporation,chiffre_affaires,2025,798190000.0,2025-01-01,2025-12-31,0001811074-26-000018,https://www.sec.gov/Archives/edgar/data/1811074/000181107426000018/0001811074-26-000018-index.htm,RevenueFromContractWithCustomerExcludingAssessedTax,0001811074:chiffre_affaires:RevenueFromContractWithCustomerExcludingAssessedTax,2018;2019,2,395358000.0,2018-01-01/2018-12-31;2019-01-01/2019-12-31,False,"[{""annee"": 2018, ""valeur"": 300220000.0, ""debut"": ""2018-01-01"", ""fin"": ""2018-12-31"", ""depot"": ""0001811074-21-000013"", ""source_url"": ""https://www.sec.gov/Archives/edgar/data/1811074/000181107421000013/0001811074-21-000013-index.htm"", ""perimetre_id"": ""0001811074:chiffre_affaires:RevenueFromContractWithCustomerExcludingAssessedTax""}, {""annee"": 2019, ""valeur"": 490496000.0, ""debut"": ""2019-01-01"", ""fin"": ""2019-12-31"", ""depot"": ""0001811074-22-000014"", ""source_url"": ""https://www.sec.gov/Archives/edgar/data/1811074/000181107422000014/0001811074-22-000014-index.htm"", ""perimetre_id"": ""0001811074:chiffre_affaires:RevenueFromContractWithCustomerExcludingAssessedTax""}]",2.0189043853924797,comparable_sur_reference,
0001811074,Texas Pacific Land Corporation,capex,2025,35951000.0,2025-01-01,2025-12-31,0001811074-26-000018,https://www.sec.gov/Archives/edgar/data/1811074/000181107426000018/0001811074-26-000018-index.htm,PaymentsToAcquireRealEstate,0001811074:capex:PaymentsToAcquireRealEstate,2023;2024,2,10898000.0,2023-01-01/2023-12-31;2024-01-01/2024-12-31,True,"[{""annee"": 2023, ""valeur"": 20320000.0, ""debut"": ""2023-01-01"", ""fin"": ""2023-12-31"", ""depot"": ""0001811074-26-000018"", ""source_url"": ""https://www.sec.gov/Archives/edgar/data/1811074/000181107426000018/0001811074-26-000018-index.htm"", ""perimetre_id"": ""0001811074:capex:PaymentsToAcquireRealEstate""}, {""annee"": 2024, ""valeur"": 1476000.0, ""debut"": ""2024-01-01"", ""fin"": ""2024-12-31"", ""depot"": ""0001811074-26-000018"", ""source_url"": ""https://www.sec.gov/Archives/edgar/data/1811074/000181107426000018/0001811074-26-000018-index.htm"", ""perimetre_id"": ""0001811074:capex:PaymentsToAcquireRealEstate""}]",3.298862176546155,comparable_sur_repli,
0001811074,Texas Pacific Land Corporation,rd,2025,,,,,,,,,0,,,False,[],,valeur_recente_manquante,Aucune valeur annuelle collectée
0001835632,Marvell Technology,chiffre_affaires,2025,8194600000.0,2025-02-02,2026-01-31,0001835632-26-000011,https://www.sec.gov/Archives/edgar/data/1835632/000183563226000011/0001835632-26-000011-index.htm,RevenueFromContractWithCustomerExcludingAssessedTax,MRVL:post_fusion_inphi,2022;2023,2,5713650000.0,2022-01-30/2023-01-28;2023-01-29/2024-02-03,True,"[{""annee"": 2022, ""valeur"": 5919600000.0, ""debut"": ""2022-01-30"", ""fin"": ""2023-01-28"", ""depot"": ""0001835632-25-000057"", ""source_url"": ""https://www.sec.gov/Archives/edgar/data/1835632/000183563225000057/0001835632-25-000057-index.htm"", ""perimetre_id"": ""MRVL:post_fusion_inphi""}, {""annee"": 2023, ""valeur"": 5507700000.0, ""debut"": ""2023-01-29"", ""fin"": ""2024-02-03"", ""depot"": ""0001835632-26-000011"", ""source_url"": ""https://www.sec.gov/Archives/edgar/data/1835632/000183563226000011/0001835632-26-000011-index.htm"", ""perimetre_id"": ""MRVL:post_fusion_inphi""}]",1.434214556369396,comparable_sur_repli,Périmètre délimité par MRVL-REORGANISATION
0001835632,Marvell Technology,capex,2025,354100000.0,2025-02-02,2026-01-31,0001835632-26-000011,https://www.sec.gov/Archives/edgar/data/1835632/000183563226000011/0001835632-26-000011-index.htm,PaymentsToAcquirePropertyPlantAndEquipment,MRVL:post_fusion_inphi,2022;2023,2,271250000.0,2022-01-30/2023-01-28;2023-01-29/2024-02-03,True,"[{""annee"": 2022, ""valeur"": 206200000.0, ""debut"": ""2022-01-30"", ""fin"": ""2023-01-28"", ""depot"": ""0001835632-25-000057"", ""source_url"": ""https://www.sec.gov/Archives/edgar/data/1835632/000183563225000057/0001835632-25-000057-index.htm"", ""perimetre_id"": ""MRVL:post_fusion_inphi""}, {""annee"": 2023, ""valeur"": 336300000.0, ""debut"": ""2023-01-29"", ""fin"": ""2024-02-03"", ""depot"": ""0001835632-26-000011"", ""source_url"": ""https://www.sec.gov/Archives/edgar/data/1835632/000183563226000011/0001835632-26-000011-index.htm"", ""perimetre_id"": ""MRVL:post_fusion_inphi""}]",1.3054377880184331,comparable_sur_repli,Périmètre délimité par MRVL-REORGANISATION
0001835632,Marvell Technology,rd,2025,2075200000.0,2025-02-02,2026-01-31,0001835632-26-000011,https://www.sec.gov/Archives/edgar/data/1835632/000183563226000011/0001835632-26-000011-index.htm,ResearchAndDevelopmentExpense,MRVL:post_fusion_inphi,2022;2023,2,1840250000.0,2022-01-30/2023-01-28;2023-01-29/2024-02-03,True,"[{""annee"": 2022, ""valeur"": 1784300000.0, ""debut"": ""2022-01-30"", ""fin"": ""2023-01-28"", ""depot"": ""0001835632-25-000057"", ""source_url"": ""https://www.sec.gov/Archives/edgar/data/1835632/000183563225000057/0001835632-25-000057-index.htm"", ""perimetre_id"": ""MRVL:post_fusion_inphi""}, {""annee"": 2023, ""valeur"": 1896200000.0, ""debut"": ""2023-01-29"", ""fin"": ""2024-02-03"", ""depot"": ""0001835632-26-000011"", ""source_url"": ""https://www.sec.gov/Archives/edgar/data/1835632/000183563226000011/0001835632-26-000011-index.htm"", ""perimetre_id"": ""MRVL:post_fusion_inphi""}]",1.1276728705338948,comparable_sur_repli,Périmètre délimité par MRVL-REORGANISATION
0001868275,Constellation Energy,chiffre_affaires,2025,25533000000.0,2025-01-01,2025-12-31,0001868275-26-000032,https://www.sec.gov/Archives/edgar/data/1868275/000186827526000032/0001868275-26-000032-index.htm,Revenues,0001868275:chiffre_affaires:Revenues,,0,,,False,[],,recent_non_reconcilie,Montants de revenu différents sans rapprochement ; maximum conservé comme candidat
0001868275,Constellation Energy,capex,2025,2949000000.0,2025-01-01,2025-12-31,0001868275-26-000032,https://www.sec.gov/Archives/edgar/data/1868275/000186827526000032/0001868275-26-000032-index.htm,PaymentsToAcquirePropertyPlantAndEquipment,0001868275:capex:PaymentsToAcquirePropertyPlantAndEquipment,2020;2021,2,1538000000.0,2020-01-01/2020-12-31;2021-01-01/2021-12-31,True,"[{""annee"": 2020, ""valeur"": 1747000000.0, ""debut"": ""2020-01-01"", ""fin"": ""2020-12-31"", ""depot"": ""0001868275-23-000014"", ""source_url"": ""https://www.sec.gov/Archives/edgar/data/1868275/000186827523000014/0001868275-23-000014-index.htm"", ""perimetre_id"": ""0001868275:capex:PaymentsToAcquirePropertyPlantAndEquipment""}, {""annee"": 2021, ""valeur"": 1329000000.0, ""debut"": ""2021-01-01"", ""fin"": ""2021-12-31"", ""depot"": ""0001868275-24-000014"", ""source_url"": ""https://www.sec.gov/Archives/edgar/data/1868275/000186827524000014/0001868275-24-000014-index.htm"", ""perimetre_id"": ""0001868275:capex:PaymentsToAcquirePropertyPlantAndEquipment""}]",1.9174252275682704,comparable_sur_repli,
0001868275,Constellation Energy,rd,2025,,,,,,,,,0,,,False,[],,valeur_recente_manquante,Aucune valeur annuelle collectée
0001996810,GE Vernova,chiffre_affaires,2025,38068000000.0,2025-01-01,2025-12-31,0001996810-26-000015,https://www.sec.gov/Archives/edgar/data/1996810/000199681026000015/0001996810-26-000015-index.htm,RevenueFromContractWithCustomerExcludingAssessedTax,0001996810:chiffre_affaires:RevenueFromContractWithCustomerExcludingAssessedTax,2022;2023,2,31446500000.0,2022-01-01/2022-12-31;2023-01-01/2023-12-31,True,"[{""annee"": 2022, ""valeur"": 29654000000.0, ""debut"": ""2022-01-01"", ""fin"": ""2022-12-31"", ""depot"": ""0001996810-25-000011"", ""source_url"": ""https://www.sec.gov/Archives/edgar/data/1996810/000199681025000011/0001996810-25-000011-index.htm"", ""perimetre_id"": ""0001996810:chiffre_affaires:RevenueFromContractWithCustomerExcludingAssessedTax""}, {""annee"": 2023, ""valeur"": 33239000000.0, ""debut"": ""2023-01-01"", ""fin"": ""2023-12-31"", ""depot"": ""0001996810-26-000015"", ""source_url"": ""https://www.sec.gov/Archives/edgar/data/1996810/000199681026000015/0001996810-26-000015-index.htm"", ""perimetre_id"": ""0001996810:chiffre_affaires:RevenueFromContractWithCustomerExcludingAssessedTax""}]",1.210563973733166,comparable_sur_repli,
0001996810,GE Vernova,capex,2025,1277000000.0,2025-01-01,2025-12-31,0001996810-26-000015,https://www.sec.gov/Archives/edgar/data/1996810/000199681026000015/0001996810-26-000015-index.htm,PaymentsToAcquireProductiveAssets,0001996810:capex:PaymentsToAcquireProductiveAssets,2022;2023,2,628500000.0,2022-01-01/2022-12-31;2023-01-01/2023-12-31,True,"[{""annee"": 2022, ""valeur"": 513000000.0, ""debut"": ""2022-01-01"", ""fin"": ""2022-12-31"", ""depot"": ""0001996810-25-000011"", ""source_url"": ""https://www.sec.gov/Archives/edgar/data/1996810/000199681025000011/0001996810-25-000011-index.htm"", ""perimetre_id"": ""0001996810:capex:PaymentsToAcquireProductiveAssets""}, {""annee"": 2023, ""valeur"": 744000000.0, ""debut"": ""2023-01-01"", ""fin"": ""2023-12-31"", ""depot"": ""0001996810-26-000015"", ""source_url"": ""https://www.sec.gov/Archives/edgar/data/1996810/000199681026000015/0001996810-26-000015-index.htm"", ""perimetre_id"": ""0001996810:capex:PaymentsToAcquireProductiveAssets""}]",2.0318217979315834,comparable_sur_repli,
0001996810,GE Vernova,rd,2025,1197000000.0,2025-01-01,2025-12-31,0001996810-26-000015,https://www.sec.gov/Archives/edgar/data/1996810/000199681026000015/0001996810-26-000015-index.htm,ResearchAndDevelopmentExpense,0001996810:rd:ResearchAndDevelopmentExpense,2022;2023,2,937500000.0,2022-01-01/2022-12-31;2023-01-01/2023-12-31,True,"[{""annee"": 2022, ""valeur"": 979000000.0, ""debut"": ""2022-01-01"", ""fin"": ""2022-12-31"", ""depot"": ""0001996810-25-000011"", ""source_url"": ""https://www.sec.gov/Archives/edgar/data/1996810/000199681025000011/0001996810-25-000011-index.htm"", ""perimetre_id"": ""0001996810:rd:ResearchAndDevelopmentExpense""}, {""annee"": 2023, ""valeur"": 896000000.0, ""debut"": ""2023-01-01"", ""fin"": ""2023-12-31"", ""depot"": ""0001996810-26-000015"", ""source_url"": ""https://www.sec.gov/Archives/edgar/data/1996810/000199681026000015/0001996810-26-000015-index.htm"", ""perimetre_id"": ""0001996810:rd:ResearchAndDevelopmentExpense""}]",1.2768,comparable_sur_repli,
0002023554,Sandisk,chiffre_affaires,2025,20248000000.0,2025-06-28,2026-07-03,0001628280-26-057406,https://www.sec.gov/Archives/edgar/data/2023554/000162828026057406/0001628280-26-057406-index.htm,RevenueFromContractWithCustomerExcludingAssessedTax,0002023554:chiffre_affaires:RevenueFromContractWithCustomerExcludingAssessedTax,2022;2023,2,6374500000.0,2022-07-02/2023-06-30;2023-07-01/2024-06-28,True,"[{""annee"": 2022, ""valeur"": 6086000000.0, ""debut"": ""2022-07-02"", ""fin"": ""2023-06-30"", ""depot"": ""0002023554-25-000034"", ""source_url"": ""https://www.sec.gov/Archives/edgar/data/2023554/000202355425000034/0002023554-25-000034-index.htm"", ""perimetre_id"": ""0002023554:chiffre_affaires:RevenueFromContractWithCustomerExcludingAssessedTax""}, {""annee"": 2023, ""valeur"": 6663000000.0, ""debut"": ""2023-07-01"", ""fin"": ""2024-06-28"", ""depot"": ""0001628280-26-057406"", ""source_url"": ""https://www.sec.gov/Archives/edgar/data/2023554/000162828026057406/0001628280-26-057406-index.htm"", ""perimetre_id"": ""0002023554:chiffre_affaires:RevenueFromContractWithCustomerExcludingAssessedTax""}]",3.1764059926268726,comparable_sur_repli,
0002023554,Sandisk,capex,2025,177000000.0,2025-06-28,2026-07-03,0001628280-26-057406,https://www.sec.gov/Archives/edgar/data/2023554/000162828026057406/0001628280-26-057406-index.htm,PaymentsToAcquirePropertyPlantAndEquipment,0002023554:capex:PaymentsToAcquirePropertyPlantAndEquipment,2022;2023,2,192500000.0,2022-07-02/2023-06-30;2023-07-01/2024-06-28,True,"[{""annee"": 2022, ""valeur"": 219000000.0, ""debut"": ""2022-07-02"", ""fin"": ""2023-06-30"", ""depot"": ""0002023554-25-000034"", ""source_url"": ""https://www.sec.gov/Archives/edgar/data/2023554/000202355425000034/0002023554-25-000034-index.htm"", ""perimetre_id"": ""0002023554:capex:PaymentsToAcquirePropertyPlantAndEquipment""}, {""annee"": 2023, ""valeur"": 166000000.0, ""debut"": ""2023-07-01"", ""fin"": ""2024-06-28"", ""depot"": ""0001628280-26-057406"", ""source_url"": ""https://www.sec.gov/Archives/edgar/data/2023554/000162828026057406/0001628280-26-057406-index.htm"", ""perimetre_id"": ""0002023554:capex:PaymentsToAcquirePropertyPlantAndEquipment""}]",0.9194805194805195,comparable_sur_repli,
0002023554,Sandisk,rd,2025,1328000000.0,2025-06-28,2026-07-03,0001628280-26-057406,https://www.sec.gov/Archives/edgar/data/2023554/000162828026057406/0001628280-26-057406-index.htm,ResearchAndDevelopmentExpense,0002023554:rd:ResearchAndDevelopmentExpense,2022;2023,2,1114000000.0,2022-07-02/2023-06-30;2023-07-01/2024-06-28,True,"[{""annee"": 2022, ""valeur"": 1167000000.0, ""debut"": ""2022-07-02"", ""fin"": ""2023-06-30"", ""depot"": ""0002023554-25-000034"", ""source_url"": ""https://www.sec.gov/Archives/edgar/data/2023554/000202355425000034/0002023554-25-000034-index.htm"", ""perimetre_id"": ""0002023554:rd:ResearchAndDevelopmentExpense""}, {""annee"": 2023, ""valeur"": 1061000000.0, ""debut"": ""2023-07-01"", ""fin"": ""2024-06-28"", ""depot"": ""0001628280-26-057406"", ""source_url"": ""https://www.sec.gov/Archives/edgar/data/2023554/000162828026057406/0001628280-26-057406-index.htm"", ""perimetre_id"": ""0002023554:rd:ResearchAndDevelopmentExpense""}]",1.1921005385996408,comparable_sur_repli,
0002058873,Qnity Electronics,chiffre_affaires,2025,4754000000.0,2025-01-01,2025-12-31,0002058873-26-000010,https://www.sec.gov/Archives/edgar/data/2058873/000205887326000010/0002058873-26-000010-index.htm,RevenueFromContractWithCustomerExcludingAssessedTax,0002058873:chiffre_affaires:RevenueFromContractWithCustomerExcludingAssessedTax,2023;2024,2,4185000000.0,2023-01-01/2023-12-31;2024-01-01/2024-12-31,True,"[{""annee"": 2023, ""valeur"": 4035000000.0, ""debut"": ""2023-01-01"", ""fin"": ""2023-12-31"", ""depot"": ""0002058873-26-000010"", ""source_url"": ""https://www.sec.gov/Archives/edgar/data/2058873/000205887326000010/0002058873-26-000010-index.htm"", ""perimetre_id"": ""0002058873:chiffre_affaires:RevenueFromContractWithCustomerExcludingAssessedTax""}, {""annee"": 2024, ""valeur"": 4335000000.0, ""debut"": ""2024-01-01"", ""fin"": ""2024-12-31"", ""depot"": ""0002058873-26-000010"", ""source_url"": ""https://www.sec.gov/Archives/edgar/data/2058873/000205887326000010/0002058873-26-000010-index.htm"", ""perimetre_id"": ""0002058873:chiffre_affaires:RevenueFromContractWithCustomerExcludingAssessedTax""}]",1.1359617682198326,comparable_sur_repli,
0002058873,Qnity Electronics,capex,2025,285000000.0,2025-01-01,2025-12-31,0002058873-26-000010,https://www.sec.gov/Archives/edgar/data/2058873/000205887326000010/0002058873-26-000010-index.htm,PaymentsToAcquireProductiveAssets,0002058873:capex:PaymentsToAcquireProductiveAssets,2023;2024,2,215500000.0,2023-01-01/2023-12-31;2024-01-01/2024-12-31,True,"[{""annee"": 2023, ""valeur"": 231000000.0, ""debut"": ""2023-01-01"", ""fin"": ""2023-12-31"", ""depot"": ""0002058873-26-000010"", ""source_url"": ""https://www.sec.gov/Archives/edgar/data/2058873/000205887326000010/0002058873-26-000010-index.htm"", ""perimetre_id"": ""0002058873:capex:PaymentsToAcquireProductiveAssets""}, {""annee"": 2024, ""valeur"": 200000000.0, ""debut"": ""2024-01-01"", ""fin"": ""2024-12-31"", ""depot"": ""0002058873-26-000010"", ""source_url"": ""https://www.sec.gov/Archives/edgar/data/2058873/000205887326000010/0002058873-26-000010-index.htm"", ""perimetre_id"": ""0002058873:capex:PaymentsToAcquireProductiveAssets""}]",1.322505800464037,comparable_sur_repli,
0002058873,Qnity Electronics,rd,2025,354000000.0,2025-01-01,2025-12-31,0002058873-26-000010,https://www.sec.gov/Archives/edgar/data/2058873/000205887326000010/0002058873-26-000010-index.htm,ResearchAndDevelopmentExpense,0002058873:rd:ResearchAndDevelopmentExpense,2023;2024,2,308500000.0,2023-01-01/2023-12-31;2024-01-01/2024-12-31,True,"[{""annee"": 2023, ""valeur"": 303000000.0, ""debut"": ""2023-01-01"", ""fin"": ""2023-12-31"", ""depot"": ""0002058873-26-000010"", ""source_url"": ""https://www.sec.gov/Archives/edgar/data/2058873/000205887326000010/0002058873-26-000010-index.htm"", ""perimetre_id"": ""0002058873:rd:ResearchAndDevelopmentExpense""}, {""annee"": 2024, ""valeur"": 314000000.0, ""debut"": ""2024-01-01"", ""fin"": ""2024-12-31"", ""depot"": ""0002058873-26-000010"", ""source_url"": ""https://www.sec.gov/Archives/edgar/data/2058873/000205887326000010/0002058873-26-000010-index.htm"", ""perimetre_id"": ""0002058873:rd:ResearchAndDevelopmentExpense""}]",1.1474878444084278,comparable_sur_repli,
