date,Open,High,Low,Close,Adj Close,Volume,Dividends,Stock Splits,symbole
2009-08-06 00:00:00-04:00,1.649999976158142,1.690999984741211,1.555999994277954,1.6180000305175781,1.1355912685394287,241978000,0.0,0.0,AVGO
2009-08-07 00:00:00-04:00,1.6150000095367432,1.6759999990463257,1.6030000448226929,1.6430000066757202,1.1531376838684082,24543000,0.0,0.0,AVGO
2009-08-10 00:00:00-04:00,1.6629999876022339,1.6629999876022339,1.5609999895095825,1.597000002861023,1.120851993560791,24210000,0.0,0.0,AVGO
2009-08-11 00:00:00-04:00,1.5980000495910645,1.600000023841858,1.5499999523162842,1.5670000314712524,1.099797248840332,23054000,0.0,0.0,AVGO
2009-08-12 00:00:00-04:00,1.6150000095367432,1.6200000047683716,1.565999984741211,1.600000023841858,1.1229585409164429,14513000,0.0,0.0,AVGO
2009-08-13 00:00:00-04:00,1.600000023841858,1.6720000505447388,1.600000023841858,1.6549999713897705,1.1615593433380127,11506000,0.0,0.0,AVGO
2009-08-14 00:00:00-04:00,1.649999976158142,1.7000000476837158,1.625,1.659999966621399,1.1650691032409668,6378000,0.0,0.0,AVGO
2009-08-17 00:00:00-04:00,1.6269999742507935,1.6369999647140503,1.6200000047683716,1.621999979019165,1.1383988857269287,2544000,0.0,0.0,AVGO
2009-08-18 00:00:00-04:00,1.6480000019073486,1.7200000286102295,1.6349999904632568,1.7070000171661377,1.1980555057525635,14467000,0.0,0.0,AVGO
2009-08-19 00:00:00-04:00,1.684000015258789,1.7940000295639038,1.6799999475479126,1.7890000343322754,1.2556078433990479,20708000,0.0,0.0,AVGO
2009-08-20 00:00:00-04:00,1.7949999570846558,1.7949999570846558,1.7289999723434448,1.7760000228881836,1.2464836835861206,18821000,0.0,0.0,AVGO
2009-08-21 00:00:00-04:00,1.7790000438690186,1.7970000505447388,1.7580000162124634,1.781999945640564,1.2506945133209229,8636000,0.0,0.0,AVGO
2009-08-24 00:00:00-04:00,1.7519999742507935,1.784999966621399,1.7300000190734863,1.75,1.2282352447509766,10216000,0.0,0.0,AVGO
2009-08-25 00:00:00-04:00,1.7649999856948853,1.7899999618530273,1.7549999952316284,1.784999966621399,1.2528003454208374,5308000,0.0,0.0,AVGO
2009-08-26 00:00:00-04:00,1.7690000534057617,1.784999966621399,1.715000033378601,1.784999966621399,1.2528003454208374,7086000,0.0,0.0,AVGO
2009-08-27 00:00:00-04:00,1.784999966621399,1.8209999799728394,1.7549999952316284,1.815999984741211,1.2745574712753296,11611000,0.0,0.0,AVGO
2009-08-28 00:00:00-04:00,1.809999942779541,1.899999976158142,1.7999999523162842,1.847000002861023,1.2963148355484009,12950000,0.0,0.0,AVGO
2009-08-31 00:00:00-04:00,1.8350000381469727,1.840000033378601,1.781000018119812,1.8200000524520874,1.27736496925354,10048000,0.0,0.0,AVGO
2009-09-01 00:00:00-04:00,1.8250000476837158,1.843999981880188,1.694000005722046,1.784999966621399,1.2528003454208374,13835000,0.0,0.0,AVGO
2009-09-02 00:00:00-04:00,1.7760000228881836,1.8250000476837158,1.7480000257492065,1.7680000066757202,1.2408686876296997,12934000,0.0,0.0,AVGO
2009-09-03 00:00:00-04:00,1.7970000505447388,1.7970000505447388,1.7000000476837158,1.7450000047683716,1.2247262001037598,36577000,0.0,0.0,AVGO
2009-09-04 00:00:00-04:00,1.774999976158142,1.7999999523162842,1.7489999532699585,1.7760000228881836,1.2464836835861206,11586000,0.0,0.0,AVGO
2009-09-08 00:00:00-04:00,1.7760000228881836,1.7929999828338623,1.7450000047683716,1.7699999809265137,1.2422722578048706,5749000,0.0,0.0,AVGO
2009-09-09 00:00:00-04:00,1.784999966621399,1.784999966621399,1.722000002861023,1.7259999513626099,1.2113910913467407,5512000,0.0,0.0,AVGO
2009-09-10 00:00:00-04:00,1.7009999752044678,1.746000051498413,1.6950000524520874,1.7050000429153442,1.1966522932052612,4152000,0.0,0.0,AVGO
2009-09-11 00:00:00-04:00,1.7000000476837158,1.7330000400543213,1.6540000438690186,1.687999963760376,1.1847208738327026,6203000,0.0,0.0,AVGO
2009-09-14 00:00:00-04:00,1.6640000343322754,1.690000057220459,1.63100004196167,1.6649999618530273,1.1685782670974731,16145000,0.0,0.0,AVGO
2009-09-15 00:00:00-04:00,1.725000023841858,1.7350000143051147,1.6629999876022339,1.718000054359436,1.2057758569717407,19869000,0.0,0.0,AVGO
2009-09-16 00:00:00-04:00,1.7400000095367432,1.774999976158142,1.7109999656677246,1.7580000162124634,1.2338496446609497,20211000,0.0,0.0,AVGO
2009-09-17 00:00:00-04:00,1.7660000324249268,1.7899999618530273,1.652999997138977,1.6640000343322754,1.1678764820098877,14464000,0.0,0.0,AVGO
2009-09-18 00:00:00-04:00,1.656999945640564,1.7020000219345093,1.6180000305175781,1.6200000047683716,1.1369949579238892,8999000,0.0,0.0,AVGO
2009-09-21 00:00:00-04:00,1.628000020980835,1.6629999876022339,1.5870000123977661,1.6610000133514404,1.165771245956421,5530000,0.0,0.0,AVGO
2009-09-22 00:00:00-04:00,1.6959999799728394,1.7369999885559082,1.6820000410079956,1.725000023841858,1.2106890678405762,11141000,0.0,0.0,AVGO
2009-09-23 00:00:00-04:00,1.7619999647140503,1.7790000438690186,1.7300000190734863,1.7400000095367432,1.2212170362472534,5303000,0.0,0.0,AVGO
2009-09-24 00:00:00-04:00,1.7330000400543213,1.784999966621399,1.6749999523162842,1.7489999532699585,1.2275336980819702,7788000,0.0,0.0,AVGO
2009-09-25 00:00:00-04:00,1.7480000257492065,1.7480000257492065,1.7100000381469727,1.7130000591278076,1.202267050743103,4685000,0.0,0.0,AVGO
2009-09-28 00:00:00-04:00,1.7319999933242798,1.784999966621399,1.7029999494552612,1.7649999856948853,1.2387627363204956,2336000,0.0,0.0,AVGO
2009-09-29 00:00:00-04:00,1.7549999952316284,1.784000039100647,1.6950000524520874,1.7029999494552612,1.195248007774353,3567000,0.0,0.0,AVGO
2009-09-30 00:00:00-04:00,1.7000000476837158,1.7330000400543213,1.6959999799728394,1.7070000171661377,1.1980555057525635,5126000,0.0,0.0,AVGO
2009-10-01 00:00:00-04:00,1.7000000476837158,1.7089999914169312,1.621000051498413,1.63100004196167,1.144715666770935,6605000,0.0,0.0,AVGO
2009-10-02 00:00:00-04:00,1.6200000047683716,1.6360000371932983,1.590000033378601,1.6089999675750732,1.1292749643325806,6296000,0.0,0.0,AVGO
2009-10-05 00:00:00-04:00,1.6100000143051147,1.652999997138977,1.600000023841858,1.6490000486373901,1.1573487520217896,1889000,0.0,0.0,AVGO
2009-10-06 00:00:00-04:00,1.6740000247955322,1.7200000286102295,1.6440000534057617,1.6469999551773071,1.1559449434280396,4694000,0.0,0.0,AVGO
2009-10-07 00:00:00-04:00,1.656999945640564,1.6610000133514404,1.5920000076293945,1.6130000352859497,1.1320821046829224,2917000,0.0,0.0,AVGO
2009-10-08 00:00:00-04:00,1.6109999418258667,1.6180000305175781,1.593999981880188,1.6009999513626099,1.1236598491668701,5573000,0.0,0.0,AVGO
2009-10-09 00:00:00-04:00,1.5980000495910645,1.6449999809265137,1.593999981880188,1.625,1.140504240989685,8705000,0.0,0.0,AVGO
2009-10-12 00:00:00-04:00,1.621999979019165,1.6449999809265137,1.6039999723434448,1.6339999437332153,1.1468210220336914,12888000,0.0,0.0,AVGO
2009-10-13 00:00:00-04:00,1.61899995803833,1.6670000553131104,1.6150000095367432,1.652999997138977,1.1601558923721313,5573000,0.0,0.0,AVGO
2009-10-14 00:00:00-04:00,1.684000015258789,1.7000000476837158,1.6540000438690186,1.6859999895095825,1.183316946029663,6955000,0.0,0.0,AVGO
2009-10-15 00:00:00-04:00,1.7400000095367432,1.7949999570846558,1.7100000381469727,1.715999960899353,1.2043726444244385,20920000,0.0,0.0,AVGO
2009-10-16 00:00:00-04:00,1.7230000495910645,1.7230000495910645,1.621000051498413,1.6430000066757202,1.1531376838684082,12638000,0.0,0.0,AVGO
2009-10-19 00:00:00-04:00,1.6460000276565552,1.6640000343322754,1.6059999465942383,1.6239999532699585,1.1398018598556519,21429000,0.0,0.0,AVGO
2009-10-20 00:00:00-04:00,1.6339999437332153,1.6729999780654907,1.6269999742507935,1.652999997138977,1.1601558923721313,4890000,0.0,0.0,AVGO
2009-10-21 00:00:00-04:00,1.6369999647140503,1.690999984741211,1.6109999418258667,1.6490000486373901,1.1573487520217896,2338000,0.0,0.0,AVGO
2009-10-22 00:00:00-04:00,1.6330000162124634,1.6330000162124634,1.5609999895095825,1.628000020980835,1.1426100730895996,9834000,0.0,0.0,AVGO
2009-10-23 00:00:00-04:00,1.6130000352859497,1.6410000324249268,1.5920000076293945,1.6050000190734863,1.1264673471450806,11341000,0.0,0.0,AVGO
2009-10-26 00:00:00-04:00,1.590999960899353,1.6119999885559082,1.5809999704360962,1.5839999914169312,1.1117286682128906,1624000,0.0,0.0,AVGO
2009-10-27 00:00:00-04:00,1.5950000286102295,1.5989999771118164,1.5260000228881836,1.5449999570846558,1.084356427192688,3288000,0.0,0.0,AVGO
2009-10-28 00:00:00-04:00,1.5499999523162842,1.5499999523162842,1.4889999628067017,1.4930000305175781,1.0478599071502686,6220000,0.0,0.0,AVGO
2009-10-29 00:00:00-04:00,1.4950000047683716,1.5199999809265137,1.472000002861023,1.503999948501587,1.0555802583694458,11833000,0.0,0.0,AVGO
2009-10-30 00:00:00-04:00,1.5099999904632568,1.5190000534057617,1.4869999885559082,1.5,1.0527729988098145,2781000,0.0,0.0,AVGO
2009-11-02 00:00:00-05:00,1.5099999904632568,1.5099999904632568,1.472000002861023,1.4869999885559082,1.043649435043335,2766000,0.0,0.0,AVGO
2009-11-03 00:00:00-05:00,1.468000054359436,1.4819999933242798,1.444000005722046,1.4490000009536743,1.0169786214828491,3637000,0.0,0.0,AVGO
2009-11-04 00:00:00-05:00,1.4600000381469727,1.524999976158142,1.4329999685287476,1.4780000448226929,1.037332534790039,8053000,0.0,0.0,AVGO
2009-11-05 00:00:00-05:00,1.5019999742507935,1.5740000009536743,1.4850000143051147,1.531999945640564,1.0752322673797607,2741000,0.0,0.0,AVGO
2009-11-06 00:00:00-05:00,1.531999945640564,1.569000005722046,1.4869999885559082,1.5290000438690186,1.0731269121170044,2575000,0.0,0.0,AVGO
2009-11-09 00:00:00-05:00,1.5260000228881836,1.5740000009536743,1.5089999437332153,1.565999984741211,1.0990949869155884,2529000,0.0,0.0,AVGO
2009-11-10 00:00:00-05:00,1.569000005722046,1.569000005722046,1.5180000066757202,1.5449999570846558,1.084356427192688,1468000,0.0,0.0,AVGO
2009-11-11 00:00:00-05:00,1.5529999732971191,1.5529999732971191,1.5119999647140503,1.5360000133514404,1.078039288520813,1535000,0.0,0.0,AVGO
2009-11-12 00:00:00-05:00,1.5399999618530273,1.5950000286102295,1.5399999618530273,1.559999942779541,1.0948841571807861,1300000,0.0,0.0,AVGO
2009-11-13 00:00:00-05:00,1.5609999895095825,1.5750000476837158,1.5410000085830688,1.5579999685287476,1.0934799909591675,621000,0.0,0.0,AVGO
2009-11-16 00:00:00-05:00,1.562999963760376,1.621000051498413,1.5529999732971191,1.6009999513626099,1.1236598491668701,1556000,0.0,0.0,AVGO
2009-11-17 00:00:00-05:00,1.5829999446868896,1.61899995803833,1.5579999685287476,1.6069999933242798,1.1278711557388306,985000,0.0,0.0,AVGO
2009-11-18 00:00:00-05:00,1.6150000095367432,1.6150000095367432,1.5809999704360962,1.6030000448226929,1.125063419342041,1155000,0.0,0.0,AVGO
2009-11-19 00:00:00-05:00,1.5839999914169312,1.5889999866485596,1.524999976158142,1.5570000410079956,1.0927786827087402,1166000,0.0,0.0,AVGO
2009-11-20 00:00:00-05:00,1.555999994277954,1.565000057220459,1.531000018119812,1.5440000295639038,1.083654761314392,4237000,0.0,0.0,AVGO
2009-11-23 00:00:00-05:00,1.5540000200271606,1.5609999895095825,1.5149999856948853,1.5190000534057617,1.0661085844039917,4653000,0.0,0.0,AVGO
2009-11-24 00:00:00-05:00,1.5099999904632568,1.5329999923706055,1.5010000467300415,1.5260000228881836,1.071021318435669,5228000,0.0,0.0,AVGO
2009-11-25 00:00:00-05:00,1.5379999876022339,1.5980000495910645,1.5360000133514404,1.5499999523162842,1.0878654718399048,1353000,0.0,0.0,AVGO
2009-11-27 00:00:00-05:00,1.5130000114440918,1.5880000591278076,1.50600004196167,1.5859999656677246,1.113132119178772,616000,0.0,0.0,AVGO
2009-11-30 00:00:00-05:00,1.5870000123977661,1.5989999771118164,1.524999976158142,1.5859999656677246,1.113132119178772,2765000,0.0,0.0,AVGO
2009-12-01 00:00:00-05:00,1.590000033378601,1.6339999437332153,1.590000033378601,1.5959999561309814,1.1201509237289429,4178000,0.0,0.0,AVGO
2009-12-02 00:00:00-05:00,1.6030000448226929,1.6109999418258667,1.5379999876022339,1.5609999895095825,1.0955862998962402,8465000,0.0,0.0,AVGO
2009-12-03 00:00:00-05:00,1.5579999685287476,1.593999981880188,1.5579999685287476,1.593000054359436,1.1180452108383179,5079000,0.0,0.0,AVGO
2009-12-04 00:00:00-05:00,1.6399999856948853,1.6710000038146973,1.559999942779541,1.6519999504089355,1.1594535112380981,9468000,0.0,0.0,AVGO
2009-12-07 00:00:00-05:00,1.649999976158142,1.6929999589920044,1.649999976158142,1.687000036239624,1.1840187311172485,3084000,0.0,0.0,AVGO
2009-12-08 00:00:00-05:00,1.6610000133514404,1.6970000267028809,1.6549999713897705,1.6749999523162842,1.1755965948104858,2495000,0.0,0.0,AVGO
2009-12-09 00:00:00-05:00,1.6610000133514404,1.680999994277954,1.6339999437332153,1.680999994277954,1.1798077821731567,967000,0.0,0.0,AVGO
2009-12-10 00:00:00-05:00,1.6799999475479126,1.6990000009536743,1.6749999523162842,1.6770000457763672,1.1770007610321045,2555000,0.0,0.0,AVGO
2009-12-11 00:00:00-05:00,1.6690000295639038,1.6699999570846558,1.6460000276565552,1.6579999923706055,1.1636652946472168,774000,0.0,0.0,AVGO
2009-12-14 00:00:00-05:00,1.6740000247955322,1.690000057220459,1.6690000295639038,1.684999942779541,1.1826152801513672,2248000,0.0,0.0,AVGO
2009-12-15 00:00:00-05:00,1.684999942779541,1.690000057220459,1.6710000038146973,1.6740000247955322,1.17489492893219,1404000,0.0,0.0,AVGO
2009-12-16 00:00:00-05:00,1.687999963760376,1.7130000591278076,1.6740000247955322,1.7000000476837158,1.1931425333023071,3157000,0.0,0.0,AVGO
2009-12-17 00:00:00-05:00,1.690999984741211,1.6979999542236328,1.6139999628067017,1.63100004196167,1.144715666770935,1490000,0.0,0.0,AVGO
2009-12-18 00:00:00-05:00,1.6299999952316284,1.6799999475479126,1.6230000257492065,1.6390000581741333,1.1503299474716187,4178000,0.0,0.0,AVGO
2009-12-21 00:00:00-05:00,1.6790000200271606,1.684999942779541,1.6360000371932983,1.6490000486373901,1.1573487520217896,1443000,0.0,0.0,AVGO
2009-12-22 00:00:00-05:00,1.649999976158142,1.6729999780654907,1.6230000257492065,1.6729999780654907,1.1741927862167358,3127000,0.0,0.0,AVGO
2009-12-23 00:00:00-05:00,1.6749999523162842,1.684000015258789,1.6649999618530273,1.6779999732971191,1.17770254611969,2235000,0.0,0.0,AVGO
2009-12-24 00:00:00-05:00,1.6720000505447388,1.7000000476837158,1.6720000505447388,1.6779999732971191,1.17770254611969,308000,0.0,0.0,AVGO
2009-12-28 00:00:00-05:00,1.6749999523162842,1.7799999713897705,1.6749999523162842,1.7380000352859497,1.2198131084442139,7954000,0.0,0.0,AVGO
2009-12-29 00:00:00-05:00,1.7519999742507935,1.7680000066757202,1.7400000095367432,1.753000020980835,1.2303411960601807,2276000,0.0,0.0,AVGO
2009-12-30 00:00:00-05:00,1.7309999465942383,1.777999997138977,1.7309999465942383,1.7690000534057617,1.2415708303451538,3025000,0.0,0.0,AVGO
2009-12-31 00:00:00-05:00,1.7610000371932983,1.8289999961853027,1.7610000371932983,1.8289999961853027,1.2836815118789673,5558000,0.0,0.0,AVGO
2010-01-04 00:00:00-05:00,1.8300000429153442,1.8899999856948853,1.8009999990463257,1.8860000371932983,1.3236873149871826,5387000,0.0,0.0,AVGO
2010-01-05 00:00:00-05:00,1.8949999809265137,1.9240000247955322,1.809999942779541,1.899999976158142,1.333512783050537,3011000,0.0,0.0,AVGO
2010-01-06 00:00:00-05:00,1.8949999809265137,1.9299999475479126,1.8589999675750732,1.9149999618530273,1.3440406322479248,5331000,0.0,0.0,AVGO
2010-01-07 00:00:00-05:00,1.9040000438690186,1.9170000553131104,1.8650000095367432,1.902999997138977,1.335618019104004,2718000,0.0,0.0,AVGO
2010-01-08 00:00:00-05:00,1.8899999856948853,1.9299999475479126,1.8849999904632568,1.9170000553131104,1.345443844795227,2899000,0.0,0.0,AVGO
2010-01-11 00:00:00-05:00,1.9199999570846558,1.9550000429153442,1.902999997138977,1.9290000200271606,1.353866457939148,5127000,0.0,0.0,AVGO
2010-01-12 00:00:00-05:00,1.9140000343322754,1.9140000343322754,1.8739999532699585,1.899999976158142,1.333512783050537,9167000,0.0,0.0,AVGO
2010-01-13 00:00:00-05:00,1.8960000276565552,1.8960000276565552,1.8250000476837158,1.8420000076293945,1.2928051948547363,9439000,0.0,0.0,AVGO
2010-01-14 00:00:00-05:00,1.8480000495910645,1.8869999647140503,1.815000057220459,1.843000054359436,1.2935070991516113,10654000,0.0,0.0,AVGO
2010-01-15 00:00:00-05:00,1.8559999465942383,1.8559999465942383,1.815000057220459,1.8240000009536743,1.2801721096038818,1587000,0.0,0.0,AVGO
2010-01-19 00:00:00-05:00,1.7899999618530273,1.815000057220459,1.7300000190734863,1.781000018119812,1.2499924898147583,3813000,0.0,0.0,AVGO
2010-01-20 00:00:00-05:00,1.7710000276565552,1.8009999990463257,1.74399995803833,1.7960000038146973,1.2605204582214355,1938000,0.0,0.0,AVGO
2010-01-21 00:00:00-05:00,1.7869999408721924,1.8489999771118164,1.7790000438690186,1.7990000247955322,1.262625813484192,3386000,0.0,0.0,AVGO
2010-01-22 00:00:00-05:00,1.7879999876022339,1.805999994277954,1.7380000352859497,1.75600004196167,1.2324466705322266,9235000,0.0,0.0,AVGO
2010-01-25 00:00:00-05:00,1.7669999599456787,1.7799999713897705,1.746000051498413,1.7649999856948853,1.2387627363204956,2614000,0.0,0.0,AVGO
2010-01-26 00:00:00-05:00,1.7029999494552612,1.7999999523162842,1.684000015258789,1.7760000228881836,1.2464836835861206,7654000,0.0,0.0,AVGO
2010-01-27 00:00:00-05:00,1.7640000581741333,1.7949999570846558,1.725000023841858,1.7410000562667847,1.2219189405441284,6963000,0.0,0.0,AVGO
2010-01-28 00:00:00-05:00,1.7549999952316284,1.7740000486373901,1.725000023841858,1.7719999551773071,1.2436761856079102,144576000,0.0,0.0,AVGO
2010-01-29 00:00:00-05:00,1.7719999551773071,1.7860000133514404,1.725000023841858,1.7380000352859497,1.2198131084442139,33570000,0.0,0.0,AVGO
2010-02-01 00:00:00-05:00,1.7380000352859497,1.7690000534057617,1.7289999723434448,1.75,1.2282352447509766,5095000,0.0,0.0,AVGO
2010-02-02 00:00:00-05:00,1.7510000467300415,1.7799999713897705,1.7350000143051147,1.7699999809265137,1.2422722578048706,17729000,0.0,0.0,AVGO
2010-02-03 00:00:00-05:00,1.753999948501587,1.7690000534057617,1.7480000257492065,1.7619999647140503,1.2366578578948975,12857000,0.0,0.0,AVGO
2010-02-04 00:00:00-05:00,1.7380000352859497,1.7580000162124634,1.7059999704360962,1.722000002861023,1.2085833549499512,13767000,0.0,0.0,AVGO
2010-02-05 00:00:00-05:00,1.725000023841858,1.7319999933242798,1.659999966621399,1.7200000286102295,1.2071799039840698,5387000,0.0,0.0,AVGO
2010-02-08 00:00:00-05:00,1.7079999446868896,1.7289999723434448,1.687000036239624,1.7009999752044678,1.1938445568084717,4983000,0.0,0.0,AVGO
2010-02-09 00:00:00-05:00,1.7039999961853027,1.7380000352859497,1.6820000410079956,1.6990000009536743,1.1924412250518799,1896000,0.0,0.0,AVGO
2010-02-10 00:00:00-05:00,1.6859999895095825,1.694000005722046,1.6510000228881836,1.6799999475479126,1.1791059970855713,5780000,0.0,0.0,AVGO
2010-02-11 00:00:00-05:00,1.6759999990463257,1.725000023841858,1.649999976158142,1.7130000591278076,1.202267050743103,3700000,0.0,0.0,AVGO
2010-02-12 00:00:00-05:00,1.6979999542236328,1.7389999628067017,1.6790000200271606,1.7359999418258667,1.2184091806411743,1632000,0.0,0.0,AVGO
2010-02-16 00:00:00-05:00,1.7400000095367432,1.7510000467300415,1.7269999980926514,1.7480000257492065,1.226831078529358,4227000,0.0,0.0,AVGO
2010-02-17 00:00:00-05:00,1.7599999904632568,1.7599999904632568,1.7170000076293945,1.7410000562667847,1.2219189405441284,5077000,0.0,0.0,AVGO
2010-02-18 00:00:00-05:00,1.746999979019165,1.75,1.7300000190734863,1.7450000047683716,1.2247262001037598,4619000,0.0,0.0,AVGO
2010-02-19 00:00:00-05:00,1.75,1.7619999647140503,1.7359999418258667,1.753000020980835,1.2303411960601807,3746000,0.0,0.0,AVGO
2010-02-22 00:00:00-05:00,1.75,1.7589999437332153,1.7230000495910645,1.7350000143051147,1.2177072763442993,8465000,0.0,0.0,AVGO
2010-02-23 00:00:00-05:00,1.7350000143051147,1.7489999532699585,1.7130000591278076,1.7380000352859497,1.2198131084442139,18202000,0.0,0.0,AVGO
2010-02-24 00:00:00-05:00,1.75,1.7869999408721924,1.7410000562667847,1.7740000486373901,1.2450798749923706,8523000,0.0,0.0,AVGO
2010-02-25 00:00:00-05:00,1.7999999523162842,1.8389999866485596,1.7690000534057617,1.809000015258789,1.269644021987915,23197000,0.0,0.0,AVGO
2010-02-26 00:00:00-05:00,1.8049999475479126,1.819000005722046,1.7960000038146973,1.815000057220459,1.2738558053970337,2807000,0.0,0.0,AVGO
2010-03-01 00:00:00-05:00,1.8700000047683716,1.8799999952316284,1.812000036239624,1.8300000429153442,1.2843831777572632,8722000,0.0,0.0,AVGO
2010-03-02 00:00:00-05:00,1.819000005722046,1.8739999532699585,1.819000005722046,1.871999979019165,1.3138611316680908,9810000,0.0,0.0,AVGO
2010-03-03 00:00:00-05:00,1.875,1.99399995803833,1.875,1.8910000324249268,1.3271960020065308,10634000,0.0,0.0,AVGO
2010-03-04 00:00:00-05:00,1.9010000228881836,1.9240000247955322,1.850000023841858,1.906000018119812,1.3377238512039185,3966000,0.0,0.0,AVGO
2010-03-05 00:00:00-05:00,1.9049999713897705,1.965999960899353,1.9049999713897705,1.9359999895095825,1.3587791919708252,3767000,0.0,0.0,AVGO
2010-03-08 00:00:00-05:00,1.9479999542236328,1.9520000219345093,1.909000039100647,1.930999994277954,1.3552699089050293,2220000,0.0,0.0,AVGO
2010-03-09 00:00:00-05:00,1.944000005722046,2.0,1.9149999618530273,1.934999942779541,1.358077049255371,9227000,0.0,0.0,AVGO
2010-03-10 00:00:00-05:00,1.9459999799728394,1.9980000257492065,1.9359999895095825,1.9739999771118164,1.3854495286941528,5449000,0.0,0.0,AVGO
2010-03-11 00:00:00-05:00,1.9789999723434448,1.996999979019165,1.9789999723434448,1.9859999418258667,1.3938719034194946,3947000,0.0,0.0,AVGO
2010-03-12 00:00:00-05:00,1.9900000095367432,2.0,1.944000005722046,1.965000033378601,1.3791325092315674,4984000,0.0,0.0,AVGO
2010-03-15 00:00:00-04:00,1.9559999704360962,1.9559999704360962,1.902999997138977,1.9420000314712524,1.3629904985427856,1792000,0.0,0.0,AVGO
2010-03-16 00:00:00-04:00,1.9420000314712524,1.968000054359436,1.9160000085830688,1.9500000476837158,1.3686050176620483,1623000,0.0,0.0,AVGO
2010-03-17 00:00:00-04:00,1.9589999914169312,1.9989999532699585,1.9559999704360962,1.9889999628067017,1.39597749710083,3094000,0.0,0.0,AVGO
2010-03-18 00:00:00-04:00,1.99399995803833,2.0,1.9479999542236328,1.9980000257492065,1.4022938013076782,2112000,0.0,0.0,AVGO
2010-03-19 00:00:00-04:00,2.010999917984009,2.0280001163482666,1.968999981880188,2.010999917984009,1.4114179611206055,6365000,0.0,0.0,AVGO
2010-03-22 00:00:00-04:00,1.9869999885559082,2.015000104904175,1.9700000286102295,1.99399995803833,1.399486780166626,4734000,0.0,0.0,AVGO
2010-03-23 00:00:00-04:00,1.9980000257492065,2.0299999713897705,1.9950000047683716,2.0220000743865967,1.4191384315490723,2819000,0.0,0.0,AVGO
2010-03-24 00:00:00-04:00,2.0199999809265137,2.0199999809265137,1.9570000171661377,1.9620000123977661,1.3770275115966797,1535000,0.0,0.0,AVGO
2010-03-25 00:00:00-04:00,1.975000023841858,1.975000023841858,1.930999994277954,1.965000033378601,1.3791325092315674,5835000,0.0,0.0,AVGO
2010-03-26 00:00:00-04:00,1.965999960899353,2.0199999809265137,1.965999960899353,1.9910000562667847,1.3973809480667114,5250000,0.0,0.0,AVGO
2010-03-29 00:00:00-04:00,2.009000062942505,2.0399999618530273,1.99399995803833,2.0220000743865967,1.4191384315490723,2961000,0.0,0.0,AVGO
2010-03-30 00:00:00-04:00,2.0280001163482666,2.0510001182556152,1.996000051498413,2.0380001068115234,1.4303675889968872,3539000,0.0,0.0,AVGO
2010-03-31 00:00:00-04:00,2.0390000343322754,2.068000078201294,2.0169999599456787,2.055999994277954,1.443000078201294,6620000,0.0,0.0,AVGO
2010-04-01 00:00:00-04:00,2.069000005722046,2.0799999237060547,2.009000062942505,2.049999952316284,1.43878972530365,3246000,0.0,0.0,AVGO
2010-04-05 00:00:00-04:00,2.069000005722046,2.069999933242798,1.9789999723434448,2.0260000228881836,1.421945333480835,6120000,0.0,0.0,AVGO
2010-04-06 00:00:00-04:00,2.005000114440918,2.0829999446868896,2.0,2.068000078201294,1.451423168182373,2358000,0.0,0.0,AVGO
2010-04-07 00:00:00-04:00,2.058000087738037,2.0739998817443848,2.0399999618530273,2.0480000972747803,1.4373860359191895,1446000,0.0,0.0,AVGO
2010-04-08 00:00:00-04:00,2.0480000972747803,2.0480000972747803,2.007999897003174,2.009999990463257,1.4107158184051514,1402000,0.0,0.0,AVGO
2010-04-09 00:00:00-04:00,2.009999990463257,2.0139999389648438,1.9830000400543213,2.000999927520752,1.4043991565704346,1983000,0.0,0.0,AVGO
2010-04-12 00:00:00-04:00,1.9919999837875366,2.015000104904175,1.9670000076293945,2.002000093460083,1.4051012992858887,2867000,0.0,0.0,AVGO
2010-04-13 00:00:00-04:00,1.9859999418258667,2.0239999294281006,1.975000023841858,2.015000104904175,1.414225459098816,2367000,0.0,0.0,AVGO
2010-04-14 00:00:00-04:00,2.062999963760376,2.1559998989105225,2.049999952316284,2.1549999713897705,1.512484073638916,4783000,0.0,0.0,AVGO
2010-04-15 00:00:00-04:00,2.1600000858306885,2.200000047683716,2.1600000858306885,2.196000099182129,1.5412598848342896,6148000,0.0,0.0,AVGO
2010-04-16 00:00:00-04:00,2.197000026702881,2.197999954223633,2.1670000553131104,2.187999963760376,1.5356448888778687,3439000,0.0,0.0,AVGO
2010-04-19 00:00:00-04:00,2.1679999828338623,2.2039999961853027,2.130000114440918,2.190000057220459,1.53704833984375,4867000,0.0,0.0,AVGO
2010-04-20 00:00:00-04:00,2.246999979019165,2.2880001068115234,2.2179999351501465,2.236999988555908,1.5700355768203735,8506000,0.0,0.0,AVGO
2010-04-21 00:00:00-04:00,2.25,2.2829999923706055,2.1459999084472656,2.184000015258789,1.5328376293182373,5402000,0.0,0.0,AVGO
2010-04-22 00:00:00-04:00,2.184000015258789,2.186000108718872,2.0969998836517334,2.1530001163482666,1.5110805034637451,6441000,0.0,0.0,AVGO
2010-04-23 00:00:00-04:00,2.1429998874664307,2.1619999408721924,2.1080000400543213,2.1489999294281006,1.5082732439041138,1886000,0.0,0.0,AVGO
2010-04-26 00:00:00-04:00,2.134999990463257,2.203000068664551,2.130000114440918,2.178999900817871,1.52932870388031,2550000,0.0,0.0,AVGO
2010-04-27 00:00:00-04:00,2.186000108718872,2.186000108718872,2.0820000171661377,2.0999999046325684,1.4738820791244507,2506000,0.0,0.0,AVGO
2010-04-28 00:00:00-04:00,2.118000030517578,2.128999948501587,2.068000078201294,2.1010000705718994,1.4745842218399048,3139000,0.0,0.0,AVGO
2010-04-29 00:00:00-04:00,2.132999897003174,2.180000066757202,2.132999897003174,2.140000104904175,1.5019567012786865,3185000,0.0,0.0,AVGO
2010-04-30 00:00:00-04:00,2.1570000648498535,2.1689999103546143,2.0490000247955322,2.0510001182556152,1.439492106437683,3603000,0.0,0.0,AVGO
2010-05-03 00:00:00-04:00,2.065000057220459,2.1470000743865967,2.0390000343322754,2.111999988555908,1.4823040962219238,4239000,0.0,0.0,AVGO
2010-05-04 00:00:00-04:00,2.0969998836517334,2.0969998836517334,1.9919999837875366,2.005000114440918,1.407206654548645,5540000,0.0,0.0,AVGO
2010-05-05 00:00:00-04:00,1.99399995803833,2.00600004196167,1.9199999570846558,1.9589999914169312,1.3749221563339233,6266000,0.0,0.0,AVGO
2010-05-06 00:00:00-04:00,1.9570000171661377,1.9579999446868896,1.8550000190734863,1.9199999570846558,1.347549319267273,9155000,0.0,0.0,AVGO
2010-05-07 00:00:00-04:00,1.9240000247955322,1.9500000476837158,1.8380000591278076,1.9290000200271606,1.353866457939148,6025000,0.0,0.0,AVGO
2010-05-10 00:00:00-04:00,2.0,2.0910000801086426,2.0,2.0739998817443848,1.455634355545044,8944000,0.0,0.0,AVGO
2010-05-11 00:00:00-04:00,2.0329999923706055,2.0799999237060547,2.0169999599456787,2.065999984741211,1.4500197172164917,2174000,0.0,0.0,AVGO
2010-05-12 00:00:00-04:00,2.055999994277954,2.0920000076293945,2.049999952316284,2.072000026702881,1.454230546951294,3533000,0.0,0.0,AVGO
2010-05-13 00:00:00-04:00,2.0829999446868896,2.0829999446868896,2.0320000648498535,2.0460000038146973,1.435982584953308,2919000,0.0,0.0,AVGO
2010-05-14 00:00:00-04:00,2.0409998893737793,2.0490000247955322,1.972000002861023,2.0230000019073486,1.4198397397994995,5049000,0.0,0.0,AVGO
2010-05-17 00:00:00-04:00,2.0250000953674316,2.052000045776367,1.9919999837875366,2.052000045776367,1.4401934146881104,2929000,0.0,0.0,AVGO
2010-05-18 00:00:00-04:00,2.059999942779541,2.0880000591278076,1.99399995803833,2.007999897003174,1.409312129020691,3384000,0.0,0.0,AVGO
2010-05-19 00:00:00-04:00,1.9839999675750732,2.0280001163482666,1.8930000066757202,2.002000093460083,1.4051012992858887,5790000,0.0,0.0,AVGO
2010-05-20 00:00:00-04:00,1.9769999980926514,2.0299999713897705,1.944000005722046,2.009999990463257,1.4107158184051514,11123000,0.0,0.0,AVGO
2010-05-21 00:00:00-04:00,1.9900000095367432,2.0250000953674316,1.9539999961853027,1.9809999465942383,1.3903627395629883,8233000,0.0,0.0,AVGO
2010-05-24 00:00:00-04:00,1.975000023841858,2.0,1.930999994277954,1.9390000104904175,1.360884666442871,4802000,0.0,0.0,AVGO
2010-05-25 00:00:00-04:00,1.899999976158142,1.934000015258789,1.8519999980926514,1.9229999780654907,1.349655270576477,6804000,0.0,0.0,AVGO
2010-05-26 00:00:00-04:00,1.9559999704360962,2.0420000553131104,1.9479999542236328,2.002000093460083,1.4051012992858887,9462000,0.0,0.0,AVGO
2010-05-27 00:00:00-04:00,2.0369999408721924,2.1549999713897705,2.0290000438690186,2.134000062942505,1.4977456331253052,10657000,0.0,0.0,AVGO
2010-05-28 00:00:00-04:00,2.1429998874664307,2.1489999294281006,2.0299999713897705,2.065000057220459,1.4493180513381958,7955000,0.0,0.0,AVGO
2010-06-01 00:00:00-04:00,2.065999984741211,2.0989999771118164,2.0339999198913574,2.0390000343322754,1.4310696125030518,4561000,0.0,0.0,AVGO
2010-06-02 00:00:00-04:00,2.0339999198913574,2.1110000610351562,2.0339999198913574,2.1110000610351562,1.481602430343628,8618000,0.0,0.0,AVGO
2010-06-03 00:00:00-04:00,2.1059999465942383,2.200000047683716,2.1059999465942383,2.1659998893737793,1.5202038288116455,6463000,0.0,0.0,AVGO
2010-06-04 00:00:00-04:00,2.140000104904175,2.1440000534057617,2.058000087738037,2.0810000896453857,1.4605472087860107,3157000,0.0,0.0,AVGO
2010-06-07 00:00:00-04:00,2.0880000591278076,2.109999895095825,2.055000066757202,2.0769999027252197,1.4577398300170898,7353000,0.0,0.0,AVGO
2010-06-08 00:00:00-04:00,2.0940001010894775,2.109999895095825,2.062000036239624,2.1089999675750732,1.4801990985870361,11924000,0.0,0.0,AVGO
2010-06-09 00:00:00-04:00,2.125,2.190000057220459,2.0959999561309814,2.1070001125335693,1.4787951707839966,8025000,0.0,0.0,AVGO
2010-06-10 00:00:00-04:00,2.1500000953674316,2.197000026702881,2.1489999294281006,2.180000066757202,1.5300304889678955,10099000,0.0,0.0,AVGO
2010-06-11 00:00:00-04:00,2.1500000953674316,2.197999954223633,2.1429998874664307,2.193000078201294,1.5391544103622437,7929000,0.0,0.0,AVGO
2010-06-14 00:00:00-04:00,2.2149999141693115,2.2160000801086426,2.13100004196167,2.1510000228881836,1.5096768140792847,13409000,0.0,0.0,AVGO
2010-06-15 00:00:00-04:00,2.174999952316284,2.2699999809265137,2.1570000648498535,2.2249999046325684,1.5616134405136108,12082000,0.0,0.0,AVGO
2010-06-16 00:00:00-04:00,2.2219998836517334,2.3489999771118164,2.2049999237060547,2.2880001068115234,1.6058299541473389,26923000,0.0,0.0,AVGO
2010-06-17 00:00:00-04:00,2.3289999961853027,2.36899995803833,2.302999973297119,2.3350000381469727,1.6388170719146729,20536000,0.0,0.0,AVGO
2010-06-18 00:00:00-04:00,2.3289999961853027,2.3529999256134033,2.2809998989105225,2.303999900817871,1.617059350013733,12720000,0.0,0.0,AVGO
2010-06-21 00:00:00-04:00,2.3389999866485596,2.3399999141693115,2.23799991607666,2.2990000247955322,1.6135503053665161,7111000,0.0,0.0,AVGO
2010-06-22 00:00:00-04:00,2.2890000343322754,2.303999900817871,2.2100000381469727,2.2260000705718994,1.5623153448104858,12008000,0.0,0.0,AVGO
2010-06-23 00:00:00-04:00,2.25,2.2699999809265137,2.1510000228881836,2.253999948501587,1.5819673538208008,11441000,0.0,0.0,AVGO
2010-06-24 00:00:00-04:00,2.265000104904175,2.2679998874664307,2.072999954223633,2.124000072479248,1.4907269477844238,17771000,0.0,0.0,AVGO
2010-06-25 00:00:00-04:00,2.1440000534057617,2.2070000171661377,2.11299991607666,2.1470000743865967,1.5068693161010742,95883000,0.0,0.0,AVGO
2010-06-28 00:00:00-04:00,2.1540000438690186,2.186000108718872,2.052000045776367,2.174999952316284,1.5265207290649414,9663000,0.0,0.0,AVGO
2010-06-29 00:00:00-04:00,2.128000020980835,2.128999948501587,2.0360000133514404,2.0969998836517334,1.4717772006988525,13274000,0.0,0.0,AVGO
2010-06-30 00:00:00-04:00,2.0889999866485596,2.13100004196167,2.066999912261963,2.1059999465942383,1.4780930280685425,13444000,0.0,0.0,AVGO
2010-07-01 00:00:00-04:00,2.131999969482422,2.1549999713897705,2.068000078201294,2.1410000324249268,1.5026586055755615,11503000,0.0,0.0,AVGO
2010-07-02 00:00:00-04:00,2.1480000019073486,2.1689999103546143,2.127000093460083,2.1570000648498535,1.5138877630233765,5534000,0.0,0.0,AVGO
2010-07-06 00:00:00-04:00,2.180999994277954,2.2209999561309814,2.075000047683716,2.0869998931884766,1.4647586345672607,10588000,0.0,0.0,AVGO
2010-07-07 00:00:00-04:00,2.075000047683716,2.1689999103546143,2.049999952316284,2.1670000553131104,1.5209064483642578,9493000,0.0,0.0,AVGO
2010-07-08 00:00:00-04:00,2.1760001182556152,2.200000047683716,2.134999990463257,2.178999900817871,1.52932870388031,2914000,0.0,0.0,AVGO
2010-07-09 00:00:00-04:00,2.1740000247955322,2.2009999752044678,2.1500000953674316,2.2009999752044678,1.544769287109375,3255000,0.0,0.0,AVGO
2010-07-12 00:00:00-04:00,2.184999942779541,2.23799991607666,2.1449999809265137,2.2100000381469727,1.5510860681533813,4995000,0.0,0.0,AVGO
2010-07-13 00:00:00-04:00,2.2309999465942383,2.25,2.2139999866485596,2.247999906539917,1.5777562856674194,6589000,0.0,0.0,AVGO
2010-07-14 00:00:00-04:00,2.25,2.2860000133514404,2.2219998836517334,2.2290000915527344,1.5644217729568481,5384000,0.0,0.0,AVGO
2010-07-15 00:00:00-04:00,2.2249999046325684,2.299999952316284,2.190999984741211,2.2909998893737793,1.6079353094100952,8355000,0.0,0.0,AVGO
2010-07-16 00:00:00-04:00,2.2690000534057617,2.2950000762939453,2.197999954223633,2.1989998817443848,1.543365716934204,6599000,0.0,0.0,AVGO
2010-07-19 00:00:00-04:00,2.2049999237060547,2.236999988555908,2.177999973297119,2.2269999980926514,1.5630168914794922,5262000,0.0,0.0,AVGO
2010-07-20 00:00:00-04:00,2.203000068664551,2.2090001106262207,2.1600000858306885,2.200000047683716,1.5440670251846313,7122000,0.0,0.0,AVGO
2010-07-21 00:00:00-04:00,2.2170000076293945,2.2360000610351562,2.171999931335449,2.177000045776367,1.5279250144958496,5036000,0.0,0.0,AVGO
2010-07-22 00:00:00-04:00,2.203000068664551,2.2939999103546143,2.188999891281128,2.2850000858306885,1.603724479675293,8397000,0.0,0.0,AVGO
2010-07-23 00:00:00-04:00,2.2899999618530273,2.312999963760376,2.25,2.2880001068115234,1.6058299541473389,6317000,0.0,0.0,AVGO
2010-07-26 00:00:00-04:00,2.2890000343322754,2.2950000762939453,2.190999984741211,2.2799999713897705,1.6002148389816284,6892000,0.0,0.0,AVGO
2010-07-27 00:00:00-04:00,2.2850000858306885,2.305999994277954,2.2230000495910645,2.242000102996826,1.5735446214675903,9720000,0.0,0.0,AVGO
2010-07-28 00:00:00-04:00,2.23799991607666,2.255000114440918,2.177000045776367,2.180000066757202,1.5300304889678955,3550000,0.0,0.0,AVGO
2010-07-29 00:00:00-04:00,2.190999984741211,2.1989998817443848,2.135999917984009,2.177000045776367,1.5279250144958496,5103000,0.0,0.0,AVGO
2010-07-30 00:00:00-04:00,2.1579999923706055,2.190999984741211,2.1089999675750732,2.1760001182556152,1.5272226333618164,2775000,0.0,0.0,AVGO
2010-08-02 00:00:00-04:00,2.197999954223633,2.2799999713897705,2.1600000858306885,2.183000087738037,1.5321358442306519,10105000,0.0,0.0,AVGO
2010-08-03 00:00:00-04:00,2.171999931335449,2.190000057220459,2.13700008392334,2.1600000858306885,1.515993356704712,4176000,0.0,0.0,AVGO
2010-08-04 00:00:00-04:00,2.1689999103546143,2.244999885559082,2.125,2.2339999675750732,1.5679304599761963,6168000,0.0,0.0,AVGO
2010-08-05 00:00:00-04:00,2.2109999656677246,2.2750000953674316,2.2109999656677246,2.2739999294281006,1.5960044860839844,4639000,0.0,0.0,AVGO
2010-08-06 00:00:00-04:00,2.25600004196167,2.2730000019073486,2.239000082015991,2.259000062942505,1.5854766368865967,2716000,0.0,0.0,AVGO
2010-08-09 00:00:00-04:00,2.2679998874664307,2.2929999828338623,2.247999906539917,2.2899999618530273,1.6072332859039307,2267000,0.0,0.0,AVGO
2010-08-10 00:00:00-04:00,2.257999897003174,2.2820000648498535,2.2200000286102295,2.2300000190734863,1.5651226043701172,3722000,0.0,0.0,AVGO
2010-08-11 00:00:00-04:00,2.053999900817871,2.075000047683716,1.9279999732971191,2.0230000019073486,1.4198397397994995,23300000,0.0,0.0,AVGO
2010-08-12 00:00:00-04:00,2.0450000762939453,2.0889999866485596,2.0199999809265137,2.0409998893737793,1.4324729442596436,18324000,0.0,0.0,AVGO
2010-08-13 00:00:00-04:00,2.0380001068115234,2.055000066757202,1.9950000047683716,1.9989999532699585,1.4029954671859741,39578000,0.0,0.0,AVGO
2010-08-16 00:00:00-04:00,1.9989999532699585,2.0299999713897705,1.9709999561309814,2.0269999504089355,1.4226471185684204,14858000,0.0,0.0,AVGO
2010-08-17 00:00:00-04:00,2.0390000343322754,2.071000099182129,2.0290000438690186,2.0369999408721924,1.42966628074646,7749000,0.0,0.0,AVGO
2010-08-18 00:00:00-04:00,2.0320000648498535,2.0820000171661377,2.009000062942505,2.075000047683716,1.4563360214233398,8339000,0.0,0.0,AVGO
2010-08-19 00:00:00-04:00,2.066999912261963,2.0850000381469727,2.0380001068115234,2.0510001182556152,1.439492106437683,5891000,0.0,0.0,AVGO
2010-08-20 00:00:00-04:00,2.0290000438690186,2.055000066757202,2.0290000438690186,2.0429999828338623,1.433876872062683,4158000,0.0,0.0,AVGO
2010-08-23 00:00:00-04:00,2.0439999103546143,2.056999921798706,2.0220000743865967,2.0399999618530273,1.4317715167999268,5772000,0.0,0.0,AVGO
2010-08-24 00:00:00-04:00,2.0,2.0480000972747803,1.9950000047683716,2.0239999294281006,1.4205423593521118,10926000,0.0,0.0,AVGO
2010-08-25 00:00:00-04:00,2.0250000953674316,2.0420000553131104,1.9709999561309814,2.0290000438690186,1.4240515232086182,11221000,0.0,0.0,AVGO
2010-08-26 00:00:00-04:00,2.052000045776367,2.1019999980926514,2.0260000228881836,2.059999942779541,1.4458085298538208,7769000,0.0,0.0,AVGO
2010-08-27 00:00:00-04:00,2.062000036239624,2.065000057220459,2.000999927520752,2.0309998989105225,1.4254544973373413,10518000,0.0,0.0,AVGO
2010-08-30 00:00:00-04:00,2.0209999084472656,2.0360000133514404,1.9930000305175781,2.0,1.4036977291107178,5904000,0.0,0.0,AVGO
2010-08-31 00:00:00-04:00,1.9800000190734863,2.0250000953674316,1.9700000286102295,2.015000104904175,1.414225459098816,6339000,0.0,0.0,AVGO
2010-09-01 00:00:00-04:00,2.0299999713897705,2.135999917984009,2.0160000324249268,2.0999999046325684,1.4738820791244507,11095000,0.0,0.0,AVGO
2010-09-02 00:00:00-04:00,2.121000051498413,2.124000072479248,2.0829999446868896,2.1050000190734863,1.4773921966552734,3047000,0.0,0.0,AVGO
2010-09-03 00:00:00-04:00,2.117000102996826,2.121000051498413,2.072999954223633,2.0980000495910645,1.4724791049957275,5240000,0.0,0.0,AVGO
2010-09-07 00:00:00-04:00,2.0789999961853027,2.0989999771118164,2.046999931335449,2.058000087738037,1.4444048404693604,4393000,0.0,0.0,AVGO
2010-09-08 00:00:00-04:00,2.055999994277954,2.069000005722046,1.9789999723434448,2.007999897003174,1.409312129020691,10604000,0.0,0.0,AVGO
2010-09-09 00:00:00-04:00,2.013000011444092,2.0299999713897705,1.9490000009536743,1.9670000076293945,1.3805367946624756,15500000,0.0,0.0,AVGO
2010-09-10 00:00:00-04:00,1.9539999961853027,1.965000033378601,1.840999960899353,1.8650000095367432,1.3089479207992554,25537000,0.0,0.0,AVGO
2010-09-13 00:00:00-04:00,1.8769999742507935,1.906999945640564,1.8760000467300415,1.8949999809265137,1.3300034999847412,11641000,0.0,0.0,AVGO
2010-09-14 00:00:00-04:00,1.8830000162124634,2.0179998874664307,1.8609999418258667,1.9900000095367432,1.3966788053512573,12115000,0.0,0.0,AVGO
2010-09-15 00:00:00-04:00,1.9800000190734863,2.010999917984009,1.8910000324249268,1.9110000133514404,1.3412328958511353,11064000,0.0,0.0,AVGO
2010-09-16 00:00:00-04:00,1.9010000228881836,1.965000033378601,1.899999976158142,1.9249999523162842,1.3510583639144897,8576000,0.0,0.0,AVGO
2010-09-17 00:00:00-04:00,1.940000057220459,2.0320000648498535,1.9299999475479126,2.003999948501587,1.4065052270889282,15408000,0.0,0.0,AVGO
2010-09-20 00:00:00-04:00,2.0139999389648438,2.0980000495910645,1.9789999723434448,2.062999963760376,1.4479140043258667,12498000,0.0,0.0,AVGO
2010-09-21 00:00:00-04:00,2.075000047683716,2.191999912261963,2.0429999828338623,2.0769999027252197,1.4577398300170898,9719000,0.0,0.0,AVGO
2010-09-22 00:00:00-04:00,2.0799999237060547,2.1449999809265137,2.069999933242798,2.0759999752044678,1.457038402557373,14238000,0.0,0.0,AVGO
2010-09-23 00:00:00-04:00,2.065000057220459,2.1649999618530273,2.0220000743865967,2.132999897003174,1.4970437288284302,10337000,0.0,0.0,AVGO
2010-09-24 00:00:00-04:00,2.138000011444092,2.177999973297119,2.131999969482422,2.1579999923706055,1.5145896673202515,7934000,0.0,0.0,AVGO
2010-09-27 00:00:00-04:00,2.197999954223633,2.2109999656677246,2.1730000972747803,2.194999933242798,1.5405579805374146,6663000,0.0,0.0,AVGO
2010-09-28 00:00:00-04:00,2.2100000381469727,2.242000102996826,2.180999994277954,2.2300000190734863,1.5651226043701172,6547000,0.0,0.0,AVGO
2010-09-29 00:00:00-04:00,2.2300000190734863,2.25,2.2119998931884766,2.2330000400543213,1.567228078842163,3880000,0.0,0.0,AVGO
2010-09-30 00:00:00-04:00,2.23799991607666,2.299999952316284,2.2339999675750732,2.250999927520752,1.5798614025115967,10464000,0.0,0.0,AVGO
2010-10-01 00:00:00-04:00,2.26200008392334,2.2660000324249268,2.234999895095825,2.263000011444092,1.5882840156555176,6330000,0.0,0.0,AVGO
2010-10-04 00:00:00-04:00,2.259999990463257,2.263000011444092,2.191999912261963,2.2309999465942383,1.5658248662948608,7856000,0.0,0.0,AVGO
2010-10-05 00:00:00-04:00,2.24399995803833,2.26200008392334,2.2249999046325684,2.244999885559082,1.5756497383117676,4099000,0.0,0.0,AVGO
2010-10-06 00:00:00-04:00,2.242000102996826,2.2690000534057617,2.184000015258789,2.2279999256134033,1.5637190341949463,10263000,0.0,0.0,AVGO
2010-10-07 00:00:00-04:00,2.2339999675750732,2.296999931335449,2.2260000705718994,2.2880001068115234,1.6058299541473389,8158000,0.0,0.0,AVGO
2010-10-08 00:00:00-04:00,2.265000104904175,2.2709999084472656,2.2049999237060547,2.2200000286102295,1.558104395866394,11144000,0.0,0.0,AVGO
2010-10-11 00:00:00-04:00,2.2260000705718994,2.246000051498413,2.2070000171661377,2.2339999675750732,1.5679304599761963,3876000,0.0,0.0,AVGO
2010-10-12 00:00:00-04:00,2.239000082015991,2.239000082015991,2.1740000247955322,2.2019999027252197,1.5454708337783813,8550000,0.0,0.0,AVGO
2010-10-13 00:00:00-04:00,2.2209999561309814,2.2239999771118164,2.1540000438690186,2.200000047683716,1.5440670251846313,9490000,0.0,0.0,AVGO
2010-10-14 00:00:00-04:00,2.203000068664551,2.25,2.178999900817871,2.242000102996826,1.5735446214675903,8488000,0.0,0.0,AVGO
2010-10-15 00:00:00-04:00,2.255000114440918,2.2720000743865967,2.190999984741211,2.2690000534057617,1.592495083808899,8650000,0.0,0.0,AVGO
2010-10-18 00:00:00-04:00,2.2760000228881836,2.2780001163482666,2.240999937057495,2.2739999294281006,1.5960044860839844,4626000,0.0,0.0,AVGO
2010-10-19 00:00:00-04:00,2.236999988555908,2.2720000743865967,2.2100000381469727,2.239000082015991,1.571439266204834,5217000,0.0,0.0,AVGO
2010-10-20 00:00:00-04:00,2.253999948501587,2.265000104904175,2.2079999446868896,2.2100000381469727,1.5510860681533813,3061000,0.0,0.0,AVGO
2010-10-21 00:00:00-04:00,2.2200000286102295,2.2209999561309814,2.190000057220459,2.194999933242798,1.5405579805374146,3467000,0.0,0.0,AVGO
2010-10-22 00:00:00-04:00,2.200000047683716,2.249000072479248,2.194999933242798,2.247999906539917,1.5777562856674194,5244000,0.0,0.0,AVGO
2010-10-25 00:00:00-04:00,2.25,2.312000036239624,2.240999937057495,2.2860000133514404,1.6044259071350098,6475000,0.0,0.0,AVGO
2010-10-26 00:00:00-04:00,2.2799999713897705,2.3480000495910645,2.2639999389648438,2.3420000076293945,1.6437296867370605,14787000,0.0,0.0,AVGO
2010-10-27 00:00:00-04:00,2.3410000801086426,2.375,2.319000005722046,2.369999885559082,1.6633814573287964,11251000,0.0,0.0,AVGO
2010-10-28 00:00:00-04:00,2.3959999084472656,2.4049999713897705,2.309000015258789,2.3429999351501465,1.644431710243225,13518000,0.0,0.0,AVGO
2010-10-29 00:00:00-04:00,2.3510000705718994,2.494999885559082,2.3359999656677246,2.4679999351501465,1.7321624755859375,13607000,0.0,0.0,AVGO
2010-11-01 00:00:00-04:00,2.450000047683716,2.4730000495910645,2.377000093460083,2.382999897003174,1.6725062131881714,8575000,0.0,0.0,AVGO
2010-11-02 00:00:00-04:00,2.4100000858306885,2.444000005722046,2.38700008392334,2.4079999923706055,1.690051794052124,4040000,0.0,0.0,AVGO
2010-11-03 00:00:00-04:00,2.4119999408721924,2.4769999980926514,2.3959999084472656,2.4679999351501465,1.7321624755859375,5849000,0.0,0.0,AVGO
2010-11-04 00:00:00-04:00,2.496000051498413,2.5369999408721924,2.4670000076293945,2.5290000438690186,1.7749758958816528,9831000,0.0,0.0,AVGO
2010-11-05 00:00:00-04:00,2.5360000133514404,2.569999933242798,2.515000104904175,2.5369999408721924,1.7805901765823364,6295000,0.0,0.0,AVGO
2010-11-08 00:00:00-05:00,2.515000104904175,2.558000087738037,2.493000030517578,2.5250000953674316,1.7721678018569946,3744000,0.0,0.0,AVGO
2010-11-09 00:00:00-05:00,2.5329999923706055,2.5450000762939453,2.4779999256134033,2.4830000400543213,1.7426903247833252,4079000,0.0,0.0,AVGO
2010-11-10 00:00:00-05:00,2.484999895095825,2.493000030517578,2.437999963760376,2.4609999656677246,1.7272498607635498,2680000,0.0,0.0,AVGO
2010-11-11 00:00:00-05:00,2.440000057220459,2.509999990463257,2.384999990463257,2.484999895095825,1.7440946102142334,12118000,0.0,0.0,AVGO
2010-11-12 00:00:00-05:00,2.4809999465942383,2.5810000896453857,2.4560000896453857,2.572000026702881,1.8051549196243286,10075000,0.0,0.0,AVGO
2010-11-15 00:00:00-05:00,2.5950000286102295,2.5959999561309814,2.507999897003174,2.5169999599456787,1.766553282737732,4987000,0.0,0.0,AVGO
2010-11-16 00:00:00-05:00,2.502000093460083,2.506999969482422,2.441999912261963,2.490000009536743,1.7476024627685547,5697000,0.0,0.0,AVGO
2010-11-17 00:00:00-05:00,2.486999988555908,2.5199999809265137,2.450000047683716,2.4600000381469727,1.726548194885254,6378000,0.0,0.0,AVGO
2010-11-18 00:00:00-05:00,2.4769999980926514,2.5160000324249268,2.4679999351501465,2.506999969482422,1.7595349550247192,6640000,0.0,0.0,AVGO
2010-11-19 00:00:00-05:00,2.493000030517578,2.5329999923706055,2.4839999675750732,2.5269999504089355,1.7735713720321655,3454000,0.0,0.0,AVGO
2010-11-22 00:00:00-05:00,2.5329999923706055,2.6010000705718994,2.5329999923706055,2.6010000705718994,1.825508713722229,9078000,0.0,0.0,AVGO
2010-11-23 00:00:00-05:00,2.5899999141693115,2.6059999465942383,2.565999984741211,2.5980000495910645,1.8234031200408936,6454000,0.0,0.0,AVGO
2010-11-24 00:00:00-05:00,2.611999988555908,2.640000104904175,2.6070001125335693,2.630000114440918,1.8458620309829712,8239000,0.0,0.0,AVGO
2010-11-26 00:00:00-05:00,2.625,2.7049999237060547,2.617000102996826,2.7009999752044678,1.8956940174102783,6268000,0.0,0.0,AVGO
2010-11-29 00:00:00-05:00,2.7070000171661377,2.7100000381469727,2.635999917984009,2.691999912261963,1.8893762826919556,10205000,0.0,0.0,AVGO
2010-11-30 00:00:00-05:00,2.691999912261963,2.7249999046325684,2.6089999675750732,2.6110000610351562,1.8325276374816895,54355000,0.0,0.0,AVGO
2010-12-01 00:00:00-05:00,2.6480000019073486,2.700000047683716,2.628999948501587,2.686000108718872,1.885165810585022,16522000,0.0,0.0,AVGO
2010-12-02 00:00:00-05:00,2.696000099182129,2.8480000495910645,2.683000087738037,2.8410000801086426,1.9939523935317993,19060000,0.0,0.0,AVGO
2010-12-03 00:00:00-05:00,2.799999952316284,2.799999952316284,2.6449999809265137,2.6549999713897705,1.8634079694747925,26279000,0.0,0.0,AVGO
2010-12-06 00:00:00-05:00,2.684999942779541,2.688999891281128,2.628999948501587,2.684999942779541,1.8844633102416992,8971000,0.0,0.0,AVGO
2010-12-07 00:00:00-05:00,2.4760000705718994,2.5290000438690186,2.447999954223633,2.4860000610351562,1.7447961568832397,117381000,0.0,0.0,AVGO
2010-12-08 00:00:00-05:00,2.499000072479248,2.5739998817443848,2.4860000610351562,2.5399999618530273,1.7826967239379883,49077000,0.0,0.0,AVGO
2010-12-09 00:00:00-05:00,2.5739998817443848,2.6510000228881836,2.556999921798706,2.6410000324249268,1.8535833358764648,34051000,0.0,0.0,AVGO
2010-12-10 00:00:00-05:00,2.6700000762939453,2.6700000762939453,2.615999937057495,2.640000104904175,1.852880835533142,14052000,0.0,0.0,AVGO
2010-12-13 00:00:00-05:00,2.6600000858306885,2.6700000762939453,2.634999990463257,2.6579999923706055,1.8704739809036255,12177000,0.007,0.0,AVGO
2010-12-14 00:00:00-05:00,2.6649999618530273,2.674999952316284,2.5969998836517334,2.628999948501587,1.8500661849975586,9460000,0.0,0.0,AVGO
2010-12-15 00:00:00-05:00,2.630000114440918,2.687000036239624,2.5910000801086426,2.640000104904175,1.85780668258667,18005000,0.0,0.0,AVGO
2010-12-16 00:00:00-05:00,2.6600000858306885,2.765000104904175,2.6419999599456787,2.7639999389648438,1.9450675249099731,24425000,0.0,0.0,AVGO
2010-12-17 00:00:00-05:00,2.7720000743865967,2.8399999141693115,2.753000020980835,2.816999912261963,1.9823640584945679,36401000,0.0,0.0,AVGO
2010-12-20 00:00:00-05:00,2.7890000343322754,2.8440001010894775,2.7699999809265137,2.7809998989105225,1.9570308923721313,14602000,0.0,0.0,AVGO
2010-12-21 00:00:00-05:00,2.7950000762939453,2.809000015258789,2.7669999599456787,2.7880001068115234,1.9619557857513428,14950000,0.0,0.0,AVGO
2010-12-22 00:00:00-05:00,2.7950000762939453,2.819000005722046,2.739000082015991,2.813999891281128,1.9802531003952026,9600000,0.0,0.0,AVGO
2010-12-23 00:00:00-05:00,2.812999963760376,2.8459999561309814,2.7909998893737793,2.812999963760376,1.9795502424240112,5885000,0.0,0.0,AVGO
2010-12-27 00:00:00-05:00,2.809999942779541,2.8940000534057617,2.7820000648498535,2.875999927520752,2.0238826274871826,13311000,0.0,0.0,AVGO
2010-12-28 00:00:00-05:00,2.877000093460083,2.880000114440918,2.822000026702881,2.8299999237060547,1.9915125370025635,5836000,0.0,0.0,AVGO
2010-12-29 00:00:00-05:00,2.8450000286102295,2.867000102996826,2.815000057220459,2.86299991607666,2.0147345066070557,6296000,0.0,0.0,AVGO
2010-12-30 00:00:00-05:00,2.864000082015991,2.8929998874664307,2.8350000381469727,2.888000011444092,2.0323281288146973,6815000,0.0,0.0,AVGO
2010-12-31 00:00:00-05:00,2.890000104904175,2.890000104904175,2.8289999961853027,2.8410000801086426,1.999253749847412,6177000,0.0,0.0,AVGO
2011-01-03 00:00:00-05:00,2.869999885559082,2.869999885559082,2.7679998874664307,2.7799999713897705,1.9563267230987549,14436000,0.0,0.0,AVGO
2011-01-04 00:00:00-05:00,2.7799999713897705,2.8299999237060547,2.697000026702881,2.799999952316284,1.9704002141952515,16262000,0.0,0.0,AVGO
2011-01-05 00:00:00-05:00,2.7850000858306885,2.816999912261963,2.7750000953674316,2.7990000247955322,1.9696978330612183,9537000,0.0,0.0,AVGO
2011-01-06 00:00:00-05:00,2.803999900817871,2.8529999256134033,2.7769999504089355,2.8519999980926514,2.0069944858551025,9598000,0.0,0.0,AVGO
2011-01-07 00:00:00-05:00,2.8469998836517334,2.8510000705718994,2.7780001163482666,2.828000068664551,1.990106225013733,8774000,0.0,0.0,AVGO
2011-01-10 00:00:00-05:00,2.8259999752044678,2.9100000858306885,2.7929999828338623,2.890000104904175,2.033735752105713,15385000,0.0,0.0,AVGO
2011-01-11 00:00:00-05:00,2.9140000343322754,2.9260001182556152,2.884000062942505,2.9240000247955322,2.057661533355713,13549000,0.0,0.0,AVGO
2011-01-12 00:00:00-05:00,2.927999973297119,2.933000087738037,2.802000045776367,2.816999912261963,1.9823640584945679,15599000,0.0,0.0,AVGO
2011-01-13 00:00:00-05:00,2.8399999141693115,2.865999937057495,2.802000045776367,2.8350000381469727,1.9950311183929443,9645000,0.0,0.0,AVGO
2011-01-14 00:00:00-05:00,2.8340001106262207,2.9059998989105225,2.799999952316284,2.9010000228881836,2.0414769649505615,9776000,0.0,0.0,AVGO
2011-01-18 00:00:00-05:00,2.765000104904175,2.7890000343322754,2.7230000495910645,2.7750000953674316,1.9528082609176636,100182000,0.0,0.0,AVGO
2011-01-19 00:00:00-05:00,2.799999952316284,2.8499999046325684,2.750999927520752,2.7760000228881836,1.9535125494003296,29795000,0.0,0.0,AVGO
2011-01-20 00:00:00-05:00,2.7690000534057617,2.7820000648498535,2.7279999256134033,2.7699999809265137,1.9492902755737305,20963000,0.0,0.0,AVGO
2011-01-21 00:00:00-05:00,2.7990000247955322,2.816999912261963,2.7660000324249268,2.7769999504089355,1.954215407371521,12490000,0.0,0.0,AVGO
2011-01-24 00:00:00-05:00,2.822000026702881,2.822000026702881,2.757999897003174,2.809000015258789,1.9767347574234009,21495000,0.0,0.0,AVGO
2011-01-25 00:00:00-05:00,2.815000057220459,2.815000057220459,2.740000009536743,2.802000045776367,1.9718079566955566,14548000,0.0,0.0,AVGO
2011-01-26 00:00:00-05:00,2.812999963760376,2.8380000591278076,2.7799999713897705,2.825000047683716,1.9879945516586304,15209000,0.0,0.0,AVGO
2011-01-27 00:00:00-05:00,2.8420000076293945,2.944000005722046,2.8420000076293945,2.921999931335449,2.056253671646118,37302000,0.0,0.0,AVGO
2011-01-28 00:00:00-05:00,2.930000066757202,2.936000108718872,2.7869999408721924,2.805000066757202,1.9739197492599487,13722000,0.0,0.0,AVGO
2011-01-31 00:00:00-05:00,2.803999900817871,2.888000011444092,2.7950000762939453,2.871000051498413,2.0203652381896973,13104000,0.0,0.0,AVGO
2011-02-01 00:00:00-05:00,2.8919999599456787,2.950000047683716,2.875999927520752,2.9070000648498535,2.0456981658935547,15835000,0.0,0.0,AVGO
2011-02-02 00:00:00-05:00,2.9019999504089355,2.940000057220459,2.869999885559082,2.880000114440918,2.026698589324951,11300000,0.0,0.0,AVGO
2011-02-03 00:00:00-05:00,2.878000020980835,2.9579999446868896,2.859999895095825,2.940999984741211,2.069624662399292,12326000,0.0,0.0,AVGO
2011-02-04 00:00:00-05:00,2.9790000915527344,3.121999979019165,2.9719998836517334,3.119999885559082,2.195589780807495,25500000,0.0,0.0,AVGO
2011-02-07 00:00:00-05:00,3.117000102996826,3.1480000019073486,3.055999994277954,3.0789999961853027,2.1667377948760986,9762000,0.0,0.0,AVGO
2011-02-08 00:00:00-05:00,3.140000104904175,3.2249999046325684,3.0999999046325684,3.190999984741211,2.2455530166625977,34684000,0.0,0.0,AVGO
2011-02-09 00:00:00-05:00,3.193000078201294,3.2950000762939453,3.174999952316284,3.2769999504089355,2.30607271194458,42916000,0.0,0.0,AVGO
2011-02-10 00:00:00-05:00,3.2990000247955322,3.299999952316284,3.2149999141693115,3.247999906539917,2.2856643199920654,35043000,0.0,0.0,AVGO
2011-02-11 00:00:00-05:00,3.253000020980835,3.3350000381469727,3.2320001125335693,3.3289999961853027,2.342667579650879,27725000,0.0,0.0,AVGO
2011-02-14 00:00:00-05:00,3.3580000400543213,3.434999942779541,3.3580000400543213,3.4040000438690186,2.395444869995117,25997000,0.0,0.0,AVGO
2011-02-15 00:00:00-05:00,3.3889999389648438,3.4260001182556152,3.3420000076293945,3.371000051498413,2.3722217082977295,19788000,0.0,0.0,AVGO
2011-02-16 00:00:00-05:00,3.3910000324249268,3.4600000381469727,3.38100004196167,3.437999963760376,2.4193708896636963,12605000,0.0,0.0,AVGO
2011-02-17 00:00:00-05:00,3.433000087738037,3.441999912261963,3.3310000896453857,3.36299991607666,2.3665926456451416,34387000,0.0,0.0,AVGO
2011-02-18 00:00:00-05:00,3.377000093460083,3.4070000648498535,3.36299991607666,3.384999990463257,2.382073402404785,15639000,0.0,0.0,AVGO
2011-02-22 00:00:00-05:00,3.3239998817443848,3.3239998817443848,3.2130000591278076,3.259999990463257,2.2941105365753174,20118000,0.0,0.0,AVGO
2011-02-23 00:00:00-05:00,3.2980000972747803,3.299999952316284,3.0920000076293945,3.134000062942505,2.205441951751709,33272000,0.0,0.0,AVGO
2011-02-24 00:00:00-05:00,3.184999942779541,3.4119999408721924,3.1659998893737793,3.3980000019073486,2.3912227153778076,35331000,0.0,0.0,AVGO
2011-02-25 00:00:00-05:00,3.4240000247955322,3.4590001106262207,3.380000114440918,3.436000108718872,2.4179630279541016,19132000,0.0,0.0,AVGO
2011-02-28 00:00:00-05:00,3.434000015258789,3.453000068664551,3.3489999771118164,3.3989999294281006,2.3919267654418945,16263000,0.0,0.0,AVGO
2011-03-01 00:00:00-05:00,3.2249999046325684,3.246999979019165,3.184000015258789,3.2070000171661377,2.2568135261535645,101318000,0.0,0.0,AVGO
2011-03-02 00:00:00-05:00,3.2109999656677246,3.253999948501587,3.2039999961853027,3.246000051498413,2.284257411956787,26617000,0.0,0.0,AVGO
2011-03-03 00:00:00-05:00,3.2790000438690186,3.308000087738037,3.234999895095825,3.299999952316284,2.322258949279785,32848000,0.0,0.0,AVGO
2011-03-04 00:00:00-05:00,3.305999994277954,3.315000057220459,3.250999927520752,3.2790000438690186,2.307480573654175,20498000,0.0,0.0,AVGO
2011-03-07 00:00:00-05:00,3.299999952316284,3.299999952316284,3.1570000648498535,3.197999954223633,2.250479221343994,16709000,0.0,0.0,AVGO
2011-03-08 00:00:00-05:00,3.191999912261963,3.255000114440918,3.1589999198913574,3.239000082015991,2.279332160949707,19603000,0.0,0.0,AVGO
2011-03-09 00:00:00-05:00,3.1740000247955322,3.188999891281128,3.0940001010894775,3.0999999046325684,2.181515693664551,43929000,0.0,0.0,AVGO
2011-03-10 00:00:00-05:00,3.0810000896453857,3.111999988555908,3.015000104904175,3.1010000705718994,2.1822192668914795,36191000,0.0,0.0,AVGO
2011-03-11 00:00:00-05:00,3.0980000495910645,3.1519999504089355,3.071000099182129,3.122999906539917,2.1977007389068604,13135000,0.0,0.0,AVGO
2011-03-14 00:00:00-04:00,3.1089999675750732,3.117000102996826,3.072000026702881,3.0999999046325684,2.181515693664551,16414000,0.0,0.0,AVGO
2011-03-15 00:00:00-04:00,3.0239999294281006,3.128000020980835,2.984999895095825,3.1070001125335693,2.1864421367645264,19796000,0.0,0.0,AVGO
2011-03-16 00:00:00-04:00,3.0950000286102295,3.1089999675750732,2.940000057220459,2.9560000896453857,2.0855507850646973,28724000,0.008,0.0,AVGO
2011-03-17 00:00:00-04:00,3.0269999504089355,3.0309998989105225,2.8269999027252197,2.931999921798706,2.068617582321167,38143000,0.0,0.0,AVGO
2011-03-18 00:00:00-04:00,3.006999969482422,3.0490000247955322,2.9860000610351562,3.0320000648498535,2.1391708850860596,30697000,0.0,0.0,AVGO
2011-03-21 00:00:00-04:00,3.0799999237060547,3.115000009536743,3.058000087738037,3.0989999771118164,2.18644118309021,19947000,0.0,0.0,AVGO
2011-03-22 00:00:00-04:00,3.115000009536743,3.130000114440918,3.0450000762939453,3.071000099182129,2.1666855812072754,15176000,0.0,0.0,AVGO
2011-03-23 00:00:00-04:00,3.072000026702881,3.1019999980926514,3.0350000858306885,3.1010000705718994,2.187852382659912,12364000,0.0,0.0,AVGO
2011-03-24 00:00:00-04:00,3.127000093460083,3.132999897003174,3.059999942779541,3.1070001125335693,2.1920864582061768,13371000,0.0,0.0,AVGO
2011-03-25 00:00:00-04:00,3.115000009536743,3.11899995803833,3.0769999027252197,3.0850000381469727,2.1765639781951904,9122000,0.0,0.0,AVGO
2011-03-28 00:00:00-04:00,3.0869998931884766,3.1500000953674316,3.0739998817443848,3.0989999771118164,2.18644118309021,10740000,0.0,0.0,AVGO
2011-03-29 00:00:00-04:00,3.1059999465942383,3.1110000610351562,3.061000108718872,3.0969998836517334,2.185029983520508,14708000,0.0,0.0,AVGO
2011-03-30 00:00:00-04:00,3.1500000953674316,3.1589999198913574,3.061000108718872,3.1489999294281006,2.221717119216919,17353000,0.0,0.0,AVGO
2011-03-31 00:00:00-04:00,3.1530001163482666,3.180000066757202,3.0810000896453857,3.109999895095825,2.194202423095703,15803000,0.0,0.0,AVGO
2011-04-01 00:00:00-04:00,3.1500000953674316,3.190000057220459,3.1059999465942383,3.1519999504089355,2.223834276199341,16029000,0.0,0.0,AVGO
2011-04-04 00:00:00-04:00,3.1589999198913574,3.1589999198913574,2.996000051498413,3.059999942779541,2.1589248180389404,18790000,0.0,0.0,AVGO
2011-04-05 00:00:00-04:00,3.075000047683716,3.240000009536743,3.061000108718872,3.1670000553131104,2.2344183921813965,20444000,0.0,0.0,AVGO
2011-04-06 00:00:00-04:00,3.2139999866485596,3.2860000133514404,3.1740000247955322,3.2769999504089355,2.3120248317718506,21373000,0.0,0.0,AVGO
2011-04-07 00:00:00-04:00,3.2869999408721924,3.296999931335449,3.2309999465942383,3.246999979019165,2.2908599376678467,16580000,0.0,0.0,AVGO
2011-04-08 00:00:00-04:00,3.2860000133514404,3.313999891281128,3.2269999980926514,3.256999969482422,2.29791522026062,8340000,0.0,0.0,AVGO
2011-04-11 00:00:00-04:00,3.2300000190734863,3.263000011444092,3.1740000247955322,3.2230000495910645,2.2739264965057373,8896000,0.0,0.0,AVGO
2011-04-12 00:00:00-04:00,3.2019999027252197,3.2160000801086426,3.0880000591278076,3.13700008392334,2.2132513523101807,18839000,0.0,0.0,AVGO
2011-04-13 00:00:00-04:00,3.187000036239624,3.2290000915527344,3.13100004196167,3.180000066757202,2.2435896396636963,8770000,0.0,0.0,AVGO
2011-04-14 00:00:00-04:00,3.1530001163482666,3.178999900817871,3.069999933242798,3.1070001125335693,2.1920864582061768,11746000,0.0,0.0,AVGO
2011-04-15 00:00:00-04:00,3.0999999046325684,3.184000015258789,3.058000087738037,3.1740000247955322,2.239356517791748,12119000,0.0,0.0,AVGO
2011-04-18 00:00:00-04:00,3.1389999389648438,3.1700000762939453,3.052999973297119,3.1600000858306885,2.2294788360595703,8052000,0.0,0.0,AVGO
2011-04-19 00:00:00-04:00,3.1559998989105225,3.1989998817443848,3.1440000534057617,3.177000045776367,2.241473436355591,7237000,0.0,0.0,AVGO
2011-04-20 00:00:00-04:00,3.2179999351501465,3.26200008392334,3.194000005722046,3.25600004196167,2.2972099781036377,11153000,0.0,0.0,AVGO
2011-04-21 00:00:00-04:00,3.2880001068115234,3.305999994277954,3.252000093460083,3.259999990463257,2.300032615661621,8335000,0.0,0.0,AVGO
2011-04-25 00:00:00-04:00,3.253999948501587,3.2699999809265137,3.200000047683716,3.2239999771118164,2.2746329307556152,6000000,0.0,0.0,AVGO
2011-04-26 00:00:00-04:00,3.257999897003174,3.257999897003174,3.184999942779541,3.234999895095825,2.2823941707611084,11000000,0.0,0.0,AVGO
2011-04-27 00:00:00-04:00,3.2260000705718994,3.3499999046325684,3.2160000801086426,3.3389999866485596,2.3557698726654053,9822000,0.0,0.0,AVGO
2011-04-28 00:00:00-04:00,3.3299999237060547,3.381999969482422,3.2860000133514404,3.2890000343322754,2.3204922676086426,7214000,0.0,0.0,AVGO
2011-04-29 00:00:00-04:00,3.2939999103546143,3.3499999046325684,3.2720000743865967,3.3459999561309814,2.3607075214385986,8180000,0.0,0.0,AVGO
2011-05-02 00:00:00-04:00,3.374000072479248,3.374000072479248,3.2920000553131104,3.315000057220459,2.338836669921875,7082000,0.0,0.0,AVGO
2011-05-03 00:00:00-04:00,3.3289999961853027,3.3429999351501465,3.2130000591278076,3.2160000801086426,2.2689883708953857,11762000,0.0,0.0,AVGO
2011-05-04 00:00:00-04:00,3.2249999046325684,3.260999917984009,3.191999912261963,3.253999948501587,2.2957985401153564,7482000,0.0,0.0,AVGO
2011-05-05 00:00:00-04:00,3.25,3.3399999141693115,3.2079999446868896,3.3239998817443848,2.3451859951019287,8190000,0.0,0.0,AVGO
2011-05-06 00:00:00-04:00,3.384999990463257,3.5,3.361999988555908,3.490999937057495,2.4630095958709717,19072000,0.0,0.0,AVGO
2011-05-09 00:00:00-04:00,3.5,3.563999891281128,3.4649999141693115,3.5460000038146973,2.5018136501312256,13743000,0.0,0.0,AVGO
2011-05-10 00:00:00-04:00,3.5759999752044678,3.618000030517578,3.561000108718872,3.5810000896453857,2.52650785446167,16750000,0.0,0.0,AVGO
2011-05-11 00:00:00-04:00,3.5810000896453857,3.6070001125335693,3.552999973297119,3.5869998931884766,2.530740976333618,13834000,0.0,0.0,AVGO
2011-05-12 00:00:00-04:00,3.5959999561309814,3.6070001125335693,3.4830000400543213,3.50600004196167,2.473592758178711,20255000,0.0,0.0,AVGO
2011-05-13 00:00:00-04:00,3.50600004196167,3.5409998893737793,3.48799991607666,3.489000082015991,2.4615979194641113,10121000,0.0,0.0,AVGO
2011-05-16 00:00:00-04:00,3.4700000286102295,3.497999906539917,3.4140000343322754,3.4260001182556152,2.4171502590179443,7560000,0.0,0.0,AVGO
2011-05-17 00:00:00-04:00,3.4100000858306885,3.444000005722046,3.381999969482422,3.427000045776367,2.4178550243377686,12570000,0.0,0.0,AVGO
2011-05-18 00:00:00-04:00,3.438999891281128,3.4749999046325684,3.365999937057495,3.4630000591278076,2.4432547092437744,6843000,0.0,0.0,AVGO
2011-05-19 00:00:00-04:00,3.4700000286102295,3.50600004196167,3.4630000591278076,3.4809999465942383,2.4559528827667236,7067000,0.0,0.0,AVGO
2011-05-20 00:00:00-04:00,3.4839999675750732,3.5209999084472656,3.430000066757202,3.438999891281128,2.4263217449188232,13164000,0.0,0.0,AVGO
2011-05-23 00:00:00-04:00,3.3919999599456787,3.3929998874664307,3.177999973297119,3.203000068664551,2.259817361831665,24924000,0.0,0.0,AVGO
2011-05-24 00:00:00-04:00,3.2130000591278076,3.2309999465942383,3.1480000019073486,3.1710000038146973,2.237239360809326,28000000,0.0,0.0,AVGO
2011-05-25 00:00:00-04:00,3.2799999713897705,3.4679999351501465,3.260999917984009,3.450000047683716,2.4340827465057373,67195000,0.0,0.0,AVGO
2011-05-26 00:00:00-04:00,3.4539999961853027,3.484999895095825,3.365000009536743,3.4709999561309814,2.4488983154296875,18410000,0.0,0.0,AVGO
2011-05-27 00:00:00-04:00,3.4800000190734863,3.51200008392334,3.4170000553131104,3.500999927520752,2.4700660705566406,17129000,0.0,0.0,AVGO
2011-05-31 00:00:00-04:00,3.385999917984009,3.4070000648498535,3.3469998836517334,3.378999948501587,2.3839893341064453,107163000,0.0,0.0,AVGO
2011-06-01 00:00:00-04:00,3.384000062942505,3.424999952316284,3.365000009536743,3.377000093460083,2.3825786113739014,33826000,0.0,0.0,AVGO
2011-06-02 00:00:00-04:00,3.38100004196167,3.4149999618530273,3.2980000972747803,3.3519999980926514,2.364941120147705,23147000,0.0,0.0,AVGO
2011-06-03 00:00:00-04:00,3.371999979019165,3.4140000343322754,3.309999942779541,3.3889999389648438,2.3910458087921143,40817000,0.0,0.0,AVGO
2011-06-06 00:00:00-04:00,3.4010000228881836,3.4010000228881836,3.3259999752044678,3.3329999446868896,2.3515355587005615,13823000,0.0,0.0,AVGO
2011-06-07 00:00:00-04:00,3.380000114440918,3.424999952316284,3.3399999141693115,3.4049999713897705,2.4023330211639404,49845000,0.0,0.0,AVGO
2011-06-08 00:00:00-04:00,3.380000114440918,3.4170000553131104,3.325000047683716,3.3410000801086426,2.3571794033050537,17524000,0.0,0.0,AVGO
2011-06-09 00:00:00-04:00,3.430000066757202,3.4639999866485596,3.375,3.4230000972747803,2.4150333404541016,32459000,0.0,0.0,AVGO
2011-06-10 00:00:00-04:00,3.427999973297119,3.438999891281128,3.3380000591278076,3.377000093460083,2.3825786113739014,14248000,0.0,0.0,AVGO
2011-06-13 00:00:00-04:00,3.377000093460083,3.430999994277954,3.2980000972747803,3.3469998836517334,2.3614134788513184,23053000,0.0,0.0,AVGO
2011-06-14 00:00:00-04:00,3.375999927520752,3.446000099182129,3.375,3.421999931335449,2.414328098297119,21844000,0.0,0.0,AVGO
2011-06-15 00:00:00-04:00,3.4140000343322754,3.430000066757202,3.3489999771118164,3.3559999465942383,2.3740077018737793,19194000,0.009,0.0,AVGO
2011-06-16 00:00:00-04:00,3.3410000801086426,3.3469998836517334,3.2660000324249268,3.3369998931884766,2.3605663776397705,21770000,0.0,0.0,AVGO
2011-06-17 00:00:00-04:00,3.368000030517578,3.384000062942505,3.2190001010894775,3.25,2.299023389816284,20208000,0.0,0.0,AVGO
2011-06-20 00:00:00-04:00,3.246000051498413,3.315000057220459,3.2190001010894775,3.2750000953674316,2.3167080879211426,19129000,0.0,0.0,AVGO
2011-06-21 00:00:00-04:00,3.2960000038146973,3.440000057220459,3.2850000858306885,3.4070000648498535,2.4100840091705322,18439000,0.0,0.0,AVGO
2011-06-22 00:00:00-04:00,3.3980000019073486,3.628999948501587,3.3550000190734863,3.5999999046325684,2.5466110706329346,38382000,0.0,0.0,AVGO
2011-06-23 00:00:00-04:00,3.5480000972747803,3.6070001125335693,3.4830000400543213,3.5820000171661377,2.5338776111602783,38113000,0.0,0.0,AVGO
2011-06-24 00:00:00-04:00,3.578000068664551,3.5829999446868896,3.5,3.552000045776367,2.5126559734344482,102656000,0.0,0.0,AVGO
2011-06-27 00:00:00-04:00,3.555000066757202,3.6019999980926514,3.5,3.5450000762939453,2.5077033042907715,18084000,0.0,0.0,AVGO
2011-06-28 00:00:00-04:00,3.5810000896453857,3.73799991607666,3.5810000896453857,3.694999933242798,2.6138124465942383,31148000,0.0,0.0,AVGO
2011-06-29 00:00:00-04:00,3.7260000705718994,3.7790000438690186,3.6640000343322754,3.7709999084472656,2.667574644088745,25680000,0.0,0.0,AVGO
2011-06-30 00:00:00-04:00,3.7799999713897705,3.869999885559082,3.7149999141693115,3.799999952316284,2.68808913230896,26329000,0.0,0.0,AVGO
2011-07-01 00:00:00-04:00,3.822000026702881,3.8989999294281006,3.821000099182129,3.865999937057495,2.7347772121429443,19479000,0.0,0.0,AVGO
2011-07-05 00:00:00-04:00,3.875,3.9079999923706055,3.8510000705718994,3.8959999084472656,2.755998134613037,9519000,0.0,0.0,AVGO
2011-07-06 00:00:00-04:00,3.867000102996826,3.9079999923706055,3.8289999961853027,3.9079999923706055,2.764486074447632,12312000,0.0,0.0,AVGO
2011-07-07 00:00:00-04:00,3.9130001068115234,3.944999933242798,3.8540000915527344,3.865999937057495,2.7347772121429443,23121000,0.0,0.0,AVGO
2011-07-08 00:00:00-04:00,3.821000099182129,3.821000099182129,3.703000068664551,3.7960000038146973,2.6852593421936035,20213000,0.0,0.0,AVGO
2011-07-11 00:00:00-04:00,3.740999937057495,3.812000036239624,3.7100000381469727,3.739000082015991,2.6449379920959473,14573000,0.0,0.0,AVGO
2011-07-12 00:00:00-04:00,3.7190001010894775,3.7239999771118164,3.500999927520752,3.5409998893737793,2.5048747062683105,34677000,0.0,0.0,AVGO
2011-07-13 00:00:00-04:00,3.575000047683716,3.627000093460083,3.505000114440918,3.5380001068115234,2.502751588821411,19458000,0.0,0.0,AVGO
2011-07-14 00:00:00-04:00,3.5450000762939453,3.6489999294281006,3.509999990463257,3.5179998874664307,2.488603353500366,22356000,0.0,0.0,AVGO
2011-07-15 00:00:00-04:00,3.5369999408721924,3.5950000286102295,3.494999885559082,3.5510001182556152,2.511948585510254,13745000,0.0,0.0,AVGO
2011-07-18 00:00:00-04:00,3.5280001163482666,3.571000099182129,3.440000057220459,3.5,2.4758706092834473,11983000,0.0,0.0,AVGO
2011-07-19 00:00:00-04:00,3.5299999713897705,3.6459999084472656,3.5139999389648438,3.619999885559082,2.560758352279663,17896000,0.0,0.0,AVGO
2011-07-20 00:00:00-04:00,3.627000093460083,3.700000047683716,3.5920000076293945,3.6070001125335693,2.5515613555908203,14829000,0.0,0.0,AVGO
2011-07-21 00:00:00-04:00,3.5899999141693115,3.7190001010894775,3.572999954223633,3.6760001182556152,2.600372314453125,20498000,0.0,0.0,AVGO
2011-07-22 00:00:00-04:00,3.671999931335449,3.739000082015991,3.628000020980835,3.7070000171661377,2.6223013401031494,14929000,0.0,0.0,AVGO
2011-07-25 00:00:00-04:00,3.6640000343322754,3.6640000343322754,3.5889999866485596,3.6089999675750732,2.5529775619506836,14361000,0.0,0.0,AVGO
2011-07-26 00:00:00-04:00,3.628999948501587,3.694999933242798,3.621000051498413,3.6659998893737793,2.5932981967926025,27251000,0.0,0.0,AVGO
2011-07-27 00:00:00-04:00,3.6449999809265137,3.6649999618530273,3.3429999351501465,3.36299991607666,2.3789587020874023,40519000,0.0,0.0,AVGO
2011-07-28 00:00:00-04:00,3.3889999389648438,3.4800000190734863,3.240999937057495,3.4639999866485596,2.4504058361053467,47042000,0.0,0.0,AVGO
2011-07-29 00:00:00-04:00,3.361999988555908,3.430000066757202,3.2829999923706055,3.36299991607666,2.3789587020874023,38414000,0.0,0.0,AVGO
2011-08-01 00:00:00-04:00,3.4000000953674316,3.4100000858306885,3.2950000762939453,3.319999933242798,2.348540782928467,23795000,0.0,0.0,AVGO
2011-08-02 00:00:00-04:00,3.2850000858306885,3.38100004196167,3.2039999961853027,3.2049999237060547,2.26719069480896,21037000,0.0,0.0,AVGO
2011-08-03 00:00:00-04:00,3.2079999446868896,3.2839999198913574,3.131999969482422,3.2780001163482666,2.318830728530884,17009000,0.0,0.0,AVGO
2011-08-04 00:00:00-04:00,3.2209999561309814,3.25,3.0859999656677246,3.0899999141693115,2.1858408451080322,26030000,0.0,0.0,AVGO
2011-08-05 00:00:00-04:00,3.127000093460083,3.249000072479248,2.9089999198913574,2.934000015258789,2.0754876136779785,43748000,0.0,0.0,AVGO
2011-08-08 00:00:00-04:00,2.8610000610351562,2.9000000953674316,2.6419999599456787,2.7190001010894775,1.9233976602554321,43697000,0.0,0.0,AVGO
2011-08-09 00:00:00-04:00,2.7720000743865967,2.9690001010894775,2.743000030517578,2.9630000591278076,2.0960023403167725,42112000,0.0,0.0,AVGO
2011-08-10 00:00:00-04:00,2.9260001182556152,3.0369999408721924,2.8580000400543213,2.924999952316284,2.0691208839416504,30432000,0.0,0.0,AVGO
2011-08-11 00:00:00-04:00,2.9600000381469727,3.115000009536743,2.9600000381469727,3.071000099182129,2.1723999977111816,27065000,0.0,0.0,AVGO
2011-08-12 00:00:00-04:00,3.1489999294281006,3.200000047683716,3.0899999141693115,3.1040000915527344,2.195744037628174,25743000,0.0,0.0,AVGO
2011-08-15 00:00:00-04:00,3.11899995803833,3.240000009536743,3.11899995803833,3.1610000133514404,2.236065149307251,17067000,0.0,0.0,AVGO
2011-08-16 00:00:00-04:00,3.134000062942505,3.1679999828338623,3.065999984741211,3.0969998836517334,2.1907920837402344,17459000,0.0,0.0,AVGO
2011-08-17 00:00:00-04:00,3.132999897003174,3.203000068664551,3.061000108718872,3.069999933242798,2.1716930866241455,19023000,0.0,0.0,AVGO
2011-08-18 00:00:00-04:00,2.9809999465942383,2.990000009536743,2.828000068664551,2.8610000610351562,2.023848295211792,23055000,0.0,0.0,AVGO
2011-08-19 00:00:00-04:00,2.86299991607666,2.9749999046325684,2.815000057220459,2.8289999961853027,2.0012123584747314,12609000,0.0,0.0,AVGO
2011-08-22 00:00:00-04:00,2.878999948501587,2.890000104904175,2.7309999465942383,2.7639999389648438,1.9552313089370728,25793000,0.0,0.0,AVGO
2011-08-23 00:00:00-04:00,2.7820000648498535,2.930000066757202,2.7260000705718994,2.9260001182556152,2.0698280334472656,35977000,0.0,0.0,AVGO
2011-08-24 00:00:00-04:00,3.2019999027252197,3.3459999561309814,3.138000011444092,3.2269999980926514,2.282752513885498,69346000,0.0,0.0,AVGO
2011-08-25 00:00:00-04:00,3.2109999656677246,3.2269999980926514,3.0810000896453857,3.0880000591278076,2.1844255924224854,25065000,0.0,0.0,AVGO
2011-08-26 00:00:00-04:00,3.058000087738037,3.1530001163482666,2.9700000286102295,3.1519999504089355,2.2296981811523438,20916000,0.0,0.0,AVGO
2011-08-29 00:00:00-04:00,3.197000026702881,3.2899999618530273,3.174999952316284,3.2850000858306885,2.3237812519073486,13459000,0.0,0.0,AVGO
2011-08-30 00:00:00-04:00,3.255000114440918,3.377000093460083,3.2269999980926514,3.312999963760376,2.343587875366211,17145000,0.0,0.0,AVGO
2011-08-31 00:00:00-04:00,3.3299999237060547,3.450000047683716,3.2739999294281006,3.311000108718872,2.3421740531921387,22913000,0.0,0.0,AVGO
2011-09-01 00:00:00-04:00,3.3010001182556152,3.315000057220459,3.1480000019073486,3.1559998989105225,2.2325289249420166,31135000,0.0,0.0,AVGO
2011-09-02 00:00:00-04:00,3.0840001106262207,3.1540000438690186,3.0510001182556152,3.11299991607666,2.2021102905273438,16862000,0.0,0.0,AVGO
2011-09-06 00:00:00-04:00,3.0490000247955322,3.1480000019073486,3.0220000743865967,3.1459999084472656,2.2254533767700195,11800000,0.0,0.0,AVGO
2011-09-07 00:00:00-04:00,3.2209999561309814,3.3239998817443848,3.2139999866485596,3.2699999809265137,2.313171625137329,14595000,0.0,0.0,AVGO
2011-09-08 00:00:00-04:00,3.2170000076293945,3.3350000381469727,3.2100000381469727,3.309000015258789,2.340759038925171,19383000,0.0,0.0,AVGO
2011-09-09 00:00:00-04:00,3.2709999084472656,3.325000047683716,3.200000047683716,3.2300000190734863,2.2848756313323975,19032000,0.0,0.0,AVGO
2011-09-12 00:00:00-04:00,3.184999942779541,3.368000030517578,3.180000066757202,3.3529999256134033,2.37188458442688,20470000,0.0,0.0,AVGO
2011-09-13 00:00:00-04:00,3.3529999256134033,3.4489998817443848,3.309999942779541,3.431999921798706,2.427769184112549,20511000,0.0,0.0,AVGO
2011-09-14 00:00:00-04:00,3.450000047683716,3.677000045776367,3.440000057220459,3.6559998989105225,2.586223840713501,47206000,0.0,0.0,AVGO
2011-09-15 00:00:00-04:00,3.680999994277954,3.760999917984009,3.621000051498413,3.6740000247955322,2.6068005561828613,29980000,0.011,0.0,AVGO
2011-09-16 00:00:00-04:00,3.6570000648498535,3.686000108718872,3.5920000076293945,3.6489999294281006,2.589061975479126,18030000,0.0,0.0,AVGO
2011-09-19 00:00:00-04:00,3.5989999771118164,3.7990000247955322,3.5409998893737793,3.734999895095825,2.6500823497772217,41148000,0.0,0.0,AVGO
2011-09-20 00:00:00-04:00,3.75,3.7769999504089355,3.627000093460083,3.631999969482422,2.577000617980957,27096000,0.0,0.0,AVGO
2011-09-21 00:00:00-04:00,3.6549999713897705,3.7990000247955322,3.5880000591278076,3.5980000495910645,2.552877187728882,32939000,0.0,0.0,AVGO
2011-09-22 00:00:00-04:00,3.484999895095825,3.500999927520752,3.296999931335449,3.3980000019073486,2.4109714031219482,35534000,0.0,0.0,AVGO
2011-09-23 00:00:00-04:00,3.38700008392334,3.505000114440918,3.3389999866485596,3.4800000190734863,2.4691526889801025,20868000,0.0,0.0,AVGO
2011-09-26 00:00:00-04:00,3.4820001125335693,3.507999897003174,3.3559999465942383,3.4100000858306885,2.419484853744507,25446000,0.0,0.0,AVGO
2011-09-27 00:00:00-04:00,3.4679999351501465,3.515000104904175,3.436000108718872,3.4489998817443848,2.4471561908721924,23268000,0.0,0.0,AVGO
2011-09-28 00:00:00-04:00,3.302000045776367,3.3589999675750732,3.2890000343322754,3.3010001182556152,2.3421473503112793,106504000,0.0,0.0,AVGO
2011-09-29 00:00:00-04:00,3.3340001106262207,3.3559999465942383,3.2269999980926514,3.316999912261963,2.353499412536621,49076000,0.0,0.0,AVGO
2011-09-30 00:00:00-04:00,3.312000036239624,3.3380000591278076,3.243000030517578,3.2769999504089355,2.325117588043213,51674000,0.0,0.0,AVGO
2011-10-03 00:00:00-04:00,3.2790000438690186,3.322999954223633,3.1670000553131104,3.188999891281128,2.2626795768737793,36639000,0.0,0.0,AVGO
2011-10-04 00:00:00-04:00,3.193000078201294,3.2730000019073486,3.0859999656677246,3.2339999675750732,2.294609308242798,37205000,0.0,0.0,AVGO
2011-10-05 00:00:00-04:00,3.2269999980926514,3.2699999809265137,3.1600000858306885,3.260999917984009,2.31376576423645,35119000,0.0,0.0,AVGO
2011-10-06 00:00:00-04:00,3.2750000953674316,3.315000057220459,3.2290000915527344,3.2950000762939453,2.3378899097442627,24844000,0.0,0.0,AVGO
2011-10-07 00:00:00-04:00,3.315000057220459,3.3429999351501465,3.253000020980835,3.2880001068115234,2.332923412322998,18240000,0.0,0.0,AVGO
2011-10-10 00:00:00-04:00,3.299999952316284,3.4059998989105225,3.299999952316284,3.365999937057495,2.388265609741211,37583000,0.0,0.0,AVGO
2011-10-11 00:00:00-04:00,3.361999988555908,3.3910000324249268,3.299999952316284,3.3329999446868896,2.364851474761963,13002000,0.0,0.0,AVGO
2011-10-12 00:00:00-04:00,3.3540000915527344,3.385999917984009,3.2909998893737793,3.365000009536743,2.3875558376312256,28894000,0.0,0.0,AVGO
2011-10-13 00:00:00-04:00,3.3389999866485596,3.493000030517578,3.328000068664551,3.4059998989105225,2.41664719581604,60207000,0.0,0.0,AVGO
2011-10-14 00:00:00-04:00,3.497999906539917,3.5810000896453857,3.4779999256134033,3.569999933242798,2.5330092906951904,35004000,0.0,0.0,AVGO
2011-10-17 00:00:00-04:00,3.5350000858306885,3.569000005722046,3.4809999465942383,3.50600004196167,2.487600088119507,21298000,0.0,0.0,AVGO
2011-10-18 00:00:00-04:00,3.493000030517578,3.5969998836517334,3.490999937057495,3.5840001106262207,2.5429434776306152,13948000,0.0,0.0,AVGO
2011-10-19 00:00:00-04:00,3.5439999103546143,3.5450000762939453,3.450000047683716,3.4630000591278076,2.4570906162261963,30312000,0.0,0.0,AVGO
2011-10-20 00:00:00-04:00,3.453000068664551,3.4820001125335693,3.312000036239624,3.3980000019073486,2.4109714031219482,27141000,0.0,0.0,AVGO
2011-10-21 00:00:00-04:00,3.431999921798706,3.450000047683716,3.3420000076293945,3.384000062942505,2.4010379314422607,27170000,0.0,0.0,AVGO
2011-10-24 00:00:00-04:00,3.4079999923706055,3.561000108718872,3.4000000953674316,3.5350000858306885,2.508176803588867,25690000,0.0,0.0,AVGO
2011-10-25 00:00:00-04:00,3.4839999675750732,3.5360000133514404,3.436000108718872,3.444000005722046,2.4436092376708984,24614000,0.0,0.0,AVGO
2011-10-26 00:00:00-04:00,3.4790000915527344,3.513000011444092,3.364000082015991,3.377000093460083,2.3960702419281006,23137000,0.0,0.0,AVGO
2011-10-27 00:00:00-04:00,3.4070000648498535,3.4749999046325684,3.3469998836517334,3.375999927520752,2.3953614234924316,43170000,0.0,0.0,AVGO
2011-10-28 00:00:00-04:00,3.371000051498413,3.3989999294281006,3.1089999675750732,3.3589999675750732,2.3833000659942627,71596000,0.0,0.0,AVGO
2011-10-31 00:00:00-04:00,3.302000045776367,3.4189999103546143,3.2980000972747803,3.377000093460083,2.3960702419281006,35767000,0.0,0.0,AVGO
2011-11-01 00:00:00-04:00,3.2690000534057617,3.3420000076293945,3.2279999256134033,3.299999952316284,2.3414382934570312,16196000,0.0,0.0,AVGO
2011-11-02 00:00:00-04:00,3.3429999351501465,3.3499999046325684,3.240000009536743,3.259999990463257,2.3130571842193604,21439000,0.0,0.0,AVGO
2011-11-03 00:00:00-04:00,3.3510000705718994,3.450000047683716,3.2809998989105225,3.433000087738037,2.435804605484009,31449000,0.0,0.0,AVGO
2011-11-04 00:00:00-04:00,3.361999988555908,3.4700000286102295,3.361999988555908,3.437999963760376,2.43935227394104,17113000,0.0,0.0,AVGO
2011-11-07 00:00:00-05:00,3.434000015258789,3.4600000381469727,3.3610000610351562,3.4579999446868896,2.453542709350586,17289000,0.0,0.0,AVGO
2011-11-08 00:00:00-05:00,3.4730000495910645,3.4860000610351562,3.38700008392334,3.4730000495910645,2.4641847610473633,9475000,0.0,0.0,AVGO
2011-11-09 00:00:00-05:00,3.4049999713897705,3.4539999961853027,3.306999921798706,3.322999954223633,2.3577558994293213,15446000,0.0,0.0,AVGO
2011-11-10 00:00:00-05:00,3.365999937057495,3.375999927520752,3.2890000343322754,3.311000108718872,2.3492424488067627,9560000,0.0,0.0,AVGO
2011-11-11 00:00:00-05:00,3.3340001106262207,3.438999891281128,3.3239998817443848,3.428999900817871,2.432966709136963,11553000,0.0,0.0,AVGO
2011-11-14 00:00:00-05:00,3.4119999408721924,3.430999994277954,3.2829999923706055,3.309000015258789,2.347822904586792,16063000,0.0,0.0,AVGO
2011-11-15 00:00:00-05:00,3.296999931335449,3.3519999980926514,3.2709999084472656,3.2990000247955322,2.3407278060913086,16231000,0.0,0.0,AVGO
2011-11-16 00:00:00-05:00,3.2769999504089355,3.3299999237060547,3.187000036239624,3.2100000381469727,2.2775802612304688,17180000,0.0,0.0,AVGO
2011-11-17 00:00:00-05:00,3.2039999961853027,3.2119998931884766,3.0950000286102295,3.119999885559082,2.213721513748169,17349000,0.0,0.0,AVGO
2011-11-18 00:00:00-05:00,3.1470000743865967,3.1579999923706055,2.9509999752044678,2.9860000610351562,2.118645668029785,32279000,0.0,0.0,AVGO
2011-11-21 00:00:00-05:00,2.937000036239624,2.9739999771118164,2.878999948501587,2.944999933242798,2.0895559787750244,36389000,0.0,0.0,AVGO
2011-11-22 00:00:00-05:00,2.9609999656677246,3.0220000743865967,2.9100000858306885,2.940999984741211,2.0867178440093994,24014000,0.0,0.0,AVGO
2011-11-23 00:00:00-05:00,2.9000000953674316,2.937999963760376,2.867000102996826,2.8970000743865967,2.0554990768432617,23819000,0.0,0.0,AVGO
2011-11-25 00:00:00-05:00,2.8959999084472656,2.9130001068115234,2.8310000896453857,2.8440001010894775,2.0178933143615723,8951000,0.0,0.0,AVGO
2011-11-28 00:00:00-05:00,2.933000087738037,2.9539999961853027,2.812000036239624,2.8580000400543213,2.0278267860412598,47653000,0.0,0.0,AVGO
2011-11-29 00:00:00-05:00,2.865000009536743,2.936000108718872,2.8519999980926514,2.88700008392334,2.048402786254883,31500000,0.0,0.0,AVGO
2011-11-30 00:00:00-05:00,2.943000078201294,3.010999917984009,2.8980000019073486,2.992000102996826,2.122903823852539,36586000,0.0,0.0,AVGO
2011-12-01 00:00:00-05:00,2.9820001125335693,3.0380001068115234,2.9119999408721924,2.990999937057495,2.1221938133239746,48612000,0.0,0.0,AVGO
2011-12-02 00:00:00-05:00,3.0280001163482666,3.1640000343322754,3.0160000324249268,3.115999937057495,2.2108848094940186,57689000,0.0,0.0,AVGO
2011-12-05 00:00:00-05:00,3.1519999504089355,3.194000005722046,3.078000068664551,3.1040000915527344,2.2023708820343018,28980000,0.0,0.0,AVGO
2011-12-06 00:00:00-05:00,3.0929999351501465,3.119999885559082,3.00600004196167,3.0810000896453857,2.1860511302948,27058000,0.0,0.0,AVGO
2011-12-07 00:00:00-05:00,3.063999891281128,3.1389999389648438,3.0439999103546143,3.121999979019165,2.215141773223877,25019000,0.0,0.0,AVGO
2011-12-08 00:00:00-05:00,3.118000030517578,3.1640000343322754,3.059000015258789,3.068000078201294,2.1768267154693604,29397000,0.0,0.0,AVGO
2011-12-09 00:00:00-05:00,3.003000020980835,3.065000057220459,2.9790000915527344,3.061000108718872,2.171860456466675,33703000,0.0,0.0,AVGO
2011-12-12 00:00:00-05:00,2.861999988555908,2.9630000591278076,2.759000062942505,2.946000099182129,2.0902652740478516,36729000,0.0,0.0,AVGO
2011-12-13 00:00:00-05:00,2.9539999961853027,3.009000062942505,2.9070000648498535,2.9240000247955322,2.074655532836914,32928000,0.0,0.0,AVGO
2011-12-14 00:00:00-05:00,2.8959999084472656,2.936000108718872,2.8269999027252197,2.871000051498413,2.0370500087738037,21125000,0.0,0.0,AVGO
2011-12-15 00:00:00-05:00,2.88700008392334,2.924999952316284,2.8589999675750732,2.864000082015991,2.0406129360198975,23917000,0.012,0.0,AVGO
2011-12-16 00:00:00-05:00,2.8919999599456787,2.9170000553131104,2.816999912261963,2.880000114440918,2.052013397216797,90364000,0.0,0.0,AVGO
2011-12-19 00:00:00-05:00,2.882999897003174,2.882999897003174,2.739000082015991,2.755000114440918,1.9629504680633545,31124000,0.0,0.0,AVGO
2011-12-20 00:00:00-05:00,2.7929999828338623,2.9000000953674316,2.7920000553131104,2.882999897003174,2.054150104522705,29613000,0.0,0.0,AVGO
2011-12-21 00:00:00-05:00,2.882999897003174,2.9059998989105225,2.755000114440918,2.7909998893737793,1.9886000156402588,27523000,0.0,0.0,AVGO
2011-12-22 00:00:00-05:00,2.7980000972747803,2.9140000343322754,2.7880001068115234,2.9019999504089355,2.06768798828125,27874000,0.0,0.0,AVGO
2011-12-23 00:00:00-05:00,2.921999931335449,2.9609999656677246,2.884999990463257,2.938999891281128,2.0940515995025635,11767000,0.0,0.0,AVGO
2011-12-27 00:00:00-05:00,2.927000045776367,2.953000068664551,2.9030001163482666,2.934000015258789,2.0904881954193115,7993000,0.0,0.0,AVGO
2011-12-28 00:00:00-05:00,2.936000108718872,2.937000036239624,2.865000009536743,2.874000072479248,2.0477383136749268,13375000,0.0,0.0,AVGO
2011-12-29 00:00:00-05:00,2.875999927520752,2.9210000038146973,2.875,2.9119999408721924,2.0748136043548584,10221000,0.0,0.0,AVGO
2011-12-30 00:00:00-05:00,2.8959999084472656,2.9159998893737793,2.865999937057495,2.885999917984009,2.056288719177246,8364000,0.0,0.0,AVGO
2012-01-03 00:00:00-05:00,2.947999954223633,3.0169999599456787,2.8889999389648438,2.8949999809265137,2.06270170211792,23032000,0.0,0.0,AVGO
2012-01-04 00:00:00-05:00,2.8889999389648438,2.9089999198913574,2.809999942779541,2.8450000286102295,2.0270750522613525,20254000,0.0,0.0,AVGO
2012-01-05 00:00:00-05:00,2.8459999561309814,2.875,2.818000078201294,2.8489999771118164,2.0299253463745117,20075000,0.0,0.0,AVGO
2012-01-06 00:00:00-05:00,2.8410000801086426,2.8550000190734863,2.802000045776367,2.8310000896453857,2.0171003341674805,24357000,0.0,0.0,AVGO
2012-01-09 00:00:00-05:00,2.930000066757202,3.0390000343322754,2.924999952316284,3.0220000743865967,2.153188467025757,33485000,0.0,0.0,AVGO
2012-01-10 00:00:00-05:00,3.052000045776367,3.11299991607666,3.0380001068115234,3.065000057220459,2.183826208114624,26829000,0.0,0.0,AVGO
2012-01-11 00:00:00-05:00,3.069000005722046,3.1649999618530273,3.059000015258789,3.119999885559082,2.223012924194336,27103000,0.0,0.0,AVGO
2012-01-12 00:00:00-05:00,3.119999885559082,3.193000078201294,3.0820000171661377,3.1679999828338623,2.2572145462036133,19873000,0.0,0.0,AVGO
2012-01-13 00:00:00-05:00,3.1519999504089355,3.200000047683716,3.121000051498413,3.1570000648498535,2.2493767738342285,24275000,0.0,0.0,AVGO
2012-01-17 00:00:00-05:00,3.1700000762939453,3.2260000705718994,3.1470000743865967,3.1649999618530273,2.2550764083862305,31782000,0.0,0.0,AVGO
2012-01-18 00:00:00-05:00,3.299999952316284,3.5,3.2780001163482666,3.3940000534057617,2.4182398319244385,44274000,0.0,0.0,AVGO
2012-01-19 00:00:00-05:00,3.388000011444092,3.434999942779541,3.359999895095825,3.361999988555908,2.3954403400421143,31546000,0.0,0.0,AVGO
2012-01-20 00:00:00-05:00,3.3510000705718994,3.4040000438690186,3.3340001106262207,3.38100004196167,2.408978223800659,23462000,0.0,0.0,AVGO
2012-01-23 00:00:00-05:00,3.384999990463257,3.390000104904175,3.328000068664551,3.365999937057495,2.398289918899536,20124000,0.0,0.0,AVGO
2012-01-24 00:00:00-05:00,3.3589999675750732,3.4240000247955322,3.3589999675750732,3.38700008392334,2.4132535457611084,30778000,0.0,0.0,AVGO
2012-01-25 00:00:00-05:00,3.4549999237060547,3.4549999237060547,3.369999885559082,3.3949999809265137,2.418952465057373,30352000,0.0,0.0,AVGO
2012-01-26 00:00:00-05:00,3.3959999084472656,3.443000078201294,3.384000062942505,3.4079999923706055,2.428215742111206,25537000,0.0,0.0,AVGO
2012-01-27 00:00:00-05:00,3.384000062942505,3.447999954223633,3.380000114440918,3.3980000019073486,2.421091079711914,29468000,0.0,0.0,AVGO
2012-01-30 00:00:00-05:00,3.359999895095825,3.4010000228881836,3.3350000381469727,3.372999906539917,2.403278350830078,16590000,0.0,0.0,AVGO
2012-01-31 00:00:00-05:00,3.4000000953674316,3.4079999923706055,3.3369998931884766,3.3940000534057617,2.4182398319244385,16225000,0.0,0.0,AVGO
2012-02-01 00:00:00-05:00,3.438999891281128,3.490000009536743,3.4140000343322754,3.4619998931884766,2.466691255569458,39361000,0.0,0.0,AVGO
2012-02-02 00:00:00-05:00,3.4800000190734863,3.5179998874664307,3.4749999046325684,3.5,2.493765354156494,36188000,0.0,0.0,AVGO
2012-02-03 00:00:00-05:00,3.5280001163482666,3.5480000972747803,3.496999979019165,3.513000011444092,2.503028631210327,23816000,0.0,0.0,AVGO
2012-02-06 00:00:00-05:00,3.5,3.505000114440918,3.4140000343322754,3.430000066757202,2.4438912868499756,18853000,0.0,0.0,AVGO
2012-02-07 00:00:00-05:00,3.434000015258789,3.4639999866485596,3.3949999809265137,3.4579999446868896,2.4638404846191406,15076000,0.0,0.0,AVGO
2012-02-08 00:00:00-05:00,3.4549999237060547,3.5,3.444000005722046,3.48799991607666,2.485215902328491,15032000,0.0,0.0,AVGO
2012-02-09 00:00:00-05:00,3.500999927520752,3.5309998989105225,3.4790000915527344,3.513000011444092,2.503028631210327,11790000,0.0,0.0,AVGO
2012-02-10 00:00:00-05:00,3.4579999446868896,3.5399999618530273,3.434999942779541,3.4489998817443848,2.457427740097046,8898000,0.0,0.0,AVGO
2012-02-13 00:00:00-05:00,3.484999895095825,3.5169999599456787,3.4019999504089355,3.4809999465942383,2.4802284240722656,14360000,0.0,0.0,AVGO
2012-02-14 00:00:00-05:00,3.4570000171661377,3.49399995803833,3.4189999103546143,3.4509999752044678,2.458853006362915,18319000,0.0,0.0,AVGO
2012-02-15 00:00:00-05:00,3.492000102996826,3.5480000972747803,3.4809999465942383,3.497999906539917,2.4923410415649414,19864000,0.0,0.0,AVGO
2012-02-16 00:00:00-05:00,3.503000020980835,3.5950000286102295,3.4719998836517334,3.5859999656677246,2.555042266845703,16769000,0.0,0.0,AVGO
2012-02-17 00:00:00-05:00,3.566999912261963,3.5789999961853027,3.4839999675750732,3.5239999294281006,2.510866165161133,18402000,0.0,0.0,AVGO
2012-02-21 00:00:00-05:00,3.5480000972747803,3.5880000591278076,3.5280001163482666,3.546999931335449,2.527254343032837,20449000,0.0,0.0,AVGO
2012-02-22 00:00:00-05:00,3.5339999198913574,3.631999969482422,3.5339999198913574,3.5899999141693115,2.557892084121704,24333000,0.0,0.0,AVGO
2012-02-23 00:00:00-05:00,3.5799999237060547,3.7260000705718994,3.571000099182129,3.7190001010894775,2.6498048305511475,47606000,0.0,0.0,AVGO
2012-02-24 00:00:00-05:00,3.734999895095825,3.740000009536743,3.617000102996826,3.631999969482422,2.587817430496216,19325000,0.0,0.0,AVGO
2012-02-27 00:00:00-05:00,3.621000051498413,3.7190001010894775,3.553999900817871,3.697999954223633,2.6348414421081543,26216000,0.0,0.0,AVGO
2012-02-28 00:00:00-05:00,3.683000087738037,3.742000102996826,3.6559998989105225,3.7009999752044678,2.636979818344116,21581000,0.0,0.0,AVGO
2012-02-29 00:00:00-05:00,3.694000005722046,3.7699999809265137,3.6710000038146973,3.760999917984009,2.6797289848327637,34503000,0.0,0.0,AVGO
2012-03-01 00:00:00-05:00,3.7739999294281006,3.7799999713897705,3.7160000801086426,3.7320001125335693,2.6590664386749268,12550000,0.0,0.0,AVGO
2012-03-02 00:00:00-05:00,3.7249999046325684,3.7300000190734863,3.632999897003174,3.6600000858306885,2.60776686668396,19601000,0.0,0.0,AVGO
2012-03-05 00:00:00-05:00,3.6519999504089355,3.6549999713897705,3.5290000438690186,3.5450000762939453,2.5258290767669678,24881000,0.0,0.0,AVGO
2012-03-06 00:00:00-05:00,3.4690001010894775,3.5480000972747803,3.4600000381469727,3.5309998989105225,2.5158531665802,19936000,0.0,0.0,AVGO
2012-03-07 00:00:00-05:00,3.5510001182556152,3.5969998836517334,3.5260000228881836,3.575000047683716,2.54720401763916,12857000,0.0,0.0,AVGO
2012-03-08 00:00:00-05:00,3.630000114440918,3.681999921798706,3.609999895095825,3.6419999599456787,2.594942331314087,17478000,0.0,0.0,AVGO
2012-03-09 00:00:00-05:00,3.6519999504089355,3.681999921798706,3.6050000190734863,3.677000045776367,2.619879722595215,13307000,0.0,0.0,AVGO
2012-03-12 00:00:00-04:00,3.6730000972747803,3.686000108718872,3.609999895095825,3.6600000858306885,2.60776686668396,8724000,0.0,0.0,AVGO
2012-03-13 00:00:00-04:00,3.694999933242798,3.7669999599456787,3.687999963760376,3.763000011444092,2.681154727935791,12902000,0.0,0.0,AVGO
2012-03-14 00:00:00-04:00,3.759999990463257,3.8369998931884766,3.700000047683716,3.7109999656677246,2.644104480743408,22282000,0.0,0.0,AVGO
2012-03-15 00:00:00-04:00,3.7139999866485596,3.7769999504089355,3.688999891281128,3.7760000228881836,2.699876070022583,16248000,0.013,0.0,AVGO
2012-03-16 00:00:00-04:00,3.7839999198913574,3.880000114440918,3.7669999599456787,3.7899999618530273,2.7098848819732666,23520000,0.0,0.0,AVGO
2012-03-19 00:00:00-04:00,3.7769999504089355,3.815999984741211,3.76200008392334,3.805999994277954,2.7213258743286133,10058000,0.0,0.0,AVGO
2012-03-20 00:00:00-04:00,3.7699999809265137,3.815000057220459,3.75,3.802999973297119,2.7191810607910156,17642000,0.0,0.0,AVGO
2012-03-21 00:00:00-04:00,3.809000015258789,3.859999895095825,3.7850000858306885,3.8359999656677246,2.7427761554718018,13604000,0.0,0.0,AVGO
2012-03-22 00:00:00-04:00,3.818000078201294,3.8340001106262207,3.7860000133514404,3.7950000762939453,2.7134604454040527,19680000,0.0,0.0,AVGO
2012-03-23 00:00:00-04:00,3.7809998989105225,3.816999912261963,3.752000093460083,3.809999942779541,2.7241859436035156,14863000,0.0,0.0,AVGO
2012-03-26 00:00:00-04:00,3.8459999561309814,3.884999990463257,3.796999931335449,3.884000062942505,2.77709698677063,16678000,0.0,0.0,AVGO
2012-03-27 00:00:00-04:00,3.86899995803833,3.9019999504089355,3.8380000591278076,3.878000020980835,2.7728066444396973,17597000,0.0,0.0,AVGO
2012-03-28 00:00:00-04:00,3.882999897003174,3.88700008392334,3.7790000438690186,3.796999931335449,2.714890480041504,16691000,0.0,0.0,AVGO
2012-03-29 00:00:00-04:00,3.765000104904175,3.8369998931884766,3.75,3.8340001106262207,2.7413456439971924,13024000,0.0,0.0,AVGO
2012-03-30 00:00:00-04:00,3.8459999561309814,3.921999931335449,3.815000057220459,3.8970000743865967,2.786391258239746,24210000,0.0,0.0,AVGO
2012-04-02 00:00:00-04:00,3.8889999389648438,3.9010000228881836,3.811000108718872,3.86899995803833,2.7663707733154297,14370000,0.0,0.0,AVGO
2012-04-03 00:00:00-04:00,3.8610000610351562,3.8989999294281006,3.812999963760376,3.8369998931884766,2.7434909343719482,12313000,0.0,0.0,AVGO
2012-04-04 00:00:00-04:00,3.805000066757202,3.812999963760376,3.7090001106262207,3.740999937057495,2.6748502254486084,13125000,0.0,0.0,AVGO
2012-04-05 00:00:00-04:00,3.746999979019165,3.7990000247955322,3.734999895095825,3.760999917984009,2.6891496181488037,13792000,0.0,0.0,AVGO
2012-04-09 00:00:00-04:00,3.7239999771118164,3.7699999809265137,3.7070000171661377,3.757999897003174,2.687005043029785,12198000,0.0,0.0,AVGO
2012-04-10 00:00:00-04:00,3.739000082015991,3.7739999294281006,3.6570000648498535,3.680000066757202,2.6312341690063477,20072000,0.0,0.0,AVGO
2012-04-11 00:00:00-04:00,3.7049999237060547,3.821000099182129,3.690000057220459,3.747999906539917,2.6798551082611084,15944000,0.0,0.0,AVGO
2012-04-12 00:00:00-04:00,3.763000011444092,3.8450000286102295,3.75,3.815000057220459,2.7277607917785645,12525000,0.0,0.0,AVGO
2012-04-13 00:00:00-04:00,3.7920000553131104,3.7929999828338623,3.7209999561309814,3.7279999256134033,2.665555238723755,8941000,0.0,0.0,AVGO
2012-04-16 00:00:00-04:00,3.739000082015991,3.756999969482422,3.700000047683716,3.7049999237060547,2.64910888671875,17633000,0.0,0.0,AVGO
2012-04-17 00:00:00-04:00,3.736999988555908,3.7950000762939453,3.7219998836517334,3.7739999294281006,2.6984455585479736,11296000,0.0,0.0,AVGO
2012-04-18 00:00:00-04:00,3.755000114440918,3.7809998989105225,3.7109999656677246,3.747999906539917,2.6798551082611084,8837000,0.0,0.0,AVGO
2012-04-19 00:00:00-04:00,3.697999954223633,3.7190001010894775,3.561000108718872,3.571000099182129,2.5532989501953125,28969000,0.0,0.0,AVGO
2012-04-20 00:00:00-04:00,3.575000047683716,3.575000047683716,3.3610000610351562,3.427999973297119,2.451051950454712,80400000,0.0,0.0,AVGO
2012-04-23 00:00:00-04:00,3.377000093460083,3.382999897003174,3.313999891281128,3.322999954223633,2.375976324081421,43912000,0.0,0.0,AVGO
2012-04-24 00:00:00-04:00,3.319000005722046,3.3259999752044678,3.23799991607666,3.2679998874664307,2.3366503715515137,37246000,0.0,0.0,AVGO
2012-04-25 00:00:00-04:00,3.453000068664551,3.5269999504089355,3.4159998893737793,3.497999906539917,2.5011022090911865,40196000,0.0,0.0,AVGO
2012-04-26 00:00:00-04:00,3.4690001010894775,3.5250000953674316,3.440999984741211,3.50600004196167,2.5068228244781494,16242000,0.0,0.0,AVGO
2012-04-27 00:00:00-04:00,3.509000062942505,3.5309998989105225,3.450000047683716,3.4600000381469727,2.4739327430725098,17007000,0.0,0.0,AVGO
2012-04-30 00:00:00-04:00,3.441999912261963,3.4619998931884766,3.4089999198913574,3.447999954223633,2.465353012084961,13464000,0.0,0.0,AVGO
2012-05-01 00:00:00-04:00,3.453000068664551,3.494999885559082,3.4170000553131104,3.446000099182129,2.4639222621917725,11762000,0.0,0.0,AVGO
2012-05-02 00:00:00-04:00,3.4130001068115234,3.4860000610351562,3.385999917984009,3.4779999256134033,2.4868016242980957,8848000,0.0,0.0,AVGO
2012-05-03 00:00:00-04:00,3.4709999561309814,3.4730000495910645,3.3289999961853027,3.3359999656677246,2.3852713108062744,18368000,0.0,0.0,AVGO
2012-05-04 00:00:00-04:00,3.2929999828338623,3.3359999656677246,3.1570000648498535,3.1630001068115234,2.2615742683410645,38604000,0.0,0.0,AVGO
2012-05-07 00:00:00-04:00,3.1559998989105225,3.1989998817443848,3.121000051498413,3.130000114440918,2.23797869682312,19848000,0.0,0.0,AVGO
2012-05-08 00:00:00-04:00,3.1089999675750732,3.1670000553131104,3.0899999141693115,3.1549999713897705,2.255854368209839,28533000,0.0,0.0,AVGO
2012-05-09 00:00:00-04:00,3.117000102996826,3.124000072479248,3.072000026702881,3.1070001125335693,2.22153377532959,24596000,0.0,0.0,AVGO
2012-05-10 00:00:00-04:00,3.119999885559082,3.134999990463257,3.062999963760376,3.0880000591278076,2.207948923110962,22290000,0.0,0.0,AVGO
2012-05-11 00:00:00-04:00,3.069000005722046,3.115000009536743,3.061000108718872,3.0940001010894775,2.2122395038604736,29039000,0.0,0.0,AVGO
2012-05-14 00:00:00-04:00,3.068000078201294,3.1449999809265137,3.046999931335449,3.11299991607666,2.2258241176605225,18594000,0.0,0.0,AVGO
2012-05-15 00:00:00-04:00,3.11899995803833,3.1659998893737793,3.0910000801086426,3.1050000190734863,2.220104217529297,21493000,0.0,0.0,AVGO
2012-05-16 00:00:00-04:00,3.1059999465942383,3.1659998893737793,3.071000099182129,3.0769999027252197,2.2000832557678223,19452000,0.0,0.0,AVGO
2012-05-17 00:00:00-04:00,3.069999933242798,3.0940001010894775,3.005000114440918,3.006999969482422,2.1500329971313477,18872000,0.0,0.0,AVGO
2012-05-18 00:00:00-04:00,3.0230000019073486,3.0250000953674316,2.9709999561309814,3.002000093460083,2.146458387374878,22855000,0.0,0.0,AVGO
2012-05-21 00:00:00-04:00,3.0,3.0910000801086426,2.9700000286102295,3.0910000801086426,2.2100939750671387,28360000,0.0,0.0,AVGO
2012-05-22 00:00:00-04:00,3.0940001010894775,3.1419999599456787,3.0829999446868896,3.127000093460083,2.2358338832855225,28475000,0.0,0.0,AVGO
2012-05-23 00:00:00-04:00,3.1689999103546143,3.3589999675750732,3.1500000953674316,3.3519999980926514,2.3967111110687256,47735000,0.0,0.0,AVGO
2012-05-24 00:00:00-04:00,3.3459999561309814,3.3519999980926514,3.243000030517578,3.250999927520752,2.3244948387145996,27487000,0.0,0.0,AVGO
2012-05-25 00:00:00-04:00,3.259999990463257,3.3399999141693115,3.256999969482422,3.315000057220459,2.370255947113037,15457000,0.0,0.0,AVGO
2012-05-29 00:00:00-04:00,3.3550000190734863,3.4509999752044678,3.321000099182129,3.444999933242798,2.4632070064544678,19163000,0.0,0.0,AVGO
2012-05-30 00:00:00-04:00,3.3949999809265137,3.4049999713897705,3.2869999408721924,3.305999994277954,2.363820791244507,26237000,0.0,0.0,AVGO
2012-05-31 00:00:00-04:00,3.328000068664551,3.3380000591278076,3.246999979019165,3.309999942779541,2.36668062210083,19157000,0.0,0.0,AVGO
2012-06-01 00:00:00-04:00,3.243000030517578,3.2669999599456787,3.0859999656677246,3.0980000495910645,2.2150986194610596,38892000,0.0,0.0,AVGO
2012-06-04 00:00:00-04:00,3.121999979019165,3.1649999618530273,3.0179998874664307,3.052999973297119,2.1829237937927246,39732000,0.0,0.0,AVGO
2012-06-05 00:00:00-04:00,3.058000087738037,3.1489999294281006,3.0390000343322754,3.1410000324249268,2.245845079421997,36053000,0.0,0.0,AVGO
2012-06-06 00:00:00-04:00,3.180000066757202,3.2990000247955322,3.1579999923706055,3.296999931335449,2.3573856353759766,25299000,0.0,0.0,AVGO
2012-06-07 00:00:00-04:00,3.3429999351501465,3.3480000495910645,3.2860000133514404,3.2950000762939453,2.3559558391571045,23101000,0.0,0.0,AVGO
2012-06-08 00:00:00-04:00,3.2829999923706055,3.4040000438690186,3.25,3.384000062942505,2.4195923805236816,25119000,0.0,0.0,AVGO
2012-06-11 00:00:00-04:00,3.4089999198913574,3.4260001182556152,3.313999891281128,3.3239998817443848,2.3766908645629883,15443000,0.0,0.0,AVGO
2012-06-12 00:00:00-04:00,3.3310000896453857,3.4170000553131104,3.3310000896453857,3.3919999599456787,2.425312042236328,18471000,0.0,0.0,AVGO
2012-06-13 00:00:00-04:00,3.3910000324249268,3.4489998817443848,3.365000009536743,3.4040000438690186,2.433892011642456,20580000,0.0,0.0,AVGO
2012-06-14 00:00:00-04:00,3.378999948501587,3.380000114440918,3.265000104904175,3.3310000896453857,2.392237424850464,23709000,0.015,0.0,AVGO
2012-06-15 00:00:00-04:00,3.3359999656677246,3.434000015258789,3.3340001106262207,3.4070000648498535,2.4468188285827637,18289000,0.0,0.0,AVGO
2012-06-18 00:00:00-04:00,3.3949999809265137,3.507999897003174,3.38100004196167,3.4760000705718994,2.496372699737549,17163000,0.0,0.0,AVGO
2012-06-19 00:00:00-04:00,3.492000102996826,3.5,3.440000057220459,3.4700000286102295,2.4920644760131836,19152000,0.0,0.0,AVGO
2012-06-20 00:00:00-04:00,3.4800000190734863,3.553999900817871,3.4790000915527344,3.5269999504089355,2.5329999923706055,29267000,0.0,0.0,AVGO
2012-06-21 00:00:00-04:00,3.5250000953674316,3.5390000343322754,3.438999891281128,3.447999954223633,2.4762649536132812,23173000,0.0,0.0,AVGO
2012-06-22 00:00:00-04:00,3.446000099182129,3.505000114440918,3.437999963760376,3.4800000190734863,2.4992456436157227,55520000,0.0,0.0,AVGO
2012-06-25 00:00:00-04:00,3.437999963760376,3.4639999866485596,3.4040000438690186,3.4210000038146973,2.4568727016448975,23592000,0.0,0.0,AVGO
2012-06-26 00:00:00-04:00,3.430000066757202,3.4619998931884766,3.3959999084472656,3.438999891281128,2.4698004722595215,18656000,0.0,0.0,AVGO
2012-06-27 00:00:00-04:00,3.441999912261963,3.50600004196167,3.433000087738037,3.490000009536743,2.50642728805542,11415000,0.0,0.0,AVGO
2012-06-28 00:00:00-04:00,3.4509999752044678,3.4739999771118164,3.3929998874664307,3.430999994277954,2.464054584503174,16941000,0.0,0.0,AVGO
2012-06-29 00:00:00-04:00,3.502000093460083,3.5940001010894775,3.502000093460083,3.5899999141693115,2.578244924545288,18990000,0.0,0.0,AVGO
2012-07-02 00:00:00-04:00,3.5769999027252197,3.61899995803833,3.5269999504089355,3.5490000247955322,2.5487992763519287,21855000,0.0,0.0,AVGO
2012-07-03 00:00:00-04:00,3.555999994277954,3.5799999237060547,3.5439999103546143,3.5739998817443848,2.5667529106140137,9803000,0.0,0.0,AVGO
2012-07-05 00:00:00-04:00,3.5739998817443848,3.5959999561309814,3.546999931335449,3.558000087738037,2.5552635192871094,8576000,0.0,0.0,AVGO
2012-07-06 00:00:00-04:00,3.549999952316284,3.552000045776367,3.4070000648498535,3.447999954223633,2.4762649536132812,14716000,0.0,0.0,AVGO
2012-07-09 00:00:00-04:00,3.450000047683716,3.4600000381469727,3.312000036239624,3.3289999961853027,2.3908016681671143,21974000,0.0,0.0,AVGO
2012-07-10 00:00:00-04:00,3.359999895095825,3.4070000648498535,3.325000047683716,3.3429999351501465,2.4008548259735107,21338000,0.0,0.0,AVGO
2012-07-11 00:00:00-04:00,3.3410000801086426,3.3550000190734863,3.2929999828338623,3.309999942779541,2.377155303955078,18940000,0.0,0.0,AVGO
2012-07-12 00:00:00-04:00,3.2920000553131104,3.2990000247955322,3.2139999866485596,3.257999897003174,2.339810848236084,21140000,0.0,0.0,AVGO
2012-07-13 00:00:00-04:00,3.255000114440918,3.325000047683716,3.247999906539917,3.315000057220459,2.380746603012085,16791000,0.0,0.0,AVGO
2012-07-16 00:00:00-04:00,3.296999931335449,3.309000015258789,3.23799991607666,3.2739999294281006,2.351301908493042,13761000,0.0,0.0,AVGO
2012-07-17 00:00:00-04:00,3.309999942779541,3.322000026702881,3.256999969482422,3.303999900817871,2.3728461265563965,18038000,0.0,0.0,AVGO
2012-07-18 00:00:00-04:00,3.2990000247955322,3.4049999713897705,3.2909998893737793,3.378999948501587,2.426710367202759,21230000,0.0,0.0,AVGO
2012-07-19 00:00:00-04:00,3.453000068664551,3.640000104904175,3.441999912261963,3.6040000915527344,2.588298797607422,34675000,0.0,0.0,AVGO
2012-07-20 00:00:00-04:00,3.5950000286102295,3.5999999046325684,3.5250000953674316,3.5280001163482666,2.5337188243865967,14961000,0.0,0.0,AVGO
2012-07-23 00:00:00-04:00,3.4639999866485596,3.4800000190734863,3.372999906539917,3.4489998817443848,2.4769814014434814,15101000,0.0,0.0,AVGO
2012-07-24 00:00:00-04:00,3.4679999351501465,3.509000062942505,3.377000093460083,3.4179999828338623,2.4547183513641357,9758000,0.0,0.0,AVGO
2012-07-25 00:00:00-04:00,3.4130001068115234,3.4749999046325684,3.381999969482422,3.4210000038146973,2.4568727016448975,20470000,0.0,0.0,AVGO
2012-07-26 00:00:00-04:00,3.500999927520752,3.572999954223633,3.5,3.5439999103546143,2.545208692550659,13101000,0.0,0.0,AVGO
2012-07-27 00:00:00-04:00,3.5789999961853027,3.6470000743865967,3.555000066757202,3.61299991607666,2.594761848449707,11498000,0.0,0.0,AVGO
2012-07-30 00:00:00-04:00,3.631999969482422,3.6700000762939453,3.572000026702881,3.5969998836517334,2.5832719802856445,12044000,0.0,0.0,AVGO
2012-07-31 00:00:00-04:00,3.624000072479248,3.7639999389648438,3.621999979019165,3.690000057220459,2.650062084197998,23597000,0.0,0.0,AVGO
2012-08-01 00:00:00-04:00,3.7109999656677246,3.7119998931884766,3.6410000324249268,3.6689999103546143,2.6349806785583496,15423000,0.0,0.0,AVGO
2012-08-02 00:00:00-04:00,3.634999990463257,3.7139999866485596,3.609999895095825,3.6540000438690186,2.6242082118988037,13151000,0.0,0.0,AVGO
2012-08-03 00:00:00-04:00,3.7149999141693115,3.746000051498413,3.6670000553131104,3.7109999656677246,2.6651432514190674,14333000,0.0,0.0,AVGO
2012-08-06 00:00:00-04:00,3.7190001010894775,3.74399995803833,3.700000047683716,3.7070000171661377,2.6622707843780518,11303000,0.0,0.0,AVGO
2012-08-07 00:00:00-04:00,3.7279999256134033,3.763000011444092,3.7060000896453857,3.740000009536743,2.6859707832336426,15424000,0.0,0.0,AVGO
2012-08-08 00:00:00-04:00,3.746000051498413,3.7699999809265137,3.7249999046325684,3.747999906539917,2.691715717315674,17173000,0.0,0.0,AVGO
2012-08-09 00:00:00-04:00,3.7039999961853027,3.756999969482422,3.7009999752044678,3.7320001125335693,2.680224657058716,9996000,0.0,0.0,AVGO
2012-08-10 00:00:00-04:00,3.7230000495910645,3.743000030517578,3.677000045776367,3.7149999141693115,2.6680166721343994,14662000,0.0,0.0,AVGO
2012-08-13 00:00:00-04:00,3.7149999141693115,3.7149999141693115,3.6089999675750732,3.627000093460083,2.6048169136047363,21116000,0.0,0.0,AVGO
2012-08-14 00:00:00-04:00,3.6730000972747803,3.677000045776367,3.5980000495910645,3.615000009536743,2.596198558807373,24324000,0.0,0.0,AVGO
2012-08-15 00:00:00-04:00,3.6050000190734863,3.6630001068115234,3.5999999046325684,3.6579999923706055,2.6270806789398193,15984000,0.0,0.0,AVGO
2012-08-16 00:00:00-04:00,3.6700000762939453,3.7139999866485596,3.6700000762939453,3.690999984741211,2.650779962539673,25881000,0.0,0.0,AVGO
2012-08-17 00:00:00-04:00,3.7750000953674316,3.7880001068115234,3.640000104904175,3.684000015258789,2.6457536220550537,29985000,0.0,0.0,AVGO
2012-08-20 00:00:00-04:00,3.694999933242798,3.694999933242798,3.5409998893737793,3.5959999561309814,2.582554340362549,25468000,0.0,0.0,AVGO
2012-08-21 00:00:00-04:00,3.5999999046325684,3.6559998989105225,3.569999933242798,3.638000011444092,2.6127169132232666,19231000,0.0,0.0,AVGO
2012-08-22 00:00:00-04:00,3.625,3.6679999828338623,3.6040000915527344,3.6489999294281006,2.6206166744232178,13251000,0.0,0.0,AVGO
2012-08-23 00:00:00-04:00,3.624000072479248,3.630000114440918,3.572000026702881,3.6019999980926514,2.586862564086914,12060000,0.0,0.0,AVGO
2012-08-24 00:00:00-04:00,3.6019999980926514,3.634000062942505,3.5840001106262207,3.6050000190734863,2.5890161991119385,13030000,0.0,0.0,AVGO
2012-08-27 00:00:00-04:00,3.6070001125335693,3.61299991607666,3.563999891281128,3.5769999027252197,2.5689079761505127,13306000,0.0,0.0,AVGO
2012-08-28 00:00:00-04:00,3.5829999446868896,3.6419999599456787,3.568000078201294,3.627000093460083,2.6048169136047363,15320000,0.0,0.0,AVGO
2012-08-29 00:00:00-04:00,3.6389999389648438,3.686000108718872,3.621999979019165,3.6600000858306885,2.6285171508789062,11952000,0.0,0.0,AVGO
2012-08-30 00:00:00-04:00,3.6500000953674316,3.6500000953674316,3.5850000381469727,3.6019999980926514,2.586862564086914,13671000,0.0,0.0,AVGO
2012-08-31 00:00:00-04:00,3.628999948501587,3.680000066757202,3.5910000801086426,3.6570000648498535,2.6263620853424072,13266000,0.0,0.0,AVGO
2012-09-04 00:00:00-04:00,3.63700008392334,3.6589999198913574,3.5329999923706055,3.5889999866485596,2.577526092529297,21527000,0.0,0.0,AVGO
2012-09-05 00:00:00-04:00,3.561000108718872,3.562000036239624,3.505000114440918,3.5179998874664307,2.526535987854004,16184000,0.0,0.0,AVGO
2012-09-06 00:00:00-04:00,3.563999891281128,3.680999994277954,3.5190000534057617,3.6610000133514404,2.629235029220581,22883000,0.0,0.0,AVGO
2012-09-07 00:00:00-04:00,3.6710000038146973,3.683000087738037,3.609999895095825,3.619999885559082,2.5997891426086426,15846000,0.0,0.0,AVGO
2012-09-10 00:00:00-04:00,3.5959999561309814,3.61899995803833,3.494999885559082,3.5,2.5136091709136963,16238000,0.0,0.0,AVGO
2012-09-11 00:00:00-04:00,3.503999948501587,3.556999921798706,3.4830000400543213,3.496000051498413,2.5107359886169434,12420000,0.0,0.0,AVGO
2012-09-12 00:00:00-04:00,3.5220000743865967,3.549999952316284,3.500999927520752,3.5230000019073486,2.5301268100738525,13803000,0.0,0.0,AVGO
2012-09-13 00:00:00-04:00,3.5280001163482666,3.5399999618530273,3.444999933242798,3.506999969482422,2.5186357498168945,21875000,0.0,0.0,AVGO
2012-09-14 00:00:00-04:00,3.509000062942505,3.549999952316284,3.4700000286102295,3.50600004196167,2.517918825149536,34024000,0.0,0.0,AVGO
2012-09-17 00:00:00-04:00,3.5190000534057617,3.5390000343322754,3.48799991607666,3.5280001163482666,2.5337188243865967,15298000,0.0,0.0,AVGO
2012-09-18 00:00:00-04:00,3.507999897003174,3.5169999599456787,3.4649999141693115,3.5160000324249268,2.5366034507751465,10544000,0.016,0.0,AVGO
2012-09-19 00:00:00-04:00,3.513000011444092,3.5420000553131104,3.4749999046325684,3.505000114440918,2.528667688369751,20797000,0.0,0.0,AVGO
2012-09-20 00:00:00-04:00,3.4579999446868896,3.490999937057495,3.322000026702881,3.375,2.4348795413970947,40250000,0.0,0.0,AVGO
2012-09-21 00:00:00-04:00,3.433000087738037,3.611999988555908,3.433000087738037,3.5510001182556152,2.561854362487793,68640000,0.0,0.0,AVGO
2012-09-24 00:00:00-04:00,3.5,3.5139999389648438,3.4230000972747803,3.4600000381469727,2.4962024688720703,44190000,0.0,0.0,AVGO
2012-09-25 00:00:00-04:00,3.4560000896453857,3.499000072479248,3.2929999828338623,3.3010001182556152,2.3814926147460938,34009000,0.0,0.0,AVGO
2012-09-26 00:00:00-04:00,3.2739999294281006,3.3540000915527344,3.239000082015991,3.3459999561309814,2.413958787918091,41268000,0.0,0.0,AVGO
2012-09-27 00:00:00-04:00,3.318000078201294,3.499000072479248,3.296999931335449,3.490000009536743,2.517845869064331,41134000,0.0,0.0,AVGO
2012-09-28 00:00:00-04:00,3.444999933242798,3.502000093460083,3.4100000858306885,3.486999988555908,2.515681505203247,25908000,0.0,0.0,AVGO
2012-10-01 00:00:00-04:00,3.5139999389648438,3.553999900817871,3.4549999237060547,3.4690001010894775,2.502695322036743,20091000,0.0,0.0,AVGO
2012-10-02 00:00:00-04:00,3.490000009536743,3.490000009536743,3.4100000858306885,3.441999912261963,2.4832162857055664,17096000,0.0,0.0,AVGO
2012-10-03 00:00:00-04:00,3.453000068664551,3.505000114440918,3.443000078201294,3.4570000171661377,2.4940381050109863,27255000,0.0,0.0,AVGO
2012-10-04 00:00:00-04:00,3.4570000171661377,3.4570000171661377,3.4000000953674316,3.441999912261963,2.4832162857055664,11425000,0.0,0.0,AVGO
2012-10-05 00:00:00-04:00,3.4719998836517334,3.5280001163482666,3.4170000553131104,3.444000005722046,2.4846599102020264,15117000,0.0,0.0,AVGO
2012-10-08 00:00:00-04:00,3.4000000953674316,3.4230000972747803,3.371000051498413,3.388000011444092,2.44425892829895,10039000,0.0,0.0,AVGO
2012-10-09 00:00:00-04:00,3.3499999046325684,3.374000072479248,3.303999900817871,3.3589999675750732,2.4233367443084717,20770000,0.0,0.0,AVGO
2012-10-10 00:00:00-04:00,3.368000030517578,3.371000051498413,3.255000114440918,3.259000062942505,2.3511922359466553,14476000,0.0,0.0,AVGO
2012-10-11 00:00:00-04:00,3.3010001182556152,3.3480000495910645,3.25600004196167,3.2929999828338623,2.3757216930389404,13768000,0.0,0.0,AVGO
2012-10-12 00:00:00-04:00,3.2730000019073486,3.3010001182556152,3.253999948501587,3.2980000972747803,2.379329204559326,26733000,0.0,0.0,AVGO
2012-10-15 00:00:00-04:00,3.309999942779541,3.3359999656677246,3.2799999713897705,3.319000005722046,2.3944780826568604,17144000,0.0,0.0,AVGO
2012-10-16 00:00:00-04:00,3.3299999237060547,3.4590001106262207,3.322999954223633,3.434999942779541,2.4781672954559326,18602000,0.0,0.0,AVGO
2012-10-17 00:00:00-04:00,3.4089999198913574,3.4600000381469727,3.388000011444092,3.4110000133514404,2.4608521461486816,13410000,0.0,0.0,AVGO
2012-10-18 00:00:00-04:00,3.4070000648498535,3.440000057220459,3.38100004196167,3.4049999713897705,2.4565231800079346,12752000,0.0,0.0,AVGO
2012-10-19 00:00:00-04:00,3.4119999408721924,3.4179999828338623,3.2899999618530273,3.319000005722046,2.3944780826568604,19088000,0.0,0.0,AVGO
2012-10-22 00:00:00-04:00,3.3480000495910645,3.36899995803833,3.299999952316284,3.3399999141693115,2.4096288681030273,12707000,0.0,0.0,AVGO
2012-10-23 00:00:00-04:00,3.2960000038146973,3.3350000381469727,3.2820000648498535,3.3239998817443848,2.3980863094329834,10953000,0.0,0.0,AVGO
2012-10-24 00:00:00-04:00,3.3529999256134033,3.3589999675750732,3.259000062942505,3.2730000019073486,2.3612921237945557,13522000,0.0,0.0,AVGO
2012-10-25 00:00:00-04:00,3.306999921798706,3.374000072479248,3.303999900817871,3.369999885559082,2.43127179145813,15396000,0.0,0.0,AVGO
2012-10-26 00:00:00-04:00,3.369999885559082,3.3989999294281006,3.3399999141693115,3.382999897003174,2.4406511783599854,12623000,0.0,0.0,AVGO
2012-10-31 00:00:00-04:00,3.361999988555908,3.369999885559082,3.2809998989105225,3.302999973297119,2.382934808731079,22851000,0.0,0.0,AVGO
2012-11-01 00:00:00-04:00,3.3289999961853027,3.4560000896453857,3.305000066757202,3.450000047683716,2.4889883995056152,18725000,0.0,0.0,AVGO
2012-11-02 00:00:00-04:00,3.4709999561309814,3.484999895095825,3.3940000534057617,3.3970000743865967,2.450751543045044,19223000,0.0,0.0,AVGO
2012-11-05 00:00:00-05:00,3.299999952316284,3.441999912261963,3.2990000247955322,3.431999921798706,2.4760019779205322,13881000,0.0,0.0,AVGO
2012-11-06 00:00:00-05:00,3.431999921798706,3.5280001163482666,3.4210000038146973,3.5280001163482666,2.5452616214752197,20045000,0.0,0.0,AVGO
2012-11-07 00:00:00-05:00,3.4779999256134033,3.510999917984009,3.3889999389648438,3.3959999084472656,2.45003080368042,20751000,0.0,0.0,AVGO
2012-11-08 00:00:00-05:00,3.499000072479248,3.499000072479248,3.382999897003174,3.384000062942505,2.441373348236084,13265000,0.0,0.0,AVGO
2012-11-09 00:00:00-05:00,3.4000000953674316,3.4000000953674316,3.3420000076293945,3.3480000495910645,2.415400266647339,14186000,0.0,0.0,AVGO
2012-11-12 00:00:00-05:00,3.3580000400543213,3.384999990463257,3.322000026702881,3.3610000610351562,2.4247794151306152,7607000,0.0,0.0,AVGO
2012-11-13 00:00:00-05:00,3.3259999752044678,3.381999969482422,3.318000078201294,3.328000068664551,2.4009714126586914,11113000,0.0,0.0,AVGO
2012-11-14 00:00:00-05:00,3.368000030517578,3.3889999389648438,3.2869999408721924,3.302999973297119,2.382934808731079,12054000,0.0,0.0,AVGO
2012-11-15 00:00:00-05:00,3.313999891281128,3.322000026702881,3.2090001106262207,3.2249999046325684,2.326662302017212,13745000,0.0,0.0,AVGO
2012-11-16 00:00:00-05:00,3.2209999561309814,3.23799991607666,3.1679999828338623,3.194000005722046,2.304298162460327,23888000,0.0,0.0,AVGO
2012-11-19 00:00:00-05:00,3.2279999256134033,3.2829999923706055,3.2009999752044678,3.2750000953674316,2.362734794616699,16664000,0.0,0.0,AVGO
2012-11-20 00:00:00-05:00,3.3320000171661377,3.3480000495910645,3.25,3.2809998989105225,2.3670639991760254,11905000,0.0,0.0,AVGO
2012-11-21 00:00:00-05:00,3.2780001163482666,3.2960000038146973,3.252000093460083,3.2820000648498535,2.3677847385406494,7802000,0.0,0.0,AVGO
2012-11-23 00:00:00-05:00,3.299999952316284,3.374000072479248,3.2850000858306885,3.3550000190734863,2.4204509258270264,8177000,0.0,0.0,AVGO
2012-11-26 00:00:00-05:00,3.375,3.4240000247955322,3.3410000801086426,3.4040000438690186,2.4558017253875732,16562000,0.0,0.0,AVGO
2012-11-27 00:00:00-05:00,3.385999917984009,3.453000068664551,3.359999895095825,3.4119999408721924,2.461573839187622,20547000,0.0,0.0,AVGO
2012-11-28 00:00:00-05:00,3.361999988555908,3.4649999141693115,3.3610000610351562,3.4560000896453857,2.4933173656463623,20702000,0.0,0.0,AVGO
2012-11-29 00:00:00-05:00,3.48799991607666,3.5429999828338623,3.4719998836517334,3.509999990463257,2.5322747230529785,19060000,0.0,0.0,AVGO
2012-11-30 00:00:00-05:00,3.4590001106262207,3.5429999828338623,3.390000104904175,3.509999990463257,2.5322747230529785,41634000,0.0,0.0,AVGO
2012-12-03 00:00:00-05:00,3.5390000343322754,3.558000087738037,3.4630000591278076,3.4809999465942383,2.511352777481079,17504000,0.0,0.0,AVGO
2012-12-04 00:00:00-05:00,3.4790000915527344,3.5160000324249268,3.4690001010894775,3.492000102996826,2.5192887783050537,16899000,0.0,0.0,AVGO
2012-12-05 00:00:00-05:00,3.503000020980835,3.5160000324249268,3.450000047683716,3.453000068664551,2.491152763366699,15875000,0.0,0.0,AVGO
2012-12-06 00:00:00-05:00,3.4539999961853027,3.515000104904175,3.446000099182129,3.51200008392334,2.5337181091308594,11963000,0.0,0.0,AVGO
2012-12-07 00:00:00-05:00,3.4230000972747803,3.4560000896453857,3.3949999809265137,3.424999952316284,2.470952033996582,85050000,0.0,0.0,AVGO
2012-12-10 00:00:00-05:00,3.437999963760376,3.4519999027252197,3.4100000858306885,3.444999933242798,2.4853808879852295,26845000,0.0,0.0,AVGO
2012-12-11 00:00:00-05:00,3.4660000801086426,3.48799991607666,3.433000087738037,3.4560000896453857,2.4933173656463623,43625000,0.0,0.0,AVGO
2012-12-12 00:00:00-05:00,3.4790000915527344,3.48799991607666,3.444999933242798,3.4570000171661377,2.4940381050109863,49274000,0.0,0.0,AVGO
2012-12-13 00:00:00-05:00,3.5,3.500999927520752,3.3589999675750732,3.369999885559082,2.4432878494262695,66194000,0.017,0.0,AVGO
2012-12-14 00:00:00-05:00,3.315999984741211,3.3269999027252197,3.049999952316284,3.114000082015991,2.2576847076416016,98714000,0.0,0.0,AVGO
2012-12-17 00:00:00-05:00,3.1389999389648438,3.200000047683716,3.1019999980926514,3.1989998817443848,2.319310188293457,70583000,0.0,0.0,AVGO
2012-12-18 00:00:00-05:00,3.2230000495910645,3.25,3.1689999103546143,3.2269999980926514,2.3396098613739014,41414000,0.0,0.0,AVGO
2012-12-19 00:00:00-05:00,3.2290000915527344,3.25,3.194000005722046,3.1989998817443848,2.319310188293457,25023000,0.0,0.0,AVGO
2012-12-20 00:00:00-05:00,3.2049999237060547,3.2239999771118164,3.1419999599456787,3.190000057220459,2.3127856254577637,23788000,0.0,0.0,AVGO
2012-12-21 00:00:00-05:00,3.114000082015991,3.1570000648498535,3.1010000705718994,3.135999917984009,2.273634672164917,35064000,0.0,0.0,AVGO
2012-12-24 00:00:00-05:00,3.128999948501587,3.132999897003174,3.0980000495910645,3.115000009536743,2.2584097385406494,7995000,0.0,0.0,AVGO
2012-12-26 00:00:00-05:00,3.121999979019165,3.1570000648498535,3.0769999027252197,3.0880000591278076,2.238834857940674,16339000,0.0,0.0,AVGO
2012-12-27 00:00:00-05:00,3.1080000400543213,3.1489999294281006,3.069000005722046,3.13700008392334,2.274360179901123,27545000,0.0,0.0,AVGO
2012-12-28 00:00:00-05:00,3.1059999465942383,3.1470000743865967,3.0959999561309814,3.115000009536743,2.2584097385406494,19617000,0.0,0.0,AVGO
2012-12-31 00:00:00-05:00,3.132999897003174,3.177999973297119,3.0969998836517334,3.1649999618530273,2.2946598529815674,26644000,0.0,0.0,AVGO
2013-01-02 00:00:00-05:00,3.243000030517578,3.305999994277954,3.2239999771118164,3.253999948501587,2.3591866493225098,36716000,0.0,0.0,AVGO
2013-01-03 00:00:00-05:00,3.2339999675750732,3.2980000972747803,3.2339999675750732,3.2709999084472656,2.371511936187744,23295000,0.0,0.0,AVGO
2013-01-04 00:00:00-05:00,3.2699999809265137,3.2769999504089355,3.2190001010894775,3.25,2.3562867641448975,27113000,0.0,0.0,AVGO
2013-01-07 00:00:00-05:00,3.236999988555908,3.249000072479248,3.2100000381469727,3.2320001125335693,2.343236207962036,16822000,0.0,0.0,AVGO
2013-01-08 00:00:00-05:00,3.244999885559082,3.2699999809265137,3.2090001106262207,3.2100000381469727,2.3272857666015625,20969000,0.0,0.0,AVGO
2013-01-09 00:00:00-05:00,3.25,3.2960000038146973,3.2360000610351562,3.2809998989105225,2.3787617683410645,29456000,0.0,0.0,AVGO
2013-01-10 00:00:00-05:00,3.3459999561309814,3.3589999675750732,3.302000045776367,3.3519999980926514,2.4302375316619873,44591000,0.0,0.0,AVGO
2013-01-11 00:00:00-05:00,3.3540000915527344,3.437000036239624,3.3489999771118164,3.434000015258789,2.4896881580352783,47871000,0.0,0.0,AVGO
2013-01-14 00:00:00-05:00,3.384000062942505,3.4619998931884766,3.364000082015991,3.4570000171661377,2.5063631534576416,49258000,0.0,0.0,AVGO
2013-01-15 00:00:00-05:00,3.430000066757202,3.444000005722046,3.381999969482422,3.38700008392334,2.455612897872925,33736000,0.0,0.0,AVGO
2013-01-16 00:00:00-05:00,3.38100004196167,3.4609999656677246,3.377000093460083,3.4560000896453857,2.505638360977173,27669000,0.0,0.0,AVGO
2013-01-17 00:00:00-05:00,3.4779999256134033,3.496999979019165,3.4590001106262207,3.4809999465942383,2.5237627029418945,21065000,0.0,0.0,AVGO
2013-01-18 00:00:00-05:00,3.4539999961853027,3.4749999046325684,3.430999994277954,3.444000005722046,2.4969379901885986,18830000,0.0,0.0,AVGO
2013-01-22 00:00:00-05:00,3.444999933242798,3.4609999656677246,3.433000087738037,3.444000005722046,2.4969379901885986,13809000,0.0,0.0,AVGO
2013-01-23 00:00:00-05:00,3.484999895095825,3.5,3.4170000553131104,3.441999912261963,2.495487689971924,22791000,0.0,0.0,AVGO
2013-01-24 00:00:00-05:00,3.371000051498413,3.430999994277954,3.3589999675750732,3.3929998874664307,2.459962844848633,44567000,0.0,0.0,AVGO
2013-01-25 00:00:00-05:00,3.382999897003174,3.428999900817871,3.381999969482422,3.4159998893737793,2.476637840270996,35089000,0.0,0.0,AVGO
2013-01-28 00:00:00-05:00,3.440000057220459,3.453000068664551,3.4110000133514404,3.447999954223633,2.4998388290405273,38462000,0.0,0.0,AVGO
2013-01-29 00:00:00-05:00,3.430000066757202,3.4709999561309814,3.4179999828338623,3.4570000171661377,2.5063631534576416,23732000,0.0,0.0,AVGO
2013-01-30 00:00:00-05:00,3.4489998817443848,3.5329999923706055,3.4489998817443848,3.505000114440918,2.541163921356201,25185000,0.0,0.0,AVGO
2013-01-31 00:00:00-05:00,3.552000045776367,3.6089999675750732,3.5250000953674316,3.5769999027252197,2.59336519241333,67764000,0.0,0.0,AVGO
2013-02-01 00:00:00-05:00,3.5920000076293945,3.630000114440918,3.5820000171661377,3.625999927520752,2.628890037536621,27973000,0.0,0.0,AVGO
2013-02-04 00:00:00-05:00,3.575000047683716,3.621000051498413,3.5139999389648438,3.5179998874664307,2.550588846206665,43401000,0.0,0.0,AVGO
2013-02-05 00:00:00-05:00,3.507999897003174,3.556999921798706,3.50600004196167,3.5409998893737793,2.5672645568847656,29392000,0.0,0.0,AVGO
2013-02-06 00:00:00-05:00,3.5230000019073486,3.5789999961853027,3.509000062942505,3.563999891281128,2.583939552307129,20811000,0.0,0.0,AVGO
2013-02-07 00:00:00-05:00,3.563999891281128,3.563999891281128,3.4539999961853027,3.496000051498413,2.5346381664276123,42435000,0.0,0.0,AVGO
2013-02-08 00:00:00-05:00,3.5280001163482666,3.552999973297119,3.505000114440918,3.5320000648498535,2.5607388019561768,32966000,0.0,0.0,AVGO
2013-02-11 00:00:00-05:00,3.5380001068115234,3.569000005722046,3.5,3.5399999618530273,2.5665392875671387,29999000,0.0,0.0,AVGO
2013-02-12 00:00:00-05:00,3.5199999809265137,3.5350000858306885,3.4779999256134033,3.5139999389648438,2.5476887226104736,31224000,0.0,0.0,AVGO
2013-02-13 00:00:00-05:00,3.5360000133514404,3.5490000247955322,3.489000082015991,3.5169999599456787,2.5498645305633545,26590000,0.0,0.0,AVGO
2013-02-14 00:00:00-05:00,3.509000062942505,3.566999912261963,3.499000072479248,3.563999891281128,2.583939552307129,32372000,0.0,0.0,AVGO
2013-02-15 00:00:00-05:00,3.558000087738037,3.578000068664551,3.497999906539917,3.5139999389648438,2.5476887226104736,25317000,0.0,0.0,AVGO
2013-02-19 00:00:00-05:00,3.5,3.555000066757202,3.4800000190734863,3.553999900817871,2.576690435409546,24396000,0.0,0.0,AVGO
2013-02-20 00:00:00-05:00,3.5480000972747803,3.572999954223633,3.4670000076293945,3.4670000076293945,2.51361346244812,33262000,0.0,0.0,AVGO
2013-02-21 00:00:00-05:00,3.447000026702881,3.4679999351501465,3.2960000038146973,3.367000102996826,2.441112518310547,61853000,0.0,0.0,AVGO
2013-02-22 00:00:00-05:00,3.3970000743865967,3.447000026702881,3.371000051498413,3.4089999198913574,2.4715638160705566,18964000,0.0,0.0,AVGO
2013-02-25 00:00:00-05:00,3.4130001068115234,3.421999931335449,3.2939999103546143,3.2950000762939453,2.3889119625091553,30632000,0.0,0.0,AVGO
2013-02-26 00:00:00-05:00,3.312999963760376,3.3399999141693115,3.2660000324249268,3.312999963760376,2.4019620418548584,34556000,0.0,0.0,AVGO
2013-02-27 00:00:00-05:00,3.380000114440918,3.437000036239624,3.36299991607666,3.36899995803833,2.4425623416900635,35971000,0.0,0.0,AVGO
2013-02-28 00:00:00-05:00,3.36899995803833,3.430999994277954,3.3329999446868896,3.421999931335449,2.480988025665283,34786000,0.0,0.0,AVGO
2013-03-01 00:00:00-05:00,3.3919999599456787,3.4089999198913574,3.3259999752044678,3.369999885559082,2.4432878494262695,31500000,0.0,0.0,AVGO
2013-03-04 00:00:00-05:00,3.3559999465942383,3.369999885559082,3.3010001182556152,3.3540000915527344,2.431687831878662,17005000,0.0,0.0,AVGO
2013-03-05 00:00:00-05:00,3.369999885559082,3.436000108718872,3.368000030517578,3.433000087738037,2.4889636039733887,30510000,0.0,0.0,AVGO
2013-03-06 00:00:00-05:00,3.430999994277954,3.4769999980926514,3.4210000038146973,3.4709999561309814,2.5165131092071533,24610000,0.0,0.0,AVGO
2013-03-07 00:00:00-05:00,3.4690001010894775,3.513000011444092,3.440000057220459,3.496999979019165,2.5353641510009766,30738000,0.0,0.0,AVGO
2013-03-08 00:00:00-05:00,3.505000114440918,3.5409998893737793,3.497999906539917,3.5269999504089355,2.5571141242980957,19688000,0.0,0.0,AVGO
2013-03-11 00:00:00-04:00,3.507999897003174,3.565999984741211,3.496999979019165,3.5260000228881836,2.5563886165618896,28173000,0.0,0.0,AVGO
2013-03-12 00:00:00-04:00,3.5220000743865967,3.553999900817871,3.5,3.5450000762939453,2.5701639652252197,22477000,0.0,0.0,AVGO
2013-03-13 00:00:00-04:00,3.549999952316284,3.6110000610351562,3.5260000228881836,3.5989999771118164,2.6093151569366455,27495000,0.0,0.0,AVGO
2013-03-14 00:00:00-04:00,3.6050000190734863,3.697999954223633,3.6029999256134033,3.6659998893737793,2.657891273498535,43449000,0.0,0.0,AVGO
2013-03-15 00:00:00-04:00,3.6700000762939453,3.677999973297119,3.5810000896453857,3.5999999046325684,2.6100411415100098,34447000,0.0,0.0,AVGO
2013-03-18 00:00:00-04:00,3.558000087738037,3.5899999141693115,3.505000114440918,3.5260000228881836,2.5563886165618896,28689000,0.0,0.0,AVGO
2013-03-19 00:00:00-04:00,3.5390000343322754,3.5820000171661377,3.503999948501587,3.5299999713897705,2.5592899322509766,33400000,0.0,0.0,AVGO
2013-03-20 00:00:00-04:00,3.568000078201294,3.6080000400543213,3.5350000858306885,3.5929999351501465,2.6049644947052,29636000,0.0,0.0,AVGO
2013-03-21 00:00:00-04:00,3.5409998893737793,3.5759999752044678,3.513000011444092,3.555999994277954,2.591845750808716,27816000,0.019,0.0,AVGO
2013-03-22 00:00:00-04:00,3.5769999027252197,3.6040000915527344,3.5380001068115234,3.5799999237060547,2.609337568283081,17306000,0.0,0.0,AVGO
2013-03-25 00:00:00-04:00,3.5869998931884766,3.5889999866485596,3.5250000953674316,3.552000045776367,2.588930368423462,12888000,0.0,0.0,AVGO
2013-03-26 00:00:00-04:00,3.566999912261963,3.5980000495910645,3.555999994277954,3.5789999961853027,2.608609199523926,9556000,0.0,0.0,AVGO
2013-03-27 00:00:00-04:00,3.546999931335449,3.572999954223633,3.5250000953674316,3.563999891281128,2.5976762771606445,14861000,0.0,0.0,AVGO
2013-03-28 00:00:00-04:00,3.5799999237060547,3.5929999351501465,3.5480000972747803,3.5920000076293945,2.61808443069458,14740000,0.0,0.0,AVGO
2013-04-01 00:00:00-04:00,3.5820000171661377,3.5999999046325684,3.5190000534057617,3.5339999198913574,2.575810194015503,18501000,0.0,0.0,AVGO
2013-04-02 00:00:00-04:00,3.556999921798706,3.561000108718872,3.4769999980926514,3.48799991607666,2.542283058166504,23020000,0.0,0.0,AVGO
2013-04-03 00:00:00-04:00,3.48799991607666,3.507999897003174,3.4100000858306885,3.430999994277954,2.500737428665161,18297000,0.0,0.0,AVGO
2013-04-04 00:00:00-04:00,3.4240000247955322,3.4679999351501465,3.3959999084472656,3.4600000381469727,2.52187442779541,15348000,0.0,0.0,AVGO
2013-04-05 00:00:00-04:00,3.4010000228881836,3.441999912261963,3.3329999446868896,3.433000087738037,2.502195119857788,14449000,0.0,0.0,AVGO
2013-04-08 00:00:00-04:00,3.424999952316284,3.4670000076293945,3.3970000743865967,3.4660000801086426,2.526247501373291,12357000,0.0,0.0,AVGO
2013-04-09 00:00:00-04:00,3.4709999561309814,3.513000011444092,3.421999931335449,3.4779999256134033,2.5349931716918945,16008000,0.0,0.0,AVGO
2013-04-10 00:00:00-04:00,3.4809999465942383,3.549999952316284,3.4790000915527344,3.5380001068115234,2.578725576400757,14817000,0.0,0.0,AVGO
2013-04-11 00:00:00-04:00,3.5239999294281006,3.5920000076293945,3.500999927520752,3.562999963760376,2.5969479084014893,18282000,0.0,0.0,AVGO
2013-04-12 00:00:00-04:00,3.549999952316284,3.552999973297119,3.4560000896453857,3.490999937057495,2.5444693565368652,16125000,0.0,0.0,AVGO
2013-04-15 00:00:00-04:00,3.4679999351501465,3.4730000495910645,3.371999979019165,3.378000020980835,2.4621074199676514,24634000,0.0,0.0,AVGO
2013-04-16 00:00:00-04:00,3.4079999923706055,3.4600000381469727,3.385999917984009,3.4579999446868896,2.5204169750213623,22491000,0.0,0.0,AVGO
2013-04-17 00:00:00-04:00,3.375,3.377000093460083,3.2279999256134033,3.240000009536743,2.361523389816284,64010000,0.0,0.0,AVGO
2013-04-18 00:00:00-04:00,3.309999942779541,3.328000068664551,3.125,3.13700008392334,2.2864511013031006,41056000,0.0,0.0,AVGO
2013-04-19 00:00:00-04:00,3.125,3.187999963760376,3.0829999446868896,3.125999927520752,2.2784335613250732,37180000,0.0,0.0,AVGO
2013-04-22 00:00:00-04:00,3.135999917984009,3.184000015258789,3.056999921798706,3.1579999923706055,2.3017566204071045,36395000,0.0,0.0,AVGO
2013-04-23 00:00:00-04:00,3.186000108718872,3.242000102996826,3.171999931335449,3.236999988555908,2.3593366146087646,25542000,0.0,0.0,AVGO
2013-04-24 00:00:00-04:00,3.236999988555908,3.2839999198913574,3.2039999961853027,3.26200008392334,2.377558469772339,32062000,0.0,0.0,AVGO
2013-04-25 00:00:00-04:00,3.2809998989105225,3.319000005722046,3.253000020980835,3.263000011444092,2.3782877922058105,25126000,0.0,0.0,AVGO
2013-04-26 00:00:00-04:00,3.259000062942505,3.259000062942505,3.196000099182129,3.2109999656677246,2.340388298034668,30945000,0.0,0.0,AVGO
2013-04-29 00:00:00-04:00,3.234999895095825,3.2790000438690186,3.2200000286102295,3.253000020980835,2.3709990978240967,20430000,0.0,0.0,AVGO
2013-04-30 00:00:00-04:00,3.246999979019165,3.246999979019165,3.1549999713897705,3.196000099182129,2.329453945159912,52511000,0.0,0.0,AVGO
2013-05-01 00:00:00-04:00,3.2060000896453857,3.2070000171661377,3.125,3.131999969482422,2.282805919647217,37068000,0.0,0.0,AVGO
2013-05-02 00:00:00-04:00,3.1549999713897705,3.2230000495910645,3.13100004196167,3.2090001106262207,2.338928699493408,32536000,0.0,0.0,AVGO
2013-05-03 00:00:00-04:00,3.2160000801086426,3.239000082015991,3.184999942779541,3.187999963760376,2.3236231803894043,46901000,0.0,0.0,AVGO
2013-05-06 00:00:00-04:00,3.2049999237060547,3.2899999618530273,3.196000099182129,3.2799999713897705,2.390678882598877,32848000,0.0,0.0,AVGO
2013-05-07 00:00:00-04:00,3.2920000553131104,3.2950000762939453,3.246999979019165,3.253999948501587,2.3717286586761475,16093000,0.0,0.0,AVGO
2013-05-08 00:00:00-04:00,3.263000011444092,3.3519999980926514,3.257999897003174,3.3499999046325684,2.441699266433716,25437000,0.0,0.0,AVGO
2013-05-09 00:00:00-04:00,3.3480000495910645,3.4079999923706055,3.3399999141693115,3.38700008392334,2.46866774559021,29769000,0.0,0.0,AVGO
2013-05-10 00:00:00-04:00,3.3959999084472656,3.4140000343322754,3.382999897003174,3.4059998989105225,2.4825148582458496,15644000,0.0,0.0,AVGO
2013-05-13 00:00:00-04:00,3.382999897003174,3.4130001068115234,3.3589999675750732,3.361999988555908,2.450446367263794,14952000,0.0,0.0,AVGO
2013-05-14 00:00:00-04:00,3.3580000400543213,3.381999969482422,3.3329999446868896,3.369999885559082,2.4562759399414062,15938000,0.0,0.0,AVGO
2013-05-15 00:00:00-04:00,3.365999937057495,3.4189999103546143,3.3540000915527344,3.4179999828338623,2.491262912750244,16947000,0.0,0.0,AVGO
2013-05-16 00:00:00-04:00,3.4170000553131104,3.4519999027252197,3.390000104904175,3.4210000038146973,2.4934487342834473,24749000,0.0,0.0,AVGO
2013-05-17 00:00:00-04:00,3.4489998817443848,3.4779999256134033,3.436000108718872,3.443000078201294,2.5094845294952393,27443000,0.0,0.0,AVGO
2013-05-20 00:00:00-04:00,3.4240000247955322,3.4549999237060547,3.4240000247955322,3.444000005722046,2.5102121829986572,13881000,0.0,0.0,AVGO
2013-05-21 00:00:00-04:00,3.4609999656677246,3.513000011444092,3.444000005722046,3.509000062942505,2.557588815689087,20743000,0.0,0.0,AVGO
2013-05-22 00:00:00-04:00,3.497999906539917,3.5239999294281006,3.4230000972747803,3.4560000896453857,2.5189597606658936,33873000,0.0,0.0,AVGO
2013-05-23 00:00:00-04:00,3.4240000247955322,3.434999942779541,3.384000062942505,3.3970000743865967,2.475956916809082,28513000,0.0,0.0,AVGO
2013-05-24 00:00:00-04:00,3.385999917984009,3.4100000858306885,3.368000030517578,3.4100000858306885,2.485431671142578,15118000,0.0,0.0,AVGO
2013-05-28 00:00:00-04:00,3.453000068664551,3.4609999656677246,3.4010000228881836,3.444000005722046,2.5102121829986572,20919000,0.0,0.0,AVGO
2013-05-29 00:00:00-04:00,3.437000036239624,3.4700000286102295,3.4149999618530273,3.443000078201294,2.5094845294952393,22858000,0.0,0.0,AVGO
2013-05-30 00:00:00-04:00,3.619999885559082,3.822999954223633,3.609999895095825,3.7820000648498535,2.7565696239471436,82607000,0.0,0.0,AVGO
2013-05-31 00:00:00-04:00,3.7330000400543213,3.8269999027252197,3.7109999656677246,3.7730000019073486,2.750009059906006,33432000,0.0,0.0,AVGO
2013-06-03 00:00:00-04:00,3.7679998874664307,3.7730000019073486,3.6589999198913574,3.7300000190734863,2.718668222427368,27210000,0.0,0.0,AVGO
2013-06-04 00:00:00-04:00,3.740000009536743,3.819000005722046,3.739000082015991,3.7799999713897705,2.7551119327545166,33120000,0.0,0.0,AVGO
2013-06-05 00:00:00-04:00,3.7739999294281006,3.7769999504089355,3.681999921798706,3.700000047683716,2.696802854537964,15019000,0.0,0.0,AVGO
2013-06-06 00:00:00-04:00,3.7190001010894775,3.7219998836517334,3.6440000534057617,3.674999952316284,2.6785800457000732,29731000,0.0,0.0,AVGO
2013-06-07 00:00:00-04:00,3.6760001182556152,3.7330000400543213,3.615000009536743,3.7290000915527344,2.717940092086792,30733000,0.0,0.0,AVGO
2013-06-10 00:00:00-04:00,3.75,3.750999927520752,3.678999900817871,3.683000087738037,2.6844120025634766,26360000,0.0,0.0,AVGO
2013-06-11 00:00:00-04:00,3.6429998874664307,3.6760001182556152,3.625999927520752,3.628999948501587,2.6450531482696533,21699000,0.0,0.0,AVGO
2013-06-12 00:00:00-04:00,3.6659998893737793,3.6679999828338623,3.572000026702881,3.5980000495910645,2.6224584579467773,21307000,0.0,0.0,AVGO
2013-06-13 00:00:00-04:00,3.5739998817443848,3.7160000801086426,3.562000036239624,3.7109999656677246,2.720698356628418,29106000,0.021,0.0,AVGO
2013-06-14 00:00:00-04:00,3.7139999866485596,3.7799999713897705,3.7049999237060547,3.759000062942505,2.755889892578125,21762000,0.0,0.0,AVGO
2013-06-17 00:00:00-04:00,3.7799999713897705,3.8340001106262207,3.7730000019073486,3.809000015258789,2.7925469875335693,24727000,0.0,0.0,AVGO
2013-06-18 00:00:00-04:00,3.803999900817871,3.880000114440918,3.7980000972747803,3.875,2.8409340381622314,27383000,0.0,0.0,AVGO
2013-06-19 00:00:00-04:00,3.86899995803833,3.88700008392334,3.806999921798706,3.806999921798706,2.791081190109253,24035000,0.0,0.0,AVGO
2013-06-20 00:00:00-04:00,3.7709999084472656,3.7939999103546143,3.691999912261963,3.7060000896453857,2.7170331478118896,31638000,0.0,0.0,AVGO
2013-06-21 00:00:00-04:00,3.7039999961853027,3.747999906539917,3.6619999408721924,3.73799991607666,2.7404937744140625,80030000,0.0,0.0,AVGO
2013-06-24 00:00:00-04:00,3.697999954223633,3.6989998817443848,3.609999895095825,3.6689999103546143,2.6899073123931885,36858000,0.0,0.0,AVGO
2013-06-25 00:00:00-04:00,3.7130000591278076,3.759000062942505,3.680999994277954,3.7100000381469727,2.719966173171997,26019000,0.0,0.0,AVGO
2013-06-26 00:00:00-04:00,3.739000082015991,3.7720000743865967,3.6989998817443848,3.7249999046325684,2.7309632301330566,20661000,0.0,0.0,AVGO
2013-06-27 00:00:00-04:00,3.747999906539917,3.7839999198913574,3.7290000915527344,3.7320001125335693,2.7360944747924805,26359000,0.0,0.0,AVGO
2013-06-28 00:00:00-04:00,3.700000047683716,3.76200008392334,3.6760001182556152,3.73799991607666,2.7404937744140625,22998000,0.0,0.0,AVGO
2013-07-01 00:00:00-04:00,3.7850000858306885,3.7869999408721924,3.7339999675750732,3.760999917984009,2.7573564052581787,27147000,0.0,0.0,AVGO
2013-07-02 00:00:00-04:00,3.7950000762939453,3.8980000019073486,3.7820000648498535,3.8480000495910645,2.8211398124694824,40377000,0.0,0.0,AVGO
2013-07-03 00:00:00-04:00,3.8389999866485596,3.88700008392334,3.812999963760376,3.8589999675750732,2.82920503616333,15203000,0.0,0.0,AVGO
2013-07-05 00:00:00-04:00,3.861999988555908,3.9179999828338623,3.815999984741211,3.88100004196167,2.8453328609466553,14447000,0.0,0.0,AVGO
2013-07-08 00:00:00-04:00,3.8929998874664307,3.9030001163482666,3.7190001010894775,3.7269999980926514,2.732429265975952,22643000,0.0,0.0,AVGO
2013-07-09 00:00:00-04:00,3.7720000743865967,3.796999931335449,3.73799991607666,3.757999897003174,2.755156993865967,13855000,0.0,0.0,AVGO
2013-07-10 00:00:00-04:00,3.757999897003174,3.8350000381469727,3.74399995803833,3.8329999446868896,2.810142993927002,17363000,0.0,0.0,AVGO
2013-07-11 00:00:00-04:00,3.753000020980835,3.859999895095825,3.747999906539917,3.8589999675750732,2.82920503616333,16769000,0.0,0.0,AVGO
2013-07-12 00:00:00-04:00,3.86899995803833,3.8980000019073486,3.868000030517578,3.8949999809265137,2.855597734451294,18342000,0.0,0.0,AVGO
2013-07-15 00:00:00-04:00,3.8980000019073486,3.9079999923706055,3.7960000038146973,3.8010001182556152,2.78668212890625,21551000,0.0,0.0,AVGO
2013-07-16 00:00:00-04:00,3.815999984741211,3.9140000343322754,3.815999984741211,3.88700008392334,2.8497323989868164,31254000,0.0,0.0,AVGO
2013-07-17 00:00:00-04:00,3.9010000228881836,3.9739999771118164,3.885999917984009,3.8919999599456787,2.853397846221924,23992000,0.0,0.0,AVGO
2013-07-18 00:00:00-04:00,3.875,3.888000011444092,3.744999885559082,3.759999990463257,2.7566235065460205,37050000,0.0,0.0,AVGO
2013-07-19 00:00:00-04:00,3.7750000953674316,3.815000057220459,3.750999927520752,3.7850000858306885,2.774951934814453,17757000,0.0,0.0,AVGO
2013-07-22 00:00:00-04:00,3.822999954223633,3.822999954223633,3.753999948501587,3.7790000438690186,2.7705531120300293,9869000,0.0,0.0,AVGO
2013-07-23 00:00:00-04:00,3.808000087738037,3.815999984741211,3.750999927520752,3.760999917984009,2.7573564052581787,16501000,0.0,0.0,AVGO
2013-07-24 00:00:00-04:00,3.7269999980926514,3.7990000247955322,3.686000108718872,3.688999891281128,2.7045702934265137,20506000,0.0,0.0,AVGO
2013-07-25 00:00:00-04:00,3.6500000953674316,3.697999954223633,3.630000114440918,3.690000057220459,2.7053024768829346,25512000,0.0,0.0,AVGO
2013-07-26 00:00:00-04:00,3.6530001163482666,3.684999942779541,3.634999990463257,3.677999973297119,2.6965057849884033,12256000,0.0,0.0,AVGO
2013-07-29 00:00:00-04:00,3.6619999408721924,3.690000057220459,3.638000011444092,3.6589999198913574,2.6825754642486572,13094000,0.0,0.0,AVGO
2013-07-30 00:00:00-04:00,3.674999952316284,3.700000047683716,3.634000062942505,3.684999942779541,2.7016372680664062,11651000,0.0,0.0,AVGO
2013-07-31 00:00:00-04:00,3.7009999752044678,3.7060000896453857,3.6559998989105225,3.6679999828338623,2.689173698425293,13124000,0.0,0.0,AVGO
2013-08-01 00:00:00-04:00,3.703000068664551,3.752000093460083,3.683000087738037,3.740000009536743,2.7419610023498535,19499000,0.0,0.0,AVGO
2013-08-02 00:00:00-04:00,3.7290000915527344,3.749000072479248,3.693000078201294,3.749000072479248,2.748558759689331,15183000,0.0,0.0,AVGO
2013-08-05 00:00:00-04:00,3.7219998836517334,3.740000009536743,3.696000099182129,3.7019999027252197,2.7141003608703613,11773000,0.0,0.0,AVGO
2013-08-06 00:00:00-04:00,3.693000078201294,3.694999933242798,3.6700000762939453,3.686000108718872,2.7023708820343018,10730000,0.0,0.0,AVGO
2013-08-07 00:00:00-04:00,3.697000026702881,3.7309999465942383,3.6679999828338623,3.7290000915527344,2.733896017074585,18035000,0.0,0.0,AVGO
2013-08-08 00:00:00-04:00,3.759999990463257,3.759999990463257,3.7279999256134033,3.7320001125335693,2.7360944747924805,19396000,0.0,0.0,AVGO
2013-08-09 00:00:00-04:00,3.7179999351501465,3.7239999771118164,3.6740000247955322,3.683000087738037,2.70017147064209,13858000,0.0,0.0,AVGO
2013-08-12 00:00:00-04:00,3.684000015258789,3.7799999713897705,3.6740000247955322,3.7699999809265137,2.7639544010162354,9880000,0.0,0.0,AVGO
2013-08-13 00:00:00-04:00,3.7839999198913574,3.812000036239624,3.7320001125335693,3.802000045776367,2.7874157428741455,13754000,0.0,0.0,AVGO
2013-08-14 00:00:00-04:00,3.7899999618530273,3.7939999103546143,3.7149999141693115,3.7219998836517334,2.7287635803222656,15271000,0.0,0.0,AVGO
2013-08-15 00:00:00-04:00,3.614000082015991,3.694000005722046,3.575000047683716,3.6019999980926514,2.6407861709594727,25111000,0.0,0.0,AVGO
2013-08-16 00:00:00-04:00,3.5969998836517334,3.634999990463257,3.5889999866485596,3.625,2.6576483249664307,13543000,0.0,0.0,AVGO
2013-08-19 00:00:00-04:00,3.631999969482422,3.6410000324249268,3.6080000400543213,3.625,2.6576483249664307,23389000,0.0,0.0,AVGO
2013-08-20 00:00:00-04:00,3.634000062942505,3.7100000381469727,3.628000020980835,3.678999900817871,2.6972389221191406,17417000,0.0,0.0,AVGO
2013-08-21 00:00:00-04:00,3.6640000343322754,3.6989998817443848,3.638000011444092,3.6589999198913574,2.6825754642486572,14425000,0.0,0.0,AVGO
2013-08-22 00:00:00-04:00,3.621999979019165,3.7130000591278076,3.6080000400543213,3.6610000133514404,2.684041738510132,9940000,0.0,0.0,AVGO
2013-08-23 00:00:00-04:00,3.678999900817871,3.7049999237060547,3.6480000019073486,3.6740000247955322,2.693572521209717,18312000,0.0,0.0,AVGO
2013-08-26 00:00:00-04:00,3.694999933242798,3.7720000743865967,3.684999942779541,3.747999906539917,2.7478256225585938,13890000,0.0,0.0,AVGO
2013-08-27 00:00:00-04:00,3.7839999198913574,3.7839999198913574,3.634999990463257,3.6549999713897705,2.679642677307129,29863000,0.0,0.0,AVGO
2013-08-28 00:00:00-04:00,3.8929998874664307,3.944999933242798,3.7899999618530273,3.828000068664551,2.8064773082733154,67806000,0.0,0.0,AVGO
2013-08-29 00:00:00-04:00,3.8399999141693115,3.9000000953674316,3.812999963760376,3.8949999809265137,2.855597734451294,35955000,0.0,0.0,AVGO
2013-08-30 00:00:00-04:00,3.8959999084472656,3.8989999294281006,3.8289999961853027,3.8510000705718994,2.8233392238616943,25073000,0.0,0.0,AVGO
2013-09-03 00:00:00-04:00,3.881999969482422,3.9130001068115234,3.803999900817871,3.8350000381469727,2.8116090297698975,17351000,0.0,0.0,AVGO
2013-09-04 00:00:00-04:00,3.8580000400543213,3.9130001068115234,3.815999984741211,3.8980000019073486,2.8577959537506104,12588000,0.0,0.0,AVGO
2013-09-05 00:00:00-04:00,3.9149999618530273,3.9200000762939453,3.871999979019165,3.878999948501587,2.843867063522339,14372000,0.0,0.0,AVGO
2013-09-06 00:00:00-04:00,3.9179999828338623,3.9179999828338623,3.822999954223633,3.8559999465942383,2.8270058631896973,17155000,0.0,0.0,AVGO
2013-09-09 00:00:00-04:00,3.88700008392334,3.9000000953674316,3.86299991607666,3.877000093460083,2.842400550842285,16364000,0.0,0.0,AVGO
2013-09-10 00:00:00-04:00,3.9000000953674316,3.9670000076293945,3.8949999809265137,3.9660000801086426,2.90765118598938,24344000,0.0,0.0,AVGO
2013-09-11 00:00:00-04:00,3.9230000972747803,3.947000026702881,3.868000030517578,3.924999952316284,2.877591609954834,23927000,0.0,0.0,AVGO
2013-09-12 00:00:00-04:00,3.933000087738037,3.944999933242798,3.8610000610351562,3.9030001163482666,2.8614625930786133,20006000,0.0,0.0,AVGO
2013-09-13 00:00:00-04:00,3.9159998893737793,3.927999973297119,3.869999885559082,3.8989999294281006,2.858530282974243,14480000,0.0,0.0,AVGO
2013-09-16 00:00:00-04:00,3.937000036239624,3.9679999351501465,3.9040000438690186,3.927999973297119,2.879791736602783,21556000,0.0,0.0,AVGO
2013-09-17 00:00:00-04:00,3.9749999046325684,4.035999774932861,3.950000047683716,4.01200008392334,2.95870041847229,37247000,0.023,0.0,AVGO
2013-09-18 00:00:00-04:00,4.021999835968018,4.067999839782715,3.9839999675750732,4.066999912261963,2.9992611408233643,23648000,0.0,0.0,AVGO
2013-09-19 00:00:00-04:00,4.074999809265137,4.079999923706055,4.014999866485596,4.074999809265137,3.005159616470337,25017000,0.0,0.0,AVGO
2013-09-20 00:00:00-04:00,4.116000175476074,4.257999897003174,4.083000183105469,4.1620001792907715,3.069319725036621,87192000,0.0,0.0,AVGO
2013-09-23 00:00:00-04:00,4.257999897003174,4.269000053405762,4.14900016784668,4.186999797821045,3.0877554416656494,29711000,0.0,0.0,AVGO
2013-09-24 00:00:00-04:00,4.184999942779541,4.258999824523926,4.164000034332275,4.241000175476074,3.1275784969329834,29753000,0.0,0.0,AVGO
2013-09-25 00:00:00-04:00,4.251999855041504,4.260000228881836,4.142000198364258,4.2210001945495605,3.1128299236297607,20584000,0.0,0.0,AVGO
2013-09-26 00:00:00-04:00,4.247000217437744,4.265999794006348,4.203999996185303,4.2270002365112305,3.1172540187835693,16874000,0.0,0.0,AVGO
2013-09-27 00:00:00-04:00,4.210999965667725,4.2769999504089355,4.184000015258789,4.269999980926514,3.14896559715271,21998000,0.0,0.0,AVGO
2013-09-30 00:00:00-04:00,4.210000038146973,4.328999996185303,4.197000026702881,4.308000087738037,3.176987648010254,35229000,0.0,0.0,AVGO
2013-10-01 00:00:00-04:00,4.314000129699707,4.36299991607666,4.297999858856201,4.3420000076293945,3.2020628452301025,27411000,0.0,0.0,AVGO
2013-10-02 00:00:00-04:00,4.307000160217285,4.34499979019165,4.294000148773193,4.341000080108643,3.2013251781463623,17366000,0.0,0.0,AVGO
2013-10-03 00:00:00-04:00,4.339000225067139,4.359000205993652,4.2829999923706055,4.329999923706055,3.19321346282959,22817000,0.0,0.0,AVGO
2013-10-04 00:00:00-04:00,4.3420000076293945,4.373000144958496,4.328999996185303,4.349999904632568,3.20796275138855,17246000,0.0,0.0,AVGO
2013-10-07 00:00:00-04:00,4.349999904632568,4.349999904632568,4.288000106811523,4.300000190734863,3.1710896492004395,14587000,0.0,0.0,AVGO
2013-10-08 00:00:00-04:00,4.310999870300293,4.3470001220703125,4.236000061035156,4.260000228881836,3.1415908336639404,21682000,0.0,0.0,AVGO
2013-10-09 00:00:00-04:00,4.296999931335449,4.306000232696533,4.183000087738037,4.21999979019165,3.1120922565460205,27594000,0.0,0.0,AVGO
2013-10-10 00:00:00-04:00,4.330999851226807,4.367000102996826,4.257999897003174,4.35099983215332,3.2086997032165527,32464000,0.0,0.0,AVGO
2013-10-11 00:00:00-04:00,4.324999809265137,4.349999904632568,4.2779998779296875,4.328999996185303,3.1924753189086914,18979000,0.0,0.0,AVGO
2013-10-14 00:00:00-04:00,4.313000202178955,4.431000232696533,4.301000118255615,4.422999858856201,3.261796236038208,20183000,0.0,0.0,AVGO
2013-10-15 00:00:00-04:00,4.427000045776367,4.443999767303467,4.357999801635742,4.374000072479248,3.225661277770996,18761000,0.0,0.0,AVGO
2013-10-16 00:00:00-04:00,4.4079999923706055,4.460000038146973,4.38700008392334,4.449999809265137,3.2817087173461914,16999000,0.0,0.0,AVGO
2013-10-17 00:00:00-04:00,4.408999919891357,4.513000011444092,4.400000095367432,4.510000228881836,3.325958251953125,23286000,0.0,0.0,AVGO
2013-10-18 00:00:00-04:00,4.627999782562256,4.627999782562256,4.505000114440918,4.605999946594238,3.3967528343200684,27417000,0.0,0.0,AVGO
2013-10-21 00:00:00-04:00,4.614999771118164,4.7210001945495605,4.605000019073486,4.704999923706055,3.469761371612549,43360000,0.0,0.0,AVGO
2013-10-22 00:00:00-04:00,4.705999851226807,4.705999851226807,4.645999908447266,4.686999797821045,3.456486463546753,47814000,0.0,0.0,AVGO
2013-10-23 00:00:00-04:00,4.651000022888184,4.6570000648498535,4.4710001945495605,4.539000034332275,3.3473424911499023,56673000,0.0,0.0,AVGO
2013-10-24 00:00:00-04:00,4.5279998779296875,4.570000171661377,4.495999813079834,4.548999786376953,3.354717493057251,30021000,0.0,0.0,AVGO
2013-10-25 00:00:00-04:00,4.51800012588501,4.590000152587891,4.51800012588501,4.563000202178955,3.365042209625244,21912000,0.0,0.0,AVGO
2013-10-28 00:00:00-04:00,4.534999847412109,4.574999809265137,4.521999835968018,4.551000118255615,3.356191873550415,19048000,0.0,0.0,AVGO
2013-10-29 00:00:00-04:00,4.586999893188477,4.627999782562256,4.558000087738037,4.579999923706055,3.3775782585144043,22162000,0.0,0.0,AVGO
2013-10-30 00:00:00-04:00,4.605999946594238,4.605999946594238,4.440000057220459,4.485000133514404,3.3075199127197266,20740000,0.0,0.0,AVGO
2013-10-31 00:00:00-04:00,4.5,4.560999870300293,4.5,4.543000221252441,3.3502917289733887,17394000,0.0,0.0,AVGO
2013-11-01 00:00:00-04:00,4.578999996185303,4.589000225067139,4.456999778747559,4.4720001220703125,3.2979331016540527,22074000,0.0,0.0,AVGO
2013-11-04 00:00:00-05:00,4.508999824523926,4.53000020980835,4.460000038146973,4.504000186920166,3.321532726287842,13911000,0.0,0.0,AVGO
2013-11-05 00:00:00-05:00,4.504000186920166,4.519999980926514,4.459000110626221,4.502999782562256,3.320794105529785,12484000,0.0,0.0,AVGO
2013-11-06 00:00:00-05:00,4.51800012588501,4.548999786376953,4.497000217437744,4.5370001792907715,3.3458681106567383,10405000,0.0,0.0,AVGO
2013-11-07 00:00:00-05:00,4.535999774932861,4.550000190734863,4.357999801635742,4.366000175476074,3.219761371612549,32309000,0.0,0.0,AVGO
2013-11-08 00:00:00-05:00,4.373000144958496,4.439000129699707,4.309999942779541,4.434999942779541,3.270646572113037,36069000,0.0,0.0,AVGO
2013-11-11 00:00:00-05:00,4.443999767303467,4.458000183105469,4.388999938964844,4.421000003814697,3.260321617126465,9140000,0.0,0.0,AVGO
2013-11-12 00:00:00-05:00,4.455999851226807,4.51800012588501,4.431000232696533,4.513000011444092,3.32817006111145,13438000,0.0,0.0,AVGO
2013-11-13 00:00:00-05:00,4.434999942779541,4.538000106811523,4.434999942779541,4.538000106811523,3.3466053009033203,9863000,0.0,0.0,AVGO
2013-11-14 00:00:00-05:00,4.489999771118164,4.508999824523926,4.257999897003174,4.295000076293945,3.167402744293213,59660000,0.0,0.0,AVGO
2013-11-15 00:00:00-05:00,4.297999858856201,4.480999946594238,4.289000034332275,4.460999965667725,3.2898221015930176,48369000,0.0,0.0,AVGO
2013-11-18 00:00:00-05:00,4.460999965667725,4.4720001220703125,4.386000156402588,4.395999908447266,3.2418856620788574,13463000,0.0,0.0,AVGO
2013-11-19 00:00:00-05:00,4.383999824523926,4.425000190734863,4.293000221252441,4.295000076293945,3.167402744293213,12296000,0.0,0.0,AVGO
2013-11-20 00:00:00-05:00,4.324999809265137,4.326000213623047,4.244999885559082,4.269999980926514,3.14896559715271,11085000,0.0,0.0,AVGO
2013-11-21 00:00:00-05:00,4.293000221252441,4.322000026702881,4.271999835968018,4.304999828338623,3.174776077270508,15434000,0.0,0.0,AVGO
2013-11-22 00:00:00-05:00,4.306000232696533,4.3520002365112305,4.295000076293945,4.329999923706055,3.19321346282959,11219000,0.0,0.0,AVGO
2013-11-25 00:00:00-05:00,4.39300012588501,4.400000095367432,4.340000152587891,4.370999813079834,3.2234489917755127,16001000,0.0,0.0,AVGO
2013-11-26 00:00:00-05:00,4.379000186920166,4.486000061035156,4.355000019073486,4.474999904632568,3.300145149230957,18712000,0.0,0.0,AVGO
2013-11-27 00:00:00-05:00,4.449999809265137,4.480999946594238,4.373000144958496,4.4670000076293945,3.294245481491089,19086000,0.0,0.0,AVGO
2013-11-29 00:00:00-05:00,4.499000072479248,4.508999824523926,4.466000080108643,4.4730000495910645,3.298671245574951,11401000,0.0,0.0,AVGO
2013-12-02 00:00:00-05:00,4.548999786376953,4.620999813079834,4.49399995803833,4.5,3.3185815811157227,24454000,0.0,0.0,AVGO
2013-12-03 00:00:00-05:00,4.493000030517578,4.497000217437744,4.460999965667725,4.478000164031982,3.3023579120635986,16189000,0.0,0.0,AVGO
2013-12-04 00:00:00-05:00,4.447999954223633,4.489999771118164,4.441999912261963,4.449999809265137,3.2817087173461914,26443000,0.0,0.0,AVGO
2013-12-05 00:00:00-05:00,4.552999973297119,4.76800012588501,4.50600004196167,4.758999824523926,3.509584903717041,45947000,0.0,0.0,AVGO
2013-12-06 00:00:00-05:00,4.830999851226807,4.830999851226807,4.695000171661377,4.696000099182129,3.4631247520446777,27552000,0.0,0.0,AVGO
2013-12-09 00:00:00-05:00,4.709000110626221,4.754000186920166,4.65500020980835,4.736999988555908,3.4933605194091797,20719000,0.0,0.0,AVGO
2013-12-10 00:00:00-05:00,4.736999988555908,4.741000175476074,4.6479997634887695,4.659999847412109,3.4365756511688232,15997000,0.0,0.0,AVGO
2013-12-11 00:00:00-05:00,4.676000118255615,4.698999881744385,4.605999946594238,4.611000061035156,3.400439977645874,13005000,0.0,0.0,AVGO
2013-12-12 00:00:00-05:00,4.644999980926514,4.64900016784668,4.572999954223633,4.574999809265137,3.373889923095703,13678000,0.0,0.0,AVGO
2013-12-13 00:00:00-05:00,4.603000164031982,4.614999771118164,4.560999870300293,4.565000057220459,3.3665170669555664,15876000,0.0,0.0,AVGO
2013-12-16 00:00:00-05:00,4.9710001945495605,5.054999828338623,4.835999965667725,5.010000228881836,3.6946887969970703,121534000,0.0,0.0,AVGO
2013-12-17 00:00:00-05:00,5.034999847412109,5.453999996185303,5.03000020980835,5.355999946594238,3.94985032081604,87230000,0.0,0.0,AVGO
2013-12-18 00:00:00-05:00,5.34499979019165,5.34499979019165,5.201000213623047,5.315000057220459,3.937995672225952,42787000,0.025,0.0,AVGO
2013-12-19 00:00:00-05:00,5.295000076293945,5.301000118255615,5.13100004196167,5.144000053405762,3.8112969398498535,30366000,0.0,0.0,AVGO
2013-12-20 00:00:00-05:00,5.14300012588501,5.202000141143799,5.132999897003174,5.164999961853027,3.826857089996338,28889000,0.0,0.0,AVGO
2013-12-23 00:00:00-05:00,5.228000164031982,5.228000164031982,5.179999828338623,5.205999851226807,3.857234477996826,12988000,0.0,0.0,AVGO
2013-12-24 00:00:00-05:00,5.230999946594238,5.2789998054504395,5.223999977111816,5.26200008392334,3.8987269401550293,7448000,0.0,0.0,AVGO
2013-12-26 00:00:00-05:00,5.2829999923706055,5.295000076293945,5.245999813079834,5.271999835968018,3.9061357975006104,7010000,0.0,0.0,AVGO
2013-12-27 00:00:00-05:00,5.289000034332275,5.306000232696533,5.261000156402588,5.2779998779296875,3.910580635070801,8043000,0.0,0.0,AVGO
2013-12-30 00:00:00-05:00,5.2789998054504395,5.284999847412109,5.218999862670898,5.269999980926514,3.904651641845703,10962000,0.0,0.0,AVGO
2013-12-31 00:00:00-05:00,5.2870001792907715,5.329999923706055,5.254000186920166,5.288000106811523,3.9179906845092773,8655000,0.0,0.0,AVGO
2014-01-02 00:00:00-05:00,5.284999847412109,5.288000106811523,5.189000129699707,5.264999866485596,3.9009487628936768,14537000,0.0,0.0,AVGO
2014-01-03 00:00:00-05:00,5.244999885559082,5.296000003814697,5.196000099182129,5.284999847412109,3.915766954421997,11661000,0.0,0.0,AVGO
2014-01-06 00:00:00-05:00,5.28000020980835,5.340000152587891,5.243000030517578,5.249000072479248,3.8890931606292725,12634000,0.0,0.0,AVGO
2014-01-07 00:00:00-05:00,5.2820000648498535,5.306000232696533,5.249000072479248,5.298999786376953,3.9261386394500732,13359000,0.0,0.0,AVGO
2014-01-08 00:00:00-05:00,5.310999870300293,5.392000198364258,5.285999774932861,5.377999782562256,3.9846713542938232,22968000,0.0,0.0,AVGO
2014-01-09 00:00:00-05:00,5.400000095367432,5.416999816894531,5.276000022888184,5.322999954223633,3.9439210891723633,12339000,0.0,0.0,AVGO
2014-01-10 00:00:00-05:00,5.394000053405762,5.4019999504089355,5.2870001792907715,5.329999923706055,3.9491097927093506,16691000,0.0,0.0,AVGO
2014-01-13 00:00:00-05:00,5.361999988555908,5.377999782562256,5.238999843597412,5.263999938964844,3.9002084732055664,13944000,0.0,0.0,AVGO
2014-01-14 00:00:00-05:00,5.331999778747559,5.584000110626221,5.27400016784668,5.5269999504089355,4.095069885253906,34855000,0.0,0.0,AVGO
2014-01-15 00:00:00-05:00,5.567999839782715,5.7179999351501465,5.552000045776367,5.697000026702881,4.221026420593262,27187000,0.0,0.0,AVGO
2014-01-16 00:00:00-05:00,5.676000118255615,5.696000099182129,5.514999866485596,5.543000221252441,4.1069254875183105,24084000,0.0,0.0,AVGO
2014-01-17 00:00:00-05:00,5.526000022888184,5.642000198364258,5.5229997634887695,5.613999843597412,4.159530162811279,31181000,0.0,0.0,AVGO
2014-01-21 00:00:00-05:00,5.660999774932861,5.682000160217285,5.5879998207092285,5.611000061035156,4.157308101654053,16597000,0.0,0.0,AVGO
2014-01-22 00:00:00-05:00,5.619999885559082,5.7179999351501465,5.585000038146973,5.715000152587891,4.23436164855957,25526000,0.0,0.0,AVGO
2014-01-23 00:00:00-05:00,5.672999858856201,5.715000152587891,5.573999881744385,5.605000019073486,4.152862071990967,15551000,0.0,0.0,AVGO
2014-01-24 00:00:00-05:00,5.570000171661377,5.598999977111816,5.414999961853027,5.448999881744385,4.037280082702637,17426000,0.0,0.0,AVGO
2014-01-27 00:00:00-05:00,5.461999893188477,5.525000095367432,5.374000072479248,5.445000171661377,4.034315586090088,21031000,0.0,0.0,AVGO
2014-01-28 00:00:00-05:00,5.440000057220459,5.480000019073486,5.296000003814697,5.4720001220703125,4.054319858551025,25223000,0.0,0.0,AVGO
2014-01-29 00:00:00-05:00,5.394000053405762,5.593999862670898,5.336999893188477,5.4070000648498535,4.006158351898193,23974000,0.0,0.0,AVGO
2014-01-30 00:00:00-05:00,5.48199987411499,5.5269999504089355,5.408999919891357,5.505000114440918,4.078769683837891,11989000,0.0,0.0,AVGO
2014-01-31 00:00:00-05:00,5.382999897003174,5.5289998054504395,5.382999897003174,5.464000225067139,4.048391819000244,15784000,0.0,0.0,AVGO
2014-02-03 00:00:00-05:00,5.480000019073486,5.517000198364258,5.296000003814697,5.326000213623047,3.9461450576782227,11421000,0.0,0.0,AVGO
2014-02-04 00:00:00-05:00,5.35099983215332,5.415999889373779,5.309999942779541,5.401000022888184,4.001714706420898,13487000,0.0,0.0,AVGO
2014-02-05 00:00:00-05:00,5.372000217437744,5.4730000495910645,5.318999767303467,5.3979997634887695,3.9994897842407227,9017000,0.0,0.0,AVGO
2014-02-06 00:00:00-05:00,5.39900016784668,5.586999893188477,5.361999988555908,5.519999980926514,4.089883804321289,18053000,0.0,0.0,AVGO
2014-02-07 00:00:00-05:00,5.546999931335449,5.684000015258789,5.513000011444092,5.6570000648498535,4.191389560699463,17039000,0.0,0.0,AVGO
2014-02-10 00:00:00-05:00,5.61899995803833,5.6479997634887695,5.557000160217285,5.63100004196167,4.172126293182373,12347000,0.0,0.0,AVGO
2014-02-11 00:00:00-05:00,5.619999885559082,5.815999984741211,5.61899995803833,5.807000160217285,4.30252742767334,17344000,0.0,0.0,AVGO
2014-02-12 00:00:00-05:00,5.820000171661377,5.980000019073486,5.820000171661377,5.894000053405762,4.3669891357421875,25864000,0.0,0.0,AVGO
2014-02-13 00:00:00-05:00,5.743000030517578,5.951000213623047,5.73799991607666,5.9079999923706055,4.37736177444458,22614000,0.0,0.0,AVGO
2014-02-14 00:00:00-05:00,5.75,5.8379998207092285,5.74399995803833,5.808000087738037,4.303268909454346,28180000,0.0,0.0,AVGO
2014-02-18 00:00:00-05:00,5.85099983215332,5.85099983215332,5.7729997634887695,5.836999893188477,4.324754238128662,15872000,0.0,0.0,AVGO
2014-02-19 00:00:00-05:00,5.818999767303467,5.8420000076293945,5.749000072479248,5.769999980926514,4.2751145362854,14598000,0.0,0.0,AVGO
2014-02-20 00:00:00-05:00,5.803999900817871,5.9029998779296875,5.769999980926514,5.900000095367432,4.371432781219482,22282000,0.0,0.0,AVGO
2014-02-21 00:00:00-05:00,5.942999839782715,5.949999809265137,5.840000152587891,5.855000019073486,4.33809232711792,17998000,0.0,0.0,AVGO
2014-02-24 00:00:00-05:00,5.85099983215332,5.999000072479248,5.85099983215332,5.956999778747559,4.413665771484375,20672000,0.0,0.0,AVGO
2014-02-25 00:00:00-05:00,6.0,6.0,5.839000225067139,5.900000095367432,4.371432781219482,26929000,0.0,0.0,AVGO
2014-02-26 00:00:00-05:00,6.0,6.348999977111816,5.997000217437744,6.190000057220459,4.586300373077393,49125000,0.0,0.0,AVGO
2014-02-27 00:00:00-05:00,6.11899995803833,6.2220001220703125,6.078000068664551,6.138000011444092,4.5477728843688965,16460000,0.0,0.0,AVGO
2014-02-28 00:00:00-05:00,6.114999771118164,6.197000026702881,6.078999996185303,6.170000076293945,4.571482181549072,15225000,0.0,0.0,AVGO
2014-03-03 00:00:00-05:00,6.114999771118164,6.247000217437744,6.085000038146973,6.173999786376953,4.574448108673096,15340000,0.0,0.0,AVGO
2014-03-04 00:00:00-05:00,6.25,6.409999847412109,6.228000164031982,6.335000038146973,4.693734169006348,36761000,0.0,0.0,AVGO
2014-03-05 00:00:00-05:00,6.315999984741211,6.422999858856201,6.294000148773193,6.308000087738037,4.673729419708252,24656000,0.0,0.0,AVGO
2014-03-06 00:00:00-05:00,6.328999996185303,6.390999794006348,6.304999828338623,6.363999843597412,4.715221881866455,12162000,0.0,0.0,AVGO
2014-03-07 00:00:00-05:00,6.394999980926514,6.394999980926514,6.244999885559082,6.275000095367432,4.649277687072754,15133000,0.0,0.0,AVGO
2014-03-10 00:00:00-04:00,6.293000221252441,6.3420000076293945,6.247000217437744,6.28000020980835,4.652984142303467,13519000,0.0,0.0,AVGO
2014-03-11 00:00:00-04:00,6.297999858856201,6.364999771118164,6.181000232696533,6.202000141143799,4.5951924324035645,16191000,0.0,0.0,AVGO
2014-03-12 00:00:00-04:00,6.177000045776367,6.330999851226807,6.045000076293945,6.317999839782715,4.681138038635254,23598000,0.0,0.0,AVGO
2014-03-13 00:00:00-04:00,6.340000152587891,6.449999809265137,6.203999996185303,6.26800012588501,4.6440935134887695,35377000,0.0,0.0,AVGO
2014-03-14 00:00:00-04:00,6.2769999504089355,6.324999809265137,6.2210001945495605,6.26800012588501,4.6440935134887695,13939000,0.0,0.0,AVGO
2014-03-17 00:00:00-04:00,6.302999973297119,6.39900016784668,6.276000022888184,6.341000080108643,4.698178768157959,13968000,0.0,0.0,AVGO
2014-03-18 00:00:00-04:00,6.324999809265137,6.401000022888184,6.2789998054504395,6.381999969482422,4.748777389526367,13109000,0.027,0.0,AVGO
2014-03-19 00:00:00-04:00,6.401000022888184,6.48799991607666,6.379000186920166,6.440999984741211,4.792680740356445,17558000,0.0,0.0,AVGO
2014-03-20 00:00:00-04:00,6.432000160217285,6.539000034332275,6.429999828338623,6.531000137329102,4.859646797180176,19966000,0.0,0.0,AVGO
2014-03-21 00:00:00-04:00,6.564000129699707,6.583000183105469,6.363999843597412,6.389999866485596,4.754731178283691,23267000,0.0,0.0,AVGO
2014-03-24 00:00:00-04:00,6.4029998779296875,6.435999870300293,6.235000133514404,6.315999984741211,4.699668884277344,24811000,0.0,0.0,AVGO
2014-03-25 00:00:00-04:00,6.36899995803833,6.498000144958496,6.328000068664551,6.400000095367432,4.762173652648926,16145000,0.0,0.0,AVGO
2014-03-26 00:00:00-04:00,6.439000129699707,6.48799991607666,6.211999893188477,6.281000137329102,4.673625469207764,28414000,0.0,0.0,AVGO
2014-03-27 00:00:00-04:00,6.2769999504089355,6.310999870300293,6.184000015258789,6.2779998779296875,4.671392917633057,25247000,0.0,0.0,AVGO
2014-03-28 00:00:00-04:00,6.298999786376953,6.4679999351501465,6.2870001792907715,6.410999774932861,4.770356178283691,14330000,0.0,0.0,AVGO
2014-03-31 00:00:00-04:00,6.449999809265137,6.5329999923706055,6.423999786376953,6.440999984741211,4.792680740356445,14819000,0.0,0.0,AVGO
2014-04-01 00:00:00-04:00,6.454999923706055,6.526000022888184,6.421999931335449,6.505000114440918,4.8403000831604,21962000,0.0,0.0,AVGO
2014-04-02 00:00:00-04:00,6.473999977111816,6.531000137329102,6.383999824523926,6.464000225067139,4.809792518615723,20979000,0.0,0.0,AVGO
2014-04-03 00:00:00-04:00,6.473999977111816,6.558000087738037,6.3470001220703125,6.39300012588501,4.756962776184082,21592000,0.0,0.0,AVGO
2014-04-04 00:00:00-04:00,6.455999851226807,6.473999977111816,6.004000186920166,6.179999828338623,4.598471164703369,38830000,0.0,0.0,AVGO
2014-04-07 00:00:00-04:00,6.099999904632568,6.193999767303467,5.882999897003174,6.035999774932861,4.491322040557861,43274000,0.0,0.0,AVGO
2014-04-08 00:00:00-04:00,6.061999797821045,6.0980000495910645,6.005000114440918,6.017000198364258,4.4771857261657715,22055000,0.0,0.0,AVGO
2014-04-09 00:00:00-04:00,6.104000091552734,6.25600004196167,6.104000091552734,6.247000217437744,4.648324966430664,19256000,0.0,0.0,AVGO
2014-04-10 00:00:00-04:00,6.255000114440918,6.255000114440918,5.961999893188477,5.986000061035156,4.454118251800537,20396000,0.0,0.0,AVGO
2014-04-11 00:00:00-04:00,5.927000045776367,5.995999813079834,5.8460001945495605,5.853000164031982,4.355154991149902,21903000,0.0,0.0,AVGO
2014-04-14 00:00:00-04:00,5.84499979019165,5.956999778747559,5.810999870300293,5.881999969482422,4.37673282623291,19419000,0.0,0.0,AVGO
2014-04-15 00:00:00-04:00,5.906000137329102,5.935999870300293,5.7270002365112305,5.894000053405762,4.385663032531738,25014000,0.0,0.0,AVGO
2014-04-16 00:00:00-04:00,5.946000099182129,5.946000099182129,5.810999870300293,5.931000232696533,4.413193702697754,17916000,0.0,0.0,AVGO
2014-04-17 00:00:00-04:00,5.934000015258789,6.165999889373779,5.892000198364258,6.089000225067139,4.530759811401367,19092000,0.0,0.0,AVGO
2014-04-21 00:00:00-04:00,6.0970001220703125,6.2179999351501465,6.081999778747559,6.189000129699707,4.60516881942749,12560000,0.0,0.0,AVGO
2014-04-22 00:00:00-04:00,6.160999774932861,6.379000186920166,6.160999774932861,6.343999862670898,4.7205023765563965,22830000,0.0,0.0,AVGO
2014-04-23 00:00:00-04:00,6.3979997634887695,6.460999965667725,6.377999782562256,6.460000038146973,4.806818008422852,26984000,0.0,0.0,AVGO
2014-04-24 00:00:00-04:00,6.543000221252441,6.547999858856201,6.354000091552734,6.538000106811523,4.864855766296387,27519000,0.0,0.0,AVGO
2014-04-25 00:00:00-04:00,6.485000133514404,6.502999782562256,6.218999862670898,6.234000205993652,4.638653755187988,19266000,0.0,0.0,AVGO
2014-04-28 00:00:00-04:00,6.290999889373779,6.291999816894531,6.0320000648498535,6.078000068664551,4.522575855255127,30708000,0.0,0.0,AVGO
2014-04-29 00:00:00-04:00,6.0980000495910645,6.15500020980835,6.000999927520752,6.0920000076293945,4.5329909324646,21656000,0.0,0.0,AVGO
2014-04-30 00:00:00-04:00,6.110000133514404,6.367000102996826,6.0370001792907715,6.349999904632568,4.7249674797058105,25375000,0.0,0.0,AVGO
2014-05-01 00:00:00-04:00,6.291999816894531,6.489999771118164,6.257999897003174,6.348999977111816,4.724224090576172,18863000,0.0,0.0,AVGO
2014-05-02 00:00:00-04:00,6.4720001220703125,6.499000072479248,6.317999839782715,6.427000045776367,4.782263278961182,13407000,0.0,0.0,AVGO
2014-05-05 00:00:00-04:00,6.38700008392334,6.445000171661377,6.302000045776367,6.425000190734863,4.780773639678955,13529000,0.0,0.0,AVGO
2014-05-06 00:00:00-04:00,6.793000221252441,6.808000087738037,6.625,6.734000205993652,5.010696887969971,127802000,0.0,0.0,AVGO
2014-05-07 00:00:00-04:00,6.775000095367432,6.861000061035156,6.635000228881836,6.681000232696533,4.971261978149414,560280000,0.0,0.0,AVGO
2014-05-08 00:00:00-04:00,6.681000232696533,6.89300012588501,6.671000003814697,6.795000076293945,5.056084632873535,53700000,0.0,0.0,AVGO
2014-05-09 00:00:00-04:00,6.791999816894531,6.855999946594238,6.668000221252441,6.741000175476074,5.015907287597656,38700000,0.0,0.0,AVGO
2014-05-12 00:00:00-04:00,6.793000221252441,6.918000221252441,6.741000175476074,6.913000106811523,5.143889427185059,27394000,0.0,0.0,AVGO
2014-05-13 00:00:00-04:00,6.927000045776367,6.934000015258789,6.855999946594238,6.875999927520752,5.116357326507568,23021000,0.0,0.0,AVGO
2014-05-14 00:00:00-04:00,6.854000091552734,6.960000038146973,6.755000114440918,6.85099983215332,5.097756385803223,30243000,0.0,0.0,AVGO
2014-05-15 00:00:00-04:00,6.867000102996826,6.894999980926514,6.710999965667725,6.793000221252441,5.054597854614258,32093000,0.0,0.0,AVGO
2014-05-16 00:00:00-04:00,6.809000015258789,6.89300012588501,6.73199987411499,6.8480000495910645,5.095524311065674,52044000,0.0,0.0,AVGO
2014-05-19 00:00:00-04:00,6.909999847412109,6.940999984741211,6.814000129699707,6.831999778747559,5.083617210388184,37789000,0.0,0.0,AVGO
2014-05-20 00:00:00-04:00,6.835999965667725,6.8379998207092285,6.691999912261963,6.751999855041504,5.02409029006958,29085000,0.0,0.0,AVGO
2014-05-21 00:00:00-04:00,6.751999855041504,6.843999862670898,6.736999988555908,6.841000080108643,5.090312957763672,16896000,0.0,0.0,AVGO
2014-05-22 00:00:00-04:00,6.8429999351501465,6.921999931335449,6.788000106811523,6.868000030517578,5.110405921936035,15679000,0.0,0.0,AVGO
2014-05-23 00:00:00-04:00,6.9120001792907715,7.060999870300293,6.873000144958496,7.054999828338623,5.249549388885498,32017000,0.0,0.0,AVGO
2014-05-27 00:00:00-04:00,7.103000164031982,7.127999782562256,7.0320000648498535,7.0929999351501465,5.277825355529785,31637000,0.0,0.0,AVGO
2014-05-28 00:00:00-04:00,7.054999828338623,7.074999809265137,6.984000205993652,7.010000228881836,5.216066837310791,34927000,0.0,0.0,AVGO
2014-05-29 00:00:00-04:00,7.047999858856201,7.085000038146973,6.980999946594238,7.078999996185303,5.267407417297363,27566000,0.0,0.0,AVGO
2014-05-30 00:00:00-04:00,7.184999942779541,7.199999809265137,6.940999984741211,7.066999912261963,5.258478164672852,38938000,0.0,0.0,AVGO
2014-06-02 00:00:00-04:00,7.120999813079834,7.199999809265137,7.059999942779541,7.164000034332275,5.330656051635742,26599000,0.0,0.0,AVGO
2014-06-03 00:00:00-04:00,7.132999897003174,7.208000183105469,7.084000110626221,7.144999980926514,5.316518306732178,22308000,0.0,0.0,AVGO
2014-06-04 00:00:00-04:00,7.125999927520752,7.185999870300293,7.113999843597412,7.160999774932861,5.328423023223877,19379000,0.0,0.0,AVGO
2014-06-05 00:00:00-04:00,7.151000022888184,7.199999809265137,7.123000144958496,7.186999797821045,5.347769260406494,27288000,0.0,0.0,AVGO
2014-06-06 00:00:00-04:00,7.228000164031982,7.235000133514404,7.124000072479248,7.163000106811523,5.329911708831787,15866000,0.0,0.0,AVGO
2014-06-09 00:00:00-04:00,7.188000202178955,7.25,7.146999835968018,7.178999900817871,5.341814994812012,17420000,0.0,0.0,AVGO
2014-06-10 00:00:00-04:00,7.175000190734863,7.224999904632568,7.150000095367432,7.185999870300293,5.347023963928223,16409000,0.0,0.0,AVGO
2014-06-11 00:00:00-04:00,7.166999816894531,7.238999843597412,7.135000228881836,7.175000190734863,5.338841438293457,24943000,0.0,0.0,AVGO
2014-06-12 00:00:00-04:00,7.133999824523926,7.203999996185303,7.119999885559082,7.176000118255615,5.339583873748779,13604000,0.0,0.0,AVGO
2014-06-13 00:00:00-04:00,7.2179999351501465,7.244999885559082,7.091000080108643,7.142000198364258,5.314285755157471,13508000,0.0,0.0,AVGO
2014-06-16 00:00:00-04:00,7.146999835968018,7.193999767303467,7.059999942779541,7.0879998207092285,5.274104118347168,15668000,0.0,0.0,AVGO
2014-06-17 00:00:00-04:00,7.059000015258789,7.1620001792907715,7.059000015258789,7.1479997634887695,5.340600490570068,13817000,0.029,0.0,AVGO
2014-06-18 00:00:00-04:00,7.1579999923706055,7.188000202178955,7.054999828338623,7.122000217437744,5.3211750984191895,13833000,0.0,0.0,AVGO
2014-06-19 00:00:00-04:00,7.11299991607666,7.131999969482422,7.033999919891357,7.0929999351501465,5.299508094787598,12734000,0.0,0.0,AVGO
2014-06-20 00:00:00-04:00,7.116000175476074,7.195000171661377,7.086999893188477,7.1570000648498535,5.347326755523682,21834000,0.0,0.0,AVGO
2014-06-23 00:00:00-04:00,7.160999774932861,7.196000099182129,7.078999996185303,7.124000072479248,5.32266902923584,13349000,0.0,0.0,AVGO
2014-06-24 00:00:00-04:00,7.177999973297119,7.230000019073486,7.063000202178955,7.066999912261963,5.280081272125244,15304000,0.0,0.0,AVGO
2014-06-25 00:00:00-04:00,7.058000087738037,7.170000076293945,7.00600004196167,7.163000106811523,5.351809024810791,12827000,0.0,0.0,AVGO
2014-06-26 00:00:00-04:00,7.171999931335449,7.186999797821045,7.038000106811523,7.0960001945495605,5.301749229431152,8126000,0.0,0.0,AVGO
2014-06-27 00:00:00-04:00,7.073999881744385,7.117000102996826,7.025000095367432,7.093999862670898,5.300253868103027,16935000,0.0,0.0,AVGO
2014-06-30 00:00:00-04:00,7.0920000076293945,7.206999778747559,7.0920000076293945,7.206999778747559,5.384683132171631,17773000,0.0,0.0,AVGO
2014-07-01 00:00:00-04:00,7.248000144958496,7.413000106811523,7.235000133514404,7.4029998779296875,5.531122207641602,21429000,0.0,0.0,AVGO
2014-07-02 00:00:00-04:00,7.357999801635742,7.460000038146973,7.357999801635742,7.432000160217285,5.552790641784668,16081000,0.0,0.0,AVGO
2014-07-03 00:00:00-04:00,7.4670000076293945,7.5370001792907715,7.440999984741211,7.51800012588501,5.617044448852539,7994000,0.0,0.0,AVGO
2014-07-07 00:00:00-04:00,7.543000221252441,7.554999828338623,7.442999839782715,7.453000068664551,5.5684814453125,19066000,0.0,0.0,AVGO
2014-07-08 00:00:00-04:00,7.433000087738037,7.449999809265137,7.210000038146973,7.339000225067139,5.483304500579834,19169000,0.0,0.0,AVGO
2014-07-09 00:00:00-04:00,7.366000175476074,7.422999858856201,7.309000015258789,7.422999858856201,5.546065807342529,9798000,0.0,0.0,AVGO
2014-07-10 00:00:00-04:00,7.206999778747559,7.354000091552734,7.204999923706055,7.315000057220459,5.465374946594238,15479000,0.0,0.0,AVGO
2014-07-11 00:00:00-04:00,7.327000141143799,7.3480000495910645,7.267000198364258,7.320000171661377,5.4691081047058105,12517000,0.0,0.0,AVGO
2014-07-14 00:00:00-04:00,7.456999778747559,7.489999771118164,7.341000080108643,7.4039998054504395,5.531869888305664,12242000,0.0,0.0,AVGO
2014-07-15 00:00:00-04:00,7.401000022888184,7.438000202178955,7.269000053405762,7.3420000076293945,5.485545635223389,14556000,0.0,0.0,AVGO
2014-07-16 00:00:00-04:00,7.310999870300293,7.438000202178955,7.275000095367432,7.364999771118164,5.5027313232421875,15180000,0.0,0.0,AVGO
2014-07-17 00:00:00-04:00,7.326000213623047,7.367000102996826,7.165999889373779,7.190000057220459,5.3719801902771,17816000,0.0,0.0,AVGO
2014-07-18 00:00:00-04:00,7.27400016784668,7.526000022888184,7.261000156402588,7.5,5.603596210479736,33949000,0.0,0.0,AVGO
2014-07-21 00:00:00-04:00,7.452000141143799,7.550000190734863,7.448999881744385,7.541999816894531,5.634975910186768,15368000,0.0,0.0,AVGO
2014-07-22 00:00:00-04:00,7.558000087738037,7.644000053405762,7.53000020980835,7.539000034332275,5.632734775543213,23997000,0.0,0.0,AVGO
2014-07-23 00:00:00-04:00,7.570000171661377,7.571000099182129,7.359000205993652,7.36299991607666,5.501236915588379,24450000,0.0,0.0,AVGO
2014-07-24 00:00:00-04:00,7.369999885559082,7.388999938964844,7.2270002365112305,7.250999927520752,5.417557716369629,20676000,0.0,0.0,AVGO
2014-07-25 00:00:00-04:00,7.228000164031982,7.230000019073486,6.9710001945495605,6.992000102996826,5.2240447998046875,36838000,0.0,0.0,AVGO
2014-07-28 00:00:00-04:00,7.001999855041504,7.074999809265137,6.914000034332275,7.051000118255615,5.26812744140625,31813000,0.0,0.0,AVGO
2014-07-29 00:00:00-04:00,7.039999961853027,7.117000102996826,6.984000205993652,6.98799991607666,5.2210564613342285,19111000,0.0,0.0,AVGO
2014-07-30 00:00:00-04:00,7.09499979019165,7.104000091552734,6.9720001220703125,7.051000118255615,5.26812744140625,17545000,0.0,0.0,AVGO
2014-07-31 00:00:00-04:00,7.000999927520752,7.03000020980835,6.880000114440918,6.938000202178955,5.183701992034912,18476000,0.0,0.0,AVGO
2014-08-01 00:00:00-04:00,6.992000102996826,7.071000099182129,6.870999813079834,7.044000148773193,5.262897491455078,19141000,0.0,0.0,AVGO
2014-08-04 00:00:00-04:00,7.0320000648498535,7.159999847412109,6.993000030517578,7.133999824523926,5.33013916015625,15452000,0.0,0.0,AVGO
2014-08-05 00:00:00-04:00,7.081999778747559,7.142000198364258,6.984000205993652,7.01200008392334,5.238988876342773,15388000,0.0,0.0,AVGO
2014-08-06 00:00:00-04:00,6.980000019073486,7.0970001220703125,6.97599983215332,7.0289998054504395,5.25169038772583,10354000,0.0,0.0,AVGO
2014-08-07 00:00:00-04:00,7.089000225067139,7.089000225067139,6.945000171661377,6.9629998207092285,5.202378273010254,11222000,0.0,0.0,AVGO
2014-08-08 00:00:00-04:00,6.9730000495910645,7.050000190734863,6.932000160217285,7.043000221252441,5.262149810791016,12822000,0.0,0.0,AVGO
2014-08-11 00:00:00-04:00,7.051000118255615,7.144999980926514,7.051000118255615,7.081999778747559,5.291289329528809,14173000,0.0,0.0,AVGO
2014-08-12 00:00:00-04:00,7.089000225067139,7.138999938964844,7.046000003814697,7.114999771118164,5.315944671630859,9421000,0.0,0.0,AVGO
2014-08-13 00:00:00-04:00,7.163000106811523,7.2129998207092285,7.107999801635742,7.197000026702881,5.377212047576904,10836000,0.0,0.0,AVGO
2014-08-14 00:00:00-04:00,7.26800012588501,7.422999858856201,7.26800012588501,7.383999824523926,5.5169267654418945,18997000,0.0,0.0,AVGO
2014-08-15 00:00:00-04:00,7.453999996185303,7.488999843597412,7.3420000076293945,7.479000091552734,5.587906837463379,21143000,0.0,0.0,AVGO
2014-08-18 00:00:00-04:00,7.531000137329102,7.539999961853027,7.434999942779541,7.5370001792907715,5.631240367889404,12531000,0.0,0.0,AVGO
2014-08-19 00:00:00-04:00,7.558000087738037,7.6620001792907715,7.543000221252441,7.561999797821045,5.649918556213379,18734000,0.0,0.0,AVGO
2014-08-20 00:00:00-04:00,7.566999912261963,7.650000095367432,7.564000129699707,7.638000011444092,5.706702709197998,11375000,0.0,0.0,AVGO
2014-08-21 00:00:00-04:00,7.61299991607666,7.664000034332275,7.574999809265137,7.626999855041504,5.698483943939209,15550000,0.0,0.0,AVGO
2014-08-22 00:00:00-04:00,7.651000022888184,7.651000022888184,7.551000118255615,7.620999813079834,5.694000720977783,15837000,0.0,0.0,AVGO
2014-08-25 00:00:00-04:00,7.699999809265137,7.7210001945495605,7.541999816894531,7.577000141143799,5.661127090454102,17100000,0.0,0.0,AVGO
2014-08-26 00:00:00-04:00,7.585999965667725,7.614999771118164,7.5269999504089355,7.5960001945495605,5.675322532653809,13544000,0.0,0.0,AVGO
2014-08-27 00:00:00-04:00,7.599999904632568,7.651000022888184,7.551000118255615,7.616000175476074,5.69026517868042,13434000,0.0,0.0,AVGO
2014-08-28 00:00:00-04:00,7.553999900817871,7.64900016784668,7.494999885559082,7.636000156402588,5.705208778381348,18587000,0.0,0.0,AVGO
2014-08-29 00:00:00-04:00,8.182000160217285,8.479999542236328,7.650000095367432,8.208999633789062,6.133322238922119,62934000,0.0,0.0,AVGO
2014-09-02 00:00:00-04:00,8.29699993133545,8.513999938964844,8.239999771118164,8.501999855041504,6.352237224578857,41604000,0.0,0.0,AVGO
2014-09-03 00:00:00-04:00,8.527000427246094,8.619000434875488,8.449999809265137,8.538999557495117,6.379879951477051,32681000,0.0,0.0,AVGO
2014-09-04 00:00:00-04:00,8.553000450134277,8.725000381469727,8.54699993133545,8.609000205993652,6.432182788848877,28061000,0.0,0.0,AVGO
2014-09-05 00:00:00-04:00,8.63599967956543,8.805999755859375,8.625,8.788000106811523,6.565920352935791,26594000,0.0,0.0,AVGO
2014-09-08 00:00:00-04:00,8.807000160217285,8.967000007629395,8.751999855041504,8.819000244140625,6.589082717895508,28949000,0.0,0.0,AVGO
2014-09-09 00:00:00-04:00,8.838000297546387,8.91100025177002,8.795999526977539,8.840999603271484,6.6055192947387695,21896000,0.0,0.0,AVGO
2014-09-10 00:00:00-04:00,8.82800006866455,8.90999984741211,8.772000312805176,8.899999618530273,6.649601936340332,18855000,0.0,0.0,AVGO
2014-09-11 00:00:00-04:00,8.890999794006348,8.91100025177002,8.781999588012695,8.906999588012695,6.65483283996582,17888000,0.0,0.0,AVGO
2014-09-12 00:00:00-04:00,8.901000022888184,8.906999588012695,8.739999771118164,8.78499984741211,6.563677787780762,18244000,0.0,0.0,AVGO
2014-09-15 00:00:00-04:00,8.814000129699707,8.824000358581543,8.626999855041504,8.670999526977539,6.478504180908203,15998000,0.0,0.0,AVGO
2014-09-16 00:00:00-04:00,8.63700008392334,8.82699966430664,8.567000389099121,8.791999816894531,6.568910121917725,21146000,0.0,0.0,AVGO
2014-09-17 00:00:00-04:00,8.79699993133545,8.843000411987305,8.737000465393066,8.77400016784668,6.579408168792725,15653000,0.032,0.0,AVGO
2014-09-18 00:00:00-04:00,8.817999839782715,8.95300006866455,8.803000450134277,8.95199966430664,6.712884426116943,18165000,0.0,0.0,AVGO
2014-09-19 00:00:00-04:00,9.012999534606934,9.088000297546387,8.890000343322754,8.90999984741211,6.681390285491943,41834000,0.0,0.0,AVGO
2014-09-22 00:00:00-04:00,8.86400032043457,8.916999816894531,8.642000198364258,8.718000411987305,6.53741455078125,23869000,0.0,0.0,AVGO
2014-09-23 00:00:00-04:00,8.701000213623047,8.795000076293945,8.637999534606934,8.755999565124512,6.565908432006836,20829000,0.0,0.0,AVGO
2014-09-24 00:00:00-04:00,8.769000053405762,8.904999732971191,8.734999656677246,8.902000427246094,6.675390720367432,14503000,0.0,0.0,AVGO
2014-09-25 00:00:00-04:00,8.883999824523926,8.883999824523926,8.57699966430664,8.645999908447266,6.483423709869385,17940000,0.0,0.0,AVGO
2014-09-26 00:00:00-04:00,8.654999732971191,8.765999794006348,8.645999908447266,8.75,6.561408996582031,9834000,0.0,0.0,AVGO
2014-09-29 00:00:00-04:00,8.640999794006348,8.730999946594238,8.607000350952148,8.711000442504883,6.532165050506592,9826000,0.0,0.0,AVGO
2014-09-30 00:00:00-04:00,8.76099967956543,8.791999816894531,8.619999885559082,8.699999809265137,6.523916721343994,14885000,0.0,0.0,AVGO
2014-10-01 00:00:00-04:00,8.711999893188477,8.711999893188477,8.484000205993652,8.553999900817871,6.414434432983398,22257000,0.0,0.0,AVGO
2014-10-02 00:00:00-04:00,8.508000373840332,8.539999961853027,8.083999633789062,8.321000099182129,6.239713668823242,34278000,0.0,0.0,AVGO
2014-10-03 00:00:00-04:00,8.362000465393066,8.444999694824219,8.305000305175781,8.347000122070312,6.259210586547852,20650000,0.0,0.0,AVGO
2014-10-06 00:00:00-04:00,8.406999588012695,8.451000213623047,8.253999710083008,8.288000106811523,6.214968681335449,19536000,0.0,0.0,AVGO
2014-10-07 00:00:00-04:00,8.241999626159668,8.267999649047852,8.097000122070312,8.102999687194824,6.076240539550781,15266000,0.0,0.0,AVGO
2014-10-08 00:00:00-04:00,8.100000381469727,8.37600040435791,7.929999828338623,8.329999923706055,6.246461868286133,27681000,0.0,0.0,AVGO
2014-10-09 00:00:00-04:00,8.291999816894531,8.329999923706055,8.057999610900879,8.0600004196167,6.043996810913086,18880000,0.0,0.0,AVGO
2014-10-10 00:00:00-04:00,7.775000095367432,7.7779998779296875,6.875,7.136000156402588,5.351110935211182,105981000,0.0,0.0,AVGO
2014-10-13 00:00:00-04:00,7.079999923706055,7.2129998207092285,6.880000114440918,6.9039998054504395,5.177139759063721,65240000,0.0,0.0,AVGO
2014-10-14 00:00:00-04:00,7.205999851226807,7.290999889373779,6.906000137329102,7.202000141143799,5.400604248046875,69034000,0.0,0.0,AVGO
2014-10-15 00:00:00-04:00,7.026000022888184,7.34499979019165,6.986000061035156,7.255000114440918,5.440347194671631,31955000,0.0,0.0,AVGO
2014-10-16 00:00:00-04:00,7.066999912261963,7.609000205993652,7.050000190734863,7.559999942779541,5.669058322906494,33985000,0.0,0.0,AVGO
2014-10-17 00:00:00-04:00,7.742000102996826,7.96999979019165,7.683000087738037,7.715000152587891,5.785289287567139,41607000,0.0,0.0,AVGO
2014-10-20 00:00:00-04:00,7.666999816894531,7.806000232696533,7.579999923706055,7.798999786376953,5.8482794761657715,14370000,0.0,0.0,AVGO
2014-10-21 00:00:00-04:00,7.89900016784668,8.246000289916992,7.895999908447266,8.23799991607666,6.177474498748779,24112000,0.0,0.0,AVGO
2014-10-22 00:00:00-04:00,8.248000144958496,8.298999786376953,8.072999954223633,8.086000442504883,6.063494682312012,17307000,0.0,0.0,AVGO
2014-10-23 00:00:00-04:00,8.21399974822998,8.289999961853027,8.112000465393066,8.137999534606934,6.102486610412598,18205000,0.0,0.0,AVGO
2014-10-24 00:00:00-04:00,8.170000076293945,8.241000175476074,8.07699966430664,8.1850004196167,6.137731552124023,11269000,0.0,0.0,AVGO
2014-10-27 00:00:00-04:00,8.151000022888184,8.196000099182129,8.01200008392334,8.156999588012695,6.116733074188232,14977000,0.0,0.0,AVGO
2014-10-28 00:00:00-04:00,8.215999603271484,8.423999786376953,8.157999992370605,8.420000076293945,6.313953399658203,18230000,0.0,0.0,AVGO
2014-10-29 00:00:00-04:00,8.456999778747559,8.513999938964844,8.355999946594238,8.48799991607666,6.364943504333496,14214000,0.0,0.0,AVGO
2014-10-30 00:00:00-04:00,8.383999824523926,8.456999778747559,8.118000030517578,8.23900032043457,6.178225040435791,19976000,0.0,0.0,AVGO
2014-10-31 00:00:00-04:00,8.51099967956543,8.791999816894531,8.449999809265137,8.625,6.4676737785339355,25461000,0.0,0.0,AVGO
2014-11-03 00:00:00-05:00,8.644000053405762,8.788000106811523,8.609000205993652,8.633999824523926,6.474425792694092,15941000,0.0,0.0,AVGO
2014-11-04 00:00:00-05:00,8.59000015258789,8.656000137329102,8.486000061035156,8.53600025177002,6.400937080383301,18288000,0.0,0.0,AVGO
2014-11-05 00:00:00-05:00,8.579000473022461,8.678999900817871,8.480999946594238,8.670999526977539,6.502169609069824,14789000,0.0,0.0,AVGO
2014-11-06 00:00:00-05:00,8.644000053405762,8.788999557495117,8.633999824523926,8.762999534606934,6.571156978607178,17114000,0.0,0.0,AVGO
2014-11-07 00:00:00-05:00,8.784000396728516,8.793000221252441,8.473999977111816,8.503999710083008,6.376941204071045,19751000,0.0,0.0,AVGO
2014-11-10 00:00:00-05:00,8.491999626159668,8.607999801635742,8.350000381469727,8.590999603271484,6.44218111038208,14364000,0.0,0.0,AVGO
2014-11-11 00:00:00-05:00,8.583999633789062,8.628999710083008,8.538000106811523,8.616000175476074,6.4609270095825195,7927000,0.0,0.0,AVGO
2014-11-12 00:00:00-05:00,8.590999603271484,8.729000091552734,8.560999870300293,8.704999923706055,6.527666091918945,10396000,0.0,0.0,AVGO
2014-11-13 00:00:00-05:00,8.706999778747559,8.836999893188477,8.652999877929688,8.744999885559082,6.557661533355713,12281000,0.0,0.0,AVGO
2014-11-14 00:00:00-05:00,8.755999565124512,8.904999732971191,8.630999565124512,8.902000427246094,6.675390720367432,12955000,0.0,0.0,AVGO
2014-11-17 00:00:00-05:00,8.878000259399414,8.904999732971191,8.758999824523926,8.85200023651123,6.637900352478027,11200000,0.0,0.0,AVGO
2014-11-18 00:00:00-05:00,8.835000038146973,9.177000045776367,8.833999633789062,9.140999794006348,6.854611396789551,20025000,0.0,0.0,AVGO
2014-11-19 00:00:00-05:00,9.151000022888184,9.199999809265137,8.90999984741211,8.925000190734863,6.692638397216797,18763000,0.0,0.0,AVGO
2014-11-20 00:00:00-05:00,8.883999824523926,9.092000007629395,8.802000045776367,8.993000030517578,6.743629455566406,15121000,0.0,0.0,AVGO
2014-11-21 00:00:00-05:00,9.170000076293945,9.17300033569336,8.944999694824219,9.020999908447266,6.7646284103393555,17461000,0.0,0.0,AVGO
2014-11-24 00:00:00-05:00,9.055000305175781,9.135000228881836,9.038000106811523,9.11400032043457,6.834364414215088,11876000,0.0,0.0,AVGO
2014-11-25 00:00:00-05:00,9.184000015258789,9.255999565124512,9.107000350952148,9.114999771118164,6.835116386413574,25923000,0.0,0.0,AVGO
2014-11-26 00:00:00-05:00,9.157999992370605,9.38599967956543,9.157999992370605,9.378000259399414,7.032332897186279,16143000,0.0,0.0,AVGO
2014-11-28 00:00:00-05:00,9.413000106811523,9.442999839782715,9.267000198364258,9.34000015258789,7.003838062286377,8700000,0.0,0.0,AVGO
2014-12-01 00:00:00-05:00,9.305000305175781,9.336000442504883,9.001999855041504,9.095000267028809,6.820117950439453,17168000,0.0,0.0,AVGO
2014-12-02 00:00:00-05:00,9.069000244140625,9.241000175476074,8.972000122070312,9.220000267028809,6.913853168487549,19794000,0.0,0.0,AVGO
2014-12-03 00:00:00-05:00,9.303000450134277,9.550999641418457,9.303000450134277,9.512999534606934,7.133566856384277,31727000,0.0,0.0,AVGO
2014-12-04 00:00:00-05:00,10.154999732971191,10.378000259399414,9.951000213623047,10.307000160217285,7.728966236114502,61855000,0.0,0.0,AVGO
2014-12-05 00:00:00-05:00,10.383999824523926,10.5,10.17300033569336,10.39900016784668,7.797956466674805,29596000,0.0,0.0,AVGO
2014-12-08 00:00:00-05:00,10.399999618530273,10.416999816894531,9.965999603271484,10.071000099182129,7.551999092102051,34818000,0.0,0.0,AVGO
2014-12-09 00:00:00-05:00,9.98900032043457,10.303000450134277,9.725000381469727,10.263999938964844,7.696723461151123,22903000,0.0,0.0,AVGO
2014-12-10 00:00:00-05:00,10.199999809265137,10.350000381469727,9.916999816894531,9.925000190734863,7.442510604858398,22194000,0.0,0.0,AVGO
2014-12-11 00:00:00-05:00,10.008000373840332,10.279999732971191,9.984999656677246,10.055000305175781,7.5399980545043945,15685000,0.0,0.0,AVGO
2014-12-12 00:00:00-05:00,9.89799976348877,10.118000030517578,9.883000373840332,9.920000076293945,7.43876314163208,13177000,0.0,0.0,AVGO
2014-12-15 00:00:00-05:00,9.996999740600586,10.085000038146973,9.723999977111816,9.821000099182129,7.364528656005859,16749000,0.0,0.0,AVGO
2014-12-16 00:00:00-05:00,9.774999618530273,9.968000411987305,9.60099983215332,9.732999801635742,7.298540115356445,22113000,0.0,0.0,AVGO
2014-12-17 00:00:00-05:00,9.732999801635742,9.984999656677246,9.550000190734863,9.89900016784668,7.44980525970459,27875000,0.035,0.0,AVGO
2014-12-18 00:00:00-05:00,10.09000015258789,10.199999809265137,10.0,10.164999961853027,7.649994373321533,33281000,0.0,0.0,AVGO
2014-12-19 00:00:00-05:00,10.173999786376953,10.234999656677246,9.944999694824219,10.015000343322754,7.537107467651367,65173000,0.0,0.0,AVGO
2014-12-22 00:00:00-05:00,10.100000381469727,10.15999984741211,10.0,10.140999794006348,7.631931781768799,15924000,0.0,0.0,AVGO
2014-12-23 00:00:00-05:00,10.234000205993652,10.25,10.057000160217285,10.07800006866455,7.584521293640137,13011000,0.0,0.0,AVGO
2014-12-24 00:00:00-05:00,10.092000007629395,10.123000144958496,10.027999877929688,10.071999549865723,7.580002784729004,6358000,0.0,0.0,AVGO
2014-12-26 00:00:00-05:00,10.097000122070312,10.133000373840332,10.020999908447266,10.062000274658203,7.572478294372559,5761000,0.0,0.0,AVGO
2014-12-29 00:00:00-05:00,10.062000274658203,10.138999938964844,9.918999671936035,10.128999710083008,7.622901916503906,13677000,0.0,0.0,AVGO
2014-12-30 00:00:00-05:00,10.107000350952148,10.194000244140625,10.0600004196167,10.085000038146973,7.589786529541016,11730000,0.0,0.0,AVGO
2014-12-31 00:00:00-05:00,10.109999656677246,10.303000450134277,10.043000221252441,10.059000015258789,7.570221900939941,15121000,0.0,0.0,AVGO
2015-01-02 00:00:00-05:00,10.093000411987305,10.220999717712402,9.913000106811523,10.008999824523926,7.532590389251709,13500000,0.0,0.0,AVGO
2015-01-05 00:00:00-05:00,10.006999969482422,10.081999778747559,9.84000015258789,9.848999977111816,7.412178039550781,15596000,0.0,0.0,AVGO
2015-01-06 00:00:00-05:00,9.895000457763672,9.907999992370605,9.517999649047852,9.625,7.243601322174072,22194000,0.0,0.0,AVGO
2015-01-07 00:00:00-05:00,9.704999923706055,9.939000129699707,9.652999877929688,9.885000228881836,7.439272403717041,30907000,0.0,0.0,AVGO
2015-01-08 00:00:00-05:00,10.053000450134277,10.430000305175781,10.03600025177002,10.378999710083008,7.811044692993164,33265000,0.0,0.0,AVGO
2015-01-09 00:00:00-05:00,10.446999549865723,10.579999923706055,10.258000373840332,10.489999771118164,7.8945794105529785,23432000,0.0,0.0,AVGO
2015-01-12 00:00:00-05:00,10.506999969482422,10.564000129699707,10.272000312805176,10.315999984741211,7.763633728027344,18692000,0.0,0.0,AVGO
2015-01-13 00:00:00-05:00,10.378000259399414,10.73799991607666,10.17300033569336,10.258000373840332,7.719985485076904,24337000,0.0,0.0,AVGO
2015-01-14 00:00:00-05:00,10.111000061035156,10.348999977111816,10.00100040435791,10.33899974822998,7.780941963195801,20984000,0.0,0.0,AVGO
2015-01-15 00:00:00-05:00,10.355999946594238,10.553999900817871,10.104999542236328,10.131999969482422,7.62515926361084,18372000,0.0,0.0,AVGO
2015-01-16 00:00:00-05:00,10.069000244140625,10.390999794006348,10.031000137329102,10.381999969482422,7.8133039474487305,15375000,0.0,0.0,AVGO
2015-01-20 00:00:00-05:00,10.369000434875488,10.52400016784668,10.258000373840332,10.487000465393066,7.892323017120361,12840000,0.0,0.0,AVGO
2015-01-21 00:00:00-05:00,10.432999610900879,10.687999725341797,10.41100025177002,10.538000106811523,7.93070650100708,16451000,0.0,0.0,AVGO
2015-01-22 00:00:00-05:00,10.597999572753906,10.64900016784668,10.152000427246094,10.520000457763672,7.917158603668213,20639000,0.0,0.0,AVGO
2015-01-23 00:00:00-05:00,10.503000259399414,10.75,10.425000190734863,10.697999954223633,8.05112075805664,15088000,0.0,0.0,AVGO
2015-01-26 00:00:00-05:00,10.673999786376953,10.706000328063965,10.461999893188477,10.67300033569336,8.032303810119629,9611000,0.0,0.0,AVGO
2015-01-27 00:00:00-05:00,10.506999969482422,10.597999572753906,10.281999588012695,10.479000091552734,7.88630485534668,15242000,0.0,0.0,AVGO
2015-01-28 00:00:00-05:00,10.711999893188477,10.833999633789062,10.486000061035156,10.5,7.9021100997924805,23302000,0.0,0.0,AVGO
2015-01-29 00:00:00-05:00,10.463000297546387,10.65999984741211,10.22700023651123,10.652999877929688,8.017254829406738,15842000,0.0,0.0,AVGO
2015-01-30 00:00:00-05:00,10.529000282287598,10.67300033569336,10.26200008392334,10.288000106811523,7.742561340332031,16938000,0.0,0.0,AVGO
2015-02-02 00:00:00-05:00,10.324999809265137,10.348999977111816,9.916000366210938,10.241999626159668,7.707942485809326,21581000,0.0,0.0,AVGO
2015-02-03 00:00:00-05:00,10.25,10.371999740600586,10.13599967956543,10.319999694824219,7.766645431518555,15390000,0.0,0.0,AVGO
2015-02-04 00:00:00-05:00,10.293000221252441,10.527999877929688,10.244999885559082,10.479999542236328,7.887058734893799,16658000,0.0,0.0,AVGO
2015-02-05 00:00:00-05:00,10.473999977111816,10.621999740600586,10.375,10.619999885559082,7.992419719696045,16585000,0.0,0.0,AVGO
2015-02-06 00:00:00-05:00,10.626999855041504,10.711000442504883,10.425999641418457,10.473999977111816,7.882542133331299,10682000,0.0,0.0,AVGO
2015-02-09 00:00:00-05:00,10.395000457763672,10.4350004196167,10.182000160217285,10.223999977111816,7.694396495819092,20346000,0.0,0.0,AVGO
2015-02-10 00:00:00-05:00,10.303999900817871,10.746000289916992,10.288999557495117,10.704000473022461,8.05563735961914,20398000,0.0,0.0,AVGO
2015-02-11 00:00:00-05:00,10.678999900817871,10.829999923706055,10.633000373840332,10.793999671936035,8.123368263244629,17169000,0.0,0.0,AVGO
2015-02-12 00:00:00-05:00,10.880000114440918,11.003999710083008,10.845999717712402,10.970000267028809,8.255821228027344,21072000,0.0,0.0,AVGO
2015-02-13 00:00:00-05:00,11.0,11.020000457763672,10.809000015258789,11.015000343322754,8.289689064025879,14614000,0.0,0.0,AVGO
2015-02-17 00:00:00-05:00,11.020000457763672,11.135000228881836,10.909000396728516,11.086999893188477,8.343871116638184,15312000,0.0,0.0,AVGO
2015-02-18 00:00:00-05:00,11.031999588012695,11.059000015258789,10.928999900817871,11.0,8.278400421142578,16681000,0.0,0.0,AVGO
2015-02-19 00:00:00-05:00,11.0,11.109999656677246,10.96500015258789,11.09000015258789,8.346136093139648,13196000,0.0,0.0,AVGO
2015-02-20 00:00:00-05:00,11.142999649047852,11.215999603271484,11.045999526977539,11.206000328063965,8.433428764343262,19283000,0.0,0.0,AVGO
2015-02-23 00:00:00-05:00,11.300000190734863,11.322999954223633,11.196000099182129,11.28499984741211,8.492888450622559,23854000,0.0,0.0,AVGO
2015-02-24 00:00:00-05:00,11.350000381469727,11.359999656677246,11.16100025177002,11.317999839782715,8.517721176147461,23213000,0.0,0.0,AVGO
2015-02-25 00:00:00-05:00,11.329000473022461,11.390000343322754,11.230999946594238,11.267999649047852,8.48008918762207,38216000,0.0,0.0,AVGO
2015-02-26 00:00:00-05:00,12.324000358581543,12.98900032043457,12.305000305175781,12.925000190734863,9.727119445800781,89263000,0.0,0.0,AVGO
2015-02-27 00:00:00-05:00,12.869999885559082,12.869999885559082,12.61400032043457,12.76200008392334,9.604448318481445,33825000,0.0,0.0,AVGO
2015-03-02 00:00:00-05:00,12.720999717712402,13.086999893188477,12.720999717712402,12.902000427246094,9.709811210632324,27893000,0.0,0.0,AVGO
2015-03-03 00:00:00-05:00,12.824000358581543,12.894000053405762,12.756999969482422,12.821999549865723,9.649605751037598,18682000,0.0,0.0,AVGO
2015-03-04 00:00:00-05:00,12.769000053405762,12.98799991607666,12.437000274658203,12.9399995803833,9.73840618133545,36143000,0.0,0.0,AVGO
2015-03-05 00:00:00-05:00,12.935999870300293,13.154000282287598,12.878000259399414,13.057000160217285,9.826459884643555,21688000,0.0,0.0,AVGO
2015-03-06 00:00:00-05:00,13.0,13.048999786376953,12.75,12.788999557495117,9.624765396118164,22329000,0.0,0.0,AVGO
2015-03-09 00:00:00-04:00,12.779000282287598,12.859000205993652,12.692999839782715,12.711999893188477,9.566819190979004,17835000,0.0,0.0,AVGO
2015-03-10 00:00:00-04:00,12.571999549865723,12.692999839782715,12.451000213623047,12.51200008392334,9.416303634643555,17688000,0.0,0.0,AVGO
2015-03-11 00:00:00-04:00,12.529999732971191,12.647000312805176,12.45199966430664,12.465999603271484,9.381681442260742,17742000,0.0,0.0,AVGO
2015-03-12 00:00:00-04:00,12.288000106811523,12.621000289916992,12.154999732971191,12.612000465393066,9.491561889648438,22305000,0.0,0.0,AVGO
2015-03-13 00:00:00-04:00,12.571000099182129,12.675000190734863,12.394000053405762,12.5,9.407270431518555,18414000,0.0,0.0,AVGO
2015-03-16 00:00:00-04:00,12.687000274658203,13.045000076293945,12.670000076293945,12.987000465393066,9.773778915405273,23077000,0.0,0.0,AVGO
2015-03-17 00:00:00-04:00,12.880999565124512,12.960000038146973,12.75,12.90999984741211,9.71583080291748,19006000,0.0,0.0,AVGO
2015-03-18 00:00:00-04:00,12.866000175476074,13.128000259399414,12.769000053405762,13.043999671936035,9.845656394958496,21250000,0.038,0.0,AVGO
2015-03-19 00:00:00-04:00,13.050000190734863,13.295000076293945,13.001999855041504,13.204000473022461,9.966425895690918,24461000,0.0,0.0,AVGO
2015-03-20 00:00:00-04:00,13.343000411987305,13.418000221252441,13.220000267028809,13.329000473022461,10.060775756835938,55522000,0.0,0.0,AVGO
2015-03-23 00:00:00-04:00,13.5,13.628000259399414,13.388999938964844,13.444000244140625,10.147581100463867,23849000,0.0,0.0,AVGO
2015-03-24 00:00:00-04:00,13.496999740600586,13.536999702453613,13.288000106811523,13.312000274658203,10.047945976257324,25819000,0.0,0.0,AVGO
2015-03-25 00:00:00-04:00,13.26200008392334,13.333000183105469,12.4399995803833,12.442999839782715,9.392020225524902,48853000,0.0,0.0,AVGO
2015-03-26 00:00:00-04:00,12.026000022888184,12.513999938964844,11.696000099182129,12.470999717712402,9.413156509399414,45058000,0.0,0.0,AVGO
2015-03-27 00:00:00-04:00,12.49899959564209,12.899999618530273,12.484999656677246,12.821000099182129,9.677334785461426,24297000,0.0,0.0,AVGO
2015-03-30 00:00:00-04:00,12.982999801635742,13.09000015258789,12.829999923706055,13.055000305175781,9.853960037231445,19523000,0.0,0.0,AVGO
2015-03-31 00:00:00-04:00,12.930999755859375,12.949999809265137,12.67300033569336,12.697999954223633,9.584495544433594,16402000,0.0,0.0,AVGO
2015-04-01 00:00:00-04:00,12.666000366210938,12.696000099182129,12.361000061035156,12.562999725341797,9.482595443725586,21830000,0.0,0.0,AVGO
2015-04-02 00:00:00-04:00,12.611000061035156,12.690999984741211,12.463000297546387,12.501999855041504,9.436551094055176,14508000,0.0,0.0,AVGO
2015-04-06 00:00:00-04:00,12.336999893188477,12.67300033569336,12.25,12.583000183105469,9.497696876525879,14227000,0.0,0.0,AVGO
2015-04-07 00:00:00-04:00,12.651000022888184,12.717000007629395,12.539999961853027,12.5649995803833,9.484103202819824,16132000,0.0,0.0,AVGO
2015-04-08 00:00:00-04:00,12.54699993133545,12.746999740600586,12.529999732971191,12.678999900817871,9.570157051086426,13607000,0.0,0.0,AVGO
2015-04-09 00:00:00-04:00,12.583999633789062,12.793999671936035,12.5649995803833,12.722000122070312,9.60261058807373,13961000,0.0,0.0,AVGO
2015-04-10 00:00:00-04:00,12.755999565124512,12.79699993133545,12.607000350952148,12.682000160217285,9.572419166564941,11669000,0.0,0.0,AVGO
2015-04-13 00:00:00-04:00,12.725000381469727,12.746999740600586,12.510000228881836,12.53499984741211,9.461461067199707,10483000,0.0,0.0,AVGO
2015-04-14 00:00:00-04:00,12.505999565124512,12.534000396728516,12.21399974822998,12.39799976348877,9.358051300048828,16047000,0.0,0.0,AVGO
2015-04-15 00:00:00-04:00,12.47700023651123,12.630000114440918,12.46500015258789,12.59000015258789,9.50298023223877,16893000,0.0,0.0,AVGO
2015-04-16 00:00:00-04:00,12.506999969482422,12.616000175476074,12.479999542236328,12.532999992370605,9.45995044708252,15456000,0.0,0.0,AVGO
2015-04-17 00:00:00-04:00,12.369000434875488,12.428000450134277,12.093999862670898,12.1850004196167,9.197279930114746,26817000,0.0,0.0,AVGO
2015-04-20 00:00:00-04:00,12.25,12.381999969482422,12.220000267028809,12.303000450134277,9.286347389221191,13295000,0.0,0.0,AVGO
2015-04-21 00:00:00-04:00,12.432000160217285,12.505000114440918,12.293999671936035,12.3100004196167,9.291633605957031,20616000,0.0,0.0,AVGO
2015-04-22 00:00:00-04:00,12.390999794006348,12.800000190734863,12.274999618530273,12.789999961853027,9.653935432434082,22580000,0.0,0.0,AVGO
2015-04-23 00:00:00-04:00,12.522000312805176,12.545999526977539,12.255000114440918,12.406999588012695,9.364848136901855,28053000,0.0,0.0,AVGO
2015-04-24 00:00:00-04:00,12.373000144958496,12.373000144958496,11.586999893188477,11.949999809265137,9.019902229309082,55059000,0.0,0.0,AVGO
2015-04-27 00:00:00-04:00,12.0,12.194000244140625,11.871999740600586,12.015000343322754,9.068963050842285,27320000,0.0,0.0,AVGO
2015-04-28 00:00:00-04:00,12.038000106811523,12.100000381469727,11.456000328063965,11.744999885559082,8.865168571472168,31023000,0.0,0.0,AVGO
2015-04-29 00:00:00-04:00,11.60200023651123,11.751999855041504,11.475000381469727,11.70300006866455,8.833468437194824,20903000,0.0,0.0,AVGO
2015-04-30 00:00:00-04:00,11.668999671936035,11.894000053405762,11.62600040435791,11.687999725341797,8.822142601013184,21339000,0.0,0.0,AVGO
2015-05-01 00:00:00-04:00,11.791999816894531,12.343000411987305,11.788000106811523,12.279999732971191,9.268988609313965,25334000,0.0,0.0,AVGO
2015-05-04 00:00:00-04:00,12.282999992370605,12.385000228881836,12.086000442504883,12.116000175476074,9.145198822021484,14207000,0.0,0.0,AVGO
2015-05-05 00:00:00-04:00,12.010000228881836,12.067000389099121,11.663000106811523,11.678999900817871,8.815345764160156,22090000,0.0,0.0,AVGO
2015-05-06 00:00:00-04:00,11.784000396728516,11.836999893188477,11.538999557495117,11.678000450134277,8.814594268798828,14475000,0.0,0.0,AVGO
2015-05-07 00:00:00-04:00,12.0,12.36400032043457,12.0,12.248000144958496,9.244834899902344,23542000,0.0,0.0,AVGO
2015-05-08 00:00:00-04:00,12.319999694824219,12.493000030517578,12.27299976348877,12.333000183105469,9.308993339538574,14846000,0.0,0.0,AVGO
2015-05-11 00:00:00-04:00,12.357000350952148,12.38599967956543,12.260000228881836,12.281000137329102,9.269742012023926,12418000,0.0,0.0,AVGO
2015-05-12 00:00:00-04:00,12.20199966430664,12.357999801635742,12.130000114440918,12.295000076293945,9.280308723449707,10264000,0.0,0.0,AVGO
2015-05-13 00:00:00-04:00,12.36299991607666,12.484000205993652,12.230999946594238,12.312999725341797,9.293896675109863,11857000,0.0,0.0,AVGO
2015-05-14 00:00:00-04:00,12.413999557495117,12.868000030517578,12.36400032043457,12.694000244140625,9.581475257873535,23279000,0.0,0.0,AVGO
2015-05-15 00:00:00-04:00,12.779000282287598,12.949999809265137,12.656999588012695,12.786999702453613,9.651671409606934,22627000,0.0,0.0,AVGO
2015-05-18 00:00:00-04:00,12.795000076293945,13.039999961853027,12.727999687194824,13.017999649047852,9.826030731201172,17984000,0.0,0.0,AVGO
2015-05-19 00:00:00-04:00,13.086000442504883,13.1850004196167,12.925000190734863,12.946999549865723,9.772440910339355,16053000,0.0,0.0,AVGO
2015-05-20 00:00:00-04:00,12.994000434875488,13.107000350952148,12.810999870300293,12.91100025177002,9.74526596069336,18721000,0.0,0.0,AVGO
2015-05-21 00:00:00-04:00,12.951000213623047,13.003000259399414,12.784000396728516,12.958999633789062,9.781498908996582,21309000,0.0,0.0,AVGO
2015-05-22 00:00:00-04:00,12.982000350952148,13.383000373840332,12.982000350952148,13.263999938964844,10.011713981628418,22856000,0.0,0.0,AVGO
2015-05-26 00:00:00-04:00,13.435999870300293,13.45300006866455,13.064000129699707,13.130000114440918,9.91057300567627,26781000,0.0,0.0,AVGO
2015-05-27 00:00:00-04:00,13.208999633789062,14.482000350952148,13.161999702453613,14.14900016784668,10.67971420288086,114248000,0.0,0.0,AVGO
2015-05-28 00:00:00-04:00,14.50100040435791,14.54699993133545,13.600000381469727,14.23799991607666,10.746892929077148,249123000,0.0,0.0,AVGO
2015-05-29 00:00:00-04:00,14.411999702453613,14.923999786376953,14.41100025177002,14.807000160217285,11.176375389099121,118244000,0.0,0.0,AVGO
2015-06-01 00:00:00-04:00,14.824000358581543,15.050000190734863,14.515000343322754,14.661999702453613,11.066930770874023,83579000,0.0,0.0,AVGO
2015-06-02 00:00:00-04:00,14.640999794006348,14.666999816894531,14.314000129699707,14.416000366210938,10.881250381469727,41264000,0.0,0.0,AVGO
2015-06-03 00:00:00-04:00,14.600000381469727,14.600000381469727,14.281000137329102,14.305999755859375,10.7982177734375,30450000,0.0,0.0,AVGO
2015-06-04 00:00:00-04:00,14.24899959564209,14.343999862670898,14.04800033569336,14.119999885559082,10.657829284667969,28017000,0.0,0.0,AVGO
2015-06-05 00:00:00-04:00,14.097000122070312,14.404000282287598,13.930999755859375,14.380999565124512,10.854826927185059,38593000,0.0,0.0,AVGO
2015-06-08 00:00:00-04:00,14.357000350952148,14.376999855041504,13.753000259399414,13.86299991607666,10.46384048461914,54422000,0.0,0.0,AVGO
2015-06-09 00:00:00-04:00,13.895000457763672,14.072999954223633,13.651000022888184,14.020999908447266,10.583099365234375,44071000,0.0,0.0,AVGO
2015-06-10 00:00:00-04:00,13.993000030517578,14.39799976348877,13.984000205993652,14.28600025177002,10.783123970031738,42617000,0.0,0.0,AVGO
2015-06-11 00:00:00-04:00,14.218000411987305,14.326000213623047,14.10200023651123,14.199000358581543,10.717453956604004,31517000,0.0,0.0,AVGO
2015-06-12 00:00:00-04:00,14.128999710083008,14.14799976348877,13.98799991607666,14.04699993133545,10.6027250289917,19145000,0.0,0.0,AVGO
2015-06-15 00:00:00-04:00,13.916000366210938,14.402000427246094,13.901000022888184,14.312000274658203,10.802748680114746,34565000,0.0,0.0,AVGO
2015-06-16 00:00:00-04:00,14.270000457763672,14.348999977111816,14.137999534606934,14.199000358581543,10.717453956604004,20998000,0.0,0.0,AVGO
2015-06-17 00:00:00-04:00,14.149999618530273,14.25,13.946000099182129,14.069000244140625,10.649332046508789,25429000,0.04,0.0,AVGO
2015-06-18 00:00:00-04:00,14.072999954223633,14.375,14.072999954223633,14.300000190734863,10.82418441772461,25298000,0.0,0.0,AVGO
2015-06-19 00:00:00-04:00,14.300999641418457,14.390999794006348,14.15999984741211,14.288999557495117,10.81585693359375,26881000,0.0,0.0,AVGO
2015-06-22 00:00:00-04:00,14.416000366210938,14.513999938964844,14.199999809265137,14.32800006866455,10.845379829406738,22846000,0.0,0.0,AVGO
2015-06-23 00:00:00-04:00,14.395999908447266,14.395999908447266,14.086000442504883,14.163999557495117,10.721240043640137,21497000,0.0,0.0,AVGO
2015-06-24 00:00:00-04:00,14.206000328063965,14.222000122070312,13.982999801635742,13.996999740600586,10.594832420349121,22402000,0.0,0.0,AVGO
2015-06-25 00:00:00-04:00,14.012999534606934,14.104999542236328,13.883000373840332,13.92300033569336,10.538814544677734,17538000,0.0,0.0,AVGO
2015-06-26 00:00:00-04:00,13.885000228881836,13.904000282287598,13.475000381469727,13.515000343322754,10.229990005493164,71798000,0.0,0.0,AVGO
2015-06-29 00:00:00-04:00,13.28499984741211,13.520999908447266,13.104000091552734,13.201000213623047,9.992308616638184,40473000,0.0,0.0,AVGO
2015-06-30 00:00:00-04:00,13.380000114440918,13.437999725341797,13.211999893188477,13.293000221252441,10.061946868896484,28695000,0.0,0.0,AVGO
2015-07-01 00:00:00-04:00,13.440999984741211,13.770000457763672,13.432000160217285,13.550000190734863,10.256484985351562,43059000,0.0,0.0,AVGO
2015-07-02 00:00:00-04:00,13.5600004196167,13.774999618530273,13.53499984741211,13.763999938964844,10.41846752166748,32797000,0.0,0.0,AVGO
2015-07-06 00:00:00-04:00,13.616000175476074,13.76099967956543,13.38700008392334,13.420000076293945,10.158080101013184,30188000,0.0,0.0,AVGO
2015-07-07 00:00:00-04:00,13.395000457763672,13.444999694824219,12.616000175476074,13.284000396728516,10.055136680603027,59268000,0.0,0.0,AVGO
2015-07-08 00:00:00-04:00,13.010000228881836,13.133999824523926,12.685999870300293,12.805000305175781,9.692564964294434,51371000,0.0,0.0,AVGO
2015-07-09 00:00:00-04:00,13.017999649047852,13.13599967956543,12.371999740600586,12.468000411987305,9.437479019165039,73469000,0.0,0.0,AVGO
2015-07-10 00:00:00-04:00,12.66100025177002,13.081999778747559,12.649999618530273,12.984000205993652,9.828059196472168,50948000,0.0,0.0,AVGO
2015-07-13 00:00:00-04:00,13.137999534606934,13.137999534606934,12.845999717712402,12.918000221252441,9.778098106384277,25304000,0.0,0.0,AVGO
2015-07-14 00:00:00-04:00,12.9350004196167,13.248000144958496,12.85099983215332,13.229999542236328,10.014263153076172,26289000,0.0,0.0,AVGO
2015-07-15 00:00:00-04:00,13.166999816894531,13.348999977111816,13.081999778747559,13.17199993133545,9.970357894897461,23100000,0.0,0.0,AVGO
2015-07-16 00:00:00-04:00,13.36299991607666,13.47700023651123,13.08899974822998,13.470000267028809,10.195929527282715,33977000,0.0,0.0,AVGO
2015-07-17 00:00:00-04:00,13.496000289916992,13.5,13.196000099182129,13.366000175476074,10.117206573486328,29000000,0.0,0.0,AVGO
2015-07-20 00:00:00-04:00,13.454999923706055,13.562000274658203,13.375,13.46399974822998,10.191383361816406,23563000,0.0,0.0,AVGO
2015-07-21 00:00:00-04:00,13.510000228881836,13.637999534606934,13.413999557495117,13.451000213623047,10.181543350219727,31532000,0.0,0.0,AVGO
2015-07-22 00:00:00-04:00,12.704000473022461,13.0,12.538000106811523,12.958999633789062,9.809131622314453,61346000,0.0,0.0,AVGO
2015-07-23 00:00:00-04:00,13.118000030517578,13.5,13.050000190734863,13.196999549865723,9.989282608032227,30608000,0.0,0.0,AVGO
2015-07-24 00:00:00-04:00,13.35099983215332,13.385000228881836,12.833999633789062,12.847999572753906,9.72511100769043,36311000,0.0,0.0,AVGO
2015-07-27 00:00:00-04:00,12.734999656677246,12.75,12.40999984741211,12.46500015258789,9.435206413269043,34893000,0.0,0.0,AVGO
2015-07-28 00:00:00-04:00,12.557999610900879,12.954999923706055,12.35200023651123,12.842000007629395,9.720568656921387,27869000,0.0,0.0,AVGO
2015-07-29 00:00:00-04:00,12.836999893188477,12.911999702453613,12.545000076293945,12.857999801635742,9.73267936706543,33407000,0.0,0.0,AVGO
2015-07-30 00:00:00-04:00,12.574000358581543,12.878999710083008,12.506999969482422,12.765000343322754,9.662287712097168,39169000,0.0,0.0,AVGO
2015-07-31 00:00:00-04:00,12.833999633789062,12.833999633789062,12.496000289916992,12.513999938964844,9.472294807434082,30593000,0.0,0.0,AVGO
2015-08-03 00:00:00-04:00,12.642000198364258,12.74899959564209,12.423999786376953,12.579999923706055,9.52225399017334,27273000,0.0,0.0,AVGO
2015-08-04 00:00:00-04:00,12.555000305175781,12.555000305175781,11.87600040435791,12.347000122070312,9.345888137817383,47467000,0.0,0.0,AVGO
2015-08-05 00:00:00-04:00,12.300000190734863,12.569000244140625,12.100000381469727,12.475000381469727,9.442774772644043,34158000,0.0,0.0,AVGO
2015-08-06 00:00:00-04:00,12.503999710083008,12.539999961853027,12.0600004196167,12.32699966430664,9.33074951171875,46052000,0.0,0.0,AVGO
2015-08-07 00:00:00-04:00,12.10200023651123,12.39799976348877,12.081999778747559,12.255000114440918,9.276253700256348,30527000,0.0,0.0,AVGO
2015-08-10 00:00:00-04:00,12.348999977111816,12.739999771118164,12.300000190734863,12.727999687194824,9.63428020477295,28907000,0.0,0.0,AVGO
2015-08-11 00:00:00-04:00,12.564000129699707,12.623000144958496,12.291999816894531,12.420999526977539,9.401902198791504,26744000,0.0,0.0,AVGO
2015-08-12 00:00:00-04:00,12.159000396728516,12.668000221252441,12.062000274658203,12.572999954223633,9.51695442199707,27205000,0.0,0.0,AVGO
2015-08-13 00:00:00-04:00,12.562000274658203,12.682000160217285,12.401000022888184,12.418999671936035,9.400388717651367,14571000,0.0,0.0,AVGO
2015-08-14 00:00:00-04:00,12.399999618530273,12.449999809265137,12.116999626159668,12.196000099182129,9.231587409973145,26496000,0.0,0.0,AVGO
2015-08-17 00:00:00-04:00,12.131999969482422,12.552000045776367,12.079999923706055,12.552000045776367,9.501058578491211,21293000,0.0,0.0,AVGO
2015-08-18 00:00:00-04:00,12.57699966430664,12.57699966430664,12.178000450134277,12.223999977111816,9.25278377532959,19502000,0.0,0.0,AVGO
2015-08-19 00:00:00-04:00,12.157999992370605,12.277999877929688,11.930000305175781,12.145000457763672,9.192987442016602,30891000,0.0,0.0,AVGO
2015-08-20 00:00:00-04:00,12.008000373840332,12.064000129699707,11.503000259399414,11.503000259399414,8.707033157348633,41756000,0.0,0.0,AVGO
2015-08-21 00:00:00-04:00,11.274999618530273,11.548999786376953,11.133000373840332,11.145000457763672,8.43604850769043,56472000,0.0,0.0,AVGO
2015-08-24 00:00:00-04:00,10.109000205993652,11.50100040435791,10.0,10.994000434875488,8.321755409240723,69040000,0.0,0.0,AVGO
2015-08-25 00:00:00-04:00,11.413000106811523,11.5,10.819999694824219,10.85099983215332,8.213509559631348,43921000,0.0,0.0,AVGO
2015-08-26 00:00:00-04:00,11.260000228881836,11.673999786376953,11.118000030517578,11.619999885559082,8.79559326171875,59354000,0.0,0.0,AVGO
2015-08-27 00:00:00-04:00,12.050000190734863,12.699999809265137,12.038000106811523,12.62600040435791,9.557071685791016,91882000,0.0,0.0,AVGO
2015-08-28 00:00:00-04:00,12.553000450134277,12.772000312805176,12.468999862670898,12.76200008392334,9.660014152526855,36322000,0.0,0.0,AVGO
2015-08-31 00:00:00-04:00,12.663999557495117,12.803999900817871,12.5,12.597000122070312,9.53511905670166,30087000,0.0,0.0,AVGO
2015-09-01 00:00:00-04:00,12.152000427246094,12.501999855041504,11.8100004196167,11.937000274658203,9.035545349121094,49749000,0.0,0.0,AVGO
2015-09-02 00:00:00-04:00,12.21500015258789,12.406999588012695,12.015999794006348,12.404000282287598,9.389034271240234,36700000,0.0,0.0,AVGO
2015-09-03 00:00:00-04:00,12.539999961853027,12.6899995803833,12.321000099182129,12.376999855041504,9.368596076965332,29954000,0.0,0.0,AVGO
2015-09-04 00:00:00-04:00,12.12399959564209,12.380999565124512,12.0649995803833,12.114999771118164,9.170279502868652,24923000,0.0,0.0,AVGO
2015-09-08 00:00:00-04:00,12.539999961853027,12.932999610900879,12.482000350952148,12.916000366210938,9.776586532592773,35477000,0.0,0.0,AVGO
2015-09-09 00:00:00-04:00,13.017999649047852,13.178999900817871,12.630000114440918,12.717000007629395,9.625953674316406,31502000,0.0,0.0,AVGO
2015-09-10 00:00:00-04:00,12.854000091552734,12.916000366210938,12.479999542236328,12.871999740600586,9.743278503417969,36224000,0.0,0.0,AVGO
2015-09-11 00:00:00-04:00,12.815999984741211,13.121999740600586,12.694000244140625,13.107999801635742,9.921916007995605,39606000,0.0,0.0,AVGO
2015-09-14 00:00:00-04:00,13.25,13.373000144958496,13.0600004196167,13.119000434875488,9.930242538452148,34643000,0.0,0.0,AVGO
2015-09-15 00:00:00-04:00,13.213000297546387,13.494999885559082,13.100000381469727,13.437999725341797,10.17170524597168,30804000,0.0,0.0,AVGO
2015-09-16 00:00:00-04:00,13.388999938964844,13.388999938964844,13.026000022888184,13.14900016784668,9.984155654907227,27317000,0.042,0.0,AVGO
2015-09-17 00:00:00-04:00,13.151000022888184,13.305999755859375,13.020000457763672,13.060999870300293,9.917335510253906,19918000,0.0,0.0,AVGO
2015-09-18 00:00:00-04:00,12.854000091552734,12.949000358581543,12.65999984741211,12.758999824523926,9.688023567199707,44021000,0.0,0.0,AVGO
2015-09-21 00:00:00-04:00,12.836999893188477,12.937999725341797,12.621999740600586,12.72599983215332,9.662964820861816,16515000,0.0,0.0,AVGO
2015-09-22 00:00:00-04:00,12.49899959564209,12.583999633789062,12.369999885559082,12.470000267028809,9.468583106994629,22483000,0.0,0.0,AVGO
2015-09-23 00:00:00-04:00,12.482000350952148,12.779999732971191,12.380999565124512,12.553999900817871,9.532368659973145,21879000,0.0,0.0,AVGO
2015-09-24 00:00:00-04:00,12.40999984741211,12.53499984741211,11.944999694824219,12.40999984741211,9.42302417755127,44995000,0.0,0.0,AVGO
2015-09-25 00:00:00-04:00,12.595999717712402,12.892999649047852,12.520000457763672,12.673999786376953,9.623480796813965,35087000,0.0,0.0,AVGO
2015-09-28 00:00:00-04:00,12.595999717712402,12.817000389099121,12.081000328063965,12.085000038146973,9.176250457763672,39887000,0.0,0.0,AVGO
2015-09-29 00:00:00-04:00,12.190999984741211,12.248000144958496,11.805999755859375,11.967000007629395,9.086650848388672,47991000,0.0,0.0,AVGO
2015-09-30 00:00:00-04:00,12.178999900817871,12.52299976348877,12.100000381469727,12.50100040435791,9.4921236038208,43955000,0.0,0.0,AVGO
2015-10-01 00:00:00-04:00,12.310999870300293,12.489999771118164,11.949999809265137,12.21399974822998,9.274201393127441,45674000,0.0,0.0,AVGO
2015-10-02 00:00:00-04:00,11.99899959564209,12.336000442504883,11.821000099182129,12.333000183105469,9.364559173583984,35207000,0.0,0.0,AVGO
2015-10-05 00:00:00-04:00,12.395999908447266,12.487000465393066,12.095999717712402,12.121999740600586,9.204345703125,39085000,0.0,0.0,AVGO
2015-10-06 00:00:00-04:00,12.076000213623047,12.10099983215332,11.152999877929688,11.711000442504883,8.892269134521484,115846000,0.0,0.0,AVGO
2015-10-07 00:00:00-04:00,11.864999771118164,11.954000473022461,11.581999778747559,11.86400032043457,9.008443832397461,37284000,0.0,0.0,AVGO
2015-10-08 00:00:00-04:00,11.751999855041504,11.795999526977539,11.378999710083008,11.668999671936035,8.86037826538086,41409000,0.0,0.0,AVGO
2015-10-09 00:00:00-04:00,11.656000137329102,11.807999610900879,11.553999900817871,11.690999984741211,8.877084732055664,34479000,0.0,0.0,AVGO
2015-10-12 00:00:00-04:00,11.758999824523926,11.79800033569336,11.576000213623047,11.767999649047852,8.935548782348633,24184000,0.0,0.0,AVGO
2015-10-13 00:00:00-04:00,11.633999824523926,11.666999816894531,11.321000099182129,11.342000007629395,8.61208438873291,32475000,0.0,0.0,AVGO
2015-10-14 00:00:00-04:00,11.300000190734863,11.776000022888184,11.23799991607666,11.746000289916992,8.918843269348145,33530000,0.0,0.0,AVGO
2015-10-15 00:00:00-04:00,11.800000190734863,12.199000358581543,11.769000053405762,12.187000274658203,9.253700256347656,49316000,0.0,0.0,AVGO
2015-10-16 00:00:00-04:00,12.1899995803833,12.197999954223633,11.989999771118164,12.107000350952148,9.192956924438477,19866000,0.0,0.0,AVGO
2015-10-19 00:00:00-04:00,12.100000381469727,12.12600040435791,11.737000465393066,11.895999908447266,9.032740592956543,18593000,0.0,0.0,AVGO
2015-10-20 00:00:00-04:00,11.847000122070312,12.006999969482422,11.760000228881836,11.98900032043457,9.103355407714844,21920000,0.0,0.0,AVGO
2015-10-21 00:00:00-04:00,12.175999641418457,12.267999649047852,12.01099967956543,12.050000190734863,9.149674415588379,28197000,0.0,0.0,AVGO
2015-10-22 00:00:00-04:00,12.161999702453613,12.562000274658203,12.121000289916992,12.534000396728516,9.517181396484375,34344000,0.0,0.0,AVGO
2015-10-23 00:00:00-04:00,12.746999740600586,12.984000205993652,12.406000137329102,12.958000183105469,9.83912467956543,35498000,0.0,0.0,AVGO
2015-10-26 00:00:00-04:00,12.805999755859375,12.805999755859375,12.27400016784668,12.361000061035156,9.385820388793945,58129000,0.0,0.0,AVGO
2015-10-27 00:00:00-04:00,12.309000015258789,12.515000343322754,12.093999862670898,12.14900016784668,9.224846839904785,32280000,0.0,0.0,AVGO
2015-10-28 00:00:00-04:00,12.479000091552734,12.78499984741211,12.369999885559082,12.708999633789062,9.65005874633789,30966000,0.0,0.0,AVGO
2015-10-29 00:00:00-04:00,12.100000381469727,12.416000366210938,11.871999740600586,12.008999824523926,9.118539810180664,61582000,0.0,0.0,AVGO
2015-10-30 00:00:00-04:00,12.085000038146973,12.402000427246094,12.017000198364258,12.312999725341797,9.349374771118164,25516000,0.0,0.0,AVGO
2015-11-02 00:00:00-05:00,12.366000175476074,12.520999908447266,12.246000289916992,12.380000114440918,9.400245666503906,26068000,0.0,0.0,AVGO
2015-11-03 00:00:00-05:00,12.14799976348877,12.494999885559082,12.14799976348877,12.21399974822998,9.274201393127441,26222000,0.0,0.0,AVGO
2015-11-04 00:00:00-05:00,12.25,12.486000061035156,12.005999565124512,12.41100025177002,9.423783302307129,43098000,0.0,0.0,AVGO
2015-11-05 00:00:00-05:00,12.491000175476074,12.5,12.0600004196167,12.105999946594238,9.192193031311035,28308000,0.0,0.0,AVGO
2015-11-06 00:00:00-05:00,12.324999809265137,12.979000091552734,12.322999954223633,12.967000007629395,9.845962524414062,45287000,0.0,0.0,AVGO
2015-11-09 00:00:00-05:00,12.836999893188477,12.894000053405762,12.571000099182129,12.649999618530273,9.605260848999023,28250000,0.0,0.0,AVGO
2015-11-10 00:00:00-05:00,12.310999870300293,12.407999992370605,11.97700023651123,11.986000061035156,9.101079940795898,44759000,0.0,0.0,AVGO
2015-11-11 00:00:00-05:00,12.020999908447266,12.270000457763672,11.982000350952148,11.994999885559082,9.107911109924316,25953000,0.0,0.0,AVGO
2015-11-12 00:00:00-05:00,12.020999908447266,12.140999794006348,11.892000198364258,11.984999656677246,9.100318908691406,26588000,0.0,0.0,AVGO
2015-11-13 00:00:00-05:00,11.899999618530273,11.98900032043457,11.520999908447266,11.753999710083008,8.924918174743652,39824000,0.0,0.0,AVGO
2015-11-16 00:00:00-05:00,11.746999740600586,12.177000045776367,11.708000183105469,12.147000312805176,9.223326683044434,27796000,0.0,0.0,AVGO
2015-11-17 00:00:00-05:00,12.145999908447266,12.368000030517578,12.100000381469727,12.206000328063965,9.26812744140625,19868000,0.0,0.0,AVGO
2015-11-18 00:00:00-05:00,12.192000389099121,12.609999656677246,12.15999984741211,12.592000007629395,9.5612211227417,20270000,0.0,0.0,AVGO
2015-11-19 00:00:00-05:00,12.609999656677246,12.61299991607666,12.300999641418457,12.520999908447266,9.507308959960938,32780000,0.0,0.0,AVGO
2015-11-20 00:00:00-05:00,12.621000289916992,12.666999816894531,12.373000144958496,12.640000343322754,9.59766674041748,28057000,0.0,0.0,AVGO
2015-11-23 00:00:00-05:00,12.675000190734863,12.675000190734863,12.420999526977539,12.440999984741211,9.446564674377441,16003000,0.0,0.0,AVGO
2015-11-24 00:00:00-05:00,12.340999603271484,12.859000205993652,12.340999603271484,12.833999633789062,9.74497127532959,35659000,0.0,0.0,AVGO
2015-11-25 00:00:00-05:00,12.899999618530273,12.916999816894531,12.765999794006348,12.83899974822998,9.748769760131836,21396000,0.0,0.0,AVGO
2015-11-27 00:00:00-05:00,12.86299991607666,13.045000076293945,12.78600025177002,13.003999710083008,9.874053001403809,13262000,0.0,0.0,AVGO
2015-11-30 00:00:00-05:00,12.942999839782715,13.069999694824219,12.711999893188477,13.045000076293945,9.905190467834473,32615000,0.0,0.0,AVGO
2015-12-01 00:00:00-05:00,13.116999626159668,13.376999855041504,13.090999603271484,13.288999557495117,10.09045696258545,43255000,0.0,0.0,AVGO
2015-12-02 00:00:00-05:00,13.307000160217285,13.5,13.154000282287598,13.220999717712402,10.038825988769531,54364000,0.0,0.0,AVGO
2015-12-03 00:00:00-05:00,14.486000061035156,14.685999870300293,14.288000106811523,14.477999687194824,10.993276596069336,120661000,0.0,0.0,AVGO
2015-12-04 00:00:00-05:00,14.479999542236328,14.788999557495117,14.324000358581543,14.755999565124512,11.204362869262695,60329000,0.0,0.0,AVGO
2015-12-07 00:00:00-05:00,14.668999671936035,14.972000122070312,14.555000305175781,14.883000373840332,11.300796508789062,44769000,0.0,0.0,AVGO
2015-12-08 00:00:00-05:00,14.684000015258789,14.859000205993652,14.57699966430664,14.777999877929688,11.2210693359375,34560000,0.0,0.0,AVGO
2015-12-09 00:00:00-05:00,14.71399974822998,14.800000190734863,14.442000389099121,14.5649995803833,11.059333801269531,30803000,0.0,0.0,AVGO
2015-12-10 00:00:00-05:00,14.611000061035156,14.944000244140625,14.519000053405762,14.732999801635742,11.186901092529297,33078000,0.0,0.0,AVGO
2015-12-11 00:00:00-05:00,14.461999893188477,14.772000312805176,14.430000305175781,14.442000389099121,10.965941429138184,27777000,0.0,0.0,AVGO
2015-12-14 00:00:00-05:00,14.413999557495117,14.53600025177002,14.12399959564209,14.25100040435791,10.820914268493652,36993000,0.0,0.0,AVGO
2015-12-15 00:00:00-05:00,14.267999649047852,14.42300033569336,14.130999565124512,14.32699966430664,10.878620147705078,35398000,0.0,0.0,AVGO
2015-12-16 00:00:00-05:00,14.317000389099121,14.428000450134277,14.039999961853027,14.387999534606934,10.958595275878906,29644000,0.044,0.0,AVGO
2015-12-17 00:00:00-05:00,14.493000030517578,14.550000190734863,14.041000366210938,14.04800033569336,10.699637413024902,24378000,0.0,0.0,AVGO
2015-12-18 00:00:00-05:00,14.02299976348877,14.190999984741211,13.854999542236328,14.020000457763672,10.678309440612793,51964000,0.0,0.0,AVGO
2015-12-21 00:00:00-05:00,14.3100004196167,14.600000381469727,14.185999870300293,14.579999923706055,11.104830741882324,26627000,0.0,0.0,AVGO
2015-12-22 00:00:00-05:00,14.722999572753906,14.722999572753906,14.276000022888184,14.510000228881836,11.05151653289795,21684000,0.0,0.0,AVGO
2015-12-23 00:00:00-05:00,14.60200023651123,14.666000366210938,14.439000129699707,14.651000022888184,11.158906936645508,16170000,0.0,0.0,AVGO
2015-12-24 00:00:00-05:00,14.640999794006348,14.729000091552734,14.571999549865723,14.631999969482422,11.144436836242676,7436000,0.0,0.0,AVGO
2015-12-28 00:00:00-05:00,14.59000015258789,14.640000343322754,14.392999649047852,14.635000228881836,11.146720886230469,13873000,0.0,0.0,AVGO
2015-12-29 00:00:00-05:00,14.699999809265137,14.878000259399414,14.50100040435791,14.793999671936035,11.267822265625,22533000,0.0,0.0,AVGO
2015-12-30 00:00:00-05:00,14.75100040435791,14.888999938964844,14.711999893188477,14.737000465393066,11.224410057067871,17396000,0.0,0.0,AVGO
2015-12-31 00:00:00-05:00,14.657999992370605,14.75,14.51200008392334,14.515000343322754,11.05532455444336,19673000,0.0,0.0,AVGO
2016-01-04 00:00:00-05:00,14.206999778747559,14.234999656677246,13.98799991607666,14.227999687194824,10.836729049682617,30970000,0.0,0.0,AVGO
2016-01-05 00:00:00-05:00,14.314000129699707,14.329999923706055,13.720999717712402,13.751999855041504,10.474184036254883,38173000,0.0,0.0,AVGO
2016-01-06 00:00:00-05:00,13.456999778747559,13.605999946594238,13.227999687194824,13.329000473022461,10.152009963989258,50824000,0.0,0.0,AVGO
2016-01-07 00:00:00-05:00,13.130999565124512,13.376999855041504,12.819000244140625,12.904999732971191,9.829073905944824,50056000,0.0,0.0,AVGO
2016-01-08 00:00:00-05:00,13.003000259399414,13.345999717712402,12.805999755859375,12.819999694824219,9.76432991027832,64641000,0.0,0.0,AVGO
2016-01-11 00:00:00-05:00,12.949999809265137,12.996999740600586,12.541999816894531,12.803999900817871,9.752142906188965,38941000,0.0,0.0,AVGO
2016-01-12 00:00:00-05:00,12.986000061035156,13.166999816894531,12.685999870300293,12.991999626159668,9.895333290100098,41112000,0.0,0.0,AVGO
2016-01-13 00:00:00-05:00,12.774999618530273,12.998000144958496,12.307999610900879,12.331000328063965,9.391883850097656,48470000,0.0,0.0,AVGO
2016-01-14 00:00:00-05:00,12.418999671936035,12.668000221252441,12.029000282287598,12.519000053405762,9.535074234008789,63942000,0.0,0.0,AVGO
2016-01-15 00:00:00-05:00,12.020999908447266,12.378999710083008,11.930000305175781,11.996999740600586,9.137495040893555,75916000,0.0,0.0,AVGO
2016-01-19 00:00:00-05:00,12.276000022888184,12.479999542236328,11.901000022888184,12.006999969482422,9.145111083984375,54773000,0.0,0.0,AVGO
2016-01-20 00:00:00-05:00,11.782999992370605,12.557999610900879,11.717000007629395,12.383000373840332,9.431490898132324,103988000,0.0,0.0,AVGO
2016-01-21 00:00:00-05:00,12.479999542236328,12.600000381469727,12.335000038146973,12.45300006866455,9.4848051071167,48475000,0.0,0.0,AVGO
2016-01-22 00:00:00-05:00,12.64799976348877,12.64799976348877,12.42300033569336,12.451000213623047,9.483282089233398,58428000,0.0,0.0,AVGO
2016-01-25 00:00:00-05:00,12.442999839782715,12.498000144958496,12.399999618530273,12.449000358581543,9.481759071350098,61359000,0.0,0.0,AVGO
2016-01-26 00:00:00-05:00,12.5,12.651000022888184,12.399999618530273,12.439000129699707,9.474139213562012,119134000,0.0,0.0,AVGO
2016-01-27 00:00:00-05:00,12.364999771118164,12.541000366210938,12.008999824523926,12.234999656677246,9.318763732910156,58156000,0.0,0.0,AVGO
2016-01-28 00:00:00-05:00,12.293999671936035,12.654999732971191,12.199999809265137,12.63700008392334,9.62494945526123,49969000,0.0,0.0,AVGO
2016-01-29 00:00:00-05:00,12.944000244140625,13.434000015258789,12.810999870300293,13.371000289916992,10.184001922607422,259449000,0.0,0.0,AVGO
2016-02-01 00:00:00-05:00,13.333999633789062,13.869000434875488,13.295999526977539,13.767999649047852,10.486372947692871,45619000,0.0,0.0,AVGO
2016-02-02 00:00:00-05:00,13.50100040435791,13.758999824523926,13.170000076293945,13.324000358581543,10.148201942443848,59005000,0.0,0.0,AVGO
2016-02-03 00:00:00-05:00,13.725000381469727,13.76099967956543,13.029000282287598,13.13599967956543,10.005009651184082,56234000,0.0,0.0,AVGO
2016-02-04 00:00:00-05:00,13.140000343322754,13.72700023651123,13.050000190734863,13.612000465393066,10.3675537109375,60833000,0.0,0.0,AVGO
2016-02-05 00:00:00-05:00,13.699999809265137,13.699999809265137,12.697999954223633,12.836000442504883,9.776518821716309,70953000,0.0,0.0,AVGO
2016-02-08 00:00:00-05:00,12.699000358581543,12.699000358581543,11.92199993133545,12.185999870300293,9.281444549560547,91242000,0.0,0.0,AVGO
2016-02-09 00:00:00-05:00,11.982999801635742,12.571999549865723,11.876999855041504,11.970999717712402,9.117687225341797,63400000,0.0,0.0,AVGO
2016-02-10 00:00:00-05:00,12.24899959564209,12.366999626159668,11.864999771118164,11.920000076293945,9.078845024108887,45473000,0.0,0.0,AVGO
2016-02-11 00:00:00-05:00,11.649999618530273,11.763999938964844,11.425000190734863,11.630999565124512,8.85873031616211,66673000,0.0,0.0,AVGO
2016-02-12 00:00:00-05:00,11.776000022888184,12.232999801635742,11.572999954223633,12.166000366210938,9.266210556030273,39965000,0.0,0.0,AVGO
2016-02-16 00:00:00-05:00,12.32699966430664,12.678999900817871,12.295000076293945,12.62399959564209,9.615047454833984,38521000,0.0,0.0,AVGO
2016-02-17 00:00:00-05:00,12.699999809265137,13.081999778747559,12.67300033569336,13.067999839782715,9.953221321105957,32742000,0.0,0.0,AVGO
2016-02-18 00:00:00-05:00,13.175999641418457,13.199000358581543,12.607999801635742,12.706999778747559,9.678264617919922,39202000,0.0,0.0,AVGO
2016-02-19 00:00:00-05:00,12.704999923706055,12.878999710083008,12.5,12.866999626159668,9.800125122070312,31118000,0.0,0.0,AVGO
2016-02-22 00:00:00-05:00,13.0,13.243000030517578,12.949000358581543,13.064000129699707,9.950174331665039,24204000,0.0,0.0,AVGO
2016-02-23 00:00:00-05:00,13.015999794006348,13.050000190734863,12.805999755859375,12.815999984741211,9.761282920837402,22352000,0.0,0.0,AVGO
2016-02-24 00:00:00-05:00,12.651000022888184,13.125,12.541000366210938,13.034000396728516,9.927324295043945,25680000,0.0,0.0,AVGO
2016-02-25 00:00:00-05:00,13.07800006866455,13.24899959564209,12.869000434875488,13.246999740600586,10.089553833007812,25652000,0.0,0.0,AVGO
2016-02-26 00:00:00-05:00,13.420000076293945,13.496999740600586,13.225000381469727,13.310999870300293,10.138300895690918,27142000,0.0,0.0,AVGO
2016-02-29 00:00:00-05:00,13.333999633789062,13.791999816894531,13.289999961853027,13.397000312805176,10.20379638671875,35911000,0.0,0.0,AVGO
2016-03-01 00:00:00-05:00,13.536999702453613,13.86400032043457,13.461999893188477,13.843000411987305,10.543496131896973,44906000,0.0,0.0,AVGO
2016-03-02 00:00:00-05:00,13.78499984741211,13.824000358581543,13.505000114440918,13.696999549865723,10.432295799255371,43834000,0.0,0.0,AVGO
2016-03-03 00:00:00-05:00,13.774999618530273,13.885000228881836,13.430000305175781,13.732999801635742,10.45971393585205,59437000,0.0,0.0,AVGO
2016-03-04 00:00:00-05:00,14.600000381469727,14.78600025177002,14.17199993133545,14.605999946594238,11.124634742736816,72399000,0.0,0.0,AVGO
2016-03-07 00:00:00-05:00,14.47599983215332,14.623000144958496,14.057000160217285,14.35099983215332,10.930414199829102,41363000,0.0,0.0,AVGO
2016-03-08 00:00:00-05:00,14.229000091552734,14.281999588012695,13.940999984741211,13.963000297546387,10.634895324707031,33216000,0.0,0.0,AVGO
2016-03-09 00:00:00-05:00,14.074999809265137,14.253000259399414,14.04699993133545,14.196000099182129,10.812356948852539,31152000,0.0,0.0,AVGO
2016-03-10 00:00:00-05:00,14.345999717712402,14.579999923706055,14.199999809265137,14.442000389099121,10.999723434448242,54546000,0.0,0.0,AVGO
2016-03-11 00:00:00-05:00,14.598999977111816,15.001999855041504,14.574999809265137,14.881999969482422,11.334848403930664,55822000,0.0,0.0,AVGO
2016-03-14 00:00:00-04:00,14.711000442504883,14.918999671936035,14.699999809265137,14.814000129699707,11.283056259155273,28444000,0.0,0.0,AVGO
2016-03-15 00:00:00-04:00,14.850000381469727,14.998000144958496,14.607999801635742,14.847000122070312,11.308191299438477,30891000,0.0,0.0,AVGO
2016-03-16 00:00:00-04:00,14.746000289916992,14.927000045776367,14.6850004196167,14.86299991607666,11.357858657836914,34906000,0.049,0.0,AVGO
2016-03-17 00:00:00-04:00,14.737000465393066,15.17199993133545,14.737000465393066,15.154999732971191,11.580997467041016,44708000,0.0,0.0,AVGO
2016-03-18 00:00:00-04:00,15.194000244140625,15.300000190734863,15.086999893188477,15.24899959564209,11.65282917022705,70568000,0.0,0.0,AVGO
2016-03-21 00:00:00-04:00,15.258999824523926,15.300000190734863,15.083000183105469,15.288999557495117,11.683398246765137,28207000,0.0,0.0,AVGO
2016-03-22 00:00:00-04:00,15.239999771118164,15.560999870300293,15.154999732971191,15.47599983215332,11.826298713684082,33945000,0.0,0.0,AVGO
2016-03-23 00:00:00-04:00,15.482000350952148,15.531999588012695,15.234000205993652,15.298999786376953,11.691041946411133,27577000,0.0,0.0,AVGO
2016-03-24 00:00:00-04:00,15.175999641418457,15.329000473022461,15.112000465393066,15.300000190734863,11.691802024841309,25651000,0.0,0.0,AVGO
2016-03-28 00:00:00-04:00,15.32800006866455,15.350000381469727,15.206999778747559,15.3100004196167,11.699447631835938,17224000,0.0,0.0,AVGO
2016-03-29 00:00:00-04:00,15.32699966430664,15.493000030517578,15.218000411987305,15.413000106811523,11.778158187866211,26765000,0.0,0.0,AVGO
2016-03-30 00:00:00-04:00,15.5,15.727999687194824,15.454000473022461,15.692999839782715,11.992121696472168,26794000,0.0,0.0,AVGO
2016-03-31 00:00:00-04:00,15.70199966430664,15.737000465393066,15.444999694824219,15.449999809265137,11.80643081665039,24968000,0.0,0.0,AVGO
2016-04-01 00:00:00-04:00,15.404000282287598,15.791999816894531,15.116000175476074,15.779999732971191,12.058606147766113,25671000,0.0,0.0,AVGO
2016-04-04 00:00:00-04:00,15.800000190734863,15.833000183105469,15.565999984741211,15.60099983215332,11.921818733215332,17760000,0.0,0.0,AVGO
2016-04-05 00:00:00-04:00,15.444999694824219,15.704999923706055,15.444999694824219,15.503000259399414,11.846930503845215,56915000,0.0,0.0,AVGO
2016-04-06 00:00:00-04:00,15.470000267028809,15.777000427246094,15.371000289916992,15.753999710083008,12.038738250732422,28149000,0.0,0.0,AVGO
2016-04-07 00:00:00-04:00,15.748000144958496,15.795000076293945,15.468999862670898,15.496999740600586,11.842345237731934,22975000,0.0,0.0,AVGO
2016-04-08 00:00:00-04:00,15.628000259399414,15.6899995803833,15.46399974822998,15.614999771118164,11.932518005371094,18526000,0.0,0.0,AVGO
2016-04-11 00:00:00-04:00,15.743000030517578,15.779999732971191,15.5600004196167,15.560999870300293,11.891253471374512,18568000,0.0,0.0,AVGO
2016-04-12 00:00:00-04:00,15.60099983215332,15.63700008392334,15.300000190734863,15.543000221252441,11.877497673034668,16537000,0.0,0.0,AVGO
2016-04-13 00:00:00-04:00,15.647000312805176,15.96500015258789,15.560999870300293,15.947999954223633,12.186982154846191,21730000,0.0,0.0,AVGO
2016-04-14 00:00:00-04:00,15.729000091552734,15.91100025177002,15.600000381469727,15.881999969482422,12.13654899597168,27549000,0.0,0.0,AVGO
2016-04-15 00:00:00-04:00,15.812999725341797,15.833999633789062,15.45199966430664,15.548999786376953,11.88208293914795,27685000,0.0,0.0,AVGO
2016-04-18 00:00:00-04:00,15.53499984741211,15.640000343322754,15.380999565124512,15.59000015258789,11.91341495513916,15297000,0.0,0.0,AVGO
2016-04-19 00:00:00-04:00,15.645000457763672,15.677000045776367,15.079000473022461,15.107000350952148,11.544321060180664,24560000,0.0,0.0,AVGO
2016-04-20 00:00:00-04:00,15.145999908447266,15.40999984741211,15.039999961853027,15.322999954223633,11.709379196166992,19435000,0.0,0.0,AVGO
2016-04-21 00:00:00-04:00,15.289999961853027,15.32800006866455,15.045000076293945,15.135000228881836,11.565715789794922,16117000,0.0,0.0,AVGO
2016-04-22 00:00:00-04:00,15.039999961853027,15.293999671936035,14.873000144958496,15.032999992370605,11.487770080566406,25699000,0.0,0.0,AVGO
2016-04-25 00:00:00-04:00,15.024999618530273,15.086000442504883,14.876999855041504,14.90999984741211,11.393776893615723,10870000,0.0,0.0,AVGO
2016-04-26 00:00:00-04:00,15.14900016784668,15.41100025177002,15.003999710083008,15.076000213623047,11.520630836486816,26309000,0.0,0.0,AVGO
2016-04-27 00:00:00-04:00,14.720999717712402,15.336000442504883,14.649999618530273,15.152999877929688,11.579473495483398,38930000,0.0,0.0,AVGO
2016-04-28 00:00:00-04:00,15.038999557495117,15.402000427246094,14.732999801635742,14.798999786376953,11.308954238891602,25520000,0.0,0.0,AVGO
2016-04-29 00:00:00-04:00,14.630999565124512,14.779000282287598,14.324999809265137,14.574999809265137,11.137776374816895,35067000,0.0,0.0,AVGO
2016-05-02 00:00:00-04:00,14.616000175476074,14.682999610900879,14.449999809265137,14.607999801635742,11.16299819946289,19525000,0.0,0.0,AVGO
2016-05-03 00:00:00-04:00,14.510000228881836,14.598999977111816,14.232999801635742,14.319999694824219,10.94291877746582,23986000,0.0,0.0,AVGO
2016-05-04 00:00:00-04:00,14.25100040435791,14.442000389099121,14.126999855041504,14.206999778747559,10.856565475463867,20888000,0.0,0.0,AVGO
2016-05-05 00:00:00-04:00,14.381999969482422,14.489999771118164,14.208999633789062,14.258000373840332,10.895541191101074,16841000,0.0,0.0,AVGO
2016-05-06 00:00:00-04:00,14.175999641418457,14.25,13.918000221252441,14.189000129699707,10.84281063079834,30027000,0.0,0.0,AVGO
2016-05-09 00:00:00-04:00,14.199999809265137,14.392000198364258,14.12600040435791,14.239999771118164,10.881781578063965,17300000,0.0,0.0,AVGO
2016-05-10 00:00:00-04:00,14.25,14.513999938964844,14.149999618530273,14.461000442504883,11.050664901733398,18461000,0.0,0.0,AVGO
2016-05-11 00:00:00-04:00,14.409000396728516,14.621999740600586,14.35099983215332,14.385000228881836,10.992589950561523,16716000,0.0,0.0,AVGO
2016-05-12 00:00:00-04:00,14.406999588012695,14.472999572753906,13.95199966430664,14.104000091552734,10.77785873413086,26452000,0.0,0.0,AVGO
2016-05-13 00:00:00-04:00,14.093999862670898,14.312999725341797,13.961999893188477,14.005000114440918,10.702203750610352,21716000,0.0,0.0,AVGO
2016-05-16 00:00:00-04:00,14.086999893188477,14.362000465393066,14.069000244140625,14.265000343322754,10.900885581970215,20373000,0.0,0.0,AVGO
2016-05-17 00:00:00-04:00,14.25100040435791,14.298999786376953,13.98799991607666,14.116999626159668,10.787789344787598,21248000,0.0,0.0,AVGO
2016-05-18 00:00:00-04:00,14.053000450134277,14.505000114440918,14.032999992370605,14.387999534606934,10.99488353729248,22620000,0.0,0.0,AVGO
2016-05-19 00:00:00-04:00,14.303000450134277,14.465999603271484,14.112000465393066,14.27400016784668,10.907766342163086,17478000,0.0,0.0,AVGO
2016-05-20 00:00:00-04:00,14.413000106811523,14.767000198364258,14.371000289916992,14.67300033569336,11.212672233581543,25889000,0.0,0.0,AVGO
2016-05-23 00:00:00-04:00,14.819000244140625,15.034000396728516,14.788000106811523,14.8100004196167,11.317360877990723,17609000,0.0,0.0,AVGO
2016-05-24 00:00:00-04:00,14.859999656677246,15.168000221252441,14.835000038146973,15.142000198364258,11.571064949035645,19907000,0.0,0.0,AVGO
2016-05-25 00:00:00-04:00,15.184000015258789,15.399999618530273,15.048999786376953,15.357000350952148,11.735363960266113,21737000,0.0,0.0,AVGO
2016-05-26 00:00:00-04:00,15.376999855041504,15.425000190734863,15.182000160217285,15.302000045776367,11.693330764770508,18431000,0.0,0.0,AVGO
2016-05-27 00:00:00-04:00,15.300000190734863,15.392999649047852,15.246000289916992,15.329999923706055,11.714727401733398,18693000,0.0,0.0,AVGO
2016-05-31 00:00:00-04:00,15.399999618530273,15.494999885559082,15.329999923706055,15.435999870300293,11.795731544494629,32058000,0.0,0.0,AVGO
2016-06-01 00:00:00-04:00,15.340999603271484,15.531999588012695,15.333999633789062,15.47700023651123,11.827062606811523,30777000,0.0,0.0,AVGO
2016-06-02 00:00:00-04:00,15.520999908447266,15.552000045776367,15.33899974822998,15.491000175476074,11.837761878967285,46746000,0.0,0.0,AVGO
2016-06-03 00:00:00-04:00,16.57699966430664,16.600000381469727,16.1200008392334,16.256000518798828,12.422351837158203,82985000,0.0,0.0,AVGO
2016-06-06 00:00:00-04:00,16.34000015258789,16.393999099731445,16.101999282836914,16.284000396728516,12.443748474121094,34010000,0.0,0.0,AVGO
2016-06-07 00:00:00-04:00,16.333999633789062,16.594999313354492,16.2810001373291,16.483999252319336,12.596578598022461,32340000,0.0,0.0,AVGO
2016-06-08 00:00:00-04:00,16.409000396728516,16.461999893188477,16.333999633789062,16.3700008392334,12.509466171264648,25620000,0.0,0.0,AVGO
2016-06-09 00:00:00-04:00,16.214000701904297,16.5049991607666,16.211999893188477,16.413999557495117,12.543088912963867,29143000,0.0,0.0,AVGO
2016-06-10 00:00:00-04:00,16.216999053955078,16.29800033569336,16.0,16.082000732421875,12.289384841918945,26657000,0.0,0.0,AVGO
2016-06-13 00:00:00-04:00,16.013999938964844,16.225000381469727,15.96399974822998,16.000999450683594,12.22748851776123,21568000,0.0,0.0,AVGO
2016-06-14 00:00:00-04:00,15.927000045776367,16.05299949645996,15.812999725341797,15.89900016784668,12.14953899383545,25669000,0.0,0.0,AVGO
2016-06-15 00:00:00-04:00,15.881999969482422,16.011999130249023,15.817999839782715,15.84000015258789,12.142642974853516,30884000,0.05,0.0,AVGO
2016-06-16 00:00:00-04:00,15.704999923706055,15.883999824523926,15.5600004196167,15.86299991607666,12.160274505615234,22804000,0.0,0.0,AVGO
2016-06-17 00:00:00-04:00,15.897000312805176,15.975000381469727,15.493000030517578,15.600000381469727,11.958664894104004,43333000,0.0,0.0,AVGO
2016-06-20 00:00:00-04:00,15.84000015258789,15.960000038146973,15.668999671936035,15.692999839782715,12.029953002929688,20265000,0.0,0.0,AVGO
2016-06-21 00:00:00-04:00,15.76099967956543,15.84000015258789,15.560999870300293,15.581000328063965,11.944098472595215,16126000,0.0,0.0,AVGO
2016-06-22 00:00:00-04:00,15.572999954223633,15.717000007629395,15.479999542236328,15.513999938964844,11.892738342285156,16039000,0.0,0.0,AVGO
2016-06-23 00:00:00-04:00,15.734999656677246,15.86299991607666,15.597000122070312,15.862000465393066,12.159509658813477,24435000,0.0,0.0,AVGO
2016-06-24 00:00:00-04:00,15.199999809265137,15.487000465393066,14.84000015258789,14.871999740600586,11.400590896606445,64177000,0.0,0.0,AVGO
2016-06-27 00:00:00-04:00,14.649999618530273,14.725000381469727,14.22700023651123,14.36299991607666,11.010400772094727,37864000,0.0,0.0,AVGO
2016-06-28 00:00:00-04:00,14.670000076293945,14.993000030517578,14.657999992370605,14.97700023651123,11.48108196258545,37233000,0.0,0.0,AVGO
2016-06-29 00:00:00-04:00,15.201000213623047,15.5649995803833,15.07800006866455,15.5,11.88200855255127,47860000,0.0,0.0,AVGO
2016-06-30 00:00:00-04:00,15.5,15.723999977111816,15.416999816894531,15.539999961853027,11.912671089172363,42626000,0.0,0.0,AVGO
2016-07-01 00:00:00-04:00,15.446999549865723,15.586999893188477,15.362000465393066,15.42199993133545,11.822213172912598,19779000,0.0,0.0,AVGO
2016-07-05 00:00:00-04:00,15.157999992370605,15.170999526977539,14.95300006866455,15.076000213623047,11.556977272033691,26321000,0.0,0.0,AVGO
2016-07-06 00:00:00-04:00,14.935999870300293,15.126999855041504,14.715999603271484,15.062999725341797,11.547012329101562,20603000,0.0,0.0,AVGO
2016-07-07 00:00:00-04:00,15.013999938964844,15.300000190734863,15.013999938964844,15.098999977111816,11.574605941772461,19248000,0.0,0.0,AVGO
2016-07-08 00:00:00-04:00,15.265000343322754,15.524999618530273,15.194000244140625,15.513999938964844,11.892738342285156,26741000,0.0,0.0,AVGO
2016-07-11 00:00:00-04:00,15.710000038146973,15.847000122070312,15.628000259399414,15.736000061035156,12.062919616699219,25201000,0.0,0.0,AVGO
2016-07-12 00:00:00-04:00,15.857999801635742,16.090999603271484,15.824999809265137,15.859000205993652,12.157208442687988,20306000,0.0,0.0,AVGO
2016-07-13 00:00:00-04:00,15.890999794006348,16.038000106811523,15.734000205993652,15.741000175476074,12.066753387451172,15734000,0.0,0.0,AVGO
2016-07-14 00:00:00-04:00,15.954999923706055,16.106000900268555,15.88599967956543,16.07900047302246,12.325854301452637,23550000,0.0,0.0,AVGO
2016-07-15 00:00:00-04:00,16.111000061035156,16.156999588012695,15.965999603271484,16.115999221801758,12.354218482971191,19259000,0.0,0.0,AVGO
2016-07-18 00:00:00-04:00,16.242000579833984,16.3700008392334,16.19499969482422,16.232999801635742,12.4439115524292,14626000,0.0,0.0,AVGO
2016-07-19 00:00:00-04:00,16.14699935913086,16.200000762939453,15.979000091552734,16.05299949645996,12.305924415588379,14797000,0.0,0.0,AVGO
2016-07-20 00:00:00-04:00,16.15999984741211,16.37700080871582,16.091999053955078,16.267000198364258,12.469974517822266,18064000,0.0,0.0,AVGO
2016-07-21 00:00:00-04:00,16.301000595092773,16.347999572753906,15.982000350952148,16.041000366210938,12.296728134155273,19530000,0.0,0.0,AVGO
2016-07-22 00:00:00-04:00,15.958999633789062,16.030000686645508,15.668999671936035,15.967000007629395,12.239999771118164,19664000,0.0,0.0,AVGO
2016-07-25 00:00:00-04:00,15.96399974822998,16.06999969482422,15.927000045776367,15.977999687194824,12.248429298400879,9627000,0.0,0.0,AVGO
2016-07-26 00:00:00-04:00,16.141000747680664,16.350000381469727,16.03700065612793,16.3439998626709,12.528997421264648,28631000,0.0,0.0,AVGO
2016-07-27 00:00:00-04:00,16.5939998626709,16.760000228881836,16.270999908447266,16.56599998474121,12.699180603027344,30493000,0.0,0.0,AVGO
2016-07-28 00:00:00-04:00,16.5,16.69700050354004,16.392000198364258,16.42300033569336,12.589559555053711,19512000,0.0,0.0,AVGO
2016-07-29 00:00:00-04:00,16.39299964904785,16.46500015258789,16.110000610351562,16.197999954223633,12.41707992553711,26030000,0.0,0.0,AVGO
2016-08-01 00:00:00-04:00,16.277999877929688,16.38800048828125,16.190000534057617,16.35099983215332,12.534368515014648,17876000,0.0,0.0,AVGO
2016-08-02 00:00:00-04:00,16.309999465942383,16.39900016784668,16.226999282836914,16.288999557495117,12.486839294433594,22689000,0.0,0.0,AVGO
2016-08-03 00:00:00-04:00,16.187999725341797,16.415000915527344,16.128000259399414,16.410999298095703,12.580360412597656,15019000,0.0,0.0,AVGO
2016-08-04 00:00:00-04:00,16.427000045776367,16.700000762939453,16.420000076293945,16.698999404907227,12.801135063171387,19978000,0.0,0.0,AVGO
2016-08-05 00:00:00-04:00,16.795000076293945,17.020000457763672,16.722999572753906,17.011999130249023,13.041077613830566,25594000,0.0,0.0,AVGO
2016-08-08 00:00:00-04:00,17.0,17.12299919128418,16.785999298095703,16.834999084472656,12.905389785766602,19084000,0.0,0.0,AVGO
2016-08-09 00:00:00-04:00,16.893999099731445,17.216999053955078,16.8700008392334,17.117000579833984,13.121567726135254,32743000,0.0,0.0,AVGO
2016-08-10 00:00:00-04:00,17.121999740600586,17.218000411987305,16.983999252319336,17.184999465942383,13.17369270324707,19523000,0.0,0.0,AVGO
2016-08-11 00:00:00-04:00,17.207000732421875,17.31599998474121,17.09000015258789,17.208999633789062,13.192093849182129,15745000,0.0,0.0,AVGO
2016-08-12 00:00:00-04:00,17.21299934387207,17.261999130249023,17.13800048828125,17.246999740600586,13.221219062805176,16530000,0.0,0.0,AVGO
2016-08-15 00:00:00-04:00,17.336999893188477,17.58099937438965,17.25,17.554000854492188,13.456562995910645,25807000,0.0,0.0,AVGO
2016-08-16 00:00:00-04:00,17.481000900268555,17.499000549316406,17.209999084472656,17.239999771118164,13.215856552124023,19069000,0.0,0.0,AVGO
2016-08-17 00:00:00-04:00,17.225000381469727,17.327999114990234,17.176000595092773,17.30299949645996,13.264148712158203,16613000,0.0,0.0,AVGO
2016-08-18 00:00:00-04:00,17.281999588012695,17.417999267578125,17.263999938964844,17.39299964904785,13.33314323425293,21120000,0.0,0.0,AVGO
2016-08-19 00:00:00-04:00,17.417999267578125,17.506000518798828,17.343000411987305,17.493000030517578,13.409806251525879,15349000,0.0,0.0,AVGO
2016-08-22 00:00:00-04:00,17.5,17.631000518798828,17.4060001373291,17.593000411987305,13.486457824707031,15393000,0.0,0.0,AVGO
2016-08-23 00:00:00-04:00,17.672000885009766,17.746999740600586,17.61199951171875,17.733999252319336,13.594548225402832,19741000,0.0,0.0,AVGO
2016-08-24 00:00:00-04:00,17.756999969482422,17.768999099731445,17.437000274658203,17.530000686645508,13.438164710998535,21802000,0.0,0.0,AVGO
2016-08-25 00:00:00-04:00,17.552000045776367,17.714000701904297,17.4689998626709,17.604000091552734,13.494892120361328,18735000,0.0,0.0,AVGO
2016-08-26 00:00:00-04:00,17.683000564575195,17.864999771118164,17.51300048828125,17.715999603271484,13.580747604370117,22586000,0.0,0.0,AVGO
2016-08-29 00:00:00-04:00,17.729999542236328,17.868000030517578,17.690000534057617,17.739999771118164,13.59914493560791,16726000,0.0,0.0,AVGO
2016-08-30 00:00:00-04:00,17.81599998474121,17.941999435424805,17.5939998626709,17.700000762939453,13.568483352661133,27838000,0.0,0.0,AVGO
2016-08-31 00:00:00-04:00,17.709999084472656,17.832000732421875,17.53499984741211,17.642000198364258,13.52402114868164,32753000,0.0,0.0,AVGO
2016-09-01 00:00:00-04:00,17.687999725341797,17.767000198364258,17.48200035095215,17.708999633789062,13.575383186340332,39128000,0.0,0.0,AVGO
2016-09-02 00:00:00-04:00,17.700000762939453,17.733999252319336,16.8799991607666,17.31100082397461,13.270280838012695,80668000,0.0,0.0,AVGO
2016-09-06 00:00:00-04:00,17.36199951171875,17.399999618530273,16.964000701904297,17.110000610351562,13.116203308105469,36132000,0.0,0.0,AVGO
2016-09-07 00:00:00-04:00,17.142000198364258,17.200000762939453,16.770999908447266,16.889999389648438,12.947553634643555,31437000,0.0,0.0,AVGO
2016-09-08 00:00:00-04:00,16.839000701904297,16.882999420166016,16.6560001373291,16.83799934387207,12.907690048217773,18680000,0.0,0.0,AVGO
2016-09-09 00:00:00-04:00,16.632999420166016,16.704999923706055,16.066999435424805,16.077999114990234,12.325089454650879,45022000,0.0,0.0,AVGO
2016-09-12 00:00:00-04:00,15.913000106811523,16.475000381469727,15.875,16.447999954223633,12.608722686767578,35673000,0.0,0.0,AVGO
2016-09-13 00:00:00-04:00,16.447999954223633,16.736000061035156,16.43000030517578,16.52400016784668,12.666986465454102,36003000,0.0,0.0,AVGO
2016-09-14 00:00:00-04:00,16.523000717163086,16.993000030517578,16.5049991607666,16.961000442504883,13.001978874206543,40324000,0.0,0.0,AVGO
2016-09-15 00:00:00-04:00,16.933000564575195,17.299999237060547,16.81999969482422,17.27199935913086,13.28032112121582,36322000,0.051,0.0,AVGO
2016-09-16 00:00:00-04:00,17.242000579833984,17.298999786376953,16.985000610351562,17.124000549316406,13.166522979736328,83067000,0.0,0.0,AVGO
2016-09-19 00:00:00-04:00,17.155000686645508,17.357999801635742,16.940000534057617,17.072999954223633,13.127310752868652,28306000,0.0,0.0,AVGO
2016-09-20 00:00:00-04:00,17.22100067138672,17.22100067138672,16.816999435424805,16.822999954223633,12.935086250305176,18722000,0.0,0.0,AVGO
2016-09-21 00:00:00-04:00,16.839000701904297,17.00200080871582,16.76099967956543,16.982999801635742,13.058109283447266,17977000,0.0,0.0,AVGO
2016-09-22 00:00:00-04:00,17.097000122070312,17.125,16.80699920654297,16.884000778198242,12.981987953186035,20619000,0.0,0.0,AVGO
2016-09-23 00:00:00-04:00,16.8700008392334,16.902999877929688,16.551000595092773,16.665000915527344,12.813602447509766,26875000,0.0,0.0,AVGO
2016-09-26 00:00:00-04:00,16.510000228881836,16.722999572753906,16.275999069213867,16.66900062561035,12.81667423248291,32033000,0.0,0.0,AVGO
2016-09-27 00:00:00-04:00,16.68899917602539,17.08799934387207,16.601999282836914,17.086000442504883,13.13730525970459,25353000,0.0,0.0,AVGO
2016-09-28 00:00:00-04:00,17.17799949645996,17.270999908447266,16.97800064086914,17.06999969482422,13.125003814697266,20843000,0.0,0.0,AVGO
2016-09-29 00:00:00-04:00,17.0,17.39900016784668,16.948999404907227,17.246000289916992,13.260326385498047,38570000,0.0,0.0,AVGO
2016-09-30 00:00:00-04:00,17.299999237060547,17.46500015258789,17.243999481201172,17.25200080871582,13.264941215515137,34220000,0.0,0.0,AVGO
2016-10-03 00:00:00-04:00,17.301000595092773,17.388999938964844,16.972000122070312,17.006999969482422,13.076563835144043,22807000,0.0,0.0,AVGO
2016-10-04 00:00:00-04:00,17.06100082397461,17.09000015258789,16.808000564575195,16.905000686645508,12.998136520385742,19596000,0.0,0.0,AVGO
2016-10-05 00:00:00-04:00,17.149999618530273,17.410999298095703,17.06800079345703,17.347999572753906,13.338753700256348,26149000,0.0,0.0,AVGO
2016-10-06 00:00:00-04:00,17.329999923706055,17.46500015258789,17.125999450683594,17.41900062561035,13.393346786499023,21014000,0.0,0.0,AVGO
2016-10-07 00:00:00-04:00,17.488000869750977,17.4950008392334,17.23900032043457,17.42099952697754,13.394882202148438,21842000,0.0,0.0,AVGO
2016-10-10 00:00:00-04:00,17.472999572753906,17.59000015258789,17.375999450683594,17.476999282836914,13.437944412231445,16336000,0.0,0.0,AVGO
2016-10-11 00:00:00-04:00,17.52899932861328,17.549999237060547,16.952999114990234,17.117000579833984,13.161140441894531,26181000,0.0,0.0,AVGO
2016-10-12 00:00:00-04:00,17.075000762939453,17.106000900268555,16.84000015258789,17.047000885009766,13.107316017150879,21740000,0.0,0.0,AVGO
2016-10-13 00:00:00-04:00,16.87700080871582,16.989999771118164,16.68000030517578,16.893999099731445,12.989676475524902,22373000,0.0,0.0,AVGO
2016-10-14 00:00:00-04:00,16.99799919128418,17.263999938964844,16.93400001525879,17.009000778198242,13.078099250793457,19570000,0.0,0.0,AVGO
2016-10-17 00:00:00-04:00,16.969999313354492,17.094999313354492,16.87299919128418,16.88800048828125,12.985069274902344,12741000,0.0,0.0,AVGO
2016-10-18 00:00:00-04:00,17.065000534057617,17.28700065612793,17.054000854492188,17.216999053955078,13.238029479980469,14167000,0.0,0.0,AVGO
2016-10-19 00:00:00-04:00,17.117000579833984,17.22800064086914,17.01099967956543,17.187000274658203,13.214960098266602,20440000,0.0,0.0,AVGO
2016-10-20 00:00:00-04:00,17.166000366210938,17.45800018310547,17.101999282836914,17.340999603271484,13.333372116088867,18961000,0.0,0.0,AVGO
2016-10-21 00:00:00-04:00,17.229000091552734,17.34000015258789,17.06999969482422,17.29199981689453,13.295698165893555,15842000,0.0,0.0,AVGO
2016-10-24 00:00:00-04:00,17.416000366210938,17.700000762939453,17.356000900268555,17.655000686645508,13.574809074401855,19772000,0.0,0.0,AVGO
2016-10-25 00:00:00-04:00,17.60300064086914,17.649999618530273,17.35099983215332,17.364999771118164,13.351827621459961,21622000,0.0,0.0,AVGO
2016-10-26 00:00:00-04:00,17.21500015258789,17.47800064086914,17.110000610351562,17.299999237060547,13.301847457885742,21075000,0.0,0.0,AVGO
2016-10-27 00:00:00-04:00,17.430999755859375,17.524999618530273,17.17799949645996,17.224000930786133,13.243412971496582,19840000,0.0,0.0,AVGO
2016-10-28 00:00:00-04:00,17.249000549316406,17.28700065612793,16.90399932861328,16.934999465942383,13.021199226379395,20651000,0.0,0.0,AVGO
2016-10-31 00:00:00-04:00,17.0,17.166000366210938,16.868999481201172,17.027999877929688,13.092708587646484,20317000,0.0,0.0,AVGO
2016-11-01 00:00:00-04:00,17.07200050354004,17.155000686645508,16.58300018310547,16.8799991607666,12.978909492492676,28452000,0.0,0.0,AVGO
2016-11-02 00:00:00-04:00,17.291000366210938,17.415000915527344,16.981000900268555,17.256000518798828,13.268016815185547,43501000,0.0,0.0,AVGO
2016-11-03 00:00:00-04:00,17.2450008392334,17.534000396728516,17.21500015258789,17.298999786376953,13.301076889038086,20654000,0.0,0.0,AVGO
2016-11-04 00:00:00-04:00,17.040000915527344,17.452999114990234,17.023000717163086,17.216999053955078,13.238029479980469,21753000,0.0,0.0,AVGO
2016-11-07 00:00:00-05:00,17.43899917602539,17.788000106811523,17.410999298095703,17.695999145507812,13.606331825256348,26126000,0.0,0.0,AVGO
2016-11-08 00:00:00-05:00,17.707000732421875,17.802000045776367,17.51099967956543,17.700000762939453,13.609403610229492,18923000,0.0,0.0,AVGO
2016-11-09 00:00:00-05:00,17.14699935913086,17.649999618530273,17.115999221801758,17.341999053955078,13.33414363861084,32506000,0.0,0.0,AVGO
2016-11-10 00:00:00-05:00,17.371999740600586,17.450000762939453,16.329999923706055,16.79400062561035,12.91279411315918,51217000,0.0,0.0,AVGO
2016-11-11 00:00:00-05:00,16.735000610351562,17.0,16.572999954223633,16.753999710083008,12.882035255432129,29793000,0.0,0.0,AVGO
2016-11-14 00:00:00-05:00,16.64699935913086,16.777000427246094,16.302000045776367,16.378000259399414,12.592928886413574,28187000,0.0,0.0,AVGO
2016-11-15 00:00:00-05:00,16.482999801635742,16.75,16.361000061035156,16.645000457763672,12.798224449157715,25380000,0.0,0.0,AVGO
2016-11-16 00:00:00-05:00,16.6299991607666,16.816999435424805,16.575000762939453,16.783000946044922,12.90433406829834,13333000,0.0,0.0,AVGO
2016-11-17 00:00:00-05:00,16.735000610351562,16.902000427246094,16.601999282836914,16.70400047302246,12.843588829040527,18100000,0.0,0.0,AVGO
2016-11-18 00:00:00-05:00,16.674999237060547,16.916000366210938,16.674999237060547,16.81599998474121,12.929703712463379,19524000,0.0,0.0,AVGO
2016-11-21 00:00:00-05:00,16.913000106811523,17.275999069213867,16.913000106811523,17.257999420166016,13.269556045532227,21384000,0.0,0.0,AVGO
2016-11-22 00:00:00-05:00,17.371999740600586,17.742000579833984,17.33099937438965,17.70199966430664,13.610947608947754,31024000,0.0,0.0,AVGO
2016-11-23 00:00:00-05:00,17.63599967956543,17.775999069213867,17.52400016784668,17.70800018310547,13.615557670593262,22123000,0.0,0.0,AVGO
2016-11-25 00:00:00-05:00,17.67799949645996,17.70199966430664,17.55699920654297,17.674999237060547,13.590184211730957,8198000,0.0,0.0,AVGO
2016-11-28 00:00:00-05:00,17.606000900268555,17.707000732421875,17.45400047302246,17.46500015258789,13.428716659545898,26570000,0.0,0.0,AVGO
2016-11-29 00:00:00-05:00,17.38599967956543,17.697999954223633,17.343000411987305,17.545000076293945,13.490228652954102,18514000,0.0,0.0,AVGO
2016-11-30 00:00:00-05:00,17.511999130249023,17.59000015258789,17.04400062561035,17.048999786376953,13.108858108520508,31249000,0.0,0.0,AVGO
2016-12-01 00:00:00-05:00,17.000999450683594,17.048999786376953,16.121000289916992,16.27899932861328,12.516807556152344,46389000,0.0,0.0,AVGO
2016-12-02 00:00:00-05:00,16.35700035095215,16.492000579833984,16.062000274658203,16.422000885009766,12.626760482788086,26945000,0.0,0.0,AVGO
2016-12-05 00:00:00-05:00,16.60099983215332,16.660999298095703,16.239999771118164,16.613000869750977,12.773619651794434,21372000,0.0,0.0,AVGO
2016-12-06 00:00:00-05:00,16.680999755859375,16.797000885009766,16.344999313354492,16.47599983215332,12.668280601501465,39184000,0.0,0.0,AVGO
2016-12-07 00:00:00-05:00,16.47599983215332,16.854999542236328,16.367000579833984,16.854999542236328,12.959685325622559,32659000,0.0,0.0,AVGO
2016-12-08 00:00:00-05:00,16.954999923706055,17.13800048828125,16.750999450683594,17.070999145507812,13.125773429870605,38361000,0.0,0.0,AVGO
2016-12-09 00:00:00-05:00,18.094999313354492,18.190000534057617,17.690000534057617,17.909000396728516,13.770099639892578,75744000,0.0,0.0,AVGO
2016-12-12 00:00:00-05:00,17.80500030517578,18.07699966430664,17.6560001373291,17.81599998474121,13.698599815368652,37194000,0.0,0.0,AVGO
2016-12-13 00:00:00-05:00,17.874000549316406,18.194000244140625,17.799999237060547,17.944000244140625,13.797017097473145,69076000,0.0,0.0,AVGO
2016-12-14 00:00:00-05:00,17.875,17.922000885009766,17.62299919128418,17.761999130249023,13.735150337219238,46795000,0.102,0.0,AVGO
2016-12-15 00:00:00-05:00,17.83099937438965,18.1200008392334,17.656999588012695,18.000999450683594,13.919967651367188,38103000,0.0,0.0,AVGO
2016-12-16 00:00:00-05:00,18.075000762939453,18.108999252319336,17.74799919128418,17.841999053955078,13.797015190124512,41541000,0.0,0.0,AVGO
2016-12-19 00:00:00-05:00,17.906999588012695,18.141000747680664,17.812000274658203,18.04599952697754,13.9547700881958,22219000,0.0,0.0,AVGO
2016-12-20 00:00:00-05:00,18.100000381469727,18.327999114990234,18.013999938964844,18.207000732421875,14.079267501831055,27352000,0.0,0.0,AVGO
2016-12-21 00:00:00-05:00,18.37299919128418,18.39900016784668,18.17799949645996,18.229000091552734,14.09627628326416,21013000,0.0,0.0,AVGO
2016-12-22 00:00:00-05:00,18.28499984741211,18.299999237060547,17.937999725341797,18.059999465942383,13.965590476989746,17557000,0.0,0.0,AVGO
2016-12-23 00:00:00-05:00,18.0049991607666,18.197999954223633,17.965999603271484,18.194000244140625,14.069211959838867,8977000,0.0,0.0,AVGO
2016-12-27 00:00:00-05:00,18.211000442504883,18.3700008392334,18.204999923706055,18.231000900268555,14.097825050354004,8283000,0.0,0.0,AVGO
2016-12-28 00:00:00-05:00,18.263999938964844,18.299999237060547,17.983999252319336,18.018999099731445,13.933886528015137,14039000,0.0,0.0,AVGO
2016-12-29 00:00:00-05:00,17.969999313354492,18.066999435424805,17.863000869750977,17.98699951171875,13.909141540527344,13671000,0.0,0.0,AVGO
2016-12-30 00:00:00-05:00,18.03700065612793,18.09000015258789,17.601999282836914,17.677000045776367,13.669424057006836,25421000,0.0,0.0,AVGO
2017-01-03 00:00:00-05:00,17.82900047302246,18.09000015258789,17.65399932861328,17.833999633789062,13.7908296585083,32098000,0.0,0.0,AVGO
2017-01-04 00:00:00-05:00,17.826000213623047,17.899999618530273,17.667999267578125,17.707000732421875,13.692625999450684,23965000,0.0,0.0,AVGO
2017-01-05 00:00:00-05:00,17.632999420166016,17.700000762939453,17.38800048828125,17.42799949645996,13.476876258850098,24861000,0.0,0.0,AVGO
2017-01-06 00:00:00-05:00,17.42099952697754,17.690000534057617,17.33099937438965,17.659000396728516,13.655505180358887,23142000,0.0,0.0,AVGO
2017-01-09 00:00:00-05:00,17.665000915527344,17.829999923706055,17.663999557495117,17.69700050354004,13.684886932373047,20265000,0.0,0.0,AVGO
2017-01-10 00:00:00-05:00,17.749000549316406,18.073999404907227,17.690000534057617,18.05699920654297,13.96327018737793,30181000,0.0,0.0,AVGO
2017-01-11 00:00:00-05:00,18.0049991607666,18.047000885009766,17.775999069213867,17.941999435424805,13.874343872070312,18787000,0.0,0.0,AVGO
2017-01-12 00:00:00-05:00,17.80900001525879,17.90999984741211,17.540000915527344,17.88599967956543,13.831040382385254,23137000,0.0,0.0,AVGO
2017-01-13 00:00:00-05:00,17.889999389648438,18.077999114990234,17.839000701904297,18.045000076293945,13.953998565673828,20902000,0.0,0.0,AVGO
2017-01-17 00:00:00-05:00,17.947999954223633,17.96299934387207,17.756000518798828,17.910999298095703,13.850369453430176,26316000,0.0,0.0,AVGO
2017-01-18 00:00:00-05:00,18.035999298095703,18.506999969482422,18.0,18.50200080871582,14.307389259338379,35642000,0.0,0.0,AVGO
2017-01-19 00:00:00-05:00,18.510000228881836,18.687999725341797,18.468000411987305,18.555999755859375,14.349143981933594,45718000,0.0,0.0,AVGO
2017-01-20 00:00:00-05:00,18.860000610351562,19.15399932861328,18.809999465942383,19.107999801635742,14.77600383758545,57623000,0.0,0.0,AVGO
2017-01-23 00:00:00-05:00,19.10099983215332,19.152999877929688,18.841999053955078,19.100000381469727,14.76981258392334,33394000,0.0,0.0,AVGO
2017-01-24 00:00:00-05:00,19.27199935913086,19.964000701904297,19.22800064086914,19.774999618530273,15.291784286499023,62008000,0.0,0.0,AVGO
2017-01-25 00:00:00-05:00,19.992000579833984,20.259000778198242,19.80299949645996,20.24799919128418,15.657548904418945,60888000,0.0,0.0,AVGO
2017-01-26 00:00:00-05:00,20.444000244140625,20.527000427246094,20.113000869750977,20.41699981689453,15.78823471069336,38820000,0.0,0.0,AVGO
2017-01-27 00:00:00-05:00,20.538000106811523,20.57900047302246,20.354000091552734,20.570999145507812,15.907318115234375,25780000,0.0,0.0,AVGO
2017-01-30 00:00:00-05:00,20.44499969482422,20.48699951171875,20.06100082397461,20.32200050354004,15.714773178100586,33234000,0.0,0.0,AVGO
2017-01-31 00:00:00-05:00,20.246999740600586,20.246999740600586,19.88599967956543,19.950000762939453,15.427114486694336,26749000,0.0,0.0,AVGO
2017-02-01 00:00:00-05:00,20.225000381469727,20.447999954223633,20.020999908447266,20.368999481201172,15.751111030578613,31184000,0.0,0.0,AVGO
2017-02-02 00:00:00-05:00,20.19700050354004,20.503000259399414,20.100000381469727,20.405000686645508,15.778951644897461,22712000,0.0,0.0,AVGO
2017-02-03 00:00:00-05:00,20.4950008392334,20.65999984741211,20.30299949645996,20.615999221801758,15.942115783691406,24367000,0.0,0.0,AVGO
2017-02-06 00:00:00-05:00,20.614999771118164,20.666000366210938,20.43000030517578,20.6560001373291,15.973052024841309,18716000,0.0,0.0,AVGO
2017-02-07 00:00:00-05:00,20.72100067138672,20.739999771118164,20.493000030517578,20.590999603271484,15.922792434692383,22840000,0.0,0.0,AVGO
2017-02-08 00:00:00-05:00,20.597000122070312,20.875,20.516000747680664,20.68899917602539,15.998571395874023,21069000,0.0,0.0,AVGO
2017-02-09 00:00:00-05:00,20.732999801635742,20.768999099731445,20.363000869750977,20.534000396728516,15.878706932067871,27519000,0.0,0.0,AVGO
2017-02-10 00:00:00-05:00,20.600000381469727,20.649999618530273,20.385000228881836,20.552000045776367,15.892630577087402,23842000,0.0,0.0,AVGO
2017-02-13 00:00:00-05:00,20.67799949645996,20.711000442504883,20.517000198364258,20.67099952697754,15.984655380249023,12463000,0.0,0.0,AVGO
2017-02-14 00:00:00-05:00,20.698999404907227,20.700000762939453,20.479999542236328,20.533000946044922,15.877931594848633,17357000,0.0,0.0,AVGO
2017-02-15 00:00:00-05:00,20.582000732421875,20.694000244140625,20.479999542236328,20.599000930786133,15.928973197937012,17088000,0.0,0.0,AVGO
2017-02-16 00:00:00-05:00,20.645999908447266,20.82200050354004,20.51799964904785,20.81800079345703,16.098323822021484,17188000,0.0,0.0,AVGO
2017-02-17 00:00:00-05:00,20.899999618530273,21.041000366210938,20.68199920654297,21.041000366210938,16.27076530456543,30945000,0.0,0.0,AVGO
2017-02-21 00:00:00-05:00,21.100000381469727,21.36199951171875,21.090999603271484,21.274999618530273,16.451717376708984,30333000,0.0,0.0,AVGO
2017-02-22 00:00:00-05:00,21.299999237060547,21.493000030517578,21.149999618530273,21.416000366210938,16.560749053955078,23949000,0.0,0.0,AVGO
2017-02-23 00:00:00-05:00,21.507999420166016,21.59600067138672,20.964000701904297,21.058000564575195,16.283912658691406,29364000,0.0,0.0,AVGO
2017-02-24 00:00:00-05:00,20.83799934387207,21.065000534057617,20.26099967956543,21.03700065612793,16.267677307128906,27651000,0.0,0.0,AVGO
2017-02-27 00:00:00-05:00,21.066999435424805,21.344999313354492,21.018999099731445,21.327999114990234,16.492708206176758,26991000,0.0,0.0,AVGO
2017-02-28 00:00:00-05:00,21.413999557495117,21.43400001525879,21.030000686645508,21.093000411987305,16.310977935791016,27548000,0.0,0.0,AVGO
2017-03-01 00:00:00-05:00,21.30699920654297,21.538999557495117,21.055999755859375,21.513999938964844,16.636531829833984,51155000,0.0,0.0,AVGO
2017-03-02 00:00:00-05:00,22.410999298095703,22.49799919128418,21.601999282836914,21.729000091552734,16.80278968811035,71171000,0.0,0.0,AVGO
2017-03-03 00:00:00-05:00,21.799999237060547,22.0,21.770000457763672,21.832000732421875,16.8824405670166,30747000,0.0,0.0,AVGO
2017-03-06 00:00:00-05:00,21.636999130249023,21.85300064086914,21.517000198364258,21.79400062561035,16.853050231933594,22771000,0.0,0.0,AVGO
2017-03-07 00:00:00-05:00,21.733999252319336,22.136999130249023,21.708999633789062,21.924999237060547,16.954355239868164,29129000,0.0,0.0,AVGO
2017-03-08 00:00:00-05:00,21.922000885009766,22.124000549316406,21.854999542236328,21.96299934387207,16.983739852905273,24532000,0.0,0.0,AVGO
2017-03-09 00:00:00-05:00,21.878000259399414,22.285999298095703,21.812000274658203,22.201000213623047,17.16778564453125,25675000,0.0,0.0,AVGO
2017-03-10 00:00:00-05:00,22.273000717163086,22.641000747680664,22.273000717163086,22.635000228881836,17.503385543823242,39430000,0.0,0.0,AVGO
2017-03-13 00:00:00-04:00,22.586000442504883,22.774999618530273,22.535999298095703,22.645000457763672,17.511127471923828,26669000,0.0,0.0,AVGO
2017-03-14 00:00:00-04:00,22.47599983215332,22.628000259399414,22.35099983215332,22.434999465942383,17.34873390197754,22165000,0.0,0.0,AVGO
2017-03-15 00:00:00-04:00,22.433000564575195,22.665000915527344,22.323999404907227,22.593000411987305,17.470914840698242,20727000,0.0,0.0,AVGO
2017-03-16 00:00:00-04:00,22.54800033569336,22.582000732421875,22.156999588012695,22.236000061035156,17.272830963134766,27835000,0.102,0.0,AVGO
2017-03-17 00:00:00-04:00,22.351999282836914,22.371000289916992,22.084999084472656,22.118000030517578,17.18116569519043,51635000,0.0,0.0,AVGO
2017-03-20 00:00:00-04:00,22.118000030517578,22.263999938964844,22.077999114990234,22.124000549316406,17.18582534790039,17215000,0.0,0.0,AVGO
2017-03-21 00:00:00-04:00,22.224000930786133,22.29800033569336,21.552000045776367,21.601999282836914,16.78034019470215,30557000,0.0,0.0,AVGO
2017-03-22 00:00:00-04:00,21.601999282836914,21.836999893188477,21.538999557495117,21.742000579833984,16.889089584350586,19131000,0.0,0.0,AVGO
2017-03-23 00:00:00-04:00,21.72599983215332,21.84600067138672,21.64299964904785,21.68600082397461,16.845590591430664,19223000,0.0,0.0,AVGO
2017-03-24 00:00:00-04:00,21.801000595092773,22.139999389648438,21.77400016784668,21.89699935913086,17.009490966796875,23794000,0.0,0.0,AVGO
2017-03-27 00:00:00-04:00,21.683000564575195,22.01799964904785,21.597000122070312,21.905000686645508,17.015708923339844,15358000,0.0,0.0,AVGO
2017-03-28 00:00:00-04:00,21.85099983215332,22.17799949645996,21.834999084472656,22.094999313354492,17.163297653198242,17929000,0.0,0.0,AVGO
2017-03-29 00:00:00-04:00,22.079999923706055,22.135000228881836,21.968000411987305,22.131000518798828,17.19126319885254,15927000,0.0,0.0,AVGO
2017-03-30 00:00:00-04:00,22.190000534057617,22.44499969482422,21.88599967956543,22.003999710083008,17.092607498168945,34168000,0.0,0.0,AVGO
2017-03-31 00:00:00-04:00,21.999000549316406,22.099000930786133,21.80299949645996,21.895999908447266,17.008716583251953,25897000,0.0,0.0,AVGO
2017-04-03 00:00:00-04:00,21.899999618530273,21.999000549316406,21.666000366210938,21.8799991607666,16.996288299560547,19210000,0.0,0.0,AVGO
2017-04-04 00:00:00-04:00,21.816999435424805,22.041000366210938,21.788000106811523,21.895999908447266,17.008716583251953,12634000,0.0,0.0,AVGO
2017-04-05 00:00:00-04:00,21.95400047302246,22.049999237060547,21.68000030517578,21.71299934387207,16.866565704345703,15690000,0.0,0.0,AVGO
2017-04-06 00:00:00-04:00,21.670000076293945,21.847000122070312,21.55900001525879,21.75,16.895296096801758,14615000,0.0,0.0,AVGO
2017-04-07 00:00:00-04:00,21.75,21.983999252319336,21.70400047302246,21.825000762939453,16.953563690185547,16412000,0.0,0.0,AVGO
2017-04-10 00:00:00-04:00,21.707000732421875,21.905000686645508,21.625999450683594,21.802000045776367,16.935693740844727,17994000,0.0,0.0,AVGO
2017-04-11 00:00:00-04:00,21.6560001373291,21.84000015258789,21.402999877929688,21.7549991607666,16.899188995361328,22219000,0.0,0.0,AVGO
2017-04-12 00:00:00-04:00,21.566999435424805,21.61400032043457,20.8439998626709,20.920000076293945,16.250564575195312,61026000,0.0,0.0,AVGO
2017-04-13 00:00:00-04:00,20.92099952697754,21.39699935913086,20.899999618530273,21.131999969482422,16.415246963500977,42579000,0.0,0.0,AVGO
2017-04-17 00:00:00-04:00,21.238000869750977,21.43600082397461,21.2189998626709,21.386999130249023,16.613330841064453,14507000,0.0,0.0,AVGO
2017-04-18 00:00:00-04:00,21.305999755859375,21.371000289916992,21.20599937438965,21.309999465942383,16.553516387939453,8486000,0.0,0.0,AVGO
2017-04-19 00:00:00-04:00,21.378000259399414,21.482999801635742,21.326000213623047,21.363000869750977,16.59468650817871,12081000,0.0,0.0,AVGO
2017-04-20 00:00:00-04:00,21.5,21.91200065612793,21.422000885009766,21.820999145507812,16.950448989868164,16916000,0.0,0.0,AVGO
2017-04-21 00:00:00-04:00,21.742000579833984,21.83300018310547,21.615999221801758,21.766000747680664,16.907732009887695,14683000,0.0,0.0,AVGO
2017-04-24 00:00:00-04:00,22.069000244140625,22.190000534057617,21.968000411987305,22.124000549316406,17.18582534790039,17531000,0.0,0.0,AVGO
2017-04-25 00:00:00-04:00,22.20199966430664,22.399999618530273,22.19499969482422,22.31999969482422,17.338077545166016,14848000,0.0,0.0,AVGO
2017-04-26 00:00:00-04:00,22.349000930786133,22.39299964904785,22.086999893188477,22.167999267578125,17.22000503540039,14726000,0.0,0.0,AVGO
2017-04-27 00:00:00-04:00,22.288999557495117,22.409000396728516,22.20599937438965,22.30900001525879,17.32953453063965,11850000,0.0,0.0,AVGO
2017-04-28 00:00:00-04:00,22.283000946044922,22.31399917602539,21.976999282836914,22.08099937438965,17.152423858642578,16490000,0.0,0.0,AVGO
2017-05-01 00:00:00-04:00,22.208999633789062,22.22599983215332,21.990999221801758,22.131999969482422,17.192049026489258,15339000,0.0,0.0,AVGO
2017-05-02 00:00:00-04:00,22.34600067138672,22.549999237060547,22.149999618530273,22.545000076293945,17.512853622436523,27277000,0.0,0.0,AVGO
2017-05-03 00:00:00-04:00,22.451000213623047,22.618999481201172,22.354999542236328,22.489999771118164,17.470130920410156,18002000,0.0,0.0,AVGO
2017-05-04 00:00:00-04:00,22.525999069213867,22.586000442504883,22.18600082397461,22.34000015258789,17.35361671447754,16245000,0.0,0.0,AVGO
2017-05-05 00:00:00-04:00,22.496000289916992,22.64900016784668,22.405000686645508,22.645000457763672,17.590538024902344,23128000,0.0,0.0,AVGO
2017-05-08 00:00:00-04:00,22.652000427246094,22.709999084472656,22.38599967956543,22.507999420166016,17.48411750793457,17448000,0.0,0.0,AVGO
2017-05-09 00:00:00-04:00,22.562000274658203,22.940000534057617,22.47100067138672,22.84600067138672,17.74667739868164,19261000,0.0,0.0,AVGO
2017-05-10 00:00:00-04:00,22.948999404907227,23.341999053955078,22.868999481201172,23.132999420166016,17.969614028930664,24433000,0.0,0.0,AVGO
2017-05-11 00:00:00-04:00,23.06800079345703,23.184999465942383,22.823999404907227,23.108999252319336,17.950969696044922,14823000,0.0,0.0,AVGO
2017-05-12 00:00:00-04:00,23.148000717163086,23.604999542236328,23.083999633789062,23.59600067138672,18.32927131652832,25852000,0.0,0.0,AVGO
2017-05-15 00:00:00-04:00,23.56100082397461,23.989999771118164,23.5,23.902999877929688,18.567745208740234,29172000,0.0,0.0,AVGO
2017-05-16 00:00:00-04:00,23.993999481201172,24.128999710083008,23.868999481201172,24.06800079345703,18.6959171295166,18128000,0.0,0.0,AVGO
2017-05-17 00:00:00-04:00,23.799999237060547,23.89699935913086,23.108999252319336,23.118000030517578,17.957962036132812,31447000,0.0,0.0,AVGO
2017-05-18 00:00:00-04:00,23.158000946044922,23.86199951171875,22.76799964904785,23.766000747680664,18.461326599121094,30699000,0.0,0.0,AVGO
2017-05-19 00:00:00-04:00,23.67099952697754,23.698999404907227,23.204999923706055,23.40999984741211,18.184783935546875,35812000,0.0,0.0,AVGO
2017-05-22 00:00:00-04:00,23.55299949645996,23.898000717163086,23.422000885009766,23.83799934387207,18.51725959777832,20419000,0.0,0.0,AVGO
2017-05-23 00:00:00-04:00,23.834999084472656,23.89299964904785,23.583999633789062,23.65399932861328,18.374326705932617,13696000,0.0,0.0,AVGO
2017-05-24 00:00:00-04:00,23.84600067138672,24.000999450683594,23.69700050354004,23.959999084472656,18.612022399902344,16392000,0.0,0.0,AVGO
2017-05-25 00:00:00-04:00,24.111000061035156,24.1560001373291,23.87299919128418,24.086000442504883,18.70989990234375,19010000,0.0,0.0,AVGO
2017-05-26 00:00:00-04:00,24.09000015258789,24.15999984741211,23.832000732421875,24.121000289916992,18.73708724975586,13120000,0.0,0.0,AVGO
2017-05-30 00:00:00-04:00,24.049999237060547,24.138999938964844,23.899999618530273,23.98200035095215,18.629112243652344,29364000,0.0,0.0,AVGO
2017-05-31 00:00:00-04:00,24.25200080871582,24.288999557495117,23.756000518798828,23.947999954223633,18.602706909179688,44830000,0.0,0.0,AVGO
2017-06-01 00:00:00-04:00,24.15999984741211,24.187000274658203,23.381000518798828,23.458999633789062,18.222848892211914,63774000,0.0,0.0,AVGO
2017-06-02 00:00:00-04:00,24.854000091552734,25.582000732421875,24.415000915527344,25.452999114990234,19.771778106689453,108613000,0.0,0.0,AVGO
2017-06-05 00:00:00-04:00,25.399999618530273,25.67799949645996,25.020000457763672,25.22100067138672,19.591562271118164,39532000,0.0,0.0,AVGO
2017-06-06 00:00:00-04:00,25.07699966430664,25.534000396728516,25.062000274658203,25.38599967956543,19.719738006591797,29653000,0.0,0.0,AVGO
2017-06-07 00:00:00-04:00,25.368000030517578,25.584999084472656,25.297000885009766,25.42799949645996,19.752357482910156,29290000,0.0,0.0,AVGO
2017-06-08 00:00:00-04:00,25.5,25.610000610351562,25.23200035095215,25.4950008392334,19.804405212402344,28273000,0.0,0.0,AVGO
2017-06-09 00:00:00-04:00,25.551000595092773,25.600000381469727,24.145000457763672,24.333999633789062,18.902542114257812,58191000,0.0,0.0,AVGO
2017-06-12 00:00:00-04:00,24.040000915527344,24.31100082397461,23.575000762939453,24.267000198364258,18.850496292114258,54872000,0.0,0.0,AVGO
2017-06-13 00:00:00-04:00,24.496000289916992,24.791000366210938,24.16699981689453,24.29400062561035,18.871477127075195,30853000,0.0,0.0,AVGO
2017-06-14 00:00:00-04:00,24.35700035095215,24.4950008392334,23.76300048828125,24.054000854492188,18.685043334960938,34509000,0.0,0.0,AVGO
2017-06-15 00:00:00-04:00,23.534000396728516,23.948999404907227,23.527000427246094,23.798999786376953,18.565685272216797,27527000,0.102,0.0,AVGO
2017-06-16 00:00:00-04:00,23.89299964904785,23.94300079345703,23.51300048828125,23.625,18.429948806762695,35819000,0.0,0.0,AVGO
2017-06-19 00:00:00-04:00,24.481000900268555,24.481000900268555,24.03499984741211,24.114999771118164,18.812198638916016,28519000,0.0,0.0,AVGO
2017-06-20 00:00:00-04:00,24.200000762939453,24.364999771118164,23.985000610351562,23.999000549316406,18.721708297729492,24429000,0.0,0.0,AVGO
2017-06-21 00:00:00-04:00,24.357999801635742,24.590999603271484,24.191999435424805,24.511999130249023,19.12189483642578,34998000,0.0,0.0,AVGO
2017-06-22 00:00:00-04:00,24.551000595092773,24.641000747680664,24.308000564575195,24.40399932861328,19.037641525268555,18666000,0.0,0.0,AVGO
2017-06-23 00:00:00-04:00,24.354000091552734,24.687000274658203,24.27899932861328,24.525999069213867,19.13282012939453,34985000,0.0,0.0,AVGO
2017-06-26 00:00:00-04:00,24.599000930786133,24.790000915527344,24.1200008392334,24.274999618530273,18.93701171875,32103000,0.0,0.0,AVGO
2017-06-27 00:00:00-04:00,24.13599967956543,24.198999404907227,23.523000717163086,23.533000946044922,18.358179092407227,33582000,0.0,0.0,AVGO
2017-06-28 00:00:00-04:00,23.659000396728516,24.17300033569336,23.450000762939453,24.104999542236328,18.804399490356445,24533000,0.0,0.0,AVGO
2017-06-29 00:00:00-04:00,23.8700008392334,23.89699935913086,23.05699920654297,23.40399932861328,18.257543563842773,34513000,0.0,0.0,AVGO
2017-06-30 00:00:00-04:00,23.62700080871582,23.66900062561035,23.285999298095703,23.30500030517578,18.180315017700195,26534000,0.0,0.0,AVGO
2017-07-03 00:00:00-04:00,23.451000213623047,23.52400016784668,22.908000946044922,22.97599983215332,17.923662185668945,21123000,0.0,0.0,AVGO
2017-07-05 00:00:00-04:00,23.100000381469727,23.232999801635742,22.910999298095703,23.160999298095703,18.067977905273438,29699000,0.0,0.0,AVGO
2017-07-06 00:00:00-04:00,22.756000518798828,23.572999954223633,22.75,23.503999710083008,18.33555793762207,26334000,0.0,0.0,AVGO
2017-07-07 00:00:00-04:00,23.530000686645508,24.018999099731445,23.527000427246094,23.961999893188477,18.692838668823242,24731000,0.0,0.0,AVGO
2017-07-10 00:00:00-04:00,24.051000595092773,24.194000244140625,23.881000518798828,24.177000045776367,18.860567092895508,22499000,0.0,0.0,AVGO
2017-07-11 00:00:00-04:00,24.200000762939453,24.260000228881836,23.93899917602539,24.089000701904297,18.791919708251953,20502000,0.0,0.0,AVGO
2017-07-12 00:00:00-04:00,24.299999237060547,24.718000411987305,24.106000900268555,24.642000198364258,19.223310470581055,27710000,0.0,0.0,AVGO
2017-07-13 00:00:00-04:00,24.711999893188477,24.98699951171875,24.655000686645508,24.731000900268555,19.292743682861328,20400000,0.0,0.0,AVGO
2017-07-14 00:00:00-04:00,24.863000869750977,25.040000915527344,24.78499984741211,25.02899932861328,19.52521514892578,14417000,0.0,0.0,AVGO
2017-07-17 00:00:00-04:00,25.07900047302246,25.236000061035156,24.88599967956543,24.902000427246094,19.4261417388916,18746000,0.0,0.0,AVGO
2017-07-18 00:00:00-04:00,24.72599983215332,25.093000411987305,24.606000900268555,25.08799934387207,19.571239471435547,13003000,0.0,0.0,AVGO
2017-07-19 00:00:00-04:00,25.200000762939453,25.45400047302246,25.05500030517578,25.440000534057617,19.845834732055664,25526000,0.0,0.0,AVGO
2017-07-20 00:00:00-04:00,25.450000762939453,25.5,25.235000610351562,25.343000411987305,19.770164489746094,12135000,0.0,0.0,AVGO
2017-07-21 00:00:00-04:00,25.152999877929688,25.351999282836914,25.04599952697754,25.31100082397461,19.74519920349121,15504000,0.0,0.0,AVGO
2017-07-24 00:00:00-04:00,25.32900047302246,25.368000030517578,25.16900062561035,25.30299949645996,19.738964080810547,13638000,0.0,0.0,AVGO
2017-07-25 00:00:00-04:00,25.280000686645508,25.44099998474121,25.01799964904785,25.43000030517578,19.838029861450195,16123000,0.0,0.0,AVGO
2017-07-26 00:00:00-04:00,25.4689998626709,25.819000244140625,25.461999893188477,25.701000213623047,20.049442291259766,19971000,0.0,0.0,AVGO
2017-07-27 00:00:00-04:00,25.820999145507812,25.849000930786133,24.895000457763672,25.094999313354492,19.576696395874023,32010000,0.0,0.0,AVGO
2017-07-28 00:00:00-04:00,24.892000198364258,25.11199951171875,24.75,25.03700065612793,19.531457901000977,31919000,0.0,0.0,AVGO
2017-07-31 00:00:00-04:00,25.097999572753906,25.2450008392334,24.54599952697754,24.666000366210938,19.242036819458008,18902000,0.0,0.0,AVGO
2017-08-01 00:00:00-04:00,24.822999954223633,25.0,24.695999145507812,24.839000701904297,19.376996994018555,17582000,0.0,0.0,AVGO
2017-08-02 00:00:00-04:00,25.459999084472656,25.72800064086914,25.106000900268555,25.336000442504883,19.764713287353516,36970000,0.0,0.0,AVGO
2017-08-03 00:00:00-04:00,25.2810001373291,25.299999237060547,24.722999572753906,25.02899932861328,19.52521514892578,23447000,0.0,0.0,AVGO
2017-08-04 00:00:00-04:00,25.073999404907227,25.097000122070312,24.812000274658203,24.91699981689453,19.437841415405273,13454000,0.0,0.0,AVGO
2017-08-07 00:00:00-04:00,24.93899917602539,25.288999557495117,24.889999389648438,25.243999481201172,19.69293785095215,18730000,0.0,0.0,AVGO
2017-08-08 00:00:00-04:00,25.197999954223633,25.429000854492188,25.04199981689453,25.13599967956543,19.60868263244629,20439000,0.0,0.0,AVGO
2017-08-09 00:00:00-04:00,24.952999114990234,25.035999298095703,24.75200080871582,24.91699981689453,19.437841415405273,21256000,0.0,0.0,AVGO
2017-08-10 00:00:00-04:00,24.666000366210938,24.700000762939453,24.04599952697754,24.070999145507812,18.77787208557129,29033000,0.0,0.0,AVGO
2017-08-11 00:00:00-04:00,24.0049991607666,24.52400016784668,23.8700008392334,24.41699981689453,19.047786712646484,16976000,0.0,0.0,AVGO
2017-08-14 00:00:00-04:00,24.68600082397461,25.125,24.600000381469727,25.090999603271484,19.57358169555664,16736000,0.0,0.0,AVGO
2017-08-15 00:00:00-04:00,25.312000274658203,25.4060001373291,25.12700080871582,25.368999481201172,19.790449142456055,20942000,0.0,0.0,AVGO
2017-08-16 00:00:00-04:00,25.43199920654297,25.474000930786133,25.180999755859375,25.341999053955078,19.769386291503906,15394000,0.0,0.0,AVGO
2017-08-17 00:00:00-04:00,25.299999237060547,25.424999237060547,24.665000915527344,24.69499969482422,19.264657974243164,22793000,0.0,0.0,AVGO
2017-08-18 00:00:00-04:00,24.732999801635742,25.148000717163086,24.613000869750977,24.937000274658203,19.453439712524414,20126000,0.0,0.0,AVGO
2017-08-21 00:00:00-04:00,25.18899917602539,25.18899917602539,24.618000030517578,24.961999893188477,19.472944259643555,20693000,0.0,0.0,AVGO
2017-08-22 00:00:00-04:00,25.183000564575195,25.618999481201172,25.100000381469727,25.518999099731445,19.90746307373047,26917000,0.0,0.0,AVGO
2017-08-23 00:00:00-04:00,25.392000198364258,25.891000747680664,25.339000701904297,25.691999435424805,20.042423248291016,27928000,0.0,0.0,AVGO
2017-08-24 00:00:00-04:00,25.867000579833984,25.93600082397461,25.110000610351562,25.5049991607666,19.89654541015625,52119000,0.0,0.0,AVGO
2017-08-25 00:00:00-04:00,25.225000381469727,25.440000534057617,24.378000259399414,24.55900001525879,19.1585636138916,69099000,0.0,0.0,AVGO
2017-08-28 00:00:00-04:00,24.70400047302246,24.763999938964844,24.25,24.325000762939453,18.976015090942383,34174000,0.0,0.0,AVGO
2017-08-29 00:00:00-04:00,24.128999710083008,24.45800018310547,24.003000259399414,24.17300033569336,18.857444763183594,33536000,0.0,0.0,AVGO
2017-08-30 00:00:00-04:00,24.1560001373291,24.634000778198242,24.08799934387207,24.601999282836914,19.19210433959961,21924000,0.0,0.0,AVGO
2017-08-31 00:00:00-04:00,24.66200065612793,25.253000259399414,24.55500030517578,25.207000732421875,19.664073944091797,29491000,0.0,0.0,AVGO
2017-09-01 00:00:00-04:00,25.232999801635742,25.534000396728516,25.229999542236328,25.273000717163086,19.715564727783203,23242000,0.0,0.0,AVGO
2017-09-05 00:00:00-04:00,25.011999130249023,25.273000717163086,24.70199966430664,24.905000686645508,19.428482055664062,24306000,0.0,0.0,AVGO
2017-09-06 00:00:00-04:00,25.06100082397461,25.131000518798828,24.770000457763672,24.937999725341797,19.454219818115234,13996000,0.0,0.0,AVGO
2017-09-07 00:00:00-04:00,24.979000091552734,25.0,24.613000869750977,24.655000686645508,19.233457565307617,16088000,0.0,0.0,AVGO
2017-09-08 00:00:00-04:00,24.591999053955078,24.639999389648438,24.309999465942383,24.410999298095703,19.043106079101562,18094000,0.0,0.0,AVGO
2017-09-11 00:00:00-04:00,24.70800018310547,24.823999404907227,24.60099983215332,24.77400016784668,19.326290130615234,16878000,0.0,0.0,AVGO
2017-09-12 00:00:00-04:00,24.965999603271484,24.974000930786133,24.549999237060547,24.714000701904297,19.279481887817383,18396000,0.0,0.0,AVGO
2017-09-13 00:00:00-04:00,24.582000732421875,24.791000366210938,24.514999389648438,24.624000549316406,19.20927619934082,29664000,0.0,0.0,AVGO
2017-09-14 00:00:00-04:00,24.461999893188477,24.750999450683594,24.323999404907227,24.69499969482422,19.264657974243164,28645000,0.0,0.0,AVGO
2017-09-15 00:00:00-04:00,24.76300048828125,25.118999481201172,24.51099967956543,25.05500030517578,19.545499801635742,50066000,0.0,0.0,AVGO
2017-09-18 00:00:00-04:00,25.104999542236328,25.283000946044922,24.861000061035156,24.98200035095215,19.568218231201172,25743000,0.102,0.0,AVGO
2017-09-19 00:00:00-04:00,25.117000579833984,25.184999465942383,24.83300018310547,24.97599983215332,19.563508987426758,22088000,0.0,0.0,AVGO
2017-09-20 00:00:00-04:00,24.974000930786133,24.988000869750977,23.785999298095703,24.291000366210938,19.026952743530273,57010000,0.0,0.0,AVGO
2017-09-21 00:00:00-04:00,24.246000289916992,24.270000457763672,23.81800079345703,24.038000106811523,18.82878303527832,28620000,0.0,0.0,AVGO
2017-09-22 00:00:00-04:00,23.833999633789062,24.075000762939453,23.812000274658203,23.923999786376953,18.739486694335938,23100000,0.0,0.0,AVGO
2017-09-25 00:00:00-04:00,23.7189998626709,23.7810001373291,23.152999877929688,23.551000595092773,18.447322845458984,38692000,0.0,0.0,AVGO
2017-09-26 00:00:00-04:00,23.788000106811523,23.9950008392334,23.5310001373291,23.726999282836914,18.585180282592773,39010000,0.0,0.0,AVGO
2017-09-27 00:00:00-04:00,23.950000762939453,24.267000198364258,23.857999801635742,24.058000564575195,18.84444808959961,26489000,0.0,0.0,AVGO
2017-09-28 00:00:00-04:00,23.951000213623047,24.336000442504883,23.950000762939453,24.29400062561035,19.029312133789062,21932000,0.0,0.0,AVGO
2017-09-29 00:00:00-04:00,24.29400062561035,24.42799949645996,24.150999069213867,24.253999710083008,18.997976303100586,17319000,0.0,0.0,AVGO
2017-10-02 00:00:00-04:00,24.5310001373291,24.5310001373291,23.975000381469727,24.047000885009766,18.835834503173828,19431000,0.0,0.0,AVGO
2017-10-03 00:00:00-04:00,24.007999420166016,24.094999313354492,23.788999557495117,23.950000762939453,18.75985336303711,25611000,0.0,0.0,AVGO
2017-10-04 00:00:00-04:00,23.878000259399414,24.232999801635742,23.750999450683594,24.200000762939453,18.955678939819336,23271000,0.0,0.0,AVGO
2017-10-05 00:00:00-04:00,24.32699966430664,24.573999404907227,24.23699951171875,24.367000579833984,19.086488723754883,22811000,0.0,0.0,AVGO
2017-10-06 00:00:00-04:00,24.030000686645508,24.575000762939453,24.030000686645508,24.573999404907227,19.24863052368164,17489000,0.0,0.0,AVGO
2017-10-09 00:00:00-04:00,24.600000381469727,24.725000381469727,24.538999557495117,24.642000198364258,19.301889419555664,16551000,0.0,0.0,AVGO
2017-10-10 00:00:00-04:00,24.753000259399414,24.81599998474121,24.304000854492188,24.599000930786133,19.268211364746094,15348000,0.0,0.0,AVGO
2017-10-11 00:00:00-04:00,24.520999908447266,25.117000579833984,24.513999938964844,25.040000915527344,19.6136417388916,26603000,0.0,0.0,AVGO
2017-10-12 00:00:00-04:00,25.04199981689453,25.128000259399414,24.827999114990234,24.874000549316406,19.483613967895508,20067000,0.0,0.0,AVGO
2017-10-13 00:00:00-04:00,25.014999389648438,25.083999633789062,24.746999740600586,24.79599952697754,19.422515869140625,15257000,0.0,0.0,AVGO
2017-10-16 00:00:00-04:00,24.857999801635742,24.94700050354004,24.562000274658203,24.66699981689453,19.32147216796875,14899000,0.0,0.0,AVGO
2017-10-17 00:00:00-04:00,24.583999633789062,24.5939998626709,24.233999252319336,24.261999130249023,19.004243850708008,26965000,0.0,0.0,AVGO
2017-10-18 00:00:00-04:00,24.33300018310547,24.461000442504883,23.979999542236328,24.399999618530273,19.112335205078125,19905000,0.0,0.0,AVGO
2017-10-19 00:00:00-04:00,24.082000732421875,24.437000274658203,23.836000442504883,24.429000854492188,19.135047912597656,25844000,0.0,0.0,AVGO
2017-10-20 00:00:00-04:00,24.695999145507812,24.700000762939453,24.375999450683594,24.423999786376953,19.131134033203125,23548000,0.0,0.0,AVGO
2017-10-23 00:00:00-04:00,24.51799964904785,24.565000534057617,24.270999908447266,24.427000045776367,19.13348960876465,23418000,0.0,0.0,AVGO
2017-10-24 00:00:00-04:00,24.506999969482422,24.81399917602539,24.410999298095703,24.76799964904785,19.400590896606445,22887000,0.0,0.0,AVGO
2017-10-25 00:00:00-04:00,24.58799934387207,24.89299964904785,24.42300033569336,24.582000732421875,19.254901885986328,20955000,0.0,0.0,AVGO
2017-10-26 00:00:00-04:00,24.726999282836914,24.78499984741211,24.375999450683594,24.375999450683594,19.09353256225586,24446000,0.0,0.0,AVGO
2017-10-27 00:00:00-04:00,24.457000732421875,25.298999786376953,24.27899932861328,25.290000915527344,19.80946922302246,44753000,0.0,0.0,AVGO
2017-10-30 00:00:00-04:00,25.329999923706055,26.219999313354492,25.32699966430664,26.12299919128418,20.46194839477539,50202000,0.0,0.0,AVGO
2017-10-31 00:00:00-04:00,26.25,26.670000076293945,26.1299991607666,26.391000747680664,20.6718692779541,32845000,0.0,0.0,AVGO
2017-11-01 00:00:00-04:00,26.423999786376953,26.56399917602539,25.68899917602539,25.929000854492188,20.30999183654785,27333000,0.0,0.0,AVGO
2017-11-02 00:00:00-04:00,26.216999053955078,26.464000701904297,24.886999130249023,25.950000762939453,20.326446533203125,67196000,0.0,0.0,AVGO
2017-11-03 00:00:00-04:00,26.402999877929688,27.799999237060547,25.711000442504883,27.363000869750977,21.433229446411133,120503000,0.0,0.0,AVGO
2017-11-06 00:00:00-05:00,27.829999923706055,28.18000030517578,27.003000259399414,27.75200080871582,21.737932205200195,78088000,0.0,0.0,AVGO
2017-11-07 00:00:00-05:00,27.253999710083008,27.450000762939453,26.753999710083008,27.131999969482422,21.252296447753906,36789000,0.0,0.0,AVGO
2017-11-08 00:00:00-05:00,26.933000564575195,27.381999969482422,26.724000930786133,27.239999771118164,21.33688735961914,30254000,0.0,0.0,AVGO
2017-11-09 00:00:00-05:00,26.86400032043457,27.040000915527344,26.25,26.56399917602539,20.807376861572266,30980000,0.0,0.0,AVGO
2017-11-10 00:00:00-05:00,26.57900047302246,26.663999557495117,26.360000610351562,26.496000289916992,20.75411605834961,20338000,0.0,0.0,AVGO
2017-11-13 00:00:00-05:00,26.25,26.597999572753906,26.155000686645508,26.500999450683594,20.758031845092773,28064000,0.0,0.0,AVGO
2017-11-14 00:00:00-05:00,26.329999923706055,26.558000564575195,26.125999450683594,26.326000213623047,20.620956420898438,19718000,0.0,0.0,AVGO
2017-11-15 00:00:00-05:00,26.229999542236328,26.700000762939453,25.80299949645996,26.559999465942383,20.804248809814453,29032000,0.0,0.0,AVGO
2017-11-16 00:00:00-05:00,26.68000030517578,27.46500015258789,26.611000061035156,27.211000442504883,21.314172744750977,31000000,0.0,0.0,AVGO
2017-11-17 00:00:00-05:00,27.177000045776367,27.211000442504883,26.843000411987305,27.18600082397461,21.294591903686523,24069000,0.0,0.0,AVGO
2017-11-20 00:00:00-05:00,27.261999130249023,27.674999237060547,27.138999938964844,27.488000869750977,21.531145095825195,28639000,0.0,0.0,AVGO
2017-11-21 00:00:00-05:00,27.610000610351562,27.820999145507812,27.490999221801758,27.659000396728516,21.66508674621582,20903000,0.0,0.0,AVGO
2017-11-22 00:00:00-05:00,27.70199966430664,27.770999908447266,27.41699981689453,27.53700065612793,21.569528579711914,18642000,0.0,0.0,AVGO
2017-11-24 00:00:00-05:00,27.66699981689453,28.298999786376953,27.650999069213867,28.238000869750977,22.11861801147461,11572000,0.0,0.0,AVGO
2017-11-27 00:00:00-05:00,28.025999069213867,28.56800079345703,27.976999282836914,28.461999893188477,22.294071197509766,26230000,0.0,0.0,AVGO
2017-11-28 00:00:00-05:00,28.486000061035156,28.489999771118164,27.68400001525879,27.739999771118164,21.728525161743164,26796000,0.0,0.0,AVGO
2017-11-29 00:00:00-05:00,27.799999237060547,27.81399917602539,26.48699951171875,27.149999618530273,21.266387939453125,47231000,0.0,0.0,AVGO
2017-11-30 00:00:00-05:00,27.17799949645996,27.834999084472656,27.009000778198242,27.79400062561035,21.770828247070312,31452000,0.0,0.0,AVGO
2017-12-01 00:00:00-05:00,27.520999908447266,27.551000595092773,26.405000686645508,27.1560001373291,21.27109146118164,47729000,0.0,0.0,AVGO
2017-12-04 00:00:00-05:00,27.391000747680664,27.45199966430664,26.013999938964844,26.361000061035156,20.64836883544922,48439000,0.0,0.0,AVGO
2017-12-05 00:00:00-05:00,26.266000747680664,26.61199951171875,26.045000076293945,26.165000915527344,20.494844436645508,38117000,0.0,0.0,AVGO
2017-12-06 00:00:00-05:00,25.882999420166016,26.441999435424805,25.420000076293945,26.388999938964844,20.67030143737793,48751000,0.0,0.0,AVGO
2017-12-07 00:00:00-05:00,27.48900032043457,27.56999969482422,26.16699981689453,26.388999938964844,20.67030143737793,79282000,0.0,0.0,AVGO
2017-12-08 00:00:00-05:00,26.57699966430664,26.694000244140625,25.93000030517578,25.990999221801758,20.358552932739258,41848000,0.0,0.0,AVGO
2017-12-11 00:00:00-05:00,25.93400001525879,26.354999542236328,25.878999710083008,25.9950008392334,20.361684799194336,34941000,0.0,0.0,AVGO
2017-12-12 00:00:00-05:00,25.93600082397461,26.08799934387207,25.57200050354004,25.8700008392334,20.26378059387207,28541000,0.0,0.0,AVGO
2017-12-13 00:00:00-05:00,26.041000366210938,26.32900047302246,26.01799964904785,26.202999114990234,20.52461051940918,26943000,0.0,0.0,AVGO
2017-12-14 00:00:00-05:00,26.233999252319336,26.299999237060547,25.670000076293945,25.93400001525879,20.31390953063965,37595000,0.0,0.0,AVGO
2017-12-15 00:00:00-05:00,26.165000915527344,26.600000381469727,25.826000213623047,26.572999954223633,20.814434051513672,45091000,0.0,0.0,AVGO
2017-12-18 00:00:00-05:00,26.408000946044922,26.650999069213867,26.259000778198242,26.43899917602539,20.846755981445312,29786000,0.175,0.0,AVGO
2017-12-19 00:00:00-05:00,26.329999923706055,26.52899932861328,26.12700080871582,26.3700008392334,20.792346954345703,19094000,0.0,0.0,AVGO
2017-12-20 00:00:00-05:00,26.61400032043457,26.635000228881836,26.277999877929688,26.56399917602539,20.9453182220459,19845000,0.0,0.0,AVGO
2017-12-21 00:00:00-05:00,26.594999313354492,26.625,26.10700035095215,26.152999877929688,20.62125015258789,17758000,0.0,0.0,AVGO
2017-12-22 00:00:00-05:00,26.18199920654297,26.336999893188477,25.8700008392334,26.235000610351562,20.685911178588867,14617000,0.0,0.0,AVGO
2017-12-26 00:00:00-05:00,25.722999572753906,26.235000610351562,25.339000701904297,25.809999465942383,20.35080337524414,22256000,0.0,0.0,AVGO
2017-12-27 00:00:00-05:00,25.884000778198242,26.160999298095703,25.850000381469727,25.91200065612793,20.431232452392578,35615000,0.0,0.0,AVGO
2017-12-28 00:00:00-05:00,26.016000747680664,26.079999923706055,25.854999542236328,26.04199981689453,20.533729553222656,13641000,0.0,0.0,AVGO
2017-12-29 00:00:00-05:00,25.976999282836914,26.19499969482422,25.663999557495117,25.690000534057617,20.256179809570312,17980000,0.0,0.0,AVGO
2018-01-02 00:00:00-05:00,25.976999282836914,26.75,25.756999969482422,26.701000213623047,21.053342819213867,33135000,0.0,0.0,AVGO
2018-01-03 00:00:00-05:00,26.729000091552734,27.072999954223633,26.60300064086914,26.993000030517578,21.283580780029297,31161000,0.0,0.0,AVGO
2018-01-04 00:00:00-05:00,27.159000396728516,27.176000595092773,26.843000411987305,27.00200080871582,21.29067611694336,19067000,0.0,0.0,AVGO
2018-01-05 00:00:00-05:00,27.19700050354004,27.426000595092773,26.94499969482422,27.16200065612793,21.416833877563477,28633000,0.0,0.0,AVGO
2018-01-08 00:00:00-05:00,27.091999053955078,27.2549991607666,26.9060001373291,27.226999282836914,21.468082427978516,20971000,0.0,0.0,AVGO
2018-01-09 00:00:00-05:00,27.305999755859375,27.385000228881836,26.819000244140625,26.850000381469727,21.170822143554688,26027000,0.0,0.0,AVGO
2018-01-10 00:00:00-05:00,26.597999572753906,26.61400032043457,26.072999954223633,26.283000946044922,20.723756790161133,31607000,0.0,0.0,AVGO
2018-01-11 00:00:00-05:00,26.35700035095215,26.385000228881836,26.155000686645508,26.350000381469727,20.776582717895508,17726000,0.0,0.0,AVGO
2018-01-12 00:00:00-05:00,26.339000701904297,26.531999588012695,26.201000213623047,26.429000854492188,20.8388729095459,19881000,0.0,0.0,AVGO
2018-01-16 00:00:00-05:00,26.51799964904785,26.700000762939453,26.166000366210938,26.325000762939453,20.756868362426758,33528000,0.0,0.0,AVGO
2018-01-17 00:00:00-05:00,26.54800033569336,26.652999877929688,26.04599952697754,26.58099937438965,20.958724975585938,37365000,0.0,0.0,AVGO
2018-01-18 00:00:00-05:00,26.54599952697754,27.006000518798828,26.447999954223633,26.979999542236328,21.27332305908203,30319000,0.0,0.0,AVGO
2018-01-19 00:00:00-05:00,26.915000915527344,26.944000244140625,26.60700035095215,26.638999938964844,21.004459381103516,29963000,0.0,0.0,AVGO
2018-01-22 00:00:00-05:00,26.565000534057617,26.677000045776367,26.062000274658203,26.211000442504883,20.666980743408203,27230000,0.0,0.0,AVGO
2018-01-23 00:00:00-05:00,26.173999786376953,26.44099998474121,25.81100082397461,26.290000915527344,20.72927474975586,35398000,0.0,0.0,AVGO
2018-01-24 00:00:00-05:00,26.097000122070312,26.32699966430664,25.600000381469727,25.68600082397461,20.253028869628906,45405000,0.0,0.0,AVGO
2018-01-25 00:00:00-05:00,25.77400016784668,25.784000396728516,24.700000762939453,24.729000091552734,19.498445510864258,59520000,0.0,0.0,AVGO
2018-01-26 00:00:00-05:00,24.941999435424805,25.094999313354492,24.52400016784668,25.07900047302246,19.774417877197266,49014000,0.0,0.0,AVGO
2018-01-29 00:00:00-05:00,24.827999114990234,24.948999404907227,24.349000930786133,24.547000885009766,19.354949951171875,50401000,0.0,0.0,AVGO
2018-01-30 00:00:00-05:00,24.125,24.503000259399414,23.701000213623047,24.097999572753906,19.00091552734375,46002000,0.0,0.0,AVGO
2018-01-31 00:00:00-05:00,25.0,25.31399917602539,24.486000061035156,24.80299949645996,19.55679702758789,80482000,0.0,0.0,AVGO
2018-02-01 00:00:00-05:00,24.172000885009766,24.59000015258789,23.809999465942383,23.878999710083008,18.82823944091797,66851000,0.0,0.0,AVGO
2018-02-02 00:00:00-05:00,23.677000045776367,23.79599952697754,23.409000396728516,23.54800033569336,18.567245483398438,58352000,0.0,0.0,AVGO
2018-02-05 00:00:00-05:00,23.468000411987305,24.399999618530273,22.760000228881836,22.809999465942383,17.98534393310547,70776000,0.0,0.0,AVGO
2018-02-06 00:00:00-05:00,22.562000274658203,24.040000915527344,22.489999771118164,24.038000106811523,18.953601837158203,77744000,0.0,0.0,AVGO
2018-02-07 00:00:00-05:00,23.875999450683594,24.309999465942383,23.700000762939453,23.738000869750977,18.717065811157227,40475000,0.0,0.0,AVGO
2018-02-08 00:00:00-05:00,23.73900032043457,23.851999282836914,22.951000213623047,22.957000732421875,18.101253509521484,43200000,0.0,0.0,AVGO
2018-02-09 00:00:00-05:00,23.27899932861328,23.711999893188477,22.625,23.549999237060547,18.568822860717773,43282000,0.0,0.0,AVGO
2018-02-12 00:00:00-05:00,23.785999298095703,24.54800033569336,23.75,24.440000534057617,19.27057647705078,35063000,0.0,0.0,AVGO
2018-02-13 00:00:00-05:00,24.10099983215332,24.60300064086914,24.006000518798828,24.586000442504883,19.385696411132812,23719000,0.0,0.0,AVGO
2018-02-14 00:00:00-05:00,24.5,24.864999771118164,24.347999572753906,24.766000747680664,19.527624130249023,25491000,0.0,0.0,AVGO
2018-02-15 00:00:00-05:00,24.92799949645996,25.18400001525879,24.44300079345703,25.183000564575195,19.856422424316406,25540000,0.0,0.0,AVGO
2018-02-16 00:00:00-05:00,25.12700080871582,25.23699951171875,24.804000854492188,24.888999938964844,19.62461280822754,32639000,0.0,0.0,AVGO
2018-02-20 00:00:00-05:00,24.875,25.573999404907227,24.75200080871582,24.961999893188477,19.682167053222656,41693000,0.0,0.0,AVGO
2018-02-21 00:00:00-05:00,25.249000549316406,25.347000122070312,24.844999313354492,24.86199951171875,19.603317260742188,28156000,0.0,0.0,AVGO
2018-02-22 00:00:00-05:00,24.91200065612793,25.309999465942383,24.82699966430664,24.934999465942383,19.660879135131836,19342000,0.0,0.0,AVGO
2018-02-23 00:00:00-05:00,25.214000701904297,25.503000259399414,25.02899932861328,25.371000289916992,20.004655838012695,18280000,0.0,0.0,AVGO
2018-02-26 00:00:00-05:00,25.195999145507812,25.444000244140625,25.100000381469727,25.295000076293945,19.944732666015625,28878000,0.0,0.0,AVGO
2018-02-27 00:00:00-05:00,25.208999633789062,25.566999435424805,25.167999267578125,25.180999755859375,19.854846954345703,21176000,0.0,0.0,AVGO
2018-02-28 00:00:00-05:00,25.408000946044922,25.448999404907227,24.597999572753906,24.645999908447266,19.433006286621094,28834000,0.0,0.0,AVGO
2018-03-01 00:00:00-05:00,24.586000442504883,24.91200065612793,24.131000518798828,24.33099937438965,19.184633255004883,26044000,0.0,0.0,AVGO
2018-03-02 00:00:00-05:00,24.042999267578125,25.118000030517578,24.023000717163086,25.086999893188477,19.78072738647461,27402000,0.0,0.0,AVGO
2018-03-05 00:00:00-05:00,24.989999771118164,25.134000778198242,24.341999053955078,24.697999954223633,19.474008560180664,25900000,0.0,0.0,AVGO
2018-03-06 00:00:00-05:00,24.930999755859375,25.1299991607666,24.73200035095215,25.09600067138672,19.787824630737305,30030000,0.0,0.0,AVGO
2018-03-07 00:00:00-05:00,24.868999481201172,24.940000534057617,24.433000564575195,24.704999923706055,19.47952651977539,31549000,0.0,0.0,AVGO
2018-03-08 00:00:00-05:00,24.826000213623047,24.829999923706055,24.591999053955078,24.69499969482422,19.471641540527344,33554000,0.0,0.0,AVGO
2018-03-09 00:00:00-05:00,24.857999801635742,25.42799949645996,24.76300048828125,25.378000259399414,20.01017951965332,30782000,0.0,0.0,AVGO
2018-03-12 00:00:00-04:00,26.065000534057617,26.43000030517578,25.961999893188477,26.284000396728516,20.72454071044922,53881000,0.0,0.0,AVGO
2018-03-13 00:00:00-04:00,26.64299964904785,27.385000228881836,26.023000717163086,26.121999740600586,20.596811294555664,66855000,0.0,0.0,AVGO
2018-03-14 00:00:00-04:00,26.200000762939453,26.233999252319336,25.514999389648438,26.05900001525879,20.54713249206543,39619000,0.0,0.0,AVGO
2018-03-15 00:00:00-04:00,26.37299919128418,26.889999389648438,26.350000381469727,26.775999069213867,21.112478256225586,57990000,0.0,0.0,AVGO
2018-03-16 00:00:00-04:00,26.299999237060547,26.360000610351562,25.44099998474121,25.48699951171875,20.096115112304688,113955000,0.0,0.0,AVGO
2018-03-19 00:00:00-04:00,25.309999465942383,25.64900016784668,24.277000427246094,24.4950008392334,19.313945770263672,71267000,0.0,0.0,AVGO
2018-03-20 00:00:00-04:00,24.510000228881836,24.80500030517578,24.128000259399414,24.236000061035156,19.109722137451172,61918000,0.0,0.0,AVGO
2018-03-21 00:00:00-04:00,24.058000564575195,25.05900001525879,24.006000518798828,24.600000381469727,19.68095588684082,54912000,0.35,0.0,AVGO
2018-03-22 00:00:00-04:00,24.202999114990234,24.672000885009766,24.149999618530273,24.35700035095215,19.486549377441406,43078000,0.0,0.0,AVGO
2018-03-23 00:00:00-04:00,24.33799934387207,24.52199935913086,24.041000366210938,24.24799919128418,19.399343490600586,59070000,0.0,0.0,AVGO
2018-03-26 00:00:00-04:00,24.767000198364258,24.882999420166016,24.051000595092773,24.773000717163086,19.81935691833496,48713000,0.0,0.0,AVGO
2018-03-27 00:00:00-04:00,24.808000564575195,25.424999237060547,24.15999984741211,24.437000274658203,19.55054473876953,63917000,0.0,0.0,AVGO
2018-03-28 00:00:00-04:00,24.408000946044922,24.69300079345703,23.559999465942383,23.667999267578125,18.93531608581543,41744000,0.0,0.0,AVGO
2018-03-29 00:00:00-04:00,23.80900001525879,24.083999633789062,23.47599983215332,23.565000534057617,18.8529109954834,46874000,0.0,0.0,AVGO
2018-04-02 00:00:00-04:00,23.395000457763672,23.61199951171875,22.54400062561035,22.76799964904785,18.215280532836914,53088000,0.0,0.0,AVGO
2018-04-03 00:00:00-04:00,23.086000442504883,23.697999954223633,22.72100067138672,23.67799949645996,18.943317413330078,45569000,0.0,0.0,AVGO
2018-04-04 00:00:00-04:00,23.0049991607666,23.79199981689453,22.950000762939453,23.698999404907227,18.960115432739258,37720000,0.0,0.0,AVGO
2018-04-05 00:00:00-04:00,24.076000213623047,24.167999267578125,23.5,23.631000518798828,18.905715942382812,35798000,0.0,0.0,AVGO
2018-04-06 00:00:00-04:00,23.37299919128418,23.65399932861328,22.775999069213867,22.886999130249023,18.310489654541016,30248000,0.0,0.0,AVGO
2018-04-09 00:00:00-04:00,22.99799919128418,23.965999603271484,22.926000595092773,23.474000930786133,18.78011131286621,37494000,0.0,0.0,AVGO
2018-04-10 00:00:00-04:00,23.95599937438965,24.1560001373291,23.766000747680664,23.975000381469727,19.180925369262695,33244000,0.0,0.0,AVGO
2018-04-11 00:00:00-04:00,23.812000274658203,24.07200050354004,23.70800018310547,24.031999588012695,19.22653579711914,19922000,0.0,0.0,AVGO
2018-04-12 00:00:00-04:00,24.14299964904785,24.263999938964844,23.709999084472656,23.94300079345703,19.155332565307617,41036000,0.0,0.0,AVGO
2018-04-13 00:00:00-04:00,25.0,25.200000762939453,24.489999771118164,24.694000244140625,19.756160736083984,48312000,0.0,0.0,AVGO
2018-04-16 00:00:00-04:00,24.909000396728516,24.98900032043457,24.56800079345703,24.937000274658203,19.950565338134766,25172000,0.0,0.0,AVGO
2018-04-17 00:00:00-04:00,25.089000701904297,25.28499984741211,24.964000701904297,25.173999786376953,20.140169143676758,25084000,0.0,0.0,AVGO
2018-04-18 00:00:00-04:00,25.100000381469727,25.16699981689453,24.746000289916992,24.958999633789062,19.968168258666992,20511000,0.0,0.0,AVGO
2018-04-19 00:00:00-04:00,24.354000091552734,24.628000259399414,24.06599998474121,24.285999298095703,19.429738998413086,50141000,0.0,0.0,AVGO
2018-04-20 00:00:00-04:00,24.121999740600586,24.15999984741211,23.500999450683594,23.711999893188477,18.970518112182617,41530000,0.0,0.0,AVGO
2018-04-23 00:00:00-04:00,23.798999786376953,23.832000732421875,23.211999893188477,23.344999313354492,18.676904678344727,31337000,0.0,0.0,AVGO
2018-04-24 00:00:00-04:00,23.573999404907227,23.61199951171875,22.66900062561035,22.839000701904297,18.27208709716797,44889000,0.0,0.0,AVGO
2018-04-25 00:00:00-04:00,22.899999618530273,23.110000610351562,22.586000442504883,22.899999618530273,18.320892333984375,34023000,0.0,0.0,AVGO
2018-04-26 00:00:00-04:00,23.100000381469727,23.187999725341797,22.829999923706055,23.04199981689453,18.434492111206055,32751000,0.0,0.0,AVGO
2018-04-27 00:00:00-04:00,23.35700035095215,23.420000076293945,23.06999969482422,23.277999877929688,18.623302459716797,27211000,0.0,0.0,AVGO
2018-04-30 00:00:00-04:00,23.257999420166016,23.41200065612793,22.832000732421875,22.941999435424805,18.35448455810547,39682000,0.0,0.0,AVGO
2018-05-01 00:00:00-04:00,23.084999084472656,23.084999084472656,22.63599967956543,23.038000106811523,18.431291580200195,44947000,0.0,0.0,AVGO
2018-05-02 00:00:00-04:00,23.329999923706055,23.3439998626709,22.68000030517578,22.874000549316406,18.300086975097656,52950000,0.0,0.0,AVGO
2018-05-03 00:00:00-04:00,22.64900016784668,22.788000106811523,22.26799964904785,22.524999618530273,18.0208740234375,58011000,0.0,0.0,AVGO
2018-05-04 00:00:00-04:00,22.364999771118164,23.208999633789062,22.197999954223633,23.052000045776367,18.442493438720703,51303000,0.0,0.0,AVGO
2018-05-07 00:00:00-04:00,23.1299991607666,23.690000534057617,23.100000381469727,23.597000122070312,18.878511428833008,36953000,0.0,0.0,AVGO
2018-05-08 00:00:00-04:00,23.573999404907227,23.895999908447266,23.48200035095215,23.885000228881836,19.108924865722656,40149000,0.0,0.0,AVGO
2018-05-09 00:00:00-04:00,23.579999923706055,23.913000106811523,23.405000686645508,23.80500030517578,19.044919967651367,35031000,0.0,0.0,AVGO
2018-05-10 00:00:00-04:00,23.972999572753906,24.37299919128418,23.861000061035156,24.35099983215332,19.48174476623535,25747000,0.0,0.0,AVGO
2018-05-11 00:00:00-04:00,24.308000564575195,24.450000762939453,24.15999984741211,24.33799934387207,19.471345901489258,24052000,0.0,0.0,AVGO
2018-05-14 00:00:00-04:00,24.628000259399414,24.841999053955078,24.3799991607666,24.47599983215332,19.581750869750977,27580000,0.0,0.0,AVGO
2018-05-15 00:00:00-04:00,24.231000900268555,24.444000244140625,23.850000381469727,24.158000946044922,19.32733726501465,24984000,0.0,0.0,AVGO
2018-05-16 00:00:00-04:00,24.214000701904297,24.22100067138672,23.89900016784668,24.051000595092773,19.241731643676758,29330000,0.0,0.0,AVGO
2018-05-17 00:00:00-04:00,23.812000274658203,24.166000366210938,23.799999237060547,23.94499969482422,19.156923294067383,22825000,0.0,0.0,AVGO
2018-05-18 00:00:00-04:00,23.986000061035156,24.062000274658203,23.58799934387207,23.599000930786133,18.88011360168457,25262000,0.0,0.0,AVGO
2018-05-21 00:00:00-04:00,23.945999145507812,24.049999237060547,23.66699981689453,23.905000686645508,19.124929428100586,25720000,0.0,0.0,AVGO
2018-05-22 00:00:00-04:00,24.02400016784668,24.136999130249023,23.757999420166016,23.849000930786133,19.08012580871582,19218000,0.0,0.0,AVGO
2018-05-23 00:00:00-04:00,23.62299919128418,24.062999725341797,23.60300064086914,24.055999755859375,19.245731353759766,23454000,0.0,0.0,AVGO
2018-05-24 00:00:00-04:00,24.086000442504883,24.43600082397461,24.0,24.35300064086914,19.48335075378418,22799000,0.0,0.0,AVGO
2018-05-25 00:00:00-04:00,24.40399932861328,25.06800079345703,24.40399932861328,25.003000259399414,20.00337028503418,32214000,0.0,0.0,AVGO
2018-05-29 00:00:00-04:00,24.86400032043457,25.111000061035156,24.847000122070312,24.9689998626709,19.97616958618164,28281000,0.0,0.0,AVGO
2018-05-30 00:00:00-04:00,25.118000030517578,25.202999114990234,24.933000564575195,24.940000534057617,19.952970504760742,26844000,0.0,0.0,AVGO
2018-05-31 00:00:00-04:00,24.926000595092773,25.52899932861328,24.899999618530273,25.207000732421875,20.166574478149414,34698000,0.0,0.0,AVGO
2018-06-01 00:00:00-04:00,25.437000274658203,25.770000457763672,25.253999710083008,25.634000778198242,20.508193969726562,26360000,0.0,0.0,AVGO
2018-06-04 00:00:00-04:00,25.799999237060547,25.93600082397461,25.62299919128418,25.836999893188477,20.67059898376465,25886000,0.0,0.0,AVGO
2018-06-05 00:00:00-04:00,25.945999145507812,26.135000228881836,25.804000854492188,25.926000595092773,20.741802215576172,42374000,0.0,0.0,AVGO
2018-06-06 00:00:00-04:00,26.073999404907227,26.378000259399414,25.97100067138672,26.351999282836914,21.082624435424805,37465000,0.0,0.0,AVGO
2018-06-07 00:00:00-04:00,26.299999237060547,26.648000717163086,26.29199981689453,26.468000411987305,21.175426483154297,46077000,0.0,0.0,AVGO
2018-06-08 00:00:00-04:00,25.673999786376953,25.993000030517578,25.374000549316406,25.797000885009766,20.638599395751953,73694000,0.0,0.0,AVGO
2018-06-11 00:00:00-04:00,25.785999298095703,26.18000030517578,25.631999969482422,26.08300018310547,20.86741065979004,31859000,0.0,0.0,AVGO
2018-06-12 00:00:00-04:00,26.033000946044922,26.17300033569336,25.84000015258789,26.14299964904785,20.9154109954834,27594000,0.0,0.0,AVGO
2018-06-13 00:00:00-04:00,26.176000595092773,26.60700035095215,26.070999145507812,26.357999801635742,21.08742332458496,34868000,0.0,0.0,AVGO
2018-06-14 00:00:00-04:00,26.5,26.906999588012695,26.40999984741211,26.84600067138672,21.47784423828125,37042000,0.0,0.0,AVGO
2018-06-15 00:00:00-04:00,27.003999710083008,27.180999755859375,26.632999420166016,27.023000717163086,21.619447708129883,60969000,0.0,0.0,AVGO
2018-06-18 00:00:00-04:00,26.899999618530273,26.899999618530273,26.42300033569336,26.450000762939453,21.161026000976562,30191000,0.0,0.0,AVGO
2018-06-19 00:00:00-04:00,25.600000381469727,26.113000869750977,25.415000915527344,26.094999313354492,21.156972885131836,36221000,0.35,0.0,AVGO
2018-06-20 00:00:00-04:00,26.149999618530273,26.402000427246094,26.073999404907227,26.121999740600586,21.17886734008789,24951000,0.0,0.0,AVGO
2018-06-21 00:00:00-04:00,26.158000946044922,26.256999969482422,25.8439998626709,25.96500015258789,21.05157470703125,18186000,0.0,0.0,AVGO
2018-06-22 00:00:00-04:00,26.118000030517578,26.149999618530273,25.895999908447266,25.97100067138672,21.056442260742188,52412000,0.0,0.0,AVGO
2018-06-25 00:00:00-04:00,25.642000198364258,25.642000198364258,25.042999267578125,25.242000579833984,20.46538734436035,29705000,0.0,0.0,AVGO
2018-06-26 00:00:00-04:00,25.299999237060547,25.461000442504883,25.05500030517578,25.15399932861328,20.394039154052734,24233000,0.0,0.0,AVGO
2018-06-27 00:00:00-04:00,25.208999633789062,25.516000747680664,24.684999465942383,24.711000442504883,20.03487205505371,24720000,0.0,0.0,AVGO
2018-06-28 00:00:00-04:00,24.628000259399414,24.73200035095215,24.226999282836914,24.489999771118164,19.855688095092773,33238000,0.0,0.0,AVGO
2018-06-29 00:00:00-04:00,24.69499969482422,24.69499969482422,24.256999969482422,24.263999938964844,19.672454833984375,42794000,0.0,0.0,AVGO
2018-07-02 00:00:00-04:00,24.009000778198242,24.222000122070312,23.742000579833984,24.204999923706055,19.62462615966797,33369000,0.0,0.0,AVGO
2018-07-03 00:00:00-04:00,24.336000442504883,24.339000701904297,23.899999618530273,23.929000854492188,19.400848388671875,11591000,0.0,0.0,AVGO
2018-07-05 00:00:00-04:00,24.179000854492188,24.56100082397461,24.06800079345703,24.540000915527344,19.896228790283203,25299000,0.0,0.0,AVGO
2018-07-06 00:00:00-04:00,24.489999771118164,24.860000610351562,24.441999435424805,24.76799964904785,20.081083297729492,23112000,0.0,0.0,AVGO
2018-07-09 00:00:00-04:00,24.899999618530273,24.92300033569336,24.55299949645996,24.743000030517578,20.060813903808594,17955000,0.0,0.0,AVGO
2018-07-10 00:00:00-04:00,24.833999633789062,25.18000030517578,24.704999923706055,25.055999755859375,20.31458282470703,16413000,0.0,0.0,AVGO
2018-07-11 00:00:00-04:00,24.4950008392334,24.753999710083008,24.26099967956543,24.3439998626709,19.737316131591797,35761000,0.0,0.0,AVGO
2018-07-12 00:00:00-04:00,20.70800018310547,21.027999877929688,19.746000289916992,20.99799919128418,17.024492263793945,435083000,0.0,0.0,AVGO
2018-07-13 00:00:00-04:00,21.25,21.399999618530273,20.190000534057617,20.246000289916992,16.414793014526367,161678000,0.0,0.0,AVGO
2018-07-16 00:00:00-04:00,20.15999984741211,20.63800048828125,20.05299949645996,20.325000762939453,16.478837966918945,102277000,0.0,0.0,AVGO
2018-07-17 00:00:00-04:00,20.22100067138672,20.909000396728516,20.201000213623047,20.83099937438965,16.88909339904785,110827000,0.0,0.0,AVGO
2018-07-18 00:00:00-04:00,20.722000122070312,20.988000869750977,20.663000106811523,20.878000259399414,16.927200317382812,80834000,0.0,0.0,AVGO
2018-07-19 00:00:00-04:00,20.82900047302246,21.148000717163086,20.804000854492188,21.03700065612793,17.056106567382812,63247000,0.0,0.0,AVGO
2018-07-20 00:00:00-04:00,21.010000228881836,21.121000289916992,20.875999450683594,21.033000946044922,17.05286407470703,62893000,0.0,0.0,AVGO
2018-07-23 00:00:00-04:00,21.041000366210938,21.86400032043457,21.040000915527344,21.672000885009766,17.570951461791992,82211000,0.0,0.0,AVGO
2018-07-24 00:00:00-04:00,21.780000686645508,22.038999557495117,21.600000381469727,21.733999252319336,17.6212158203125,81158000,0.0,0.0,AVGO
2018-07-25 00:00:00-04:00,21.770999908447266,22.864999771118164,21.770999908447266,22.597000122070312,18.320903778076172,92271000,0.0,0.0,AVGO
2018-07-26 00:00:00-04:00,22.649999618530273,22.976999282836914,22.156999588012695,22.31800079345703,18.094703674316406,85069000,0.0,0.0,AVGO
2018-07-27 00:00:00-04:00,22.400999069213867,22.929000854492188,22.006999969482422,22.104999542236328,17.92201042175293,79443000,0.0,0.0,AVGO
2018-07-30 00:00:00-04:00,22.111000061035156,22.802000045776367,22.104999542236328,22.518999099731445,18.257661819458008,75275000,0.0,0.0,AVGO
2018-07-31 00:00:00-04:00,22.667999267578125,22.884000778198242,22.15399932861328,22.177000045776367,17.980390548706055,63860000,0.0,0.0,AVGO
2018-08-01 00:00:00-04:00,22.326000213623047,22.393999099731445,21.6200008392334,21.68000030517578,17.577428817749023,42669000,0.0,0.0,AVGO
2018-08-02 00:00:00-04:00,21.427000045776367,21.826000213623047,21.325000762939453,21.635000228881836,17.540950775146484,40312000,0.0,0.0,AVGO
2018-08-03 00:00:00-04:00,21.575000762939453,21.799999237060547,21.440000534057617,21.7810001373291,17.659317016601562,24832000,0.0,0.0,AVGO
2018-08-06 00:00:00-04:00,21.663000106811523,21.83099937438965,21.586000442504883,21.69499969482422,17.58959197998047,22638000,0.0,0.0,AVGO
2018-08-07 00:00:00-04:00,21.922000885009766,22.18400001525879,21.714000701904297,22.0310001373291,17.862014770507812,29798000,0.0,0.0,AVGO
2018-08-08 00:00:00-04:00,22.054000854492188,22.12299919128418,21.895000457763672,21.945999145507812,17.7930965423584,15801000,0.0,0.0,AVGO
2018-08-09 00:00:00-04:00,22.014999389648438,22.024999618530273,21.5939998626709,21.658000946044922,17.559598922729492,27563000,0.0,0.0,AVGO
2018-08-10 00:00:00-04:00,21.2810001373291,21.447999954223633,21.04599952697754,21.222999572753906,17.206911087036133,37017000,0.0,0.0,AVGO
2018-08-13 00:00:00-04:00,21.165000915527344,21.398000717163086,21.045000076293945,21.107999801635742,17.11367416381836,29842000,0.0,0.0,AVGO
2018-08-14 00:00:00-04:00,21.158000946044922,21.158000946044922,20.68400001525879,20.729999542236328,16.807201385498047,36327000,0.0,0.0,AVGO
2018-08-15 00:00:00-04:00,20.51300048828125,20.757999420166016,20.277000427246094,20.658000946044922,16.748828887939453,41132000,0.0,0.0,AVGO
2018-08-16 00:00:00-04:00,20.777000427246094,20.88599967956543,20.66900062561035,20.868999481201172,16.919904708862305,29239000,0.0,0.0,AVGO
2018-08-17 00:00:00-04:00,20.797000885009766,21.118999481201172,20.551000595092773,20.927000045776367,16.96692657470703,39093000,0.0,0.0,AVGO
2018-08-20 00:00:00-04:00,20.947999954223633,21.0,20.586000442504883,20.672000885009766,16.76017951965332,54489000,0.0,0.0,AVGO
2018-08-21 00:00:00-04:00,20.75200080871582,21.143999099731445,20.711000442504883,21.051000595092773,17.06746482849121,29952000,0.0,0.0,AVGO
2018-08-22 00:00:00-04:00,21.045000076293945,21.17099952697754,20.743000030517578,20.753999710083008,16.82666015625,26890000,0.0,0.0,AVGO
2018-08-23 00:00:00-04:00,20.773000717163086,20.908000946044922,20.527999877929688,20.55900001525879,16.66855812072754,35578000,0.0,0.0,AVGO
2018-08-24 00:00:00-04:00,20.635000228881836,20.927000045776367,20.468000411987305,20.899999618530273,16.945039749145508,20541000,0.0,0.0,AVGO
2018-08-27 00:00:00-04:00,21.024999618530273,21.437000274658203,20.863000869750977,21.297000885009766,17.26691246032715,28213000,0.0,0.0,AVGO
2018-08-28 00:00:00-04:00,21.46299934387207,21.59600067138672,21.256999969482422,21.44300079345703,17.38528060913086,24340000,0.0,0.0,AVGO
2018-08-29 00:00:00-04:00,21.481000900268555,21.579999923706055,21.344999313354492,21.499000549316406,17.43069076538086,18125000,0.0,0.0,AVGO
2018-08-30 00:00:00-04:00,21.496999740600586,21.694000244140625,21.461000442504883,21.665000915527344,17.565277099609375,26529000,0.0,0.0,AVGO
2018-08-31 00:00:00-04:00,21.60300064086914,21.93199920654297,21.584999084472656,21.902999877929688,17.75823211669922,27623000,0.0,0.0,AVGO
2018-09-04 00:00:00-04:00,21.858999252319336,22.02899932861328,21.71299934387207,21.94300079345703,17.790666580200195,36663000,0.0,0.0,AVGO
2018-09-05 00:00:00-04:00,21.9950008392334,22.18000030517578,21.95800018310547,22.142000198364258,17.952007293701172,37194000,0.0,0.0,AVGO
2018-09-06 00:00:00-04:00,22.149999618530273,22.281999588012695,21.392000198364258,21.597000122070312,17.510143280029297,62509000,0.0,0.0,AVGO
2018-09-07 00:00:00-04:00,22.420000076293945,23.541000366210938,22.399999618530273,23.257999420166016,18.856826782226562,104703000,0.0,0.0,AVGO
2018-09-10 00:00:00-04:00,23.465999603271484,24.094999313354492,23.204999923706055,24.06100082397461,19.507869720458984,60880000,0.0,0.0,AVGO
2018-09-11 00:00:00-04:00,23.770000457763672,23.969999313354492,23.040000915527344,23.2549991607666,18.854393005371094,60755000,0.0,0.0,AVGO
2018-09-12 00:00:00-04:00,22.809999465942383,23.084999084472656,22.283000946044922,22.98900032043457,18.638729095458984,53077000,0.0,0.0,AVGO
2018-09-13 00:00:00-04:00,23.368999481201172,23.922000885009766,23.11199951171875,23.54199981689453,19.087085723876953,43757000,0.0,0.0,AVGO
2018-09-14 00:00:00-04:00,23.516000747680664,23.708999633789062,23.368999481201172,23.634000778198242,19.161672592163086,28095000,0.0,0.0,AVGO
2018-09-17 00:00:00-04:00,24.0,24.030000686645508,23.430999755859375,23.482999801635742,19.039247512817383,36739000,0.0,0.0,AVGO
2018-09-18 00:00:00-04:00,23.5,24.139999389648438,23.48699951171875,23.972999572753906,19.58245277404785,50511000,0.175,0.0,AVGO
2018-09-19 00:00:00-04:00,24.047000885009766,24.249000549316406,23.976999282836914,24.179000854492188,19.7507266998291,31160000,0.0,0.0,AVGO
2018-09-20 00:00:00-04:00,24.298999786376953,24.604000091552734,24.172000885009766,24.493000030517578,20.00722312927246,39986000,0.0,0.0,AVGO
2018-09-21 00:00:00-04:00,24.632999420166016,24.87700080871582,24.51799964904785,24.809999465942383,20.26616096496582,135321000,0.0,0.0,AVGO
2018-09-24 00:00:00-04:00,24.80500030517578,25.010000228881836,24.731000900268555,24.94499969482422,20.37643814086914,45326000,0.0,0.0,AVGO
2018-09-25 00:00:00-04:00,24.898000717163086,24.934999465942383,24.579999923706055,24.764999389648438,20.229406356811523,47037000,0.0,0.0,AVGO
2018-09-26 00:00:00-04:00,24.56399917602539,24.80500030517578,24.479999542236328,24.542999267578125,20.048059463500977,33428000,0.0,0.0,AVGO
2018-09-27 00:00:00-04:00,24.569000244140625,24.788000106811523,24.490999221801758,24.645000457763672,20.131380081176758,29572000,0.0,0.0,AVGO
2018-09-28 00:00:00-04:00,24.554000854492188,24.69700050354004,24.385000228881836,24.67300033569336,20.154258728027344,26739000,0.0,0.0,AVGO
2018-10-01 00:00:00-04:00,24.788000106811523,25.214000701904297,24.767000198364258,24.951000213623047,20.381332397460938,27709000,0.0,0.0,AVGO
2018-10-02 00:00:00-04:00,24.913999557495117,25.17099952697754,24.79199981689453,24.809999465942383,20.26616096496582,24888000,0.0,0.0,AVGO
2018-10-03 00:00:00-04:00,24.881000518798828,25.132999420166016,24.70400047302246,24.941999435424805,20.373991012573242,19607000,0.0,0.0,AVGO
2018-10-04 00:00:00-04:00,24.666000366210938,24.972999572753906,24.6200008392334,24.816999435424805,20.271881103515625,25660000,0.0,0.0,AVGO
2018-10-05 00:00:00-04:00,24.839000701904297,25.0049991607666,24.239999771118164,24.42300033569336,19.95003890991211,33860000,0.0,0.0,AVGO
2018-10-08 00:00:00-04:00,24.33099937438965,24.54199981689453,24.038000106811523,24.136999130249023,19.716419219970703,33397000,0.0,0.0,AVGO
2018-10-09 00:00:00-04:00,24.05900001525879,24.572999954223633,24.03700065612793,24.469999313354492,19.988428115844727,24675000,0.0,0.0,AVGO
2018-10-10 00:00:00-04:00,24.292999267578125,24.506999969482422,23.163999557495117,23.183000564575195,18.9371395111084,56327000,0.0,0.0,AVGO
2018-10-11 00:00:00-04:00,23.19700050354004,23.559999465942383,22.7189998626709,22.889999389648438,18.697803497314453,37424000,0.0,0.0,AVGO
2018-10-12 00:00:00-04:00,23.47599983215332,23.566999435424805,22.910999298095703,23.295000076293945,19.028627395629883,32589000,0.0,0.0,AVGO
2018-10-15 00:00:00-04:00,23.10300064086914,23.533000946044922,23.003999710083008,23.246999740600586,18.989423751831055,30099000,0.0,0.0,AVGO
2018-10-16 00:00:00-04:00,23.600000381469727,23.875999450683594,23.417999267578125,23.832000732421875,19.46727752685547,30355000,0.0,0.0,AVGO
2018-10-17 00:00:00-04:00,23.974000930786133,23.974000930786133,23.392000198364258,23.716999053955078,19.373342514038086,20262000,0.0,0.0,AVGO
2018-10-18 00:00:00-04:00,23.542999267578125,23.68199920654297,22.652999877929688,22.802000045776367,18.62592315673828,37442000,0.0,0.0,AVGO
2018-10-19 00:00:00-04:00,23.0,23.108999252319336,22.69300079345703,22.827999114990234,18.647151947021484,32231000,0.0,0.0,AVGO
2018-10-22 00:00:00-04:00,23.055999755859375,23.243000030517578,22.804000854492188,22.86199951171875,18.674930572509766,25619000,0.0,0.0,AVGO
2018-10-23 00:00:00-04:00,22.2810001373291,22.95400047302246,21.881999969482422,22.905000686645508,18.71005630493164,35990000,0.0,0.0,AVGO
2018-10-24 00:00:00-04:00,22.639999389648438,22.641000747680664,21.784000396728516,21.871000289916992,17.86543083190918,37810000,0.0,0.0,AVGO
2018-10-25 00:00:00-04:00,21.988000869750977,22.339000701904297,21.915000915527344,22.224000930786133,18.153776168823242,35193000,0.0,0.0,AVGO
2018-10-26 00:00:00-04:00,21.55699920654297,21.733999252319336,20.920000076293945,21.315000534057617,17.4112606048584,53324000,0.0,0.0,AVGO
2018-10-29 00:00:00-04:00,21.618999481201172,21.868999481201172,20.822999954223633,21.149999618530273,17.27647590637207,28636000,0.0,0.0,AVGO
2018-10-30 00:00:00-04:00,21.378000259399414,22.1560001373291,21.100000381469727,22.10099983215332,18.053298950195312,29697000,0.0,0.0,AVGO
2018-10-31 00:00:00-04:00,22.5,22.566999435424805,22.17099952697754,22.349000930786133,18.255882263183594,28146000,0.0,0.0,AVGO
2018-11-01 00:00:00-04:00,22.516000747680664,23.42300033569336,22.371999740600586,22.988000869750977,18.77785301208496,36830000,0.0,0.0,AVGO
2018-11-02 00:00:00-04:00,22.533000946044922,22.597000122070312,21.774999618530273,22.07699966430664,18.0336971282959,40241000,0.0,0.0,AVGO
2018-11-05 00:00:00-05:00,21.902000427246094,22.110000610351562,21.371000289916992,22.009000778198242,17.97815704345703,27609000,0.0,0.0,AVGO
2018-11-06 00:00:00-05:00,22.030000686645508,22.916000366210938,21.972000122070312,22.825000762939453,18.644697189331055,29464000,0.0,0.0,AVGO
2018-11-07 00:00:00-05:00,23.198999404907227,23.52899932861328,22.92099952697754,23.440000534057617,19.147071838378906,29004000,0.0,0.0,AVGO
2018-11-08 00:00:00-05:00,23.270999908447266,24.261999130249023,23.270999908447266,24.024999618530273,19.62493133544922,29796000,0.0,0.0,AVGO
2018-11-09 00:00:00-05:00,23.5,23.902000427246094,23.253999710083008,23.89900016784668,19.522010803222656,33611000,0.0,0.0,AVGO
2018-11-12 00:00:00-05:00,23.100000381469727,23.187000274658203,22.027999877929688,22.363000869750977,18.26732063293457,50306000,0.0,0.0,AVGO
2018-11-13 00:00:00-05:00,22.548999786376953,22.98200035095215,22.23200035095215,22.482999801635742,18.365339279174805,26697000,0.0,0.0,AVGO
2018-11-14 00:00:00-05:00,22.676000595092773,23.05299949645996,22.562000274658203,22.6200008392334,18.477256774902344,25411000,0.0,0.0,AVGO
2018-11-15 00:00:00-05:00,22.621999740600586,23.930999755859375,22.586000442504883,23.634000778198242,19.305543899536133,36694000,0.0,0.0,AVGO
2018-11-16 00:00:00-05:00,23.381999969482422,23.920000076293945,23.165000915527344,23.76099967956543,19.409282684326172,36005000,0.0,0.0,AVGO
2018-11-19 00:00:00-05:00,23.652999877929688,24.107999801635742,22.854000091552734,22.913000106811523,18.716585159301758,35326000,0.0,0.0,AVGO
2018-11-20 00:00:00-05:00,22.393999099731445,22.908000946044922,22.257999420166016,22.770999908447266,18.600597381591797,32123000,0.0,0.0,AVGO
2018-11-21 00:00:00-05:00,23.02199935913086,23.33099937438965,22.750999450683594,23.0,18.787660598754883,19926000,0.0,0.0,AVGO
2018-11-23 00:00:00-05:00,22.757999420166016,23.268999099731445,22.757999420166016,22.989999771118164,18.77949333190918,8066000,0.0,0.0,AVGO
2018-11-26 00:00:00-05:00,23.422000885009766,23.815000534057617,23.155000686645508,23.5310001373291,19.221406936645508,28714000,0.0,0.0,AVGO
2018-11-27 00:00:00-05:00,23.357999801635742,23.836999893188477,23.242000579833984,23.58300018310547,19.26388168334961,30406000,0.0,0.0,AVGO
2018-11-28 00:00:00-05:00,23.649999618530273,23.799999237060547,23.16200065612793,23.52199935913086,19.21405792236328,31080000,0.0,0.0,AVGO
2018-11-29 00:00:00-05:00,23.427000045776367,23.863000869750977,23.275999069213867,23.577999114990234,19.259801864624023,17920000,0.0,0.0,AVGO
2018-11-30 00:00:00-05:00,23.540000915527344,23.827999114990234,23.339000701904297,23.740999221801758,19.3929443359375,40083000,0.0,0.0,AVGO
2018-12-03 00:00:00-05:00,24.520000457763672,24.70400047302246,24.14699935913086,24.207000732421875,19.77359962463379,35241000,0.0,0.0,AVGO
2018-12-04 00:00:00-05:00,24.048999786376953,24.113000869750977,23.158000946044922,23.20400047302246,18.95429039001465,36455000,0.0,0.0,AVGO
2018-12-06 00:00:00-05:00,22.624000549316406,22.725000381469727,21.76099967956543,22.724000930786133,18.562204360961914,57859000,0.0,0.0,AVGO
2018-12-07 00:00:00-05:00,23.405000686645508,23.827999114990234,22.450000762939453,22.856000900268555,18.670028686523438,78396000,0.0,0.0,AVGO
2018-12-10 00:00:00-05:00,22.795000076293945,24.031999588012695,22.650999069213867,23.924999237060547,19.543245315551758,43344000,0.0,0.0,AVGO
2018-12-11 00:00:00-05:00,24.34600067138672,25.034000396728516,24.341999053955078,24.68400001525879,20.163240432739258,57730000,0.0,0.0,AVGO
2018-12-12 00:00:00-05:00,25.243999481201172,26.018999099731445,25.200000762939453,25.49799919128418,20.828155517578125,68703000,0.0,0.0,AVGO
2018-12-13 00:00:00-05:00,25.84600067138672,26.149999618530273,25.45800018310547,25.829999923706055,21.099353790283203,54355000,0.0,0.0,AVGO
2018-12-14 00:00:00-05:00,25.535999298095703,26.159000396728516,25.46299934387207,25.482999801635742,20.81590461730957,42727000,0.0,0.0,AVGO
2018-12-17 00:00:00-05:00,25.39900016784668,26.131999969482422,25.308000564575195,25.413000106811523,20.758729934692383,56238000,0.0,0.0,AVGO
2018-12-18 00:00:00-05:00,25.507999420166016,25.55900001525879,24.881000518798828,24.966999053955078,20.609312057495117,51849000,0.265,0.0,AVGO
2018-12-19 00:00:00-05:00,24.899999618530273,25.593000411987305,24.25200080871582,24.388999938964844,20.1322021484375,59728000,0.0,0.0,AVGO
2018-12-20 00:00:00-05:00,24.440000534057617,24.850000381469727,23.844999313354492,24.18899917602539,19.967105865478516,75365000,0.0,0.0,AVGO
2018-12-21 00:00:00-05:00,24.18899917602539,25.173999786376953,24.18899917602539,24.490999221801758,20.216394424438477,102138000,0.0,0.0,AVGO
2018-12-24 00:00:00-05:00,24.200000762939453,24.3700008392334,23.35099983215332,23.3799991607666,19.299306869506836,28494000,0.0,0.0,AVGO
2018-12-26 00:00:00-05:00,23.777999877929688,24.850000381469727,23.350000381469727,24.81399917602539,20.48301887512207,36741000,0.0,0.0,AVGO
2018-12-27 00:00:00-05:00,24.5,25.12299919128418,24.214000701904297,25.084999084472656,20.70671844482422,37507000,0.0,0.0,AVGO
2018-12-28 00:00:00-05:00,25.299999237060547,25.805999755859375,25.115999221801758,25.358999252319336,20.932903289794922,28702000,0.0,0.0,AVGO
2018-12-31 00:00:00-05:00,25.783000946044922,25.850000381469727,25.094999313354492,25.42799949645996,20.989856719970703,26590000,0.0,0.0,AVGO
2019-01-02 00:00:00-05:00,24.885000228881836,25.469999313354492,24.64900016784668,25.35099983215332,20.926292419433594,30346000,0.0,0.0,AVGO
2019-01-03 00:00:00-05:00,24.45599937438965,24.65399932861328,23.033000946044922,23.09600067138672,19.06487464904785,68580000,0.0,0.0,AVGO
2019-01-04 00:00:00-05:00,23.429000854492188,23.645000457763672,23.16699981689453,23.322999954223633,19.252260208129883,54248000,0.0,0.0,AVGO
2019-01-07 00:00:00-05:00,23.364999771118164,24.02400016784668,23.076000213623047,23.79800033569336,19.64434814453125,53433000,0.0,0.0,AVGO
2019-01-08 00:00:00-05:00,24.01099967956543,24.190000534057617,23.336999893188477,23.60700035095215,19.486690521240234,36795000,0.0,0.0,AVGO
2019-01-09 00:00:00-05:00,23.841999053955078,24.667999267578125,23.78499984741211,24.628000259399414,20.329486846923828,52971000,0.0,0.0,AVGO
2019-01-10 00:00:00-05:00,24.55699920654297,25.05699920654297,24.43600082397461,24.95199966430664,20.59693717956543,29594000,0.0,0.0,AVGO
2019-01-11 00:00:00-05:00,24.94300079345703,25.29199981689453,24.93199920654297,25.05699920654297,20.68360710144043,20158000,0.0,0.0,AVGO
2019-01-14 00:00:00-05:00,24.81100082397461,25.158000946044922,24.59000015258789,25.086999893188477,20.708372116088867,25498000,0.0,0.0,AVGO
2019-01-15 00:00:00-05:00,25.275999069213867,26.222000122070312,25.201000213623047,25.64900016784668,21.172285079956055,39247000,0.0,0.0,AVGO
2019-01-16 00:00:00-05:00,25.719999313354492,25.735000610351562,25.13599967956543,25.170000076293945,20.776885986328125,24484000,0.0,0.0,AVGO
2019-01-17 00:00:00-05:00,25.006000518798828,25.735000610351562,24.871999740600586,25.533000946044922,21.07653045654297,35154000,0.0,0.0,AVGO
2019-01-18 00:00:00-05:00,25.913000106811523,26.194000244140625,25.700000762939453,26.082000732421875,21.529706954956055,34634000,0.0,0.0,AVGO
2019-01-22 00:00:00-05:00,25.799999237060547,25.945999145507812,25.489999771118164,25.82900047302246,21.320865631103516,37156000,0.0,0.0,AVGO
2019-01-23 00:00:00-05:00,25.95400047302246,26.090999603271484,25.364999771118164,25.75200080871582,21.257308959960938,31771000,0.0,0.0,AVGO
2019-01-24 00:00:00-05:00,26.108999252319336,26.674999237060547,26.0,26.354999542236328,21.75505828857422,35999000,0.0,0.0,AVGO
2019-01-25 00:00:00-05:00,26.517000198364258,26.83099937438965,26.090999603271484,26.79400062561035,22.1174373626709,30333000,0.0,0.0,AVGO
2019-01-28 00:00:00-05:00,26.1560001373291,26.885000228881836,25.864999771118164,26.761999130249023,22.091026306152344,31320000,0.0,0.0,AVGO
2019-01-29 00:00:00-05:00,26.735000610351562,26.760000228881836,26.382999420166016,26.631999969482422,21.98371124267578,27870000,0.0,0.0,AVGO
2019-01-30 00:00:00-05:00,27.0,27.375,26.73699951171875,27.082000732421875,22.355165481567383,28727000,0.0,0.0,AVGO
2019-01-31 00:00:00-05:00,27.055999755859375,27.100000381469727,26.635000228881836,26.825000762939453,22.143024444580078,21063000,0.0,0.0,AVGO
2019-02-01 00:00:00-05:00,26.915000915527344,26.959999084472656,26.48900032043457,26.680999755859375,22.024160385131836,22878000,0.0,0.0,AVGO
2019-02-04 00:00:00-05:00,26.75,27.214000701904297,26.4950008392334,27.211999893188477,22.462480545043945,20761000,0.0,0.0,AVGO
2019-02-05 00:00:00-05:00,27.195999145507812,27.46299934387207,26.990999221801758,27.0,22.2874813079834,22619000,0.0,0.0,AVGO
2019-02-06 00:00:00-05:00,27.32699966430664,28.0,27.274999618530273,27.621000289916992,22.800092697143555,27064000,0.0,0.0,AVGO
2019-02-07 00:00:00-05:00,27.285999298095703,27.457000732421875,26.6299991607666,26.909000396728516,22.212366104125977,28646000,0.0,0.0,AVGO
2019-02-08 00:00:00-05:00,26.732999801635742,27.429000854492188,26.70599937438965,27.4060001373291,22.622615814208984,23903000,0.0,0.0,AVGO
2019-02-11 00:00:00-05:00,27.440000534057617,27.600000381469727,27.327999114990234,27.57200050354004,22.7596435546875,18012000,0.0,0.0,AVGO
2019-02-12 00:00:00-05:00,27.864999771118164,28.038999557495117,27.70599937438965,27.93899917602539,23.062591552734375,19809000,0.0,0.0,AVGO
2019-02-13 00:00:00-05:00,28.0,28.215999603271484,27.797000885009766,28.131999969482422,23.221899032592773,19190000,0.0,0.0,AVGO
2019-02-14 00:00:00-05:00,28.059999465942383,28.284000396728516,27.895000457763672,28.149999618530273,23.236766815185547,16015000,0.0,0.0,AVGO
2019-02-15 00:00:00-05:00,28.409000396728516,28.409000396728516,27.878999710083008,28.19300079345703,23.272258758544922,17352000,0.0,0.0,AVGO
2019-02-19 00:00:00-05:00,28.114999771118164,28.283000946044922,28.014999389648438,28.166000366210938,23.24997329711914,15152000,0.0,0.0,AVGO
2019-02-20 00:00:00-05:00,28.325000762939453,28.663000106811523,28.22800064086914,28.341999053955078,23.39525032043457,16150000,0.0,0.0,AVGO
2019-02-21 00:00:00-05:00,28.323999404907227,28.334999084472656,27.89299964904785,28.0939998626709,23.190540313720703,13254000,0.0,0.0,AVGO
2019-02-22 00:00:00-05:00,27.9950008392334,28.0,27.465999603271484,27.649999618530273,22.82402992248535,27225000,0.0,0.0,AVGO
2019-02-25 00:00:00-05:00,28.077999114990234,28.08300018310547,27.847999572753906,27.860000610351562,22.99737548828125,19245000,0.0,0.0,AVGO
2019-02-26 00:00:00-05:00,27.792999267578125,27.801000595092773,27.44499969482422,27.5,22.700214385986328,27211000,0.0,0.0,AVGO
2019-02-27 00:00:00-05:00,27.32200050354004,27.510000228881836,26.95800018310547,27.14900016784668,22.410476684570312,29146000,0.0,0.0,AVGO
2019-02-28 00:00:00-05:00,26.996999740600586,27.570999145507812,26.863000869750977,27.535999298095703,22.72992706298828,31460000,0.0,0.0,AVGO
2019-03-01 00:00:00-05:00,27.773000717163086,27.81599998474121,27.113000869750977,27.274999618530273,22.51448631286621,19035000,0.0,0.0,AVGO
2019-03-04 00:00:00-05:00,27.5,27.658000946044922,27.086000442504883,27.48900032043457,22.691133499145508,17382000,0.0,0.0,AVGO
2019-03-05 00:00:00-05:00,27.549999237060547,28.04400062561035,27.452999114990234,27.701000213623047,22.866127014160156,21699000,0.0,0.0,AVGO
2019-03-06 00:00:00-05:00,27.666000366210938,27.69300079345703,27.04800033569336,27.135000228881836,22.398914337158203,19973000,0.0,0.0,AVGO
2019-03-07 00:00:00-05:00,27.01799964904785,27.033000946044922,26.408000946044922,26.551000595092773,21.916852951049805,25411000,0.0,0.0,AVGO
2019-03-08 00:00:00-05:00,26.1560001373291,26.47599983215332,25.920000076293945,26.41900062561035,21.807889938354492,22167000,0.0,0.0,AVGO
2019-03-11 00:00:00-04:00,26.48900032043457,27.05500030517578,26.405000686645508,26.9060001373291,22.20988655090332,27161000,0.0,0.0,AVGO
2019-03-12 00:00:00-04:00,26.97599983215332,27.003000259399414,26.427000045776367,26.96299934387207,22.256935119628906,23324000,0.0,0.0,AVGO
2019-03-13 00:00:00-04:00,27.051000595092773,27.308000564575195,26.902000427246094,27.121000289916992,22.387359619140625,32089000,0.0,0.0,AVGO
2019-03-14 00:00:00-04:00,27.208999633789062,27.22599983215332,26.788999557495117,26.81999969482422,22.138896942138672,43094000,0.0,0.0,AVGO
2019-03-15 00:00:00-04:00,28.645999908447266,29.954999923706055,28.350000381469727,29.02899932861328,23.96234130859375,144066000,0.0,0.0,AVGO
2019-03-18 00:00:00-04:00,29.023000717163086,29.697999954223633,29.020999908447266,29.384000778198242,24.255380630493164,56746000,0.0,0.0,AVGO
2019-03-19 00:00:00-04:00,29.416000366210938,30.097999572753906,29.410999298095703,29.930999755859375,24.706907272338867,51556000,0.0,0.0,AVGO
2019-03-20 00:00:00-04:00,29.799999237060547,29.899999618530273,29.02899932861328,29.10300064086914,24.238025665283203,41263000,0.265,0.0,AVGO
2019-03-21 00:00:00-04:00,29.187999725341797,29.937000274658203,29.100000381469727,29.68000030517578,24.71857261657715,27379000,0.0,0.0,AVGO
2019-03-22 00:00:00-04:00,29.591999053955078,29.643999099731445,29.139999389648438,29.264999389648438,24.372941970825195,23307000,0.0,0.0,AVGO
2019-03-25 00:00:00-04:00,29.219999313354492,29.417999267578125,28.899999618530273,29.215999603271484,24.332134246826172,23878000,0.0,0.0,AVGO
2019-03-26 00:00:00-04:00,29.437000274658203,29.94700050354004,29.42300033569336,29.702999114990234,24.73772621154785,28009000,0.0,0.0,AVGO
2019-03-27 00:00:00-04:00,29.756999969482422,29.868000030517578,29.246000289916992,29.597000122070312,24.64944839477539,21862000,0.0,0.0,AVGO
2019-03-28 00:00:00-04:00,29.711000442504883,30.329999923706055,29.566999435424805,29.906999588012695,24.907629013061523,33030000,0.0,0.0,AVGO
2019-03-29 00:00:00-04:00,30.121999740600586,30.267000198364258,29.827999114990234,30.070999145507812,25.044206619262695,24493000,0.0,0.0,AVGO
2019-04-01 00:00:00-04:00,30.31100082397461,30.674999237060547,29.975000381469727,30.57900047302246,25.46728515625,27040000,0.0,0.0,AVGO
2019-04-02 00:00:00-04:00,30.615999221801758,30.735000610351562,30.26099967956543,30.30500030517578,25.23909568786621,22857000,0.0,0.0,AVGO
2019-04-03 00:00:00-04:00,30.621999740600586,30.739999771118164,30.18199920654297,30.420000076293945,25.334871292114258,22266000,0.0,0.0,AVGO
2019-04-04 00:00:00-04:00,30.475000381469727,30.600000381469727,30.16699981689453,30.200000762939453,25.151641845703125,15228000,0.0,0.0,AVGO
2019-04-05 00:00:00-04:00,30.399999618530273,30.444000244140625,30.18000030517578,30.42799949645996,25.34153175354004,18875000,0.0,0.0,AVGO
2019-04-08 00:00:00-04:00,30.413999557495117,30.530000686645508,30.200000762939453,30.447999954223633,25.35818862915039,13899000,0.0,0.0,AVGO
2019-04-09 00:00:00-04:00,30.257999420166016,30.410999298095703,30.02899932861328,30.344999313354492,25.272401809692383,11621000,0.0,0.0,AVGO
2019-04-10 00:00:00-04:00,30.360000610351562,30.777000427246094,30.299999237060547,30.750999450683594,25.610536575317383,14992000,0.0,0.0,AVGO
2019-04-11 00:00:00-04:00,30.815000534057617,31.018999099731445,30.62299919128418,30.94099998474121,25.768775939941406,16669000,0.0,0.0,AVGO
2019-04-12 00:00:00-04:00,31.135000228881836,31.743999481201172,31.05699920654297,31.702999114990234,26.403396606445312,30087000,0.0,0.0,AVGO
2019-04-15 00:00:00-04:00,31.702999114990234,31.75200080871582,31.316999435424805,31.639999389648438,26.35092544555664,16216000,0.0,0.0,AVGO
2019-04-16 00:00:00-04:00,32.0,32.000999450683594,31.610000610351562,31.850000381469727,26.525827407836914,21116000,0.0,0.0,AVGO
2019-04-17 00:00:00-04:00,32.02399826049805,32.09400177001953,31.784000396728516,32.053001403808594,26.69489097595215,18138000,0.0,0.0,AVGO
2019-04-18 00:00:00-04:00,32.104000091552734,32.244998931884766,31.81599998474121,31.86199951171875,26.53582000732422,26548000,0.0,0.0,AVGO
2019-04-22 00:00:00-04:00,31.73200035095215,31.788999557495117,31.420000076293945,31.5,26.23433494567871,13504000,0.0,0.0,AVGO
2019-04-23 00:00:00-04:00,31.676000595092773,31.80900001525879,31.41900062561035,31.56399917602539,26.287633895874023,19777000,0.0,0.0,AVGO
2019-04-24 00:00:00-04:00,31.45800018310547,31.701000213623047,31.319000244140625,31.433000564575195,26.178537368774414,23335000,0.0,0.0,AVGO
2019-04-25 00:00:00-04:00,31.295000076293945,31.295000076293945,30.656999588012695,31.18199920654297,25.969486236572266,26732000,0.0,0.0,AVGO
2019-04-26 00:00:00-04:00,30.915000915527344,31.094999313354492,30.51099967956543,31.041000366210938,25.85206413269043,16404000,0.0,0.0,AVGO
2019-04-29 00:00:00-04:00,31.124000549316406,31.466999053955078,31.04400062561035,31.27199935913086,26.044443130493164,13404000,0.0,0.0,AVGO
2019-04-30 00:00:00-04:00,31.332000732421875,31.841999053955078,31.253000259399414,31.84000015258789,26.517494201660156,18953000,0.0,0.0,AVGO
2019-05-01 00:00:00-04:00,32.04999923706055,32.31999969482422,31.868999481201172,31.889999389648438,26.559139251708984,18158000,0.0,0.0,AVGO
2019-05-02 00:00:00-04:00,31.99799919128418,32.21900177001953,31.42300033569336,31.582000732421875,26.30262565612793,20428000,0.0,0.0,AVGO
2019-05-03 00:00:00-04:00,31.4950008392334,31.665000915527344,31.069000244140625,31.570999145507812,26.293460845947266,19214000,0.0,0.0,AVGO
2019-05-06 00:00:00-04:00,30.679000854492188,31.19300079345703,30.53499984741211,31.156999588012695,25.948671340942383,14371000,0.0,0.0,AVGO
2019-05-07 00:00:00-04:00,30.864999771118164,30.961999893188477,30.37299919128418,30.729000091552734,25.592214584350586,21734000,0.0,0.0,AVGO
2019-05-08 00:00:00-04:00,30.530000686645508,30.766000747680664,30.31100082397461,30.339000701904297,25.267412185668945,15099000,0.0,0.0,AVGO
2019-05-09 00:00:00-04:00,30.0,30.584999084472656,29.684999465942383,30.4060001373291,25.323211669921875,22282000,0.0,0.0,AVGO
2019-05-10 00:00:00-04:00,30.322999954223633,30.540000915527344,29.666000366210938,30.395999908447266,25.314878463745117,21025000,0.0,0.0,AVGO
2019-05-13 00:00:00-04:00,29.381999969482422,29.56800079345703,28.81999969482422,29.33799934387207,24.433738708496094,37864000,0.0,0.0,AVGO
2019-05-14 00:00:00-04:00,29.569000244140625,30.459999084472656,29.54800033569336,30.200000762939453,25.151641845703125,34277000,0.0,0.0,AVGO
2019-05-15 00:00:00-04:00,30.027000427246094,30.777000427246094,29.861000061035156,30.437000274658203,25.349029541015625,18166000,0.0,0.0,AVGO
2019-05-16 00:00:00-04:00,29.975000381469727,30.309999465942383,29.469999313354492,29.729000091552734,24.75938606262207,34233000,0.0,0.0,AVGO
2019-05-17 00:00:00-04:00,29.277999877929688,29.35700035095215,28.840999603271484,28.98900032043457,24.143081665039062,39094000,0.0,0.0,AVGO
2019-05-20 00:00:00-04:00,27.799999237060547,27.9950008392334,26.86400032043457,27.259000778198242,22.702280044555664,65162000,0.0,0.0,AVGO
2019-05-21 00:00:00-04:00,27.708999633789062,27.97800064086914,27.46500015258789,27.533000946044922,22.93047332763672,25060000,0.0,0.0,AVGO
2019-05-22 00:00:00-04:00,27.04800033569336,27.506000518798828,26.89699935913086,26.922000885009766,22.42160987854004,31809000,0.0,0.0,AVGO
2019-05-23 00:00:00-04:00,26.45800018310547,26.548999786376953,25.816999435424805,26.009000778198242,21.661231994628906,46607000,0.0,0.0,AVGO
2019-05-24 00:00:00-04:00,26.270000457763672,26.573999404907227,25.573999404907227,25.5939998626709,21.315601348876953,27963000,0.0,0.0,AVGO
2019-05-28 00:00:00-04:00,25.656999588012695,25.773000717163086,25.009000778198242,25.447999954223633,21.19400978088379,61965000,0.0,0.0,AVGO
2019-05-29 00:00:00-04:00,25.27400016784668,25.636999130249023,25.158000946044922,25.41200065612793,21.164024353027344,28132000,0.0,0.0,AVGO
2019-05-30 00:00:00-04:00,25.465999603271484,25.733999252319336,25.41200065612793,25.66200065612793,21.372234344482422,17310000,0.0,0.0,AVGO
2019-05-31 00:00:00-04:00,25.304000854492188,25.573999404907227,25.100000381469727,25.163999557495117,20.957481384277344,22192000,0.0,0.0,AVGO
2019-06-03 00:00:00-04:00,25.2549991607666,25.83300018310547,25.1200008392334,25.31800079345703,21.08574104309082,28911000,0.0,0.0,AVGO
2019-06-04 00:00:00-04:00,25.695999145507812,26.600000381469727,25.576000213623047,26.56999969482422,22.128448486328125,36805000,0.0,0.0,AVGO
2019-06-05 00:00:00-04:00,26.900999069213867,27.150999069213867,26.239999771118164,26.57200050354004,22.130117416381836,23651000,0.0,0.0,AVGO
2019-06-06 00:00:00-04:00,26.70199966430664,27.5,26.527999877929688,27.27899932861328,22.71892738342285,32687000,0.0,0.0,AVGO
2019-06-07 00:00:00-04:00,27.47800064086914,27.78700065612793,27.327999114990234,27.48699951171875,22.892162322998047,25963000,0.0,0.0,AVGO
2019-06-10 00:00:00-04:00,27.67300033569336,28.476999282836914,27.672000885009766,28.020999908447266,23.33689308166504,23280000,0.0,0.0,AVGO
2019-06-11 00:00:00-04:00,29.048999786376953,29.174999237060547,27.94099998474121,28.347999572753906,23.60923194885254,37105000,0.0,0.0,AVGO
2019-06-12 00:00:00-04:00,28.16699981689453,28.31599998474121,27.740999221801758,27.972999572753906,23.296920776367188,27057000,0.0,0.0,AVGO
2019-06-13 00:00:00-04:00,28.152000427246094,28.288999557495117,27.740999221801758,28.160999298095703,23.453495025634766,37735000,0.0,0.0,AVGO
2019-06-14 00:00:00-04:00,25.81100082397461,26.80900001525879,25.746999740600586,26.593000411987305,22.147607803344727,100797000,0.0,0.0,AVGO
2019-06-17 00:00:00-04:00,26.483999252319336,26.8700008392334,26.134000778198242,26.597000122070312,22.150938034057617,35785000,0.0,0.0,AVGO
2019-06-18 00:00:00-04:00,26.815000534057617,28.302000045776367,26.645999908447266,27.80500030517578,23.157005310058594,54920000,0.0,0.0,AVGO
2019-06-19 00:00:00-04:00,27.878000259399414,27.906999588012695,27.371000289916992,27.749000549316406,23.110363006591797,28920000,0.0,0.0,AVGO
2019-06-20 00:00:00-04:00,28.250999450683594,28.545000076293945,27.715999603271484,27.905000686645508,23.24028778076172,57291000,0.0,0.0,AVGO
2019-06-21 00:00:00-04:00,27.660999298095703,28.100000381469727,27.395999908447266,27.39900016784668,23.037654876708984,45399000,0.265,0.0,AVGO
2019-06-24 00:00:00-04:00,27.552000045776367,27.94499969482422,27.5,27.920000076293945,23.4757137298584,20506000,0.0,0.0,AVGO
2019-06-25 00:00:00-04:00,27.916000366210938,28.288000106811523,27.601999282836914,27.650999069213867,23.24953269958496,24436000,0.0,0.0,AVGO
2019-06-26 00:00:00-04:00,27.857999801635742,28.402999877929688,27.809999465942383,28.143999099731445,23.664058685302734,24774000,0.0,0.0,AVGO
2019-06-27 00:00:00-04:00,28.292999267578125,28.844999313354492,28.222999572753906,28.570999145507812,24.023088455200195,21813000,0.0,0.0,AVGO
2019-06-28 00:00:00-04:00,28.785999298095703,28.93000030517578,28.48200035095215,28.785999298095703,24.20386505126953,49265000,0.0,0.0,AVGO
2019-07-01 00:00:00-04:00,30.167999267578125,30.575000762939453,29.632999420166016,30.03499984741211,25.254051208496094,44832000,0.0,0.0,AVGO
2019-07-02 00:00:00-04:00,29.88800048828125,30.066999435424805,29.389999389648438,29.533000946044922,24.831966400146484,19011000,0.0,0.0,AVGO
2019-07-03 00:00:00-04:00,28.3700008392334,28.878000259399414,28.302000045776367,28.48900032043457,23.95414161682129,49411000,0.0,0.0,AVGO
2019-07-05 00:00:00-04:00,28.364999771118164,28.54400062561035,28.19700050354004,28.266000747680664,23.766645431518555,24565000,0.0,0.0,AVGO
2019-07-08 00:00:00-04:00,28.0,28.118999481201172,27.43899917602539,27.496000289916992,23.119203567504883,34291000,0.0,0.0,AVGO
2019-07-09 00:00:00-04:00,27.344999313354492,27.597999572753906,27.240999221801758,27.55299949645996,23.16713523864746,26131000,0.0,0.0,AVGO
2019-07-10 00:00:00-04:00,27.785999298095703,27.8799991607666,27.399999618530273,27.450000762939453,23.080528259277344,30134000,0.0,0.0,AVGO
2019-07-11 00:00:00-04:00,27.52400016784668,27.7450008392334,27.295000076293945,27.606000900268555,23.211698532104492,20712000,0.0,0.0,AVGO
2019-07-12 00:00:00-04:00,27.63800048828125,28.593000411987305,27.63800048828125,28.538999557495117,23.99618148803711,21971000,0.0,0.0,AVGO
2019-07-15 00:00:00-04:00,29.110000610351562,29.448999404907227,28.726999282836914,28.833999633789062,24.244224548339844,30334000,0.0,0.0,AVGO
2019-07-16 00:00:00-04:00,28.698999404907227,28.77899932861328,28.23900032043457,28.413000106811523,23.89023780822754,14617000,0.0,0.0,AVGO
2019-07-17 00:00:00-04:00,28.555999755859375,28.729000091552734,28.319000244140625,28.507999420166016,23.97011947631836,15453000,0.0,0.0,AVGO
2019-07-18 00:00:00-04:00,28.618000030517578,29.030000686645508,28.3799991607666,28.97800064086914,24.365304946899414,19357000,0.0,0.0,AVGO
2019-07-19 00:00:00-04:00,29.183000564575195,29.31599998474121,28.952999114990234,29.0,24.383806228637695,22047000,0.0,0.0,AVGO
2019-07-22 00:00:00-04:00,29.299999237060547,29.999000549316406,29.224000930786133,29.614999771118164,24.90091323852539,33905000,0.0,0.0,AVGO
2019-07-23 00:00:00-04:00,29.950000762939453,30.236000061035156,29.92099952697754,30.077999114990234,25.29020881652832,19692000,0.0,0.0,AVGO
2019-07-24 00:00:00-04:00,30.1200008392334,30.488000869750977,30.049999237060547,30.37700080871582,25.54161262512207,19006000,0.0,0.0,AVGO
2019-07-25 00:00:00-04:00,30.21299934387207,30.21299934387207,29.940000534057617,30.038999557495117,25.257417678833008,15741000,0.0,0.0,AVGO
2019-07-26 00:00:00-04:00,30.159000396728516,30.302000045776367,30.05299949645996,30.091999053955078,25.301979064941406,14996000,0.0,0.0,AVGO
2019-07-29 00:00:00-04:00,30.12299919128418,30.2549991607666,29.695999145507812,30.173999786376953,25.370925903320312,12068000,0.0,0.0,AVGO
2019-07-30 00:00:00-04:00,29.909000396728516,30.093000411987305,29.709999084472656,29.95599937438965,25.187625885009766,11164000,0.0,0.0,AVGO
2019-07-31 00:00:00-04:00,30.003000259399414,30.08300018310547,28.66699981689453,28.999000549316406,24.382963180541992,20819000,0.0,0.0,AVGO
2019-08-01 00:00:00-04:00,28.913000106811523,29.781999588012695,28.23200035095215,28.534000396728516,23.991981506347656,21911000,0.0,0.0,AVGO
2019-08-02 00:00:00-04:00,28.207000732421875,28.384000778198242,27.590999603271484,27.85300064086914,23.419382095336914,20080000,0.0,0.0,AVGO
2019-08-05 00:00:00-04:00,27.19499969482422,27.224000930786133,26.408000946044922,26.766000747680664,22.50541114807129,27765000,0.0,0.0,AVGO
2019-08-06 00:00:00-04:00,27.01300048828125,27.218000411987305,26.45599937438965,26.643999099731445,22.402828216552734,22199000,0.0,0.0,AVGO
2019-08-07 00:00:00-04:00,26.402999877929688,27.27199935913086,26.299999237060547,27.0049991607666,22.70636558532715,22244000,0.0,0.0,AVGO
2019-08-08 00:00:00-04:00,27.038000106811523,27.256000518798828,26.25,27.097999572753906,22.78455924987793,29163000,0.0,0.0,AVGO
2019-08-09 00:00:00-04:00,26.95800018310547,28.05500030517578,26.95800018310547,27.572999954223633,23.183950424194336,30735000,0.0,0.0,AVGO
2019-08-12 00:00:00-04:00,27.33799934387207,27.820999145507812,27.253999710083008,27.56399917602539,23.1763858795166,20040000,0.0,0.0,AVGO
2019-08-13 00:00:00-04:00,27.530000686645508,28.549999237060547,27.202999114990234,28.3700008392334,23.854084014892578,22340000,0.0,0.0,AVGO
2019-08-14 00:00:00-04:00,27.878999710083008,28.014999389648438,27.038000106811523,27.1560001373291,22.833328247070312,27108000,0.0,0.0,AVGO
2019-08-15 00:00:00-04:00,27.200000762939453,27.277999877929688,26.485000610351562,26.86400032043457,22.587812423706055,20010000,0.0,0.0,AVGO
2019-08-16 00:00:00-04:00,27.21500015258789,27.575000762939453,27.197999954223633,27.378000259399414,23.019987106323242,17458000,0.0,0.0,AVGO
2019-08-19 00:00:00-04:00,27.950000762939453,28.006999969482422,27.56100082397461,27.878000259399414,23.44040870666504,17489000,0.0,0.0,AVGO
2019-08-20 00:00:00-04:00,27.81599998474121,28.496000289916992,27.701000213623047,28.03700065612793,23.574092864990234,17920000,0.0,0.0,AVGO
2019-08-21 00:00:00-04:00,28.464000701904297,28.826000213623047,28.405000686645508,28.75,24.173599243164062,19381000,0.0,0.0,AVGO
2019-08-22 00:00:00-04:00,28.839000701904297,28.94099998474121,28.454999923706055,28.761999130249023,24.18368911743164,12294000,0.0,0.0,AVGO
2019-08-23 00:00:00-04:00,28.39900016784668,28.54800033569336,27.104999542236328,27.21299934387207,22.88125991821289,25742000,0.0,0.0,AVGO
2019-08-26 00:00:00-04:00,27.69499969482422,27.795000076293945,27.5,27.722000122070312,23.30923843383789,14249000,0.0,0.0,AVGO
2019-08-27 00:00:00-04:00,27.915000915527344,28.02199935913086,27.490999221801758,27.55699920654297,23.170503616333008,14298000,0.0,0.0,AVGO
2019-08-28 00:00:00-04:00,27.433000564575195,27.641000747680664,27.047000885009766,27.606000900268555,23.211698532104492,17202000,0.0,0.0,AVGO
2019-08-29 00:00:00-04:00,28.14900016784668,28.548999786376953,28.104999542236328,28.336999893188477,23.826343536376953,16429000,0.0,0.0,AVGO
2019-08-30 00:00:00-04:00,28.535999298095703,28.59000015258789,27.989999771118164,28.263999938964844,23.764957427978516,16720000,0.0,0.0,AVGO
2019-09-03 00:00:00-04:00,28.0,28.084999084472656,27.093000411987305,27.405000686645508,23.042695999145508,22210000,0.0,0.0,AVGO
2019-09-04 00:00:00-04:00,27.878999710083008,28.434999465942383,27.81999969482422,28.302000045776367,23.796913146972656,19865000,0.0,0.0,AVGO
2019-09-05 00:00:00-04:00,28.836000442504883,29.368000030517578,28.836000442504883,29.101999282836914,24.46957015991211,20938000,0.0,0.0,AVGO
2019-09-06 00:00:00-04:00,29.184999465942383,29.329999923706055,28.93000030517578,29.19099998474121,24.54439926147461,13748000,0.0,0.0,AVGO
2019-09-09 00:00:00-04:00,29.5,29.719999313354492,29.040000915527344,29.26099967956543,24.603260040283203,21686000,0.0,0.0,AVGO
2019-09-10 00:00:00-04:00,29.135000228881836,29.44499969482422,28.881999969482422,29.444000244140625,24.757131576538086,20850000,0.0,0.0,AVGO
2019-09-11 00:00:00-04:00,29.631999969482422,29.878000259399414,29.454999923706055,29.801000595092773,25.057302474975586,19260000,0.0,0.0,AVGO
2019-09-12 00:00:00-04:00,30.14299964904785,30.232999801635742,29.64699935913086,30.058000564575195,25.273391723632812,33109000,0.0,0.0,AVGO
2019-09-13 00:00:00-04:00,29.764999389648438,29.798999786376953,28.388999938964844,29.031999588012695,24.410709381103516,62557000,0.0,0.0,AVGO
2019-09-16 00:00:00-04:00,28.68000030517578,29.027000427246094,28.56999969482422,28.865999221801758,24.27113151550293,22176000,0.0,0.0,AVGO
2019-09-17 00:00:00-04:00,28.802000045776367,28.93000030517578,28.375,28.882999420166016,24.285430908203125,21912000,0.0,0.0,AVGO
2019-09-18 00:00:00-04:00,28.849000930786133,29.076000213623047,28.38800048828125,28.77400016784668,24.193777084350586,16510000,0.0,0.0,AVGO
2019-09-19 00:00:00-04:00,28.850000381469727,29.19499969482422,28.722999572753906,29.06399917602539,24.437612533569336,19421000,0.0,0.0,AVGO
2019-09-20 00:00:00-04:00,28.767000198364258,28.84000015258789,28.18199920654297,28.426000595092773,24.1210994720459,35524000,0.265,0.0,AVGO
2019-09-23 00:00:00-04:00,28.36199951171875,28.715999603271484,28.20800018310547,28.54599952697754,24.222932815551758,14850000,0.0,0.0,AVGO
2019-09-24 00:00:00-04:00,28.73200035095215,28.889999389648438,27.975000381469727,28.231000900268555,23.955638885498047,20292000,0.0,0.0,AVGO
2019-09-25 00:00:00-04:00,27.174999237060547,27.72100067138672,27.0,27.57699966430664,23.40067481994629,55588000,0.0,0.0,AVGO
2019-09-26 00:00:00-04:00,27.525999069213867,27.865999221801758,27.26799964904785,27.69099998474121,23.49741554260254,27477000,0.0,0.0,AVGO
2019-09-27 00:00:00-04:00,27.663000106811523,28.128000259399414,27.29599952697754,27.413999557495117,23.262361526489258,28660000,0.0,0.0,AVGO
2019-09-30 00:00:00-04:00,27.57900047302246,27.672000885009766,27.25,27.60700035095215,23.426137924194336,19826000,0.0,0.0,AVGO
2019-10-01 00:00:00-04:00,27.82699966430664,27.96500015258789,27.33799934387207,27.485000610351562,23.322608947753906,19429000,0.0,0.0,AVGO
2019-10-02 00:00:00-04:00,27.34600067138672,27.3799991607666,26.832000732421875,27.006999969482422,22.91699981689453,19543000,0.0,0.0,AVGO
2019-10-03 00:00:00-04:00,27.0,27.450000762939453,26.722000122070312,27.44300079345703,23.286970138549805,17096000,0.0,0.0,AVGO
2019-10-04 00:00:00-04:00,27.849000930786133,28.170000076293945,27.520000457763672,28.14299964904785,23.880956649780273,25884000,0.0,0.0,AVGO
2019-10-07 00:00:00-04:00,28.000999450683594,28.101999282836914,27.56999969482422,27.607999801635742,23.426984786987305,18658000,0.0,0.0,AVGO
2019-10-08 00:00:00-04:00,27.4060001373291,27.489999771118164,26.891000747680664,27.033000946044922,22.939062118530273,22757000,0.0,0.0,AVGO
2019-10-09 00:00:00-04:00,27.368000030517578,27.490999221801758,27.20199966430664,27.315000534057617,23.178354263305664,16329000,0.0,0.0,AVGO
2019-10-10 00:00:00-04:00,27.45599937438965,27.878000259399414,27.364999771118164,27.44499969482422,23.288671493530273,17340000,0.0,0.0,AVGO
2019-10-11 00:00:00-04:00,27.948999404907227,28.408000946044922,27.909000396728516,28.090999603271484,23.836835861206055,23697000,0.0,0.0,AVGO
2019-10-14 00:00:00-04:00,28.04199981689453,28.264999389648438,27.988000869750977,28.166000366210938,23.900482177734375,13312000,0.0,0.0,AVGO
2019-10-15 00:00:00-04:00,28.263999938964844,29.062000274658203,28.219999313354492,29.031999588012695,24.635326385498047,21230000,0.0,0.0,AVGO
2019-10-16 00:00:00-04:00,28.899999618530273,29.010000228881836,28.65399932861328,28.847999572753906,24.47919464111328,20046000,0.0,0.0,AVGO
2019-10-17 00:00:00-04:00,29.013999938964844,29.17099952697754,28.832000732421875,28.94300079345703,24.559810638427734,13125000,0.0,0.0,AVGO
2019-10-18 00:00:00-04:00,28.950000762939453,28.993999481201172,28.399999618530273,28.67300033569336,24.330692291259766,16981000,0.0,0.0,AVGO
2019-10-21 00:00:00-04:00,28.8439998626709,29.190000534057617,28.70599937438965,28.957000732421875,24.57168960571289,13031000,0.0,0.0,AVGO
2019-10-22 00:00:00-04:00,28.958999633789062,29.086000442504883,28.724000930786133,28.746000289916992,24.392641067504883,13046000,0.0,0.0,AVGO
2019-10-23 00:00:00-04:00,28.29599952697754,28.354000091552734,27.875999450683594,28.031999588012695,23.786767959594727,20957000,0.0,0.0,AVGO
2019-10-24 00:00:00-04:00,28.288999557495117,28.350000381469727,27.8700008392334,28.231000900268555,23.955638885498047,16896000,0.0,0.0,AVGO
2019-10-25 00:00:00-04:00,28.326000213623047,29.136999130249023,28.32200050354004,28.98200035095215,24.592905044555664,20869000,0.0,0.0,AVGO
2019-10-28 00:00:00-04:00,29.115999221801758,29.24799919128418,28.832000732421875,29.155000686645508,24.739702224731445,12999000,0.0,0.0,AVGO
2019-10-29 00:00:00-04:00,29.22800064086914,29.3700008392334,28.80699920654297,28.81599998474121,24.452041625976562,13272000,0.0,0.0,AVGO
2019-10-30 00:00:00-04:00,29.000999450683594,29.097000122070312,28.652000427246094,29.02400016784668,24.628541946411133,17281000,0.0,0.0,AVGO
2019-10-31 00:00:00-04:00,28.979999542236328,29.408000946044922,28.780000686645508,29.28499984741211,24.850011825561523,27881000,0.0,0.0,AVGO
2019-11-01 00:00:00-04:00,29.298999786376953,29.659000396728516,29.208999633789062,29.659000396728516,25.167375564575195,21234000,0.0,0.0,AVGO
2019-11-04 00:00:00-05:00,29.95199966430664,30.54599952697754,29.90999984741211,30.5,25.88101577758789,34075000,0.0,0.0,AVGO
2019-11-05 00:00:00-05:00,30.5,31.67799949645996,30.44700050354004,31.40399932861328,26.64811134338379,38711000,0.0,0.0,AVGO
2019-11-06 00:00:00-05:00,31.20599937438965,31.42799949645996,30.871000289916992,31.31599998474121,26.573434829711914,18076000,0.0,0.0,AVGO
2019-11-07 00:00:00-05:00,31.558000564575195,31.950000762939453,31.065000534057617,31.173999786376953,26.452939987182617,23981000,0.0,0.0,AVGO
2019-11-08 00:00:00-05:00,30.98699951171875,31.360000610351562,30.51300048828125,31.340999603271484,26.594650268554688,17830000,0.0,0.0,AVGO
2019-11-11 00:00:00-05:00,31.1200008392334,31.323999404907227,31.083999633789062,31.274999618530273,26.53864288330078,9154000,0.0,0.0,AVGO
2019-11-12 00:00:00-05:00,31.399999618530273,31.639999389648438,31.326000213623047,31.55299949645996,26.77454376220703,16875000,0.0,0.0,AVGO
2019-11-13 00:00:00-05:00,31.24799919128418,31.570999145507812,31.200000762939453,31.367000579833984,26.61671257019043,12625000,0.0,0.0,AVGO
2019-11-14 00:00:00-05:00,31.075000762939453,31.18400001525879,30.611000061035156,30.89699935913086,26.217885971069336,17268000,0.0,0.0,AVGO
2019-11-15 00:00:00-05:00,31.226999282836914,31.305999755859375,31.007999420166016,31.291000366210938,26.552223205566406,18120000,0.0,0.0,AVGO
2019-11-18 00:00:00-05:00,31.18199920654297,31.340999603271484,30.80299949645996,31.10700035095215,26.39608383178711,15850000,0.0,0.0,AVGO
2019-11-19 00:00:00-05:00,31.665000915527344,32.56700134277344,31.665000915527344,31.770000457763672,26.95867919921875,31743000,0.0,0.0,AVGO
2019-11-20 00:00:00-05:00,31.59000015258789,31.683000564575195,30.899999618530273,31.16699981689453,26.446998596191406,19927000,0.0,0.0,AVGO
2019-11-21 00:00:00-05:00,31.11400032043457,31.56999969482422,30.979999542236328,31.524999618530273,26.75078773498535,19317000,0.0,0.0,AVGO
2019-11-22 00:00:00-05:00,31.663999557495117,31.947999954223633,31.371000289916992,31.492000579833984,26.7227840423584,13216000,0.0,0.0,AVGO
2019-11-25 00:00:00-05:00,31.660999298095703,32.018001556396484,31.62700080871582,31.961999893188477,27.121604919433594,19636000,0.0,0.0,AVGO
2019-11-26 00:00:00-05:00,31.899999618530273,32.018001556396484,31.604999542236328,31.62700080871582,26.83733558654785,30793000,0.0,0.0,AVGO
2019-11-27 00:00:00-05:00,31.79400062561035,31.993999481201172,31.64699935913086,31.8439998626709,27.02147674560547,20182000,0.0,0.0,AVGO
2019-11-29 00:00:00-05:00,31.684999465942383,31.77899932861328,31.5,31.621000289916992,26.832244873046875,9229000,0.0,0.0,AVGO
2019-12-02 00:00:00-05:00,31.77199935913086,31.792999267578125,31.055999755859375,31.07200050354004,26.36638641357422,23158000,0.0,0.0,AVGO
2019-12-03 00:00:00-05:00,30.582000732421875,30.899999618530273,30.312999725341797,30.652000427246094,26.009990692138672,18736000,0.0,0.0,AVGO
2019-12-04 00:00:00-05:00,30.975000381469727,31.136999130249023,30.71299934387207,30.972000122070312,26.28152847290039,14439000,0.0,0.0,AVGO
2019-12-05 00:00:00-05:00,31.05900001525879,31.246000289916992,30.9060001373291,31.118999481201172,26.406267166137695,15494000,0.0,0.0,AVGO
2019-12-06 00:00:00-05:00,31.464000701904297,31.634000778198242,31.20599937438965,31.604999542236328,26.81866455078125,16937000,0.0,0.0,AVGO
2019-12-09 00:00:00-05:00,31.600000381469727,31.71500015258789,31.393999099731445,31.437999725341797,26.676958084106445,24694000,0.0,0.0,AVGO
2019-12-10 00:00:00-05:00,31.510000228881836,31.590999603271484,31.325000762939453,31.506000518798828,26.734661102294922,14563000,0.0,0.0,AVGO
2019-12-11 00:00:00-05:00,31.51799964904785,32.1349983215332,31.51799964904785,31.972000122070312,27.130088806152344,20829000,0.0,0.0,AVGO
2019-12-12 00:00:00-05:00,31.972999572753906,33.01599884033203,31.94300079345703,32.779998779296875,27.81572914123535,38935000,0.0,0.0,AVGO
2019-12-13 00:00:00-05:00,31.805999755859375,31.976999282836914,31.062000274658203,31.54199981689453,26.765209197998047,70952000,0.0,0.0,AVGO
2019-12-16 00:00:00-05:00,31.797000885009766,32.7599983215332,31.753000259399414,32.3129997253418,27.419448852539062,37921000,0.0,0.0,AVGO
2019-12-17 00:00:00-05:00,32.374000549316406,32.494998931884766,32.17499923706055,32.380001068115234,27.476303100585938,20248000,0.0,0.0,AVGO
2019-12-18 00:00:00-05:00,32.439998626708984,33.119998931884766,32.35499954223633,32.74399948120117,27.78517723083496,35155000,0.0,0.0,AVGO
2019-12-19 00:00:00-05:00,32.92100143432617,32.92599868774414,32.37099838256836,32.40999984741211,27.501758575439453,31787000,0.0,0.0,AVGO
2019-12-20 00:00:00-05:00,32.24700164794922,32.24700164794922,31.69099998474121,31.899999618530273,27.343183517456055,50540000,0.325,0.0,AVGO
2019-12-23 00:00:00-05:00,32.05400085449219,32.233001708984375,31.76099967956543,31.952999114990234,27.388614654541016,20254000,0.0,0.0,AVGO
2019-12-24 00:00:00-05:00,32.0,32.06800079345703,31.900999069213867,32.04999923706055,27.471757888793945,7024000,0.0,0.0,AVGO
2019-12-26 00:00:00-05:00,32.12699890136719,32.17399978637695,31.68199920654297,31.79800033569336,27.25575828552246,15848000,0.0,0.0,AVGO
2019-12-27 00:00:00-05:00,31.93000030517578,31.934999465942383,31.52199935913086,31.652999877929688,27.1314640045166,14487000,0.0,0.0,AVGO
2019-12-30 00:00:00-05:00,31.652000427246094,31.732999801635742,31.274999618530273,31.34600067138672,26.86832046508789,13104000,0.0,0.0,AVGO
2019-12-31 00:00:00-05:00,31.312000274658203,31.63599967956543,31.280000686645508,31.601999282836914,27.087751388549805,12487000,0.0,0.0,AVGO
2020-01-02 00:00:00-05:00,31.93199920654297,32.25,31.73200035095215,32.23899841308594,27.633758544921875,20329000,0.0,0.0,AVGO
2020-01-03 00:00:00-05:00,31.750999450683594,32.0,31.408000946044922,31.41900062561035,26.93089485168457,22870000,0.0,0.0,AVGO
2020-01-06 00:00:00-05:00,31.084999084472656,31.392000198364258,30.96299934387207,31.371999740600586,26.890607833862305,20789000,0.0,0.0,AVGO
2020-01-07 00:00:00-05:00,31.524999618530273,31.658000946044922,31.225000381469727,31.263999938964844,26.798032760620117,18565000,0.0,0.0,AVGO
2020-01-08 00:00:00-05:00,31.29800033569336,31.349000930786133,30.840999603271484,30.874000549316406,26.4637451171875,31979000,0.0,0.0,AVGO
2020-01-09 00:00:00-05:00,31.23200035095215,31.298999786376953,30.30500030517578,30.625999450683594,26.25116729736328,42397000,0.0,0.0,AVGO
2020-01-10 00:00:00-05:00,30.545000076293945,30.55500030517578,29.8799991607666,29.922000885009766,25.647737503051758,40705000,0.0,0.0,AVGO
2020-01-13 00:00:00-05:00,30.00200080871582,30.3799991607666,29.966999053955078,30.118000030517578,25.81573486328125,22054000,0.0,0.0,AVGO
2020-01-14 00:00:00-05:00,30.200000762939453,30.915000915527344,30.159000396728516,30.81800079345703,26.415746688842773,28911000,0.0,0.0,AVGO
2020-01-15 00:00:00-05:00,30.731000900268555,30.788000106811523,30.06999969482422,30.31399917602539,25.983739852905273,22733000,0.0,0.0,AVGO
2020-01-16 00:00:00-05:00,30.5,30.785999298095703,30.42099952697754,30.704999923706055,26.318883895874023,21508000,0.0,0.0,AVGO
2020-01-17 00:00:00-05:00,30.865999221801758,30.893999099731445,30.406999588012695,30.878999710083008,26.468029022216797,26896000,0.0,0.0,AVGO
2020-01-21 00:00:00-05:00,30.780000686645508,30.951000213623047,30.632999420166016,30.80699920654297,26.406312942504883,21967000,0.0,0.0,AVGO
2020-01-22 00:00:00-05:00,31.079999923706055,31.79199981689453,31.049999237060547,31.297000885009766,26.82632064819336,29264000,0.0,0.0,AVGO
2020-01-23 00:00:00-05:00,31.51799964904785,31.979999542236328,31.082000732421875,31.96500015258789,27.398895263671875,30266000,0.0,0.0,AVGO
2020-01-24 00:00:00-05:00,33.04999923706055,33.15800094604492,32.07699966430664,32.400001525878906,27.771759033203125,55782000,0.0,0.0,AVGO
2020-01-27 00:00:00-05:00,31.641000747680664,31.988000869750977,30.86400032043457,30.902999877929688,26.488601684570312,38843000,0.0,0.0,AVGO
2020-01-28 00:00:00-05:00,31.35300064086914,31.92300033569336,31.277000427246094,31.83099937438965,27.284042358398438,23166000,0.0,0.0,AVGO
2020-01-29 00:00:00-05:00,32.082000732421875,32.542999267578125,31.714000701904297,31.750999450683594,27.215471267700195,23668000,0.0,0.0,AVGO
2020-01-30 00:00:00-05:00,31.43199920654297,31.552000045776367,30.858999252319336,31.520000457763672,27.0174617767334,21128000,0.0,0.0,AVGO
2020-01-31 00:00:00-05:00,31.416000366210938,31.45800018310547,30.36199951171875,30.516000747680664,26.156883239746094,22123000,0.0,0.0,AVGO
2020-02-03 00:00:00-05:00,30.562999725341797,30.65999984741211,30.36400032043457,30.523000717163086,26.162883758544922,21288000,0.0,0.0,AVGO
2020-02-04 00:00:00-05:00,31.179000854492188,31.457000732421875,30.96500015258789,31.15999984741211,26.708885192871094,22559000,0.0,0.0,AVGO
2020-02-05 00:00:00-05:00,31.75,31.981000900268555,31.586000442504883,31.738000869750977,27.204328536987305,24825000,0.0,0.0,AVGO
2020-02-06 00:00:00-05:00,31.884000778198242,31.988000869750977,31.42300033569336,31.9689998626709,27.402324676513672,22683000,0.0,0.0,AVGO
2020-02-07 00:00:00-05:00,31.832000732421875,31.851999282836914,31.48699951171875,31.523000717163086,27.020036697387695,15883000,0.0,0.0,AVGO
2020-02-10 00:00:00-05:00,31.23699951171875,31.459999084472656,31.030000686645508,31.420000076293945,26.931753158569336,19218000,0.0,0.0,AVGO
2020-02-11 00:00:00-05:00,31.665000915527344,32.07899856567383,31.60099983215332,32.01599884033203,27.442609786987305,15527000,0.0,0.0,AVGO
2020-02-12 00:00:00-05:00,32.20399856567383,32.50899887084961,32.16299819946289,32.470001220703125,27.831764221191406,15310000,0.0,0.0,AVGO
2020-02-13 00:00:00-05:00,32.14799880981445,32.54600143432617,32.095001220703125,32.39699935913086,27.769187927246094,13857000,0.0,0.0,AVGO
2020-02-14 00:00:00-05:00,32.48400115966797,32.56999969482422,31.709999084472656,31.777000427246094,27.237754821777344,19137000,0.0,0.0,AVGO
2020-02-18 00:00:00-05:00,31.5,31.500999450683594,30.80500030517578,31.075000762939453,26.636032104492188,26693000,0.0,0.0,AVGO
2020-02-19 00:00:00-05:00,31.299999237060547,31.683000564575195,31.170000076293945,31.569000244140625,27.059463500976562,20525000,0.0,0.0,AVGO
2020-02-20 00:00:00-05:00,31.395999908447266,31.569000244140625,30.61199951171875,30.923999786376953,26.506601333618164,25521000,0.0,0.0,AVGO
2020-02-21 00:00:00-05:00,30.850000381469727,30.94499969482422,30.229000091552734,30.450000762939453,26.10030746459961,24522000,0.0,0.0,AVGO
2020-02-24 00:00:00-05:00,29.420000076293945,29.8799991607666,29.006000518798828,29.15999984741211,24.99458885192871,36849000,0.0,0.0,AVGO
2020-02-25 00:00:00-05:00,29.410999298095703,29.572999954223633,28.10700035095215,28.26799964904785,24.230005264282227,31892000,0.0,0.0,AVGO
2020-02-26 00:00:00-05:00,28.434999465942383,28.81999969482422,28.399999618530273,28.58799934387207,24.504291534423828,23074000,0.0,0.0,AVGO
2020-02-27 00:00:00-05:00,28.030000686645508,28.5310001373291,27.354000091552734,27.395000457763672,23.481712341308594,34837000,0.0,0.0,AVGO
2020-02-28 00:00:00-05:00,26.33300018310547,27.413000106811523,26.27400016784668,27.261999130249023,23.367704391479492,44586000,0.0,0.0,AVGO
2020-03-02 00:00:00-05:00,27.676000595092773,28.540000915527344,27.114999771118164,28.496999740600586,24.426292419433594,31976000,0.0,0.0,AVGO
2020-03-03 00:00:00-05:00,28.46500015258789,28.847999572753906,27.156999588012695,27.424999237060547,23.50742530822754,29930000,0.0,0.0,AVGO
2020-03-04 00:00:00-05:00,27.753999710083008,28.57200050354004,27.476999282836914,28.545000076293945,24.467437744140625,23477000,0.0,0.0,AVGO
2020-03-05 00:00:00-05:00,27.72599983215332,28.30900001525879,27.2450008392334,27.40399932861328,23.489425659179688,24374000,0.0,0.0,AVGO
2020-03-06 00:00:00-05:00,26.697999954223633,27.093000411987305,26.25,26.94499969482422,23.095993041992188,30169000,0.0,0.0,AVGO
2020-03-09 00:00:00-04:00,25.107999801635742,26.027000427246094,24.424999237060547,24.77199935913086,21.233394622802734,43934000,0.0,0.0,AVGO
2020-03-10 00:00:00-04:00,25.659000396728516,26.368000030517578,24.34000015258789,26.290000915527344,22.534557342529297,55071000,0.0,0.0,AVGO
2020-03-11 00:00:00-04:00,25.38800048828125,25.64900016784668,24.249000549316406,24.597000122070312,21.083389282226562,36030000,0.0,0.0,AVGO
2020-03-12 00:00:00-04:00,22.698999404907227,24.275999069213867,21.631999969482422,21.878000259399414,18.752792358398438,64281000,0.0,0.0,AVGO
2020-03-13 00:00:00-04:00,22.551000595092773,23.44700050354004,20.115999221801758,23.422000885009766,20.076244354248047,84714000,0.0,0.0,AVGO
2020-03-16 00:00:00-04:00,20.81800079345703,21.8799991607666,18.023000717163086,18.757999420166016,16.078481674194336,76935000,0.0,0.0,AVGO
2020-03-17 00:00:00-04:00,19.18199920654297,20.000999450683594,18.148000717163086,19.951000213623047,17.101058959960938,70662000,0.0,0.0,AVGO
2020-03-18 00:00:00-04:00,18.56599998474121,18.74799919128418,15.567000389099121,16.78700065612793,14.389031410217285,98993000,0.0,0.0,AVGO
2020-03-19 00:00:00-04:00,16.763999938964844,20.746999740600586,16.5,19.44499969482422,16.667341232299805,74438000,0.0,0.0,AVGO
2020-03-20 00:00:00-04:00,20.200000762939453,20.868000030517578,18.791000366210938,19.222000122070312,16.756258010864258,74044000,0.325,0.0,AVGO
2020-03-23 00:00:00-04:00,19.288000106811523,19.597000122070312,17.774999618530273,19.347000122070312,16.865224838256836,46921000,0.0,0.0,AVGO
2020-03-24 00:00:00-04:00,20.56399917602539,21.871000289916992,20.128999710083008,21.275999069213867,18.546770095825195,62970000,0.0,0.0,AVGO
2020-03-25 00:00:00-04:00,21.2189998626709,24.399999618530273,20.922000885009766,21.7549991607666,18.964330673217773,64442000,0.0,0.0,AVGO
2020-03-26 00:00:00-04:00,22.60300064086914,24.479999542236328,22.60300064086914,24.316999435424805,21.197683334350586,60213000,0.0,0.0,AVGO
2020-03-27 00:00:00-04:00,23.299999237060547,24.208999633789062,23.0,23.069000244140625,20.10977554321289,39448000,0.0,0.0,AVGO
2020-03-30 00:00:00-04:00,23.219999313354492,24.13599967956543,22.8439998626709,24.01099967956543,20.930936813354492,52343000,0.0,0.0,AVGO
2020-03-31 00:00:00-04:00,23.799999237060547,25.270999908447266,23.606000900268555,23.709999084472656,20.668546676635742,50191000,0.0,0.0,AVGO
2020-04-01 00:00:00-04:00,22.798999786376953,23.44099998474121,21.968000411987305,22.363000869750977,19.494338989257812,41858000,0.0,0.0,AVGO
2020-04-02 00:00:00-04:00,22.239999771118164,23.795000076293945,22.145000457763672,23.70599937438965,20.66506004333496,45049000,0.0,0.0,AVGO
2020-04-03 00:00:00-04:00,23.663999557495117,24.2549991607666,23.05500030517578,23.426000595092773,20.420984268188477,28960000,0.0,0.0,AVGO
2020-04-06 00:00:00-04:00,24.45800018310547,25.340999603271484,24.356000900268555,25.243999481201172,22.00577163696289,38868000,0.0,0.0,AVGO
2020-04-07 00:00:00-04:00,26.18400001525879,26.549999237060547,25.253000259399414,25.32699966430664,22.078128814697266,45892000,0.0,0.0,AVGO
2020-04-08 00:00:00-04:00,25.677000045776367,26.219999313354492,25.36400032043457,26.110000610351562,22.76068115234375,27565000,0.0,0.0,AVGO
2020-04-09 00:00:00-04:00,26.57900047302246,26.75,25.131000518798828,25.43000030517578,22.16791343688965,34828000,0.0,0.0,AVGO
2020-04-13 00:00:00-04:00,25.350000381469727,26.152000427246094,25.280000686645508,25.992000579833984,22.657819747924805,25729000,0.0,0.0,AVGO
2020-04-14 00:00:00-04:00,26.61199951171875,26.83799934387207,26.23200035095215,26.76300048828125,23.329919815063477,23094000,0.0,0.0,AVGO
2020-04-15 00:00:00-04:00,26.100000381469727,26.23200035095215,25.615999221801758,25.743999481201172,22.441633224487305,25926000,0.0,0.0,AVGO
2020-04-16 00:00:00-04:00,26.176000595092773,26.176000595092773,25.410999298095703,25.82900047302246,22.51573371887207,26896000,0.0,0.0,AVGO
2020-04-17 00:00:00-04:00,26.32200050354004,26.743000030517578,25.893999099731445,26.58799934387207,23.1773681640625,34089000,0.0,0.0,AVGO
2020-04-20 00:00:00-04:00,26.0,26.525999069213867,25.791000366210938,25.827999114990234,22.514856338500977,23801000,0.0,0.0,AVGO
2020-04-21 00:00:00-04:00,25.45599937438965,25.479000091552734,24.68000030517578,24.764999389648438,21.58821678161621,29138000,0.0,0.0,AVGO
2020-04-22 00:00:00-04:00,25.476999282836914,26.222000122070312,25.073999404907227,25.996999740600586,22.662179946899414,35438000,0.0,0.0,AVGO
2020-04-23 00:00:00-04:00,26.024999618530273,26.520000457763672,25.851999282836914,25.89299964904785,22.571523666381836,21659000,0.0,0.0,AVGO
2020-04-24 00:00:00-04:00,25.981000900268555,26.506999969482422,25.88800048828125,26.481000900268555,23.08409309387207,23373000,0.0,0.0,AVGO
2020-04-27 00:00:00-04:00,26.434999465942383,27.121999740600586,26.434999465942383,26.844999313354492,23.401399612426758,16588000,0.0,0.0,AVGO
2020-04-28 00:00:00-04:00,27.423999786376953,27.641000747680664,26.41200065612793,26.472999572753906,23.077119827270508,18988000,0.0,0.0,AVGO
2020-04-29 00:00:00-04:00,27.107999801635742,27.698999404907227,26.92300033569336,27.601999282836914,24.061294555664062,28871000,0.0,0.0,AVGO
2020-04-30 00:00:00-04:00,27.35300064086914,27.405000686645508,26.8799991607666,27.16200065612793,23.677736282348633,23379000,0.0,0.0,AVGO
2020-05-01 00:00:00-04:00,26.600000381469727,26.78499984741211,25.81999969482422,25.969999313354492,22.638643264770508,26836000,0.0,0.0,AVGO
2020-05-04 00:00:00-04:00,25.92099952697754,26.243000030517578,25.531999588012695,26.22599983215332,22.861806869506836,17046000,0.0,0.0,AVGO
2020-05-05 00:00:00-04:00,26.655000686645508,26.893999099731445,26.371000289916992,26.48699951171875,23.089323043823242,26462000,0.0,0.0,AVGO
2020-05-06 00:00:00-04:00,26.83300018310547,27.04800033569336,26.36199951171875,26.417999267578125,23.029172897338867,22727000,0.0,0.0,AVGO
2020-05-07 00:00:00-04:00,27.0,27.047000885009766,26.600000381469727,26.774999618530273,23.340381622314453,18238000,0.0,0.0,AVGO
2020-05-08 00:00:00-04:00,27.219999313354492,27.55500030517578,27.003000259399414,27.503000259399414,23.974994659423828,16757000,0.0,0.0,AVGO
2020-05-11 00:00:00-04:00,27.336999893188477,27.673999786376953,27.174999237060547,27.540000915527344,24.00725555419922,20851000,0.0,0.0,AVGO
2020-05-12 00:00:00-04:00,27.658000946044922,27.77199935913086,26.82200050354004,26.844999313354492,23.401399612426758,18764000,0.0,0.0,AVGO
2020-05-13 00:00:00-04:00,27.006999969482422,27.033000946044922,25.93600082397461,26.315000534057617,22.93938636779785,21927000,0.0,0.0,AVGO
2020-05-14 00:00:00-04:00,26.09600067138672,26.69499969482422,25.475000381469727,26.65999984741211,23.24012565612793,19912000,0.0,0.0,AVGO
2020-05-15 00:00:00-04:00,25.941999435424805,26.4060001373291,25.677000045776367,26.041000366210938,22.700538635253906,21650000,0.0,0.0,AVGO
2020-05-18 00:00:00-04:00,26.86199951171875,27.67300033569336,26.799999237060547,27.35300064086914,23.844240188598633,26531000,0.0,0.0,AVGO
2020-05-19 00:00:00-04:00,27.35300064086914,27.60300064086914,27.160999298095703,27.19499969482422,23.706506729125977,18702000,0.0,0.0,AVGO
2020-05-20 00:00:00-04:00,27.69700050354004,28.131000518798828,27.607999801635742,27.868000030517578,24.29317283630371,18605000,0.0,0.0,AVGO
2020-05-21 00:00:00-04:00,27.892000198364258,27.950000762939453,27.46500015258789,27.479999542236328,23.954946517944336,14847000,0.0,0.0,AVGO
2020-05-22 00:00:00-04:00,27.374000549316406,27.725000381469727,27.051000595092773,27.665000915527344,24.116212844848633,17452000,0.0,0.0,AVGO
2020-05-26 00:00:00-04:00,28.5,28.708999633789062,28.138999938964844,28.20199966430664,24.58432960510254,23573000,0.0,0.0,AVGO
2020-05-27 00:00:00-04:00,28.302000045776367,28.780000686645508,28.0,28.759000778198242,25.069875717163086,22812000,0.0,0.0,AVGO
2020-05-28 00:00:00-04:00,28.5,28.93000030517578,28.243000030517578,28.31399917602539,24.68196678161621,18543000,0.0,0.0,AVGO
2020-05-29 00:00:00-04:00,28.290000915527344,29.200000762939453,28.19099998474121,29.12700080871582,25.390676498413086,27300000,0.0,0.0,AVGO
2020-06-01 00:00:00-04:00,29.04199981689453,29.110000610351562,28.73699951171875,28.999000549316406,25.279090881347656,18444000,0.0,0.0,AVGO
2020-06-02 00:00:00-04:00,29.10300064086914,29.832000732421875,29.009000778198242,29.805999755859375,25.982568740844727,31847000,0.0,0.0,AVGO
2020-06-03 00:00:00-04:00,30.104999542236328,31.084999084472656,30.051000595092773,30.952999114990234,26.982440948486328,31926000,0.0,0.0,AVGO
2020-06-04 00:00:00-04:00,30.575000762939453,31.299999237060547,30.209999084472656,30.888999938964844,26.926647186279297,34997000,0.0,0.0,AVGO
2020-06-05 00:00:00-04:00,31.969999313354492,32.81100082397461,31.509000778198242,31.70800018310547,27.640586853027344,50958000,0.0,0.0,AVGO
2020-06-08 00:00:00-04:00,31.75,31.884000778198242,31.336000442504883,31.75200080871582,27.678945541381836,23916000,0.0,0.0,AVGO
2020-06-09 00:00:00-04:00,31.200000762939453,31.88800048828125,31.156999588012695,31.531999588012695,27.487165451049805,22335000,0.0,0.0,AVGO
2020-06-10 00:00:00-04:00,31.665000915527344,31.92099952697754,31.469999313354492,31.503999710083008,27.4627628326416,25914000,0.0,0.0,AVGO
2020-06-11 00:00:00-04:00,30.761999130249023,30.854999542236328,29.34000015258789,29.375,25.606855392456055,45115000,0.0,0.0,AVGO
2020-06-12 00:00:00-04:00,30.281999588012695,30.395000457763672,29.273000717163086,30.024999618530273,26.173479080200195,39439000,0.0,0.0,AVGO
2020-06-15 00:00:00-04:00,29.5,30.674999237060547,29.240999221801758,30.409000396728516,26.508220672607422,29824000,0.0,0.0,AVGO
2020-06-16 00:00:00-04:00,31.0,31.454999923706055,30.399999618530273,31.07200050354004,27.086177825927734,30387000,0.0,0.0,AVGO
2020-06-17 00:00:00-04:00,31.341999053955078,31.67099952697754,31.179000854492188,31.3439998626709,27.32328987121582,20279000,0.0,0.0,AVGO
2020-06-18 00:00:00-04:00,31.211999893188477,31.91200065612793,31.152000427246094,31.871000289916992,27.782676696777344,33625000,0.0,0.0,AVGO
2020-06-19 00:00:00-04:00,31.76799964904785,31.809999465942383,30.277000427246094,30.277000427246094,26.665067672729492,58465000,0.325,0.0,AVGO
2020-06-22 00:00:00-04:00,30.549999237060547,31.417999267578125,30.35300064086914,31.354000091552734,27.613584518432617,27195000,0.0,0.0,AVGO
2020-06-23 00:00:00-04:00,31.506000518798828,31.743999481201172,31.128999710083008,31.1299991607666,27.416303634643555,22419000,0.0,0.0,AVGO
2020-06-24 00:00:00-04:00,30.920000076293945,31.097000122070312,30.451000213623047,30.69700050354004,27.03496742248535,19096000,0.0,0.0,AVGO
2020-06-25 00:00:00-04:00,30.606000900268555,30.947999954223633,30.299999237060547,30.885000228881836,27.20053482055664,15029000,0.0,0.0,AVGO
2020-06-26 00:00:00-04:00,31.35700035095215,31.577999114990234,30.315000534057617,30.740999221801758,27.073711395263672,31425000,0.0,0.0,AVGO
2020-06-29 00:00:00-04:00,30.80699920654297,31.041000366210938,30.44499969482422,30.97800064086914,27.282438278198242,14516000,0.0,0.0,AVGO
2020-06-30 00:00:00-04:00,30.9950008392334,31.707000732421875,30.674999237060547,31.56100082397461,27.7958927154541,25125000,0.0,0.0,AVGO
2020-07-01 00:00:00-04:00,31.51099967956543,31.684999465942383,31.194000244140625,31.273000717163086,27.542251586914062,15661000,0.0,0.0,AVGO
2020-07-02 00:00:00-04:00,31.774999618530273,31.937999725341797,31.465999603271484,31.547000885009766,27.783559799194336,16638000,0.0,0.0,AVGO
2020-07-06 00:00:00-04:00,32.0,32.0989990234375,31.733999252319336,31.878999710083008,28.075956344604492,17561000,0.0,0.0,AVGO
2020-07-07 00:00:00-04:00,31.733999252319336,31.81599998474121,31.2549991607666,31.312000274658203,27.576602935791016,16150000,0.0,0.0,AVGO
2020-07-08 00:00:00-04:00,31.61400032043457,31.983999252319336,31.41200065612793,31.957000732421875,28.144649505615234,18023000,0.0,0.0,AVGO
2020-07-09 00:00:00-04:00,32.000999450683594,32.43299865722656,31.524999618530273,32.150001525878906,28.314626693725586,25225000,0.0,0.0,AVGO
2020-07-10 00:00:00-04:00,32.191001892089844,32.29899978637695,31.54400062561035,31.944000244140625,28.13319969177246,13280000,0.0,0.0,AVGO
2020-07-13 00:00:00-04:00,32.167999267578125,32.35300064086914,31.058000564575195,31.131000518798828,27.417184829711914,21549000,0.0,0.0,AVGO
2020-07-14 00:00:00-04:00,30.89900016784668,31.621999740600586,30.518999099731445,31.507999420166016,27.74921417236328,18363000,0.0,0.0,AVGO
2020-07-15 00:00:00-04:00,31.594999313354492,31.777000427246094,31.017000198364258,31.378000259399414,27.634719848632812,15253000,0.0,0.0,AVGO
2020-07-16 00:00:00-04:00,31.06100082397461,31.38800048828125,30.93000030517578,31.134000778198242,27.419828414916992,12929000,0.0,0.0,AVGO
2020-07-17 00:00:00-04:00,31.415000915527344,31.520999908447266,31.0,31.270999908447266,27.54048728942871,13354000,0.0,0.0,AVGO
2020-07-20 00:00:00-04:00,31.184999465942383,31.764999389648438,31.025999069213867,31.71299934387207,27.92975425720215,14323000,0.0,0.0,AVGO
2020-07-21 00:00:00-04:00,31.92300033569336,31.92300033569336,31.267000198364258,31.43400001525879,27.684045791625977,14312000,0.0,0.0,AVGO
2020-07-22 00:00:00-04:00,31.500999450683594,31.56800079345703,31.03700065612793,31.3799991607666,27.636476516723633,14404000,0.0,0.0,AVGO
2020-07-23 00:00:00-04:00,31.336999893188477,31.608999252319336,30.83799934387207,30.966999053955078,27.272747039794922,19417000,0.0,0.0,AVGO
2020-07-24 00:00:00-04:00,30.659000396728516,31.090999603271484,30.417999267578125,30.57900047302246,26.93103790283203,15631000,0.0,0.0,AVGO
2020-07-27 00:00:00-04:00,30.829999923706055,31.29599952697754,30.749000549316406,31.26799964904785,27.5378475189209,20646000,0.0,0.0,AVGO
2020-07-28 00:00:00-04:00,31.118000030517578,31.211000442504883,30.615999221801758,30.735000610351562,27.06842803955078,13974000,0.0,0.0,AVGO
2020-07-29 00:00:00-04:00,30.85300064086914,31.12299919128418,30.743999481201172,30.885000228881836,27.20053482055664,16562000,0.0,0.0,AVGO
2020-07-30 00:00:00-04:00,30.600000381469727,31.292999267578125,30.600000381469727,31.209999084472656,27.48676300048828,21259000,0.0,0.0,AVGO
2020-07-31 00:00:00-04:00,31.469999313354492,31.84000015258789,31.139999389648438,31.674999237060547,27.896291732788086,24719000,0.0,0.0,AVGO
2020-08-03 00:00:00-04:00,31.799999237060547,32.3489990234375,31.72800064086914,32.12300109863281,28.29084587097168,20796000,0.0,0.0,AVGO
2020-08-04 00:00:00-04:00,32.04999923706055,32.85900115966797,32.03900146484375,32.8390007019043,28.921430587768555,25258000,0.0,0.0,AVGO
2020-08-05 00:00:00-04:00,32.82500076293945,33.15800094604492,32.58000183105469,32.95399856567383,29.022708892822266,22299000,0.0,0.0,AVGO
2020-08-06 00:00:00-04:00,32.777000427246094,33.0880012512207,32.54100036621094,32.91600036621094,28.989240646362305,14193000,0.0,0.0,AVGO
2020-08-07 00:00:00-04:00,32.8390007019043,32.972999572753906,32.14799880981445,32.59299850463867,28.704774856567383,14192000,0.0,0.0,AVGO
2020-08-10 00:00:00-04:00,32.422000885009766,32.926998138427734,32.40599822998047,32.736000061035156,28.83072280883789,11989000,0.0,0.0,AVGO
2020-08-11 00:00:00-04:00,32.75699996948242,33.332000732421875,32.2760009765625,32.40299987792969,28.537445068359375,19316000,0.0,0.0,AVGO
2020-08-12 00:00:00-04:00,32.584999084472656,33.5880012512207,32.5359992980957,33.36399841308594,29.3837947845459,18471000,0.0,0.0,AVGO
2020-08-13 00:00:00-04:00,33.22100067138672,33.340999603271484,32.78499984741211,32.94200134277344,29.012142181396484,15095000,0.0,0.0,AVGO
2020-08-14 00:00:00-04:00,32.801998138427734,32.98500061035156,32.599998474121094,32.78200149536133,28.871227264404297,10140000,0.0,0.0,AVGO
2020-08-17 00:00:00-04:00,32.95100021362305,33.17900085449219,32.900001525878906,33.03200149536133,29.091407775878906,10594000,0.0,0.0,AVGO
2020-08-18 00:00:00-04:00,33.18600082397461,33.31800079345703,32.81399917602539,32.86399841308594,28.943449020385742,8857000,0.0,0.0,AVGO
2020-08-19 00:00:00-04:00,32.946998596191406,33.308998107910156,32.82400131225586,32.92100143432617,28.993648529052734,11273000,0.0,0.0,AVGO
2020-08-20 00:00:00-04:00,32.76900100708008,32.999000549316406,32.60599899291992,32.882999420166016,28.96017837524414,8910000,0.0,0.0,AVGO
2020-08-21 00:00:00-04:00,32.83000183105469,33.04600143432617,32.5,33.00199890136719,29.064979553222656,11508000,0.0,0.0,AVGO
2020-08-24 00:00:00-04:00,33.20100021362305,33.61899948120117,33.11399841308594,33.400001525878906,29.41550064086914,11996000,0.0,0.0,AVGO
2020-08-25 00:00:00-04:00,33.5,33.70899963378906,33.29999923706055,33.61399841308594,29.603979110717773,11140000,0.0,0.0,AVGO
2020-08-26 00:00:00-04:00,33.4739990234375,34.1510009765625,33.35100173950195,33.96699905395508,29.91486358642578,14844000,0.0,0.0,AVGO
2020-08-27 00:00:00-04:00,34.04899978637695,34.130001068115234,33.61399841308594,33.91400146484375,29.86819076538086,12552000,0.0,0.0,AVGO
2020-08-28 00:00:00-04:00,33.900001525878906,34.481998443603516,33.77000045776367,34.481998443603516,30.368425369262695,14589000,0.0,0.0,AVGO
2020-08-31 00:00:00-04:00,34.35200119018555,35.05799865722656,34.35200119018555,34.71500015258789,30.573633193969727,22229000,0.0,0.0,AVGO
2020-09-01 00:00:00-04:00,35.0,36.207000732421875,34.742000579833984,35.95399856567383,31.664825439453125,29205000,0.0,0.0,AVGO
2020-09-02 00:00:00-04:00,36.58599853515625,37.895999908447266,36.356998443603516,37.500999450683594,33.02726745605469,37053000,0.0,0.0,AVGO
2020-09-03 00:00:00-04:00,36.60100173950195,36.88999938964844,35.01599884033203,35.20899963378906,31.008697509765625,41795000,0.0,0.0,AVGO
2020-09-04 00:00:00-04:00,36.09700012207031,37.25299835205078,35.349998474121094,36.29499816894531,31.96514129638672,58514000,0.0,0.0,AVGO
2020-09-08 00:00:00-04:00,35.26599884033203,36.275001525878906,35.0,35.05400085449219,30.872190475463867,26685000,0.0,0.0,AVGO
2020-09-09 00:00:00-04:00,35.61600112915039,36.185001373291016,35.11000061035156,36.00299835205078,31.707979202270508,26273000,0.0,0.0,AVGO
2020-09-10 00:00:00-04:00,36.2130012512207,36.78300094604492,35.43899917602539,35.70800018310547,31.44817352294922,22851000,0.0,0.0,AVGO
2020-09-11 00:00:00-04:00,36.04999923706055,36.426998138427734,35.46799850463867,35.970001220703125,31.67892074584961,17362000,0.0,0.0,AVGO
2020-09-14 00:00:00-04:00,36.441001892089844,36.5890007019043,35.935001373291016,36.220001220703125,31.899085998535156,16447000,0.0,0.0,AVGO
2020-09-15 00:00:00-04:00,36.630001068115234,37.11199951171875,36.53499984741211,36.691001892089844,32.313907623291016,16618000,0.0,0.0,AVGO
2020-09-16 00:00:00-04:00,36.81800079345703,37.20000076293945,36.6349983215332,36.70399856567383,32.325347900390625,18498000,0.0,0.0,AVGO
2020-09-17 00:00:00-04:00,35.5,37.012001037597656,35.5,36.59199905395508,32.22671127319336,22862000,0.0,0.0,AVGO
2020-09-18 00:00:00-04:00,36.71200180053711,36.784000396728516,35.505001068115234,35.972999572753906,31.68155860900879,35295000,0.0,0.0,AVGO
2020-09-21 00:00:00-04:00,35.000999450683594,35.19599914550781,34.347999572753906,35.17900085449219,31.26474952697754,24198000,0.325,0.0,AVGO
2020-09-22 00:00:00-04:00,35.637001037597656,36.18000030517578,35.29499816894531,36.159000396728516,32.135704040527344,19500000,0.0,0.0,AVGO
2020-09-23 00:00:00-04:00,36.018001556396484,36.12099838256836,35.005001068115234,35.159000396728516,31.246963500976562,15542000,0.0,0.0,AVGO
2020-09-24 00:00:00-04:00,35.02000045776367,35.75699996948242,34.909000396728516,35.25199890136719,31.329627990722656,13611000,0.0,0.0,AVGO
2020-09-25 00:00:00-04:00,35.20500183105469,35.77199935913086,34.827999114990234,35.68000030517578,31.709999084472656,18183000,0.0,0.0,AVGO
2020-09-28 00:00:00-04:00,36.167999267578125,36.84299850463867,35.90299987792969,36.72999954223633,32.64316177368164,22192000,0.0,0.0,AVGO
2020-09-29 00:00:00-04:00,36.749000549316406,37.08000183105469,36.39899826049805,36.42599868774414,32.37298583984375,13722000,0.0,0.0,AVGO
2020-09-30 00:00:00-04:00,36.29499816894531,37.099998474121094,36.17100143432617,36.43199920654297,32.37832260131836,22403000,0.0,0.0,AVGO
2020-10-01 00:00:00-04:00,36.89799880981445,37.07099914550781,36.481998443603516,36.86000061035156,32.75870895385742,16016000,0.0,0.0,AVGO
2020-10-02 00:00:00-04:00,36.0,36.492000579833984,35.6150016784668,35.68299865722656,31.712665557861328,17100000,0.0,0.0,AVGO
2020-10-05 00:00:00-04:00,36.08399963378906,36.685001373291016,35.9900016784668,36.61000061035156,32.53651428222656,18923000,0.0,0.0,AVGO
2020-10-06 00:00:00-04:00,36.611000061035156,37.20000076293945,36.20199966430664,36.39799880981445,32.34809494018555,16672000,0.0,0.0,AVGO
2020-10-07 00:00:00-04:00,36.834999084472656,36.986000061035156,36.60599899291992,36.67399978637695,32.59339141845703,12747000,0.0,0.0,AVGO
2020-10-08 00:00:00-04:00,36.98899841308594,37.42900085449219,36.83100128173828,37.33300018310547,33.1790657043457,17045000,0.0,0.0,AVGO
2020-10-09 00:00:00-04:00,37.59299850463867,38.0,37.400001525878906,37.66999816894531,33.47856903076172,17253000,0.0,0.0,AVGO
2020-10-12 00:00:00-04:00,38.17900085449219,38.5099983215332,37.979000091552734,38.24300003051758,33.987815856933594,18839000,0.0,0.0,AVGO
2020-10-13 00:00:00-04:00,38.441001892089844,38.779998779296875,37.861000061035156,38.14899826049805,33.9042854309082,16731000,0.0,0.0,AVGO
2020-10-14 00:00:00-04:00,38.354000091552734,38.374000549316406,37.78499984741211,38.029998779296875,33.79850769042969,17298000,0.0,0.0,AVGO
2020-10-15 00:00:00-04:00,37.505001068115234,38.04899978637695,37.50199890136719,37.99300003051758,33.76563262939453,14361000,0.0,0.0,AVGO
2020-10-16 00:00:00-04:00,38.327999114990234,38.327999114990234,37.814998626708984,37.8650016784668,33.65187454223633,10295000,0.0,0.0,AVGO
2020-10-19 00:00:00-04:00,38.124000549316406,38.361000061035156,37.51499938964844,37.57699966430664,33.39592742919922,14803000,0.0,0.0,AVGO
2020-10-20 00:00:00-04:00,37.70100021362305,38.11399841308594,37.555999755859375,37.69900131225586,33.50434875488281,13297000,0.0,0.0,AVGO
2020-10-21 00:00:00-04:00,37.57699966430664,37.68600082397461,37.03099822998047,37.20500183105469,33.06531524658203,11896000,0.0,0.0,AVGO
2020-10-22 00:00:00-04:00,37.108001708984375,37.430999755859375,36.71099853515625,37.33700180053711,33.18262481689453,13547000,0.0,0.0,AVGO
2020-10-23 00:00:00-04:00,37.32600021362305,37.39400100708008,37.07600021362305,37.27199935913086,33.12485885620117,8868000,0.0,0.0,AVGO
2020-10-26 00:00:00-04:00,36.959999084472656,36.99599838256836,35.76100158691406,36.30400085449219,32.26456069946289,15509000,0.0,0.0,AVGO
2020-10-27 00:00:00-04:00,36.518001556396484,36.518001556396484,35.922000885009766,35.959999084472656,31.958837509155273,9620000,0.0,0.0,AVGO
2020-10-28 00:00:00-04:00,35.400001525878906,35.486000061035156,34.553001403808594,34.72100067138672,30.857702255249023,22331000,0.0,0.0,AVGO
2020-10-29 00:00:00-04:00,34.72600173950195,35.944000244140625,34.5369987487793,35.500999450683594,31.5509090423584,15697000,0.0,0.0,AVGO
2020-10-30 00:00:00-04:00,34.93899917602539,35.29899978637695,34.44200134277344,34.9630012512207,31.07277488708496,18530000,0.0,0.0,AVGO
2020-11-02 00:00:00-05:00,35.50400161743164,35.53900146484375,34.834999084472656,35.125,31.21674919128418,11757000,0.0,0.0,AVGO
2020-11-03 00:00:00-05:00,35.595001220703125,35.92399978637695,34.66600036621094,35.375999450683594,31.439821243286133,15457000,0.0,0.0,AVGO
2020-11-04 00:00:00-05:00,36.04800033569336,36.89799880981445,35.7140007019043,36.4630012512207,32.4058837890625,21277000,0.0,0.0,AVGO
2020-11-05 00:00:00-05:00,37.236000061035156,38.26499938964844,37.20100021362305,38.08700180053711,33.84917068481445,21783000,0.0,0.0,AVGO
2020-11-06 00:00:00-05:00,38.005001068115234,38.367000579833984,37.71699905395508,38.0620002746582,33.826961517333984,13545000,0.0,0.0,AVGO
2020-11-09 00:00:00-05:00,38.90999984741211,39.388999938964844,37.500999450683594,37.55400085449219,33.37547302246094,24088000,0.0,0.0,AVGO
2020-11-10 00:00:00-05:00,37.03200149536133,37.31999969482422,36.0359992980957,36.3129997253418,32.27256774902344,26784000,0.0,0.0,AVGO
2020-11-11 00:00:00-05:00,37.08599853515625,37.7140007019043,36.85499954223633,37.59199905395508,33.409244537353516,15133000,0.0,0.0,AVGO
2020-11-12 00:00:00-05:00,37.722999572753906,37.86000061035156,36.827999114990234,37.02000045776367,32.900901794433594,12160000,0.0,0.0,AVGO
2020-11-13 00:00:00-05:00,37.5,37.733001708984375,37.15800094604492,37.349998474121094,33.194175720214844,10997000,0.0,0.0,AVGO
2020-11-16 00:00:00-05:00,37.48099899291992,38.137001037597656,37.400001525878906,38.08100128173828,33.84385299682617,12100000,0.0,0.0,AVGO
2020-11-17 00:00:00-05:00,37.86600112915039,38.24399948120117,37.702999114990234,38.060001373291016,33.82517623901367,11950000,0.0,0.0,AVGO
2020-11-18 00:00:00-05:00,37.98899841308594,38.49399948120117,37.96200180053711,38.0620002746582,33.826961517333984,13517000,0.0,0.0,AVGO
2020-11-19 00:00:00-05:00,37.77199935913086,38.48400115966797,37.435001373291016,38.43299865722656,34.156681060791016,14555000,0.0,0.0,AVGO
2020-11-20 00:00:00-05:00,38.430999755859375,38.8849983215332,38.27000045776367,38.33300018310547,34.067806243896484,16140000,0.0,0.0,AVGO
2020-11-23 00:00:00-05:00,38.5369987487793,38.915000915527344,38.29999923706055,38.70000076293945,34.39396286010742,12212000,0.0,0.0,AVGO
2020-11-24 00:00:00-05:00,38.86199951171875,39.28099822998047,38.61800003051758,39.222999572753906,34.8587760925293,13455000,0.0,0.0,AVGO
2020-11-25 00:00:00-05:00,39.284000396728516,39.54999923706055,38.900001525878906,39.08300018310547,34.734352111816406,11787000,0.0,0.0,AVGO
2020-11-27 00:00:00-05:00,39.314998626708984,39.91699981689453,39.29999923706055,39.494998931884766,35.10050964355469,6846000,0.0,0.0,AVGO
2020-11-30 00:00:00-05:00,39.402000427246094,40.215999603271484,39.27399826049805,40.15800094604492,35.68974304199219,15454000,0.0,0.0,AVGO
2020-12-01 00:00:00-05:00,40.34600067138672,40.667999267578125,40.012001037597656,40.457000732421875,35.95547103881836,18181000,0.0,0.0,AVGO
2020-12-02 00:00:00-05:00,40.4739990234375,40.54100036621094,40.111000061035156,40.37300109863281,35.880821228027344,10031000,0.0,0.0,AVGO
2020-12-03 00:00:00-05:00,40.45000076293945,40.66400146484375,39.810001373291016,39.97999954223633,35.531551361083984,16120000,0.0,0.0,AVGO
2020-12-04 00:00:00-05:00,40.2400016784668,41.2400016784668,40.23899841308594,41.167999267578125,36.587364196777344,20083000,0.0,0.0,AVGO
2020-12-07 00:00:00-05:00,41.64099884033203,42.284000396728516,41.33399963378906,42.0890007019043,37.405887603759766,19707000,0.0,0.0,AVGO
2020-12-08 00:00:00-05:00,41.928001403808594,42.66999816894531,41.816001892089844,42.340999603271484,37.62984085083008,18121000,0.0,0.0,AVGO
2020-12-09 00:00:00-05:00,41.946998596191406,42.61000061035156,41.367000579833984,41.62200164794922,36.990848541259766,20908000,0.0,0.0,AVGO
2020-12-10 00:00:00-05:00,41.14400100708008,41.525001525878906,40.80099868774414,41.00400161743164,36.44161605834961,26244000,0.0,0.0,AVGO
2020-12-11 00:00:00-05:00,40.400001525878906,40.70000076293945,39.827999114990234,40.582000732421875,36.06657028198242,26664000,0.0,0.0,AVGO
2020-12-14 00:00:00-05:00,40.65299987792969,41.43000030517578,40.599998474121094,41.18000030517578,36.598026275634766,26116000,0.0,0.0,AVGO
2020-12-15 00:00:00-05:00,41.52799987792969,41.93899917602539,41.29899978637695,41.805999755859375,37.15436935424805,21207000,0.0,0.0,AVGO
2020-12-16 00:00:00-05:00,41.79999923706055,42.71500015258789,41.69599914550781,42.4900016784668,37.762271881103516,23160000,0.0,0.0,AVGO
2020-12-17 00:00:00-05:00,42.650001525878906,43.000999450683594,42.45500183105469,42.61000061035156,37.86891555786133,17152000,0.0,0.0,AVGO
2020-12-18 00:00:00-05:00,42.47999954223633,43.564998626708984,42.20000076293945,43.45600128173828,38.949867248535156,45243000,0.36,0.0,AVGO
2020-12-21 00:00:00-05:00,42.814998626708984,43.20000076293945,42.369998931884766,42.88800048828125,38.440757751464844,19096000,0.0,0.0,AVGO
2020-12-22 00:00:00-05:00,42.88800048828125,43.35499954223633,42.79999923706055,43.310001373291016,38.81901168823242,17929000,0.0,0.0,AVGO
2020-12-23 00:00:00-05:00,43.5,43.599998474121094,42.507999420166016,42.54600143432617,38.134220123291016,10533000,0.0,0.0,AVGO
2020-12-24 00:00:00-05:00,42.8489990234375,43.20000076293945,42.75699996948242,43.145999908447266,38.6720085144043,4123000,0.0,0.0,AVGO
2020-12-28 00:00:00-05:00,43.433998107910156,43.72700119018555,43.1150016784668,43.1879997253418,38.70964431762695,10625000,0.0,0.0,AVGO
2020-12-29 00:00:00-05:00,43.58300018310547,43.58300018310547,42.67900085449219,42.90399932861328,38.45509719848633,9593000,0.0,0.0,AVGO
2020-12-30 00:00:00-05:00,43.16699981689453,43.79999923706055,43.0099983215332,43.483001708984375,38.974056243896484,10553000,0.0,0.0,AVGO
2020-12-31 00:00:00-05:00,43.63100051879883,43.849998474121094,43.30500030517578,43.78499984741211,39.2447509765625,10211000,0.0,0.0,AVGO
2021-01-04 00:00:00-05:00,43.93299865722656,44.2239990234375,42.124000549316406,42.52199935913086,38.11270523071289,24171000,0.0,0.0,AVGO
2021-01-05 00:00:00-05:00,42.505001068115234,42.93899917602539,42.2400016784668,42.810001373291016,38.370845794677734,15069000,0.0,0.0,AVGO
2021-01-06 00:00:00-05:00,42.33000183105469,43.45800018310547,42.05400085449219,42.54600143432617,38.134220123291016,17226000,0.0,0.0,AVGO
2021-01-07 00:00:00-05:00,43.20600128173828,44.45899963378906,43.060001373291016,44.3390007019043,39.741302490234375,21267000,0.0,0.0,AVGO
2021-01-08 00:00:00-05:00,44.70000076293945,44.999000549316406,43.8650016784668,44.56399917602539,39.942970275878906,15271000,0.0,0.0,AVGO
2021-01-11 00:00:00-05:00,44.06100082397461,44.87799835205078,44.04199981689453,44.57600021362305,39.95372009277344,11660000,0.0,0.0,AVGO
2021-01-12 00:00:00-05:00,44.777000427246094,45.47600173950195,44.560001373291016,44.93899917602539,40.27907943725586,13846000,0.0,0.0,AVGO
2021-01-13 00:00:00-05:00,45.029998779296875,45.3489990234375,44.81100082397461,45.12099838256836,40.44221878051758,13118000,0.0,0.0,AVGO
2021-01-14 00:00:00-05:00,45.35100173950195,45.849998474121094,45.132999420166016,45.207000732421875,40.519283294677734,19692000,0.0,0.0,AVGO
2021-01-15 00:00:00-05:00,44.81800079345703,45.0,44.066001892089844,44.584999084472656,39.961795806884766,18165000,0.0,0.0,AVGO
2021-01-19 00:00:00-05:00,44.827999114990234,45.94900131225586,44.827999114990234,45.926998138427734,41.16463851928711,18819000,0.0,0.0,AVGO
2021-01-20 00:00:00-05:00,45.95199966430664,46.57899856567383,45.5,46.1879997253418,41.3985710144043,14710000,0.0,0.0,AVGO
2021-01-21 00:00:00-05:00,46.21099853515625,46.946998596191406,46.040000915527344,46.68199920654297,41.84133529663086,15749000,0.0,0.0,AVGO
2021-01-22 00:00:00-05:00,46.37200164794922,46.755001068115234,46.237998962402344,46.50199890136719,41.680015563964844,16248000,0.0,0.0,AVGO
2021-01-25 00:00:00-05:00,46.95600128173828,47.0,45.608001708984375,46.479000091552734,41.65938949584961,14692000,0.0,0.0,AVGO
2021-01-26 00:00:00-05:00,46.26499938964844,46.702999114990234,46.1879997253418,46.387001037597656,41.57693099975586,10742000,0.0,0.0,AVGO
2021-01-27 00:00:00-05:00,45.55400085449219,45.69599914550781,44.1510009765625,44.470001220703125,39.85871505737305,21857000,0.0,0.0,AVGO
2021-01-28 00:00:00-05:00,45.553001403808594,45.847999572753906,44.702999114990234,45.17399978637695,40.48971176147461,16946000,0.0,0.0,AVGO
2021-01-29 00:00:00-05:00,44.9900016784668,45.810001373291016,44.76300048828125,45.04999923706055,40.37856674194336,22069000,0.0,0.0,AVGO
2021-02-01 00:00:00-05:00,45.584999084472656,46.93199920654297,45.35900115966797,46.67399978637695,41.83417510986328,17027000,0.0,0.0,AVGO
2021-02-02 00:00:00-05:00,46.97600173950195,47.696998596191406,46.79999923706055,47.6879997253418,42.7430305480957,16141000,0.0,0.0,AVGO
2021-02-03 00:00:00-05:00,47.69300079345703,47.85200119018555,46.45899963378906,46.51900100708008,41.69524383544922,17857000,0.0,0.0,AVGO
2021-02-04 00:00:00-05:00,46.0,47.11600112915039,45.74800109863281,47.0629997253418,42.182838439941406,15243000,0.0,0.0,AVGO
2021-02-05 00:00:00-05:00,47.43299865722656,47.69200134277344,46.5359992980957,46.60100173950195,41.76874542236328,12488000,0.0,0.0,AVGO
2021-02-08 00:00:00-05:00,46.875,47.34199905395508,46.55799865722656,47.27000045776367,42.36837387084961,17610000,0.0,0.0,AVGO
2021-02-09 00:00:00-05:00,47.20000076293945,47.51900100708008,46.86199951171875,47.4630012512207,42.54135513305664,12758000,0.0,0.0,AVGO
2021-02-10 00:00:00-05:00,47.72100067138672,47.749000549316406,46.54899978637695,47.005001068115234,42.130855560302734,14587000,0.0,0.0,AVGO
2021-02-11 00:00:00-05:00,47.36899948120117,47.935001373291016,46.91899871826172,47.8390007019043,42.87837219238281,17123000,0.0,0.0,AVGO
2021-02-12 00:00:00-05:00,47.8380012512207,48.70199966430664,47.48899841308594,48.63199996948242,43.589141845703125,13551000,0.0,0.0,AVGO
2021-02-16 00:00:00-05:00,49.0880012512207,49.47800064086914,48.70199966430664,48.91299819946289,43.841007232666016,15163000,0.0,0.0,AVGO
2021-02-17 00:00:00-05:00,48.42300033569336,48.61199951171875,47.50600051879883,48.24800109863281,43.24496841430664,14084000,0.0,0.0,AVGO
2021-02-18 00:00:00-05:00,48.02299880981445,48.54100036621094,47.51300048828125,48.32600021362305,43.31487274169922,16715000,0.0,0.0,AVGO
2021-02-19 00:00:00-05:00,48.724998474121094,49.513999938964844,48.676998138427734,48.99599838256836,43.9153938293457,17992000,0.0,0.0,AVGO
2021-02-22 00:00:00-05:00,48.400001525878906,48.6609992980957,47.53200149536133,47.63600158691406,42.696414947509766,16967000,0.0,0.0,AVGO
2021-02-23 00:00:00-05:00,47.11399841308594,47.46200180053711,45.60599899291992,47.189998626708984,42.296669006347656,21303000,0.0,0.0,AVGO
2021-02-24 00:00:00-05:00,46.768001556396484,48.14099884033203,46.26599884033203,48.0880012512207,43.10154724121094,15125000,0.0,0.0,AVGO
2021-02-25 00:00:00-05:00,47.474998474121094,47.9379997253418,45.520999908447266,45.715999603271484,40.97551345825195,23148000,0.0,0.0,AVGO
2021-02-26 00:00:00-05:00,46.75299835205078,47.57600021362305,46.07400131225586,46.98699951171875,42.11471176147461,22640000,0.0,0.0,AVGO
2021-03-01 00:00:00-05:00,47.970001220703125,49.0,47.38600158691406,48.95800018310547,43.8813362121582,24677000,0.0,0.0,AVGO
2021-03-02 00:00:00-05:00,49.0369987487793,49.08599853515625,47.959999084472656,48.05099868774414,43.06838607788086,18546000,0.0,0.0,AVGO
2021-03-03 00:00:00-05:00,47.79999923706055,48.138999938964844,46.196998596191406,46.305999755859375,41.50433349609375,23991000,0.0,0.0,AVGO
2021-03-04 00:00:00-05:00,46.16699981689453,46.70000076293945,44.143001556396484,44.35900115966797,39.75922775268555,34575000,0.0,0.0,AVGO
2021-03-05 00:00:00-05:00,45.42499923706055,45.599998474121094,43.29999923706055,45.013999938964844,40.346309661865234,42414000,0.0,0.0,AVGO
2021-03-08 00:00:00-05:00,44.68299865722656,44.79600143432617,41.92599868774414,42.125,37.75687789916992,45243000,0.0,0.0,AVGO
2021-03-09 00:00:00-05:00,43.569000244140625,44.689998626708984,43.060001373291016,44.36000061035156,39.76011657714844,37884000,0.0,0.0,AVGO
2021-03-10 00:00:00-05:00,44.73500061035156,45.40299987792969,43.5099983215332,43.75899887084961,39.22144317626953,19914000,0.0,0.0,AVGO
2021-03-11 00:00:00-05:00,44.902000427246094,45.744998931884766,44.20899963378906,45.36899948120117,40.66448974609375,26170000,0.0,0.0,AVGO
2021-03-12 00:00:00-05:00,44.5359992980957,45.3489990234375,44.45199966430664,45.117000579833984,40.43862533569336,18906000,0.0,0.0,AVGO
2021-03-15 00:00:00-04:00,45.518001556396484,47.12300109863281,45.319000244140625,47.07699966430664,42.19538116455078,31241000,0.0,0.0,AVGO
2021-03-16 00:00:00-04:00,47.12699890136719,48.400001525878906,46.74100112915039,47.81800079345703,42.85955047607422,31190000,0.0,0.0,AVGO
2021-03-17 00:00:00-04:00,47.029998779296875,48.72700119018555,47.000999450683594,48.35900115966797,43.34444808959961,23754000,0.0,0.0,AVGO
2021-03-18 00:00:00-04:00,47.45600128173828,48.334999084472656,46.375,46.415000915527344,41.602027893066406,28728000,0.0,0.0,AVGO
2021-03-19 00:00:00-04:00,45.70500183105469,47.667999267578125,45.40999984741211,47.44599914550781,42.85853576660156,108602000,0.36,0.0,AVGO
2021-03-22 00:00:00-04:00,47.29100036621094,48.12799835205078,47.16699981689453,47.52799987792969,42.932613372802734,31805000,0.0,0.0,AVGO
2021-03-23 00:00:00-04:00,47.37799835205078,47.5369987487793,46.26499938964844,46.40599822998047,41.91908645629883,24712000,0.0,0.0,AVGO
2021-03-24 00:00:00-04:00,46.94499969482422,46.999000549316406,45.6870002746582,45.72700119018555,41.30574035644531,20882000,0.0,0.0,AVGO
2021-03-25 00:00:00-04:00,45.49599838256836,46.402000427246094,44.930999755859375,46.16999816894531,41.70591735839844,17537000,0.0,0.0,AVGO
2021-03-26 00:00:00-04:00,45.66400146484375,48.29999923706055,45.66400146484375,48.20399856567383,43.54324722290039,28925000,0.0,0.0,AVGO
2021-03-29 00:00:00-04:00,48.040000915527344,48.11600112915039,46.82699966430664,47.262001037597656,42.69232177734375,28410000,0.0,0.0,AVGO
2021-03-30 00:00:00-04:00,46.38800048828125,46.400001525878906,45.1619987487793,45.61600112915039,41.205474853515625,27935000,0.0,0.0,AVGO
2021-03-31 00:00:00-04:00,45.900001525878906,46.707000732421875,45.2400016784668,46.36600112915039,41.882957458496094,28684000,0.0,0.0,AVGO
2021-04-01 00:00:00-04:00,47.207000732421875,47.65800094604492,46.91999816894531,47.595001220703125,42.99312973022461,23528000,0.0,0.0,AVGO
2021-04-05 00:00:00-04:00,48.029998779296875,48.9640007019043,47.68199920654297,48.847999572753906,44.12498092651367,22966000,0.0,0.0,AVGO
2021-04-06 00:00:00-04:00,48.3120002746582,48.821998596191406,47.77399826049805,48.387001037597656,43.70854949951172,18063000,0.0,0.0,AVGO
2021-04-07 00:00:00-04:00,48.000999450683594,48.39099884033203,47.79999923706055,48.24599838256836,43.5811882019043,12074000,0.0,0.0,AVGO
2021-04-08 00:00:00-04:00,48.79800033569336,48.79800033569336,48.012001037597656,48.54800033569336,43.85397720336914,18121000,0.0,0.0,AVGO
2021-04-09 00:00:00-04:00,48.0,48.53099822998047,47.65399932861328,48.50899887084961,43.818748474121094,16614000,0.0,0.0,AVGO
2021-04-12 00:00:00-04:00,48.19300079345703,48.54199981689453,47.86000061035156,48.367000579833984,43.69048309326172,23247000,0.0,0.0,AVGO
2021-04-13 00:00:00-04:00,48.5,48.821998596191406,48.02899932861328,48.49599838256836,43.8070182800293,15281000,0.0,0.0,AVGO
2021-04-14 00:00:00-04:00,48.24700164794922,48.91899871826172,47.51900100708008,47.72999954223633,43.115081787109375,18220000,0.0,0.0,AVGO
2021-04-15 00:00:00-04:00,48.16400146484375,48.23099899291992,47.678001403808594,48.0,43.35895919799805,18370000,0.0,0.0,AVGO
2021-04-16 00:00:00-04:00,48.04800033569336,48.178001403808594,47.678001403808594,47.87900161743164,43.249671936035156,16263000,0.0,0.0,AVGO
2021-04-19 00:00:00-04:00,47.65299987792969,47.68000030517578,46.005001068115234,46.20000076293945,41.73301315307617,26319000,0.0,0.0,AVGO
2021-04-20 00:00:00-04:00,46.000999450683594,46.202999114990234,45.45399856567383,45.72600173950195,41.30483627319336,19128000,0.0,0.0,AVGO
2021-04-21 00:00:00-04:00,45.52199935913086,46.034000396728516,45.2599983215332,45.979000091552734,41.533382415771484,25947000,0.0,0.0,AVGO
2021-04-22 00:00:00-04:00,45.5099983215332,46.11399841308594,44.900001525878906,45.51100158691406,41.11063003540039,27057000,0.0,0.0,AVGO
2021-04-23 00:00:00-04:00,45.8489990234375,46.78499984741211,45.75,46.612998962402344,42.1060791015625,22890000,0.0,0.0,AVGO
2021-04-26 00:00:00-04:00,46.70199966430664,47.382999420166016,46.356998443603516,47.185001373291016,42.62277603149414,18271000,0.0,0.0,AVGO
2021-04-27 00:00:00-04:00,47.369998931884766,47.42599868774414,46.50600051879883,46.6349983215332,42.125946044921875,13267000,0.0,0.0,AVGO
2021-04-28 00:00:00-04:00,46.5369987487793,46.59700012207031,45.60499954223633,45.91999816894531,41.48008346557617,15940000,0.0,0.0,AVGO
2021-04-29 00:00:00-04:00,46.96900177001953,46.96900177001953,45.90299987792969,46.62900161743164,42.12053298950195,14650000,0.0,0.0,AVGO
2021-04-30 00:00:00-04:00,45.97100067138672,46.073001861572266,45.38399887084961,45.619998931884766,41.20907974243164,19367000,0.0,0.0,AVGO
2021-05-03 00:00:00-04:00,45.974998474121094,45.98400115966797,44.827999114990234,45.013999938964844,40.661678314208984,15098000,0.0,0.0,AVGO
2021-05-04 00:00:00-04:00,44.72200012207031,44.77000045776367,43.73099899291992,44.45399856567383,40.15583038330078,23497000,0.0,0.0,AVGO
2021-05-05 00:00:00-04:00,45.04100036621094,45.14400100708008,44.23699951171875,44.382999420166016,40.0916862487793,16388000,0.0,0.0,AVGO
2021-05-06 00:00:00-04:00,44.380001068115234,44.909000396728516,43.98400115966797,44.858001708984375,40.5207633972168,13495000,0.0,0.0,AVGO
2021-05-07 00:00:00-04:00,45.45899963378906,45.8380012512207,44.91999816894531,45.257999420166016,40.88209533691406,11712000,0.0,0.0,AVGO
2021-05-10 00:00:00-04:00,44.8380012512207,44.85300064086914,43.57699966430664,43.61000061035156,39.39342498779297,25239000,0.0,0.0,AVGO
2021-05-11 00:00:00-04:00,42.5,44.17599868774414,42.30500030517578,44.00699996948242,39.75204849243164,17887000,0.0,0.0,AVGO
2021-05-12 00:00:00-04:00,42.92900085449219,43.08599853515625,41.91400146484375,42.237998962402344,38.154083251953125,29940000,0.0,0.0,AVGO
2021-05-13 00:00:00-04:00,42.98899841308594,43.481998443603516,42.56399917602539,43.060001373291016,38.8965950012207,21841000,0.0,0.0,AVGO
2021-05-14 00:00:00-04:00,43.638999938964844,44.512001037597656,43.20500183105469,44.1619987487793,39.892059326171875,16964000,0.0,0.0,AVGO
2021-05-17 00:00:00-04:00,44.2140007019043,44.2140007019043,43.284000396728516,43.99399948120117,39.74031066894531,15725000,0.0,0.0,AVGO
2021-05-18 00:00:00-04:00,44.391998291015625,44.444000244140625,43.327999114990234,43.374000549316406,39.18025207519531,17824000,0.0,0.0,AVGO
2021-05-19 00:00:00-04:00,42.599998474121094,44.25,42.56999969482422,44.172000885009766,39.901092529296875,21369000,0.0,0.0,AVGO
2021-05-20 00:00:00-04:00,44.57500076293945,45.93000030517578,44.53300094604492,45.5,41.10068893432617,21886000,0.0,0.0,AVGO
2021-05-21 00:00:00-04:00,45.79899978637695,45.79899978637695,44.933998107910156,45.124000549316406,40.76104736328125,13216000,0.0,0.0,AVGO
2021-05-24 00:00:00-04:00,45.69200134277344,46.24399948120117,45.63600158691406,45.91899871826172,41.479183197021484,14420000,0.0,0.0,AVGO
2021-05-25 00:00:00-04:00,46.189998626708984,46.29600143432617,45.650001525878906,45.95399856567383,41.51079177856445,9600000,0.0,0.0,AVGO
2021-05-26 00:00:00-04:00,46.07699966430664,46.209999084472656,45.553001403808594,46.04899978637695,41.59661102294922,9873000,0.0,0.0,AVGO
2021-05-27 00:00:00-04:00,46.0,46.84400177001953,45.96500015258789,46.768001556396484,42.246089935302734,19098000,0.0,0.0,AVGO
2021-05-28 00:00:00-04:00,47.0,47.46200180053711,46.768001556396484,47.233001708984375,42.66613006591797,19946000,0.0,0.0,AVGO
2021-06-01 00:00:00-04:00,47.54399871826172,47.79999923706055,46.720001220703125,46.83100128173828,42.303001403808594,16277000,0.0,0.0,AVGO
2021-06-02 00:00:00-04:00,47.18299865722656,47.77000045776367,46.946998596191406,47.37300109863281,42.79259490966797,13286000,0.0,0.0,AVGO
2021-06-03 00:00:00-04:00,46.880001068115234,46.97600173950195,46.32600021362305,46.47999954223633,41.98593521118164,20389000,0.0,0.0,AVGO
2021-06-04 00:00:00-04:00,47.04999923706055,47.84000015258789,46.95199966430664,47.5,42.907310485839844,23865000,0.0,0.0,AVGO
2021-06-07 00:00:00-04:00,47.29999923706055,47.448001861572266,46.24700164794922,46.37799835205078,41.893802642822266,24142000,0.0,0.0,AVGO
2021-06-08 00:00:00-04:00,46.80500030517578,47.23899841308594,46.35100173950195,46.35300064086914,41.871212005615234,16615000,0.0,0.0,AVGO
2021-06-09 00:00:00-04:00,46.71900177001953,46.71900177001953,46.172000885009766,46.393001556396484,41.9073486328125,12126000,0.0,0.0,AVGO
2021-06-10 00:00:00-04:00,46.54999923706055,46.95399856567383,46.020999908447266,46.867000579833984,42.33552169799805,15413000,0.0,0.0,AVGO
2021-06-11 00:00:00-04:00,46.84400177001953,47.2130012512207,46.71500015258789,47.06999969482422,42.518898010253906,14508000,0.0,0.0,AVGO
2021-06-14 00:00:00-04:00,47.04899978637695,47.59000015258789,46.60599899291992,47.58300018310547,42.98228454589844,14675000,0.0,0.0,AVGO
2021-06-15 00:00:00-04:00,47.65599822998047,47.65700149536133,46.85499954223633,47.07400131225586,42.52250671386719,11131000,0.0,0.0,AVGO
2021-06-16 00:00:00-04:00,47.027000427246094,47.11199951171875,46.14799880981445,46.57500076293945,42.07175827026367,20437000,0.0,0.0,AVGO
2021-06-17 00:00:00-04:00,46.487998962402344,47.52399826049805,46.39400100708008,47.117000579833984,42.56134033203125,20881000,0.0,0.0,AVGO
2021-06-18 00:00:00-04:00,46.72700119018555,46.97600173950195,46.05099868774414,46.349998474121094,41.868507385253906,28537000,0.0,0.0,AVGO
2021-06-21 00:00:00-04:00,46.117000579833984,46.53799819946289,45.84400177001953,46.46099853515625,42.297298431396484,18591000,0.36,0.0,AVGO
2021-06-22 00:00:00-04:00,46.65800094604492,46.858001708984375,46.13199996948242,46.44499969482422,42.28272247314453,13722000,0.0,0.0,AVGO
2021-06-23 00:00:00-04:00,46.38600158691406,46.78799819946289,46.30400085449219,46.66600036621094,42.483924865722656,17674000,0.0,0.0,AVGO
2021-06-24 00:00:00-04:00,46.98899841308594,47.3650016784668,46.86000061035156,47.00600051879883,42.79344940185547,12502000,0.0,0.0,AVGO
2021-06-25 00:00:00-04:00,47.1349983215332,47.244998931884766,46.0,46.220001220703125,42.0778923034668,19100000,0.0,0.0,AVGO
2021-06-28 00:00:00-04:00,46.599998474121094,47.62900161743164,46.55099868774414,47.279998779296875,43.04289627075195,13987000,0.0,0.0,AVGO
2021-06-29 00:00:00-04:00,47.23699951171875,47.73099899291992,47.07400131225586,47.71500015258789,43.43891906738281,14184000,0.0,0.0,AVGO
2021-06-30 00:00:00-04:00,47.8129997253418,47.85900115966797,47.25299835205078,47.683998107910156,43.41069030761719,15381000,0.0,0.0,AVGO
2021-07-01 00:00:00-04:00,47.784000396728516,47.784000396728516,46.893001556396484,46.9640007019043,42.755218505859375,11153000,0.0,0.0,AVGO
2021-07-02 00:00:00-04:00,47.676998138427734,47.858001708984375,45.57099914550781,46.81700134277344,42.621395111083984,37054000,0.0,0.0,AVGO
2021-07-06 00:00:00-04:00,47.040000915527344,47.67499923706055,46.83000183105469,47.327999114990234,43.08658981323242,13870000,0.0,0.0,AVGO
2021-07-07 00:00:00-04:00,47.5,47.5359992980957,46.637001037597656,46.95399856567383,42.74610900878906,12581000,0.0,0.0,AVGO
2021-07-08 00:00:00-04:00,46.44200134277344,47.108001708984375,46.15599822998047,47.04999923706055,42.83350372314453,16011000,0.0,0.0,AVGO
2021-07-09 00:00:00-04:00,46.957000732421875,48.0880012512207,46.803001403808594,48.018001556396484,43.71476364135742,16782000,0.0,0.0,AVGO
2021-07-12 00:00:00-04:00,48.13199996948242,49.402000427246094,47.32600021362305,48.57500076293945,44.22184371948242,33142000,0.0,0.0,AVGO
2021-07-13 00:00:00-04:00,48.53300094604492,48.75299835205078,48.20000076293945,48.4010009765625,44.06343460083008,11806000,0.0,0.0,AVGO
2021-07-14 00:00:00-04:00,48.91999816894531,49.20000076293945,48.07500076293945,48.159000396728516,43.8431282043457,14020000,0.0,0.0,AVGO
2021-07-15 00:00:00-04:00,48.327999114990234,48.44499969482422,47.3120002746582,47.73400115966797,43.45621871948242,12624000,0.0,0.0,AVGO
2021-07-16 00:00:00-04:00,47.90599822998047,48.02799987792969,46.72600173950195,46.80699920654297,42.6122932434082,13980000,0.0,0.0,AVGO
2021-07-19 00:00:00-04:00,46.347999572753906,46.59700012207031,45.75899887084961,46.56700134277344,42.393798828125,14938000,0.0,0.0,AVGO
2021-07-20 00:00:00-04:00,46.78900146484375,47.224998474121094,46.32699966430664,46.85900115966797,42.659629821777344,20727000,0.0,0.0,AVGO
2021-07-21 00:00:00-04:00,46.9630012512207,47.928001403808594,46.849998474121094,47.902000427246094,43.60914993286133,13660000,0.0,0.0,AVGO
2021-07-22 00:00:00-04:00,47.65999984741211,47.89899826049805,47.45100021362305,47.632999420166016,43.364261627197266,12583000,0.0,0.0,AVGO
2021-07-23 00:00:00-04:00,48.00299835205078,48.358001708984375,47.68299865722656,48.314998626708984,43.985145568847656,13489000,0.0,0.0,AVGO
2021-07-26 00:00:00-04:00,48.215999603271484,48.36199951171875,47.96799850463867,48.2239990234375,43.90230178833008,11160000,0.0,0.0,AVGO
2021-07-27 00:00:00-04:00,48.07600021362305,48.180999755859375,46.779998779296875,47.5359992980957,43.275943756103516,14715000,0.0,0.0,AVGO
2021-07-28 00:00:00-04:00,47.66999816894531,47.90800094604492,47.43199920654297,47.76499938964844,43.48444366455078,8359000,0.0,0.0,AVGO
2021-07-29 00:00:00-04:00,47.84700012207031,48.58300018310547,47.74399948120117,48.4109992980957,44.07254409790039,9162000,0.0,0.0,AVGO
2021-07-30 00:00:00-04:00,48.19599914550781,48.63399887084961,47.957000732421875,48.540000915527344,44.18998336791992,11548000,0.0,0.0,AVGO
2021-08-02 00:00:00-04:00,48.904998779296875,49.459999084472656,48.35100173950195,48.46799850463867,44.12443161010742,15619000,0.0,0.0,AVGO
2021-08-03 00:00:00-04:00,48.54899978637695,48.7760009765625,47.99599838256836,48.67900085449219,44.3165283203125,11135000,0.0,0.0,AVGO
2021-08-04 00:00:00-04:00,48.85300064086914,48.99800109863281,48.4010009765625,48.779998779296875,44.408470153808594,12123000,0.0,0.0,AVGO
2021-08-05 00:00:00-04:00,49.042999267578125,49.042999267578125,48.48899841308594,48.766998291015625,44.39664077758789,8372000,0.0,0.0,AVGO
2021-08-06 00:00:00-04:00,48.50699996948242,48.8120002746582,48.40299987792969,48.542999267578125,44.19270706176758,9964000,0.0,0.0,AVGO
2021-08-09 00:00:00-04:00,48.64899826049805,48.68299865722656,48.099998474121094,48.46799850463867,44.12443161010742,5952000,0.0,0.0,AVGO
2021-08-10 00:00:00-04:00,48.59000015258789,48.64500045776367,47.78300094604492,48.22600173950195,43.90412521362305,9319000,0.0,0.0,AVGO
2021-08-11 00:00:00-04:00,48.48099899291992,48.59700012207031,47.979000091552734,48.35499954223633,44.02155303955078,9816000,0.0,0.0,AVGO
2021-08-12 00:00:00-04:00,48.22800064086914,48.5,47.67300033569336,48.42599868774414,44.086204528808594,8702000,0.0,0.0,AVGO
2021-08-13 00:00:00-04:00,48.26100158691406,48.89699935913086,48.21099853515625,48.61600112915039,44.259178161621094,8582000,0.0,0.0,AVGO
2021-08-16 00:00:00-04:00,48.483001708984375,48.89099884033203,48.439998626708984,48.81399917602539,44.43941879272461,9188000,0.0,0.0,AVGO
2021-08-17 00:00:00-04:00,48.558998107910156,48.62200164794922,47.45199966430664,47.86899948120117,43.5791130065918,16499000,0.0,0.0,AVGO
2021-08-18 00:00:00-04:00,47.665000915527344,47.70800018310547,46.834999084472656,46.89699935913086,42.6942253112793,15616000,0.0,0.0,AVGO
2021-08-19 00:00:00-04:00,46.6349983215332,47.58300018310547,46.26599884033203,47.35300064086914,43.10935592651367,14044000,0.0,0.0,AVGO
2021-08-20 00:00:00-04:00,47.28200149536133,47.62300109863281,47.04399871826172,47.516998291015625,43.25865936279297,10007000,0.0,0.0,AVGO
2021-08-23 00:00:00-04:00,47.632999420166016,48.61899948120117,47.56999969482422,48.244998931884766,43.921424865722656,15707000,0.0,0.0,AVGO
2021-08-24 00:00:00-04:00,48.2400016784668,48.30400085449219,48.01599884033203,48.143001556396484,43.828556060791016,9429000,0.0,0.0,AVGO
2021-08-25 00:00:00-04:00,48.15700149536133,48.62699890136719,48.15700149536133,48.340999603271484,44.008811950683594,10017000,0.0,0.0,AVGO
2021-08-26 00:00:00-04:00,48.29999923706055,48.81100082397461,48.060001373291016,48.57400131225586,44.220943450927734,10836000,0.0,0.0,AVGO
2021-08-27 00:00:00-04:00,48.80099868774414,49.64400100708008,48.66400146484375,49.59400177001953,45.14952850341797,16459000,0.0,0.0,AVGO
2021-08-30 00:00:00-04:00,50.0,50.78499984741211,49.82500076293945,49.888999938964844,45.41808319091797,19614000,0.0,0.0,AVGO
2021-08-31 00:00:00-04:00,50.12900161743164,50.12900161743164,49.27000045776367,49.72100067138672,45.265140533447266,17378000,0.0,0.0,AVGO
2021-09-01 00:00:00-04:00,49.62699890136719,49.92399978637695,49.28900146484375,49.316001892089844,44.896446228027344,12586000,0.0,0.0,AVGO
2021-09-02 00:00:00-04:00,49.57899856567383,49.597999572753906,49.01599884033203,49.189998626708984,44.7817268371582,16991000,0.0,0.0,AVGO
2021-09-03 00:00:00-04:00,49.590999603271484,50.599998474121094,49.50400161743164,49.768001556396484,45.30793380737305,25191000,0.0,0.0,AVGO
2021-09-07 00:00:00-04:00,49.7599983215332,49.7599983215332,49.099998474121094,49.659000396728516,45.20869827270508,12398000,0.0,0.0,AVGO
2021-09-08 00:00:00-04:00,49.96200180053711,49.98899841308594,48.81100082397461,49.4379997253418,45.007511138916016,13987000,0.0,0.0,AVGO
2021-09-09 00:00:00-04:00,49.28499984741211,49.869998931884766,49.28499984741211,49.3489990234375,44.92647933959961,13174000,0.0,0.0,AVGO
2021-09-10 00:00:00-04:00,49.70500183105469,50.5989990234375,49.6510009765625,49.814998626708984,45.35071563720703,16110000,0.0,0.0,AVGO
2021-09-13 00:00:00-04:00,50.20000076293945,50.24700164794922,49.32600021362305,49.895999908447266,45.424461364746094,14927000,0.0,0.0,AVGO
2021-09-14 00:00:00-04:00,50.20000076293945,50.54199981689453,49.83599853515625,50.1870002746582,45.68938446044922,14134000,0.0,0.0,AVGO
2021-09-15 00:00:00-04:00,50.21200180053711,51.06999969482422,49.94200134277344,50.9739990234375,46.40585708618164,23346000,0.0,0.0,AVGO
2021-09-16 00:00:00-04:00,50.52000045776367,50.915000915527344,50.020999908447266,50.73500061035156,46.188262939453125,17569000,0.0,0.0,AVGO
2021-09-17 00:00:00-04:00,50.39699935913086,50.762001037597656,50.099998474121094,50.599998474121094,46.06537628173828,34470000,0.0,0.0,AVGO
2021-09-20 00:00:00-04:00,49.900001525878906,50.29999923706055,48.84400177001953,49.481998443603516,45.04755783081055,30105000,0.0,0.0,AVGO
2021-09-21 00:00:00-04:00,49.3489990234375,49.375,48.70000076293945,49.0989990234375,45.026466369628906,16935000,0.36,0.0,AVGO
2021-09-22 00:00:00-04:00,49.42499923706055,50.29999923706055,49.22200012207031,50.058998107910156,45.90684127807617,20610000,0.0,0.0,AVGO
2021-09-23 00:00:00-04:00,50.250999450683594,50.729000091552734,50.058998107910156,50.43000030517578,46.24706268310547,18370000,0.0,0.0,AVGO
2021-09-24 00:00:00-04:00,50.22700119018555,50.54999923706055,50.08300018310547,50.492000579833984,46.30392074584961,10605000,0.0,0.0,AVGO
2021-09-27 00:00:00-04:00,49.97800064086914,50.582000732421875,49.737998962402344,50.48500061035156,46.297508239746094,9831000,0.0,0.0,AVGO
2021-09-28 00:00:00-04:00,49.70000076293945,50.14500045776367,49.05400085449219,49.10200119018555,45.02922058105469,20124000,0.0,0.0,AVGO
2021-09-29 00:00:00-04:00,49.362998962402344,49.426998138427734,48.76499938964844,48.948001861572266,44.88800048828125,15783000,0.0,0.0,AVGO
2021-09-30 00:00:00-04:00,49.45199966430664,49.45199966430664,48.448001861572266,48.49300003051758,44.470733642578125,15735000,0.0,0.0,AVGO
2021-10-01 00:00:00-04:00,48.78499984741211,48.86600112915039,47.75,48.73500061035156,44.692657470703125,16052000,0.0,0.0,AVGO
2021-10-04 00:00:00-04:00,48.49300003051758,48.65599822998047,47.27799987792969,47.595001220703125,43.647220611572266,20093000,0.0,0.0,AVGO
2021-10-05 00:00:00-04:00,47.59400177001953,48.979000091552734,47.53300094604492,48.54199981689453,44.51567459106445,16557000,0.0,0.0,AVGO
2021-10-06 00:00:00-04:00,48.3129997253418,48.935001373291016,47.970001220703125,48.87799835205078,44.82379913330078,12042000,0.0,0.0,AVGO
2021-10-07 00:00:00-04:00,49.26300048828125,49.9900016784668,49.26300048828125,49.391998291015625,45.295162200927734,13261000,0.0,0.0,AVGO
2021-10-08 00:00:00-04:00,49.68199920654297,49.79999923706055,49.12799835205078,49.28499984741211,45.197044372558594,10279000,0.0,0.0,AVGO
2021-10-11 00:00:00-04:00,49.124000549316406,49.95899963378906,49.084999084472656,49.23400115966797,45.1502685546875,11186000,0.0,0.0,AVGO
2021-10-12 00:00:00-04:00,49.58399963378906,49.66999816894531,48.20199966430664,48.52799987792969,44.50283432006836,20991000,0.0,0.0,AVGO
2021-10-13 00:00:00-04:00,48.117000579833984,48.53799819946289,47.95500183105469,48.500999450683594,44.47807312011719,16424000,0.0,0.0,AVGO
2021-10-14 00:00:00-04:00,49.18600082397461,49.915000915527344,49.082000732421875,49.7599983215332,45.63264083862305,19233000,0.0,0.0,AVGO
2021-10-15 00:00:00-04:00,50.439998626708984,50.58599853515625,50.108001708984375,50.32500076293945,46.15078353881836,25103000,0.0,0.0,AVGO
2021-10-18 00:00:00-04:00,50.03900146484375,50.39799880981445,49.86600112915039,50.33599853515625,46.16087341308594,16042000,0.0,0.0,AVGO
2021-10-19 00:00:00-04:00,50.43199920654297,51.08700180053711,50.176998138427734,51.03900146484375,46.8055534362793,16383000,0.0,0.0,AVGO
2021-10-20 00:00:00-04:00,51.099998474121094,51.34299850463867,50.84400177001953,50.93899917602539,46.71385192871094,13458000,0.0,0.0,AVGO
2021-10-21 00:00:00-04:00,50.94200134277344,51.479000091552734,50.86000061035156,51.415000915527344,47.15036392211914,11787000,0.0,0.0,AVGO
2021-10-22 00:00:00-04:00,51.4739990234375,52.13800048828125,51.301998138427734,51.54100036621094,47.26592254638672,15367000,0.0,0.0,AVGO
2021-10-25 00:00:00-04:00,51.749000549316406,52.45000076293945,51.518001556396484,52.207000732421875,47.876686096191406,12416000,0.0,0.0,AVGO
2021-10-26 00:00:00-04:00,52.52299880981445,53.499000549316406,52.400001525878906,53.387001037597656,48.95880126953125,24043000,0.0,0.0,AVGO
2021-10-27 00:00:00-04:00,53.18199920654297,53.606998443603516,52.18600082397461,52.31100082397461,47.9720458984375,23500000,0.0,0.0,AVGO
2021-10-28 00:00:00-04:00,52.41400146484375,52.994998931884766,52.34299850463867,52.957000732421875,48.5644645690918,11872000,0.0,0.0,AVGO
2021-10-29 00:00:00-04:00,52.349998474121094,53.21500015258789,52.349998474121094,53.16699981689453,48.75704574584961,15564000,0.0,0.0,AVGO
2021-11-01 00:00:00-04:00,53.034000396728516,53.257999420166016,52.49300003051758,52.80500030517578,48.42506790161133,16896000,0.0,0.0,AVGO
2021-11-02 00:00:00-04:00,52.744998931884766,54.082000732421875,52.667999267578125,53.707000732421875,49.252262115478516,16262000,0.0,0.0,AVGO
2021-11-03 00:00:00-04:00,53.904998779296875,54.37900161743164,53.37699890136719,54.23699951171875,49.7382926940918,14038000,0.0,0.0,AVGO
2021-11-04 00:00:00-04:00,54.380001068115234,54.90700149536133,54.09199905395508,54.86199951171875,50.311466217041016,15956000,0.0,0.0,AVGO
2021-11-05 00:00:00-04:00,55.0,55.96699905395508,54.98099899291992,55.891998291015625,51.256019592285156,18674000,0.0,0.0,AVGO
2021-11-08 00:00:00-05:00,56.196998596191406,56.388999938964844,55.810001373291016,55.89500045776367,51.25878143310547,17231000,0.0,0.0,AVGO
2021-11-09 00:00:00-05:00,55.91899871826172,56.189998626708984,55.513999938964844,55.779998779296875,51.153316497802734,15838000,0.0,0.0,AVGO
2021-11-10 00:00:00-05:00,55.43000030517578,56.09000015258789,54.80500030517578,54.87699890136719,50.3252067565918,18450000,0.0,0.0,AVGO
2021-11-11 00:00:00-05:00,55.26900100708008,55.71200180053711,54.88100051879883,55.540000915527344,50.933223724365234,14157000,0.0,0.0,AVGO
2021-11-12 00:00:00-05:00,55.840999603271484,56.58399963378906,55.45899963378906,56.321998596191406,51.650360107421875,13592000,0.0,0.0,AVGO
2021-11-15 00:00:00-05:00,56.76900100708008,56.76900100708008,55.983001708984375,56.57699966430664,51.88420486450195,13972000,0.0,0.0,AVGO
2021-11-16 00:00:00-05:00,56.409000396728516,56.952999114990234,56.27399826049805,56.87699890136719,52.15932846069336,13194000,0.0,0.0,AVGO
2021-11-17 00:00:00-05:00,56.81399917602539,57.13600158691406,56.40999984741211,56.9640007019043,52.23910903930664,12532000,0.0,0.0,AVGO
2021-11-18 00:00:00-05:00,57.11000061035156,57.67300033569336,56.9640007019043,57.48099899291992,52.71323013305664,12712000,0.0,0.0,AVGO
2021-11-19 00:00:00-05:00,57.62799835205078,57.72100067138672,56.59299850463867,56.87200164794922,52.15473556518555,19612000,0.0,0.0,AVGO
2021-11-22 00:00:00-05:00,57.167999267578125,57.20399856567383,55.24800109863281,55.327999114990234,50.73879623413086,25898000,0.0,0.0,AVGO
2021-11-23 00:00:00-05:00,55.242000579833984,55.58599853515625,54.85300064086914,55.512001037597656,50.90753936767578,17109000,0.0,0.0,AVGO
2021-11-24 00:00:00-05:00,55.323001861572266,55.90800094604492,54.73899841308594,55.87300109863281,51.23861312866211,12084000,0.0,0.0,AVGO
2021-11-26 00:00:00-05:00,55.176998138427734,55.72999954223633,54.332000732421875,54.659000396728516,50.12529754638672,14219000,0.0,0.0,AVGO
2021-11-29 00:00:00-05:00,55.619998931884766,56.755001068115234,55.36800003051758,56.433998107910156,51.7530632019043,18703000,0.0,0.0,AVGO
2021-11-30 00:00:00-05:00,56.32699966430664,56.499000549316406,55.20000076293945,55.36800003051758,50.77548599243164,22574000,0.0,0.0,AVGO
2021-12-01 00:00:00-05:00,56.347999572753906,56.847999572753906,55.33300018310547,55.47600173950195,50.87452697753906,21980000,0.0,0.0,AVGO
2021-12-02 00:00:00-05:00,54.606998443603516,55.9109992980957,54.400001525878906,55.244998931884766,50.662689208984375,22619000,0.0,0.0,AVGO
2021-12-03 00:00:00-05:00,56.49399948120117,56.900001525878906,55.040000915527344,55.8120002746582,51.182655334472656,20305000,0.0,0.0,AVGO
2021-12-06 00:00:00-05:00,56.46500015258789,56.83700180053711,55.595001220703125,56.49800109863281,51.81175994873047,22482000,0.0,0.0,AVGO
2021-12-07 00:00:00-05:00,57.20000076293945,59.30699920654297,57.20000076293945,59.040000915527344,54.142921447753906,29562000,0.0,0.0,AVGO
2021-12-08 00:00:00-05:00,59.09400177001953,59.09400177001953,58.24300003051758,58.85599899291992,53.97417068481445,17998000,0.0,0.0,AVGO
2021-12-09 00:00:00-05:00,58.244998931884766,59.02399826049805,58.244998931884766,58.34199905395508,53.5028076171875,29080000,0.0,0.0,AVGO
2021-12-10 00:00:00-05:00,62.39799880981445,64.4749984741211,61.85900115966797,63.167999267578125,57.92851638793945,57087000,0.0,0.0,AVGO
2021-12-13 00:00:00-05:00,63.400001525878906,63.44200134277344,62.12300109863281,62.16600036621094,57.0096321105957,26898000,0.0,0.0,AVGO
2021-12-14 00:00:00-05:00,61.784000396728516,61.86199951171875,60.56399917602539,61.49100112915039,56.390621185302734,35956000,0.0,0.0,AVGO
2021-12-15 00:00:00-05:00,61.55699920654297,64.08599853515625,61.034000396728516,63.986000061035156,58.67866516113281,29092000,0.0,0.0,AVGO
2021-12-16 00:00:00-05:00,63.736000061035156,64.06600189208984,61.150001525878906,62.06800079345703,56.91975402832031,42748000,0.0,0.0,AVGO
2021-12-17 00:00:00-05:00,61.75299835205078,63.999000549316406,61.5099983215332,63.49599838256836,58.22930908203125,50661000,0.0,0.0,AVGO
2021-12-20 00:00:00-05:00,62.630001068115234,64.60900115966797,62.50899887084961,64.50299835205078,59.15277862548828,32770000,0.0,0.0,AVGO
2021-12-21 00:00:00-05:00,64.80999755859375,64.9469985961914,63.33000183105469,64.6240005493164,59.64284896850586,36534000,0.41,0.0,AVGO
2021-12-22 00:00:00-05:00,64.33200073242188,65.71600341796875,63.92599868774414,65.5199966430664,60.46980667114258,28383000,0.0,0.0,AVGO
2021-12-23 00:00:00-05:00,65.61299896240234,67.072998046875,65.61299896240234,66.4800033569336,61.35579299926758,23596000,0.0,0.0,AVGO
2021-12-27 00:00:00-05:00,66.4800033569336,67.62999725341797,66.44599914550781,67.4280014038086,62.23072814941406,19442000,0.0,0.0,AVGO
2021-12-28 00:00:00-05:00,67.75499725341797,67.7760009765625,66.7030029296875,66.9000015258789,61.74341583251953,17247000,0.0,0.0,AVGO
2021-12-29 00:00:00-05:00,66.9800033569336,67.69999694824219,66.91200256347656,67.26100158691406,62.07660675048828,14797000,0.0,0.0,AVGO
2021-12-30 00:00:00-05:00,67.30999755859375,67.56999969482422,66.38400268554688,66.50800323486328,61.38164138793945,11473000,0.0,0.0,AVGO
2021-12-31 00:00:00-05:00,66.6969985961914,67.13099670410156,66.3270034790039,66.54100036621094,61.41209411621094,12046000,0.0,0.0,AVGO
2022-01-03 00:00:00-05:00,66.63200378417969,67.16999816894531,66.12200164794922,66.33200073242188,61.21919631958008,22591000,0.0,0.0,AVGO
2022-01-04 00:00:00-05:00,66.28800201416016,67.21900177001953,65.7229995727539,67.09200286865234,61.92062759399414,21103000,0.0,0.0,AVGO
2022-01-05 00:00:00-05:00,67.12100219726562,67.12100219726562,64.20099639892578,64.30000305175781,59.34383010864258,34961000,0.0,0.0,AVGO
2022-01-06 00:00:00-05:00,64.01599884033203,64.86499786376953,63.44300079345703,63.702999114990234,58.792850494384766,28581000,0.0,0.0,AVGO
2022-01-07 00:00:00-05:00,63.584999084472656,63.99100112915039,61.84600067138672,61.915000915527344,57.142662048339844,27832000,0.0,0.0,AVGO
2022-01-10 00:00:00-05:00,60.88600158691406,62.20399856567383,60.356998443603516,62.11600112915039,57.32817077636719,29793000,0.0,0.0,AVGO
2022-01-11 00:00:00-05:00,61.55400085449219,62.79999923706055,61.457000732421875,62.20500183105469,57.410308837890625,19037000,0.0,0.0,AVGO
2022-01-12 00:00:00-05:00,62.750999450683594,63.0989990234375,61.9739990234375,62.20000076293945,57.405696868896484,18806000,0.0,0.0,AVGO
2022-01-13 00:00:00-05:00,62.74700164794922,62.78799819946289,59.415000915527344,59.71900177001953,55.115928649902344,30048000,0.0,0.0,AVGO
2022-01-14 00:00:00-05:00,59.577999114990234,60.03799819946289,59.20000076293945,59.637001037597656,55.040252685546875,25661000,0.0,0.0,AVGO
2022-01-18 00:00:00-05:00,58.832000732421875,59.104000091552734,57.5989990234375,57.77899932861328,53.32545471191406,35825000,0.0,0.0,AVGO
2022-01-19 00:00:00-05:00,58.15800094604492,58.472999572753906,56.33300018310547,56.39699935913086,52.04998016357422,22692000,0.0,0.0,AVGO
2022-01-20 00:00:00-05:00,56.79999923706055,57.013999938964844,54.676998138427734,54.77199935913086,50.550235748291016,25225000,0.0,0.0,AVGO
2022-01-21 00:00:00-05:00,54.66400146484375,55.540000915527344,53.13399887084961,53.323001861572266,49.212921142578125,38010000,0.0,0.0,AVGO
2022-01-24 00:00:00-05:00,53.0890007019043,54.35100173950195,51.34000015258789,54.15800094604492,49.98356246948242,54256000,0.0,0.0,AVGO
2022-01-25 00:00:00-05:00,52.79999923706055,54.540000915527344,52.422000885009766,53.41400146484375,49.29690933227539,38158000,0.0,0.0,AVGO
2022-01-26 00:00:00-05:00,55.20000076293945,57.41699981689453,55.00699996948242,55.71200180053711,51.417789459228516,49715000,0.0,0.0,AVGO
2022-01-27 00:00:00-05:00,56.97200012207031,57.0260009765625,54.10300064086914,54.23099899291992,50.05093765258789,34183000,0.0,0.0,AVGO
2022-01-28 00:00:00-05:00,54.33599853515625,56.04999923706055,53.23899841308594,56.0099983215332,51.69281005859375,30254000,0.0,0.0,AVGO
2022-01-31 00:00:00-05:00,55.939998626708984,58.637001037597656,55.599998474121094,58.5880012512207,54.07209777832031,40288000,0.0,0.0,AVGO
2022-02-01 00:00:00-05:00,58.58700180053711,59.38999938964844,57.582000732421875,59.27199935913086,54.7033805847168,25719000,0.0,0.0,AVGO
2022-02-02 00:00:00-05:00,59.900001525878906,60.47999954223633,59.362998962402344,60.34299850463867,55.69182205200195,24443000,0.0,0.0,AVGO
2022-02-03 00:00:00-05:00,59.56700134277344,59.902000427246094,58.012001037597656,58.084999084472656,53.607872009277344,30602000,0.0,0.0,AVGO
2022-02-04 00:00:00-05:00,57.63800048828125,59.65299987792969,57.61399841308594,59.01599884033203,54.46711349487305,20548000,0.0,0.0,AVGO
2022-02-07 00:00:00-05:00,59.01599884033203,60.15800094604492,58.41600036621094,58.76300048828125,54.233619689941406,18671000,0.0,0.0,AVGO
2022-02-08 00:00:00-05:00,58.8380012512207,60.185001373291016,58.69900131225586,60.02199935913086,55.39556884765625,14570000,0.0,0.0,AVGO
2022-02-09 00:00:00-05:00,60.73500061035156,61.172000885009766,60.15599822998047,61.13399887084961,56.42185592651367,22004000,0.0,0.0,AVGO
2022-02-10 00:00:00-05:00,59.529998779296875,61.4640007019043,58.856998443603516,59.13600158691406,54.57786178588867,24920000,0.0,0.0,AVGO
2022-02-11 00:00:00-05:00,59.13600158691406,59.97600173950195,56.90800094604492,57.34199905395508,52.92213821411133,27281000,0.0,0.0,AVGO
2022-02-14 00:00:00-05:00,57.5,58.28099822998047,57.00699996948242,57.858001708984375,53.398372650146484,19291000,0.0,0.0,AVGO
2022-02-15 00:00:00-05:00,58.90299987792969,60.604000091552734,58.82500076293945,60.277000427246094,55.630916595458984,34284000,0.0,0.0,AVGO
2022-02-16 00:00:00-05:00,59.40599822998047,60.08100128173828,58.72200012207031,59.72100067138672,55.11777114868164,22931000,0.0,0.0,AVGO
2022-02-17 00:00:00-05:00,58.970001220703125,59.15800094604492,57.888999938964844,57.900001525878906,53.4371223449707,21424000,0.0,0.0,AVGO
2022-02-18 00:00:00-05:00,58.09400177001953,58.77399826049805,57.327999114990234,57.999000549316406,53.52850341796875,19708000,0.0,0.0,AVGO
2022-02-22 00:00:00-05:00,57.999000549316406,59.020999908447266,56.98099899291992,57.74599838256836,53.295005798339844,20204000,0.0,0.0,AVGO
2022-02-23 00:00:00-05:00,58.02299880981445,58.50699996948242,56.4739990234375,56.51900100708008,52.162574768066406,22416000,0.0,0.0,AVGO
2022-02-24 00:00:00-05:00,55.15800094604492,58.569000244140625,54.902000427246094,58.0,53.5294189453125,35316000,0.0,0.0,AVGO
2022-02-25 00:00:00-05:00,57.983001708984375,58.9379997253418,57.400001525878906,58.80099868774414,54.2686767578125,22380000,0.0,0.0,AVGO
2022-02-28 00:00:00-05:00,58.099998474121094,59.22999954223633,57.63800048828125,58.74399948120117,54.21607208251953,25005000,0.0,0.0,AVGO
2022-03-01 00:00:00-05:00,58.479000091552734,58.762001037597656,56.529998779296875,57.012001037597656,52.61758041381836,24898000,0.0,0.0,AVGO
2022-03-02 00:00:00-05:00,57.45199966430664,59.053001403808594,57.358001708984375,58.577999114990234,54.0628662109375,21771000,0.0,0.0,AVGO
2022-03-03 00:00:00-05:00,59.36800003051758,59.369998931884766,57.43299865722656,57.86000061035156,53.40021896362305,26454000,0.0,0.0,AVGO
2022-03-04 00:00:00-05:00,59.27899932861328,60.590999603271484,58.4010009765625,59.5989990234375,55.00517272949219,44757000,0.0,0.0,AVGO
2022-03-07 00:00:00-05:00,59.70800018310547,59.87799835205078,57.0,57.06999969482422,52.671104431152344,26494000,0.0,0.0,AVGO
2022-03-08 00:00:00-05:00,57.21699905395508,59.60499954223633,56.361000061035156,57.595001220703125,53.155643463134766,26993000,0.0,0.0,AVGO
2022-03-09 00:00:00-05:00,58.87900161743164,60.16400146484375,58.70000076293945,59.70199966430664,55.10023880004883,22560000,0.0,0.0,AVGO
2022-03-10 00:00:00-05:00,58.555999755859375,59.00199890136719,57.637001037597656,58.77299880981445,54.24283981323242,19323000,0.0,0.0,AVGO
2022-03-11 00:00:00-05:00,59.20000076293945,59.44300079345703,57.71200180053711,57.78499984741211,53.33100128173828,19813000,0.0,0.0,AVGO
2022-03-14 00:00:00-04:00,57.69599914550781,57.99800109863281,56.474998474121094,56.779998779296875,52.40346145629883,25234000,0.0,0.0,AVGO
2022-03-15 00:00:00-04:00,57.72700119018555,59.67599868774414,57.50400161743164,59.2760009765625,54.707069396972656,28260000,0.0,0.0,AVGO
2022-03-16 00:00:00-04:00,59.665000915527344,60.770999908447266,58.40599822998047,60.71200180053711,56.03239059448242,29454000,0.0,0.0,AVGO
2022-03-17 00:00:00-04:00,60.47200012207031,60.70000076293945,59.76300048828125,60.266998291015625,55.62168502807617,18174000,0.0,0.0,AVGO
2022-03-18 00:00:00-04:00,60.39699935913086,61.32099914550781,59.5989990234375,61.04100036621094,56.33602523803711,41538000,0.0,0.0,AVGO
2022-03-21 00:00:00-04:00,60.560001373291016,60.560001373291016,58.88600158691406,60.12900161743164,55.869590759277344,25789000,0.41,0.0,AVGO
2022-03-22 00:00:00-04:00,60.172000885009766,61.349998474121094,59.93299865722656,61.13399887084961,56.80339431762695,19262000,0.0,0.0,AVGO
2022-03-23 00:00:00-04:00,60.79999923706055,61.137001037597656,59.91600036621094,59.9379997253418,55.69211196899414,13839000,0.0,0.0,AVGO
2022-03-24 00:00:00-04:00,60.66299819946289,62.72200012207031,60.20000076293945,62.643001556396484,58.20549774169922,26016000,0.0,0.0,AVGO
2022-03-25 00:00:00-04:00,62.70800018310547,63.04100036621094,62.00699996948242,62.887001037597656,58.43221664428711,14538000,0.0,0.0,AVGO
2022-03-28 00:00:00-04:00,62.5880012512207,63.33000183105469,61.577999114990234,63.28799819946289,58.8048095703125,14427000,0.0,0.0,AVGO
2022-03-29 00:00:00-04:00,64.0,64.53099822998047,63.0,64.14700317382812,59.60295486450195,23001000,0.0,0.0,AVGO
2022-03-30 00:00:00-04:00,63.887001037597656,64.42900085449219,62.733001708984375,63.10900115966797,58.63849639892578,18626000,0.0,0.0,AVGO
2022-03-31 00:00:00-04:00,63.04800033569336,63.900001525878906,62.80500030517578,62.96799850463867,58.50748062133789,21731000,0.0,0.0,AVGO
2022-04-01 00:00:00-04:00,63.16899871826172,63.457000732421875,61.86899948120117,62.698001861572266,58.2566032409668,16267000,0.0,0.0,AVGO
2022-04-04 00:00:00-04:00,62.641998291015625,63.672000885009766,62.45199966430664,63.48500061035156,58.987857818603516,16484000,0.0,0.0,AVGO
2022-04-05 00:00:00-04:00,62.95500183105469,63.22600173950195,61.29999923706055,61.4119987487793,57.061702728271484,19778000,0.0,0.0,AVGO
2022-04-06 00:00:00-04:00,60.20800018310547,61.159000396728516,59.37699890136719,60.20000076293945,55.935550689697266,23742000,0.0,0.0,AVGO
2022-04-07 00:00:00-04:00,59.983001708984375,60.763999938964844,59.32400131225586,60.30500030517578,56.03312683105469,16583000,0.0,0.0,AVGO
2022-04-08 00:00:00-04:00,59.737998962402344,59.85900115966797,58.59700012207031,58.70000076293945,54.54182052612305,20464000,0.0,0.0,AVGO
2022-04-11 00:00:00-04:00,58.257999420166016,58.928001403808594,57.94300079345703,58.06100082397461,53.94808578491211,23512000,0.0,0.0,AVGO
2022-04-12 00:00:00-04:00,58.9109992980957,59.85900115966797,58.21699905395508,58.50699996948242,54.36248779296875,17350000,0.0,0.0,AVGO
2022-04-13 00:00:00-04:00,58.849998474121094,59.67100143432617,58.60499954223633,59.25400161743164,55.05656814575195,20266000,0.0,0.0,AVGO
2022-04-14 00:00:00-04:00,59.499000549316406,59.70600128173828,57.2859992980957,57.3849983215332,53.319969177246094,27385000,0.0,0.0,AVGO
2022-04-18 00:00:00-04:00,57.28499984741211,59.12200164794922,57.28499984741211,58.650001525878906,54.49535369873047,21375000,0.0,0.0,AVGO
2022-04-19 00:00:00-04:00,57.93600082397461,59.869998931884766,57.93600082397461,59.762001037597656,55.52858352661133,16581000,0.0,0.0,AVGO
2022-04-20 00:00:00-04:00,60.41999816894531,61.34299850463867,59.51300048828125,59.77199935913086,55.537879943847656,13920000,0.0,0.0,AVGO
2022-04-21 00:00:00-04:00,60.55400085449219,61.58700180053711,59.066001892089844,59.27299880981445,55.074222564697266,20352000,0.0,0.0,AVGO
2022-04-22 00:00:00-04:00,59.01100158691406,59.874000549316406,58.625999450683594,58.69499969482422,54.537166595458984,21064000,0.0,0.0,AVGO
2022-04-25 00:00:00-04:00,58.14899826049805,58.875999450683594,57.11199951171875,58.78799819946289,54.62358093261719,26959000,0.0,0.0,AVGO
2022-04-26 00:00:00-04:00,58.380001068115234,58.54600143432617,55.97100067138672,56.00699996948242,52.039573669433594,35809000,0.0,0.0,AVGO
2022-04-27 00:00:00-04:00,55.57899856567383,57.007999420166016,55.5,55.95399856567383,51.99032974243164,19313000,0.0,0.0,AVGO
2022-04-28 00:00:00-04:00,56.59400177001953,58.50199890136719,55.797000885009766,57.89400100708008,53.79290008544922,22334000,0.0,0.0,AVGO
2022-04-29 00:00:00-04:00,57.262001037597656,57.827999114990234,55.34000015258789,55.43899917602539,51.511817932128906,26108000,0.0,0.0,AVGO
2022-05-02 00:00:00-04:00,55.7140007019043,57.763999938964844,55.63800048828125,57.6349983215332,53.5522575378418,26725000,0.0,0.0,AVGO
2022-05-03 00:00:00-04:00,57.60100173950195,58.67499923706055,57.176998138427734,58.117000579833984,54.0001106262207,17064000,0.0,0.0,AVGO
2022-05-04 00:00:00-04:00,58.17900085449219,60.40700149536133,57.39799880981445,60.36600112915039,56.08980941772461,23896000,0.0,0.0,AVGO
2022-05-05 00:00:00-04:00,59.42300033569336,59.7869987487793,57.42900085449219,57.999000549316406,53.89046859741211,32806000,0.0,0.0,AVGO
2022-05-06 00:00:00-04:00,57.49399948120117,58.99800109863281,56.94300079345703,58.0099983215332,53.90068435668945,20745000,0.0,0.0,AVGO
2022-05-09 00:00:00-04:00,57.28799819946289,57.79999923706055,56.027000427246094,56.29199981689453,52.30439758300781,30074000,0.0,0.0,AVGO
2022-05-10 00:00:00-04:00,58.04899978637695,59.1150016784668,57.18000030517578,58.138999938964844,54.02055358886719,29271000,0.0,0.0,AVGO
2022-05-11 00:00:00-04:00,57.45800018310547,58.46900177001953,56.58599853515625,56.71099853515625,52.6937141418457,26660000,0.0,0.0,AVGO
2022-05-12 00:00:00-04:00,56.34000015258789,57.361000061035156,55.82600021362305,57.15700149536133,53.108123779296875,25518000,0.0,0.0,AVGO
2022-05-13 00:00:00-04:00,57.70500183105469,59.159000396728516,57.349998474121094,58.82400131225586,54.65703201293945,19449000,0.0,0.0,AVGO
2022-05-16 00:00:00-04:00,58.4379997253418,58.91400146484375,57.76499938964844,58.266998291015625,54.13948440551758,14189000,0.0,0.0,AVGO
2022-05-17 00:00:00-04:00,59.54499816894531,60.900001525878906,59.361000061035156,60.814998626708984,56.506988525390625,24676000,0.0,0.0,AVGO
2022-05-18 00:00:00-04:00,60.0,60.071998596191406,56.61800003051758,57.05699920654297,53.015201568603516,35024000,0.0,0.0,AVGO
2022-05-19 00:00:00-04:00,55.79999923706055,56.07500076293945,53.895999908447266,54.62099838256836,50.75176239013672,34884000,0.0,0.0,AVGO
2022-05-20 00:00:00-04:00,55.38999938964844,55.499000549316406,51.24399948120117,54.319000244140625,50.47115707397461,40281000,0.0,0.0,AVGO
2022-05-23 00:00:00-04:00,52.400001525878906,53.55699920654297,51.42599868774414,52.63600158691406,48.90738296508789,58586000,0.0,0.0,AVGO
2022-05-24 00:00:00-04:00,52.66600036621094,52.887001037597656,51.61899948120117,52.41999816894531,48.7066764831543,25060000,0.0,0.0,AVGO
2022-05-25 00:00:00-04:00,52.38999938964844,53.744998931884766,52.38999938964844,53.16299819946289,49.39704513549805,17842000,0.0,0.0,AVGO
2022-05-26 00:00:00-04:00,53.15399932861328,55.457000732421875,52.77199935913086,55.066001892089844,51.16524124145508,39743000,0.0,0.0,AVGO
2022-05-27 00:00:00-04:00,56.20899963378906,58.54600143432617,56.000999450683594,58.327999114990234,54.196170806884766,37301000,0.0,0.0,AVGO
2022-05-31 00:00:00-04:00,58.45000076293945,58.702999114990234,57.599998474121094,58.01300048828125,53.903480529785156,30009000,0.0,0.0,AVGO
2022-06-01 00:00:00-04:00,58.757999420166016,59.09400177001953,56.84299850463867,57.36199951171875,53.29859924316406,18345000,0.0,0.0,AVGO
2022-06-02 00:00:00-04:00,57.775001525878906,57.777000427246094,56.8129997253418,57.67399978637695,53.58849334716797,29488000,0.0,0.0,AVGO
2022-06-03 00:00:00-04:00,56.887001037597656,56.959999084472656,56.097999572753906,56.332000732421875,52.34156036376953,20562000,0.0,0.0,AVGO
2022-06-06 00:00:00-04:00,57.152000427246094,57.27199935913086,55.75400161743164,56.12300109863281,52.14736557006836,14557000,0.0,0.0,AVGO
2022-06-07 00:00:00-04:00,56.05400085449219,57.45399856567383,55.75299835205078,57.29899978637695,53.240055084228516,15895000,0.0,0.0,AVGO
2022-06-08 00:00:00-04:00,57.18199920654297,57.62699890136719,56.2140007019043,56.5359992980957,52.5311164855957,24004000,0.0,0.0,AVGO
2022-06-09 00:00:00-04:00,56.11600112915039,57.36399841308594,55.59299850463867,55.62200164794922,51.681861877441406,18787000,0.0,0.0,AVGO
2022-06-10 00:00:00-04:00,55.00899887084961,55.104000091552734,53.97200012207031,54.12699890136719,50.292755126953125,24018000,0.0,0.0,AVGO
2022-06-13 00:00:00-04:00,52.678001403808594,53.29999923706055,51.60200119018555,51.762001037597656,48.09529495239258,31619000,0.0,0.0,AVGO
2022-06-14 00:00:00-04:00,52.49700164794922,52.49700164794922,51.45899963378906,52.016998291015625,48.33222961425781,24380000,0.0,0.0,AVGO
2022-06-15 00:00:00-04:00,52.915000915527344,53.382999420166016,51.551998138427734,52.67100143432617,48.939903259277344,19141000,0.0,0.0,AVGO
2022-06-16 00:00:00-04:00,51.19499969482422,51.44300079345703,49.22800064086914,49.71799850463867,46.19608688354492,37244000,0.0,0.0,AVGO
2022-06-17 00:00:00-04:00,49.5,50.0359992980957,48.7869987487793,49.8650016784668,46.332664489746094,43504000,0.0,0.0,AVGO
2022-06-21 00:00:00-04:00,50.40800094604492,51.090999603271484,50.28900146484375,50.37699890136719,47.19645690917969,21901000,0.41,0.0,AVGO
2022-06-22 00:00:00-04:00,49.63100051879883,50.37699890136719,49.41999816894531,49.61000061035156,46.47788619995117,24721000,0.0,0.0,AVGO
2022-06-23 00:00:00-04:00,50.17499923706055,50.17499923706055,49.10100173950195,49.65800094604492,46.522857666015625,16707000,0.0,0.0,AVGO
2022-06-24 00:00:00-04:00,50.5,51.18000030517578,50.14500045776367,50.909000396728516,47.69487380981445,21201000,0.0,0.0,AVGO
2022-06-27 00:00:00-04:00,51.380001068115234,51.40399932861328,50.28200149536133,50.57099914550781,47.378204345703125,13207000,0.0,0.0,AVGO
2022-06-28 00:00:00-04:00,51.26100158691406,51.415000915527344,49.81100082397461,49.845001220703125,46.69804000854492,15667000,0.0,0.0,AVGO
2022-06-29 00:00:00-04:00,49.54800033569336,49.59299850463867,48.66699981689453,49.04100036621094,45.9448127746582,14444000,0.0,0.0,AVGO
2022-06-30 00:00:00-04:00,48.803001403808594,49.374000549316406,48.07099914550781,48.58100128173828,45.513851165771484,18890000,0.0,0.0,AVGO
2022-07-01 00:00:00-04:00,47.941001892089844,48.426998138427734,46.94300079345703,47.784000396728516,44.76716995239258,21315000,0.0,0.0,AVGO
2022-07-05 00:00:00-04:00,47.20000076293945,47.69300079345703,46.39099884033203,47.630001068115234,44.62289810180664,20711000,0.0,0.0,AVGO
2022-07-06 00:00:00-04:00,48.053001403808594,48.70500183105469,47.54999923706055,48.26100158691406,45.214046478271484,22975000,0.0,0.0,AVGO
2022-07-07 00:00:00-04:00,48.81100082397461,50.138999938964844,48.81100082397461,49.854000091552734,46.70648193359375,21319000,0.0,0.0,AVGO
2022-07-08 00:00:00-04:00,49.29899978637695,49.9630012512207,49.0,49.86899948120117,46.72053909301758,12713000,0.0,0.0,AVGO
2022-07-11 00:00:00-04:00,48.94900131225586,49.1619987487793,48.097999572753906,48.2859992980957,45.23747253417969,21449000,0.0,0.0,AVGO
2022-07-12 00:00:00-04:00,48.78200149536133,49.2599983215332,48.00699996948242,48.137001037597656,45.09788131713867,21159000,0.0,0.0,AVGO
2022-07-13 00:00:00-04:00,47.49800109863281,48.56399917602539,47.229000091552734,48.17300033569336,45.13160705566406,17665000,0.0,0.0,AVGO
2022-07-14 00:00:00-04:00,48.244998931884766,48.667999267578125,47.34299850463867,48.4640007019043,45.40424346923828,19957000,0.0,0.0,AVGO
2022-07-15 00:00:00-04:00,49.08300018310547,49.4739990234375,48.612998962402344,49.44599914550781,46.32423400878906,18714000,0.0,0.0,AVGO
2022-07-18 00:00:00-04:00,50.01599884033203,50.24100112915039,48.819000244140625,49.10599899291992,46.00570297241211,18042000,0.0,0.0,AVGO
2022-07-19 00:00:00-04:00,49.68000030517578,51.1349983215332,49.5890007019043,50.900001525878906,47.68643569946289,27257000,0.0,0.0,AVGO
2022-07-20 00:00:00-04:00,50.95399856567383,51.76100158691406,50.446998596191406,51.176998138427734,47.945945739746094,27412000,0.0,0.0,AVGO
2022-07-21 00:00:00-04:00,51.255001068115234,51.78099822998047,50.60200119018555,51.768001556396484,48.49964141845703,13912000,0.0,0.0,AVGO
2022-07-22 00:00:00-04:00,51.88100051879883,51.979000091552734,50.667999267578125,51.25199890136719,48.01621627807617,17867000,0.0,0.0,AVGO
2022-07-25 00:00:00-04:00,51.04600143432617,51.332000732421875,50.65299987792969,51.31100082397461,48.07148742675781,15061000,0.0,0.0,AVGO
2022-07-26 00:00:00-04:00,51.4630012512207,51.680999755859375,50.891998291015625,51.10900115966797,47.88224411010742,17958000,0.0,0.0,AVGO
2022-07-27 00:00:00-04:00,51.81999969482422,53.01900100708008,51.69300079345703,52.77899932861328,49.44680404663086,25699000,0.0,0.0,AVGO
2022-07-28 00:00:00-04:00,52.85900115966797,53.652000427246094,52.05799865722656,53.361000061035156,49.992069244384766,14867000,0.0,0.0,AVGO
2022-07-29 00:00:00-04:00,53.198001861572266,53.78300094604492,53.027000427246094,53.54800033569336,50.167259216308594,18482000,0.0,0.0,AVGO
2022-08-01 00:00:00-04:00,53.143001556396484,53.979000091552734,53.04399871826172,53.637001037597656,50.250640869140625,11485000,0.0,0.0,AVGO
2022-08-02 00:00:00-04:00,53.321998596191406,53.91999816894531,52.722999572753906,53.12099838256836,49.7672119140625,13072000,0.0,0.0,AVGO
2022-08-03 00:00:00-04:00,53.52899932861328,54.79999923706055,53.4119987487793,54.67399978637695,51.22216796875,19228000,0.0,0.0,AVGO
2022-08-04 00:00:00-04:00,54.840999603271484,55.314998626708984,54.500999450683594,55.279998779296875,51.7899055480957,16293000,0.0,0.0,AVGO
2022-08-05 00:00:00-04:00,54.4900016784668,55.20000076293945,54.327999114990234,55.14400100708008,51.662498474121094,14357000,0.0,0.0,AVGO
2022-08-08 00:00:00-04:00,54.935001373291016,55.29899978637695,53.874000549316406,54.553001403808594,51.10879898071289,13722000,0.0,0.0,AVGO
2022-08-09 00:00:00-04:00,53.909000396728516,53.935001373291016,52.775001525878906,53.279998779296875,49.916175842285156,20072000,0.0,0.0,AVGO
2022-08-10 00:00:00-04:00,54.60599899291992,55.10200119018555,53.92399978637695,55.04100036621094,51.566001892089844,19519000,0.0,0.0,AVGO
2022-08-11 00:00:00-04:00,55.39500045776367,55.777000427246094,54.42499923706055,54.542999267578125,51.09943771362305,14268000,0.0,0.0,AVGO
2022-08-12 00:00:00-04:00,54.78099822998047,55.840999603271484,54.564998626708984,55.823001861572266,52.298622131347656,18399000,0.0,0.0,AVGO
2022-08-15 00:00:00-04:00,55.42300033569336,55.979000091552734,55.04999923706055,55.895999908447266,52.36701965332031,14329000,0.0,0.0,AVGO
2022-08-16 00:00:00-04:00,55.75199890136719,55.79399871826172,54.60100173950195,55.165000915527344,51.68217086791992,14782000,0.0,0.0,AVGO
2022-08-17 00:00:00-04:00,54.4370002746582,54.47100067138672,53.104000091552734,53.85900115966797,50.458621978759766,19022000,0.0,0.0,AVGO
2022-08-18 00:00:00-04:00,54.340999603271484,56.055999755859375,54.16299819946289,55.845001220703125,52.31924057006836,23459000,0.0,0.0,AVGO
2022-08-19 00:00:00-04:00,55.08599853515625,55.55799865722656,54.7869987487793,54.84299850463867,51.380496978759766,16923000,0.0,0.0,AVGO
2022-08-22 00:00:00-04:00,54.25699996948242,54.308998107910156,52.70500183105469,52.875,49.5367431640625,18555000,0.0,0.0,AVGO
2022-08-23 00:00:00-04:00,53.3849983215332,53.762001037597656,52.89099884033203,52.97800064086914,49.633243560791016,9003000,0.0,0.0,AVGO
2022-08-24 00:00:00-04:00,52.95600128173828,53.130001068115234,52.34400177001953,53.08399963378906,49.73255920410156,11883000,0.0,0.0,AVGO
2022-08-25 00:00:00-04:00,53.345001220703125,55.04800033569336,53.22600173950195,55.01300048828125,51.539764404296875,17345000,0.0,0.0,AVGO
2022-08-26 00:00:00-04:00,54.88399887084961,55.0989990234375,52.0,52.08599853515625,48.79756164550781,25682000,0.0,0.0,AVGO
2022-08-29 00:00:00-04:00,52.0,52.27399826049805,51.20000076293945,51.417999267578125,48.17173767089844,16580000,0.0,0.0,AVGO
2022-08-30 00:00:00-04:00,51.683998107910156,51.79100036621094,50.138999938964844,50.638999938964844,47.441917419433594,18282000,0.0,0.0,AVGO
2022-08-31 00:00:00-04:00,51.01599884033203,51.01599884033203,49.65399932861328,49.9109992980957,46.759883880615234,32445000,0.0,0.0,AVGO
2022-09-01 00:00:00-04:00,49.14699935913086,49.32899856567383,48.08399963378906,49.20100021362305,46.0947151184082,31930000,0.0,0.0,AVGO
2022-09-02 00:00:00-04:00,51.79999923706055,51.98099899291992,49.83000183105469,50.02199935913086,46.86386489868164,40426000,0.0,0.0,AVGO
2022-09-06 00:00:00-04:00,49.85300064086914,50.400001525878906,49.0369987487793,49.81999969482422,46.674625396728516,24738000,0.0,0.0,AVGO
2022-09-07 00:00:00-04:00,50.29100036621094,50.94300079345703,49.90800094604492,50.51300048828125,47.323875427246094,20440000,0.0,0.0,AVGO
2022-09-08 00:00:00-04:00,50.2599983215332,51.27399826049805,49.869998931884766,51.19300079345703,47.960941314697266,22535000,0.0,0.0,AVGO
2022-09-09 00:00:00-04:00,51.54399871826172,52.59700012207031,51.54399871826172,52.2400016784668,48.941829681396484,23019000,0.0,0.0,AVGO
2022-09-12 00:00:00-04:00,52.67499923706055,53.125999450683594,52.45600128173828,52.90599822998047,49.56578826904297,18157000,0.0,0.0,AVGO
2022-09-13 00:00:00-04:00,51.38399887084961,51.82699966430664,50.167999267578125,50.3650016784668,47.185218811035156,35136000,0.0,0.0,AVGO
2022-09-14 00:00:00-04:00,50.7130012512207,51.29999923706055,50.277000427246094,51.07500076293945,47.85038757324219,20605000,0.0,0.0,AVGO
2022-09-15 00:00:00-04:00,50.893001556396484,51.15599822998047,49.72800064086914,50.013999938964844,46.85637664794922,36574000,0.0,0.0,AVGO
2022-09-16 00:00:00-04:00,49.77199935913086,50.36899948120117,48.986000061035156,50.25,47.077476501464844,59012000,0.0,0.0,AVGO
2022-09-19 00:00:00-04:00,49.44200134277344,50.3390007019043,49.44200134277344,50.183998107910156,47.01564025878906,17948000,0.0,0.0,AVGO
2022-09-20 00:00:00-04:00,49.599998474121094,49.882999420166016,48.97200012207031,49.305999755859375,46.193077087402344,17132000,0.0,0.0,AVGO
2022-09-21 00:00:00-04:00,49.0989990234375,49.987998962402344,48.176998138427734,48.2140007019043,45.54877853393555,20669000,0.41,0.0,AVGO
2022-09-22 00:00:00-04:00,48.24300003051758,48.32099914550781,47.29999923706055,47.76100158691406,45.12082290649414,23540000,0.0,0.0,AVGO
2022-09-23 00:00:00-04:00,47.494998931884766,47.79899978637695,46.20000076293945,46.86800003051758,44.277183532714844,29649000,0.0,0.0,AVGO
2022-09-26 00:00:00-04:00,46.89799880981445,47.33000183105469,46.13100051879883,46.22600173950195,43.670677185058594,19361000,0.0,0.0,AVGO
2022-09-27 00:00:00-04:00,46.95500183105469,46.98899841308594,45.6510009765625,46.474998474121094,43.905906677246094,17850000,0.0,0.0,AVGO
2022-09-28 00:00:00-04:00,46.13399887084961,46.875,45.6349983215332,46.59600067138672,44.02021408081055,27605000,0.0,0.0,AVGO
2022-09-29 00:00:00-04:00,46.09000015258789,46.137001037597656,44.487998962402344,45.01300048828125,42.524723052978516,39997000,0.0,0.0,AVGO
2022-09-30 00:00:00-04:00,44.90599822998047,45.78200149536133,44.36399841308594,44.4010009765625,41.946563720703125,27202000,0.0,0.0,AVGO
2022-10-03 00:00:00-04:00,44.92399978637695,46.095001220703125,44.696998596191406,45.678001403808594,43.15296936035156,21479000,0.0,0.0,AVGO
2022-10-04 00:00:00-04:00,46.849998474121094,48.01599884033203,46.58599853515625,47.986000061035156,45.33338928222656,27277000,0.0,0.0,AVGO
2022-10-05 00:00:00-04:00,47.255001068115234,48.808998107910156,47.145999908447266,48.47999954223633,45.80006790161133,18493000,0.0,0.0,AVGO
2022-10-06 00:00:00-04:00,48.37900161743164,48.970001220703125,47.87200164794922,47.95000076293945,45.29936981201172,17250000,0.0,0.0,AVGO
2022-10-07 00:00:00-04:00,47.237998962402344,47.33399963378906,45.902000427246094,46.04800033569336,43.502506256103516,28425000,0.0,0.0,AVGO
2022-10-10 00:00:00-04:00,46.0,46.0099983215332,43.183998107910156,43.77000045776367,41.350433349609375,33454000,0.0,0.0,AVGO
2022-10-11 00:00:00-04:00,43.52000045776367,43.869998931884766,42.55799865722656,43.07600021362305,40.69480514526367,28046000,0.0,0.0,AVGO
2022-10-12 00:00:00-04:00,43.224998474121094,43.571998596191406,42.80099868774414,43.05699920654297,40.67685317993164,15046000,0.0,0.0,AVGO
2022-10-13 00:00:00-04:00,41.742000579833984,44.37699890136719,41.50699996948242,43.797000885009766,41.37594985961914,27980000,0.0,0.0,AVGO
2022-10-14 00:00:00-04:00,44.327999114990234,44.395999908447266,42.64099884033203,42.709999084472656,40.349037170410156,22816000,0.0,0.0,AVGO
2022-10-17 00:00:00-04:00,43.95500183105469,44.124000549316406,43.3390007019043,43.5369987487793,41.130313873291016,24120000,0.0,0.0,AVGO
2022-10-18 00:00:00-04:00,44.82099914550781,44.85499954223633,43.01599884033203,43.483001708984375,41.07930374145508,20341000,0.0,0.0,AVGO
2022-10-19 00:00:00-04:00,43.323001861572266,43.83000183105469,43.0880012512207,43.529998779296875,41.12369918823242,12702000,0.0,0.0,AVGO
2022-10-20 00:00:00-04:00,43.51300048828125,44.21900177001953,42.81399917602539,43.029998779296875,40.651344299316406,23402000,0.0,0.0,AVGO
2022-10-21 00:00:00-04:00,43.20899963378906,45.066001892089844,42.91699981689453,44.972999572753906,42.486934661865234,26980000,0.0,0.0,AVGO
2022-10-24 00:00:00-04:00,45.27299880981445,45.87900161743164,45.111000061035156,45.652000427246094,43.12840270996094,25287000,0.0,0.0,AVGO
2022-10-25 00:00:00-04:00,45.79899978637695,46.42599868774414,45.68299865722656,46.00699996948242,43.46377944946289,18246000,0.0,0.0,AVGO
2022-10-26 00:00:00-04:00,45.79899978637695,47.17599868774414,45.534000396728516,46.11800003051758,43.568641662597656,29291000,0.0,0.0,AVGO
2022-10-27 00:00:00-04:00,46.60499954223633,47.07699966430664,45.49100112915039,45.540000915527344,43.0225944519043,18512000,0.0,0.0,AVGO
2022-10-28 00:00:00-04:00,45.69599914550781,47.433998107910156,45.564998626708984,47.290000915527344,44.67585372924805,23094000,0.0,0.0,AVGO
2022-10-31 00:00:00-04:00,46.685001373291016,47.28099822998047,46.500999450683594,47.012001037597656,44.41322708129883,19259000,0.0,0.0,AVGO
2022-11-01 00:00:00-04:00,47.58000183105469,47.68299865722656,46.31700134277344,46.790000915527344,44.20349884033203,16324000,0.0,0.0,AVGO
2022-11-02 00:00:00-04:00,47.02799987792969,48.04499816894531,45.571998596191406,45.60300064086914,43.08211135864258,21070000,0.0,0.0,AVGO
2022-11-03 00:00:00-04:00,45.09400177001953,45.2859992980957,44.13600158691406,44.4119987487793,41.956947326660156,23887000,0.0,0.0,AVGO
2022-11-04 00:00:00-04:00,45.68600082397461,46.888999938964844,45.327999114990234,46.529998779296875,43.957862854003906,28891000,0.0,0.0,AVGO
2022-11-07 00:00:00-05:00,46.676998138427734,47.77399826049805,46.15700149536133,47.52199935913086,44.89502716064453,17687000,0.0,0.0,AVGO
2022-11-08 00:00:00-05:00,48.125,48.880001068115234,47.349998474121094,48.21099853515625,45.54594421386719,20743000,0.0,0.0,AVGO
2022-11-09 00:00:00-05:00,47.849998474121094,47.900001525878906,46.90299987792969,46.946998596191406,44.35181427001953,23695000,0.0,0.0,AVGO
2022-11-10 00:00:00-05:00,49.099998474121094,50.71699905395508,48.71900177001953,50.65700149536133,47.85673904418945,33970000,0.0,0.0,AVGO
2022-11-11 00:00:00-05:00,50.47999954223633,51.900001525878906,50.20000076293945,51.808998107910156,48.945037841796875,26728000,0.0,0.0,AVGO
2022-11-14 00:00:00-05:00,51.53900146484375,52.50199890136719,51.29999923706055,51.321998596191406,48.48496627807617,21608000,0.0,0.0,AVGO
2022-11-15 00:00:00-05:00,52.99599838256836,53.25699996948242,51.590999603271484,52.44200134277344,49.543060302734375,23315000,0.0,0.0,AVGO
2022-11-16 00:00:00-05:00,51.672000885009766,51.854000091552734,51.02799987792969,51.17300033569336,48.344207763671875,25405000,0.0,0.0,AVGO
2022-11-17 00:00:00-05:00,50.5,51.27399826049805,50.31399917602539,51.21099853515625,48.38010787963867,20375000,0.0,0.0,AVGO
2022-11-18 00:00:00-05:00,51.6870002746582,51.77299880981445,51.099998474121094,51.51599884033203,48.668243408203125,14536000,0.0,0.0,AVGO
2022-11-21 00:00:00-05:00,51.29399871826172,52.084999084472656,51.111000061035156,51.74399948120117,48.883644104003906,18622000,0.0,0.0,AVGO
2022-11-22 00:00:00-05:00,52.297000885009766,53.02799987792969,51.9010009765625,53.005001068115234,50.07493591308594,18920000,0.0,0.0,AVGO
2022-11-23 00:00:00-05:00,53.03499984741211,54.14799880981445,52.880001068115234,53.36399841308594,50.41408920288086,13964000,0.0,0.0,AVGO
2022-11-25 00:00:00-05:00,53.069000244140625,53.45800018310547,52.948001861572266,52.99100112915039,50.06170654296875,7455000,0.0,0.0,AVGO
2022-11-28 00:00:00-05:00,52.52399826049805,52.875999450683594,51.624000549316406,52.22100067138672,49.33427429199219,23505000,0.0,0.0,AVGO
2022-11-29 00:00:00-05:00,52.29999923706055,52.584999084472656,51.483001708984375,52.138999938964844,49.256813049316406,12694000,0.0,0.0,AVGO
2022-11-30 00:00:00-05:00,52.4109992980957,55.16600036621094,51.78300094604492,55.10300064086914,52.05696105957031,47349000,0.0,0.0,AVGO
2022-12-01 00:00:00-05:00,55.10300064086914,55.242000579833984,54.19599914550781,55.07500076293945,52.0305061340332,23006000,0.0,0.0,AVGO
2022-12-02 00:00:00-05:00,53.70500183105469,54.27000045776367,53.608001708984375,54.08000183105469,51.090511322021484,19320000,0.0,0.0,AVGO
2022-12-05 00:00:00-05:00,53.777000427246094,53.948001861572266,52.54899978637695,53.06399917602539,50.13066482543945,18548000,0.0,0.0,AVGO
2022-12-06 00:00:00-05:00,53.064998626708984,53.356998443603516,52.17499923706055,52.582000732421875,49.67531967163086,19655000,0.0,0.0,AVGO
2022-12-07 00:00:00-05:00,51.959999084472656,52.5,51.60499954223633,51.849998474121094,48.98378372192383,16524000,0.0,0.0,AVGO
2022-12-08 00:00:00-05:00,52.08100128173828,53.242000579833984,52.03799819946289,53.108001708984375,50.172245025634766,27514000,0.0,0.0,AVGO
2022-12-09 00:00:00-05:00,55.09400177001953,55.263999938964844,54.099998474121094,54.47200012207031,51.46084213256836,37028000,0.0,0.0,AVGO
2022-12-12 00:00:00-05:00,54.474998474121094,55.6870002746582,54.2239990234375,55.66299819946289,52.586002349853516,23416000,0.0,0.0,AVGO
2022-12-13 00:00:00-05:00,57.582000732421875,58.183998107910156,56.50299835205078,57.104000091552734,53.947349548339844,40414000,0.0,0.0,AVGO
2022-12-14 00:00:00-05:00,56.85499954223633,58.564998626708984,56.77299880981445,57.444000244140625,54.2685432434082,35218000,0.0,0.0,AVGO
2022-12-15 00:00:00-05:00,56.37799835205078,56.64899826049805,55.77000045776367,55.79999923706055,52.715431213378906,36876000,0.0,0.0,AVGO
2022-12-16 00:00:00-05:00,55.744998931884766,55.97999954223633,55.08700180053711,55.590999603271484,52.51797866821289,49549000,0.0,0.0,AVGO
2022-12-19 00:00:00-05:00,55.402000427246094,55.64799880981445,54.571998596191406,54.9630012512207,52.35794448852539,25092000,0.46,0.0,AVGO
2022-12-20 00:00:00-05:00,54.516998291015625,54.900001525878906,54.09199905395508,54.402000427246094,51.823543548583984,29831000,0.0,0.0,AVGO
2022-12-21 00:00:00-05:00,54.766998291015625,56.191001892089844,54.69499969482422,56.12300109863281,53.46296310424805,25619000,0.0,0.0,AVGO
2022-12-22 00:00:00-05:00,55.334999084472656,55.49399948120117,54.720001220703125,55.308998107910156,52.68754196166992,27553000,0.0,0.0,AVGO
2022-12-23 00:00:00-05:00,55.0,55.36199951171875,54.744998931884766,55.24300003051758,52.62467956542969,13761000,0.0,0.0,AVGO
2022-12-27 00:00:00-05:00,55.154998779296875,55.81100082397461,54.694000244140625,55.354000091552734,52.73041534423828,16677000,0.0,0.0,AVGO
2022-12-28 00:00:00-05:00,55.16400146484375,55.777000427246094,54.244998931884766,54.48899841308594,51.90641784667969,15410000,0.0,0.0,AVGO
2022-12-29 00:00:00-05:00,55.185001373291016,56.2599983215332,55.04999923706055,55.78099822998047,53.13718032836914,18176000,0.0,0.0,AVGO
2022-12-30 00:00:00-05:00,55.18199920654297,55.96500015258789,54.80099868774414,55.91299819946289,53.26292419433594,14376000,0.0,0.0,AVGO
2023-01-03 00:00:00-05:00,56.5,56.75699996948242,55.07899856567383,55.347999572753906,52.724700927734375,20173000,0.0,0.0,AVGO
2023-01-04 00:00:00-05:00,56.29899978637695,56.816001892089844,55.60300064086914,56.02399826049805,53.368656158447266,17074000,0.0,0.0,AVGO
2023-01-05 00:00:00-05:00,55.57099914550781,55.98400115966797,55.11199951171875,55.50199890136719,52.87139892578125,16277000,0.0,0.0,AVGO
2023-01-06 00:00:00-05:00,56.3120002746582,59.099998474121094,56.22999954223633,58.84299850463867,56.054046630859375,35261000,0.0,0.0,AVGO
2023-01-09 00:00:00-05:00,59.22999954223633,60.16699981689453,56.055999755859375,57.68899917602539,54.954742431640625,37739000,0.0,0.0,AVGO
2023-01-10 00:00:00-05:00,57.20000076293945,57.51300048828125,54.999000549316406,57.49300003051758,54.76803207397461,44635000,0.0,0.0,AVGO
2023-01-11 00:00:00-05:00,57.29999923706055,57.83399963378906,56.6870002746582,57.81399917602539,55.07382583618164,22502000,0.0,0.0,AVGO
2023-01-12 00:00:00-05:00,57.558998107910156,58.51100158691406,57.375999450683594,58.194000244140625,55.43581008911133,19514000,0.0,0.0,AVGO
2023-01-13 00:00:00-05:00,57.71500015258789,58.19300079345703,57.66699981689453,57.900001525878906,55.15574264526367,19647000,0.0,0.0,AVGO
2023-01-17 00:00:00-05:00,57.4900016784668,58.5359992980957,57.45399856567383,57.92399978637695,55.17860412597656,15835000,0.0,0.0,AVGO
2023-01-18 00:00:00-05:00,58.32099914550781,58.75600051879883,57.37200164794922,57.42900085449219,54.70706558227539,15703000,0.0,0.0,AVGO
2023-01-19 00:00:00-05:00,56.9119987487793,57.00600051879883,56.03099822998047,56.321998596191406,53.65253448486328,22692000,0.0,0.0,AVGO
2023-01-20 00:00:00-05:00,56.303001403808594,57.13600158691406,55.9109992980957,57.077999114990234,54.37270736694336,22950000,0.0,0.0,AVGO
2023-01-23 00:00:00-05:00,57.20000076293945,58.479000091552734,56.97800064086914,58.16299819946289,55.406280517578125,23429000,0.0,0.0,AVGO
2023-01-24 00:00:00-05:00,57.84400177001953,58.66899871826172,57.5629997253418,58.50299835205078,55.730159759521484,13825000,0.0,0.0,AVGO
2023-01-25 00:00:00-05:00,57.766998291015625,58.696998596191406,57.604000091552734,58.56800079345703,55.792083740234375,13766000,0.0,0.0,AVGO
2023-01-26 00:00:00-05:00,59.04100036621094,60.055999755859375,58.625999450683594,59.858001708984375,57.02094650268555,24525000,0.0,0.0,AVGO
2023-01-27 00:00:00-05:00,59.332000732421875,59.92499923706055,59.01900100708008,59.0989990234375,56.29791259765625,19344000,0.0,0.0,AVGO
2023-01-30 00:00:00-05:00,58.29999923706055,58.96099853515625,57.97600173950195,58.14500045776367,55.38913345336914,16984000,0.0,0.0,AVGO
2023-01-31 00:00:00-05:00,58.207000732421875,58.722999572753906,58.07400131225586,58.500999450683594,55.7282600402832,23719000,0.0,0.0,AVGO
2023-02-01 00:00:00-05:00,58.356998443603516,60.83000183105469,58.27000045776367,60.275001525878906,57.41817855834961,26553000,0.0,0.0,AVGO
2023-02-02 00:00:00-05:00,60.76300048828125,61.31399917602539,59.974998474121094,60.57699966430664,57.70586395263672,24188000,0.0,0.0,AVGO
2023-02-03 00:00:00-05:00,59.79999923706055,60.80400085449219,59.625,59.762001037597656,56.92949676513672,19093000,0.0,0.0,AVGO
2023-02-06 00:00:00-05:00,59.33399963378906,60.321998596191406,59.22600173950195,60.130001068115234,57.280052185058594,18709000,0.0,0.0,AVGO
2023-02-07 00:00:00-05:00,60.066001892089844,61.70100021362305,59.97200012207031,61.44499969482422,58.5327262878418,24025000,0.0,0.0,AVGO
2023-02-08 00:00:00-05:00,60.667999267578125,61.018001556396484,60.0620002746582,60.17100143432617,57.3191032409668,15290000,0.0,0.0,AVGO
2023-02-09 00:00:00-05:00,61.2599983215332,61.49300003051758,59.54800033569336,59.941001892089844,57.100013732910156,18837000,0.0,0.0,AVGO
2023-02-10 00:00:00-05:00,59.63100051879883,59.84600067138672,58.9630012512207,59.32500076293945,56.51320266723633,21035000,0.0,0.0,AVGO
2023-02-13 00:00:00-05:00,59.5,60.14799880981445,59.34700012207031,60.11199951171875,57.26289367675781,19847000,0.0,0.0,AVGO
2023-02-14 00:00:00-05:00,59.41699981689453,60.55799865722656,59.332000732421875,60.23099899291992,57.376258850097656,17571000,0.0,0.0,AVGO
2023-02-15 00:00:00-05:00,59.88600158691406,60.827999114990234,59.66999816894531,60.76900100708008,57.888771057128906,12683000,0.0,0.0,AVGO
2023-02-16 00:00:00-05:00,60.07500076293945,60.89400100708008,59.95500183105469,60.05400085449219,57.2076530456543,17449000,0.0,0.0,AVGO
2023-02-17 00:00:00-05:00,60.0,60.084999084472656,59.244998931884766,59.558998107910156,56.736114501953125,14215000,0.0,0.0,AVGO
2023-02-21 00:00:00-05:00,59.0,59.308998107910156,57.98400115966797,58.15399932861328,55.397705078125,22737000,0.0,0.0,AVGO
2023-02-22 00:00:00-05:00,58.224998474121094,58.308998107910156,57.209999084472656,57.617000579833984,54.88615417480469,23475000,0.0,0.0,AVGO
2023-02-23 00:00:00-05:00,58.57500076293945,58.59400177001953,57.36800003051758,58.380001068115234,55.61299133300781,18939000,0.0,0.0,AVGO
2023-02-24 00:00:00-05:00,57.75299835205078,58.02399826049805,57.361000061035156,57.775001525878906,55.03666305541992,15353000,0.0,0.0,AVGO
2023-02-27 00:00:00-05:00,58.58700180053711,58.97999954223633,58.42599868774414,58.54499816894531,55.770164489746094,18321000,0.0,0.0,AVGO
2023-02-28 00:00:00-05:00,58.555999755859375,59.858001708984375,58.21799850463867,59.42900085449219,56.61227035522461,27822000,0.0,0.0,AVGO
2023-03-01 00:00:00-05:00,59.400001525878906,59.82099914550781,59.029998779296875,59.356998443603516,56.54368209838867,15484000,0.0,0.0,AVGO
2023-03-02 00:00:00-05:00,58.93899917602539,60.09400177001953,58.612998962402344,59.8650016784668,57.02761459350586,27525000,0.0,0.0,AVGO
2023-03-03 00:00:00-05:00,61.77000045776367,63.573001861572266,61.57500076293945,63.2760009765625,60.27693557739258,46088000,0.0,0.0,AVGO
2023-03-06 00:00:00-05:00,63.5,64.40499877929688,63.17300033569336,63.29199981689453,60.29218292236328,24983000,0.0,0.0,AVGO
2023-03-07 00:00:00-05:00,63.48699951171875,63.577999114990234,62.35100173950195,62.51499938964844,59.552005767822266,19334000,0.0,0.0,AVGO
2023-03-08 00:00:00-05:00,62.77799987792969,63.27299880981445,62.367000579833984,63.22600173950195,60.22930908203125,20912000,0.0,0.0,AVGO
2023-03-09 00:00:00-05:00,63.007999420166016,64.24400329589844,62.1879997253418,62.25199890136719,59.301475524902344,21775000,0.0,0.0,AVGO
2023-03-10 00:00:00-05:00,62.819000244140625,63.01599884033203,61.28200149536133,61.483001708984375,58.56891632080078,26098000,0.0,0.0,AVGO
2023-03-13 00:00:00-04:00,60.70899963378906,62.43899917602539,60.6879997253418,61.64699935913086,58.72514724731445,22364000,0.0,0.0,AVGO
2023-03-14 00:00:00-04:00,62.3390007019043,63.33700180053711,61.849998474121094,63.24599838256836,60.24835968017578,25893000,0.0,0.0,AVGO
2023-03-15 00:00:00-04:00,62.766998291015625,63.00699996948242,61.619998931884766,62.604000091552734,59.63679122924805,22963000,0.0,0.0,AVGO
2023-03-16 00:00:00-04:00,62.185001373291016,63.707000732421875,61.78099822998047,63.650001525878906,60.63321304321289,31716000,0.0,0.0,AVGO
2023-03-17 00:00:00-04:00,63.650001525878906,63.957000732421875,62.70800018310547,63.09700012207031,60.10642623901367,79303000,0.0,0.0,AVGO
2023-03-20 00:00:00-04:00,63.27399826049805,64.4739990234375,63.15999984741211,64.37100219726562,61.32003402709961,25857000,0.0,0.0,AVGO
2023-03-21 00:00:00-04:00,64.30899810791016,64.65899658203125,63.43299865722656,63.67499923706055,61.09361267089844,25000000,0.46,0.0,AVGO
2023-03-22 00:00:00-04:00,63.689998626708984,64.8499984741211,63.06700134277344,63.09199905395508,60.53424835205078,25799000,0.0,0.0,AVGO
2023-03-23 00:00:00-04:00,63.88999938964844,64.81800079345703,63.15299987792969,63.92300033569336,61.3315544128418,27162000,0.0,0.0,AVGO
2023-03-24 00:00:00-04:00,63.803001403808594,63.93000030517578,62.85499954223633,63.617000579833984,61.03795623779297,17228000,0.0,0.0,AVGO
2023-03-27 00:00:00-04:00,63.900001525878906,63.90999984741211,62.5989990234375,62.683998107910156,60.142784118652344,14707000,0.0,0.0,AVGO
2023-03-28 00:00:00-04:00,62.52299880981445,62.65399932861328,61.88600158691406,62.470001220703125,59.93745422363281,12439000,0.0,0.0,AVGO
2023-03-29 00:00:00-04:00,63.27799987792969,63.4010009765625,62.4640007019043,62.54999923706055,60.01420974731445,26395000,0.0,0.0,AVGO
2023-03-30 00:00:00-04:00,63.27299880981445,63.60499954223633,62.93000030517578,63.375,60.80577087402344,21523000,0.0,0.0,AVGO
2023-03-31 00:00:00-04:00,63.05400085449219,64.22200012207031,62.590999603271484,64.15399932861328,61.55318832397461,22097000,0.0,0.0,AVGO
2023-04-03 00:00:00-04:00,63.900001525878906,64.38999938964844,63.64400100708008,64.24700164794922,61.64241409301758,15682000,0.0,0.0,AVGO
2023-04-04 00:00:00-04:00,64.31500244140625,64.42400360107422,63.20000076293945,63.441001892089844,60.86909866333008,13429000,0.0,0.0,AVGO
2023-04-05 00:00:00-04:00,63.11399841308594,63.16999816894531,62.56999969482422,62.9010009765625,60.350982666015625,16908000,0.0,0.0,AVGO
2023-04-06 00:00:00-04:00,62.41600036621094,62.84000015258789,61.89699935913086,62.263999938964844,59.739810943603516,14493000,0.0,0.0,AVGO
2023-04-10 00:00:00-04:00,61.80500030517578,62.7869987487793,61.64500045776367,62.73899841308594,60.195556640625,15400000,0.0,0.0,AVGO
2023-04-11 00:00:00-04:00,63.077999114990234,63.0880012512207,62.082000732421875,62.15700149536133,59.63714599609375,16518000,0.0,0.0,AVGO
2023-04-12 00:00:00-04:00,62.73400115966797,62.75199890136719,61.625999450683594,61.66999816894531,59.169883728027344,14112000,0.0,0.0,AVGO
2023-04-13 00:00:00-04:00,61.90700149536133,62.650001525878906,61.71099853515625,62.42399978637695,59.89332580566406,17265000,0.0,0.0,AVGO
2023-04-14 00:00:00-04:00,62.04800033569336,62.803001403808594,61.520999908447266,61.95399856567383,59.4423713684082,17465000,0.0,0.0,AVGO
2023-04-17 00:00:00-04:00,61.861000061035156,62.83399963378906,61.78099822998047,62.736000061035156,60.19268035888672,13201000,0.0,0.0,AVGO
2023-04-18 00:00:00-04:00,63.1619987487793,63.54999923706055,62.7130012512207,63.231998443603516,60.66856384277344,16806000,0.0,0.0,AVGO
2023-04-19 00:00:00-04:00,62.67900085449219,63.67900085449219,62.55500030517578,63.45000076293945,60.87772750854492,19060000,0.0,0.0,AVGO
2023-04-20 00:00:00-04:00,62.7859992980957,64.27300262451172,62.7140007019043,63.301998138427734,60.735721588134766,20239000,0.0,0.0,AVGO
2023-04-21 00:00:00-04:00,63.060001373291016,63.380001068115234,62.19900131225586,63.290000915527344,60.72421646118164,14807000,0.0,0.0,AVGO
2023-04-24 00:00:00-04:00,63.36399841308594,63.8849983215332,63.17900085449219,63.45399856567383,60.88156509399414,12338000,0.0,0.0,AVGO
2023-04-25 00:00:00-04:00,63.39899826049805,63.5989990234375,62.17399978637695,62.20199966430664,59.68032455444336,23670000,0.0,0.0,AVGO
2023-04-26 00:00:00-04:00,61.99700164794922,62.3129997253418,61.35100173950195,61.61899948120117,59.1209602355957,17179000,0.0,0.0,AVGO
2023-04-27 00:00:00-04:00,61.61899948120117,62.00899887084961,60.323001861572266,61.840999603271484,59.33395767211914,18250000,0.0,0.0,AVGO
2023-04-28 00:00:00-04:00,61.90700149536133,62.678001403808594,61.45600128173828,62.650001525878906,60.110164642333984,16183000,0.0,0.0,AVGO
2023-05-01 00:00:00-04:00,62.650001525878906,63.89899826049805,62.619998931884766,63.79499816894531,61.208744049072266,17030000,0.0,0.0,AVGO
2023-05-02 00:00:00-04:00,62.57600021362305,62.650001525878906,60.50199890136719,61.23400115966797,58.75156021118164,28357000,0.0,0.0,AVGO
2023-05-03 00:00:00-04:00,61.689998626708984,62.19499969482422,61.2400016784668,61.31999969482422,58.834075927734375,19816000,0.0,0.0,AVGO
2023-05-04 00:00:00-04:00,61.0,61.395999908447266,60.12900161743164,61.01599884033203,58.54240036010742,17684000,0.0,0.0,AVGO
2023-05-05 00:00:00-04:00,61.595001220703125,63.14699935913086,61.33700180053711,63.012001037597656,60.457481384277344,24876000,0.0,0.0,AVGO
2023-05-08 00:00:00-04:00,62.97800064086914,63.073001861572266,62.05799865722656,62.90599822998047,60.35578536987305,13934000,0.0,0.0,AVGO
2023-05-09 00:00:00-04:00,62.27299880981445,62.40700149536133,61.58599853515625,61.85100173950195,59.34355163574219,16990000,0.0,0.0,AVGO
2023-05-10 00:00:00-04:00,62.20600128173828,62.79999923706055,61.82699966430664,62.62699890136719,60.08808898925781,19174000,0.0,0.0,AVGO
2023-05-11 00:00:00-04:00,62.65800094604492,62.847999572753906,61.79899978637695,62.766998291015625,60.222415924072266,14430000,0.0,0.0,AVGO
2023-05-12 00:00:00-04:00,62.8380012512207,63.27000045776367,62.42100143432617,63.1150016784668,60.55630874633789,11942000,0.0,0.0,AVGO
2023-05-15 00:00:00-04:00,63.1870002746582,64.00199890136719,62.84700012207031,63.97999954223633,61.38624954223633,14614000,0.0,0.0,AVGO
2023-05-16 00:00:00-04:00,64.0459976196289,64.69100189208984,63.87300109863281,64.14399719238281,61.54359436035156,14967000,0.0,0.0,AVGO
2023-05-17 00:00:00-04:00,64.73500061035156,66.08999633789062,64.45800018310547,65.74700164794922,63.081607818603516,24133000,0.0,0.0,AVGO
2023-05-18 00:00:00-04:00,65.5999984741211,67.93599700927734,65.5999984741211,67.79000091552734,65.04178619384766,26389000,0.0,0.0,AVGO
2023-05-19 00:00:00-04:00,68.0,68.49500274658203,67.84100341796875,68.2249984741211,65.45914459228516,22968000,0.0,0.0,AVGO
2023-05-22 00:00:00-04:00,68.13999938964844,68.46800231933594,67.41200256347656,67.83699798583984,65.08687591552734,17796000,0.0,0.0,AVGO
2023-05-23 00:00:00-04:00,69.06400299072266,69.89900207519531,68.2020034790039,68.6500015258789,65.86691284179688,36088000,0.0,0.0,AVGO
2023-05-24 00:00:00-04:00,68.14399719238281,68.43099975585938,67.60600280761719,67.9530029296875,65.19818115234375,23021000,0.0,0.0,AVGO
2023-05-25 00:00:00-04:00,69.94100189208984,73.23899841308594,69.0770034790039,72.87999725341797,69.9254379272461,49263000,0.0,0.0,AVGO
2023-05-26 00:00:00-04:00,74.74299621582031,81.49800109863281,74.7020034790039,81.27300262451172,77.97816467285156,82500000,0.0,0.0,AVGO
2023-05-30 00:00:00-04:00,83.51200103759766,92.1780014038086,79.88099670410156,80.33399963378906,77.07725524902344,116912000,0.0,0.0,AVGO
2023-05-31 00:00:00-04:00,79.48999786376953,82.16699981689453,79.01300048828125,80.7959976196289,77.5205307006836,89998000,0.0,0.0,AVGO
2023-06-01 00:00:00-04:00,80.06199645996094,80.5790023803711,78.51599884033203,78.99500274658203,75.79253387451172,80792000,0.0,0.0,AVGO
2023-06-02 00:00:00-04:00,79.06400299072266,82.37699890136719,78.72000122070312,81.19999694824219,77.90812683105469,62815000,0.0,0.0,AVGO
2023-06-05 00:00:00-04:00,80.91999816894531,80.91999816894531,79.447998046875,80.2300033569336,76.97746276855469,26222000,0.0,0.0,AVGO
2023-06-06 00:00:00-04:00,80.19999694824219,80.19999694824219,77.63800048828125,79.0,75.79731750488281,37823000,0.0,0.0,AVGO
2023-06-07 00:00:00-04:00,78.98200225830078,80.54499816894531,78.7509994506836,79.26300048828125,76.0496597290039,28957000,0.0,0.0,AVGO
2023-06-08 00:00:00-04:00,79.49099731445312,80.5009994506836,78.87799835205078,80.41999816894531,77.1597671508789,21909000,0.0,0.0,AVGO
2023-06-09 00:00:00-04:00,80.58000183105469,81.7750015258789,80.38800048828125,80.46199798583984,77.20005798339844,19241000,0.0,0.0,AVGO
2023-06-12 00:00:00-04:00,81.11199951171875,85.80000305175781,81.11199951171875,85.53600311279297,82.06835174560547,51065000,0.0,0.0,AVGO
2023-06-13 00:00:00-04:00,86.11299896240234,86.32599639892578,84.0999984741211,85.11199951171875,81.66154479980469,38990000,0.0,0.0,AVGO
2023-06-14 00:00:00-04:00,85.58999633789062,88.85399627685547,84.72200012207031,88.61799621582031,85.025390625,43524000,0.0,0.0,AVGO
2023-06-15 00:00:00-04:00,88.44100189208984,88.7969970703125,87.10199737548828,88.34300231933594,84.76155090332031,33814000,0.0,0.0,AVGO
2023-06-16 00:00:00-04:00,88.9280014038086,88.99500274658203,86.54499816894531,86.81099700927734,83.29167175292969,68299000,0.0,0.0,AVGO
2023-06-20 00:00:00-04:00,86.26599884033203,87.70700073242188,86.10099792480469,86.8030014038086,83.28398895263672,27535000,0.0,0.0,AVGO
2023-06-21 00:00:00-04:00,86.0,86.5999984741211,84.45999908447266,84.76599884033203,81.76287841796875,23229000,0.46,0.0,AVGO
2023-06-22 00:00:00-04:00,84.50900268554688,84.89099884033203,83.53099822998047,84.24299621582031,81.25838470458984,23464000,0.0,0.0,AVGO
2023-06-23 00:00:00-04:00,83.4010009765625,83.60199737548828,81.88500213623047,82.21499633789062,79.30223846435547,37413000,0.0,0.0,AVGO
2023-06-26 00:00:00-04:00,82.5,83.69999694824219,82.02200317382812,82.16300201416016,79.25208282470703,21372000,0.0,0.0,AVGO
2023-06-27 00:00:00-04:00,82.86799621582031,85.0,82.0999984741211,84.83999633789062,81.83424377441406,24923000,0.0,0.0,AVGO
2023-06-28 00:00:00-04:00,83.87300109863281,85.85299682617188,83.70600128173828,84.79399871826172,81.78986358642578,19445000,0.0,0.0,AVGO
2023-06-29 00:00:00-04:00,85.44499969482422,86.28399658203125,84.64099884033203,86.25700378417969,83.20105743408203,23386000,0.0,0.0,AVGO
2023-06-30 00:00:00-04:00,86.85199737548828,87.45700073242188,86.43299865722656,86.74299621582031,83.66980743408203,23145000,0.0,0.0,AVGO
2023-07-03 00:00:00-04:00,86.86199951171875,87.6729965209961,86.49199676513672,87.64399719238281,84.53889465332031,9038000,0.0,0.0,AVGO
2023-07-05 00:00:00-04:00,86.73999786376953,87.69000244140625,86.17500305175781,86.18599700927734,83.13255310058594,14440000,0.0,0.0,AVGO
2023-07-06 00:00:00-04:00,84.5,85.38999938964844,84.43299865722656,84.80000305175781,81.795654296875,23939000,0.0,0.0,AVGO
2023-07-07 00:00:00-04:00,85.04299926757812,85.79900360107422,84.46600341796875,84.67500305175781,81.67508697509766,19409000,0.0,0.0,AVGO
2023-07-10 00:00:00-04:00,84.8280029296875,87.91699981689453,84.8280029296875,87.77300262451172,84.66333770751953,30622000,0.0,0.0,AVGO
2023-07-11 00:00:00-04:00,88.11100006103516,88.30000305175781,86.46299743652344,88.20500183105469,85.08003234863281,25498000,0.0,0.0,AVGO
2023-07-12 00:00:00-04:00,88.9000015258789,89.75900268554688,88.19999694824219,88.99500274658203,85.84203338623047,28197000,0.0,0.0,AVGO
2023-07-13 00:00:00-04:00,89.89399719238281,89.89399719238281,87.8270034790039,89.03600311279297,85.8815689086914,25912000,0.0,0.0,AVGO
2023-07-14 00:00:00-04:00,88.61599731445312,90.33499908447266,88.61599731445312,88.85800170898438,85.70988464355469,18510000,0.0,0.0,AVGO
2023-07-17 00:00:00-04:00,89.10099792480469,91.32099914550781,88.97799682617188,91.03500366210938,87.80976867675781,26819000,0.0,0.0,AVGO
2023-07-18 00:00:00-04:00,90.5979995727539,90.98999786376953,89.82599639892578,90.34300231933594,87.14227294921875,24513000,0.0,0.0,AVGO
2023-07-19 00:00:00-04:00,89.72699737548828,90.59700012207031,88.56300354003906,90.13700103759766,86.94358825683594,24118000,0.0,0.0,AVGO
2023-07-20 00:00:00-04:00,89.25399780273438,90.69999694824219,88.5999984741211,88.83399963378906,85.6867446899414,28268000,0.0,0.0,AVGO
2023-07-21 00:00:00-04:00,90.4489974975586,91.11499786376953,89.38300323486328,89.67500305175781,86.49794006347656,74287000,0.0,0.0,AVGO
2023-07-24 00:00:00-04:00,90.08000183105469,90.54399871826172,89.4229965209961,90.15899658203125,86.96479797363281,19992000,0.0,0.0,AVGO
2023-07-25 00:00:00-04:00,90.06199645996094,92.31800079345703,90.06199645996094,91.79900360107422,88.54671478271484,20042000,0.0,0.0,AVGO
2023-07-26 00:00:00-04:00,90.9000015258789,91.06199645996094,88.76499938964844,89.30899810791016,86.1449203491211,19877000,0.0,0.0,AVGO
2023-07-27 00:00:00-04:00,90.8499984741211,90.98500061035156,88.5999984741211,89.35299682617188,86.18736267089844,21922000,0.0,0.0,AVGO
2023-07-28 00:00:00-04:00,89.93199920654297,90.35600280761719,89.3949966430664,89.97899627685547,86.79117584228516,18791000,0.0,0.0,AVGO
2023-07-31 00:00:00-04:00,89.75,90.0999984741211,89.0999984741211,89.86499786376953,86.68122100830078,14952000,0.0,0.0,AVGO
2023-08-01 00:00:00-04:00,89.89800262451172,92.06199645996094,89.7699966430664,92.0,88.74056243896484,19683000,0.0,0.0,AVGO
2023-08-02 00:00:00-04:00,91.2300033569336,91.30000305175781,89.02899932861328,89.2300033569336,86.06871795654297,26877000,0.0,0.0,AVGO
2023-08-03 00:00:00-04:00,88.66200256347656,89.53299713134766,88.10800170898438,88.49800109863281,85.3626480102539,18281000,0.0,0.0,AVGO
2023-08-04 00:00:00-04:00,88.49800109863281,89.36199951171875,87.33699798583984,88.16500091552734,85.04143524169922,21156000,0.0,0.0,AVGO
2023-08-07 00:00:00-04:00,88.76799774169922,89.73699951171875,88.5270004272461,89.70600128173828,86.52783966064453,11146000,0.0,0.0,AVGO
2023-08-08 00:00:00-04:00,89.00900268554688,89.05999755859375,87.33999633789062,88.31600189208984,85.18708038330078,14081000,0.0,0.0,AVGO
2023-08-09 00:00:00-04:00,88.27200317382812,88.35299682617188,84.87200164794922,85.072998046875,82.05897521972656,24672000,0.0,0.0,AVGO
2023-08-10 00:00:00-04:00,85.31199645996094,86.1500015258789,83.70700073242188,84.29000091552734,81.30372619628906,20186000,0.0,0.0,AVGO
2023-08-11 00:00:00-04:00,83.4010009765625,83.63999938964844,82.3479995727539,82.97599792480469,80.0362777709961,20331000,0.0,0.0,AVGO
2023-08-14 00:00:00-04:00,83.11299896240234,85.41799926757812,82.73799896240234,85.41000366210938,82.3840560913086,17688000,0.0,0.0,AVGO
2023-08-15 00:00:00-04:00,84.9209976196289,85.46199798583984,83.64600372314453,84.25199890136719,81.26707458496094,14035000,0.0,0.0,AVGO
2023-08-16 00:00:00-04:00,84.77899932861328,85.44999694824219,83.19599914550781,83.29900360107422,80.34783172607422,16003000,0.0,0.0,AVGO
2023-08-17 00:00:00-04:00,83.6510009765625,83.94200134277344,82.70099639892578,82.70999908447266,79.77970886230469,19228000,0.0,0.0,AVGO
2023-08-18 00:00:00-04:00,82.0,82.81700134277344,81.19999694824219,82.58399963378906,79.65816497802734,17759000,0.0,0.0,AVGO
2023-08-21 00:00:00-04:00,83.40599822998047,86.73400115966797,83.177001953125,86.51399993896484,83.44892883300781,30012000,0.0,0.0,AVGO
2023-08-22 00:00:00-04:00,87.34100341796875,87.4749984741211,85.08799743652344,85.5790023803711,82.54707336425781,17079000,0.0,0.0,AVGO
2023-08-23 00:00:00-04:00,85.0770034790039,87.81900024414062,85.0,87.65799713134766,84.5523910522461,19692000,0.0,0.0,AVGO
2023-08-24 00:00:00-04:00,90.23500061035156,90.98600006103516,85.24600219726562,85.44599914550781,82.41876220703125,30934000,0.0,0.0,AVGO
2023-08-25 00:00:00-04:00,85.7020034790039,86.94400024414062,83.76699829101562,85.18199920654297,82.16413879394531,24181000,0.0,0.0,AVGO
2023-08-28 00:00:00-04:00,85.63899993896484,86.41300201416016,84.71099853515625,86.10800170898438,83.05731964111328,14306000,0.0,0.0,AVGO
2023-08-29 00:00:00-04:00,85.83999633789062,89.28399658203125,85.64199829101562,88.99299621582031,85.8401107788086,27822000,0.0,0.0,AVGO
2023-08-30 00:00:00-04:00,89.23899841308594,89.87100219726562,87.91100311279297,89.22799682617188,86.06678009033203,23234000,0.0,0.0,AVGO
2023-08-31 00:00:00-04:00,89.8010025024414,92.36699676513672,89.37699890136719,92.28900146484375,89.01934814453125,55203000,0.0,0.0,AVGO
2023-09-01 00:00:00-04:00,90.18699645996094,90.18699645996094,86.46600341796875,87.25199890136719,84.1607894897461,65017000,0.0,0.0,AVGO
2023-09-05 00:00:00-04:00,86.95099639892578,88.30000305175781,86.69999694824219,87.21700286865234,84.12702941894531,24808000,0.0,0.0,AVGO
2023-09-06 00:00:00-04:00,87.25,87.73699951171875,86.67400360107422,87.22699737548828,84.13666534423828,20142000,0.0,0.0,AVGO
2023-09-07 00:00:00-04:00,85.94999694824219,86.16899871826172,84.052001953125,85.7030029296875,82.66667175292969,27789000,0.0,0.0,AVGO
2023-09-08 00:00:00-04:00,85.5,86.08300018310547,85.01200103759766,85.75499725341797,82.71682739257812,16810000,0.0,0.0,AVGO
2023-09-11 00:00:00-04:00,86.87699890136719,86.9000015258789,84.56500244140625,85.91400146484375,82.87020111083984,15710000,0.0,0.0,AVGO
2023-09-12 00:00:00-04:00,85.02400207519531,85.8270034790039,84.16600036621094,84.4520034790039,81.45999145507812,16680000,0.0,0.0,AVGO
2023-09-13 00:00:00-04:00,84.71900177001953,85.91100311279297,84.42400360107422,85.29299926757812,82.27117919921875,17413000,0.0,0.0,AVGO
2023-09-14 00:00:00-04:00,85.90299987792969,87.66699981689453,85.5,87.16400146484375,84.07591247558594,19648000,0.0,0.0,AVGO
2023-09-15 00:00:00-04:00,86.81600189208984,86.81600189208984,84.29000091552734,85.16799926757812,82.15061950683594,50190000,0.0,0.0,AVGO
2023-09-18 00:00:00-04:00,84.25800323486328,85.63300323486328,84.0,85.0,81.98856353759766,16541000,0.0,0.0,AVGO
2023-09-19 00:00:00-04:00,84.5989990234375,85.10299682617188,83.8499984741211,84.91999816894531,81.91141510009766,13126000,0.0,0.0,AVGO
2023-09-20 00:00:00-04:00,84.9990005493164,84.9990005493164,83.03500366210938,83.05699920654297,80.55075073242188,13681000,0.46,0.0,AVGO
2023-09-21 00:00:00-04:00,79.51100158691406,82.25,79.50900268554688,80.83599853515625,78.39675903320312,53654000,0.0,0.0,AVGO
2023-09-22 00:00:00-04:00,81.1240005493164,83.05799865722656,81.03800201416016,82.90799713134766,80.4062271118164,27764000,0.0,0.0,AVGO
2023-09-25 00:00:00-04:00,82.80000305175781,83.85600280761719,82.3010025024414,83.38899993896484,80.87273406982422,15648000,0.0,0.0,AVGO
2023-09-26 00:00:00-04:00,82.91699981689453,83.0270004272461,81.12100219726562,81.61900329589844,79.1561508178711,17641000,0.0,0.0,AVGO
2023-09-27 00:00:00-04:00,81.9260025024414,82.36799621582031,80.43800354003906,81.68099975585938,79.21625518798828,15352000,0.0,0.0,AVGO
2023-09-28 00:00:00-04:00,82.01699829101562,83.88600158691406,81.46800231933594,83.19999694824219,80.6894302368164,16180000,0.0,0.0,AVGO
2023-09-29 00:00:00-04:00,83.6449966430664,84.40399932861328,82.29100036621094,83.05799865722656,80.55171203613281,16481000,0.0,0.0,AVGO
2023-10-02 00:00:00-04:00,82.90599822998047,83.85600280761719,82.3499984741211,83.49500274658203,80.97553253173828,14676000,0.0,0.0,AVGO
2023-10-03 00:00:00-04:00,82.69999694824219,83.57499694824219,80.89099884033203,81.48300170898438,79.02425384521484,18761000,0.0,0.0,AVGO
2023-10-04 00:00:00-04:00,82.03299713134766,83.05799865722656,81.62999725341797,82.38099670410156,79.89514923095703,16417000,0.0,0.0,AVGO
2023-10-05 00:00:00-04:00,82.01100158691406,82.86299896240234,81.5479965209961,82.38600158691406,79.89998626708984,11474000,0.0,0.0,AVGO
2023-10-06 00:00:00-04:00,81.94000244140625,84.83899688720703,81.1719970703125,84.5260009765625,81.97542572021484,21103000,0.0,0.0,AVGO
2023-10-09 00:00:00-04:00,84.0459976196289,85.66100311279297,83.78299713134766,85.58799743652344,83.00537109375,15760000,0.0,0.0,AVGO
2023-10-10 00:00:00-04:00,85.71499633789062,87.25499725341797,85.5719985961914,85.84100341796875,83.250732421875,14718000,0.0,0.0,AVGO
2023-10-11 00:00:00-04:00,85.97100067138672,87.53399658203125,85.65499877929688,87.45600128173828,84.81700897216797,14334000,0.0,0.0,AVGO
2023-10-12 00:00:00-04:00,87.64299774169922,91.79299926757812,87.64299774169922,90.55999755859375,87.82733917236328,43871000,0.0,0.0,AVGO
2023-10-13 00:00:00-04:00,90.9000015258789,92.59100341796875,88.20899963378906,88.31800079345703,85.65299987792969,28312000,0.0,0.0,AVGO
2023-10-16 00:00:00-04:00,89.09700012207031,91.5790023803711,89.09700012207031,90.25700378417969,87.53348541259766,21150000,0.0,0.0,AVGO
2023-10-17 00:00:00-04:00,88.51499938964844,89.2979965209961,86.5999984741211,88.44000244140625,85.77130889892578,33008000,0.0,0.0,AVGO
2023-10-18 00:00:00-04:00,87.99500274658203,89.56300354003906,87.5199966430664,88.7030029296875,86.02637481689453,20404000,0.0,0.0,AVGO
2023-10-19 00:00:00-04:00,88.7020034790039,88.9489974975586,86.56700134277344,86.78299713134766,84.16429901123047,26620000,0.0,0.0,AVGO
2023-10-20 00:00:00-04:00,87.48999786376953,87.48999786376953,85.18399810791016,85.36299896240234,82.78716278076172,26953000,0.0,0.0,AVGO
2023-10-23 00:00:00-04:00,85.7959976196289,87.36000061035156,84.28199768066406,86.22200012207031,83.62024688720703,16456000,0.0,0.0,AVGO
2023-10-24 00:00:00-04:00,86.4000015258789,88.30000305175781,86.31199645996094,88.11100006103516,85.45223999023438,14972000,0.0,0.0,AVGO
2023-10-25 00:00:00-04:00,87.70700073242188,87.87300109863281,84.60800170898438,84.96299743652344,82.39922332763672,21432000,0.0,0.0,AVGO
2023-10-26 00:00:00-04:00,84.79100036621094,85.44200134277344,81.83399963378906,82.67500305175781,80.1802749633789,27917000,0.0,0.0,AVGO
2023-10-27 00:00:00-04:00,83.0,84.02100372314453,82.85399627685547,83.83599853515625,81.3062515258789,18236000,0.0,0.0,AVGO
2023-10-30 00:00:00-04:00,84.11000061035156,84.94300079345703,82.71499633789062,84.125,81.58650970458984,20889000,0.0,0.0,AVGO
2023-10-31 00:00:00-04:00,84.38899993896484,84.55000305175781,83.26000213623047,84.13700103759766,81.59814453125,14747000,0.0,0.0,AVGO
2023-11-01 00:00:00-04:00,84.19999694824219,85.38300323486328,83.55699920654297,85.29399871826172,82.72024536132812,18684000,0.0,0.0,AVGO
2023-11-02 00:00:00-04:00,86.19999694824219,88.05000305175781,86.0,87.12999725341797,84.50083923339844,18759000,0.0,0.0,AVGO
2023-11-03 00:00:00-04:00,87.75,88.75,87.10600280761719,88.26799774169922,85.60449981689453,18041000,0.0,0.0,AVGO
2023-11-06 00:00:00-05:00,88.15599822998047,88.58899688720703,87.12100219726562,88.08300018310547,85.42507934570312,12870000,0.0,0.0,AVGO
2023-11-07 00:00:00-05:00,88.23200225830078,90.177001953125,87.61599731445312,89.78199768066406,87.07282257080078,19365000,0.0,0.0,AVGO
2023-11-08 00:00:00-05:00,90.0,91.29100036621094,89.9000015258789,91.11299896240234,88.3636474609375,15280000,0.0,0.0,AVGO
2023-11-09 00:00:00-05:00,91.25,92.9800033569336,90.85600280761719,91.13800048828125,88.38789367675781,24486000,0.0,0.0,AVGO
2023-11-10 00:00:00-05:00,92.17400360107422,95.8949966430664,91.82099914550781,95.75199890136719,92.86266326904297,36272000,0.0,0.0,AVGO
2023-11-13 00:00:00-05:00,95.00499725341797,95.23999786376953,94.0479965209961,94.69300079345703,91.83562469482422,16893000,0.0,0.0,AVGO
2023-11-14 00:00:00-05:00,96.23400115966797,97.677001953125,95.5250015258789,97.2959976196289,94.36006927490234,23886000,0.0,0.0,AVGO
2023-11-15 00:00:00-05:00,97.95099639892578,98.17500305175781,96.69100189208984,97.54000091552734,94.59672546386719,16099000,0.0,0.0,AVGO
2023-11-16 00:00:00-05:00,96.4000015258789,96.87000274658203,95.052001953125,95.95500183105469,93.05955505371094,26198000,0.0,0.0,AVGO
2023-11-17 00:00:00-05:00,95.82099914550781,98.38899993896484,95.0999984741211,97.77300262451172,94.82268524169922,19789000,0.0,0.0,AVGO
2023-11-20 00:00:00-05:00,97.30000305175781,99.98699951171875,97.30000305175781,99.57099914550781,96.5664291381836,18674000,0.0,0.0,AVGO
2023-11-21 00:00:00-05:00,97.5,99.0999984741211,97.16300201416016,98.12000274658203,95.15922546386719,43344000,0.0,0.0,AVGO
2023-11-22 00:00:00-05:00,98.36900329589844,98.79900360107422,97.0999984741211,97.19999694824219,94.2669677734375,33743000,0.0,0.0,AVGO
2023-11-24 00:00:00-05:00,97.49600219726562,97.98600006103516,96.67500305175781,97.88700103759766,94.93325805664062,23158000,0.0,0.0,AVGO
2023-11-27 00:00:00-05:00,97.61499786376953,98.10099792480469,94.93299865722656,95.02400207519531,92.15663146972656,96962000,0.0,0.0,AVGO
2023-11-28 00:00:00-05:00,93.99400329589844,95.08599853515625,93.41600036621094,94.63500213623047,91.7793960571289,39025000,0.0,0.0,AVGO
2023-11-29 00:00:00-05:00,94.83399963378906,95.94300079345703,93.93699645996094,94.08300018310547,91.24403381347656,34843000,0.0,0.0,AVGO
2023-11-30 00:00:00-05:00,94.0999984741211,94.24199676513672,91.83699798583984,92.572998046875,89.77960205078125,49571000,0.0,0.0,AVGO
2023-12-01 00:00:00-05:00,92.24600219726562,93.38999938964844,90.80000305175781,93.0,90.19371795654297,29612000,0.0,0.0,AVGO
2023-12-04 00:00:00-05:00,92.06400299072266,93.09700012207031,91.64399719238281,92.39700317382812,89.60890197753906,25009000,0.0,0.0,AVGO
2023-12-05 00:00:00-05:00,91.16000366210938,91.72699737548828,90.58499908447266,91.31199645996094,88.556640625,37066000,0.0,0.0,AVGO
2023-12-06 00:00:00-05:00,92.03600311279297,92.09700012207031,90.30999755859375,90.36399841308594,87.63725280761719,24813000,0.0,0.0,AVGO
2023-12-07 00:00:00-05:00,90.55400085449219,92.41200256347656,90.36399841308594,92.22599792480469,89.44306182861328,43517000,0.0,0.0,AVGO
2023-12-08 00:00:00-05:00,92.78399658203125,95.072998046875,91.0530014038086,94.43000030517578,91.58056640625,69668000,0.0,0.0,AVGO
2023-12-11 00:00:00-05:00,95.70099639892578,103.95099639892578,95.60900115966797,102.92400360107422,99.81825256347656,101184000,0.0,0.0,AVGO
2023-12-12 00:00:00-05:00,102.79900360107422,107.93900299072266,102.45800018310547,107.22799682617188,103.99237823486328,90242000,0.0,0.0,AVGO
2023-12-13 00:00:00-05:00,106.80000305175781,109.97799682617188,106.25399780273438,108.96900177001953,105.68084716796875,71654000,0.0,0.0,AVGO
2023-12-14 00:00:00-05:00,109.21800231933594,112.14600372314453,109.02799987792969,110.64900207519531,107.31015014648438,66964000,0.0,0.0,AVGO
2023-12-15 00:00:00-05:00,109.52200317382812,114.98799896240234,109.46199798583984,112.9739990234375,109.56501007080078,118544000,0.0,0.0,AVGO
2023-12-18 00:00:00-05:00,112.08000183105469,115.18199920654297,111.86399841308594,114.69999694824219,111.23890686035156,54741000,0.0,0.0,AVGO
2023-12-19 00:00:00-05:00,114.19999694824219,115.0459976196289,113.2509994506836,113.95800018310547,111.02749633789062,36020000,0.525,0.0,AVGO
2023-12-20 00:00:00-05:00,113.2699966430664,114.13600158691406,110.9260025024414,111.03800201416016,108.1825942993164,34523000,0.0,0.0,AVGO
2023-12-21 00:00:00-05:00,113.26499938964844,113.54199981689453,111.5,112.72899627685547,109.83010864257812,24106000,0.0,0.0,AVGO
2023-12-22 00:00:00-05:00,112.7979965209961,113.19999694824219,111.35299682617188,112.197998046875,109.312744140625,19089000,0.0,0.0,AVGO
2023-12-26 00:00:00-05:00,112.42400360107422,113.55000305175781,112.302001953125,113.18900299072266,110.27826690673828,16793000,0.0,0.0,AVGO
2023-12-27 00:00:00-05:00,113.5999984741211,113.95700073242188,112.2959976196289,112.61699676513672,109.72096252441406,20055000,0.0,0.0,AVGO
2023-12-28 00:00:00-05:00,113.16899871826172,113.2239990234375,111.90499877929688,112.24099731445312,109.35464477539062,21247000,0.0,0.0,AVGO
2023-12-29 00:00:00-05:00,112.14600372314453,112.43800354003906,111.46700286865234,111.625,108.7544937133789,20558000,0.0,0.0,AVGO
2024-01-02 00:00:00-05:00,109.21199798583984,110.19999694824219,107.70899963378906,108.53800201416016,105.74687194824219,28831000,0.0,0.0,AVGO
2024-01-03 00:00:00-05:00,107.0199966430664,107.5,105.53099822998047,105.85800170898438,103.13578796386719,34735000,0.0,0.0,AVGO
2024-01-04 00:00:00-05:00,105.7959976196289,106.94999694824219,104.73699951171875,104.9010009765625,102.20341491699219,25658000,0.0,0.0,AVGO
2024-01-05 00:00:00-05:00,105.16000366210938,105.5459976196289,104.1510009765625,104.9280014038086,102.22969818115234,22475000,0.0,0.0,AVGO
2024-01-08 00:00:00-05:00,105.6500015258789,107.80000305175781,105.19999694824219,107.48500061035156,104.720947265625,33110000,0.0,0.0,AVGO
2024-01-09 00:00:00-05:00,106.56199645996094,108.8550033569336,106.47100067138672,108.2490005493164,105.4653091430664,23225000,0.0,0.0,AVGO
2024-01-10 00:00:00-05:00,108.03500366210938,108.2959976196289,106.26000213623047,108.05699920654297,105.27823638916016,17643000,0.0,0.0,AVGO
2024-01-11 00:00:00-05:00,108.43199920654297,110.12999725341797,107.45099639892578,109.99800109863281,107.1693344116211,25757000,0.0,0.0,AVGO
2024-01-12 00:00:00-05:00,111.20999908447266,111.56900024414062,110.0009994506836,110.76799774169922,107.91952514648438,26882000,0.0,0.0,AVGO
2024-01-16 00:00:00-05:00,111.23400115966797,112.6240005493164,109.86299896240234,111.49600219726562,108.62879180908203,26145000,0.0,0.0,AVGO
2024-01-17 00:00:00-05:00,110.62899780273438,111.31099700927734,109.02100372314453,110.36699676513672,107.52883911132812,18314000,0.0,0.0,AVGO
2024-01-18 00:00:00-05:00,112.48999786376953,114.65499877929688,112.18800354003906,114.39099884033203,111.44935607910156,32228000,0.0,0.0,AVGO
2024-01-19 00:00:00-05:00,115.73100280761719,121.69999694824219,115.5999984741211,121.12000274658203,118.00532531738281,53077000,0.0,0.0,AVGO
2024-01-22 00:00:00-05:00,121.625,123.13300323486328,120.8219985961914,122.05000305175781,118.91140747070312,31222000,0.0,0.0,AVGO
2024-01-23 00:00:00-05:00,122.0999984741211,122.697998046875,120.35199737548828,122.63099670410156,119.47746276855469,16952000,0.0,0.0,AVGO
2024-01-24 00:00:00-05:00,124.2300033569336,128.4550018310547,123.10099792480469,125.38700103759766,122.16259002685547,34805000,0.0,0.0,AVGO
2024-01-25 00:00:00-05:00,128.10000610351562,128.10000610351562,122.87999725341797,123.0,119.83697509765625,36356000,0.0,0.0,AVGO
2024-01-26 00:00:00-05:00,121.97000122070312,122.12100219726562,120.02300262451172,120.48799896240234,117.38957214355469,25818000,0.0,0.0,AVGO
2024-01-29 00:00:00-05:00,121.49099731445312,122.36699676513672,120.4990005493164,121.7770004272461,118.64542388916016,21526000,0.0,0.0,AVGO
2024-01-30 00:00:00-05:00,121.677001953125,122.80000305175781,120.42900085449219,120.81600189208984,117.70913696289062,20683000,0.0,0.0,AVGO
2024-01-31 00:00:00-05:00,118.94499969482422,119.72200012207031,117.43099975585938,118.0,114.96553802490234,27400000,0.0,0.0,AVGO
2024-02-01 00:00:00-05:00,118.73500061035156,120.30899810791016,117.91100311279297,120.0009994506836,116.91509246826172,19411000,0.0,0.0,AVGO
2024-02-02 00:00:00-05:00,120.875,123.46900177001953,120.51499938964844,122.43399810791016,119.2855224609375,26689000,0.0,0.0,AVGO
2024-02-05 00:00:00-05:00,122.69599914550781,124.7750015258789,122.21499633789062,124.30999755859375,121.11328887939453,22045000,0.0,0.0,AVGO
2024-02-06 00:00:00-05:00,126.35700225830078,127.21099853515625,121.19400024414062,122.26499938964844,119.12088012695312,25354000,0.0,0.0,AVGO
2024-02-07 00:00:00-05:00,123.4000015258789,125.95099639892578,122.66999816894531,125.70600128173828,122.473388671875,25768000,0.0,0.0,AVGO
2024-02-08 00:00:00-05:00,126.69999694824219,129.5970001220703,126.5009994506836,127.47599792480469,124.19786071777344,29326000,0.0,0.0,AVGO
2024-02-09 00:00:00-05:00,125.2030029296875,128.5749969482422,124.89900207519531,128.343994140625,125.04354095458984,26293000,0.0,0.0,AVGO
2024-02-12 00:00:00-05:00,129.00100708007812,129.0070037841797,125.9000015258789,126.5,123.24696350097656,24778000,0.0,0.0,AVGO
2024-02-13 00:00:00-05:00,123.51200103759766,125.58699798583984,122.70899963378906,125.16500091552734,121.94629669189453,31907000,0.0,0.0,AVGO
2024-02-14 00:00:00-05:00,126.92400360107422,127.30000305175781,124.13200378417969,126.22200012207031,122.97611236572266,27306000,0.0,0.0,AVGO
2024-02-15 00:00:00-05:00,127.99500274658203,128.0,124.48500061035156,126.50700378417969,123.2538070678711,21873000,0.0,0.0,AVGO
2024-02-16 00:00:00-05:00,125.90399932861328,127.56800079345703,124.23899841308594,124.5479965209961,121.34516143798828,21268000,0.0,0.0,AVGO
2024-02-20 00:00:00-05:00,123.58599853515625,123.77200317382812,121.25599670410156,122.65499877929688,119.50084686279297,26329000,0.0,0.0,AVGO
2024-02-21 00:00:00-05:00,121.80000305175781,122.80500030517578,120.26399993896484,122.74500274658203,119.5885238647461,20579000,0.0,0.0,AVGO
2024-02-22 00:00:00-05:00,128.17100524902344,131.09800720214844,127.64700317382812,130.49000549316406,127.1343765258789,40819000,0.0,0.0,AVGO
2024-02-23 00:00:00-05:00,130.83700561523438,131.96200561523438,128.8820037841797,129.63699340820312,126.30329132080078,23115000,0.0,0.0,AVGO
2024-02-26 00:00:00-05:00,131.0,131.87899780273438,130.14599609375,130.91299438476562,127.54647827148438,16282000,0.0,0.0,AVGO
2024-02-27 00:00:00-05:00,130.91299438476562,131.19400024414062,129.2220001220703,129.6230010986328,126.2896499633789,12126000,0.0,0.0,AVGO
2024-02-28 00:00:00-05:00,129.3000030517578,129.8520050048828,128.2969970703125,128.94200134277344,125.62617492675781,10967000,0.0,0.0,AVGO
2024-02-29 00:00:00-05:00,130.33099365234375,130.83999633789062,128.72799682617188,130.0489959716797,126.70469665527344,27536000,0.0,0.0,AVGO
2024-03-01 00:00:00-05:00,132.59300231933594,140.7760009765625,132.0,139.91700744628906,136.31893920898438,44488000,0.0,0.0,AVGO
2024-03-04 00:00:00-05:00,140.31500244140625,143.81700134277344,138.5189971923828,140.2259979248047,136.61997985839844,34854000,0.0,0.0,AVGO
2024-03-05 00:00:00-05:00,139.5,139.5,133.23699951171875,134.27499389648438,130.82205200195312,36040000,0.0,0.0,AVGO
2024-03-06 00:00:00-05:00,139.1580047607422,139.48300170898438,134.70599365234375,135.0,131.5283660888672,43196000,0.0,0.0,AVGO
2024-03-07 00:00:00-05:00,138.19900512695312,141.43099975585938,137.28900146484375,140.7010040283203,137.082763671875,62832000,0.0,0.0,AVGO
2024-03-08 00:00:00-05:00,139.4250030517578,141.3000030517578,130.1580047607422,130.8719940185547,127.50653839111328,74025000,0.0,0.0,AVGO
2024-03-11 00:00:00-04:00,127.79299926757812,129.90199279785156,125.25599670410156,129.31199645996094,125.98665618896484,31105000,0.0,0.0,AVGO
2024-03-12 00:00:00-04:00,130.6999969482422,130.7790069580078,125.9280014038086,129.18800354003906,125.8658447265625,42789000,0.0,0.0,AVGO
2024-03-13 00:00:00-04:00,128.28799438476562,128.28799438476562,125.23600006103516,125.78700256347656,122.55231475830078,37838000,0.0,0.0,AVGO
2024-03-14 00:00:00-04:00,126.25399780273438,127.31300354003906,124.77100372314453,126.22699737548828,122.98098754882812,38029000,0.0,0.0,AVGO
2024-03-15 00:00:00-04:00,125.34600067138672,126.73699951171875,123.00700378417969,123.55000305175781,120.3728256225586,88823000,0.0,0.0,AVGO
2024-03-18 00:00:00-04:00,125.39800262451172,126.28800201416016,123.16999816894531,123.7239990234375,120.54235076904297,25737000,0.0,0.0,AVGO
2024-03-19 00:00:00-04:00,121.69499969482422,124.0270004272461,120.4020004272461,123.8010025024414,120.61737823486328,24491000,0.0,0.0,AVGO
2024-03-20 00:00:00-04:00,123.9020004272461,128.7989959716797,122.65899658203125,127.5999984741211,124.8481216430664,40946000,0.525,0.0,AVGO
2024-03-21 00:00:00-04:00,132.83200073242188,140.36099243164062,131.60000610351562,134.8000030517578,131.89285278320312,72468000,0.0,0.0,AVGO
2024-03-22 00:00:00-04:00,135.0,137.6219940185547,134.61500549316406,135.3470001220703,132.42807006835938,38624000,0.0,0.0,AVGO
2024-03-25 00:00:00-04:00,134.5030059814453,135.843994140625,133.7469940185547,135.1580047607422,132.2431182861328,21237000,0.0,0.0,AVGO
2024-03-26 00:00:00-04:00,136.468994140625,137.99400329589844,133.05099487304688,133.1490020751953,130.2774658203125,23522000,0.0,0.0,AVGO
2024-03-27 00:00:00-04:00,135.0,135.0,129.6020050048828,131.8730010986328,129.0289764404297,25583000,0.0,0.0,AVGO
2024-03-28 00:00:00-04:00,131.7899932861328,133.00900268554688,131.1529998779297,132.54100036621094,129.6825714111328,19856000,0.0,0.0,AVGO
2024-04-01 00:00:00-04:00,132.5679931640625,136.29800415039062,132.54100036621094,135.0260009765625,132.11398315429688,17252000,0.0,0.0,AVGO
2024-04-02 00:00:00-04:00,131.57899475097656,134.23699951171875,130.34100341796875,133.87600708007812,130.98880004882812,24694000,0.0,0.0,AVGO
2024-04-03 00:00:00-04:00,132.8000030517578,137.6820068359375,132.52699279785156,136.3209991455078,133.3810577392578,28650000,0.0,0.0,AVGO
2024-04-04 00:00:00-04:00,138.53199768066406,140.3979949951172,131.5,131.75,128.9086151123047,27014000,0.0,0.0,AVGO
2024-04-05 00:00:00-04:00,132.60000610351562,136.1230010986328,131.4199981689453,133.9429931640625,131.0543212890625,19438000,0.0,0.0,AVGO
2024-04-08 00:00:00-04:00,133.36500549316406,134.25,131.5749969482422,133.61000061035156,130.728515625,17139000,0.0,0.0,AVGO
2024-04-09 00:00:00-04:00,135.73699951171875,135.947998046875,130.86399841308594,133.4080047607422,130.53085327148438,17986000,0.0,0.0,AVGO
2024-04-10 00:00:00-04:00,132.3000030517578,133.5749969482422,131.54800415039062,132.23699951171875,129.3851318359375,17467000,0.0,0.0,AVGO
2024-04-11 00:00:00-04:00,133.26800537109375,139.18699645996094,132.36500549316406,138.24600219726562,135.2645263671875,31713000,0.0,0.0,AVGO
2024-04-12 00:00:00-04:00,135.2010040283203,136.6510009765625,133.66200256347656,134.40699768066406,131.50831604003906,27823000,0.0,0.0,AVGO
2024-04-15 00:00:00-04:00,137.0,137.0,130.60000610351562,131.06900024414062,128.24227905273438,24370000,0.0,0.0,AVGO
2024-04-16 00:00:00-04:00,131.53799438476562,133.6320037841797,131.10000610351562,132.906005859375,130.03970336914062,18923000,0.0,0.0,AVGO
2024-04-17 00:00:00-04:00,134.31100463867188,134.6999969482422,128.14199829101562,128.26300048828125,125.496826171875,24718000,0.0,0.0,AVGO
2024-04-18 00:00:00-04:00,128.8000030517578,129.26499938964844,125.5459976196289,125.89900207519531,123.18379974365234,24888000,0.0,0.0,AVGO
2024-04-19 00:00:00-04:00,125.89900207519531,126.0,119.75599670410156,120.47100067138672,117.87287902832031,44797000,0.0,0.0,AVGO
2024-04-22 00:00:00-04:00,122.44999694824219,123.31999969482422,120.05400085449219,122.44599914550781,119.80526733398438,25162000,0.0,0.0,AVGO
2024-04-23 00:00:00-04:00,122.81700134277344,125.79000091552734,122.802001953125,124.91899871826172,122.22493743896484,22025000,0.0,0.0,AVGO
2024-04-24 00:00:00-04:00,126.38999938964844,128.56199645996094,124.49600219726562,125.68199920654297,122.97148132324219,20108000,0.0,0.0,AVGO
2024-04-25 00:00:00-04:00,127.24500274658203,130.80299377441406,125.69999694824219,129.44200134277344,126.65040588378906,30410000,0.0,0.0,AVGO
2024-04-26 00:00:00-04:00,131.0,135.58299255371094,130.31300354003906,134.40699768066406,131.50831604003906,24100000,0.0,0.0,AVGO
2024-04-29 00:00:00-04:00,134.4080047607422,135.29800415039062,132.57000732421875,133.86199951171875,130.9750518798828,13372000,0.0,0.0,AVGO
2024-04-30 00:00:00-04:00,132.88800048828125,134.8350067138672,129.90499877929688,130.02699279785156,127.22277069091797,22113000,0.0,0.0,AVGO
2024-05-01 00:00:00-04:00,127.83300018310547,129.23699951171875,124.13500213623047,124.28600311279297,121.60559844970703,30958000,0.0,0.0,AVGO
2024-05-02 00:00:00-04:00,125.62799835205078,126.44499969482422,122.33100128173828,123.85700225830078,121.18584442138672,29480000,0.0,0.0,AVGO
2024-05-03 00:00:00-04:00,125.9000015258789,128.38800048828125,124.71399688720703,127.81099700927734,125.05457305908203,24898000,0.0,0.0,AVGO
2024-05-06 00:00:00-04:00,128.6219940185547,131.07699584960938,127.50700378417969,131.031005859375,128.2051544189453,16287000,0.0,0.0,AVGO
2024-05-07 00:00:00-04:00,131.6439971923828,131.8990020751953,129.67599487304688,130.31100463867188,127.50064849853516,12413000,0.0,0.0,AVGO
2024-05-08 00:00:00-04:00,129.35000610351562,133.79100036621094,128.8489990234375,132.53700256347656,129.6786651611328,13918000,0.0,0.0,AVGO
2024-05-09 00:00:00-04:00,131.7830047607422,132.16099548339844,130.1999969482422,130.56700134277344,127.75112915039062,12170000,0.0,0.0,AVGO
2024-05-10 00:00:00-04:00,131.531005859375,134.39999389648438,131.531005859375,133.27999877929688,130.4056396484375,16300000,0.0,0.0,AVGO
2024-05-13 00:00:00-04:00,134.8000030517578,135.83900451660156,133.01100158691406,133.75100708007812,130.86647033691406,18507000,0.0,0.0,AVGO
2024-05-14 00:00:00-04:00,133.23399353027344,138.19900512695312,132.5800018310547,138.0030059814453,135.0267791748047,19420000,0.0,0.0,AVGO
2024-05-15 00:00:00-04:00,138.0,143.89500427246094,136.9980010986328,143.61700439453125,140.51968383789062,32757000,0.0,0.0,AVGO
2024-05-16 00:00:00-04:00,142.60000610351562,144.5399932861328,140.50599670410156,141.21299743652344,138.1675262451172,28395000,0.0,0.0,AVGO
2024-05-17 00:00:00-04:00,141.24200439453125,141.9530029296875,138.17799377441406,139.5290069580078,136.5198516845703,18174000,0.0,0.0,AVGO
2024-05-20 00:00:00-04:00,139.60000610351562,141.69400024414062,139.3159942626953,141.4029998779297,138.35345458984375,27170000,0.0,0.0,AVGO
2024-05-21 00:00:00-04:00,139.8679962158203,140.93899536132812,139.3459930419922,139.9199981689453,136.9024200439453,15333000,0.0,0.0,AVGO
2024-05-22 00:00:00-04:00,139.6009979248047,140.5,138.4219970703125,139.2239990234375,136.22142028808594,21002000,0.0,0.0,AVGO
2024-05-23 00:00:00-04:00,142.84300231933594,142.89999389648438,137.8000030517578,139.32899475097656,136.3241729736328,31039000,0.0,0.0,AVGO
2024-05-24 00:00:00-04:00,139.97900390625,141.35800170898438,139.20199584960938,140.78399658203125,137.747802734375,16730000,0.0,0.0,AVGO
2024-05-28 00:00:00-04:00,141.0,141.71800231933594,139.25399780273438,141.2449951171875,138.19882202148438,22919000,0.0,0.0,AVGO
2024-05-29 00:00:00-04:00,139.91000366210938,139.91000366210938,138.3000030517578,139.06700134277344,136.06781005859375,26861000,0.0,0.0,AVGO
2024-05-30 00:00:00-04:00,137.89999389648438,138.2779998779297,135.56399536132812,136.4080047607422,133.46617126464844,21717000,0.0,0.0,AVGO
2024-05-31 00:00:00-04:00,136.13600158691406,136.2550048828125,130.7259979248047,132.85499572753906,129.9897918701172,73091000,0.0,0.0,AVGO
2024-06-03 00:00:00-04:00,135.27000427246094,135.3000030517578,130.2530059814453,132.19000244140625,129.33914184570312,26278000,0.0,0.0,AVGO
2024-06-04 00:00:00-04:00,132.0399932861328,133.19900512695312,130.7010040283203,133.08200073242188,130.21189880371094,23048000,0.0,0.0,AVGO
2024-06-05 00:00:00-04:00,134.60000610351562,141.43499755859375,134.0540008544922,141.3090057373047,138.261474609375,32947000,0.0,0.0,AVGO
2024-06-06 00:00:00-04:00,142.18699645996094,142.2689971923828,138.82400512695312,140.1269989013672,137.10494995117188,20172000,0.0,0.0,AVGO
2024-06-07 00:00:00-04:00,140.7779998779297,142.5,139.70199584960938,140.66400146484375,137.63037109375,17859000,0.0,0.0,AVGO
2024-06-10 00:00:00-04:00,140.97999572753906,144.90499877929688,140.91299438476562,144.0469970703125,140.94041442871094,31042000,0.0,0.0,AVGO
2024-06-11 00:00:00-04:00,143.82000732421875,146.50100708007812,141.6230010986328,146.10299682617188,142.9520721435547,34844000,0.0,0.0,AVGO
2024-06-12 00:00:00-04:00,150.0,150.5800018310547,147.63999938964844,149.55099487304688,146.32571411132812,56697000,0.0,0.0,AVGO
2024-06-13 00:00:00-04:00,171.0,173.5850067138672,165.2519989013672,167.8990020751953,164.2780303955078,89061000,0.0,0.0,AVGO
2024-06-14 00:00:00-04:00,168.68600463867188,174.7239990234375,168.2100067138672,173.50399780273438,169.7621307373047,69705000,0.0,0.0,AVGO
2024-06-17 00:00:00-04:00,180.0,184.3000030517578,177.85800170898438,182.88699340820312,178.94277954101562,87528000,0.0,0.0,AVGO
2024-06-18 00:00:00-04:00,183.95899963378906,185.16200256347656,178.50100708007812,180.2519989013672,176.36459350585938,86797000,0.0,0.0,AVGO
2024-06-20 00:00:00-04:00,180.3459930419922,180.47500610351562,172.2220001220703,173.45599365234375,169.71514892578125,68157000,0.0,0.0,AVGO
2024-06-21 00:00:00-04:00,169.5659942626953,171.39999389648438,165.14199829101562,165.86300659179688,162.2859344482422,99289000,0.0,0.0,AVGO
2024-06-24 00:00:00-04:00,164.2050018310547,166.10000610351562,159.0659942626953,159.2209930419922,156.28182983398438,58575000,0.525,0.0,AVGO
2024-06-25 00:00:00-04:00,160.01300048828125,160.60400390625,156.39999389648438,158.07899475097656,155.16091918945312,53329000,0.0,0.0,AVGO
2024-06-26 00:00:00-04:00,159.76199340820312,161.8179931640625,157.35899353027344,159.1999969482422,156.26123046875,46479000,0.0,0.0,AVGO
2024-06-27 00:00:00-04:00,159.1999969482422,160.56199645996094,157.10000610351562,158.66600036621094,155.73709106445312,31649000,0.0,0.0,AVGO
2024-06-28 00:00:00-04:00,159.58799743652344,163.92300415039062,158.60000610351562,160.55299377441406,157.5892333984375,69377000,0.0,0.0,AVGO
2024-07-01 00:00:00-04:00,160.82000732421875,164.875,159.35000610351562,164.0800018310547,161.05113220214844,47623000,0.0,0.0,AVGO
2024-07-02 00:00:00-04:00,164.0800018310547,165.9199981689453,162.1999969482422,165.7480010986328,162.6883544921875,32539000,0.0,0.0,AVGO
2024-07-03 00:00:00-04:00,167.0,172.9219970703125,166.4459991455078,172.9219970703125,169.7299346923828,39954000,0.0,0.0,AVGO
2024-07-05 00:00:00-04:00,175.55599975585938,176.5469970703125,169.60000610351562,170.33099365234375,167.18673706054688,45240000,0.0,0.0,AVGO
2024-07-08 00:00:00-04:00,170.5,175.69000244140625,170.5,174.58599853515625,171.36322021484375,36398000,0.0,0.0,AVGO
2024-07-09 00:00:00-04:00,175.656005859375,177.09800720214844,170.55599975585938,173.33099365234375,170.13136291503906,37802000,0.0,0.0,AVGO
2024-07-10 00:00:00-04:00,174.60000610351562,176.6490020751953,172.63600158691406,174.468994140625,171.24835205078125,41074000,0.0,0.0,AVGO
2024-07-11 00:00:00-04:00,176.46600341796875,176.48699951171875,166.85000610351562,170.59500122070312,167.44589233398438,51026000,0.0,0.0,AVGO
2024-07-12 00:00:00-04:00,171.10299682617188,172.59100341796875,169.13099670410156,170.06700134277344,166.92762756347656,30453000,0.0,0.0,AVGO
2024-07-15 00:00:00-04:00,170.0,173.50999450683594,169.25999450683594,171.4199981689453,168.25564575195312,22999200,0.0,10.0,AVGO
2024-07-16 00:00:00-04:00,172.39999389648438,172.80999755859375,166.39999389648438,169.3800048828125,166.25332641601562,22244900,0.0,0.0,AVGO
2024-07-17 00:00:00-04:00,162.30999755859375,162.83999633789062,155.61000061035156,155.97999572753906,153.1006622314453,43343400,0.0,0.0,AVGO
2024-07-18 00:00:00-04:00,158.88999938964844,161.50999450683594,153.89999389648438,160.52000427246094,157.55685424804688,37973500,0.0,0.0,AVGO
2024-07-19 00:00:00-04:00,161.83999633789062,163.9499969482422,157.1199951171875,157.35000610351562,154.4453887939453,26309500,0.0,0.0,AVGO
2024-07-22 00:00:00-04:00,160.22999572753906,162.99000549316406,157.89999389648438,161.05999755859375,158.0868682861328,28813300,0.0,0.0,AVGO
2024-07-23 00:00:00-04:00,160.39999389648438,165.3300018310547,159.89999389648438,163.77000427246094,160.74685668945312,21570200,0.0,0.0,AVGO
2024-07-24 00:00:00-04:00,160.35000610351562,161.41000366210938,151.10000610351562,151.33999633789062,148.54632568359375,37162600,0.0,0.0,AVGO
2024-07-25 00:00:00-04:00,151.25999450683594,153.5500030517578,145.52000427246094,149.25999450683594,146.50469970703125,30872100,0.0,0.0,AVGO
2024-07-26 00:00:00-04:00,153.5,153.5800018310547,149.9199981689453,151.6300048828125,148.8309783935547,20839900,0.0,0.0,AVGO
2024-07-29 00:00:00-04:00,152.02000427246094,155.0,149.14999389648438,150.22000122070312,147.44699096679688,16625800,0.0,0.0,AVGO
2024-07-30 00:00:00-04:00,153.27999877929688,153.47000122070312,143.35000610351562,143.52000427246094,140.87069702148438,31102300,0.0,0.0,AVGO
2024-07-31 00:00:00-04:00,151.47000122070312,161.3300018310547,151.0,160.67999267578125,157.71389770507812,45827500,0.0,0.0,AVGO
2024-08-01 00:00:00-04:00,157.5,158.91000366210938,146.1699981689453,147.02000427246094,144.3060760498047,40320000,0.0,0.0,AVGO
2024-08-02 00:00:00-04:00,141.92999267578125,145.35000610351562,139.60000610351562,143.82000732421875,141.16514587402344,33745800,0.0,0.0,AVGO
2024-08-05 00:00:00-04:00,129.61000061035156,145.4199981689453,128.5,142.0800018310547,139.45724487304688,41309300,0.0,0.0,AVGO
2024-08-06 00:00:00-04:00,141.72999572753906,148.91000366210938,140.25,143.9199981689453,141.2633056640625,24751300,0.0,0.0,AVGO
2024-08-07 00:00:00-04:00,148.25,150.10000610351562,135.8300018310547,136.27000427246094,133.75450134277344,29749800,0.0,0.0,AVGO
2024-08-08 00:00:00-04:00,141.1999969482422,146.27000427246094,138.39999389648438,145.74000549316406,143.04969787597656,27583200,0.0,0.0,AVGO
2024-08-09 00:00:00-04:00,144.1999969482422,149.5500030517578,144.11000061035156,148.25999450683594,145.52316284179688,18438700,0.0,0.0,AVGO
2024-08-12 00:00:00-04:00,148.0800018310547,151.1300048828125,146.3699951171875,148.6199951171875,145.8765411376953,17778500,0.0,0.0,AVGO
2024-08-13 00:00:00-04:00,151.5500030517578,156.3800048828125,149.80999755859375,156.16000366210938,153.27735900878906,22053600,0.0,0.0,AVGO
2024-08-14 00:00:00-04:00,158.02000427246094,160.25,154.72000122070312,157.69000244140625,154.7790985107422,20184200,0.0,0.0,AVGO
2024-08-15 00:00:00-04:00,161.1999969482422,166.6699981689453,160.33999633789062,166.1300048828125,163.0633087158203,27945000,0.0,0.0,AVGO
2024-08-16 00:00:00-04:00,164.47000122070312,166.08999633789062,162.67999267578125,165.72000122070312,162.66087341308594,19296900,0.0,0.0,AVGO
2024-08-19 00:00:00-04:00,164.86000061035156,167.8300018310547,160.4199981689453,167.7100067138672,164.61415100097656,20441700,0.0,0.0,AVGO
2024-08-20 00:00:00-04:00,167.0500030517578,168.3699951171875,164.14999389648438,165.9499969482422,162.88661193847656,19417500,0.0,0.0,AVGO
2024-08-21 00:00:00-04:00,165.1199951171875,166.47000122070312,162.8800048828125,165.77999877929688,162.71978759765625,16097700,0.0,0.0,AVGO
2024-08-22 00:00:00-04:00,170.83999633789062,172.4199981689453,161.49000549316406,162.33999633789062,159.34327697753906,30044500,0.0,0.0,AVGO
2024-08-23 00:00:00-04:00,165.02999877929688,168.27999877929688,163.4600067138672,166.36000061035156,163.2890625,18848000,0.0,0.0,AVGO
2024-08-26 00:00:00-04:00,164.9600067138672,165.6999969482422,158.66000366210938,159.6199951171875,156.67347717285156,18521200,0.0,0.0,AVGO
2024-08-27 00:00:00-04:00,157.60000610351562,162.02999877929688,155.8300018310547,161.38999938964844,158.41082763671875,16683100,0.0,0.0,AVGO
2024-08-28 00:00:00-04:00,160.0800018310547,162.27999877929688,156.25,158.17999267578125,155.2600555419922,18063600,0.0,0.0,AVGO
2024-08-29 00:00:00-04:00,158.49000549316406,163.1999969482422,155.41000366210938,156.92999267578125,154.0331268310547,23519300,0.0,0.0,AVGO
2024-08-30 00:00:00-04:00,161.1199951171875,163.24000549316406,158.7100067138672,162.82000732421875,159.8144073486328,25158500,0.0,0.0,AVGO
2024-09-03 00:00:00-04:00,160.3800048828125,160.74000549316406,151.3800048828125,152.7899932861328,149.96954345703125,37179100,0.0,0.0,AVGO
2024-09-04 00:00:00-04:00,150.3000030517578,157.7899932861328,149.14999389648438,154.1199951171875,151.27499389648438,20324100,0.0,0.0,AVGO
2024-09-05 00:00:00-04:00,150.57000732421875,156.36000061035156,150.11000061035156,152.82000732421875,149.99900817871094,31548500,0.0,0.0,AVGO
2024-09-06 00:00:00-04:00,143.25,143.5,136.60000610351562,137.0,134.4710235595703,76634600,0.0,0.0,AVGO
2024-09-09 00:00:00-04:00,139.11000061035156,141.58999633789062,134.89999389648438,140.82000732421875,138.2205047607422,39516700,0.0,0.0,AVGO
2024-09-10 00:00:00-04:00,141.22000122070312,149.86000061035156,141.0399932861328,148.2100067138672,145.47412109375,36067500,0.0,0.0,AVGO
2024-09-11 00:00:00-04:00,148.38999938964844,158.8699951171875,145.0399932861328,158.27000427246094,155.34841918945312,39700800,0.0,0.0,AVGO
2024-09-12 00:00:00-04:00,158.10000610351562,166.32000732421875,156.8300018310547,164.55999755859375,161.52227783203125,43530700,0.0,0.0,AVGO
2024-09-13 00:00:00-04:00,166.74000549316406,168.0800018310547,164.0399932861328,167.69000244140625,164.59454345703125,29850000,0.0,0.0,AVGO
2024-09-16 00:00:00-04:00,165.19000244140625,165.5,160.41000366210938,164.02000427246094,160.9922637939453,26126900,0.0,0.0,AVGO
2024-09-17 00:00:00-04:00,165.49000549316406,166.02000427246094,160.6999969482422,162.47000122070312,159.47085571289062,19844300,0.0,0.0,AVGO
2024-09-18 00:00:00-04:00,163.77000427246094,167.47000122070312,161.36000061035156,161.6699981689453,158.68563842773438,26557600,0.0,0.0,AVGO
2024-09-19 00:00:00-04:00,167.67999267578125,170.0,165.66000366210938,167.4199981689453,164.86997985839844,32453100,0.53,0.0,AVGO
2024-09-20 00:00:00-04:00,167.17999267578125,172.02000427246094,166.47000122070312,171.10000610351562,168.49392700195312,91758500,0.0,0.0,AVGO
2024-09-23 00:00:00-04:00,172.0,173.32000732421875,168.35000610351562,172.94000244140625,170.305908203125,29431100,0.0,0.0,AVGO
2024-09-24 00:00:00-04:00,172.80999755859375,175.99000549316406,171.67999267578125,174.83999633789062,172.1769561767578,34223400,0.0,0.0,AVGO
2024-09-25 00:00:00-04:00,174.64999389648438,177.13999938964844,173.75999450683594,175.52000427246094,172.84661865234375,16613800,0.0,0.0,AVGO
2024-09-26 00:00:00-04:00,178.5,180.25,175.0,178.08999633789062,175.37747192382812,24340000,0.0,0.0,AVGO
2024-09-27 00:00:00-04:00,178.1699981689453,178.47000122070312,171.75999450683594,172.69000244140625,170.05970764160156,20580900,0.0,0.0,AVGO
2024-09-30 00:00:00-04:00,171.8699951171875,172.9199981689453,169.6300048828125,172.5,169.87261962890625,16902000,0.0,0.0,AVGO
2024-10-01 00:00:00-04:00,172.16000366210938,172.25,165.8000030517578,167.47000122070312,164.91921997070312,23770400,0.0,0.0,AVGO
2024-10-02 00:00:00-04:00,167.5500030517578,172.83999633789062,167.02000427246094,170.66000366210938,168.0606231689453,14317800,0.0,0.0,AVGO
2024-10-03 00:00:00-04:00,169.6199951171875,174.94000244140625,169.19000244140625,171.88999938964844,169.27188110351562,13072300,0.0,0.0,AVGO
2024-10-04 00:00:00-04:00,176.3000030517578,176.89999389648438,172.60000610351562,176.63999938964844,173.9495391845703,17921400,0.0,0.0,AVGO
2024-10-07 00:00:00-04:00,174.82000732421875,178.30999755859375,173.86000061035156,175.0800018310547,172.41331481933594,15588300,0.0,0.0,AVGO
2024-10-08 00:00:00-04:00,175.4199981689453,181.60000610351562,174.88999938964844,180.72999572753906,177.9772491455078,20774200,0.0,0.0,AVGO
2024-10-09 00:00:00-04:00,179.24000549316406,186.4199981689453,176.4199981689453,185.9499969482422,183.1177520751953,25504100,0.0,0.0,AVGO
2024-10-10 00:00:00-04:00,183.55999755859375,186.30999755859375,182.52999877929688,185.69000244140625,182.8616943359375,16318000,0.0,0.0,AVGO
2024-10-11 00:00:00-04:00,181.13999938964844,182.58999633789062,177.39999389648438,181.47999572753906,178.71583557128906,23070000,0.0,0.0,AVGO
2024-10-14 00:00:00-04:00,183.3000030517578,184.9499969482422,180.1300048828125,182.30999755859375,179.53318786621094,17195800,0.0,0.0,AVGO
2024-10-15 00:00:00-04:00,180.7899932861328,181.6999969482422,173.3699951171875,175.97999572753906,173.2996063232422,27657500,0.0,0.0,AVGO
2024-10-16 00:00:00-04:00,178.50999450683594,179.25,175.3300018310547,176.82000732421875,174.12681579589844,15285100,0.0,0.0,AVGO
2024-10-17 00:00:00-04:00,181.3699951171875,185.50999450683594,180.69000244140625,181.52999877929688,178.7650604248047,25232400,0.0,0.0,AVGO
2024-10-18 00:00:00-04:00,182.32000732421875,182.7100067138672,178.67999267578125,179.88999938964844,177.15003967285156,17835200,0.0,0.0,AVGO
2024-10-21 00:00:00-04:00,179.3800048828125,181.72000122070312,178.25,179.99000549316406,177.24851989746094,13695100,0.0,0.0,AVGO
2024-10-22 00:00:00-04:00,178.66000366210938,180.69000244140625,177.41000366210938,179.3800048828125,176.6478271484375,12062600,0.0,0.0,AVGO
2024-10-23 00:00:00-04:00,177.58999633789062,178.97999572753906,172.57000732421875,173.50999450683594,170.86721801757812,19513700,0.0,0.0,AVGO
2024-10-24 00:00:00-04:00,174.25999450683594,174.3000030517578,169.5,171.35000610351562,168.7401123046875,20485200,0.0,0.0,AVGO
2024-10-25 00:00:00-04:00,174.19000244140625,176.8000030517578,172.72000122070312,173.0,170.36500549316406,19977700,0.0,0.0,AVGO
2024-10-28 00:00:00-04:00,173.0,173.97000122070312,171.35000610351562,172.02000427246094,169.39991760253906,13195800,0.0,0.0,AVGO
2024-10-29 00:00:00-04:00,172.44000244140625,180.22999572753906,171.2100067138672,179.24000549316406,176.5099334716797,23702300,0.0,0.0,AVGO
2024-10-30 00:00:00-04:00,177.47000122070312,179.19000244140625,175.6199951171875,176.63999938964844,173.9495391845703,17911500,0.0,0.0,AVGO
2024-10-31 00:00:00-04:00,174.4499969482422,174.4499969482422,167.3800048828125,169.77000427246094,167.18417358398438,26086600,0.0,0.0,AVGO
2024-11-01 00:00:00-04:00,168.25999450683594,171.3300018310547,167.5,168.9199981689453,166.3471221923828,17847000,0.0,0.0,AVGO
2024-11-04 00:00:00-05:00,169.27999877929688,172.4499969482422,168.4199981689453,168.5500030517578,165.98277282714844,13621300,0.0,0.0,AVGO
2024-11-05 00:00:00-05:00,170.0500030517578,174.39999389648438,170.0500030517578,173.89999389648438,171.25128173828125,13441800,0.0,0.0,AVGO
2024-11-06 00:00:00-05:00,179.6300048828125,180.2100067138672,175.9600067138672,179.5500030517578,176.81521606445312,24300800,0.0,0.0,AVGO
2024-11-07 00:00:00-05:00,181.99000549316406,184.8699951171875,181.7899932861328,183.80999755859375,181.01034545898438,18970600,0.0,0.0,AVGO
2024-11-08 00:00:00-05:00,182.99000549316406,185.0500030517578,181.8300018310547,183.63999938964844,180.84291076660156,13503200,0.0,0.0,AVGO
2024-11-11 00:00:00-05:00,183.39999389648438,183.6300048828125,176.82000732421875,178.91000366210938,176.1849822998047,17036700,0.0,0.0,AVGO
2024-11-12 00:00:00-05:00,178.89999389648438,179.55999755859375,173.1999969482422,176.22000122070312,173.53594970703125,15862000,0.0,0.0,AVGO
2024-11-13 00:00:00-05:00,174.7100067138672,175.58999633789062,172.60000610351562,173.5800018310547,170.93614196777344,17472500,0.0,0.0,AVGO
2024-11-14 00:00:00-05:00,174.77000427246094,175.57000732421875,169.8699951171875,170.3800048828125,167.784912109375,20638900,0.0,0.0,AVGO
2024-11-15 00:00:00-05:00,168.47000122070312,169.13999938964844,163.42999267578125,164.83999633789062,162.32925415039062,20836200,0.0,0.0,AVGO
2024-11-18 00:00:00-05:00,165.66000366210938,166.35000610351562,162.22000122070312,165.6699981689453,163.14662170410156,17856900,0.0,0.0,AVGO
2024-11-19 00:00:00-05:00,166.66000366210938,166.8000030517578,164.30999755859375,165.35000610351562,162.8314971923828,18003400,0.0,0.0,AVGO
2024-11-20 00:00:00-05:00,165.5399932861328,165.5399932861328,160.86000061035156,163.25,160.76348876953125,17196700,0.0,0.0,AVGO
2024-11-21 00:00:00-05:00,166.25,166.33999633789062,160.60000610351562,163.94000244140625,161.44297790527344,24835300,0.0,0.0,AVGO
2024-11-22 00:00:00-05:00,164.3000030517578,164.91000366210938,162.39999389648438,164.22999572753906,161.72857666015625,17332500,0.0,0.0,AVGO
2024-11-25 00:00:00-05:00,165.39999389648438,167.22999572753906,162.88999938964844,164.82000732421875,162.3095703125,26850600,0.0,0.0,AVGO
2024-11-26 00:00:00-05:00,164.60000610351562,166.3699951171875,162.69000244140625,164.74000549316406,162.2307891845703,16308800,0.0,0.0,AVGO
2024-11-27 00:00:00-05:00,163.1999969482422,163.1999969482422,157.5399932861328,159.6699981689453,157.23802185058594,19722700,0.0,0.0,AVGO
2024-11-29 00:00:00-05:00,159.57000732421875,162.69000244140625,159.0800018310547,162.0800018310547,159.61131286621094,11024000,0.0,0.0,AVGO
2024-12-02 00:00:00-05:00,162.9499969482422,168.3800048828125,162.75,166.50999450683594,163.97384643554688,21472400,0.0,0.0,AVGO
2024-12-03 00:00:00-05:00,164.47999572753906,168.27000427246094,164.02999877929688,168.14999389648438,165.5888214111328,17024400,0.0,0.0,AVGO
2024-12-04 00:00:00-05:00,173.44000244140625,175.38999938964844,168.55999755859375,170.55999755859375,167.96214294433594,32748200,0.0,0.0,AVGO
2024-12-05 00:00:00-05:00,170.75,172.39999389648438,169.1999969482422,170.47000122070312,167.87353515625,18490000,0.0,0.0,AVGO
2024-12-06 00:00:00-05:00,170.10000610351562,180.67999267578125,169.3300018310547,179.52999877929688,176.7955322265625,27830800,0.0,0.0,AVGO
2024-12-09 00:00:00-05:00,178.9499969482422,180.7899932861328,176.02000427246094,178.94000244140625,176.2145233154297,20886300,0.0,0.0,AVGO
2024-12-10 00:00:00-05:00,177.80999755859375,178.5,169.72999572753906,171.80999755859375,169.193115234375,27762600,0.0,0.0,AVGO
2024-12-11 00:00:00-05:00,180.00999450683594,184.8699951171875,176.42999267578125,183.1999969482422,180.40960693359375,41295200,0.0,0.0,AVGO
2024-12-12 00:00:00-05:00,180.92999267578125,182.0,175.99000549316406,180.66000366210938,177.90829467773438,46967200,0.0,0.0,AVGO
2024-12-13 00:00:00-05:00,213.89999389648438,228.6999969482422,211.11000061035156,224.8000030517578,221.37600708007812,121336600,0.0,0.0,AVGO
2024-12-16 00:00:00-05:00,231.7899932861328,251.8800048828125,230.80999755859375,250.0,246.19216918945312,111623200,0.0,0.0,AVGO
2024-12-17 00:00:00-05:00,240.64999389648438,242.47000122070312,233.8000030517578,240.22999572753906,236.57098388671875,70382100,0.0,0.0,AVGO
2024-12-18 00:00:00-05:00,239.41000366210938,239.85000610351562,219.22000122070312,223.6199951171875,220.21397399902344,53960100,0.0,0.0,AVGO
2024-12-19 00:00:00-05:00,227.91000366210938,228.0500030517578,217.5800018310547,218.32000732421875,214.9947052001953,40845200,0.0,0.0,AVGO
2024-12-20 00:00:00-05:00,220.36000061035156,230.2899932861328,218.91000366210938,220.7899932861328,217.4270782470703,131910400,0.0,0.0,AVGO
2024-12-23 00:00:00-05:00,226.69000244140625,233.39999389648438,225.1300048828125,232.35000610351562,229.42408752441406,40643800,0.59,0.0,AVGO
2024-12-24 00:00:00-05:00,240.1199951171875,240.22999572753906,234.8000030517578,239.67999267578125,236.66177368164062,22827200,0.0,0.0,AVGO
2024-12-26 00:00:00-05:00,240.0,247.27999877929688,237.60000610351562,245.36000061035156,242.27024841308594,28459000,0.0,0.0,AVGO
2024-12-27 00:00:00-05:00,245.63999938964844,245.77999877929688,236.35000610351562,241.75,238.70570373535156,29282200,0.0,0.0,AVGO
2024-12-30 00:00:00-05:00,234.6999969482422,238.77000427246094,231.6199951171875,235.5800018310547,232.61341857910156,27316800,0.0,0.0,AVGO
2024-12-31 00:00:00-05:00,235.8800048828125,237.4600067138672,231.30999755859375,231.83999633789062,228.9204864501953,17927700,0.0,0.0,AVGO
2025-01-02 00:00:00-05:00,236.16000366210938,239.5,230.24000549316406,231.97999572753906,229.05873107910156,31525800,0.0,0.0,AVGO
2025-01-03 00:00:00-05:00,233.58999633789062,236.49000549316406,229.0,232.5500030517578,229.62155151367188,24973200,0.0,0.0,AVGO
2025-01-06 00:00:00-05:00,236.5,241.75,233.3000030517578,236.41000366210938,233.43295288085938,34028400,0.0,0.0,AVGO
2025-01-07 00:00:00-05:00,239.5,239.5,227.60000610351562,228.63999938964844,225.76077270507812,25928600,0.0,0.0,AVGO
2025-01-08 00:00:00-05:00,229.6999969482422,232.47000122070312,226.05999755859375,229.30999755859375,226.42236328125,18756500,0.0,0.0,AVGO
2025-01-10 00:00:00-05:00,227.3000030517578,227.8300018310547,221.25,224.30999755859375,221.4853057861328,23864000,0.0,0.0,AVGO
2025-01-13 00:00:00-05:00,219.99000549316406,229.25999450683594,219.50999450683594,225.2899932861328,222.45297241210938,23772100,0.0,0.0,AVGO
2025-01-14 00:00:00-05:00,226.57000732421875,230.25999450683594,223.10000610351562,224.6999969482422,221.8704071044922,18143100,0.0,0.0,AVGO
2025-01-15 00:00:00-05:00,228.5500030517578,230.33999633789062,225.5800018310547,228.0,225.12884521484375,21745600,0.0,0.0,AVGO
2025-01-16 00:00:00-05:00,235.22000122070312,238.60000610351562,229.2100067138672,229.41000366210938,226.52110290527344,23471900,0.0,0.0,AVGO
2025-01-17 00:00:00-05:00,237.0800018310547,238.10000610351562,232.66000366210938,237.44000244140625,234.44996643066406,31196600,0.0,0.0,AVGO
2025-01-21 00:00:00-05:00,241.5,242.75,237.39999389648438,240.30999755859375,237.2838134765625,30903200,0.0,0.0,AVGO
2025-01-22 00:00:00-05:00,246.75,246.99000549316406,240.69000244140625,240.91000366210938,237.8762969970703,29610500,0.0,0.0,AVGO
2025-01-23 00:00:00-05:00,238.41000366210938,240.39999389648438,236.1199951171875,240.27999877929688,237.25421142578125,17653900,0.0,0.0,AVGO
2025-01-24 00:00:00-05:00,244.6999969482422,249.58999633789062,241.91000366210938,244.6999969482422,241.61856079101562,25387800,0.0,0.0,AVGO
2025-01-27 00:00:00-05:00,213.39999389648438,218.42999267578125,196.22999572753906,202.1300048828125,199.5846405029297,90569400,0.0,0.0,AVGO
2025-01-28 00:00:00-05:00,208.00999450683594,209.9499969482422,198.88999938964844,207.36000061035156,204.748779296875,50316000,0.0,0.0,AVGO
2025-01-29 00:00:00-05:00,208.83999633789062,211.4499969482422,202.77000427246094,206.35000610351562,203.75148010253906,32533700,0.0,0.0,AVGO
2025-01-30 00:00:00-05:00,218.57000732421875,221.9600067138672,213.6999969482422,215.66000366210938,212.9442596435547,42449500,0.0,0.0,AVGO
2025-01-31 00:00:00-05:00,219.66000366210938,226.8000030517578,216.3000030517578,221.27000427246094,218.4835968017578,41104700,0.0,0.0,AVGO
2025-02-03 00:00:00-05:00,215.4600067138672,220.94000244140625,213.50999450683594,217.72999572753906,214.98817443847656,24507300,0.0,0.0,AVGO
2025-02-04 00:00:00-05:00,219.35000610351562,223.02999877929688,215.3000030517578,222.42999267578125,219.62899780273438,23768500,0.0,0.0,AVGO
2025-02-05 00:00:00-05:00,233.94000244140625,237.92999267578125,227.5,232.0,229.07846069335938,29196000,0.0,0.0,AVGO
2025-02-06 00:00:00-05:00,234.5,234.8000030517578,228.55999755859375,231.36000061035156,228.44654846191406,21169500,0.0,0.0,AVGO
2025-02-07 00:00:00-05:00,235.0,235.64999389648438,224.11000061035156,224.8699951171875,222.03826904296875,22117500,0.0,0.0,AVGO
2025-02-10 00:00:00-05:00,227.42999267578125,235.82000732421875,227.1199951171875,235.0399932861328,232.08018493652344,23901600,0.0,0.0,AVGO
2025-02-11 00:00:00-05:00,232.47999572753906,237.88999938964844,229.97000122070312,235.0399932861328,232.08018493652344,18476200,0.0,0.0,AVGO
2025-02-12 00:00:00-05:00,230.36000061035156,236.47999572753906,230.0,236.35000610351562,233.3737030029297,16397300,0.0,0.0,AVGO
2025-02-13 00:00:00-05:00,236.05999755859375,236.9499969482422,230.72999572753906,235.8000030517578,232.8306121826172,20962000,0.0,0.0,AVGO
2025-02-14 00:00:00-05:00,234.52999877929688,235.74000549316406,228.89999389648438,233.0399932861328,230.10540771484375,16988800,0.0,0.0,AVGO
2025-02-18 00:00:00-05:00,230.10000610351562,232.1999969482422,224.3000030517578,228.52999877929688,225.65219116210938,26080500,0.0,0.0,AVGO
2025-02-19 00:00:00-05:00,227.85000610351562,229.07000732421875,224.39999389648438,228.72999572753906,225.84963989257812,16375500,0.0,0.0,AVGO
2025-02-20 00:00:00-05:00,228.64999389648438,228.97999572753906,222.75,226.74000549316406,223.8847198486328,16104000,0.0,0.0,AVGO
2025-02-21 00:00:00-05:00,225.64999389648438,227.75,215.6300048828125,218.66000366210938,215.90646362304688,24883600,0.0,0.0,AVGO
2025-02-24 00:00:00-05:00,218.60000610351562,219.47999572753906,207.5399932861328,207.92999267578125,205.3115692138672,33050400,0.0,0.0,AVGO
2025-02-25 00:00:00-05:00,207.0,208.63999938964844,200.9199981689453,202.5399932861328,199.98947143554688,33100800,0.0,0.0,AVGO
2025-02-26 00:00:00-05:00,206.91000366210938,213.5399932861328,206.0,212.94000244140625,210.2584991455078,21368300,0.0,0.0,AVGO
2025-02-27 00:00:00-05:00,217.27999877929688,219.25,197.39999389648438,197.8000030517578,195.30914306640625,27572900,0.0,0.0,AVGO
2025-02-28 00:00:00-05:00,195.75999450683594,201.19000244140625,193.14999389648438,199.42999267578125,196.9186248779297,39747200,0.0,0.0,AVGO
2025-03-03 00:00:00-05:00,204.0,204.05999755859375,184.52999877929688,187.3699951171875,185.01048278808594,37435600,0.0,0.0,AVGO
2025-03-04 00:00:00-05:00,189.22000122070312,193.9499969482422,180.47999572753906,187.47999572753906,185.11911010742188,37910500,0.0,0.0,AVGO
2025-03-05 00:00:00-05:00,191.86000061035156,194.0800018310547,187.10000610351562,191.5800018310547,189.16748046875,25644500,0.0,0.0,AVGO
2025-03-06 00:00:00-05:00,181.0399932861328,186.8300018310547,177.61000061035156,179.4499969482422,177.19024658203125,56864100,0.0,0.0,AVGO
2025-03-07 00:00:00-05:00,187.72999572753906,195.47999572753906,181.55999755859375,194.9600067138672,192.5049285888672,74528900,0.0,0.0,AVGO
2025-03-10 00:00:00-04:00,189.60000610351562,191.97999572753906,180.42999267578125,184.4499969482422,182.12725830078125,44217100,0.0,0.0,AVGO
2025-03-11 00:00:00-04:00,188.0500030517578,195.6199951171875,185.35000610351562,190.08999633789062,187.69622802734375,42153200,0.0,0.0,AVGO
2025-03-12 00:00:00-04:00,196.22000122070312,199.97999572753906,192.4499969482422,194.22999572753906,191.78411865234375,30409700,0.0,0.0,AVGO
2025-03-13 00:00:00-04:00,193.14999389648438,196.32000732421875,189.47000122070312,191.36000061035156,188.9502410888672,27236100,0.0,0.0,AVGO
2025-03-14 00:00:00-04:00,196.1999969482422,197.5,193.1999969482422,195.5399932861328,193.07760620117188,25900900,0.0,0.0,AVGO
2025-03-17 00:00:00-04:00,188.0500030517578,196.72000122070312,187.5,194.5,192.0507049560547,26830600,0.0,0.0,AVGO
2025-03-18 00:00:00-04:00,190.44000244140625,192.88999938964844,186.89999389648438,188.6699981689453,186.29412841796875,24951000,0.0,0.0,AVGO
2025-03-19 00:00:00-04:00,189.33999633789062,198.27000427246094,186.89999389648438,195.57000732421875,193.1072235107422,37962700,0.0,0.0,AVGO
2025-03-20 00:00:00-04:00,191.52000427246094,193.83999633789062,188.94000244140625,190.5399932861328,188.70986938476562,31430000,0.59,0.0,AVGO
2025-03-21 00:00:00-04:00,188.2100067138672,192.07000732421875,187.3699951171875,191.66000366210938,189.8191375732422,43086500,0.0,0.0,AVGO
2025-03-24 00:00:00-04:00,194.3000030517578,196.69000244140625,190.6699981689453,191.25,189.41305541992188,33180300,0.0,0.0,AVGO
2025-03-25 00:00:00-04:00,190.88999938964844,191.60000610351562,187.67999267578125,188.25999450683594,186.45176696777344,23417300,0.0,0.0,AVGO
2025-03-26 00:00:00-04:00,186.66000366210938,188.05999755859375,177.5800018310547,179.27000427246094,177.54812622070312,30578500,0.0,0.0,AVGO
2025-03-27 00:00:00-04:00,177.66000366210938,178.3800048828125,170.4600067138672,171.99000549316406,170.3380584716797,32151700,0.0,0.0,AVGO
2025-03-28 00:00:00-04:00,171.92999267578125,173.3000030517578,166.47000122070312,169.1199951171875,167.49562072753906,30391500,0.0,0.0,AVGO
2025-03-31 00:00:00-04:00,164.49000549316406,167.94000244140625,160.6199951171875,167.42999267578125,165.8218536376953,35656400,0.0,0.0,AVGO
2025-04-01 00:00:00-04:00,166.3699951171875,168.7100067138672,163.4199981689453,168.52000427246094,166.90139770507812,20472400,0.0,0.0,AVGO
2025-04-02 00:00:00-04:00,166.0800018310547,173.42999267578125,165.5,172.08999633789062,170.4370880126953,19523700,0.0,0.0,AVGO
2025-04-03 00:00:00-04:00,160.5399932861328,163.42999267578125,153.6999969482422,154.00999450683594,152.53074645996094,44354900,0.0,0.0,AVGO
2025-04-04 00:00:00-04:00,148.1699981689453,152.8000030517578,139.1699981689453,146.2899932861328,144.8848876953125,72302200,0.0,0.0,AVGO
2025-04-07 00:00:00-04:00,144.49000549316406,160.42999267578125,138.10000610351562,154.13999938964844,152.6595001220703,68503500,0.0,0.0,AVGO
2025-04-08 00:00:00-04:00,167.6199951171875,169.77999877929688,153.08999633789062,156.02999877929688,154.53135681152344,58888200,0.0,0.0,AVGO
2025-04-09 00:00:00-04:00,160.5,187.3300018310547,157.50999450683594,185.14999389648438,183.3716278076172,72708300,0.0,0.0,AVGO
2025-04-10 00:00:00-04:00,175.3000030517578,176.9499969482422,166.39999389648438,172.3000030517578,170.6450958251953,51212200,0.0,0.0,AVGO
2025-04-11 00:00:00-04:00,173.6199951171875,182.66000366210938,173.30999755859375,181.94000244140625,180.19248962402344,33964100,0.0,0.0,AVGO
2025-04-14 00:00:00-04:00,185.0800018310547,186.0,175.82000732421875,178.36000061035156,176.64688110351562,25748300,0.0,0.0,AVGO
2025-04-15 00:00:00-04:00,179.72999572753906,182.25999450683594,178.0800018310547,178.9499969482422,177.231201171875,17242400,0.0,0.0,AVGO
2025-04-16 00:00:00-04:00,170.42999267578125,176.0800018310547,166.9199981689453,174.61000061035156,172.93289184570312,34638600,0.0,0.0,AVGO
2025-04-17 00:00:00-04:00,176.25,176.25,169.9199981689453,170.99000549316406,169.34767150878906,22501800,0.0,0.0,AVGO
2025-04-21 00:00:00-04:00,166.99000549316406,168.0,161.61000061035156,166.2100067138672,164.61358642578125,23469800,0.0,0.0,AVGO
2025-04-22 00:00:00-04:00,167.42999267578125,170.52000427246094,165.22000122070312,169.5800018310547,167.95120239257812,18504900,0.0,0.0,AVGO
2025-04-23 00:00:00-04:00,177.77999877929688,180.4499969482422,175.82000732421875,176.91000366210938,175.2108154296875,24380500,0.0,0.0,AVGO
2025-04-24 00:00:00-04:00,179.69000244140625,188.57000732421875,178.3000030517578,188.14999389648438,186.34283447265625,27576900,0.0,0.0,AVGO
2025-04-25 00:00:00-04:00,186.9199981689453,193.3699951171875,186.88999938964844,192.30999755859375,190.46287536621094,21242300,0.0,0.0,AVGO
2025-04-28 00:00:00-04:00,190.52999877929688,193.10000610351562,187.67999267578125,192.47000122070312,190.62135314941406,16385800,0.0,0.0,AVGO
2025-04-29 00:00:00-04:00,191.72000122070312,193.25,190.10000610351562,191.1699981689453,189.33384704589844,14630000,0.0,0.0,AVGO
2025-04-30 00:00:00-04:00,185.89999389648438,193.1999969482422,184.02000427246094,192.47000122070312,190.62135314941406,22768900,0.0,0.0,AVGO
2025-05-01 00:00:00-04:00,198.13999938964844,201.39999389648438,196.24000549316406,197.3300018310547,195.43466186523438,24939700,0.0,0.0,AVGO
2025-05-02 00:00:00-04:00,203.89999389648438,205.67999267578125,201.0800018310547,203.63999938964844,201.68406677246094,17766800,0.0,0.0,AVGO
2025-05-05 00:00:00-04:00,200.25,203.22999572753906,200.0,200.72000122070312,198.7921142578125,14025400,0.0,0.0,AVGO
2025-05-06 00:00:00-04:00,196.44000244140625,201.91000366210938,195.94000244140625,200.08999633789062,198.16815185546875,16348800,0.0,0.0,AVGO
2025-05-07 00:00:00-04:00,199.2899932861328,206.22999572753906,198.42999267578125,204.80999755859375,202.8428192138672,20253700,0.0,0.0,AVGO
2025-05-08 00:00:00-04:00,208.0,211.16000366210938,203.69000244140625,207.77000427246094,205.77438354492188,18460900,0.0,0.0,AVGO
2025-05-09 00:00:00-04:00,209.3300018310547,209.9600067138672,206.52000427246094,208.1999969482422,206.2002410888672,13289200,0.0,0.0,AVGO
2025-05-12 00:00:00-04:00,219.49000549316406,221.8000030517578,215.8800048828125,221.5800018310547,219.45175170898438,25437700,0.0,0.0,AVGO
2025-05-13 00:00:00-04:00,222.0,235.27999877929688,222.0,232.4199981689453,230.1876220703125,28790500,0.0,0.0,AVGO
2025-05-14 00:00:00-04:00,230.22999572753906,233.5,228.35000610351562,232.1199951171875,229.89051818847656,19751400,0.0,0.0,AVGO
2025-05-15 00:00:00-04:00,230.16000366210938,234.4600067138672,228.07000732421875,232.63999938964844,230.40553283691406,18803700,0.0,0.0,AVGO
2025-05-16 00:00:00-04:00,232.32000732421875,232.63999938964844,226.38999938964844,228.61000061035156,226.41421508789062,23094600,0.0,0.0,AVGO
2025-05-19 00:00:00-04:00,221.85000610351562,231.25,221.60000610351562,230.6300048828125,228.41481018066406,15355500,0.0,0.0,AVGO
2025-05-20 00:00:00-04:00,226.49000549316406,231.77000427246094,226.33999633789062,231.67999267578125,229.45472717285156,11787200,0.0,0.0,AVGO
2025-05-21 00:00:00-04:00,228.38999938964844,236.5,227.8300018310547,229.72999572753906,227.52346801757812,17642900,0.0,0.0,AVGO
2025-05-22 00:00:00-04:00,228.33999633789062,233.69000244140625,227.42999267578125,230.52999877929688,228.3157958984375,14340200,0.0,0.0,AVGO
2025-05-23 00:00:00-04:00,226.94000244140625,230.64999389648438,226.17999267578125,228.72000122070312,226.5231475830078,15385600,0.0,0.0,AVGO
2025-05-27 00:00:00-04:00,232.8699951171875,236.47999572753906,231.1300048828125,235.64999389648438,233.38661193847656,17941700,0.0,0.0,AVGO
2025-05-28 00:00:00-04:00,237.14999389648438,240.99000549316406,234.42999267578125,239.42999267578125,237.1302947998047,20443000,0.0,0.0,AVGO
2025-05-29 00:00:00-04:00,245.91000366210938,246.07000732421875,237.39999389648438,241.97000122070312,239.64590454101562,20743700,0.0,0.0,AVGO
2025-05-30 00:00:00-04:00,241.22000122070312,243.1699981689453,234.89999389648438,242.07000732421875,239.7449493408203,27088600,0.0,0.0,AVGO
2025-06-02 00:00:00-04:00,243.25,250.0,243.19000244140625,248.7100067138672,246.3211669921875,19197000,0.0,0.0,AVGO
2025-06-03 00:00:00-04:00,250.0800018310547,257.8800048828125,249.39999389648438,256.8500061035156,254.3830108642578,30380200,0.0,0.0,AVGO
2025-06-04 00:00:00-04:00,258.05999755859375,265.42999267578125,257.5899963378906,261.0799865722656,258.5723571777344,31536000,0.0,0.0,AVGO
2025-06-05 00:00:00-04:00,262.95001220703125,264.8900146484375,259.05999755859375,259.92999267578125,257.4333801269531,41970900,0.0,0.0,AVGO
2025-06-06 00:00:00-04:00,251.13999938964844,255.32000732421875,246.1300048828125,246.92999267578125,244.55824279785156,41146700,0.0,0.0,AVGO
2025-06-09 00:00:00-04:00,245.0500030517578,248.1699981689453,241.11000061035156,244.27999877929688,241.9337158203125,25334100,0.0,0.0,AVGO
2025-06-10 00:00:00-04:00,244.22000122070312,246.27999877929688,241.39999389648438,244.6300048828125,242.28036499023438,25491300,0.0,0.0,AVGO
2025-06-11 00:00:00-04:00,246.36000061035156,254.77000427246094,243.8000030517578,252.91000366210938,250.4808349609375,24599000,0.0,0.0,AVGO
2025-06-12 00:00:00-04:00,250.19000244140625,257.8900146484375,249.5,256.07000732421875,253.6104736328125,20410900,0.0,0.0,AVGO
2025-06-13 00:00:00-04:00,250.66000366210938,254.0,248.35000610351562,248.6999969482422,246.311279296875,19028400,0.0,0.0,AVGO
2025-06-16 00:00:00-04:00,250.35000610351562,255.19000244140625,249.57000732421875,252.10000610351562,249.67860412597656,20363000,0.0,0.0,AVGO
2025-06-17 00:00:00-04:00,250.9499969482422,253.9600067138672,247.9199981689453,249.3699951171875,246.97482299804688,22014300,0.0,0.0,AVGO
2025-06-18 00:00:00-04:00,250.88999938964844,255.63999938964844,249.41000366210938,251.25999450683594,248.84666442871094,30435500,0.0,0.0,AVGO
2025-06-20 00:00:00-04:00,253.2100067138672,253.52000427246094,244.1699981689453,249.99000549316406,248.171630859375,42134900,0.59,0.0,AVGO
2025-06-23 00:00:00-04:00,249.11000061035156,254.2100067138672,246.4600067138672,253.77000427246094,251.92413330078125,19747000,0.0,0.0,AVGO
2025-06-24 00:00:00-04:00,258.7699890136719,265.8699951171875,258.7699890136719,263.7699890136719,261.8514099121094,32764900,0.0,0.0,AVGO
2025-06-25 00:00:00-04:00,266.0,269.8699951171875,263.42999267578125,264.6499938964844,262.7250061035156,18894200,0.0,0.0,AVGO
2025-06-26 00:00:00-04:00,265.0799865722656,271.6700134277344,264.1300048828125,270.1700134277344,268.204833984375,23569600,0.0,0.0,AVGO
2025-06-27 00:00:00-04:00,270.29998779296875,271.8500061035156,266.8800048828125,269.3500061035156,267.3908386230469,27477600,0.0,0.0,AVGO
2025-06-30 00:00:00-04:00,274.7300109863281,277.7099914550781,272.1300048828125,275.6499938964844,273.6449279785156,24708400,0.0,0.0,AVGO
2025-07-01 00:00:00-04:00,274.3999938964844,274.5,262.6600036621094,264.739990234375,262.8143005371094,28847600,0.0,0.0,AVGO
2025-07-02 00:00:00-04:00,263.989990234375,272.0,262.7300109863281,269.8999938964844,267.936767578125,17582100,0.0,0.0,AVGO
2025-07-03 00:00:00-04:00,270.7300109863281,275.79998779296875,270.1199951171875,275.17999267578125,273.17840576171875,10592700,0.0,0.0,AVGO
2025-07-07 00:00:00-04:00,275.1300048828125,277.55999755859375,272.6600036621094,274.17999267578125,272.1856689453125,16760600,0.0,0.0,AVGO
2025-07-08 00:00:00-04:00,276.3500061035156,276.3500061035156,271.1499938964844,271.79998779296875,269.8229675292969,14869400,0.0,0.0,AVGO
2025-07-09 00:00:00-04:00,272.9599914550781,279.45001220703125,272.7200012207031,277.8999938964844,275.8786315917969,20133000,0.0,0.0,AVGO
2025-07-10 00:00:00-04:00,279.7900085449219,281.17999267578125,272.70001220703125,275.3999938964844,273.3967590332031,17891600,0.0,0.0,AVGO
2025-07-11 00:00:00-04:00,274.1400146484375,276.4700012207031,271.8900146484375,274.3800048828125,272.38421630859375,14274700,0.0,0.0,AVGO
2025-07-14 00:00:00-04:00,274.1300048828125,278.3599853515625,269.5799865722656,275.6000061035156,273.5953369140625,11934200,0.0,0.0,AVGO
2025-07-15 00:00:00-04:00,279.80999755859375,283.3599853515625,277.8500061035156,280.94000244140625,278.896484375,17918400,0.0,0.0,AVGO
2025-07-16 00:00:00-04:00,280.1099853515625,281.510009765625,275.6700134277344,280.80999755859375,278.7674255371094,15031000,0.0,0.0,AVGO
2025-07-17 00:00:00-04:00,281.1400146484375,288.2799987792969,279.9100036621094,286.45001220703125,284.3664245605469,17231100,0.0,0.0,AVGO
2025-07-18 00:00:00-04:00,287.1099853515625,287.5299987792969,281.0,283.3399963378906,281.279052734375,15012400,0.0,0.0,AVGO
2025-07-21 00:00:00-04:00,283.9599914550781,290.5400085449219,283.6300048828125,288.2099914550781,286.11358642578125,17726800,0.0,0.0,AVGO
2025-07-22 00:00:00-04:00,287.6499938964844,288.0,276.42999267578125,278.5899963378906,276.5635681152344,16564800,0.0,0.0,AVGO
2025-07-23 00:00:00-04:00,276.7799987792969,284.0,273.0,283.69000244140625,281.6264953613281,20556200,0.0,0.0,AVGO
2025-07-24 00:00:00-04:00,289.7900085449219,291.20001220703125,283.5,288.7099914550781,286.6099548339844,16413800,0.0,0.0,AVGO
2025-07-25 00:00:00-04:00,288.07000732421875,292.5899963378906,287.2699890136719,290.17999267578125,288.0692443847656,12476200,0.0,0.0,AVGO
2025-07-28 00:00:00-04:00,292.4599914550781,295.45001220703125,290.5899963378906,294.29998779296875,292.1592712402344,13683400,0.0,0.0,AVGO
2025-07-29 00:00:00-04:00,297.5,302.19000244140625,294.8699951171875,297.4200134277344,295.25665283203125,19210800,0.0,0.0,AVGO
2025-07-30 00:00:00-04:00,297.1499938964844,303.260009765625,295.79998779296875,302.6199951171875,300.4188232421875,16738900,0.0,0.0,AVGO
2025-07-31 00:00:00-04:00,302.79998779296875,306.95001220703125,290.2300109863281,293.70001220703125,291.5636901855469,25488500,0.0,0.0,AVGO
2025-08-01 00:00:00-04:00,286.5400085449219,292.6400146484375,281.6099853515625,288.6400146484375,286.5404968261719,21428100,0.0,0.0,AVGO
2025-08-04 00:00:00-04:00,292.20001220703125,298.4800109863281,291.3999938964844,297.7200012207031,295.5544128417969,17164600,0.0,0.0,AVGO
2025-08-05 00:00:00-04:00,297.80999755859375,301.20001220703125,291.45001220703125,292.92999267578125,290.7992858886719,18477500,0.0,0.0,AVGO
2025-08-06 00:00:00-04:00,292.8999938964844,302.80999755859375,291.8999938964844,301.6700134277344,299.4757385253906,17392100,0.0,0.0,AVGO
2025-08-07 00:00:00-04:00,306.1700134277344,310.3399963378906,299.8800048828125,303.760009765625,301.5505065917969,16319400,0.0,0.0,AVGO
2025-08-08 00:00:00-04:00,304.04998779296875,307.8699951171875,302.54998779296875,304.9700012207031,302.7517395019531,12458700,0.0,0.0,AVGO
2025-08-11 00:00:00-04:00,305.04998779296875,308.30999755859375,301.2900085449219,303.8999938964844,301.6894836425781,12396400,0.0,0.0,AVGO
2025-08-12 00:00:00-04:00,306.6300048828125,313.44000244140625,304.6700134277344,312.8299865722656,310.5545349121094,17609600,0.0,0.0,AVGO
2025-08-13 00:00:00-04:00,316.75,317.3500061035156,304.75,309.0899963378906,306.8417663574219,17371200,0.0,0.0,AVGO
2025-08-14 00:00:00-04:00,307.010009765625,314.1700134277344,307.0,311.2300109863281,308.9661865234375,15717600,0.0,0.0,AVGO
2025-08-15 00:00:00-04:00,311.0299987792969,311.5,299.760009765625,306.3399963378906,304.1117248535156,22806900,0.0,0.0,AVGO
2025-08-18 00:00:00-04:00,302.70001220703125,306.1700134277344,299.0,305.760009765625,303.5359802246094,14724700,0.0,0.0,AVGO
2025-08-19 00:00:00-04:00,302.4200134277344,302.8999938964844,292.3900146484375,294.9100036621094,292.764892578125,20149600,0.0,0.0,AVGO
2025-08-20 00:00:00-04:00,295.4599914550781,295.489990234375,281.8699951171875,291.1700134277344,289.0520935058594,23600500,0.0,0.0,AVGO
2025-08-21 00:00:00-04:00,290.05999755859375,292.3900146484375,286.1700134277344,289.6000061035156,287.4934997558594,14946300,0.0,0.0,AVGO
2025-08-22 00:00:00-04:00,291.75,300.0899963378906,289.010009765625,294.0,291.86151123046875,16301300,0.0,0.0,AVGO
2025-08-25 00:00:00-04:00,292.80999755859375,298.3999938964844,291.7099914550781,294.2300109863281,292.08984375,15124700,0.0,0.0,AVGO
2025-08-26 00:00:00-04:00,294.3500061035156,300.25,293.989990234375,298.010009765625,295.8423156738281,25689100,0.0,0.0,AVGO
2025-08-27 00:00:00-04:00,297.5299987792969,301.17999267578125,293.7799987792969,300.25,298.0660400390625,13830300,0.0,0.0,AVGO
2025-08-28 00:00:00-04:00,302.92999267578125,311.0,302.3299865722656,308.6499938964844,306.4049072265625,18907100,0.0,0.0,AVGO
2025-08-29 00:00:00-04:00,307.010009765625,307.010009765625,293.6600036621094,297.3900146484375,295.22686767578125,21610700,0.0,0.0,AVGO
2025-09-02 00:00:00-04:00,289.3399963378906,298.7099914550781,287.1700134277344,298.239990234375,296.0706481933594,19693000,0.0,0.0,AVGO
2025-09-03 00:00:00-04:00,302.2900085449219,304.45001220703125,296.3999938964844,302.3900146484375,300.1905212402344,18529400,0.0,0.0,AVGO
2025-09-04 00:00:00-04:00,305.05999755859375,308.7799987792969,302.25,306.1000061035156,303.87353515625,31220800,0.0,0.0,AVGO
2025-09-05 00:00:00-04:00,355.7799987792969,356.3399963378906,331.4200134277344,334.8900146484375,332.4541320800781,78401600,0.0,0.0,AVGO
2025-09-08 00:00:00-04:00,342.75,354.1700134277344,341.25,345.6499938964844,343.1358337402344,43535600,0.0,0.0,AVGO
2025-09-09 00:00:00-04:00,349.54998779296875,350.9800109863281,335.8299865722656,336.6700134277344,334.2211608886719,26972300,0.0,0.0,AVGO
2025-09-10 00:00:00-04:00,351.5199890136719,372.9700012207031,350.54998779296875,369.57000732421875,366.8818359375,51086800,0.0,0.0,AVGO
2025-09-11 00:00:00-04:00,371.17999267578125,374.2300109863281,358.760009765625,359.6300048828125,357.0141296386719,29430900,0.0,0.0,AVGO
2025-09-12 00:00:00-04:00,362.9100036621094,364.3900146484375,357.1600036621094,359.8699951171875,357.2523498535156,31949800,0.0,0.0,AVGO
2025-09-15 00:00:00-04:00,359.8699951171875,365.5,356.3399963378906,364.0899963378906,361.441650390625,21792200,0.0,0.0,AVGO
2025-09-16 00:00:00-04:00,365.42999267578125,365.69000244140625,356.989990234375,360.0,357.3814392089844,21306500,0.0,0.0,AVGO
2025-09-17 00:00:00-04:00,358.8500061035156,359.92999267578125,341.5,346.1700134277344,343.65203857421875,45197100,0.0,0.0,AVGO
2025-09-18 00:00:00-04:00,350.0,350.70001220703125,343.7900085449219,345.3500061035156,342.8380126953125,24663900,0.0,0.0,AVGO
2025-09-19 00:00:00-04:00,344.6499938964844,346.2699890136719,336.42999267578125,344.94000244140625,342.43096923828125,41240100,0.0,0.0,AVGO
2025-09-22 00:00:00-04:00,342.42999267578125,346.6700134277344,337.94000244140625,338.7900085449219,336.9019775390625,28660000,0.59,0.0,AVGO
2025-09-23 00:00:00-04:00,340.239990234375,345.2200012207031,337.0199890136719,338.94000244140625,337.0511169433594,21944100,0.0,0.0,AVGO
2025-09-24 00:00:00-04:00,339.760009765625,340.0799865722656,333.80999755859375,339.30999755859375,337.4190673828125,19677300,0.0,0.0,AVGO
2025-09-25 00:00:00-04:00,332.989990234375,338.05999755859375,327.29998779296875,336.1000061035156,334.2269592285156,21678200,0.0,0.0,AVGO
2025-09-26 00:00:00-04:00,337.42999267578125,339.0799865722656,330.5799865722656,334.5299987792969,332.66571044921875,15464700,0.0,0.0,AVGO
2025-09-29 00:00:00-04:00,336.0,341.04998779296875,327.54998779296875,327.8999938964844,326.0726318359375,21336000,0.0,0.0,AVGO
2025-09-30 00:00:00-04:00,330.1199951171875,331.04998779296875,324.6099853515625,329.9100036621094,328.0714416503906,20109500,0.0,0.0,AVGO
2025-10-01 00:00:00-04:00,328.1499938964844,337.95001220703125,324.5,333.3900146484375,331.53204345703125,21122700,0.0,0.0,AVGO
2025-10-02 00:00:00-04:00,347.6099853515625,347.6099853515625,335.25,338.17999267578125,336.2953186035156,19917600,0.0,0.0,AVGO
2025-10-03 00:00:00-04:00,341.5,344.3999938964844,335.739990234375,338.3699951171875,336.4842834472656,14749100,0.0,0.0,AVGO
2025-10-06 00:00:00-04:00,335.9200134277344,344.1300048828125,334.55999755859375,335.489990234375,333.6203308105469,18465700,0.0,0.0,AVGO
2025-10-07 00:00:00-04:00,337.0299987792969,338.1099853515625,326.5799865722656,336.4100036621094,334.53521728515625,18086700,0.0,0.0,AVGO
2025-10-08 00:00:00-04:00,333.82000732421875,346.5400085449219,332.6199951171875,345.5,343.5745544433594,21478300,0.0,0.0,AVGO
2025-10-09 00:00:00-04:00,345.75,347.30999755859375,340.3999938964844,345.0199890136719,343.09722900390625,17643700,0.0,0.0,AVGO
2025-10-10 00:00:00-04:00,345.3900146484375,350.6000061035156,324.04998779296875,324.6300048828125,322.82086181640625,28941000,0.0,0.0,AVGO
2025-10-13 00:00:00-04:00,352.7699890136719,359.3800048828125,343.5199890136719,356.70001220703125,354.7121276855469,45984300,0.0,0.0,AVGO
2025-10-14 00:00:00-04:00,350.1300048828125,350.6700134277344,339.6499938964844,344.1300048828125,342.2121887207031,22078000,0.0,0.0,AVGO
2025-10-15 00:00:00-04:00,354.4700012207031,359.3999938964844,347.5,351.3299865722656,349.3720397949219,23918500,0.0,0.0,AVGO
2025-10-16 00:00:00-04:00,356.79998779296875,363.239990234375,349.489990234375,354.1499938964844,352.1763610839844,20317200,0.0,0.0,AVGO
2025-10-17 00:00:00-04:00,349.6099853515625,350.9700012207031,340.7799987792969,349.3299865722656,347.3832092285156,20937900,0.0,0.0,AVGO
2025-10-20 00:00:00-04:00,353.79998779296875,356.5899963378906,347.8399963378906,349.239990234375,347.293701171875,15640200,0.0,0.0,AVGO
2025-10-21 00:00:00-04:00,350.0,351.1000061035156,341.30999755859375,342.6600036621094,340.7503967285156,16092600,0.0,0.0,AVGO
2025-10-22 00:00:00-04:00,347.29998779296875,348.010009765625,335.510009765625,340.29998779296875,338.4035339355469,19268800,0.0,0.0,AVGO
2025-10-23 00:00:00-04:00,340.3999938964844,346.57000732421875,340.3999938964844,344.2900085449219,342.3713073730469,12859200,0.0,0.0,AVGO
2025-10-24 00:00:00-04:00,352.510009765625,358.29998779296875,350.8800048828125,354.1300048828125,352.1564636230469,16143700,0.0,0.0,AVGO
2025-10-27 00:00:00-04:00,361.5400085449219,362.75,355.0799865722656,362.04998779296875,360.0323181152344,20065800,0.0,0.0,AVGO
2025-10-28 00:00:00-04:00,362.6199951171875,374.05999755859375,362.5299987792969,372.9700012207031,370.8914489746094,21056000,0.0,0.0,AVGO
2025-10-29 00:00:00-04:00,373.19000244140625,386.4800109863281,373.19000244140625,385.9800109863281,383.8289794921875,24975200,0.0,0.0,AVGO
2025-10-30 00:00:00-04:00,386.3999938964844,386.3999938964844,370.05999755859375,376.4700012207031,374.3719787597656,24295300,0.0,0.0,AVGO
2025-10-31 00:00:00-04:00,378.2699890136719,378.82000732421875,365.1000061035156,369.6300048828125,367.570068359375,21598400,0.0,0.0,AVGO
2025-11-03 00:00:00-05:00,372.0,374.8500061035156,361.9800109863281,362.54998779296875,360.5295104980469,17198900,0.0,0.0,AVGO
2025-11-04 00:00:00-05:00,358.5199890136719,368.95001220703125,351.0,351.94000244140625,349.9786682128906,24047500,0.0,0.0,AVGO
2025-11-05 00:00:00-05:00,350.8900146484375,364.8699951171875,350.0899963378906,358.9800109863281,356.9794616699219,17087600,0.0,0.0,AVGO
2025-11-06 00:00:00-05:00,360.1099853515625,363.5,352.7099914550781,355.5899963378906,353.6083068847656,19896900,0.0,0.0,AVGO
2025-11-07 00:00:00-05:00,354.19000244140625,354.5,337.2699890136719,349.42999267578125,347.4826354980469,21903200,0.0,0.0,AVGO
2025-11-10 00:00:00-05:00,357.8999938964844,360.0,354.6099853515625,358.3900146484375,356.39276123046875,16409000,0.0,0.0,AVGO
2025-11-11 00:00:00-05:00,358.9700012207031,361.8900146484375,349.6700134277344,351.9599914550781,349.9985656738281,16446800,0.0,0.0,AVGO
2025-11-12 00:00:00-05:00,358.0400085449219,358.8699951171875,351.67999267578125,355.2200012207031,353.24041748046875,12190500,0.0,0.0,AVGO
2025-11-13 00:00:00-05:00,351.5799865722656,353.54998779296875,334.1600036621094,339.9800109863281,338.0853271484375,22616600,0.0,0.0,AVGO
2025-11-14 00:00:00-05:00,331.4700012207031,344.739990234375,329.05999755859375,342.4599914550781,340.5514831542969,18500800,0.0,0.0,AVGO
2025-11-17 00:00:00-05:00,339.82000732421875,352.20001220703125,337.5199890136719,342.6499938964844,340.7404479980469,14799600,0.0,0.0,AVGO
2025-11-18 00:00:00-05:00,343.20001220703125,347.9700012207031,335.510009765625,340.5,338.6024169921875,21726800,0.0,0.0,AVGO
2025-11-19 00:00:00-05:00,340.7099914550781,359.69000244140625,337.79998779296875,354.4200134277344,352.4448547363281,21851900,0.0,0.0,AVGO
2025-11-20 00:00:00-05:00,366.0,376.0799865722656,345.17999267578125,346.82000732421875,344.8872375488281,28867000,0.0,0.0,AVGO
2025-11-21 00:00:00-05:00,345.1600036621094,348.6000061035156,331.79998779296875,340.20001220703125,338.3041076660156,30280300,0.0,0.0,AVGO
2025-11-24 00:00:00-05:00,347.7300109863281,382.0,347.6600036621094,377.9599914550781,375.8536682128906,47262400,0.0,0.0,AVGO
2025-11-25 00:00:00-05:00,384.92999267578125,388.1300048828125,371.75,385.0299987792969,382.88427734375,33507600,0.0,0.0,AVGO
2025-11-26 00:00:00-05:00,385.54998779296875,399.8699951171875,383.260009765625,397.57000732421875,395.3543701171875,28693000,0.0,0.0,AVGO
2025-11-28 00:00:00-05:00,399.3500061035156,403.0,397.1600036621094,402.9599914550781,400.7143249511719,13365500,0.0,0.0,AVGO
2025-12-01 00:00:00-05:00,394.8500061035156,395.4200134277344,385.1000061035156,386.0799865722656,383.92840576171875,23252000,0.0,0.0,AVGO
2025-12-02 00:00:00-05:00,388.30999755859375,393.5,379.7900085449219,381.57000732421875,379.4435729980469,22207000,0.0,0.0,AVGO
2025-12-03 00:00:00-05:00,380.0,382.29998779296875,370.6499938964844,380.6099853515625,378.4888610839844,21336400,0.0,0.0,AVGO
2025-12-04 00:00:00-05:00,380.67999267578125,383.8900146484375,376.5299987792969,381.0299987792969,378.90655517578125,15845900,0.0,0.0,AVGO
2025-12-05 00:00:00-05:00,386.1700134277344,393.5299987792969,385.1499938964844,390.239990234375,388.0652160644531,24779900,0.0,0.0,AVGO
2025-12-08 00:00:00-05:00,402.4800109863281,407.2900085449219,397.3999938964844,401.1000061035156,398.8647155761719,30410600,0.0,0.0,AVGO
2025-12-09 00:00:00-05:00,398.75,406.92999267578125,395.510009765625,406.2900085449219,404.0257873535156,24546000,0.0,0.0,AVGO
2025-12-10 00:00:00-05:00,402.20001220703125,414.6099853515625,399.55999755859375,412.9700012207031,410.6685485839844,31531000,0.0,0.0,AVGO
2025-12-11 00:00:00-05:00,404.8299865722656,409.29998779296875,394.19000244140625,406.3699951171875,404.1053466796875,45681600,0.0,0.0,AVGO
2025-12-12 00:00:00-05:00,379.9599914550781,382.0,355.1499938964844,359.92999267578125,357.92413330078125,95588500,0.0,0.0,AVGO
2025-12-15 00:00:00-05:00,361.8900146484375,362.0,337.510009765625,339.80999755859375,337.916259765625,65894900,0.0,0.0,AVGO
2025-12-16 00:00:00-05:00,336.0199890136719,347.5,335.05999755859375,341.29998779296875,339.39794921875,58061100,0.0,0.0,AVGO
2025-12-17 00:00:00-05:00,346.6099853515625,346.6099853515625,321.4200134277344,326.0199890136719,324.2030944824219,73300900,0.0,0.0,AVGO
2025-12-18 00:00:00-05:00,336.0,336.0299987792969,323.6300048828125,329.8800048828125,328.0416259765625,54501900,0.0,0.0,AVGO
2025-12-19 00:00:00-05:00,333.3399963378906,343.45001220703125,332.5799865722656,340.3599853515625,338.46319580078125,159095200,0.0,0.0,AVGO
2025-12-22 00:00:00-05:00,346.0299987792969,346.239990234375,337.2200012207031,341.45001220703125,340.19683837890625,28739600,0.65,0.0,AVGO
2025-12-23 00:00:00-05:00,340.80999755859375,350.1099853515625,338.5400085449219,349.32000732421875,348.0379333496094,28232600,0.0,0.0,AVGO
2025-12-24 00:00:00-05:00,350.69000244140625,352.8599853515625,347.1400146484375,350.2200012207031,348.93463134765625,11424400,0.0,0.0,AVGO
2025-12-26 00:00:00-05:00,351.05999755859375,353.25,347.75,352.1300048828125,350.8376159667969,15028100,0.0,0.0,AVGO
2025-12-29 00:00:00-05:00,348.7200012207031,350.3299865722656,344.69000244140625,349.3900146484375,348.1076965332031,21946900,0.0,0.0,AVGO
2025-12-30 00:00:00-05:00,349.9700012207031,352.67999267578125,349.29998779296875,349.8500061035156,348.56597900390625,16633600,0.0,0.0,AVGO
2025-12-31 00:00:00-05:00,349.7300109863281,349.8800048828125,345.4200134277344,346.1000061035156,344.82977294921875,15346100,0.0,0.0,AVGO
2026-01-02 00:00:00-05:00,352.7799987792969,360.6600036621094,345.55999755859375,347.6199951171875,346.3441467285156,25398600,0.0,0.0,AVGO
2026-01-05 00:00:00-05:00,354.739990234375,355.0299987792969,336.5,343.4200134277344,342.15960693359375,31136000,0.0,0.0,AVGO
2026-01-06 00:00:00-05:00,343.6000061035156,349.04998779296875,338.0,343.7699890136719,342.50830078125,27135500,0.0,0.0,AVGO
2026-01-07 00:00:00-05:00,341.70001220703125,349.70001220703125,335.8800048828125,343.5,342.2392883300781,20249300,0.0,0.0,AVGO
2026-01-08 00:00:00-05:00,342.7799987792969,343.67999267578125,330.5,332.4800109863281,331.2597351074219,24385200,0.0,0.0,AVGO
2026-01-09 00:00:00-05:00,337.9200134277344,347.3900146484375,333.5,344.9700012207031,343.7038879394531,22482500,0.0,0.0,AVGO
2026-01-12 00:00:00-05:00,340.95001220703125,353.8999938964844,340.95001220703125,352.2099914550781,350.9173278808594,20949600,0.0,0.0,AVGO
2026-01-13 00:00:00-05:00,352.8800048828125,359.489990234375,350.9100036621094,354.6099853515625,353.3085021972656,18308000,0.0,0.0,AVGO
2026-01-14 00:00:00-05:00,348.9700012207031,350.69000244140625,334.4200134277344,339.8900146484375,338.642578125,30094700,0.0,0.0,AVGO
2026-01-15 00:00:00-05:00,349.1199951171875,349.67999267578125,341.6700134277344,343.0199890136719,341.76104736328125,22218800,0.0,0.0,AVGO
2026-01-16 00:00:00-05:00,346.2699890136719,354.510009765625,344.04998779296875,351.7099914550781,350.4191589355469,31291200,0.0,0.0,AVGO
2026-01-20 00:00:00-05:00,344.1000061035156,345.3999938964844,331.79998779296875,332.6000061035156,331.3793029785156,32293900,0.0,0.0,AVGO
2026-01-21 00:00:00-05:00,335.510009765625,335.79998779296875,324.20001220703125,328.79998779296875,327.5932312011719,32006600,0.0,0.0,AVGO
2026-01-22 00:00:00-05:00,335.3500061035156,336.989990234375,324.8900146484375,325.489990234375,324.2953796386719,24275400,0.0,0.0,AVGO
2026-01-23 00:00:00-05:00,319.29998779296875,321.989990234375,314.1099853515625,320.04998779296875,318.8753662109375,30259500,0.0,0.0,AVGO
2026-01-26 00:00:00-05:00,319.79998779296875,328.67999267578125,317.6000061035156,324.8500061035156,323.6577453613281,25006400,0.0,0.0,AVGO
2026-01-27 00:00:00-05:00,329.760009765625,334.760009765625,327.0199890136719,332.7900085449219,331.568603515625,25537600,0.0,0.0,AVGO
2026-01-28 00:00:00-05:00,338.8500061035156,339.989990234375,326.70001220703125,333.239990234375,332.0169372558594,23001700,0.0,0.0,AVGO
2026-01-29 00:00:00-05:00,332.55999755859375,335.95001220703125,320.2799987792969,330.7300109863281,329.51617431640625,20447500,0.0,0.0,AVGO
2026-01-30 00:00:00-05:00,332.44000244140625,338.20001220703125,328.3299865722656,331.29998779296875,330.08404541015625,28313000,0.0,0.0,AVGO
2026-02-02 00:00:00-05:00,326.1099853515625,336.05999755859375,325.75,331.1099853515625,329.8947448730469,17278200,0.0,0.0,AVGO
2026-02-03 00:00:00-05:00,336.739990234375,338.8999938964844,308.6499938964844,320.3299865722656,319.154296875,36914800,0.0,0.0,AVGO
2026-02-04 00:00:00-05:00,319.510009765625,319.510009765625,295.29998779296875,308.04998779296875,306.9194030761719,43330300,0.0,0.0,AVGO
2026-02-05 00:00:00-05:00,314.3399963378906,326.5299987792969,306.70001220703125,310.510009765625,309.3703918457031,42775800,0.0,0.0,AVGO
2026-02-06 00:00:00-05:00,320.1000061035156,335.0,316.29998779296875,332.9200134277344,331.6981506347656,33003400,0.0,0.0,AVGO
2026-02-09 00:00:00-05:00,330.7699890136719,352.3399963378906,330.6499938964844,343.94000244140625,342.67767333984375,30091000,0.0,0.0,AVGO
2026-02-10 00:00:00-05:00,347.4700012207031,348.010009765625,339.8399963378906,340.44000244140625,339.1905212402344,19542700,0.0,0.0,AVGO
2026-02-11 00:00:00-05:00,346.79998779296875,347.20001220703125,333.739990234375,342.760009765625,341.50201416015625,17004700,0.0,0.0,AVGO
2026-02-12 00:00:00-05:00,343.8299865722656,346.2900085449219,329.55999755859375,331.1700134277344,329.9545593261719,22007300,0.0,0.0,AVGO
2026-02-13 00:00:00-05:00,329.8500061035156,334.32000732421875,324.69000244140625,325.1700134277344,323.9765625,18397200,0.0,0.0,AVGO
2026-02-17 00:00:00-05:00,319.67999267578125,335.75,316.30999755859375,332.5400085449219,331.31951904296875,23469700,0.0,0.0,AVGO
2026-02-18 00:00:00-05:00,329.5199890136719,337.8800048828125,327.2300109863281,333.510009765625,332.28594970703125,13565300,0.0,0.0,AVGO
2026-02-19 00:00:00-05:00,333.010009765625,338.44000244140625,329.67999267578125,333.989990234375,332.76416015625,15180900,0.0,0.0,AVGO
2026-02-20 00:00:00-05:00,332.3599853515625,340.1099853515625,329.5799865722656,332.6499938964844,331.4291076660156,17658900,0.0,0.0,AVGO
2026-02-23 00:00:00-05:00,332.25,338.5,325.32000732421875,330.3399963378906,329.1275939941406,16472400,0.0,0.0,AVGO
2026-02-24 00:00:00-05:00,322.5400085449219,328.30999755859375,314.45001220703125,325.489990234375,324.2953796386719,23614400,0.0,0.0,AVGO
2026-02-25 00:00:00-05:00,330.739990234375,335.9100036621094,329.2799987792969,332.30999755859375,331.0903625488281,20182300,0.0,0.0,AVGO
2026-02-26 00:00:00-05:00,326.5,326.5799865722656,307.92999267578125,321.70001220703125,320.519287109375,33025300,0.0,0.0,AVGO
2026-02-27 00:00:00-05:00,310.70001220703125,320.0,310.0,319.54998779296875,318.377197265625,28004200,0.0,0.0,AVGO
2026-03-02 00:00:00-05:00,309.3599853515625,320.0400085449219,307.20001220703125,318.82000732421875,317.6498718261719,20567200,0.0,0.0,AVGO
2026-03-03 00:00:00-05:00,313.0,315.8800048828125,307.3999938964844,313.8399963378906,312.68817138671875,20826200,0.0,0.0,AVGO
2026-03-04 00:00:00-05:00,315.67999267578125,322.6400146484375,311.739990234375,317.5299987792969,316.3645935058594,34895800,0.0,0.0,AVGO
2026-03-05 00:00:00-05:00,330.17999267578125,336.1199951171875,323.0299987792969,332.7699890136719,331.54864501953125,57076600,0.0,0.0,AVGO
2026-03-06 00:00:00-05:00,328.2799987792969,343.510009765625,327.3999938964844,330.4800109863281,329.26708984375,39152200,0.0,0.0,AVGO
2026-03-09 00:00:00-04:00,327.25,348.489990234375,323.6099853515625,345.75,344.4810485839844,40605800,0.0,0.0,AVGO
2026-03-10 00:00:00-04:00,348.7300109863281,353.1400146484375,340.79998779296875,342.5799865722656,341.3226623535156,29531700,0.0,0.0,AVGO
2026-03-11 00:00:00-04:00,342.5899963378906,345.80999755859375,338.2200012207031,341.57000732421875,340.3163757324219,20104100,0.0,0.0,AVGO
2026-03-12 00:00:00-04:00,337.739990234375,339.8299865722656,332.20001220703125,335.9700012207031,334.7369384765625,21982700,0.0,0.0,AVGO
2026-03-13 00:00:00-04:00,337.67999267578125,338.32000732421875,321.42999267578125,322.1600036621094,320.9776306152344,34725000,0.0,0.0,AVGO
2026-03-16 00:00:00-04:00,326.0199890136719,329.20001220703125,320.05999755859375,324.9200134277344,323.7275085449219,31363100,0.0,0.0,AVGO
2026-03-17 00:00:00-04:00,325.760009765625,327.44000244140625,317.25,321.30999755859375,320.1307373046875,38026500,0.0,0.0,AVGO
2026-03-18 00:00:00-04:00,320.42999267578125,325.44000244140625,315.54998779296875,315.92999267578125,314.7704772949219,25460600,0.0,0.0,AVGO
2026-03-19 00:00:00-04:00,312.4700012207031,323.2699890136719,308.510009765625,319.8399963378906,318.6661376953125,23524800,0.0,0.0,AVGO
2026-03-20 00:00:00-04:00,320.1199951171875,321.510009765625,309.9200134277344,310.510009765625,309.3703918457031,43325900,0.0,0.0,AVGO
2026-03-23 00:00:00-04:00,318.0,326.4800109863281,314.92999267578125,322.510009765625,322.0003967285156,27369200,0.65,0.0,AVGO
2026-03-24 00:00:00-04:00,320.0,324.3999938964844,314.8399963378906,318.2900085449219,317.78704833984375,19799000,0.0,0.0,AVGO
2026-03-25 00:00:00-04:00,322.5899963378906,324.29998779296875,316.7200012207031,318.80999755859375,318.30621337890625,19900000,0.0,0.0,AVGO
2026-03-26 00:00:00-04:00,314.0199890136719,316.9200134277344,309.1700134277344,309.4200134277344,308.9310607910156,20343700,0.0,0.0,AVGO
2026-03-27 00:00:00-04:00,307.05999755859375,307.5,298.8699951171875,300.67999267578125,300.2048645019531,23593900,0.0,0.0,AVGO
2026-03-30 00:00:00-04:00,300.8699951171875,304.7699890136719,289.9599914550781,293.4100036621094,292.94635009765625,28054500,0.0,0.0,AVGO
2026-03-31 00:00:00-04:00,299.3900146484375,310.30999755859375,296.3399963378906,309.510009765625,309.02093505859375,29289500,0.0,0.0,AVGO
2026-04-01 00:00:00-04:00,313.3699951171875,315.7900085449219,310.4800109863281,313.489990234375,312.99462890625,19171000,0.0,0.0,AVGO
2026-04-02 00:00:00-04:00,304.489990234375,314.69000244140625,301.75,314.54998779296875,314.0529479980469,14021100,0.0,0.0,AVGO
2026-04-06 00:00:00-04:00,315.05999755859375,316.3999938964844,310.2799987792969,314.42999267578125,313.9331359863281,12111300,0.0,0.0,AVGO
2026-04-07 00:00:00-04:00,326.7300109863281,334.1499938964844,321.79998779296875,333.9700012207031,333.4422607421875,33310900,0.0,0.0,AVGO
2026-04-08 00:00:00-04:00,351.75,354.1400146484375,342.5299987792969,350.6300048828125,350.0759582519531,31573100,0.0,0.0,AVGO
2026-04-09 00:00:00-04:00,352.29998779296875,358.70001220703125,351.5,354.9100036621094,354.34918212890625,20514900,0.0,0.0,AVGO
2026-04-10 00:00:00-04:00,360.94000244140625,376.54998779296875,360.82000732421875,371.54998779296875,370.9628601074219,29958100,0.0,0.0,AVGO
2026-04-13 00:00:00-04:00,369.6600036621094,380.8599853515625,369.4800109863281,379.75,379.1499328613281,24115800,0.0,0.0,AVGO
2026-04-14 00:00:00-04:00,377.8999938964844,382.2799987792969,376.32000732421875,380.7799987792969,380.17828369140625,24423000,0.0,0.0,AVGO
2026-04-15 00:00:00-04:00,389.8800048828125,397.0799865722656,385.57000732421875,396.7200012207031,396.0931091308594,29559300,0.0,0.0,AVGO
2026-04-16 00:00:00-04:00,395.0,399.67999267578125,392.3500061035156,398.4700012207031,397.8403625488281,18872900,0.0,0.0,AVGO
2026-04-17 00:00:00-04:00,400.8999938964844,406.7300109863281,399.80999755859375,406.5400085449219,405.8976135253906,20581700,0.0,0.0,AVGO
2026-04-20 00:00:00-04:00,405.70001220703125,406.4200134277344,395.8999938964844,399.6300048828125,398.9985046386719,16922000,0.0,0.0,AVGO
2026-04-21 00:00:00-04:00,399.4100036621094,403.6000061035156,394.57000732421875,402.1700134277344,401.5345153808594,16275500,0.0,0.0,AVGO
2026-04-22 00:00:00-04:00,406.9800109863281,423.20001220703125,404.8599853515625,422.6499938964844,421.98211669921875,23702500,0.0,0.0,AVGO
2026-04-23 00:00:00-04:00,422.3900146484375,429.30999755859375,417.79998779296875,419.94000244140625,419.27642822265625,19501600,0.0,0.0,AVGO
2026-04-24 00:00:00-04:00,424.9800109863281,425.0,408.8599853515625,422.760009765625,422.09197998046875,22491100,0.0,0.0,AVGO
2026-04-27 00:00:00-04:00,420.4800109863281,422.75,414.6300048828125,418.20001220703125,417.5391845703125,17451600,0.0,0.0,AVGO
2026-04-28 00:00:00-04:00,400.30999755859375,405.80999755859375,394.6499938964844,399.8299865722656,399.19818115234375,25519200,0.0,0.0,AVGO
2026-04-29 00:00:00-04:00,403.5,405.6400146484375,396.7799987792969,405.45001220703125,404.809326171875,15962500,0.0,0.0,AVGO
2026-04-30 00:00:00-04:00,415.5199890136719,418.3800048828125,404.2300109863281,417.42999267578125,416.7703857421875,21821600,0.0,0.0,AVGO
2026-05-01 00:00:00-04:00,415.0899963378906,423.1700134277344,413.2799987792969,421.2799987792969,420.6142883300781,11882600,0.0,0.0,AVGO
2026-05-04 00:00:00-04:00,418.2200012207031,423.8299865722656,409.5299987792969,416.5,415.84185791015625,15140400,0.0,0.0,AVGO
2026-05-05 00:00:00-04:00,421.6600036621094,433.3900146484375,419.3500061035156,427.3599853515625,426.6846923828125,21175200,0.0,0.0,AVGO
2026-05-06 00:00:00-04:00,435.55999755859375,437.67999267578125,417.7799987792969,425.44000244140625,424.7677307128906,20707000,0.0,0.0,AVGO
2026-05-07 00:00:00-04:00,421.82000732421875,426.489990234375,406.29998779296875,412.55999755859375,411.9080810546875,22791700,0.0,0.0,AVGO
2026-05-08 00:00:00-04:00,419.79998779296875,435.0,414.0,430.0,429.3205261230469,22561400,0.0,0.0,AVGO
2026-05-11 00:00:00-04:00,427.6199951171875,433.6499938964844,425.04998779296875,428.42999267578125,427.75299072265625,16825500,0.0,0.0,AVGO
2026-05-12 00:00:00-04:00,423.42999267578125,429.3399963378906,408.4100036621094,419.29998779296875,418.6374206542969,19004300,0.0,0.0,AVGO
2026-05-13 00:00:00-04:00,415.80999755859375,418.6300048828125,404.79998779296875,416.7900085449219,416.13140869140625,16981200,0.0,0.0,AVGO
2026-05-14 00:00:00-04:00,416.7300109863281,442.3599853515625,415.5899963378906,439.7900085449219,439.0950622558594,19733800,0.0,0.0,AVGO
2026-05-15 00:00:00-04:00,432.80999755859375,432.80999755859375,419.79998779296875,425.19000244140625,424.51812744140625,18957100,0.0,0.0,AVGO
2026-05-18 00:00:00-04:00,421.4100036621094,422.010009765625,414.3699951171875,420.7099914550781,420.0451965332031,17863300,0.0,0.0,AVGO
2026-05-19 00:00:00-04:00,409.82000732421875,417.95001220703125,405.8599853515625,411.07000732421875,410.4204406738281,20652100,0.0,0.0,AVGO
2026-05-20 00:00:00-04:00,412.80999755859375,424.1700134277344,411.4200134277344,417.760009765625,417.0998840332031,16312600,0.0,0.0,AVGO
2026-05-21 00:00:00-04:00,413.54998779296875,422.25,410.5,414.57000732421875,413.9149169921875,16865300,0.0,0.0,AVGO
2026-05-22 00:00:00-04:00,417.489990234375,419.989990234375,410.2099914550781,414.1400146484375,413.485595703125,14086400,0.0,0.0,AVGO
2026-05-26 00:00:00-04:00,418.5,435.30999755859375,417.0,422.010009765625,421.3431701660156,22562900,0.0,0.0,AVGO
2026-05-27 00:00:00-04:00,425.07000732421875,432.79998779296875,416.489990234375,421.8599853515625,421.193359375,17601000,0.0,0.0,AVGO
2026-05-28 00:00:00-04:00,421.1400146484375,429.67999267578125,414.010009765625,426.5799865722656,425.9059143066406,17855600,0.0,0.0,AVGO
2026-05-29 00:00:00-04:00,432.95001220703125,448.8999938964844,431.4700012207031,446.7699890136719,446.06402587890625,41798400,0.0,0.0,AVGO
2026-06-01 00:00:00-04:00,450.0899963378906,466.04998779296875,442.2200012207031,459.9700012207031,459.2431640625,30586000,0.0,0.0,AVGO
2026-06-02 00:00:00-04:00,488.7900085449219,488.82000732421875,470.4599914550781,481.57000732421875,480.8090515136719,38306700,0.0,0.0,AVGO
2026-06-03 00:00:00-04:00,494.7799987792969,495.0,472.6400146484375,479.2300109863281,478.4727478027344,50126400,0.0,0.0,AVGO
2026-06-04 00:00:00-04:00,408.989990234375,426.4800109863281,403.010009765625,418.9100036621094,418.248046875,80979400,0.0,0.0,AVGO
2026-06-05 00:00:00-04:00,407.6099853515625,410.5,385.5899963378906,385.7300109863281,385.1204833984375,51146100,0.0,0.0,AVGO
2026-06-08 00:00:00-04:00,402.6199951171875,402.8399963378906,391.3500061035156,396.6000061035156,395.9732971191406,37099000,0.0,0.0,AVGO
2026-06-09 00:00:00-04:00,401.6099853515625,407.8699951171875,370.3299865722656,392.1600036621094,391.5403137207031,37026900,0.0,0.0,AVGO
2026-06-10 00:00:00-04:00,381.5,385.80999755859375,371.1700134277344,372.1000061035156,371.51202392578125,38193500,0.0,0.0,AVGO
2026-06-11 00:00:00-04:00,372.82000732421875,389.5,370.54998779296875,385.57000732421875,384.9607238769531,35187600,0.0,0.0,AVGO
2026-06-12 00:00:00-04:00,383.7200012207031,384.9800109863281,377.0,382.07000732421875,381.4662780761719,27600900,0.0,0.0,AVGO
2026-06-15 00:00:00-04:00,395.510009765625,396.20001220703125,388.6000061035156,393.94000244140625,393.3175048828125,32394200,0.0,0.0,AVGO
2026-06-16 00:00:00-04:00,390.2099914550781,391.7900085449219,376.4599914550781,376.7099914550781,376.1147155761719,31573700,0.0,0.0,AVGO
2026-06-17 00:00:00-04:00,388.7099914550781,400.6499938964844,382.6499938964844,392.8999938964844,392.2791442871094,40005500,0.0,0.0,AVGO
2026-06-18 00:00:00-04:00,409.5799865722656,412.70001220703125,405.3800048828125,411.3500061035156,410.70001220703125,45076100,0.0,0.0,AVGO
2026-06-22 00:00:00-04:00,413.6600036621094,414.6400146484375,391.9100036621094,392.1300048828125,392.1300048828125,26403700,0.65,0.0,AVGO
2026-06-23 00:00:00-04:00,377.8699951171875,391.0199890136719,376.6600036621094,380.1499938964844,380.1499938964844,33122200,0.0,0.0,AVGO
2026-06-24 00:00:00-04:00,386.6199951171875,388.739990234375,376.9599914550781,382.07000732421875,382.07000732421875,29938700,0.0,0.0,AVGO
2026-06-25 00:00:00-04:00,386.5799865722656,388.79998779296875,372.70001220703125,378.9100036621094,378.9100036621094,23353700,0.0,0.0,AVGO
2026-06-26 00:00:00-04:00,370.45001220703125,373.69000244140625,363.8299865722656,365.0199890136719,365.0199890136719,34839300,0.0,0.0,AVGO
2026-06-29 00:00:00-04:00,373.6199951171875,376.2099914550781,360.4599914550781,372.45001220703125,372.45001220703125,24285200,0.0,0.0,AVGO
2026-06-30 00:00:00-04:00,374.7900085449219,379.6199951171875,370.6400146484375,377.75,377.75,28517400,0.0,0.0,AVGO
2026-07-01 00:00:00-04:00,371.8699951171875,373.75,368.0299987792969,369.3399963378906,369.3399963378906,23712600,0.0,0.0,AVGO
2026-07-02 00:00:00-04:00,365.7300109863281,374.0,356.42999267578125,360.45001220703125,360.45001220703125,26749500,0.0,0.0,AVGO
2026-07-06 00:00:00-04:00,373.6099853515625,383.1600036621094,371.17999267578125,373.8999938964844,373.8999938964844,24544000,0.0,0.0,AVGO
2026-07-07 00:00:00-04:00,366.55999755859375,372.9599914550781,362.010009765625,370.7799987792969,370.7799987792969,24116700,0.0,0.0,AVGO
2026-07-08 00:00:00-04:00,377.5199890136719,395.0899963378906,376.8900146484375,388.69000244140625,388.69000244140625,31624100,0.0,0.0,AVGO
2026-07-09 00:00:00-04:00,402.19000244140625,407.5199890136719,387.92999267578125,401.1099853515625,401.1099853515625,28074000,0.0,0.0,AVGO
2026-07-10 00:00:00-04:00,398.5,402.44000244140625,395.70001220703125,399.9700012207031,399.9700012207031,14595900,0.0,0.0,AVGO
2026-07-13 00:00:00-04:00,393.4800109863281,395.75,383.4200134277344,384.04998779296875,384.04998779296875,21294500,0.0,0.0,AVGO
2026-07-14 00:00:00-04:00,395.7200012207031,397.3299865722656,384.6400146484375,389.1099853515625,389.1099853515625,20118700,0.0,0.0,AVGO
2026-07-15 00:00:00-04:00,396.0899963378906,399.0,386.739990234375,394.2799987792969,394.2799987792969,16324100,0.0,0.0,AVGO
2026-07-16 00:00:00-04:00,384.5400085449219,386.739990234375,371.8999938964844,374.45001220703125,374.45001220703125,23407200,0.0,0.0,AVGO
2026-07-17 00:00:00-04:00,366.04998779296875,377.3500061035156,357.79998779296875,370.8299865722656,370.8299865722656,23272200,0.0,0.0,AVGO
2026-07-20 00:00:00-04:00,378.760009765625,383.5899963378906,375.9599914550781,378.1600036621094,378.1600036621094,14420500,0.0,0.0,AVGO
2026-07-21 00:00:00-04:00,390.2099914550781,390.5799865722656,379.2200012207031,386.5,386.5,17291100,0.0,0.0,AVGO
2026-07-22 00:00:00-04:00,380.20001220703125,398.5899963378906,380.0,396.80999755859375,396.80999755859375,16966200,0.0,0.0,AVGO
2026-07-23 00:00:00-04:00,392.19000244140625,397.6099853515625,386.82000732421875,392.4700012207031,392.4700012207031,16348700,0.0,0.0,AVGO
2026-07-24 00:00:00-04:00,387.67999267578125,389.2699890136719,378.75,381.9200134277344,381.9200134277344,15149400,0.0,0.0,AVGO
2026-07-27 00:00:00-04:00,389.82000732421875,389.8999938964844,373.5,383.2200012207031,383.2200012207031,18502100,0.0,0.0,AVGO
2026-07-28 00:00:00-04:00,374.3599853515625,385.79998779296875,371.5199890136719,380.9100036621094,380.9100036621094,20328400,0.0,0.0,AVGO
2026-07-29 00:00:00-04:00,380.6400146484375,386.1199951171875,369.510009765625,370.32000732421875,370.32000732421875,21374400,0.0,0.0,AVGO
2026-07-30 00:00:00-04:00,380.3500061035156,388.67999267578125,377.5400085449219,387.8399963378906,387.8399963378906,23639800,0.0,0.0,AVGO
2026-07-31 00:00:00-04:00,394.8299865722656,399.9200134277344,379.7099914550781,389.2799987792969,389.2799987792969,20391000,0.0,0.0,AVGO
2026-08-03 00:00:00-04:00,384.4100036621094,392.6099853515625,374.6099853515625,392.2300109863281,392.2300109863281,17315100,0.0,0.0,AVGO
2026-08-04 00:00:00-04:00,402.9700012207031,422.07000732421875,400.67999267578125,418.1600036621094,418.1600036621094,29564200,0.0,0.0,AVGO
2026-08-05 00:00:00-04:00,421.70001220703125,427.0,416.8900146484375,418.2799987792969,418.2799987792969,16880400,0.0,0.0,AVGO
2026-08-06 00:00:00-04:00,420.54998779296875,428.0299987792969,410.760009765625,420.57000732421875,420.57000732421875,13907500,0.0,0.0,AVGO
2026-08-07 00:00:00-04:00,428.3999938964844,430.8399963378906,421.6099853515625,427.760009765625,427.760009765625,14698300,0.0,0.0,AVGO
2026-08-10 00:00:00-04:00,426.989990234375,432.7300109863281,420.1600036621094,422.3999938964844,422.3999938964844,13854100,0.0,0.0,AVGO
2026-08-11 00:00:00-04:00,426.07000732421875,426.760009765625,413.2300109863281,416.0799865722656,416.0799865722656,12882700,0.0,0.0,AVGO
2026-08-12 00:00:00-04:00,426.260009765625,426.5,414.6099853515625,416.04998779296875,416.04998779296875,15859200,0.0,0.0,AVGO
2026-08-13 00:00:00-04:00,415.80999755859375,424.9200134277344,411.4100036621094,417.82000732421875,417.82000732421875,13180500,0.0,0.0,AVGO
2026-08-14 00:00:00-04:00,411.9599914550781,412.5,388.5,392.989990234375,392.989990234375,29513600,0.0,0.0,AVGO
2026-08-17 00:00:00-04:00,397.260009765625,399.3599853515625,391.30999755859375,392.42999267578125,392.42999267578125,20042600,0.0,0.0,AVGO
2026-08-18 00:00:00-04:00,384.32000732421875,385.7799987792969,377.010009765625,380.0,380.0,22878200,0.0,0.0,AVGO
2026-08-19 00:00:00-04:00,372.3999938964844,373.9100036621094,357.6099853515625,362.4800109863281,362.4800109863281,35091400,0.0,0.0,AVGO
2026-08-20 00:00:00-04:00,364.3900146484375,367.1199951171875,362.25,364.0299987792969,364.0299987792969,19729800,0.0,0.0,AVGO
2026-08-21 00:00:00-04:00,370.69000244140625,375.1300048828125,365.04998779296875,368.45001220703125,368.45001220703125,19037100,0.0,0.0,AVGO
2026-08-24 00:00:00-04:00,364.9700012207031,366.1700134277344,358.7099914550781,358.760009765625,358.760009765625,18717200,0.0,0.0,AVGO
2026-08-25 00:00:00-04:00,361.1000061035156,362.989990234375,355.30999755859375,356.739990234375,356.739990234375,18014900,0.0,0.0,AVGO
2026-08-26 00:00:00-04:00,357.1199951171875,359.4700012207031,350.05999755859375,355.5899963378906,355.5899963378906,19196300,0.0,0.0,AVGO
2026-08-27 00:00:00-04:00,361.7900085449219,371.7200012207031,360.6099853515625,371.5400085449219,371.5400085449219,21330000,0.0,0.0,AVGO
2026-08-28 00:00:00-04:00,373.6000061035156,376.5899963378906,365.3500061035156,368.7900085449219,368.7900085449219,16596100,0.0,0.0,AVGO
2026-08-31 00:00:00-04:00,369.5199890136719,372.75,366.29998779296875,370.3399963378906,370.3399963378906,21948000,0.0,0.0,AVGO
2026-09-01 00:00:00-04:00,364.25,371.3999938964844,362.0,369.67999267578125,369.67999267578125,19288900,0.0,0.0,AVGO
2026-09-02 00:00:00-04:00,369.67999267578125,371.0899963378906,364.6499938964844,367.239990234375,367.239990234375,38874600,0.0,0.0,AVGO
2026-09-03 00:00:00-04:00,351.739990234375,359.3999938964844,342.3299865722656,357.1600036621094,357.1600036621094,60242600,0.0,0.0,AVGO
2026-09-04 00:00:00-04:00,359.70001220703125,360.1600036621094,353.70001220703125,357.8999938964844,357.8999938964844,32773600,0.0,0.0,AVGO
