date,Open,High,Low,Close,Adj Close,Volume,Dividends,Stock Splits,symbole
2019-03-20 00:00:00-04:00,52.75,53.5,49.5,49.79999923706055,33.0107307434082,2350800,0.0,0.0,DOW
2019-03-21 00:00:00-04:00,49.9900016784668,50.0,48.20000076293945,48.97999954223633,32.467185974121094,1764700,0.0,0.0,DOW
2019-03-22 00:00:00-04:00,48.79999923706055,49.95000076293945,48.15999984741211,48.599998474121094,32.21528625488281,844700,0.0,0.0,DOW
2019-03-25 00:00:00-04:00,48.599998474121094,49.400001525878906,48.0,49.150001525878906,32.57986831665039,440900,0.0,0.0,DOW
2019-03-26 00:00:00-04:00,49.0,49.75,48.18000030517578,48.849998474121094,32.381011962890625,504700,0.0,0.0,DOW
2019-03-27 00:00:00-04:00,49.0,50.779998779296875,49.0,50.099998474121094,33.209590911865234,1788600,0.0,0.0,DOW
2019-03-28 00:00:00-04:00,50.900001525878906,51.0,49.915000915527344,50.849998474121094,33.70674514770508,585400,0.0,0.0,DOW
2019-03-29 00:00:00-04:00,49.52000045776367,52.47999954223633,49.18000030517578,51.630001068115234,34.22378921508789,1769000,0.0,0.0,DOW
2019-04-01 00:00:00-04:00,52.29999923706055,54.38999938964844,51.25,53.5,35.46333694458008,19663400,0.0,0.0,DOW
2019-04-02 00:00:00-04:00,55.119998931884766,57.38999938964844,54.29999923706055,56.25,37.286216735839844,17414200,0.0,0.0,DOW
2019-04-03 00:00:00-04:00,57.08000183105469,57.20000076293945,55.5099983215332,56.880001068115234,37.70383834838867,15066200,0.0,0.0,DOW
2019-04-04 00:00:00-04:00,57.20000076293945,60.52000045776367,57.099998474121094,59.709999084472656,39.579734802246094,13309200,0.0,0.0,DOW
2019-04-05 00:00:00-04:00,58.38999938964844,58.97999954223633,56.27000045776367,57.2400016784668,37.94246292114258,17000800,0.0,0.0,DOW
2019-04-08 00:00:00-04:00,56.5,58.38999938964844,56.27000045776367,57.150001525878906,37.8828010559082,10764600,0.0,0.0,DOW
2019-04-09 00:00:00-04:00,56.79999923706055,57.20000076293945,56.08000183105469,56.27000045776367,37.29947280883789,9179900,0.0,0.0,DOW
2019-04-10 00:00:00-04:00,55.9900016784668,56.40999984741211,55.099998474121094,55.709999084472656,36.92827606201172,9081900,0.0,0.0,DOW
2019-04-11 00:00:00-04:00,55.70000076293945,56.209999084472656,54.83000183105469,54.88999938964844,36.38472366333008,7346100,0.0,0.0,DOW
2019-04-12 00:00:00-04:00,55.93000030517578,58.33000183105469,55.93000030517578,58.29999923706055,38.64509201049805,9281700,0.0,0.0,DOW
2019-04-15 00:00:00-04:00,58.56999969482422,58.849998474121094,57.290000915527344,57.779998779296875,38.30039978027344,5727300,0.0,0.0,DOW
2019-04-16 00:00:00-04:00,58.709999084472656,58.9900016784668,57.84000015258789,58.5,38.77766799926758,6681600,0.0,0.0,DOW
2019-04-17 00:00:00-04:00,58.95000076293945,59.04999923706055,58.20000076293945,58.31999969482422,38.65835189819336,6420700,0.0,0.0,DOW
2019-04-18 00:00:00-04:00,58.36000061035156,58.61000061035156,57.54999923706055,57.77000045776367,38.29376983642578,5178800,0.0,0.0,DOW
2019-04-22 00:00:00-04:00,57.47999954223633,58.40999984741211,57.2599983215332,57.88999938964844,38.373321533203125,4401700,0.0,0.0,DOW
2019-04-23 00:00:00-04:00,57.290000915527344,57.84000015258789,57.0,57.63999938964844,38.207603454589844,5687200,0.0,0.0,DOW
2019-04-24 00:00:00-04:00,57.4900016784668,57.88999938964844,55.8650016784668,55.97999954223633,37.10725021362305,5431300,0.0,0.0,DOW
2019-04-25 00:00:00-04:00,55.7599983215332,55.97999954223633,54.81999969482422,55.33000183105469,36.67637634277344,6260500,0.0,0.0,DOW
2019-04-26 00:00:00-04:00,55.29999923706055,55.599998474121094,54.95000076293945,55.25,36.62335205078125,4009800,0.0,0.0,DOW
2019-04-29 00:00:00-04:00,55.04999923706055,55.685001373291016,54.79999923706055,55.5,36.789066314697266,5935200,0.0,0.0,DOW
2019-04-30 00:00:00-04:00,55.7599983215332,57.20500183105469,55.599998474121094,56.72999954223633,37.604393005371094,6454100,0.0,0.0,DOW
2019-05-01 00:00:00-04:00,56.81999969482422,57.47999954223633,55.880001068115234,56.130001068115234,37.20668029785156,7644400,0.0,0.0,DOW
2019-05-02 00:00:00-04:00,55.540000915527344,56.4900016784668,52.029998779296875,52.70000076293945,34.933048248291016,13932700,0.0,0.0,DOW
2019-05-03 00:00:00-04:00,53.20000076293945,53.349998474121094,51.720001220703125,53.29999923706055,35.33076477050781,7401700,0.0,0.0,DOW
2019-05-06 00:00:00-04:00,52.150001525878906,54.029998779296875,51.70000076293945,53.459999084472656,35.43682098388672,6089500,0.0,0.0,DOW
2019-05-07 00:00:00-04:00,52.86000061035156,53.32500076293945,52.650001525878906,52.95000076293945,35.09876251220703,7330800,0.0,0.0,DOW
2019-05-08 00:00:00-04:00,53.33000183105469,53.39500045776367,52.310001373291016,52.47999954223633,34.78721618652344,5390700,0.0,0.0,DOW
2019-05-09 00:00:00-04:00,52.2599983215332,53.13999938964844,51.54999923706055,52.93000030517578,35.085506439208984,4579700,0.0,0.0,DOW
2019-05-10 00:00:00-04:00,52.939998626708984,53.7140007019043,52.4900016784668,53.06999969482422,35.178306579589844,4758100,0.0,0.0,DOW
2019-05-13 00:00:00-04:00,52.279998779296875,52.54999923706055,50.7599983215332,50.95000076293945,33.773040771484375,4213100,0.0,0.0,DOW
2019-05-14 00:00:00-04:00,51.33000183105469,53.0,50.84000015258789,52.47999954223633,34.78721618652344,4204500,0.0,0.0,DOW
2019-05-15 00:00:00-04:00,51.97999954223633,53.32500076293945,51.66999816894531,52.95000076293945,35.09876251220703,2928700,0.0,0.0,DOW
2019-05-16 00:00:00-04:00,53.290000915527344,53.54999923706055,52.72999954223633,52.97999954223633,35.118656158447266,3689700,0.0,0.0,DOW
2019-05-17 00:00:00-04:00,52.34000015258789,52.52000045776367,50.65999984741211,50.79999923706055,33.67360305786133,4440800,0.0,0.0,DOW
2019-05-20 00:00:00-04:00,50.400001525878906,50.540000915527344,49.91999816894531,50.08000183105469,33.19633865356445,5168400,0.0,0.0,DOW
2019-05-21 00:00:00-04:00,50.279998779296875,51.189998626708984,50.02000045776367,50.630001068115234,33.560909271240234,4968400,0.0,0.0,DOW
2019-05-22 00:00:00-04:00,50.459999084472656,50.61000061035156,49.96500015258789,50.209999084472656,33.28251647949219,3019100,0.0,0.0,DOW
2019-05-23 00:00:00-04:00,49.5,49.86000061035156,48.209999084472656,48.709999084472656,32.288211822509766,4919200,0.0,0.0,DOW
2019-05-24 00:00:00-04:00,49.38999938964844,49.57500076293945,48.439998626708984,49.20000076293945,32.61302185058594,2918900,0.0,0.0,DOW
2019-05-28 00:00:00-04:00,49.369998931884766,49.43000030517578,48.099998474121094,48.560001373291016,32.188785552978516,6613000,0.0,0.0,DOW
2019-05-29 00:00:00-04:00,48.20000076293945,49.43000030517578,48.0099983215332,48.709999084472656,32.288211822509766,3525900,0.0,0.0,DOW
2019-05-30 00:00:00-04:00,48.119998931884766,48.59000015258789,48.02000045776367,48.470001220703125,32.597564697265625,3777600,0.7,0.0,DOW
2019-05-31 00:00:00-04:00,47.959999084472656,48.0,46.75,46.7599983215332,31.447551727294922,3396900,0.0,0.0,DOW
2019-06-03 00:00:00-04:00,46.849998474121094,47.959999084472656,46.849998474121094,47.959999084472656,32.254581451416016,5905200,0.0,0.0,DOW
2019-06-04 00:00:00-04:00,48.68000030517578,49.93000030517578,48.63999938964844,49.93000030517578,33.5794677734375,7043000,0.0,0.0,DOW
2019-06-05 00:00:00-04:00,50.4900016784668,50.56999969482422,49.04999923706055,50.34000015258789,33.85520935058594,6413300,0.0,0.0,DOW
2019-06-06 00:00:00-04:00,50.279998779296875,51.310001373291016,50.150001525878906,51.060001373291016,34.33943557739258,6228100,0.0,0.0,DOW
2019-06-07 00:00:00-04:00,51.130001068115234,51.689998626708984,50.869998931884766,51.29999923706055,34.50083923339844,5391100,0.0,0.0,DOW
2019-06-10 00:00:00-04:00,51.720001220703125,52.099998474121094,51.58000183105469,51.619998931884766,34.71604537963867,5434400,0.0,0.0,DOW
2019-06-11 00:00:00-04:00,52.0,52.16999816894531,51.560001373291016,52.040000915527344,34.998512268066406,5144300,0.0,0.0,DOW
2019-06-12 00:00:00-04:00,52.060001373291016,52.63999938964844,51.68000030517578,52.4900016784668,35.3011474609375,3103900,0.0,0.0,DOW
2019-06-13 00:00:00-04:00,52.68000030517578,52.95000076293945,52.040000915527344,52.880001068115234,35.56343078613281,4179800,0.0,0.0,DOW
2019-06-14 00:00:00-04:00,52.630001068115234,52.689998626708984,51.0,51.150001525878906,34.39996337890625,3919300,0.0,0.0,DOW
2019-06-17 00:00:00-04:00,50.060001373291016,50.33000183105469,49.04999923706055,49.349998474121094,33.18940353393555,5787300,0.0,0.0,DOW
2019-06-18 00:00:00-04:00,49.75,50.56999969482422,49.400001525878906,49.61000061035156,33.364261627197266,5014200,0.0,0.0,DOW
2019-06-19 00:00:00-04:00,49.95000076293945,50.2400016784668,48.33000183105469,48.5,32.61774826049805,5404000,0.0,0.0,DOW
2019-06-20 00:00:00-04:00,49.095001220703125,49.59000015258789,48.619998931884766,48.93000030517578,32.90693664550781,4228300,0.0,0.0,DOW
2019-06-21 00:00:00-04:00,48.81999969482422,49.27000045776367,48.310001373291016,48.36000061035156,32.523582458496094,9478500,0.0,0.0,DOW
2019-06-24 00:00:00-04:00,48.5099983215332,49.70000076293945,48.31999969482422,49.58000183105469,33.34408950805664,4602300,0.0,0.0,DOW
2019-06-25 00:00:00-04:00,49.4900016784668,50.222999572753906,49.04999923706055,49.689998626708984,33.418060302734375,4005200,0.0,0.0,DOW
2019-06-26 00:00:00-04:00,49.849998474121094,51.220001220703125,49.810001373291016,50.45000076293945,33.92919158935547,5244400,0.0,0.0,DOW
2019-06-27 00:00:00-04:00,50.61000061035156,51.13999938964844,50.53099822998047,50.90999984741211,34.23855209350586,4097200,0.0,0.0,DOW
2019-06-28 00:00:00-04:00,51.040000915527344,51.20000076293945,49.08000183105469,49.310001373291016,33.16249465942383,6507400,0.0,0.0,DOW
2019-07-01 00:00:00-04:00,50.0,50.20000076293945,49.52000045776367,50.15999984741211,33.73414993286133,4641700,0.0,0.0,DOW
2019-07-02 00:00:00-04:00,50.0,50.060001373291016,48.7599983215332,49.400001525878906,33.2230224609375,4725800,0.0,0.0,DOW
2019-07-03 00:00:00-04:00,49.459999084472656,49.650001525878906,49.20000076293945,49.33000183105469,33.17594528198242,2479400,0.0,0.0,DOW
2019-07-05 00:00:00-04:00,49.0099983215332,49.369998931884766,48.959999084472656,49.310001373291016,33.16249465942383,2529800,0.0,0.0,DOW
2019-07-08 00:00:00-04:00,49.34000015258789,49.5,48.3849983215332,48.52000045776367,32.63119888305664,5936000,0.0,0.0,DOW
2019-07-09 00:00:00-04:00,48.29999923706055,48.43000030517578,47.5,47.869998931884766,32.194061279296875,4967400,0.0,0.0,DOW
2019-07-10 00:00:00-04:00,48.34000015258789,48.41999816894531,47.52000045776367,47.54999923706055,31.978839874267578,3507400,0.0,0.0,DOW
2019-07-11 00:00:00-04:00,47.72999954223633,48.060001373291016,47.18000030517578,47.779998779296875,32.133522033691406,4202000,0.0,0.0,DOW
2019-07-12 00:00:00-04:00,48.459999084472656,50.040000915527344,48.08000183105469,49.709999084472656,33.4315071105957,4328400,0.0,0.0,DOW
2019-07-15 00:00:00-04:00,49.77000045776367,50.95000076293945,49.65999984741211,50.93000030517578,34.25199890136719,4923800,0.0,0.0,DOW
2019-07-16 00:00:00-04:00,50.95000076293945,52.64500045776367,50.95000076293945,52.31999969482422,35.18681716918945,6011200,0.0,0.0,DOW
2019-07-17 00:00:00-04:00,52.15999984741211,52.29999923706055,51.22999954223633,51.599998474121094,34.702598571777344,4417500,0.0,0.0,DOW
2019-07-18 00:00:00-04:00,51.54999923706055,52.04999923706055,51.279998779296875,51.75,34.80347442626953,3620300,0.0,0.0,DOW
2019-07-19 00:00:00-04:00,51.77000045776367,51.83000183105469,51.5,51.52000045776367,34.648799896240234,3221500,0.0,0.0,DOW
2019-07-22 00:00:00-04:00,51.50400161743164,51.56999969482422,50.599998474121094,50.880001068115234,34.218379974365234,2814900,0.0,0.0,DOW
2019-07-23 00:00:00-04:00,51.0,52.900001525878906,50.95000076293945,52.619998931884766,35.388580322265625,4387700,0.0,0.0,DOW
2019-07-24 00:00:00-04:00,52.5,52.9900016784668,52.040000915527344,52.790000915527344,35.50290298461914,3516400,0.0,0.0,DOW
2019-07-25 00:00:00-04:00,51.63999938964844,51.9900016784668,50.29999923706055,50.77000045776367,34.14439392089844,4254600,0.0,0.0,DOW
2019-07-26 00:00:00-04:00,50.27000045776367,50.29999923706055,48.91999816894531,49.11000061035156,33.027992248535156,5066000,0.0,0.0,DOW
2019-07-29 00:00:00-04:00,48.52000045776367,48.880001068115234,47.97999954223633,48.04999923706055,32.31510925292969,4219800,0.0,0.0,DOW
2019-07-30 00:00:00-04:00,47.779998779296875,48.439998626708984,47.779998779296875,48.400001525878906,32.55049514770508,4194300,0.0,0.0,DOW
2019-07-31 00:00:00-04:00,48.4900016784668,49.43000030517578,47.95000076293945,48.439998626708984,32.577392578125,5188500,0.0,0.0,DOW
2019-08-01 00:00:00-04:00,48.150001525878906,48.599998474121094,46.779998779296875,46.849998474121094,31.50807762145996,5803200,0.0,0.0,DOW
2019-08-02 00:00:00-04:00,46.689998626708984,47.5,45.369998931884766,45.599998474121094,30.667417526245117,5346400,0.0,0.0,DOW
2019-08-05 00:00:00-04:00,45.060001373291016,45.130001068115234,44.06999969482422,44.77000045776367,30.109210968017578,5147300,0.0,0.0,DOW
2019-08-06 00:00:00-04:00,45.11000061035156,45.45000076293945,43.73500061035156,44.43000030517578,29.88054847717285,4702800,0.0,0.0,DOW
2019-08-07 00:00:00-04:00,44.099998474121094,45.0,43.90999984741211,44.88999938964844,30.18990707397461,4490100,0.0,0.0,DOW
2019-08-08 00:00:00-04:00,45.196998596191406,46.81999969482422,45.189998626708984,46.790000915527344,31.467723846435547,4573400,0.0,0.0,DOW
2019-08-09 00:00:00-04:00,46.41999816894531,46.9900016784668,46.099998474121094,46.63999938964844,31.366840362548828,4468000,0.0,0.0,DOW
2019-08-12 00:00:00-04:00,46.38999938964844,46.79999923706055,45.52000045776367,45.689998626708984,30.727935791015625,4491600,0.0,0.0,DOW
2019-08-13 00:00:00-04:00,45.779998779296875,47.7599983215332,45.58000183105469,46.849998474121094,31.50807762145996,5407300,0.0,0.0,DOW
2019-08-14 00:00:00-04:00,45.79999923706055,46.150001525878906,44.0,44.08000183105469,29.645153045654297,6178300,0.0,0.0,DOW
2019-08-15 00:00:00-04:00,44.34000015258789,44.369998931884766,42.959999084472656,43.380001068115234,29.174386978149414,3494600,0.0,0.0,DOW
2019-08-16 00:00:00-04:00,43.290000915527344,44.810001373291016,42.77000045776367,44.5099983215332,29.934350967407227,4586000,0.0,0.0,DOW
2019-08-19 00:00:00-04:00,45.36000061035156,45.862998962402344,45.150001525878906,45.599998474121094,30.667417526245117,3615500,0.0,0.0,DOW
2019-08-20 00:00:00-04:00,45.25,45.25,43.06999969482422,43.15999984741211,29.026439666748047,5972800,0.0,0.0,DOW
2019-08-21 00:00:00-04:00,43.849998474121094,44.2400016784668,43.2400016784668,43.279998779296875,29.107139587402344,4397800,0.0,0.0,DOW
2019-08-22 00:00:00-04:00,43.31999969482422,43.900001525878906,42.02000045776367,42.04999923706055,28.279918670654297,6072100,0.0,0.0,DOW
2019-08-23 00:00:00-04:00,42.0,42.02000045776367,40.439998626708984,40.709999084472656,27.37873077392578,6696800,0.0,0.0,DOW
2019-08-26 00:00:00-04:00,41.27000045776367,41.349998474121094,40.61000061035156,40.81999969482422,27.452713012695312,3402400,0.0,0.0,DOW
2019-08-27 00:00:00-04:00,41.189998626708984,41.72999954223633,40.91899871826172,41.16999816894531,27.688098907470703,4152200,0.0,0.0,DOW
2019-08-28 00:00:00-04:00,41.150001525878906,42.63999938964844,40.7599983215332,42.52000045776367,28.59601402282715,4539300,0.0,0.0,DOW
2019-08-29 00:00:00-04:00,42.33000183105469,43.0,42.209999084472656,42.369998931884766,28.97209930419922,3292500,0.7,0.0,DOW
2019-08-30 00:00:00-04:00,42.83000183105469,43.0,42.27000045776367,42.630001068115234,29.149879455566406,4099200,0.0,0.0,DOW
2019-09-03 00:00:00-04:00,42.13999938964844,42.22999954223633,41.150001525878906,41.79999923706055,28.582340240478516,3343300,0.0,0.0,DOW
2019-09-04 00:00:00-04:00,42.59000015258789,42.790000915527344,41.849998474121094,42.540000915527344,29.088342666625977,2651400,0.0,0.0,DOW
2019-09-05 00:00:00-04:00,43.150001525878906,43.970001220703125,43.09000015258789,43.36000061035156,29.6490535736084,4041400,0.0,0.0,DOW
2019-09-06 00:00:00-04:00,43.540000915527344,43.65999984741211,42.65999984741211,43.2400016784668,29.566991806030273,3217900,0.0,0.0,DOW
2019-09-09 00:00:00-04:00,43.529998779296875,44.62699890136719,43.2599983215332,44.45000076293945,30.394380569458008,3848000,0.0,0.0,DOW
2019-09-10 00:00:00-04:00,45.099998474121094,46.369998931884766,44.779998779296875,46.31999969482422,31.67305564880371,4704000,0.0,0.0,DOW
2019-09-11 00:00:00-04:00,46.52000045776367,47.04999923706055,45.58000183105469,46.880001068115234,32.05598449707031,4445000,0.0,0.0,DOW
2019-09-12 00:00:00-04:00,47.06999969482422,47.189998626708984,45.56999969482422,46.970001220703125,32.11751937866211,3649700,0.0,0.0,DOW
2019-09-13 00:00:00-04:00,47.63999938964844,48.439998626708984,47.25,48.20000076293945,32.95857620239258,4027600,0.0,0.0,DOW
2019-09-16 00:00:00-04:00,48.689998626708984,49.97999954223633,48.279998779296875,49.0099983215332,33.512451171875,5040600,0.0,0.0,DOW
2019-09-17 00:00:00-04:00,48.66999816894531,49.09000015258789,47.61000061035156,48.0,32.82181930541992,3741900,0.0,0.0,DOW
2019-09-18 00:00:00-04:00,47.900001525878906,47.900001525878906,47.02000045776367,47.5099983215332,32.48677062988281,2588200,0.0,0.0,DOW
2019-09-19 00:00:00-04:00,48.119998931884766,48.40999984741211,47.4900016784668,47.63999938964844,32.575660705566406,2418300,0.0,0.0,DOW
2019-09-20 00:00:00-04:00,47.470001220703125,48.849998474121094,47.06999969482422,48.209999084472656,32.96541976928711,10570400,0.0,0.0,DOW
2019-09-23 00:00:00-04:00,47.38999938964844,48.21500015258789,47.119998931884766,47.90999984741211,32.760276794433594,3599400,0.0,0.0,DOW
2019-09-24 00:00:00-04:00,47.779998779296875,48.0,45.95000076293945,46.599998474121094,31.864526748657227,4515300,0.0,0.0,DOW
2019-09-25 00:00:00-04:00,46.54999923706055,47.970001220703125,46.130001068115234,47.68000030517578,32.603004455566406,4396200,0.0,0.0,DOW
2019-09-26 00:00:00-04:00,47.5099983215332,47.689998626708984,46.933998107910156,47.22999954223633,32.29530715942383,2994200,0.0,0.0,DOW
2019-09-27 00:00:00-04:00,47.400001525878906,47.880001068115234,47.0099983215332,47.06999969482422,32.1859016418457,3722300,0.0,0.0,DOW
2019-09-30 00:00:00-04:00,47.2599983215332,47.790000915527344,47.11000061035156,47.650001525878906,32.58250427246094,2512200,0.0,0.0,DOW
2019-10-01 00:00:00-04:00,47.939998626708984,48.56999969482422,45.900001525878906,45.970001220703125,31.433738708496094,3838400,0.0,0.0,DOW
2019-10-02 00:00:00-04:00,44.66999816894531,45.16999816894531,44.36000061035156,44.93000030517578,30.72260284423828,4759500,0.0,0.0,DOW
2019-10-03 00:00:00-04:00,44.849998474121094,45.38999938964844,44.369998931884766,45.310001373291016,30.982440948486328,3422400,0.0,0.0,DOW
2019-10-04 00:00:00-04:00,45.18000030517578,45.779998779296875,45.0099983215332,45.34000015258789,31.002952575683594,3512300,0.0,0.0,DOW
2019-10-07 00:00:00-04:00,45.08000183105469,45.77000045776367,44.76499938964844,45.16999816894531,30.886699676513672,2977900,0.0,0.0,DOW
2019-10-08 00:00:00-04:00,44.75,45.04999923706055,43.83000183105469,43.849998474121094,29.984106063842773,2985900,0.0,0.0,DOW
2019-10-09 00:00:00-04:00,44.38999938964844,44.540000915527344,44.0,44.0099983215332,30.09351348876953,2844600,0.0,0.0,DOW
2019-10-10 00:00:00-04:00,44.33000183105469,45.290000915527344,44.02000045776367,44.91999816894531,30.715757369995117,4325000,0.0,0.0,DOW
2019-10-11 00:00:00-04:00,45.75,47.720001220703125,45.50299835205078,47.130001068115234,32.2269287109375,3675700,0.0,0.0,DOW
2019-10-14 00:00:00-04:00,46.720001220703125,47.27000045776367,46.2400016784668,46.81999969482422,32.014957427978516,3196500,0.0,0.0,DOW
2019-10-15 00:00:00-04:00,46.81999969482422,48.099998474121094,46.529998779296875,47.20000076293945,32.274803161621094,3216800,0.0,0.0,DOW
2019-10-16 00:00:00-04:00,47.4900016784668,47.91999816894531,47.0099983215332,47.119998931884766,32.2200927734375,3626900,0.0,0.0,DOW
2019-10-17 00:00:00-04:00,47.439998626708984,48.540000915527344,47.13999938964844,47.810001373291016,32.69191360473633,2724400,0.0,0.0,DOW
2019-10-18 00:00:00-04:00,47.90999984741211,48.191001892089844,47.36000061035156,47.959999084472656,32.79446792602539,2757600,0.0,0.0,DOW
2019-10-21 00:00:00-04:00,48.59000015258789,48.970001220703125,47.09000015258789,47.119998931884766,32.2200927734375,3967000,0.0,0.0,DOW
2019-10-22 00:00:00-04:00,47.08000183105469,47.38399887084961,46.02000045776367,46.81999969482422,32.014957427978516,4645400,0.0,0.0,DOW
2019-10-23 00:00:00-04:00,46.779998779296875,47.5099983215332,46.54999923706055,47.22999954223633,32.29530715942383,4152000,0.0,0.0,DOW
2019-10-24 00:00:00-04:00,48.650001525878906,49.9900016784668,47.84000015258789,49.470001220703125,33.82699966430664,6098900,0.0,0.0,DOW
2019-10-25 00:00:00-04:00,49.779998779296875,50.7599983215332,48.900001525878906,50.47999954223633,34.51762008666992,5361100,0.0,0.0,DOW
2019-10-28 00:00:00-04:00,50.75,51.439998626708984,50.43000030517578,51.209999084472656,35.01677703857422,4504100,0.0,0.0,DOW
2019-10-29 00:00:00-04:00,50.959999084472656,51.630001068115234,50.369998931884766,51.4900016784668,35.2082405090332,3462100,0.0,0.0,DOW
2019-10-30 00:00:00-04:00,51.20000076293945,51.470001220703125,50.33000183105469,51.029998779296875,34.89370346069336,3602100,0.0,0.0,DOW
2019-10-31 00:00:00-04:00,50.880001068115234,51.029998779296875,49.709999084472656,50.4900016784668,34.52445983886719,3744000,0.0,0.0,DOW
2019-11-01 00:00:00-04:00,50.97999954223633,52.4900016784668,50.900001525878906,52.310001373291016,35.768943786621094,3207100,0.0,0.0,DOW
2019-11-04 00:00:00-05:00,52.650001525878906,54.40999984741211,52.459999084472656,54.16999816894531,37.04079818725586,5430200,0.0,0.0,DOW
2019-11-05 00:00:00-05:00,54.0099983215332,55.0,53.650001525878906,54.20000076293945,37.06131362915039,6044500,0.0,0.0,DOW
2019-11-06 00:00:00-05:00,54.15999984741211,54.7400016784668,53.810001373291016,54.279998779296875,37.11600875854492,3847000,0.0,0.0,DOW
2019-11-07 00:00:00-05:00,54.939998626708984,55.939998626708984,54.41999816894531,55.79999923706055,38.15536880493164,5974300,0.0,0.0,DOW
2019-11-08 00:00:00-05:00,55.5,55.9900016784668,55.02000045776367,55.9900016784668,38.2852897644043,4812000,0.0,0.0,DOW
2019-11-11 00:00:00-05:00,55.54999923706055,56.25,55.220001220703125,55.810001373291016,38.16221618652344,3184900,0.0,0.0,DOW
2019-11-12 00:00:00-05:00,56.0,56.11000061035156,54.529998779296875,55.15999984741211,37.71774673461914,2742700,0.0,0.0,DOW
2019-11-13 00:00:00-05:00,54.189998626708984,54.47999954223633,53.459999084472656,53.65999984741211,36.69206619262695,3426000,0.0,0.0,DOW
2019-11-14 00:00:00-05:00,53.29999923706055,54.13999938964844,53.150001525878906,53.95000076293945,36.89036560058594,2595500,0.0,0.0,DOW
2019-11-15 00:00:00-05:00,54.27000045776367,55.290000915527344,54.13999938964844,54.86000061035156,37.512611389160156,3865000,0.0,0.0,DOW
2019-11-18 00:00:00-05:00,54.75,54.90999984741211,54.119998931884766,54.31999969482422,37.143367767333984,3439900,0.0,0.0,DOW
2019-11-19 00:00:00-05:00,54.810001373291016,54.810001373291016,52.790000915527344,53.38999938964844,36.5074462890625,5208300,0.0,0.0,DOW
2019-11-20 00:00:00-05:00,53.13999938964844,53.45000076293945,52.099998474121094,52.66999816894531,36.01512145996094,5394100,0.0,0.0,DOW
2019-11-21 00:00:00-05:00,52.709999084472656,53.91999816894531,52.349998474121094,53.880001068115234,36.84250259399414,4618400,0.0,0.0,DOW
2019-11-22 00:00:00-05:00,53.97999954223633,54.65999984741211,53.599998474121094,54.20000076293945,37.06131362915039,3115600,0.0,0.0,DOW
2019-11-25 00:00:00-05:00,54.81999969482422,55.22999954223633,54.36000061035156,55.20000076293945,37.74510955810547,5073700,0.0,0.0,DOW
2019-11-26 00:00:00-05:00,55.25,55.75,54.81999969482422,55.369998931884766,37.86134338378906,4643800,0.0,0.0,DOW
2019-11-27 00:00:00-05:00,54.68000030517578,54.900001525878906,53.900001525878906,54.279998779296875,37.59124755859375,3926000,0.7,0.0,DOW
2019-11-29 00:00:00-05:00,54.0099983215332,54.279998779296875,53.119998931884766,53.369998931884766,36.96103286743164,1887600,0.0,0.0,DOW
2019-12-02 00:00:00-05:00,53.0,53.75,52.88999938964844,53.15999984741211,36.81559753417969,3349500,0.0,0.0,DOW
2019-12-03 00:00:00-05:00,51.959999084472656,52.0099983215332,51.04999923706055,51.81999969482422,35.887596130371094,3950100,0.0,0.0,DOW
2019-12-04 00:00:00-05:00,53.4900016784668,53.4900016784668,52.209999084472656,52.279998779296875,36.2061653137207,3791400,0.0,0.0,DOW
2019-12-05 00:00:00-05:00,52.529998779296875,52.650001525878906,51.68000030517578,52.0,36.01225662231445,2692600,0.0,0.0,DOW
2019-12-06 00:00:00-05:00,52.59000015258789,53.75,52.59000015258789,53.220001220703125,36.8571662902832,2818800,0.0,0.0,DOW
2019-12-09 00:00:00-05:00,53.959999084472656,53.97999954223633,52.9900016784668,53.27000045776367,36.891780853271484,2377200,0.0,0.0,DOW
2019-12-10 00:00:00-05:00,53.36000061035156,53.38999938964844,52.689998626708984,53.130001068115234,36.79482650756836,2609700,0.0,0.0,DOW
2019-12-11 00:00:00-05:00,53.5,54.06999969482422,53.04999923706055,53.099998474121094,36.77405548095703,3253300,0.0,0.0,DOW
2019-12-12 00:00:00-05:00,53.25,54.58000183105469,52.81999969482422,54.45000076293945,37.70899200439453,2882300,0.0,0.0,DOW
2019-12-13 00:00:00-05:00,54.63999938964844,54.81999969482422,53.25,53.279998779296875,36.89870071411133,3198600,0.0,0.0,DOW
2019-12-16 00:00:00-05:00,53.61000061035156,54.540000915527344,53.5099983215332,54.16999816894531,37.515071868896484,4040000,0.0,0.0,DOW
2019-12-17 00:00:00-05:00,54.099998474121094,54.7400016784668,53.93000030517578,54.65999984741211,37.85441207885742,2665300,0.0,0.0,DOW
2019-12-18 00:00:00-05:00,54.36000061035156,54.689998626708984,53.540000915527344,54.25,37.570472717285156,3659100,0.0,0.0,DOW
2019-12-19 00:00:00-05:00,54.43000030517578,54.869998931884766,54.060001373291016,54.52000045776367,37.75746536254883,3356000,0.0,0.0,DOW
2019-12-20 00:00:00-05:00,55.04999923706055,55.25,54.02000045776367,54.61000061035156,37.81977844238281,10476700,0.0,0.0,DOW
2019-12-23 00:00:00-05:00,54.4900016784668,55.04999923706055,54.220001220703125,54.93000030517578,38.041404724121094,2678600,0.0,0.0,DOW
2019-12-24 00:00:00-05:00,55.0,55.25,54.650001525878906,54.900001525878906,38.020633697509766,926200,0.0,0.0,DOW
2019-12-26 00:00:00-05:00,54.97999954223633,55.22999954223633,54.52000045776367,55.220001220703125,38.24224090576172,1909600,0.0,0.0,DOW
2019-12-27 00:00:00-05:00,55.290000915527344,55.54999923706055,54.720001220703125,54.83000183105469,37.97214889526367,1688500,0.0,0.0,DOW
2019-12-30 00:00:00-05:00,54.86000061035156,55.04999923706055,54.2400016784668,54.34000015258789,37.6328010559082,1943300,0.0,0.0,DOW
2019-12-31 00:00:00-05:00,54.02000045776367,54.779998779296875,53.93000030517578,54.72999954223633,37.902889251708984,2145700,0.0,0.0,DOW
2020-01-02 00:00:00-05:00,55.22999954223633,55.540000915527344,53.63999938964844,53.75,37.22419357299805,5145200,0.0,0.0,DOW
2020-01-03 00:00:00-05:00,53.11000061035156,53.599998474121094,52.40999984741211,52.41999816894531,36.303123474121094,5004300,0.0,0.0,DOW
2020-01-06 00:00:00-05:00,52.31999969482422,52.880001068115234,52.0,52.209999084472656,36.157676696777344,4293100,0.0,0.0,DOW
2020-01-07 00:00:00-05:00,52.290000915527344,53.064998626708984,51.9900016784668,52.189998626708984,36.14384078979492,5122800,0.0,0.0,DOW
2020-01-08 00:00:00-05:00,52.40999984741211,53.16999816894531,51.91999816894531,52.72999954223633,36.51781463623047,3629700,0.0,0.0,DOW
2020-01-09 00:00:00-05:00,52.75,53.06999969482422,51.810001373291016,52.189998626708984,36.14384078979492,2667800,0.0,0.0,DOW
2020-01-10 00:00:00-05:00,52.86000061035156,52.869998931884766,51.400001525878906,51.5,35.665977478027344,3277300,0.0,0.0,DOW
2020-01-13 00:00:00-05:00,51.5,52.400001525878906,51.470001220703125,52.349998474121094,36.254638671875,2665500,0.0,0.0,DOW
2020-01-14 00:00:00-05:00,52.189998626708984,52.970001220703125,51.95000076293945,52.2400016784668,36.1784553527832,3689800,0.0,0.0,DOW
2020-01-15 00:00:00-05:00,52.189998626708984,52.650001525878906,51.70000076293945,52.27000045776367,36.19923782348633,2235400,0.0,0.0,DOW
2020-01-16 00:00:00-05:00,52.58000183105469,52.869998931884766,52.16999816894531,52.47999954223633,36.34467697143555,3765600,0.0,0.0,DOW
2020-01-17 00:00:00-05:00,52.529998779296875,53.36000061035156,52.42499923706055,53.34000015258789,36.94025421142578,3897500,0.0,0.0,DOW
2020-01-21 00:00:00-05:00,52.97999954223633,53.150001525878906,52.20000076293945,52.599998474121094,36.42777633666992,4156000,0.0,0.0,DOW
2020-01-22 00:00:00-05:00,52.72999954223633,52.79999923706055,50.68199920654297,50.869998931884766,35.22968292236328,5149600,0.0,0.0,DOW
2020-01-23 00:00:00-05:00,50.220001220703125,50.75,49.150001525878906,50.25,34.800296783447266,5797600,0.0,0.0,DOW
2020-01-24 00:00:00-05:00,49.880001068115234,50.27000045776367,48.040000915527344,48.4900016784668,33.5814208984375,5919300,0.0,0.0,DOW
2020-01-27 00:00:00-05:00,47.310001373291016,47.58000183105469,46.63999938964844,47.18000030517578,32.674198150634766,4827000,0.0,0.0,DOW
2020-01-28 00:00:00-05:00,47.400001525878906,47.720001220703125,47.02000045776367,47.15999984741211,32.66033935546875,5813800,0.0,0.0,DOW
2020-01-29 00:00:00-05:00,48.97999954223633,49.95000076293945,48.599998474121094,49.66999816894531,34.39862823486328,6828000,0.0,0.0,DOW
2020-01-30 00:00:00-05:00,48.310001373291016,48.97999954223633,47.65999984741211,48.470001220703125,33.567569732666016,5644800,0.0,0.0,DOW
2020-01-31 00:00:00-05:00,47.70000076293945,47.8650016784668,45.91999816894531,46.06999969482422,31.905467987060547,7532200,0.0,0.0,DOW
2020-02-03 00:00:00-05:00,46.310001373291016,46.970001220703125,45.72999954223633,46.7400016784668,32.369476318359375,6364900,0.0,0.0,DOW
2020-02-04 00:00:00-05:00,47.650001525878906,48.380001068115234,47.439998626708984,48.04999923706055,33.276702880859375,5287000,0.0,0.0,DOW
2020-02-05 00:00:00-05:00,48.880001068115234,49.7400016784668,48.52000045776367,49.61000061035156,34.35707092285156,5403200,0.0,0.0,DOW
2020-02-06 00:00:00-05:00,49.61000061035156,49.65999984741211,48.560001373291016,49.20000076293945,34.07312774658203,5985200,0.0,0.0,DOW
2020-02-07 00:00:00-05:00,48.540000915527344,48.540000915527344,47.45000076293945,48.029998779296875,33.262855529785156,3802100,0.0,0.0,DOW
2020-02-10 00:00:00-05:00,47.79999923706055,48.720001220703125,47.79999923706055,48.189998626708984,33.3736686706543,2488300,0.0,0.0,DOW
2020-02-11 00:00:00-05:00,48.540000915527344,50.0099983215332,48.5,48.790000915527344,33.789188385009766,3705400,0.0,0.0,DOW
2020-02-12 00:00:00-05:00,49.689998626708984,50.369998931884766,48.9900016784668,49.380001068115234,34.197792053222656,2964200,0.0,0.0,DOW
2020-02-13 00:00:00-05:00,48.900001525878906,48.9900016784668,48.02000045776367,48.29999923706055,33.44984817504883,3302600,0.0,0.0,DOW
2020-02-14 00:00:00-05:00,48.5099983215332,48.939998626708984,48.380001068115234,48.630001068115234,33.67837905883789,3207000,0.0,0.0,DOW
2020-02-18 00:00:00-05:00,48.189998626708984,48.52000045776367,47.229000091552734,47.7400016784668,33.06201171875,3594300,0.0,0.0,DOW
2020-02-19 00:00:00-05:00,47.81999969482422,48.290000915527344,47.40999984741211,47.560001373291016,32.93736267089844,5644900,0.0,0.0,DOW
2020-02-20 00:00:00-05:00,47.52000045776367,48.810001373291016,47.439998626708984,48.7599983215332,33.76841354370117,4154200,0.0,0.0,DOW
2020-02-21 00:00:00-05:00,48.58000183105469,48.77000045776367,48.08000183105469,48.29999923706055,33.44984817504883,3972800,0.0,0.0,DOW
2020-02-24 00:00:00-05:00,46.61000061035156,47.040000915527344,45.79999923706055,46.2400016784668,32.0232048034668,5075900,0.0,0.0,DOW
2020-02-25 00:00:00-05:00,46.5,46.53499984741211,43.58000183105469,43.95000076293945,30.43727684020996,5529300,0.0,0.0,DOW
2020-02-26 00:00:00-05:00,44.45000076293945,44.880001068115234,43.02000045776367,43.04999923706055,29.813983917236328,6470700,0.0,0.0,DOW
2020-02-27 00:00:00-05:00,41.33000183105469,41.459999084472656,39.5,39.54999923706055,27.84281349182129,10009300,0.7,0.0,DOW
2020-02-28 00:00:00-05:00,38.119998931884766,40.4900016784668,38.04999923706055,40.40999984741211,28.448246002197266,10280000,0.0,0.0,DOW
2020-03-02 00:00:00-05:00,41.04999923706055,41.41999816894531,39.779998779296875,41.41999816894531,29.15927505493164,7706700,0.0,0.0,DOW
2020-03-03 00:00:00-05:00,41.349998474121094,42.74399948120117,39.7400016784668,40.560001373291016,28.55384635925293,6765300,0.0,0.0,DOW
2020-03-04 00:00:00-05:00,41.45000076293945,41.970001220703125,40.209999084472656,41.90999984741211,29.50423812866211,4967000,0.0,0.0,DOW
2020-03-05 00:00:00-05:00,40.029998779296875,40.630001068115234,39.65999984741211,40.099998474121094,28.230010986328125,5447400,0.0,0.0,DOW
2020-03-06 00:00:00-05:00,38.720001220703125,39.689998626708984,38.310001373291016,38.970001220703125,27.434499740600586,6928400,0.0,0.0,DOW
2020-03-09 00:00:00-04:00,34.75,34.939998626708984,30.43000030517578,30.530000686645508,21.492822647094727,15081500,0.0,0.0,DOW
2020-03-10 00:00:00-04:00,32.5099983215332,33.33000183105469,29.315000534057617,31.399999618530273,22.10529327392578,12975400,0.0,0.0,DOW
2020-03-11 00:00:00-04:00,30.190000534057617,30.329999923706055,27.850000381469727,27.989999771118164,19.704683303833008,12444100,0.0,0.0,DOW
2020-03-12 00:00:00-04:00,25.450000762939453,26.389999389648438,22.389999389648438,23.670000076293945,16.663450241088867,18163300,0.0,0.0,DOW
2020-03-13 00:00:00-04:00,27.93000030517578,28.010000228881836,22.579999923706055,25.690000534057617,18.085512161254883,17350800,0.0,0.0,DOW
2020-03-16 00:00:00-04:00,23.100000381469727,25.43000030517578,21.950000762939453,22.0,15.487786293029785,12345400,0.0,0.0,DOW
2020-03-17 00:00:00-04:00,25.670000076293945,27.600000381469727,22.739999771118164,26.600000381469727,18.72614097595215,19873300,0.0,0.0,DOW
2020-03-18 00:00:00-04:00,24.84000015258789,28.290000915527344,24.510000228881836,26.440000534057617,18.613502502441406,16955900,0.0,0.0,DOW
2020-03-19 00:00:00-04:00,26.280000686645508,31.350000381469727,25.93000030517578,28.1200008392334,19.79621124267578,13893400,0.0,0.0,DOW
2020-03-20 00:00:00-04:00,28.59000015258789,29.690000534057617,26.59000015258789,27.440000534057617,19.317493438720703,12649100,0.0,0.0,DOW
2020-03-23 00:00:00-04:00,27.139999389648438,28.43000030517578,26.010000228881836,26.579999923706055,18.712064743041992,11703100,0.0,0.0,DOW
2020-03-24 00:00:00-04:00,28.65999984741211,29.959999084472656,26.899999618530273,28.469999313354492,20.0426025390625,12333600,0.0,0.0,DOW
2020-03-25 00:00:00-04:00,29.18000030517578,32.42499923706055,28.600000381469727,30.3799991607666,21.387226104736328,10539200,0.0,0.0,DOW
2020-03-26 00:00:00-04:00,30.280000686645508,31.299999237060547,28.950000762939453,29.68000030517578,20.894433975219727,14298600,0.0,0.0,DOW
2020-03-27 00:00:00-04:00,28.0,29.261999130249023,26.920000076293945,28.559999465942383,20.1059627532959,9101400,0.0,0.0,DOW
2020-03-30 00:00:00-04:00,28.309999465942383,29.389999389648438,27.809999465942383,28.649999618530273,20.169322967529297,6817000,0.0,0.0,DOW
2020-03-31 00:00:00-04:00,28.549999237060547,30.079999923706055,28.450000762939453,29.239999771118164,20.584671020507812,7599900,0.0,0.0,DOW
2020-04-01 00:00:00-04:00,27.84000015258789,28.270000457763672,26.940000534057617,27.040000915527344,19.035898208618164,10339900,0.0,0.0,DOW
2020-04-02 00:00:00-04:00,27.110000610351562,29.84000015258789,26.924999237060547,28.030000686645508,19.732851028442383,10680300,0.0,0.0,DOW
2020-04-03 00:00:00-04:00,27.780000686645508,28.56999969482422,27.420000076293945,27.969999313354492,19.69061279296875,8005100,0.0,0.0,DOW
2020-04-06 00:00:00-04:00,29.530000686645508,30.979999542236328,29.5,30.540000915527344,21.499862670898438,8021100,0.0,0.0,DOW
2020-04-07 00:00:00-04:00,32.7599983215332,35.06999969482422,31.809999465942383,32.33000183105469,22.760009765625,15028000,0.0,0.0,DOW
2020-04-08 00:00:00-04:00,32.970001220703125,34.939998626708984,32.36000061035156,34.790000915527344,24.491825103759766,7220700,0.0,0.0,DOW
2020-04-09 00:00:00-04:00,35.75,37.7400016784668,35.540000915527344,36.560001373291016,25.73788833618164,9892300,0.0,0.0,DOW
2020-04-13 00:00:00-04:00,36.470001220703125,36.900001525878906,34.56999969482422,35.22999954223633,24.801570892333984,7170600,0.0,0.0,DOW
2020-04-14 00:00:00-04:00,36.369998931884766,37.13999938964844,35.09000015258789,35.369998931884766,24.900129318237305,7348800,0.0,0.0,DOW
2020-04-15 00:00:00-04:00,33.849998474121094,33.849998474121094,31.8700008392334,32.22999954223633,22.689605712890625,7586700,0.0,0.0,DOW
2020-04-16 00:00:00-04:00,32.689998626708984,32.689998626708984,30.649999618530273,31.6299991607666,22.267213821411133,6918500,0.0,0.0,DOW
2020-04-17 00:00:00-04:00,33.040000915527344,34.060001373291016,32.599998474121094,33.41999816894531,23.527359008789062,6544100,0.0,0.0,DOW
2020-04-20 00:00:00-04:00,32.18000030517578,32.83000183105469,31.5,31.530000686645508,22.196813583374023,7140700,0.0,0.0,DOW
2020-04-21 00:00:00-04:00,30.399999618530273,31.15999984741211,29.6200008392334,30.8799991607666,21.73921775817871,7315100,0.0,0.0,DOW
2020-04-22 00:00:00-04:00,31.799999237060547,32.025001525878906,30.8799991607666,31.84000015258789,22.415054321289062,5331100,0.0,0.0,DOW
2020-04-23 00:00:00-04:00,32.099998474121094,33.33000183105469,32.0099983215332,32.560001373291016,22.92192268371582,7724700,0.0,0.0,DOW
2020-04-24 00:00:00-04:00,33.040000915527344,33.349998474121094,32.2400016784668,33.119998931884766,23.316152572631836,4979100,0.0,0.0,DOW
2020-04-27 00:00:00-04:00,33.310001373291016,34.744998931884766,32.810001373291016,34.439998626708984,24.245424270629883,4885900,0.0,0.0,DOW
2020-04-28 00:00:00-04:00,35.47999954223633,36.189998626708984,34.709999084472656,35.869998931884766,25.25213050842285,5868600,0.0,0.0,DOW
2020-04-29 00:00:00-04:00,37.0,38.09000015258789,36.900001525878906,37.470001220703125,26.378517150878906,6887300,0.0,0.0,DOW
2020-04-30 00:00:00-04:00,37.27000045776367,37.349998474121094,36.04999923706055,36.689998626708984,25.829402923583984,10990200,0.0,0.0,DOW
2020-05-01 00:00:00-04:00,34.72999954223633,35.09000015258789,33.540000915527344,33.93000030517578,23.886388778686523,8709300,0.0,0.0,DOW
2020-05-04 00:00:00-04:00,32.099998474121094,33.13999938964844,31.760000228881836,33.060001373291016,23.273916244506836,6248300,0.0,0.0,DOW
2020-05-05 00:00:00-04:00,33.630001068115234,34.54999923706055,33.22999954223633,33.369998931884766,23.492156982421875,5041600,0.0,0.0,DOW
2020-05-06 00:00:00-04:00,32.709999084472656,33.375,31.8799991607666,31.959999084472656,22.499528884887695,4601500,0.0,0.0,DOW
2020-05-07 00:00:00-04:00,32.529998779296875,33.79999923706055,32.5099983215332,32.849998474121094,23.126079559326172,5056200,0.0,0.0,DOW
2020-05-08 00:00:00-04:00,33.779998779296875,34.369998931884766,33.369998931884766,34.33000183105469,24.16798973083496,4175700,0.0,0.0,DOW
2020-05-11 00:00:00-04:00,34.20000076293945,34.2400016784668,33.08000183105469,33.900001525878906,23.865272521972656,4321000,0.0,0.0,DOW
2020-05-12 00:00:00-04:00,34.25,35.40999984741211,33.75,33.790000915527344,23.787832260131836,5675400,0.0,0.0,DOW
2020-05-13 00:00:00-04:00,33.5,33.5629997253418,31.790000915527344,32.349998474121094,22.774084091186523,5865200,0.0,0.0,DOW
2020-05-14 00:00:00-04:00,31.190000534057617,33.54999923706055,30.899999618530273,33.5099983215332,23.590713500976562,6187900,0.0,0.0,DOW
2020-05-15 00:00:00-04:00,33.209999084472656,33.97999954223633,32.83000183105469,33.560001373291016,23.625917434692383,4829200,0.0,0.0,DOW
2020-05-18 00:00:00-04:00,35.880001068115234,38.0099983215332,35.709999084472656,36.7400016784668,25.864608764648438,8544900,0.0,0.0,DOW
2020-05-19 00:00:00-04:00,36.630001068115234,36.68000030517578,35.58000183105469,35.63999938964844,25.090213775634766,4415500,0.0,0.0,DOW
2020-05-20 00:00:00-04:00,36.34000015258789,37.0,35.7599983215332,36.18000030517578,25.47037124633789,5656200,0.0,0.0,DOW
2020-05-21 00:00:00-04:00,36.0,36.7599983215332,35.65999984741211,35.81999969482422,25.21693229675293,3941800,0.0,0.0,DOW
2020-05-22 00:00:00-04:00,35.68000030517578,36.18000030517578,35.369998931884766,36.119998931884766,25.428125381469727,3040600,0.0,0.0,DOW
2020-05-26 00:00:00-04:00,38.36000061035156,38.95000076293945,37.91999816894531,38.790000915527344,27.30778694152832,6188600,0.0,0.0,DOW
2020-05-27 00:00:00-04:00,39.95000076293945,40.665000915527344,39.029998779296875,39.81999969482422,28.03289031982422,6895200,0.0,0.0,DOW
2020-05-28 00:00:00-04:00,39.56999969482422,39.689998626708984,38.349998474121094,38.709999084472656,27.739089965820312,5266800,0.7,0.0,DOW
2020-05-29 00:00:00-04:00,38.13999938964844,38.9900016784668,37.720001220703125,38.599998474121094,27.660268783569336,5254200,0.0,0.0,DOW
2020-06-01 00:00:00-04:00,38.61000061035156,39.0099983215332,38.18000030517578,38.61000061035156,27.66742706298828,3014400,0.0,0.0,DOW
2020-06-02 00:00:00-04:00,39.20000076293945,41.22999954223633,39.09000015258789,40.599998474121094,29.093441009521484,6083400,0.0,0.0,DOW
2020-06-03 00:00:00-04:00,41.4900016784668,42.29999923706055,41.459999084472656,41.630001068115234,29.83152961730957,5160600,0.0,0.0,DOW
2020-06-04 00:00:00-04:00,41.5,42.7599983215332,41.31999969482422,42.709999084472656,30.605440139770508,3901500,0.0,0.0,DOW
2020-06-05 00:00:00-04:00,44.709999084472656,45.72999954223633,43.83700180053711,43.970001220703125,31.508337020874023,7656600,0.0,0.0,DOW
2020-06-08 00:00:00-04:00,44.08000183105469,45.93000030517578,44.08000183105469,45.900001525878906,32.891353607177734,5727300,0.0,0.0,DOW
2020-06-09 00:00:00-04:00,44.470001220703125,44.81999969482422,43.91899871826172,44.40999984741211,31.823638916015625,5535400,0.0,0.0,DOW
2020-06-10 00:00:00-04:00,44.38999938964844,44.5,43.400001525878906,43.58000183105469,31.228864669799805,4267700,0.0,0.0,DOW
2020-06-11 00:00:00-04:00,41.224998474121094,42.040000915527344,38.95000076293945,39.2599983215332,28.133220672607422,9225100,0.0,0.0,DOW
2020-06-12 00:00:00-04:00,41.81999969482422,41.915000915527344,39.98500061035156,41.22999954223633,29.544885635375977,5034900,0.0,0.0,DOW
2020-06-15 00:00:00-04:00,39.47999954223633,42.45000076293945,39.290000915527344,41.97999954223633,30.082332611083984,5665300,0.0,0.0,DOW
2020-06-16 00:00:00-04:00,44.15999984741211,44.5,41.439998626708984,42.25,30.275808334350586,5592400,0.0,0.0,DOW
2020-06-17 00:00:00-04:00,42.70000076293945,42.79600143432617,41.029998779296875,41.16999816894531,29.50189781188965,3525100,0.0,0.0,DOW
2020-06-18 00:00:00-04:00,40.650001525878906,41.9900016784668,40.380001068115234,41.58000183105469,29.79570198059082,4106800,0.0,0.0,DOW
2020-06-19 00:00:00-04:00,42.630001068115234,43.0,41.470001220703125,41.650001525878906,29.845849990844727,7494400,0.0,0.0,DOW
2020-06-22 00:00:00-04:00,41.459999084472656,42.130001068115234,40.66999816894531,41.7400016784668,29.910356521606445,3316000,0.0,0.0,DOW
2020-06-23 00:00:00-04:00,42.47999954223633,42.47999954223633,41.33000183105469,41.349998474121094,29.630884170532227,3603900,0.0,0.0,DOW
2020-06-24 00:00:00-04:00,40.599998474121094,40.720001220703125,38.31999969482422,38.45000076293945,27.552776336669922,7707200,0.0,0.0,DOW
2020-06-25 00:00:00-04:00,38.0,40.029998779296875,37.68000030517578,39.97999954223633,28.64915657043457,5986900,0.0,0.0,DOW
2020-06-26 00:00:00-04:00,39.560001373291016,40.0,38.72999954223633,39.79999923706055,28.520170211791992,8333800,0.0,0.0,DOW
2020-06-29 00:00:00-04:00,40.36000061035156,41.19499969482422,40.189998626708984,40.97999954223633,29.36574363708496,7756700,0.0,0.0,DOW
2020-06-30 00:00:00-04:00,40.59000015258789,40.95000076293945,39.7599983215332,40.7599983215332,29.208101272583008,4835300,0.0,0.0,DOW
2020-07-01 00:00:00-04:00,40.75,41.29999923706055,40.33000183105469,40.75,29.200931549072266,4023600,0.0,0.0,DOW
2020-07-02 00:00:00-04:00,41.65999984741211,42.25,40.90999984741211,41.59000015258789,29.802865982055664,4017500,0.0,0.0,DOW
2020-07-06 00:00:00-04:00,42.630001068115234,42.779998779296875,41.560001373291016,42.45000076293945,30.41912841796875,4679000,0.0,0.0,DOW
2020-07-07 00:00:00-04:00,41.7400016784668,42.06999969482422,41.16999816894531,41.689998626708984,29.874515533447266,4535900,0.0,0.0,DOW
2020-07-08 00:00:00-04:00,41.4900016784668,41.779998779296875,39.6349983215332,40.349998474121094,28.914297103881836,4824200,0.0,0.0,DOW
2020-07-09 00:00:00-04:00,40.38999938964844,40.52000045776367,39.16999816894531,39.439998626708984,28.262195587158203,3671900,0.0,0.0,DOW
2020-07-10 00:00:00-04:00,39.439998626708984,40.81999969482422,39.42300033569336,40.7599983215332,29.208101272583008,3007800,0.0,0.0,DOW
2020-07-13 00:00:00-04:00,41.099998474121094,41.84000015258789,40.5,41.2400016784668,29.552053451538086,3089000,0.0,0.0,DOW
2020-07-14 00:00:00-04:00,41.31999969482422,42.68000030517578,41.2400016784668,42.439998626708984,30.411958694458008,4350800,0.0,0.0,DOW
2020-07-15 00:00:00-04:00,43.650001525878906,44.099998474121094,42.55500030517578,43.33000183105469,31.04973030090332,3788300,0.0,0.0,DOW
2020-07-16 00:00:00-04:00,43.189998626708984,44.26499938964844,42.84000015258789,43.83000183105469,31.40801429748535,4259800,0.0,0.0,DOW
2020-07-17 00:00:00-04:00,44.06999969482422,44.150001525878906,42.959999084472656,43.66999816894531,31.293359756469727,4610600,0.0,0.0,DOW
2020-07-20 00:00:00-04:00,43.34000015258789,43.67499923706055,42.119998931884766,42.29999923706055,30.311641693115234,3580900,0.0,0.0,DOW
2020-07-21 00:00:00-04:00,42.5,43.43000030517578,42.45000076293945,43.040000915527344,30.8419132232666,3399600,0.0,0.0,DOW
2020-07-22 00:00:00-04:00,42.939998626708984,44.5,42.8849983215332,44.34000015258789,31.773479461669922,5792500,0.0,0.0,DOW
2020-07-23 00:00:00-04:00,43.0,43.20000076293945,41.880001068115234,42.81999969482422,30.68426513671875,6574300,0.0,0.0,DOW
2020-07-24 00:00:00-04:00,42.81999969482422,43.47999954223633,42.29999923706055,42.61000061035156,30.533782958984375,2999600,0.0,0.0,DOW
2020-07-27 00:00:00-04:00,42.810001373291016,44.47999954223633,42.43000030517578,44.0,31.52984046936035,4733600,0.0,0.0,DOW
2020-07-28 00:00:00-04:00,43.7400016784668,44.02000045776367,42.59000015258789,42.619998931884766,30.540950775146484,3395400,0.0,0.0,DOW
2020-07-29 00:00:00-04:00,42.79999923706055,43.63600158691406,42.7400016784668,43.52000045776367,31.185884475708008,3186900,0.0,0.0,DOW
2020-07-30 00:00:00-04:00,42.65999984741211,42.83000183105469,41.34000015258789,41.72999954223633,29.903181076049805,4118700,0.0,0.0,DOW
2020-07-31 00:00:00-04:00,41.4900016784668,41.91999816894531,40.59000015258789,41.060001373291016,29.423067092895508,7462100,0.0,0.0,DOW
2020-08-03 00:00:00-04:00,41.220001220703125,41.2400016784668,40.08000183105469,40.09000015258789,28.72797393798828,5079900,0.0,0.0,DOW
2020-08-04 00:00:00-04:00,40.040000915527344,41.8650016784668,39.900001525878906,41.31999969482422,29.609390258789062,5408800,0.0,0.0,DOW
2020-08-05 00:00:00-04:00,41.900001525878906,42.47999954223633,41.75,41.9900016784668,30.089496612548828,3563600,0.0,0.0,DOW
2020-08-06 00:00:00-04:00,41.689998626708984,42.31700134277344,41.055999755859375,42.04999923706055,30.132495880126953,3724900,0.0,0.0,DOW
2020-08-07 00:00:00-04:00,41.58000183105469,42.665000915527344,41.444000244140625,42.630001068115234,30.548107147216797,2913100,0.0,0.0,DOW
2020-08-10 00:00:00-04:00,42.810001373291016,44.88999938964844,42.810001373291016,44.79999923706055,32.10310745239258,4245900,0.0,0.0,DOW
2020-08-11 00:00:00-04:00,45.540000915527344,46.06999969482422,44.34000015258789,44.5,31.888134002685547,4373800,0.0,0.0,DOW
2020-08-12 00:00:00-04:00,45.220001220703125,45.380001068115234,43.93000030517578,44.279998779296875,31.730485916137695,2577300,0.0,0.0,DOW
2020-08-13 00:00:00-04:00,43.86000061035156,44.869998931884766,43.709999084472656,44.43000030517578,31.837966918945312,2767100,0.0,0.0,DOW
2020-08-14 00:00:00-04:00,43.95000076293945,45.13999938964844,43.83000183105469,44.869998931884766,32.15326690673828,1998300,0.0,0.0,DOW
2020-08-17 00:00:00-04:00,45.099998474121094,45.439998626708984,44.209999084472656,44.459999084472656,31.859472274780273,3257300,0.0,0.0,DOW
2020-08-18 00:00:00-04:00,44.40999984741211,45.029998779296875,44.310001373291016,44.709999084472656,32.038612365722656,2447100,0.0,0.0,DOW
2020-08-19 00:00:00-04:00,44.689998626708984,45.099998474121094,44.25,44.63999938964844,31.98845672607422,3453400,0.0,0.0,DOW
2020-08-20 00:00:00-04:00,44.02000045776367,44.13999938964844,43.529998779296875,43.689998626708984,31.307695388793945,3324000,0.0,0.0,DOW
2020-08-21 00:00:00-04:00,43.5,43.869998931884766,43.25,43.59000015258789,31.23603630065918,2511600,0.0,0.0,DOW
2020-08-24 00:00:00-04:00,44.29999923706055,46.150001525878906,44.02000045776367,46.119998931884766,33.04901123046875,4609000,0.0,0.0,DOW
2020-08-25 00:00:00-04:00,46.40999984741211,46.65999984741211,45.472999572753906,45.59000015258789,32.66921615600586,4188000,0.0,0.0,DOW
2020-08-26 00:00:00-04:00,45.68000030517578,46.65999984741211,45.279998779296875,46.34000015258789,33.2066535949707,3928500,0.0,0.0,DOW
2020-08-27 00:00:00-04:00,46.68000030517578,46.95000076293945,45.810001373291016,46.15999984741211,33.07766342163086,3702300,0.0,0.0,DOW
2020-08-28 00:00:00-04:00,45.40999984741211,46.209999084472656,44.970001220703125,46.04999923706055,33.50696563720703,3772900,0.7,0.0,DOW
2020-08-31 00:00:00-04:00,45.9900016784668,46.11000061035156,45.09000015258789,45.119998931884766,32.83028030395508,3916800,0.0,0.0,DOW
2020-09-01 00:00:00-04:00,44.790000915527344,47.279998779296875,44.470001220703125,47.27000045776367,34.39466094970703,5428300,0.0,0.0,DOW
2020-09-02 00:00:00-04:00,47.68000030517578,49.279998779296875,47.41999816894531,49.220001220703125,35.81352615356445,7305900,0.0,0.0,DOW
2020-09-03 00:00:00-04:00,49.279998779296875,49.79999923706055,47.91999816894531,48.38999938964844,35.209598541259766,6726900,0.0,0.0,DOW
2020-09-04 00:00:00-04:00,49.290000915527344,49.70000076293945,48.08000183105469,48.599998474121094,35.362396240234375,5325900,0.0,0.0,DOW
2020-09-08 00:00:00-04:00,47.689998626708984,48.415000915527344,47.435001373291016,47.93000030517578,34.87490463256836,4280800,0.0,0.0,DOW
2020-09-09 00:00:00-04:00,48.56999969482422,49.880001068115234,48.5,49.22999954223633,35.820796966552734,4168100,0.0,0.0,DOW
2020-09-10 00:00:00-04:00,49.29999923706055,49.75,48.65999984741211,48.70000076293945,35.43516159057617,4211300,0.0,0.0,DOW
2020-09-11 00:00:00-04:00,49.209999084472656,50.41999816894531,49.040000915527344,49.849998474121094,36.27191925048828,6225700,0.0,0.0,DOW
2020-09-14 00:00:00-04:00,50.06999969482422,50.5099983215332,49.69499969482422,50.09000015258789,36.44655227661133,5298900,0.0,0.0,DOW
2020-09-15 00:00:00-04:00,50.61000061035156,51.560001373291016,50.38999938964844,51.06999969482422,37.15962219238281,4771700,0.0,0.0,DOW
2020-09-16 00:00:00-04:00,50.189998626708984,51.099998474121094,49.43000030517578,49.70000076293945,36.162776947021484,5863500,0.0,0.0,DOW
2020-09-17 00:00:00-04:00,49.369998931884766,51.25,48.849998474121094,50.970001220703125,37.08685302734375,5253700,0.0,0.0,DOW
2020-09-18 00:00:00-04:00,50.529998779296875,51.22999954223633,50.25,50.369998931884766,36.65028762817383,6271100,0.0,0.0,DOW
2020-09-21 00:00:00-04:00,49.040000915527344,49.33000183105469,47.18000030517578,47.90999984741211,34.8603401184082,6468800,0.0,0.0,DOW
2020-09-22 00:00:00-04:00,47.97999954223633,48.154998779296875,47.20000076293945,47.79999923706055,34.780303955078125,4181900,0.0,0.0,DOW
2020-09-23 00:00:00-04:00,47.68000030517578,48.119998931884766,46.470001220703125,46.7400016784668,34.00901794433594,4018000,0.0,0.0,DOW
2020-09-24 00:00:00-04:00,46.66999816894531,46.9900016784668,45.689998626708984,46.40999984741211,33.76891326904297,4648700,0.0,0.0,DOW
2020-09-25 00:00:00-04:00,45.77000045776367,46.400001525878906,45.630001068115234,46.040000915527344,33.49969482421875,4090200,0.0,0.0,DOW
2020-09-28 00:00:00-04:00,46.5,48.279998779296875,46.5,47.47999954223633,34.547462463378906,3993100,0.0,0.0,DOW
2020-09-29 00:00:00-04:00,47.22999954223633,47.779998779296875,46.2599983215332,46.56999969482422,33.88532257080078,2716800,0.0,0.0,DOW
2020-09-30 00:00:00-04:00,47.189998626708984,48.119998931884766,46.61000061035156,47.04999923706055,34.23458480834961,4663200,0.0,0.0,DOW
2020-10-01 00:00:00-04:00,47.209999084472656,47.5,45.93000030517578,46.11000061035156,33.55061721801758,3407600,0.0,0.0,DOW
2020-10-02 00:00:00-04:00,45.369998931884766,47.470001220703125,45.130001068115234,47.310001373291016,34.42376708984375,4559000,0.0,0.0,DOW
2020-10-05 00:00:00-04:00,47.900001525878906,48.882999420166016,47.70000076293945,48.58000183105469,35.34784698486328,3913400,0.0,0.0,DOW
2020-10-06 00:00:00-04:00,49.119998931884766,49.790000915527344,47.86000061035156,47.880001068115234,34.8385124206543,4474700,0.0,0.0,DOW
2020-10-07 00:00:00-04:00,48.45000076293945,49.060001373291016,48.0,48.29999923706055,35.14411163330078,4506400,0.0,0.0,DOW
2020-10-08 00:00:00-04:00,48.619998931884766,49.40999984741211,48.47600173950195,49.380001068115234,35.92994689941406,2962000,0.0,0.0,DOW
2020-10-09 00:00:00-04:00,49.79999923706055,50.09000015258789,48.70000076293945,49.36000061035156,35.91539001464844,4472800,0.0,0.0,DOW
2020-10-12 00:00:00-04:00,49.400001525878906,49.5,48.262001037597656,48.58000183105469,35.34784698486328,3005700,0.0,0.0,DOW
2020-10-13 00:00:00-04:00,48.47999954223633,48.97999954223633,47.79999923706055,47.880001068115234,34.8385124206543,6832200,0.0,0.0,DOW
2020-10-14 00:00:00-04:00,47.84000015258789,48.970001220703125,47.41999816894531,48.83000183105469,35.529747009277344,5322100,0.0,0.0,DOW
2020-10-15 00:00:00-04:00,47.880001068115234,49.07500076293945,47.84000015258789,49.0099983215332,35.66072082519531,2793200,0.0,0.0,DOW
2020-10-16 00:00:00-04:00,49.369998931884766,49.994998931884766,49.130001068115234,49.29999923706055,35.871734619140625,2754300,0.0,0.0,DOW
2020-10-19 00:00:00-04:00,49.33000183105469,50.33000183105469,48.7400016784668,48.84000015258789,35.53702926635742,2903500,0.0,0.0,DOW
2020-10-20 00:00:00-04:00,49.349998474121094,50.150001525878906,49.209999084472656,49.34000015258789,35.90082931518555,2503600,0.0,0.0,DOW
2020-10-21 00:00:00-04:00,49.380001068115234,49.71500015258789,48.54999923706055,48.54999923706055,35.326011657714844,4092500,0.0,0.0,DOW
2020-10-22 00:00:00-04:00,49.810001373291016,50.15999984741211,47.150001525878906,48.81999969482422,35.5224723815918,5244000,0.0,0.0,DOW
2020-10-23 00:00:00-04:00,49.52000045776367,49.95000076293945,48.40999984741211,48.529998779296875,35.31146240234375,3123400,0.0,0.0,DOW
2020-10-26 00:00:00-04:00,47.939998626708984,48.13999938964844,46.81700134277344,47.150001525878906,34.30734634399414,4026400,0.0,0.0,DOW
2020-10-27 00:00:00-04:00,46.91999816894531,47.189998626708984,46.38999938964844,46.56999969482422,33.88532257080078,4141200,0.0,0.0,DOW
2020-10-28 00:00:00-04:00,44.939998626708984,45.70000076293945,44.33000183105469,45.18000030517578,32.87393569946289,6157100,0.0,0.0,DOW
2020-10-29 00:00:00-04:00,44.630001068115234,46.65999984741211,44.56999969482422,46.25,33.6524772644043,4300100,0.0,0.0,DOW
2020-10-30 00:00:00-04:00,45.86000061035156,46.189998626708984,44.72999954223633,45.4900016784668,33.0994873046875,5165900,0.0,0.0,DOW
2020-11-02 00:00:00-05:00,46.25,48.060001373291016,45.880001068115234,47.81999969482422,34.79486083984375,3675800,0.0,0.0,DOW
2020-11-03 00:00:00-05:00,48.25,49.029998779296875,47.65999984741211,48.72999954223633,35.45699691772461,3293500,0.0,0.0,DOW
2020-11-04 00:00:00-05:00,47.95000076293945,48.34000015258789,46.25199890136719,46.45000076293945,33.798011779785156,4542300,0.0,0.0,DOW
2020-11-05 00:00:00-05:00,46.900001525878906,49.45000076293945,46.880001068115234,48.970001220703125,35.631622314453125,4253000,0.0,0.0,DOW
2020-11-06 00:00:00-05:00,49.22999954223633,49.81999969482422,48.03099822998047,48.22999954223633,35.093177795410156,3061500,0.0,0.0,DOW
2020-11-09 00:00:00-05:00,51.59000015258789,54.18000030517578,51.540000915527344,52.119998931884766,37.92362594604492,9208300,0.0,0.0,DOW
2020-11-10 00:00:00-05:00,52.33000183105469,53.70000076293945,52.06999969482422,53.459999084472656,38.898643493652344,6148700,0.0,0.0,DOW
2020-11-11 00:00:00-05:00,53.5,53.60499954223633,52.02000045776367,52.209999084472656,37.98911666870117,4118500,0.0,0.0,DOW
2020-11-12 00:00:00-05:00,51.7400016784668,52.06999969482422,50.540000915527344,51.040000915527344,37.13779067993164,3467600,0.0,0.0,DOW
2020-11-13 00:00:00-05:00,50.27000045776367,52.130001068115234,50.20000076293945,51.970001220703125,37.814491271972656,3482900,0.0,0.0,DOW
2020-11-16 00:00:00-05:00,53.54999923706055,53.939998626708984,52.13999938964844,53.93000030517578,39.24061965942383,4075600,0.0,0.0,DOW
2020-11-17 00:00:00-05:00,53.15999984741211,54.560001373291016,52.83000183105469,54.47999954223633,39.64080810546875,4795000,0.0,0.0,DOW
2020-11-18 00:00:00-05:00,54.650001525878906,56.275001525878906,54.529998779296875,55.29999923706055,40.23746109008789,5903500,0.0,0.0,DOW
2020-11-19 00:00:00-05:00,54.90999984741211,55.4900016784668,53.91999816894531,55.34000015258789,40.266571044921875,3514000,0.0,0.0,DOW
2020-11-20 00:00:00-05:00,55.06999969482422,55.41999816894531,54.279998779296875,54.72999954223633,39.822715759277344,2871700,0.0,0.0,DOW
2020-11-23 00:00:00-05:00,55.279998779296875,56.290000915527344,55.279998779296875,55.939998626708984,40.7031364440918,4560700,0.0,0.0,DOW
2020-11-24 00:00:00-05:00,57.0,58.18000030517578,56.61000061035156,57.72999954223633,42.00556945800781,4442800,0.0,0.0,DOW
2020-11-25 00:00:00-05:00,57.45000076293945,57.45000076293945,56.165000915527344,56.43000030517578,41.05967330932617,4158500,0.0,0.0,DOW
2020-11-27 00:00:00-05:00,55.90999984741211,56.04999923706055,55.0099983215332,55.400001525878906,40.8165397644043,2847400,0.7,0.0,DOW
2020-11-30 00:00:00-05:00,54.88999938964844,55.0,52.79999923706055,53.0099983215332,39.05567932128906,8760600,0.0,0.0,DOW
2020-12-01 00:00:00-05:00,54.43000030517578,54.43000030517578,52.900001525878906,53.529998779296875,39.438804626464844,4328700,0.0,0.0,DOW
2020-12-02 00:00:00-05:00,53.31999969482422,53.564998626708984,52.689998626708984,53.20000076293945,39.195655822753906,3723000,0.0,0.0,DOW
2020-12-03 00:00:00-05:00,52.9900016784668,53.888999938964844,52.79999923706055,53.599998474121094,39.49037551879883,3213800,0.0,0.0,DOW
2020-12-04 00:00:00-05:00,53.810001373291016,55.099998474121094,53.79999923706055,55.04999923706055,40.55868148803711,3294500,0.0,0.0,DOW
2020-12-07 00:00:00-05:00,54.93000030517578,54.939998626708984,53.02000045776367,53.209999084472656,39.20302963256836,3602700,0.0,0.0,DOW
2020-12-08 00:00:00-05:00,52.900001525878906,54.66999816894531,52.79999923706055,54.54999923706055,40.1902961730957,3161500,0.0,0.0,DOW
2020-12-09 00:00:00-05:00,54.939998626708984,55.75,54.349998474121094,54.65999984741211,40.27134323120117,3219100,0.0,0.0,DOW
2020-12-10 00:00:00-05:00,54.65999984741211,55.11000061035156,54.040000915527344,54.43000030517578,40.101890563964844,3402000,0.0,0.0,DOW
2020-12-11 00:00:00-05:00,54.290000915527344,54.45000076293945,53.56999969482422,54.0,39.785072326660156,2674800,0.0,0.0,DOW
2020-12-14 00:00:00-05:00,54.599998474121094,54.7599983215332,53.029998779296875,53.060001373291016,39.092529296875,3121900,0.0,0.0,DOW
2020-12-15 00:00:00-05:00,53.849998474121094,54.150001525878906,53.150001525878906,54.130001068115234,39.880855560302734,2335500,0.0,0.0,DOW
2020-12-16 00:00:00-05:00,54.029998779296875,54.11000061035156,53.2400016784668,53.83000183105469,39.65983200073242,1948800,0.0,0.0,DOW
2020-12-17 00:00:00-05:00,54.20000076293945,54.33000183105469,53.584999084472656,53.83000183105469,39.65983200073242,2222300,0.0,0.0,DOW
2020-12-18 00:00:00-05:00,55.11000061035156,55.75,54.2400016784668,55.65999984741211,41.00810241699219,11536700,0.0,0.0,DOW
2020-12-21 00:00:00-05:00,54.04999923706055,55.20000076293945,53.72999954223633,55.08000183105469,40.580780029296875,4458800,0.0,0.0,DOW
2020-12-22 00:00:00-05:00,55.0099983215332,55.27000045776367,54.439998626708984,54.66999816894531,40.27870178222656,2268300,0.0,0.0,DOW
2020-12-23 00:00:00-05:00,55.02000045776367,55.77000045776367,54.72999954223633,54.75,40.33765411376953,2251600,0.0,0.0,DOW
2020-12-24 00:00:00-05:00,54.91999816894531,54.96799850463867,54.334999084472656,54.790000915527344,40.367122650146484,1074700,0.0,0.0,DOW
2020-12-28 00:00:00-05:00,55.27000045776367,55.77000045776367,54.18000030517578,54.290000915527344,39.998741149902344,3668200,0.0,0.0,DOW
2020-12-29 00:00:00-05:00,54.5,54.81999969482422,53.849998474121094,54.33000183105469,40.028202056884766,2222000,0.0,0.0,DOW
2020-12-30 00:00:00-05:00,54.349998474121094,55.65999984741211,54.29999923706055,55.470001220703125,40.86812210083008,3790000,0.0,0.0,DOW
2020-12-31 00:00:00-05:00,55.470001220703125,56.099998474121094,55.11000061035156,55.5,40.89021682739258,2663500,0.0,0.0,DOW
2021-01-04 00:00:00-05:00,55.81999969482422,56.12099838256836,53.650001525878906,54.040000915527344,39.814544677734375,4852800,0.0,0.0,DOW
2021-01-05 00:00:00-05:00,54.13999938964844,56.16999816894531,54.0,55.79999923706055,41.111244201660156,3112800,0.0,0.0,DOW
2021-01-06 00:00:00-05:00,56.95000076293945,59.209999084472656,56.54999923706055,58.43000030517578,43.048919677734375,6208400,0.0,0.0,DOW
2021-01-07 00:00:00-05:00,59.0,59.77000045776367,58.10499954223633,58.5099983215332,43.10786437988281,4437600,0.0,0.0,DOW
2021-01-08 00:00:00-05:00,58.369998931884766,58.86000061035156,57.75,58.209999084472656,42.886837005615234,4063500,0.0,0.0,DOW
2021-01-11 00:00:00-05:00,57.70000076293945,58.95000076293945,57.25,58.86000061035156,43.36573791503906,3455900,0.0,0.0,DOW
2021-01-12 00:00:00-05:00,59.31999969482422,61.209999084472656,59.0,61.040000915527344,44.97187805175781,6235000,0.0,0.0,DOW
2021-01-13 00:00:00-05:00,60.75,61.310001373291016,59.65999984741211,60.029998779296875,44.22773742675781,3236300,0.0,0.0,DOW
2021-01-14 00:00:00-05:00,60.209999084472656,60.5,59.41999816894531,59.650001525878906,43.94776916503906,3578800,0.0,0.0,DOW
2021-01-15 00:00:00-05:00,58.619998931884766,58.81999969482422,57.130001068115234,57.310001373291016,42.223758697509766,6692900,0.0,0.0,DOW
2021-01-19 00:00:00-05:00,57.7599983215332,58.20000076293945,56.33000183105469,57.54999923706055,42.40058898925781,4919300,0.0,0.0,DOW
2021-01-20 00:00:00-05:00,57.869998931884766,58.630001068115234,57.22999954223633,58.56999969482422,43.15208053588867,3724400,0.0,0.0,DOW
2021-01-21 00:00:00-05:00,58.5099983215332,58.77000045776367,57.310001373291016,57.560001373291016,42.40793991088867,3442000,0.0,0.0,DOW
2021-01-22 00:00:00-05:00,56.9900016784668,57.78499984741211,56.869998931884766,57.5,42.36373519897461,2621500,0.0,0.0,DOW
2021-01-25 00:00:00-05:00,56.86000061035156,57.41999816894531,55.65999984741211,57.22999954223633,42.16482162475586,3682400,0.0,0.0,DOW
2021-01-26 00:00:00-05:00,57.88999938964844,58.25,55.70000076293945,55.7400016784668,41.06704330444336,3060300,0.0,0.0,DOW
2021-01-27 00:00:00-05:00,54.63999938964844,55.08000183105469,52.65999984741211,54.38999938964844,40.07240676879883,6283500,0.0,0.0,DOW
2021-01-28 00:00:00-05:00,54.13999938964844,54.849998474121094,53.0,54.380001068115234,40.0650520324707,5817000,0.0,0.0,DOW
2021-01-29 00:00:00-05:00,53.849998474121094,54.70500183105469,51.7599983215332,51.900001525878906,38.23788070678711,8895400,0.0,0.0,DOW
2021-02-01 00:00:00-05:00,52.38999938964844,52.84000015258789,51.33000183105469,52.75,38.864131927490234,4128300,0.0,0.0,DOW
2021-02-02 00:00:00-05:00,53.560001373291016,54.869998931884766,52.869998931884766,54.61000061035156,40.23450469970703,5229500,0.0,0.0,DOW
2021-02-03 00:00:00-05:00,54.310001373291016,55.39500045776367,54.03900146484375,55.349998474121094,40.77970886230469,3984200,0.0,0.0,DOW
2021-02-04 00:00:00-05:00,55.470001220703125,56.369998931884766,54.81999969482422,56.34000015258789,41.509090423583984,4312200,0.0,0.0,DOW
2021-02-05 00:00:00-05:00,56.7400016784668,57.83000183105469,56.439998626708984,57.2400016784668,42.172176361083984,3732500,0.0,0.0,DOW
2021-02-08 00:00:00-05:00,57.75,58.2599983215332,57.209999084472656,57.349998474121094,42.25322341918945,2543200,0.0,0.0,DOW
2021-02-09 00:00:00-05:00,57.5,57.51499938964844,56.369998931884766,56.599998474121094,41.700653076171875,4209500,0.0,0.0,DOW
2021-02-10 00:00:00-05:00,57.0,58.380001068115234,56.47999954223633,57.66999816894531,42.488990783691406,3453000,0.0,0.0,DOW
2021-02-11 00:00:00-05:00,57.810001373291016,57.939998626708984,56.689998626708984,57.66999816894531,42.488990783691406,2326500,0.0,0.0,DOW
2021-02-12 00:00:00-05:00,57.560001373291016,58.27000045776367,57.44499969482422,58.150001525878906,42.8426399230957,1975100,0.0,0.0,DOW
2021-02-16 00:00:00-05:00,58.900001525878906,59.35499954223633,58.540000915527344,58.75,43.284698486328125,4072700,0.0,0.0,DOW
2021-02-17 00:00:00-05:00,58.58000183105469,58.90999984741211,57.61000061035156,58.540000915527344,43.12997055053711,3277800,0.0,0.0,DOW
2021-02-18 00:00:00-05:00,58.29999923706055,58.665000915527344,57.099998474121094,57.560001373291016,42.40793991088867,3112600,0.0,0.0,DOW
2021-02-19 00:00:00-05:00,57.75,60.529998779296875,57.75,60.38999938964844,44.49297332763672,4037100,0.0,0.0,DOW
2021-02-22 00:00:00-05:00,60.619998931884766,62.560001373291016,60.20000076293945,62.47999954223633,46.03281021118164,5672600,0.0,0.0,DOW
2021-02-23 00:00:00-05:00,62.939998626708984,62.970001220703125,61.5099983215332,62.119998931884766,45.767578125,4147200,0.0,0.0,DOW
2021-02-24 00:00:00-05:00,62.0,63.97999954223633,61.94300079345703,63.689998626708984,46.92428970336914,4668600,0.0,0.0,DOW
2021-02-25 00:00:00-05:00,62.47999954223633,62.83700180053711,61.125,61.349998474121094,45.70257568359375,3260300,0.7,0.0,DOW
2021-02-26 00:00:00-05:00,60.849998474121094,61.04999923706055,58.79999923706055,59.310001373291016,44.18287658691406,6399700,0.0,0.0,DOW
2021-03-01 00:00:00-05:00,61.150001525878906,62.27000045776367,60.56999969482422,61.540000915527344,45.8441162109375,4083800,0.0,0.0,DOW
2021-03-02 00:00:00-05:00,62.209999084472656,64.04000091552734,61.79999923706055,62.72999954223633,46.73060607910156,7316000,0.0,0.0,DOW
2021-03-03 00:00:00-05:00,62.5,63.38999938964844,62.0099983215332,62.25,46.37302780151367,5390300,0.0,0.0,DOW
2021-03-04 00:00:00-05:00,62.060001373291016,62.619998931884766,60.09000015258789,61.20000076293945,45.5908317565918,6050400,0.0,0.0,DOW
2021-03-05 00:00:00-05:00,62.119998931884766,63.040000915527344,60.75,62.90999984741211,46.86469268798828,3883800,0.0,0.0,DOW
2021-03-08 00:00:00-05:00,63.16999816894531,64.2699966430664,62.5099983215332,63.439998626708984,47.25951385498047,4437600,0.0,0.0,DOW
2021-03-09 00:00:00-05:00,63.66999816894531,63.709999084472656,61.90999984741211,62.2599983215332,46.3804817199707,5823200,0.0,0.0,DOW
2021-03-10 00:00:00-05:00,62.619998931884766,64.45999908447266,62.369998931884766,64.08999633789062,47.74372863769531,4238500,0.0,0.0,DOW
2021-03-11 00:00:00-05:00,64.33000183105469,65.2699966430664,64.22000122070312,64.31999969482422,47.91507339477539,3651800,0.0,0.0,DOW
2021-03-12 00:00:00-05:00,64.68000030517578,65.05000305175781,63.880001068115234,64.33999633789062,47.929962158203125,2690800,0.0,0.0,DOW
2021-03-15 00:00:00-04:00,64.06999969482422,64.29000091552734,62.45000076293945,62.900001525878906,46.857242584228516,5353300,0.0,0.0,DOW
2021-03-16 00:00:00-04:00,62.689998626708984,63.83000183105469,61.86000061035156,63.18000030517578,47.065826416015625,6461600,0.0,0.0,DOW
2021-03-17 00:00:00-04:00,63.47999954223633,66.25,63.18000030517578,66.01000213623047,49.17403030395508,5138900,0.0,0.0,DOW
2021-03-18 00:00:00-04:00,66.05999755859375,67.2699966430664,64.62999725341797,64.72000122070312,48.21304702758789,4203500,0.0,0.0,DOW
2021-03-19 00:00:00-04:00,64.72000122070312,64.80000305175781,62.65999984741211,63.90999984741211,47.609642028808594,6445800,0.0,0.0,DOW
2021-03-22 00:00:00-04:00,63.79999923706055,63.79999923706055,62.400001525878906,63.5099983215332,47.31165313720703,4631100,0.0,0.0,DOW
2021-03-23 00:00:00-04:00,62.66999816894531,62.6879997253418,60.400001525878906,60.75,45.25560760498047,5523500,0.0,0.0,DOW
2021-03-24 00:00:00-04:00,61.599998474121094,63.41999816894531,61.40299987792969,62.040000915527344,46.216583251953125,4322600,0.0,0.0,DOW
2021-03-25 00:00:00-04:00,61.470001220703125,63.310001373291016,61.25,63.2400016784668,47.11052703857422,3921200,0.0,0.0,DOW
2021-03-26 00:00:00-04:00,63.38999938964844,64.13999938964844,63.09000015258789,63.9900016784668,47.66923904418945,4256300,0.0,0.0,DOW
2021-03-29 00:00:00-04:00,63.619998931884766,65.12000274658203,63.5,63.900001525878906,47.60218811035156,3193700,0.0,0.0,DOW
2021-03-30 00:00:00-04:00,63.720001220703125,64.79000091552734,63.47999954223633,64.61000061035156,48.131103515625,2605100,0.0,0.0,DOW
2021-03-31 00:00:00-04:00,64.2699966430664,64.95999908447266,63.5099983215332,63.939998626708984,47.631988525390625,3643800,0.0,0.0,DOW
2021-04-01 00:00:00-04:00,63.95000076293945,64.72000122070312,63.47999954223633,64.5999984741211,48.123661041259766,3698900,0.0,0.0,DOW
2021-04-05 00:00:00-04:00,65.0,65.22000122070312,64.25,64.58999633789062,48.11620330810547,4077900,0.0,0.0,DOW
2021-04-06 00:00:00-04:00,64.23999786376953,65.38999938964844,64.12999725341797,64.5999984741211,48.123661041259766,3420300,0.0,0.0,DOW
2021-04-07 00:00:00-04:00,64.48999786376953,64.97000122070312,63.65999984741211,63.9900016784668,47.66923904418945,2374000,0.0,0.0,DOW
2021-04-08 00:00:00-04:00,63.86000061035156,64.02999877929688,62.619998931884766,63.189998626708984,47.07327651977539,3638900,0.0,0.0,DOW
2021-04-09 00:00:00-04:00,63.189998626708984,63.560001373291016,62.540000915527344,63.13999938964844,47.03602600097656,3721000,0.0,0.0,DOW
2021-04-12 00:00:00-04:00,63.599998474121094,64.1500015258789,63.29999923706055,63.790000915527344,47.52024841308594,3143800,0.0,0.0,DOW
2021-04-13 00:00:00-04:00,63.59000015258789,63.68000030517578,62.45000076293945,63.310001373291016,47.162681579589844,4471600,0.0,0.0,DOW
2021-04-14 00:00:00-04:00,63.59000015258789,64.77999877929688,63.36000061035156,64.23999786376953,47.855472564697266,4234400,0.0,0.0,DOW
2021-04-15 00:00:00-04:00,64.87999725341797,64.91999816894531,63.79999923706055,64.56999969482422,48.1013069152832,2632500,0.0,0.0,DOW
2021-04-16 00:00:00-04:00,65.2699966430664,65.51000213623047,64.26000213623047,64.68000030517578,48.18324661254883,3698800,0.0,0.0,DOW
2021-04-19 00:00:00-04:00,64.80000305175781,65.04000091552734,63.939998626708984,64.55000305175781,48.08641815185547,2566600,0.0,0.0,DOW
2021-04-20 00:00:00-04:00,64.0,64.05000305175781,62.279998779296875,62.47999954223633,46.544368743896484,4532200,0.0,0.0,DOW
2021-04-21 00:00:00-04:00,62.459999084472656,65.0199966430664,62.375,64.81999969482422,48.28754806518555,4283500,0.0,0.0,DOW
2021-04-22 00:00:00-04:00,64.0,64.05000305175781,60.720001220703125,60.93000030517578,45.38970184326172,12028900,0.0,0.0,DOW
2021-04-23 00:00:00-04:00,61.099998474121094,62.4900016784668,60.45000076293945,62.11000061035156,46.268733978271484,5682300,0.0,0.0,DOW
2021-04-26 00:00:00-04:00,62.36000061035156,62.81999969482422,61.93000030517578,62.20000076293945,46.335777282714844,4871600,0.0,0.0,DOW
2021-04-27 00:00:00-04:00,62.27000045776367,62.849998474121094,61.720001220703125,62.650001525878906,46.6710090637207,3781300,0.0,0.0,DOW
2021-04-28 00:00:00-04:00,63.029998779296875,64.06500244140625,62.70000076293945,63.310001373291016,47.162681579589844,5584300,0.0,0.0,DOW
2021-04-29 00:00:00-04:00,63.81999969482422,64.69000244140625,63.435001373291016,64.05999755859375,47.721378326416016,4366000,0.0,0.0,DOW
2021-04-30 00:00:00-04:00,63.45000076293945,63.709999084472656,62.29999923706055,62.5,46.559261322021484,4932300,0.0,0.0,DOW
2021-05-03 00:00:00-04:00,63.18000030517578,65.03500366210938,63.119998931884766,64.55000305175781,48.08641815185547,6327800,0.0,0.0,DOW
2021-05-04 00:00:00-04:00,64.25,66.2699966430664,63.79999923706055,66.22000122070312,49.33047103881836,7367200,0.0,0.0,DOW
2021-05-05 00:00:00-04:00,66.48999786376953,68.23500061035156,66.13999938964844,68.06999969482422,50.70862579345703,7467100,0.0,0.0,DOW
2021-05-06 00:00:00-04:00,68.0199966430664,69.08999633789062,67.16999816894531,69.04000091552734,51.43122863769531,4670600,0.0,0.0,DOW
2021-05-07 00:00:00-04:00,68.3499984741211,69.31999969482422,67.77999877929688,69.04000091552734,51.43122863769531,5174900,0.0,0.0,DOW
2021-05-10 00:00:00-04:00,69.75,70.5999984741211,68.66000366210938,68.7300033569336,51.20029830932617,5039000,0.0,0.0,DOW
2021-05-11 00:00:00-04:00,67.83999633789062,68.9000015258789,67.19999694824219,68.56999969482422,51.08109664916992,5693400,0.0,0.0,DOW
2021-05-12 00:00:00-04:00,68.75,69.0999984741211,67.4000015258789,67.5999984741211,50.35850143432617,4886200,0.0,0.0,DOW
2021-05-13 00:00:00-04:00,67.45999908447266,68.5999984741211,67.31999969482422,68.08000183105469,50.716068267822266,3068400,0.0,0.0,DOW
2021-05-14 00:00:00-04:00,68.5,70.04000091552734,68.37000274658203,69.83000183105469,52.01974105834961,4817200,0.0,0.0,DOW
2021-05-17 00:00:00-04:00,69.58000183105469,71.08000183105469,69.47000122070312,70.91000366210938,52.82429504394531,3607500,0.0,0.0,DOW
2021-05-18 00:00:00-04:00,71.0,71.37999725341797,69.51000213623047,69.52999877929688,51.79624938964844,3523800,0.0,0.0,DOW
2021-05-19 00:00:00-04:00,68.5,68.91000366210938,67.2699966430664,68.55000305175781,51.06620788574219,4398500,0.0,0.0,DOW
2021-05-20 00:00:00-04:00,68.45999908447266,68.72000122070312,67.86000061035156,68.26000213623047,50.85015869140625,3126500,0.0,0.0,DOW
2021-05-21 00:00:00-04:00,68.68000030517578,69.5999984741211,68.55000305175781,68.83000183105469,51.27479553222656,3855700,0.0,0.0,DOW
2021-05-24 00:00:00-04:00,69.58999633789062,70.01000213623047,69.09500122070312,69.55000305175781,51.8111572265625,3420100,0.0,0.0,DOW
2021-05-25 00:00:00-04:00,69.45999908447266,70.44999694824219,68.95999908447266,69.04000091552734,51.43122863769531,4419400,0.0,0.0,DOW
2021-05-26 00:00:00-04:00,68.83000183105469,69.63999938964844,68.20999908447266,69.56999969482422,51.826053619384766,6059200,0.0,0.0,DOW
2021-05-27 00:00:00-04:00,69.31999969482422,69.95999908447266,68.23999786376953,68.66000366210938,51.66801834106445,6256600,0.7,0.0,DOW
2021-05-28 00:00:00-04:00,69.08000183105469,69.16999816894531,67.70999908447266,68.41999816894531,51.4874153137207,3815200,0.0,0.0,DOW
2021-06-01 00:00:00-04:00,69.16999816894531,70.52999877929688,68.8499984741211,70.41000366210938,52.98492431640625,4139100,0.0,0.0,DOW
2021-06-02 00:00:00-04:00,70.31999969482422,70.31999969482422,68.86000061035156,68.94999694824219,51.88625717163086,4797800,0.0,0.0,DOW
2021-06-03 00:00:00-04:00,69.3499984741211,70.69999694824219,68.44100189208984,70.61000061035156,53.135440826416016,4322500,0.0,0.0,DOW
2021-06-04 00:00:00-04:00,71.0,71.13999938964844,69.87999725341797,70.37000274658203,52.9548225402832,3041900,0.0,0.0,DOW
2021-06-07 00:00:00-04:00,70.37000274658203,70.47000122070312,68.88999938964844,69.23999786376953,52.10448455810547,2803900,0.0,0.0,DOW
2021-06-08 00:00:00-04:00,69.0199966430664,69.72000122070312,68.30999755859375,69.37999725341797,52.20982360839844,3469400,0.0,0.0,DOW
2021-06-09 00:00:00-04:00,69.25,69.51000213623047,68.47000122070312,68.83999633789062,51.803470611572266,3379200,0.0,0.0,DOW
2021-06-10 00:00:00-04:00,69.98999786376953,70.16999816894531,67.94999694824219,67.98999786376953,51.16383361816406,4022000,0.0,0.0,DOW
2021-06-11 00:00:00-04:00,68.47000122070312,69.0199966430664,67.83999633789062,68.0,51.171356201171875,2726100,0.0,0.0,DOW
2021-06-14 00:00:00-04:00,67.83000183105469,68.18000030517578,66.62999725341797,66.95999908447266,50.38874053955078,3712800,0.0,0.0,DOW
2021-06-15 00:00:00-04:00,66.91000366210938,67.42500305175781,66.44000244140625,67.22000122070312,50.58438491821289,3255000,0.0,0.0,DOW
2021-06-16 00:00:00-04:00,67.01000213623047,67.12000274658203,65.19999694824219,65.58999633789062,49.35778045654297,5428800,0.0,0.0,DOW
2021-06-17 00:00:00-04:00,65.7699966430664,65.80000305175781,62.33000183105469,63.540000915527344,47.81511306762695,5696100,0.0,0.0,DOW
2021-06-18 00:00:00-04:00,62.54999923706055,63.04999923706055,61.880001068115234,61.97999954223633,46.64118194580078,8745300,0.0,0.0,DOW
2021-06-21 00:00:00-04:00,63.13999938964844,63.94900131225586,62.790000915527344,63.11000061035156,47.49153137207031,5260000,0.0,0.0,DOW
2021-06-22 00:00:00-04:00,63.459999084472656,63.81999969482422,62.68000030517578,63.5,47.78501510620117,4019100,0.0,0.0,DOW
2021-06-23 00:00:00-04:00,64.0,64.2699966430664,63.099998474121094,63.150001525878906,47.521644592285156,3254400,0.0,0.0,DOW
2021-06-24 00:00:00-04:00,63.779998779296875,63.83000183105469,62.7599983215332,63.11000061035156,47.49153137207031,4253700,0.0,0.0,DOW
2021-06-25 00:00:00-04:00,63.25,63.869998931884766,63.11000061035156,63.290000915527344,47.62699508666992,4259700,0.0,0.0,DOW
2021-06-28 00:00:00-04:00,63.29999923706055,63.29999923706055,62.16999816894531,62.900001525878906,47.333499908447266,2727000,0.0,0.0,DOW
2021-06-29 00:00:00-04:00,63.279998779296875,63.810001373291016,62.58000183105469,62.97999954223633,47.393707275390625,2652900,0.0,0.0,DOW
2021-06-30 00:00:00-04:00,62.849998474121094,63.619998931884766,62.75,63.279998779296875,47.61946487426758,3356500,0.0,0.0,DOW
2021-07-01 00:00:00-04:00,64.22000122070312,64.41999816894531,63.41999816894531,63.5,47.78501510620117,3324700,0.0,0.0,DOW
2021-07-02 00:00:00-04:00,63.33000183105469,63.77000045776367,62.79999923706055,63.5099983215332,47.79254150390625,3172800,0.0,0.0,DOW
2021-07-06 00:00:00-04:00,63.400001525878906,63.45000076293945,61.404998779296875,61.93000030517578,46.60356521606445,3727000,0.0,0.0,DOW
2021-07-07 00:00:00-04:00,61.70000076293945,62.4900016784668,61.09400177001953,62.25,46.844364166259766,3424300,0.0,0.0,DOW
2021-07-08 00:00:00-04:00,61.0,62.02000045776367,60.650001525878906,61.40999984741211,46.21224594116211,4251300,0.0,0.0,DOW
2021-07-09 00:00:00-04:00,62.22999954223633,63.66999816894531,62.099998474121094,63.08000183105469,47.46895980834961,5063200,0.0,0.0,DOW
2021-07-12 00:00:00-04:00,62.560001373291016,63.599998474121094,61.974998474121094,63.220001220703125,47.574317932128906,3100400,0.0,0.0,DOW
2021-07-13 00:00:00-04:00,63.41999816894531,63.689998626708984,62.31999969482422,62.70000076293945,47.18300247192383,3074500,0.0,0.0,DOW
2021-07-14 00:00:00-04:00,62.939998626708984,63.64500045776367,62.16999816894531,62.31999969482422,46.89704513549805,2571700,0.0,0.0,DOW
2021-07-15 00:00:00-04:00,61.79999923706055,62.720001220703125,61.689998626708984,61.90999984741211,46.58851623535156,2745800,0.0,0.0,DOW
2021-07-16 00:00:00-04:00,61.29999923706055,61.720001220703125,59.79999923706055,60.0099983215332,45.158721923828125,6961300,0.0,0.0,DOW
2021-07-19 00:00:00-04:00,58.13999938964844,58.47999954223633,57.05500030517578,57.790000915527344,43.48812484741211,7815400,0.0,0.0,DOW
2021-07-20 00:00:00-04:00,58.13999938964844,59.189998626708984,57.62799835205078,58.619998931884766,44.11271667480469,6771700,0.0,0.0,DOW
2021-07-21 00:00:00-04:00,59.52000045776367,60.04999923706055,59.05500030517578,59.72999954223633,44.94801712036133,7428300,0.0,0.0,DOW
2021-07-22 00:00:00-04:00,58.560001373291016,60.88999938964844,58.0,60.47999954223633,45.51240158081055,7111300,0.0,0.0,DOW
2021-07-23 00:00:00-04:00,60.84000015258789,61.279998779296875,59.79999923706055,60.11000061035156,45.23397445678711,4690500,0.0,0.0,DOW
2021-07-26 00:00:00-04:00,60.20000076293945,62.040000915527344,60.20000076293945,62.0099983215332,46.663753509521484,6534300,0.0,0.0,DOW
2021-07-27 00:00:00-04:00,61.5099983215332,62.41999816894531,60.86000061035156,61.95000076293945,46.618614196777344,3568500,0.0,0.0,DOW
2021-07-28 00:00:00-04:00,61.83000183105469,62.29999923706055,61.060001373291016,61.869998931884766,46.558414459228516,4113600,0.0,0.0,DOW
2021-07-29 00:00:00-04:00,62.439998626708984,62.93000030517578,62.0099983215332,62.599998474121094,47.10774612426758,3708600,0.0,0.0,DOW
2021-07-30 00:00:00-04:00,62.4900016784668,63.224998474121094,61.665000915527344,62.15999984741211,46.776634216308594,4646800,0.0,0.0,DOW
2021-08-02 00:00:00-04:00,62.29999923706055,63.59000015258789,61.189998626708984,61.220001220703125,46.06927490234375,3714500,0.0,0.0,DOW
2021-08-03 00:00:00-04:00,61.150001525878906,62.27000045776367,60.154998779296875,62.22999954223633,46.82931900024414,4819700,0.0,0.0,DOW
2021-08-04 00:00:00-04:00,61.7400016784668,62.20000076293945,60.97999954223633,60.9900016784668,45.89618682861328,3340100,0.0,0.0,DOW
2021-08-05 00:00:00-04:00,61.290000915527344,61.79999923706055,60.900001525878906,61.0,45.90371322631836,3037100,0.0,0.0,DOW
2021-08-06 00:00:00-04:00,61.61000061035156,62.369998931884766,61.54999923706055,62.0,46.656227111816406,3142800,0.0,0.0,DOW
2021-08-09 00:00:00-04:00,61.720001220703125,62.224998474121094,61.36000061035156,61.81999969482422,46.52078628540039,3178100,0.0,0.0,DOW
2021-08-10 00:00:00-04:00,62.02000045776367,63.56999969482422,61.939998626708984,63.119998931884766,47.49905014038086,3560000,0.0,0.0,DOW
2021-08-11 00:00:00-04:00,63.41999816894531,64.30000305175781,63.220001220703125,64.23999786376953,48.34188461303711,3583600,0.0,0.0,DOW
2021-08-12 00:00:00-04:00,64.36000061035156,64.62000274658203,63.303001403808594,64.01000213623047,48.168792724609375,3581400,0.0,0.0,DOW
2021-08-13 00:00:00-04:00,63.970001220703125,64.0999984741211,63.349998474121094,63.689998626708984,47.928001403808594,2385600,0.0,0.0,DOW
2021-08-16 00:00:00-04:00,63.20000076293945,63.595001220703125,62.13999938964844,63.31999969482422,47.649559020996094,3163400,0.0,0.0,DOW
2021-08-17 00:00:00-04:00,62.689998626708984,62.875,61.13999938964844,62.310001373291016,46.889522552490234,3974300,0.0,0.0,DOW
2021-08-18 00:00:00-04:00,61.90999984741211,62.83000183105469,61.709999084472656,61.880001068115234,46.5659294128418,4574000,0.0,0.0,DOW
2021-08-19 00:00:00-04:00,61.040000915527344,61.38999938964844,60.150001525878906,60.54999923706055,45.5650749206543,3981600,0.0,0.0,DOW
2021-08-20 00:00:00-04:00,60.40999984741211,61.11000061035156,60.31999969482422,60.88999938964844,45.82094192504883,3203600,0.0,0.0,DOW
2021-08-23 00:00:00-04:00,61.5,62.41999816894531,61.459999084472656,62.060001373291016,46.701377868652344,3439900,0.0,0.0,DOW
2021-08-24 00:00:00-04:00,62.459999084472656,63.529998779296875,62.459999084472656,63.2599983215332,47.60441207885742,2896000,0.0,0.0,DOW
2021-08-25 00:00:00-04:00,63.29999923706055,64.18000030517578,62.81999969482422,63.869998931884766,48.06344985961914,3246700,0.0,0.0,DOW
2021-08-26 00:00:00-04:00,63.84000015258789,64.55999755859375,63.470001220703125,63.650001525878906,47.89789962768555,3618500,0.0,0.0,DOW
2021-08-27 00:00:00-04:00,64.19000244140625,65.8550033569336,64.12000274658203,65.37999725341797,49.19974136352539,5348700,0.0,0.0,DOW
2021-08-30 00:00:00-04:00,65.0,65.3280029296875,63.95000076293945,63.97999954223633,48.66729736328125,3925000,0.7,0.0,DOW
2021-08-31 00:00:00-04:00,63.70000076293945,63.880001068115234,62.689998626708984,62.900001525878906,47.84577178955078,5450000,0.0,0.0,DOW
2021-09-01 00:00:00-04:00,62.83000183105469,63.0,61.810001373291016,62.540000915527344,47.571937561035156,3949200,0.0,0.0,DOW
2021-09-02 00:00:00-04:00,62.7599983215332,63.36000061035156,62.41999816894531,62.619998931884766,47.63278579711914,3414600,0.0,0.0,DOW
2021-09-03 00:00:00-04:00,62.45000076293945,62.82500076293945,61.66999816894531,62.119998931884766,47.2524528503418,3690400,0.0,0.0,DOW
2021-09-07 00:00:00-04:00,61.97999954223633,62.29999923706055,61.63999938964844,61.869998931884766,47.062294006347656,2514300,0.0,0.0,DOW
2021-09-08 00:00:00-04:00,61.83000183105469,62.11000061035156,60.5099983215332,60.689998626708984,46.16470718383789,4629000,0.0,0.0,DOW
2021-09-09 00:00:00-04:00,60.25,61.189998626708984,60.06999969482422,60.279998779296875,45.85283279418945,4439100,0.0,0.0,DOW
2021-09-10 00:00:00-04:00,60.849998474121094,61.439998626708984,60.34000015258789,60.40999984741211,45.95171356201172,4093300,0.0,0.0,DOW
2021-09-13 00:00:00-04:00,61.27000045776367,61.59000015258789,60.21500015258789,60.720001220703125,46.187530517578125,4549200,0.0,0.0,DOW
2021-09-14 00:00:00-04:00,61.2400016784668,61.29999923706055,59.52199935913086,59.650001525878906,45.37361145019531,4493600,0.0,0.0,DOW
2021-09-15 00:00:00-04:00,59.75,60.66999816894531,59.66999816894531,60.20000076293945,45.79197692871094,5167600,0.0,0.0,DOW
2021-09-16 00:00:00-04:00,60.13999938964844,60.31999969482422,59.06999969482422,59.470001220703125,45.236698150634766,4650700,0.0,0.0,DOW
2021-09-17 00:00:00-04:00,58.79999923706055,59.16999816894531,57.470001220703125,57.75,43.92835235595703,9622900,0.0,0.0,DOW
2021-09-20 00:00:00-04:00,56.2599983215332,57.130001068115234,55.310001373291016,56.18000030517578,42.734107971191406,7683900,0.0,0.0,DOW
2021-09-21 00:00:00-04:00,56.59000015258789,56.86000061035156,55.209999084472656,55.529998779296875,42.239681243896484,6156400,0.0,0.0,DOW
2021-09-22 00:00:00-04:00,56.2599983215332,56.97999954223633,56.255001068115234,56.29999923706055,42.825382232666016,6823800,0.0,0.0,DOW
2021-09-23 00:00:00-04:00,56.77000045776367,58.04499816894531,56.599998474121094,57.43000030517578,43.684940338134766,7814100,0.0,0.0,DOW
2021-09-24 00:00:00-04:00,57.20000076293945,57.34000015258789,56.7400016784668,56.810001373291016,43.21332931518555,7964900,0.0,0.0,DOW
2021-09-27 00:00:00-04:00,56.880001068115234,60.380001068115234,56.880001068115234,59.689998626708984,45.40403366088867,12374000,0.0,0.0,DOW
2021-09-28 00:00:00-04:00,60.150001525878906,60.64500045776367,59.13999938964844,59.459999084472656,45.22908020019531,6681800,0.0,0.0,DOW
2021-09-29 00:00:00-04:00,59.459999084472656,59.599998474121094,58.77000045776367,58.81999969482422,44.74226379394531,4578800,0.0,0.0,DOW
2021-09-30 00:00:00-04:00,58.91999816894531,59.16999816894531,57.54999923706055,57.560001373291016,43.78382873535156,4929000,0.0,0.0,DOW
2021-10-01 00:00:00-04:00,57.66999816894531,59.0099983215332,57.25,58.58000183105469,44.55970764160156,6925300,0.0,0.0,DOW
2021-10-04 00:00:00-04:00,58.58000183105469,59.0,57.68000030517578,58.2400016784668,44.301082611083984,5652900,0.0,0.0,DOW
2021-10-05 00:00:00-04:00,58.2599983215332,59.44499969482422,58.099998474121094,59.099998474121094,44.95524978637695,5646200,0.0,0.0,DOW
2021-10-06 00:00:00-04:00,58.36000061035156,58.56999969482422,56.29999923706055,57.15999984741211,43.479557037353516,8699100,0.0,0.0,DOW
2021-10-07 00:00:00-04:00,57.88999938964844,59.470001220703125,57.790000915527344,58.5099983215332,44.50645065307617,7235900,0.0,0.0,DOW
2021-10-08 00:00:00-04:00,58.810001373291016,59.290000915527344,58.400001525878906,58.709999084472656,44.65858459472656,4260200,0.0,0.0,DOW
2021-10-11 00:00:00-04:00,59.25,59.779998779296875,58.209999084472656,58.22999954223633,44.29346466064453,4139000,0.0,0.0,DOW
2021-10-12 00:00:00-04:00,58.02000045776367,58.369998931884766,57.5,57.7400016784668,43.920745849609375,5443800,0.0,0.0,DOW
2021-10-13 00:00:00-04:00,57.91999816894531,58.04999923706055,56.650001525878906,56.90999984741211,43.289405822753906,7689800,0.0,0.0,DOW
2021-10-14 00:00:00-04:00,57.43000030517578,58.779998779296875,57.13999938964844,58.7400016784668,44.68141174316406,6430400,0.0,0.0,DOW
2021-10-15 00:00:00-04:00,59.470001220703125,59.72999954223633,58.84000015258789,58.959999084472656,44.848751068115234,4288200,0.0,0.0,DOW
2021-10-18 00:00:00-04:00,57.70000076293945,59.38999938964844,57.599998474121094,58.95000076293945,44.84115219116211,4660100,0.0,0.0,DOW
2021-10-19 00:00:00-04:00,59.09000015258789,59.27000045776367,58.540000915527344,59.189998626708984,45.023712158203125,3650600,0.0,0.0,DOW
2021-10-20 00:00:00-04:00,59.15999984741211,60.608001708984375,58.941001892089844,59.88999938964844,45.55617904663086,5875300,0.0,0.0,DOW
2021-10-21 00:00:00-04:00,60.06999969482422,61.16999816894531,57.959999084472656,59.2599983215332,45.07695388793945,8916600,0.0,0.0,DOW
2021-10-22 00:00:00-04:00,59.63999938964844,60.189998626708984,58.380001068115234,58.400001525878906,44.422786712646484,5889500,0.0,0.0,DOW
2021-10-25 00:00:00-04:00,59.2400016784668,59.53499984741211,58.61000061035156,58.709999084472656,44.65858459472656,6293200,0.0,0.0,DOW
2021-10-26 00:00:00-04:00,58.709999084472656,59.7599983215332,58.18000030517578,58.709999084472656,44.65858459472656,6875200,0.0,0.0,DOW
2021-10-27 00:00:00-04:00,58.58000183105469,58.58000183105469,55.900001525878906,56.0,42.59719467163086,11512700,0.0,0.0,DOW
2021-10-28 00:00:00-04:00,56.25,56.86000061035156,56.209999084472656,56.56999969482422,43.030765533447266,5974400,0.0,0.0,DOW
2021-10-29 00:00:00-04:00,56.130001068115234,56.650001525878906,55.65999984741211,55.970001220703125,42.574363708496094,5894900,0.0,0.0,DOW
2021-11-01 00:00:00-04:00,56.0099983215332,57.97999954223633,56.0099983215332,57.439998626708984,43.69254684448242,7562000,0.0,0.0,DOW
2021-11-02 00:00:00-04:00,57.63999938964844,58.7400016784668,57.2400016784668,58.470001220703125,44.476036071777344,5929500,0.0,0.0,DOW
2021-11-03 00:00:00-04:00,58.4900016784668,59.584999084472656,58.09000015258789,59.04999923706055,44.917213439941406,6234300,0.0,0.0,DOW
2021-11-04 00:00:00-04:00,59.0,59.01499938964844,56.79499816894531,57.16999816894531,43.48716735839844,9047900,0.0,0.0,DOW
2021-11-05 00:00:00-04:00,57.2400016784668,58.744998931884766,57.2400016784668,58.310001373291016,44.35432434082031,4979100,0.0,0.0,DOW
2021-11-08 00:00:00-05:00,58.93000030517578,59.68000030517578,58.29499816894531,58.56999969482422,44.55209732055664,4894100,0.0,0.0,DOW
2021-11-09 00:00:00-05:00,58.540000915527344,59.119998931884766,58.39500045776367,58.790000915527344,44.719444274902344,4447800,0.0,0.0,DOW
2021-11-10 00:00:00-05:00,58.84000015258789,59.290000915527344,58.4900016784668,58.7599983215332,44.69662094116211,5103900,0.0,0.0,DOW
2021-11-11 00:00:00-05:00,59.08000183105469,59.97999954223633,59.02000045776367,59.68000030517578,45.39643096923828,4140400,0.0,0.0,DOW
2021-11-12 00:00:00-05:00,59.790000915527344,60.54999923706055,59.459999084472656,60.060001373291016,45.68548583984375,3499400,0.0,0.0,DOW
2021-11-15 00:00:00-05:00,60.5,60.81999969482422,59.779998779296875,59.91999816894531,45.5789909362793,3470400,0.0,0.0,DOW
2021-11-16 00:00:00-05:00,59.970001220703125,59.9900016784668,58.84000015258789,58.86000061035156,44.77268600463867,4004700,0.0,0.0,DOW
2021-11-17 00:00:00-05:00,58.68000030517578,58.97999954223633,58.16999816894531,58.34000015258789,44.377140045166016,3342400,0.0,0.0,DOW
2021-11-18 00:00:00-05:00,58.349998474121094,58.369998931884766,57.66999816894531,57.97999954223633,44.10330581665039,3801500,0.0,0.0,DOW
2021-11-19 00:00:00-05:00,57.45000076293945,57.52000045776367,56.029998779296875,57.34000015258789,43.61647415161133,7424300,0.0,0.0,DOW
2021-11-22 00:00:00-05:00,57.560001373291016,59.290000915527344,57.40999984741211,58.790000915527344,44.719444274902344,5309200,0.0,0.0,DOW
2021-11-23 00:00:00-05:00,59.34000015258789,59.720001220703125,58.83000183105469,59.18000030517578,45.0161018371582,5279400,0.0,0.0,DOW
2021-11-24 00:00:00-05:00,58.900001525878906,59.369998931884766,58.59000015258789,58.630001068115234,44.59773254394531,3307100,0.0,0.0,DOW
2021-11-26 00:00:00-05:00,56.63999938964844,57.77000045776367,55.97999954223633,57.599998474121094,43.814247131347656,4317500,0.0,0.0,DOW
2021-11-29 00:00:00-05:00,57.900001525878906,58.380001068115234,56.380001068115234,56.86000061035156,43.7834587097168,4564300,0.7,0.0,DOW
2021-11-30 00:00:00-05:00,56.2599983215332,56.4900016784668,54.40999984741211,54.93000030517578,42.29730987548828,10398200,0.0,0.0,DOW
2021-12-01 00:00:00-05:00,55.4900016784668,55.79999923706055,52.70000076293945,52.7599983215332,40.62636184692383,9113300,0.0,0.0,DOW
2021-12-02 00:00:00-05:00,52.5,53.474998474121094,52.06999969482422,53.18000030517578,40.949771881103516,7333300,0.0,0.0,DOW
2021-12-03 00:00:00-05:00,53.0,53.81999969482422,52.72999954223633,53.06999969482422,40.86507034301758,6969100,0.0,0.0,DOW
2021-12-06 00:00:00-05:00,54.36000061035156,54.71799850463867,53.84000015258789,53.880001068115234,41.488792419433594,6066400,0.0,0.0,DOW
2021-12-07 00:00:00-05:00,54.45000076293945,55.380001068115234,54.27000045776367,54.86000061035156,42.243408203125,5806900,0.0,0.0,DOW
2021-12-08 00:00:00-05:00,55.310001373291016,55.47999954223633,54.779998779296875,54.90999984741211,42.28190994262695,5013700,0.0,0.0,DOW
2021-12-09 00:00:00-05:00,54.2400016784668,54.58000183105469,53.724998474121094,54.38999938964844,41.881500244140625,5607700,0.0,0.0,DOW
2021-12-10 00:00:00-05:00,55.150001525878906,55.2599983215332,54.28499984741211,54.68000030517578,42.10480499267578,3628600,0.0,0.0,DOW
2021-12-13 00:00:00-05:00,54.459999084472656,54.650001525878906,53.06700134277344,53.31999969482422,41.05757141113281,5398800,0.0,0.0,DOW
2021-12-14 00:00:00-05:00,53.25,54.5,53.13800048828125,53.880001068115234,41.488792419433594,4048700,0.0,0.0,DOW
2021-12-15 00:00:00-05:00,53.790000915527344,54.06999969482422,52.86000061035156,54.040000915527344,41.61198425292969,4955200,0.0,0.0,DOW
2021-12-16 00:00:00-05:00,54.43000030517578,55.36000061035156,54.27000045776367,54.599998474121094,42.04319381713867,5605900,0.0,0.0,DOW
2021-12-17 00:00:00-05:00,54.529998779296875,54.665000915527344,53.380001068115234,54.099998474121094,41.6581916809082,10400000,0.0,0.0,DOW
2021-12-20 00:00:00-05:00,53.099998474121094,53.59000015258789,52.470001220703125,53.5099983215332,41.20387268066406,6251000,0.0,0.0,DOW
2021-12-21 00:00:00-05:00,54.16999816894531,54.810001373291016,53.900001525878906,54.20000076293945,41.73519515991211,4422000,0.0,0.0,DOW
2021-12-22 00:00:00-05:00,54.119998931884766,54.380001068115234,53.63999938964844,54.22999954223633,41.758296966552734,3729600,0.0,0.0,DOW
2021-12-23 00:00:00-05:00,54.5,55.702999114990234,54.349998474121094,55.13999938964844,42.459014892578125,6240200,0.0,0.0,DOW
2021-12-27 00:00:00-05:00,55.310001373291016,55.88999938964844,55.16999816894531,55.869998931884766,43.0211296081543,3249000,0.0,0.0,DOW
2021-12-28 00:00:00-05:00,56.0099983215332,57.0,55.90999984741211,56.630001068115234,43.606346130371094,4748100,0.0,0.0,DOW
2021-12-29 00:00:00-05:00,56.66999816894531,57.11000061035156,56.560001373291016,57.060001373291016,43.937461853027344,3580900,0.0,0.0,DOW
2021-12-30 00:00:00-05:00,57.20000076293945,57.83000183105469,56.724998474121094,56.779998779296875,43.72184371948242,3678700,0.0,0.0,DOW
2021-12-31 00:00:00-05:00,56.84000015258789,56.99100112915039,56.29499816894531,56.720001220703125,43.67565155029297,3093900,0.0,0.0,DOW
2022-01-03 00:00:00-05:00,57.20000076293945,57.900001525878906,56.790000915527344,56.869998931884766,43.79115295410156,5231900,0.0,0.0,DOW
2022-01-04 00:00:00-05:00,57.25,58.70000076293945,57.099998474121094,58.40999984741211,44.97698974609375,9068000,0.0,0.0,DOW
2022-01-05 00:00:00-05:00,58.790000915527344,59.59000015258789,58.314998626708984,58.349998474121094,44.9307861328125,6706300,0.0,0.0,DOW
2022-01-06 00:00:00-05:00,58.4900016784668,58.86000061035156,57.2400016784668,58.2400016784668,44.84608840942383,5820800,0.0,0.0,DOW
2022-01-07 00:00:00-05:00,58.630001068115234,59.51499938964844,58.43000030517578,59.099998474121094,45.508304595947266,4633100,0.0,0.0,DOW
2022-01-10 00:00:00-05:00,58.84000015258789,59.29999923706055,57.98500061035156,58.400001525878906,44.96928787231445,5544300,0.0,0.0,DOW
2022-01-11 00:00:00-05:00,59.04999923706055,59.470001220703125,58.40999984741211,59.18000030517578,45.56990432739258,5720400,0.0,0.0,DOW
2022-01-12 00:00:00-05:00,59.51499938964844,60.13999938964844,58.88999938964844,59.2599983215332,45.63150405883789,3742400,0.0,0.0,DOW
2022-01-13 00:00:00-05:00,59.29999923706055,60.22700119018555,59.207000732421875,59.939998626708984,46.155120849609375,4482600,0.0,0.0,DOW
2022-01-14 00:00:00-05:00,59.709999084472656,60.83000183105469,59.290000915527344,60.7400016784668,46.771141052246094,6795300,0.0,0.0,DOW
2022-01-18 00:00:00-05:00,60.7599983215332,61.14899826049805,59.56999969482422,60.20000076293945,46.355323791503906,4796900,0.0,0.0,DOW
2022-01-19 00:00:00-05:00,60.7599983215332,60.91999816894531,59.38999938964844,59.84000015258789,46.078125,4351100,0.0,0.0,DOW
2022-01-20 00:00:00-05:00,59.900001525878906,60.04999923706055,57.77000045776367,57.810001373291016,44.514976501464844,5765700,0.0,0.0,DOW
2022-01-21 00:00:00-05:00,57.68000030517578,57.77000045776367,56.540000915527344,56.720001220703125,43.67565155029297,6189500,0.0,0.0,DOW
2022-01-24 00:00:00-05:00,55.70000076293945,56.81999969482422,54.599998474121094,56.619998931884766,43.5986442565918,8872700,0.0,0.0,DOW
2022-01-25 00:00:00-05:00,55.88999938964844,57.459999084472656,54.638999938964844,57.18000030517578,44.02986145019531,5644100,0.0,0.0,DOW
2022-01-26 00:00:00-05:00,57.43000030517578,58.25,56.650001525878906,57.220001220703125,44.06066131591797,6126000,0.0,0.0,DOW
2022-01-27 00:00:00-05:00,58.7400016784668,61.290000915527344,58.7400016784668,60.18000030517578,46.33992385864258,11664200,0.0,0.0,DOW
2022-01-28 00:00:00-05:00,60.709999084472656,61.099998474121094,59.06999969482422,60.040000915527344,46.232120513916016,6971900,0.0,0.0,DOW
2022-01-31 00:00:00-05:00,59.5,60.04999923706055,58.279998779296875,59.72999954223633,45.9934196472168,8056100,0.0,0.0,DOW
2022-02-01 00:00:00-05:00,59.79999923706055,61.9900016784668,59.70000076293945,61.810001373291016,47.59506607055664,6659400,0.0,0.0,DOW
2022-02-02 00:00:00-05:00,61.709999084472656,62.4900016784668,61.119998931884766,61.65999984741211,47.479557037353516,5463400,0.0,0.0,DOW
2022-02-03 00:00:00-05:00,61.5,62.44499969482422,61.154998779296875,61.209999084472656,47.13304901123047,5363800,0.0,0.0,DOW
2022-02-04 00:00:00-05:00,61.20000076293945,61.720001220703125,60.540000915527344,60.599998474121094,46.663330078125,4995100,0.0,0.0,DOW
2022-02-07 00:00:00-05:00,60.93000030517578,61.099998474121094,59.72999954223633,59.90999984741211,46.13201904296875,6214400,0.0,0.0,DOW
2022-02-08 00:00:00-05:00,60.380001068115234,61.16999816894531,60.380001068115234,61.09000015258789,47.040645599365234,5595500,0.0,0.0,DOW
2022-02-09 00:00:00-05:00,61.4900016784668,62.22999954223633,61.25,61.9900016784668,47.733665466308594,5515900,0.0,0.0,DOW
2022-02-10 00:00:00-05:00,61.88999938964844,62.459999084472656,60.709999084472656,60.95000076293945,46.93284606933594,6537200,0.0,0.0,DOW
2022-02-11 00:00:00-05:00,60.79999923706055,61.90999984741211,60.349998474121094,61.09000015258789,47.040645599365234,6042100,0.0,0.0,DOW
2022-02-14 00:00:00-05:00,61.099998474121094,61.369998931884766,60.125,60.83000183105469,46.84043884277344,4472000,0.0,0.0,DOW
2022-02-15 00:00:00-05:00,60.81999969482422,62.0099983215332,60.709999084472656,61.86000061035156,47.63356399536133,4076800,0.0,0.0,DOW
2022-02-16 00:00:00-05:00,61.650001525878906,62.90999984741211,61.619998931884766,62.08000183105469,47.80296325683594,5613600,0.0,0.0,DOW
2022-02-17 00:00:00-05:00,61.36000061035156,62.10499954223633,60.625,61.16999816894531,47.10225296020508,3927800,0.0,0.0,DOW
2022-02-18 00:00:00-05:00,60.75,61.31999969482422,60.189998626708984,60.59000015258789,46.655635833740234,5078900,0.0,0.0,DOW
2022-02-22 00:00:00-05:00,60.91999816894531,61.040000915527344,59.939998626708984,60.29999923706055,46.43233108520508,5664000,0.0,0.0,DOW
2022-02-23 00:00:00-05:00,60.869998931884766,61.189998626708984,59.875,59.970001220703125,46.178218841552734,5155100,0.0,0.0,DOW
2022-02-24 00:00:00-05:00,58.88999938964844,58.970001220703125,57.52000045776367,58.720001220703125,45.21569061279297,8108500,0.0,0.0,DOW
2022-02-25 00:00:00-05:00,58.41999816894531,60.14500045776367,58.31999969482422,59.650001525878906,46.48596954345703,5445200,0.7,0.0,DOW
2022-02-28 00:00:00-05:00,58.31999969482422,59.18000030517578,58.0099983215332,58.959999084472656,45.948238372802734,6438200,0.0,0.0,DOW
2022-03-01 00:00:00-05:00,59.119998931884766,59.30500030517578,56.27000045776367,57.130001068115234,44.52210998535156,7668100,0.0,0.0,DOW
2022-03-02 00:00:00-05:00,57.54999923706055,59.790000915527344,57.5099983215332,59.20000076293945,46.135284423828125,6499800,0.0,0.0,DOW
2022-03-03 00:00:00-05:00,59.290000915527344,59.939998626708984,58.7400016784668,59.66999816894531,46.501556396484375,4514800,0.0,0.0,DOW
2022-03-04 00:00:00-05:00,58.400001525878906,58.875,57.83000183105469,58.83000183105469,45.8469352722168,5869500,0.0,0.0,DOW
2022-03-07 00:00:00-05:00,58.75,59.11000061035156,57.64500045776367,57.97999954223633,45.18452072143555,6987800,0.0,0.0,DOW
2022-03-08 00:00:00-05:00,58.11000061035156,59.220001220703125,57.619998931884766,57.84000015258789,45.07542037963867,6583400,0.0,0.0,DOW
2022-03-09 00:00:00-05:00,59.25,60.900001525878906,58.939998626708984,59.79999923706055,46.602867126464844,7484700,0.0,0.0,DOW
2022-03-10 00:00:00-05:00,59.2400016784668,61.040000915527344,59.22999954223633,60.630001068115234,47.24969482421875,5421000,0.0,0.0,DOW
2022-03-11 00:00:00-05:00,61.060001373291016,62.4900016784668,60.869998931884766,60.90999984741211,47.46791076660156,6140000,0.0,0.0,DOW
2022-03-14 00:00:00-04:00,61.369998931884766,62.029998779296875,59.77000045776367,60.279998779296875,46.97694396972656,5836200,0.0,0.0,DOW
2022-03-15 00:00:00-04:00,59.869998931884766,60.26499938964844,57.619998931884766,58.869998931884766,45.878108978271484,8354400,0.0,0.0,DOW
2022-03-16 00:00:00-04:00,59.15999984741211,60.150001525878906,58.720001220703125,59.63999938964844,46.47817611694336,6154800,0.0,0.0,DOW
2022-03-17 00:00:00-04:00,59.380001068115234,62.880001068115234,59.13999938964844,62.84000015258789,48.97197723388672,9420600,0.0,0.0,DOW
2022-03-18 00:00:00-04:00,62.22999954223633,63.43000030517578,61.80500030517578,62.38999938964844,48.62128829956055,9510800,0.0,0.0,DOW
2022-03-21 00:00:00-04:00,63.119998931884766,63.720001220703125,62.529998779296875,63.34000015258789,49.36163330078125,4836500,0.0,0.0,DOW
2022-03-22 00:00:00-04:00,64.0,64.52999877929688,63.2400016784668,63.54999923706055,49.52529525756836,5136700,0.0,0.0,DOW
2022-03-23 00:00:00-04:00,63.400001525878906,63.84000015258789,63.02000045776367,63.29999923706055,49.33045959472656,2936100,0.0,0.0,DOW
2022-03-24 00:00:00-04:00,63.7599983215332,64.19999694824219,63.40999984741211,64.08999633789062,49.94611358642578,3611400,0.0,0.0,DOW
2022-03-25 00:00:00-04:00,64.08999633789062,64.7300033569336,63.84000015258789,64.69999694824219,50.42149353027344,3962900,0.0,0.0,DOW
2022-03-28 00:00:00-04:00,64.30000305175781,64.55000305175781,63.040000915527344,64.11000061035156,49.961708068847656,3879300,0.0,0.0,DOW
2022-03-29 00:00:00-04:00,63.95000076293945,64.31999969482422,62.81999969482422,64.19000244140625,50.024051666259766,4225600,0.0,0.0,DOW
2022-03-30 00:00:00-04:00,64.4800033569336,64.94000244140625,64.02999877929688,64.26000213623047,50.07859420776367,3145900,0.0,0.0,DOW
2022-03-31 00:00:00-04:00,64.1500015258789,64.78500366210938,63.709999084472656,63.720001220703125,49.65777587890625,4302100,0.0,0.0,DOW
2022-04-01 00:00:00-04:00,64.29000091552734,64.93000030517578,63.439998626708984,64.18000030517578,50.01626205444336,3317100,0.0,0.0,DOW
2022-04-04 00:00:00-04:00,64.51000213623047,64.51000213623047,63.31999969482422,64.01000213623047,49.88376998901367,3650000,0.0,0.0,DOW
2022-04-05 00:00:00-04:00,64.0,64.63999938964844,63.40999984741211,63.4900016784668,49.47853088378906,3432500,0.0,0.0,DOW
2022-04-06 00:00:00-04:00,63.209999084472656,63.290000915527344,61.290000915527344,61.66999816894531,48.060176849365234,4977000,0.0,0.0,DOW
2022-04-07 00:00:00-04:00,61.79999923706055,61.79999923706055,60.029998779296875,61.25,47.732872009277344,4644800,0.0,0.0,DOW
2022-04-08 00:00:00-04:00,61.77000045776367,62.279998779296875,61.31999969482422,61.68000030517578,48.06797790527344,3913900,0.0,0.0,DOW
2022-04-11 00:00:00-04:00,61.349998474121094,62.619998931884766,61.150001525878906,61.95000076293945,48.27839279174805,2760400,0.0,0.0,DOW
2022-04-12 00:00:00-04:00,62.5099983215332,63.75,62.290000915527344,63.2599983215332,49.299285888671875,4137300,0.0,0.0,DOW
2022-04-13 00:00:00-04:00,63.4900016784668,64.2300033569336,63.220001220703125,64.16000366210938,50.00067138671875,3465600,0.0,0.0,DOW
2022-04-14 00:00:00-04:00,64.48999786376953,66.0,64.38999938964844,65.48999786376953,51.037147521972656,7000200,0.0,0.0,DOW
2022-04-18 00:00:00-04:00,65.48999786376953,66.4800033569336,65.30000305175781,65.87999725341797,51.34108352661133,4958900,0.0,0.0,DOW
2022-04-19 00:00:00-04:00,66.02999877929688,67.3499984741211,65.91000366210938,67.05000305175781,52.25288009643555,5292500,0.0,0.0,DOW
2022-04-20 00:00:00-04:00,67.06999969482422,68.16999816894531,67.04000091552734,67.54000091552734,52.63473892211914,5021500,0.0,0.0,DOW
2022-04-21 00:00:00-04:00,69.0,71.86000061035156,68.88999938964844,69.51000213623047,54.16999053955078,10282500,0.0,0.0,DOW
2022-04-22 00:00:00-04:00,70.06999969482422,71.2300033569336,68.23999786376953,68.5,53.38288879394531,7439400,0.0,0.0,DOW
2022-04-25 00:00:00-04:00,67.41000366210938,68.33999633789062,65.52999877929688,68.06999969482422,53.04777526855469,7252100,0.0,0.0,DOW
2022-04-26 00:00:00-04:00,68.23999786376953,68.9800033569336,67.3499984741211,67.37000274658203,52.50226974487305,6612800,0.0,0.0,DOW
2022-04-27 00:00:00-04:00,68.12000274658203,68.33000183105469,67.0510025024414,67.44999694824219,52.56460189819336,5412300,0.0,0.0,DOW
2022-04-28 00:00:00-04:00,68.04000091552734,68.04000091552734,66.11000061035156,67.80999755859375,52.845157623291016,5532300,0.0,0.0,DOW
2022-04-29 00:00:00-04:00,68.12000274658203,68.71499633789062,66.30999755859375,66.5,51.82426071166992,6499800,0.0,0.0,DOW
2022-05-02 00:00:00-04:00,67.1500015258789,67.30999755859375,65.80999755859375,67.05999755859375,52.26066970825195,7250100,0.0,0.0,DOW
2022-05-03 00:00:00-04:00,67.12000274658203,68.33000183105469,67.05999755859375,68.1500015258789,53.11012268066406,4599500,0.0,0.0,DOW
2022-05-04 00:00:00-04:00,68.81999969482422,70.77999877929688,68.43000030517578,70.61000061035156,55.02722930908203,5589800,0.0,0.0,DOW
2022-05-05 00:00:00-04:00,70.26000213623047,70.36000061035156,67.52999877929688,68.47000122070312,53.359500885009766,6530600,0.0,0.0,DOW
2022-05-06 00:00:00-04:00,68.06999969482422,68.37000274658203,66.6500015258789,67.93000030517578,52.93867111206055,5807800,0.0,0.0,DOW
2022-05-09 00:00:00-04:00,66.83999633789062,67.80999755859375,66.47000122070312,66.62999725341797,51.92557144165039,7266900,0.0,0.0,DOW
2022-05-10 00:00:00-04:00,67.43000030517578,67.8499984741211,65.27999877929688,65.80999755859375,51.286537170410156,7885500,0.0,0.0,DOW
2022-05-11 00:00:00-04:00,66.4000015258789,68.5,65.81999969482422,66.79000091552734,52.050262451171875,5683300,0.0,0.0,DOW
2022-05-12 00:00:00-04:00,66.52999877929688,67.38999938964844,65.66500091552734,67.04000091552734,52.24509048461914,6035700,0.0,0.0,DOW
2022-05-13 00:00:00-04:00,67.5,68.31999969482422,67.26000213623047,67.55999755859375,52.650333404541016,3924400,0.0,0.0,DOW
2022-05-16 00:00:00-04:00,67.30999755859375,68.59600067138672,66.68000030517578,67.9800033569336,52.977638244628906,4028300,0.0,0.0,DOW
2022-05-17 00:00:00-04:00,69.61000061035156,70.29100036621094,68.9000015258789,69.97000122070312,54.52847671508789,4502600,0.0,0.0,DOW
2022-05-18 00:00:00-04:00,69.41000366210938,70.37999725341797,68.49500274658203,68.91000366210938,53.702396392822266,4623900,0.0,0.0,DOW
2022-05-19 00:00:00-04:00,68.30999755859375,69.56999969482422,67.80000305175781,68.76000213623047,53.58549880981445,4988400,0.0,0.0,DOW
2022-05-20 00:00:00-04:00,68.87999725341797,69.7300033569336,66.87000274658203,68.11000061035156,53.078956604003906,5232200,0.0,0.0,DOW
2022-05-23 00:00:00-04:00,67.80000305175781,68.12999725341797,66.83999633789062,67.48999786376953,52.59577178955078,6582300,0.0,0.0,DOW
2022-05-24 00:00:00-04:00,67.19999694824219,67.38999938964844,65.47000122070312,67.06999969482422,52.268470764160156,4664400,0.0,0.0,DOW
2022-05-25 00:00:00-04:00,66.70999908447266,67.68000030517578,66.4000015258789,67.30000305175781,52.447715759277344,6264900,0.0,0.0,DOW
2022-05-26 00:00:00-04:00,67.16999816894531,68.29000091552734,66.91000366210938,67.83999633789062,52.86853790283203,5732800,0.0,0.0,DOW
2022-05-27 00:00:00-04:00,67.58999633789062,69.06999969482422,67.31999969482422,69.05999755859375,54.38041305541992,4784300,0.7,0.0,DOW
2022-05-31 00:00:00-04:00,68.63999938964844,68.75,67.61499786376953,67.9800033569336,53.52998733520508,7876000,0.0,0.0,DOW
2022-06-01 00:00:00-04:00,68.6500015258789,69.78800201416016,67.99500274658203,68.11000061035156,53.63235092163086,5958100,0.0,0.0,DOW
2022-06-02 00:00:00-04:00,68.43000030517578,68.97000122070312,67.0999984741211,68.0999984741211,53.62448501586914,4598700,0.0,0.0,DOW
2022-06-03 00:00:00-04:00,67.58999633789062,68.16000366210938,66.68000030517578,67.02999877929688,52.78192138671875,4966800,0.0,0.0,DOW
2022-06-06 00:00:00-04:00,67.04000091552734,67.61000061035156,66.66999816894531,67.06999969482422,52.81341552734375,3117300,0.0,0.0,DOW
2022-06-07 00:00:00-04:00,66.76000213623047,67.45999908447266,66.41999816894531,67.37000274658203,53.049659729003906,4873800,0.0,0.0,DOW
2022-06-08 00:00:00-04:00,67.05999755859375,67.80999755859375,66.8499984741211,67.23999786376953,52.9472770690918,3200900,0.0,0.0,DOW
2022-06-09 00:00:00-04:00,66.9000015258789,67.01499938964844,65.80999755859375,65.86000061035156,51.86061096191406,3113400,0.0,0.0,DOW
2022-06-10 00:00:00-04:00,65.01000213623047,65.08000183105469,61.86000061035156,61.869998931884766,48.718746185302734,6448900,0.0,0.0,DOW
2022-06-13 00:00:00-04:00,60.4900016784668,60.58000183105469,57.970001220703125,58.68000030517578,46.206817626953125,8509300,0.0,0.0,DOW
2022-06-14 00:00:00-04:00,58.279998779296875,59.130001068115234,57.459999084472656,58.560001373291016,46.112335205078125,7128900,0.0,0.0,DOW
2022-06-15 00:00:00-04:00,59.02000045776367,59.65999984741211,56.76499938964844,57.40999984741211,45.2067756652832,6387900,0.0,0.0,DOW
2022-06-16 00:00:00-04:00,55.66999816894531,55.970001220703125,54.650001525878906,55.41999816894531,43.639766693115234,7641800,0.0,0.0,DOW
2022-06-17 00:00:00-04:00,55.15999984741211,55.959999084472656,53.970001220703125,54.77000045776367,43.1279411315918,12735800,0.0,0.0,DOW
2022-06-21 00:00:00-04:00,56.34000015258789,56.689998626708984,54.90999984741211,54.95000076293945,43.269683837890625,6391700,0.0,0.0,DOW
2022-06-22 00:00:00-04:00,52.29999923706055,52.790000915527344,51.56999969482422,52.34000015258789,41.21446990966797,10383100,0.0,0.0,DOW
2022-06-23 00:00:00-04:00,52.25,52.650001525878906,50.41999816894531,51.060001373291016,40.20654296875,9662000,0.0,0.0,DOW
2022-06-24 00:00:00-04:00,51.5099983215332,53.79999923706055,51.189998626708984,53.13999938964844,41.844417572021484,9109000,0.0,0.0,DOW
2022-06-27 00:00:00-04:00,52.900001525878906,53.29999923706055,51.970001220703125,52.220001220703125,41.11997604370117,7507300,0.0,0.0,DOW
2022-06-28 00:00:00-04:00,52.79999923706055,54.150001525878906,52.345001220703125,52.529998779296875,41.364078521728516,5169400,0.0,0.0,DOW
2022-06-29 00:00:00-04:00,52.709999084472656,53.0099983215332,51.279998779296875,51.97999954223633,40.93098831176758,4392800,0.0,0.0,DOW
2022-06-30 00:00:00-04:00,51.15999984741211,52.13999938964844,50.849998474121094,51.61000061035156,40.63964080810547,5848000,0.0,0.0,DOW
2022-07-01 00:00:00-04:00,50.90999984741211,52.040000915527344,49.900001525878906,51.689998626708984,40.702632904052734,5255100,0.0,0.0,DOW
2022-07-05 00:00:00-04:00,50.77000045776367,50.81999969482422,49.35499954223633,50.72999954223633,39.946693420410156,5891000,0.0,0.0,DOW
2022-07-06 00:00:00-04:00,50.619998931884766,51.25,50.03499984741211,51.18000030517578,40.30104064941406,5657000,0.0,0.0,DOW
2022-07-07 00:00:00-04:00,52.13999938964844,52.810001373291016,51.7400016784668,52.279998779296875,41.16722106933594,5507600,0.0,0.0,DOW
2022-07-08 00:00:00-04:00,52.43000030517578,52.880001068115234,51.30500030517578,51.380001068115234,40.458526611328125,4226900,0.0,0.0,DOW
2022-07-11 00:00:00-04:00,50.7400016784668,51.349998474121094,50.5099983215332,51.0099983215332,40.167171478271484,3919100,0.0,0.0,DOW
2022-07-12 00:00:00-04:00,50.88999938964844,51.564998626708984,50.25,50.41999816894531,39.70259094238281,6068200,0.0,0.0,DOW
2022-07-13 00:00:00-04:00,50.0,50.209999084472656,49.029998779296875,49.66999816894531,39.11201095581055,6071500,0.0,0.0,DOW
2022-07-14 00:00:00-04:00,48.7400016784668,49.06999969482422,48.27000045776367,48.900001525878906,38.50568771362305,4969400,0.0,0.0,DOW
2022-07-15 00:00:00-04:00,49.72999954223633,50.2400016784668,49.16999816894531,49.54999923706055,39.01752471923828,4809900,0.0,0.0,DOW
2022-07-18 00:00:00-04:00,50.41999816894531,51.04999923706055,50.20000076293945,50.470001220703125,39.7419548034668,4839000,0.0,0.0,DOW
2022-07-19 00:00:00-04:00,51.150001525878906,52.810001373291016,51.08000183105469,52.45000076293945,41.30107879638672,6999400,0.0,0.0,DOW
2022-07-20 00:00:00-04:00,52.45000076293945,52.66999816894531,51.810001373291016,52.54999923706055,41.37983703613281,5977700,0.0,0.0,DOW
2022-07-21 00:00:00-04:00,50.56999969482422,51.439998626708984,49.95000076293945,51.400001525878906,40.47427749633789,10059700,0.0,0.0,DOW
2022-07-22 00:00:00-04:00,51.5,51.810001373291016,50.439998626708984,50.849998474121094,40.04117965698242,5074800,0.0,0.0,DOW
2022-07-25 00:00:00-04:00,51.16999816894531,51.970001220703125,51.029998779296875,51.58000183105469,40.61601257324219,5933200,0.0,0.0,DOW
2022-07-26 00:00:00-04:00,51.16999816894531,51.79999923706055,50.95000076293945,51.29999923706055,40.395530700683594,4130900,0.0,0.0,DOW
2022-07-27 00:00:00-04:00,51.439998626708984,52.479000091552734,51.209999084472656,52.2400016784668,41.13572311401367,4342000,0.0,0.0,DOW
2022-07-28 00:00:00-04:00,52.45000076293945,52.90999984741211,51.7599983215332,52.29999923706055,41.18296432495117,6137900,0.0,0.0,DOW
2022-07-29 00:00:00-04:00,52.7599983215332,53.79499816894531,52.470001220703125,53.209999084472656,41.8995361328125,9754300,0.0,0.0,DOW
2022-08-01 00:00:00-04:00,52.58000183105469,52.599998474121094,51.43000030517578,52.459999084472656,41.3089599609375,5913400,0.0,0.0,DOW
2022-08-02 00:00:00-04:00,52.29999923706055,52.66999816894531,51.540000915527344,51.54999923706055,40.59238815307617,5797800,0.0,0.0,DOW
2022-08-03 00:00:00-04:00,52.0,52.0,51.33599853515625,51.4900016784668,40.54515075683594,5139300,0.0,0.0,DOW
2022-08-04 00:00:00-04:00,51.310001373291016,51.70000076293945,50.86000061035156,50.9900016784668,40.151424407958984,6963700,0.0,0.0,DOW
2022-08-05 00:00:00-04:00,50.77000045776367,51.77000045776367,50.72999954223633,51.4900016784668,40.54515075683594,5954500,0.0,0.0,DOW
2022-08-08 00:00:00-04:00,51.880001068115234,52.7599983215332,51.79999923706055,52.150001525878906,41.06485366821289,4511400,0.0,0.0,DOW
2022-08-09 00:00:00-04:00,52.150001525878906,52.849998474121094,52.11000061035156,52.720001220703125,41.51369094848633,4339000,0.0,0.0,DOW
2022-08-10 00:00:00-04:00,53.849998474121094,54.654998779296875,53.810001373291016,54.040000915527344,42.55310821533203,5998300,0.0,0.0,DOW
2022-08-11 00:00:00-04:00,54.7599983215332,55.720001220703125,54.7599983215332,55.2599983215332,43.51378631591797,5066200,0.0,0.0,DOW
2022-08-12 00:00:00-04:00,55.33000183105469,55.939998626708984,55.310001373291016,55.93000030517578,44.04136657714844,4389100,0.0,0.0,DOW
2022-08-15 00:00:00-04:00,55.47999954223633,55.5,54.86000061035156,55.34000015258789,43.576778411865234,5991700,0.0,0.0,DOW
2022-08-16 00:00:00-04:00,55.36000061035156,56.42499923706055,55.34000015258789,56.11000061035156,44.183109283447266,3925900,0.0,0.0,DOW
2022-08-17 00:00:00-04:00,55.52000045776367,55.90999984741211,55.0099983215332,55.459999084472656,43.671268463134766,4198000,0.0,0.0,DOW
2022-08-18 00:00:00-04:00,55.720001220703125,56.224998474121094,55.41999816894531,56.02000045776367,44.11223220825195,3561500,0.0,0.0,DOW
2022-08-19 00:00:00-04:00,55.68000030517578,55.91999816894531,55.150001525878906,55.4900016784668,43.69490051269531,3517800,0.0,0.0,DOW
2022-08-22 00:00:00-04:00,54.4900016784668,54.698001861572266,53.900001525878906,54.40999984741211,42.844459533691406,6342700,0.0,0.0,DOW
2022-08-23 00:00:00-04:00,54.65999984741211,55.7599983215332,54.529998779296875,55.619998931884766,43.79726028442383,3894500,0.0,0.0,DOW
2022-08-24 00:00:00-04:00,55.5,55.63999938964844,54.08000183105469,54.2400016784668,42.710601806640625,6957200,0.0,0.0,DOW
2022-08-25 00:00:00-04:00,54.83000183105469,55.790000915527344,54.75699996948242,55.7599983215332,43.90749740600586,5736200,0.0,0.0,DOW
2022-08-26 00:00:00-04:00,55.97999954223633,56.369998931884766,54.2599983215332,54.459999084472656,42.88383865356445,5777700,0.0,0.0,DOW
2022-08-29 00:00:00-04:00,53.0,54.0099983215332,52.540000915527344,53.56999969482422,42.183013916015625,9304900,0.0,0.0,DOW
2022-08-30 00:00:00-04:00,52.83000183105469,52.959999084472656,51.2599983215332,51.380001068115234,40.99419403076172,7452200,0.7,0.0,DOW
2022-08-31 00:00:00-04:00,51.2400016784668,51.63999938964844,50.58000183105469,51.0,40.69101333618164,6069600,0.0,0.0,DOW
2022-09-01 00:00:00-04:00,50.459999084472656,50.4900016784668,49.13999938964844,49.959999084472656,39.861228942871094,6378300,0.0,0.0,DOW
2022-09-02 00:00:00-04:00,50.529998779296875,50.7599983215332,48.904998779296875,49.310001373291016,39.342628479003906,5124900,0.0,0.0,DOW
2022-09-06 00:00:00-04:00,49.900001525878906,50.08000183105469,48.34000015258789,48.59000015258789,38.76816177368164,8104700,0.0,0.0,DOW
2022-09-07 00:00:00-04:00,48.34000015258789,49.244998931884766,48.029998779296875,48.970001220703125,39.07135772705078,6517500,0.0,0.0,DOW
2022-09-08 00:00:00-04:00,48.4900016784668,49.5099983215332,47.95000076293945,49.400001525878906,39.4144287109375,5964100,0.0,0.0,DOW
2022-09-09 00:00:00-04:00,50.22999954223633,50.71500015258789,50.02000045776367,50.5099983215332,40.300052642822266,6265600,0.0,0.0,DOW
2022-09-12 00:00:00-04:00,51.290000915527344,51.790000915527344,50.79999923706055,50.93000030517578,40.63515853881836,5042800,0.0,0.0,DOW
2022-09-13 00:00:00-04:00,48.75,49.619998931884766,47.55500030517578,47.869998931884766,38.19369888305664,9104300,0.0,0.0,DOW
2022-09-14 00:00:00-04:00,47.61000061035156,47.869998931884766,46.380001068115234,47.06999969482422,37.55540466308594,11484300,0.0,0.0,DOW
2022-09-15 00:00:00-04:00,47.099998474121094,47.7599983215332,46.689998626708984,46.90999984741211,37.4277458190918,6535500,0.0,0.0,DOW
2022-09-16 00:00:00-04:00,46.0099983215332,46.79999923706055,45.40999984741211,46.41999816894531,37.036800384521484,10059000,0.0,0.0,DOW
2022-09-19 00:00:00-04:00,45.63999938964844,46.880001068115234,45.470001220703125,46.7400016784668,37.2921142578125,4900300,0.0,0.0,DOW
2022-09-20 00:00:00-04:00,45.95000076293945,46.279998779296875,45.369998931884766,46.09000015258789,36.77350616455078,4996000,0.0,0.0,DOW
2022-09-21 00:00:00-04:00,46.41999816894531,46.59000015258789,44.970001220703125,44.97999954223633,35.887882232666016,5819100,0.0,0.0,DOW
2022-09-22 00:00:00-04:00,45.279998779296875,45.54999923706055,44.75,44.77000045776367,35.7203254699707,4652900,0.0,0.0,DOW
2022-09-23 00:00:00-04:00,44.0,44.20000076293945,43.040000915527344,43.900001525878906,35.02618408203125,6729600,0.0,0.0,DOW
2022-09-26 00:00:00-04:00,43.52000045776367,44.2599983215332,43.15999984741211,43.38999938964844,34.61927032470703,5497600,0.0,0.0,DOW
2022-09-27 00:00:00-04:00,43.939998626708984,44.16999816894531,43.275001525878906,43.790000915527344,34.938419342041016,5444700,0.0,0.0,DOW
2022-09-28 00:00:00-04:00,44.08000183105469,45.5099983215332,43.90999984741211,45.04999923706055,35.943721771240234,8315400,0.0,0.0,DOW
2022-09-29 00:00:00-04:00,44.5,44.689998626708984,43.4900016784668,44.15999984741211,35.23362350463867,4904800,0.0,0.0,DOW
2022-09-30 00:00:00-04:00,44.16999816894531,44.84000015258789,43.79999923706055,43.93000030517578,35.05012130737305,5869800,0.0,0.0,DOW
2022-10-03 00:00:00-04:00,44.939998626708984,45.7400016784668,44.45000076293945,45.279998779296875,36.127235412597656,6868700,0.0,0.0,DOW
2022-10-04 00:00:00-04:00,45.79999923706055,46.72999954223633,45.625,46.619998931884766,37.19637680053711,6959800,0.0,0.0,DOW
2022-10-05 00:00:00-04:00,45.91999816894531,46.439998626708984,45.5099983215332,46.060001373291016,36.749568939208984,5564500,0.0,0.0,DOW
2022-10-06 00:00:00-04:00,45.70000076293945,46.099998474121094,45.314998626708984,45.52000045776367,36.318721771240234,5430600,0.0,0.0,DOW
2022-10-07 00:00:00-04:00,45.04999923706055,45.439998626708984,44.20000076293945,44.40999984741211,35.4330940246582,5265100,0.0,0.0,DOW
2022-10-10 00:00:00-04:00,44.97999954223633,45.439998626708984,44.560001373291016,44.880001068115234,35.80809020996094,4686100,0.0,0.0,DOW
2022-10-11 00:00:00-04:00,44.279998779296875,44.790000915527344,43.41999816894531,43.95000076293945,35.06607437133789,5222700,0.0,0.0,DOW
2022-10-12 00:00:00-04:00,43.939998626708984,44.22999954223633,43.540000915527344,43.810001373291016,34.954376220703125,4982100,0.0,0.0,DOW
2022-10-13 00:00:00-04:00,43.0,46.5,42.90999984741211,45.91999816894531,36.63786697387695,8304900,0.0,0.0,DOW
2022-10-14 00:00:00-04:00,46.290000915527344,46.400001525878906,44.73500061035156,45.119998931884766,35.99958038330078,5888400,0.0,0.0,DOW
2022-10-17 00:00:00-04:00,45.90999984741211,46.06999969482422,44.994998931884766,45.2599983215332,36.11127471923828,6195300,0.0,0.0,DOW
2022-10-18 00:00:00-04:00,46.279998779296875,46.939998626708984,45.375,46.380001068115234,37.004878997802734,8009100,0.0,0.0,DOW
2022-10-19 00:00:00-04:00,46.2400016784668,46.599998474121094,45.09000015258789,45.130001068115234,36.0075569152832,8371500,0.0,0.0,DOW
2022-10-20 00:00:00-04:00,45.38999938964844,47.630001068115234,44.900001525878906,44.93000030517578,35.847984313964844,9259900,0.0,0.0,DOW
2022-10-21 00:00:00-04:00,45.02000045776367,46.91999816894531,44.95000076293945,46.869998931884766,37.39583206176758,7483600,0.0,0.0,DOW
2022-10-24 00:00:00-04:00,46.88999938964844,47.310001373291016,46.33000183105469,47.040000915527344,37.53147888183594,5645700,0.0,0.0,DOW
2022-10-25 00:00:00-04:00,46.709999084472656,47.939998626708984,46.53499984741211,47.849998474121094,38.177738189697266,5202500,0.0,0.0,DOW
2022-10-26 00:00:00-04:00,48.0,48.54999923706055,47.88999938964844,47.9900016784668,38.28944396972656,6020700,0.0,0.0,DOW
2022-10-27 00:00:00-04:00,48.119998931884766,48.48500061035156,47.470001220703125,47.619998931884766,37.994232177734375,4524400,0.0,0.0,DOW
2022-10-28 00:00:00-04:00,47.20000076293945,47.77000045776367,46.810001373291016,47.47999954223633,37.88253402709961,6943200,0.0,0.0,DOW
2022-10-31 00:00:00-04:00,47.47999954223633,47.821998596191406,46.625,46.7400016784668,37.2921142578125,6434000,0.0,0.0,DOW
2022-11-01 00:00:00-04:00,47.41999816894531,47.56999969482422,46.75,46.93000030517578,37.44370651245117,4892300,0.0,0.0,DOW
2022-11-02 00:00:00-04:00,46.86000061035156,48.619998931884766,46.775001525878906,46.93000030517578,37.44370651245117,7310300,0.0,0.0,DOW
2022-11-03 00:00:00-04:00,46.27000045776367,46.970001220703125,45.970001220703125,46.4900016784668,37.09264373779297,5122300,0.0,0.0,DOW
2022-11-04 00:00:00-04:00,48.27000045776367,49.880001068115234,48.130001068115234,49.029998779296875,39.11921310424805,10593100,0.0,0.0,DOW
2022-11-07 00:00:00-05:00,48.9900016784668,49.529998779296875,48.310001373291016,49.5,39.49421691894531,5849000,0.0,0.0,DOW
2022-11-08 00:00:00-05:00,49.88999938964844,50.349998474121094,49.45000076293945,49.650001525878906,39.613895416259766,4739700,0.0,0.0,DOW
2022-11-09 00:00:00-05:00,49.349998474121094,49.38999938964844,47.56999969482422,47.68000030517578,38.0421028137207,5089900,0.0,0.0,DOW
2022-11-10 00:00:00-05:00,49.45000076293945,50.02000045776367,49.119998931884766,49.959999084472656,39.861228942871094,6592000,0.0,0.0,DOW
2022-11-11 00:00:00-05:00,51.0,53.439998626708984,50.900001525878906,53.13999938964844,42.398433685302734,9009800,0.0,0.0,DOW
2022-11-14 00:00:00-05:00,52.470001220703125,52.89500045776367,51.86000061035156,51.95000076293945,41.44898223876953,5484400,0.0,0.0,DOW
2022-11-15 00:00:00-05:00,52.40999984741211,52.70000076293945,51.13999938964844,51.599998474121094,41.16972732543945,4445700,0.0,0.0,DOW
2022-11-16 00:00:00-05:00,51.150001525878906,51.220001220703125,50.21500015258789,50.5099983215332,40.300052642822266,4294900,0.0,0.0,DOW
2022-11-17 00:00:00-05:00,49.650001525878906,50.150001525878906,49.189998626708984,50.130001068115234,39.99687194824219,3620400,0.0,0.0,DOW
2022-11-18 00:00:00-05:00,50.4900016784668,50.52000045776367,49.36000061035156,50.06999969482422,39.94899368286133,3751300,0.0,0.0,DOW
2022-11-21 00:00:00-05:00,49.439998626708984,50.66999816894531,48.58000183105469,50.16999816894531,40.028785705566406,5719800,0.0,0.0,DOW
2022-11-22 00:00:00-05:00,50.9900016784668,51.779998779296875,50.869998931884766,51.56999969482422,41.14579772949219,4495500,0.0,0.0,DOW
2022-11-23 00:00:00-05:00,51.290000915527344,51.7400016784668,51.13999938964844,51.54999923706055,41.12983322143555,3354800,0.0,0.0,DOW
2022-11-25 00:00:00-05:00,51.5,51.81999969482422,51.41999816894531,51.560001373291016,41.137813568115234,1648100,0.0,0.0,DOW
2022-11-28 00:00:00-05:00,50.849998474121094,51.154998779296875,49.939998626708984,50.20000076293945,40.0527229309082,5657800,0.0,0.0,DOW
2022-11-29 00:00:00-05:00,50.25,50.82500076293945,49.880001068115234,50.650001525878906,40.98323440551758,4905000,0.7,0.0,DOW
2022-11-30 00:00:00-05:00,50.52000045776367,50.970001220703125,49.37799835205078,50.970001220703125,41.24216079711914,7194200,0.0,0.0,DOW
2022-12-01 00:00:00-05:00,51.25,51.5099983215332,50.79999923706055,51.06999969482422,41.32307815551758,4757300,0.0,0.0,DOW
2022-12-02 00:00:00-05:00,50.470001220703125,51.70000076293945,50.43000030517578,51.54999923706055,41.71146774291992,4858300,0.0,0.0,DOW
2022-12-05 00:00:00-05:00,51.459999084472656,51.939998626708984,50.9900016784668,51.25,41.46873092651367,5109900,0.0,0.0,DOW
2022-12-06 00:00:00-05:00,51.45000076293945,51.8650016784668,50.56999969482422,51.04999923706055,41.3068962097168,4373400,0.0,0.0,DOW
2022-12-07 00:00:00-05:00,50.81999969482422,51.3390007019043,50.255001068115234,50.70000076293945,41.02369689941406,4248500,0.0,0.0,DOW
2022-12-08 00:00:00-05:00,51.18000030517578,51.43000030517578,50.310001373291016,50.560001373291016,40.9104118347168,3815800,0.0,0.0,DOW
2022-12-09 00:00:00-05:00,50.5099983215332,51.400001525878906,50.119998931884766,50.20000076293945,40.61912536621094,3807000,0.0,0.0,DOW
2022-12-12 00:00:00-05:00,50.31999969482422,51.130001068115234,49.84000015258789,51.11000061035156,41.35544204711914,5208100,0.0,0.0,DOW
2022-12-13 00:00:00-05:00,52.5,52.83000183105469,51.29499816894531,51.560001373291016,41.71955871582031,4884100,0.0,0.0,DOW
2022-12-14 00:00:00-05:00,51.5,52.04800033569336,50.970001220703125,51.36000061035156,41.55773162841797,4064300,0.0,0.0,DOW
2022-12-15 00:00:00-05:00,50.459999084472656,50.5620002746582,49.36000061035156,49.529998779296875,40.076995849609375,6189600,0.0,0.0,DOW
2022-12-16 00:00:00-05:00,49.220001220703125,49.970001220703125,48.880001068115234,49.79999923706055,40.29545974731445,8969100,0.0,0.0,DOW
2022-12-19 00:00:00-05:00,49.810001373291016,50.314998626708984,48.7599983215332,49.33000183105469,39.915164947509766,4674700,0.0,0.0,DOW
2022-12-20 00:00:00-05:00,49.349998474121094,50.005001068115234,49.349998474121094,49.65999984741211,40.18218231201172,4003400,0.0,0.0,DOW
2022-12-21 00:00:00-05:00,50.15999984741211,50.93000030517578,50.06999969482422,50.66999816894531,40.99941635131836,3840500,0.0,0.0,DOW
2022-12-22 00:00:00-05:00,50.15999984741211,50.25,49.14500045776367,50.16999816894531,40.5948486328125,3340600,0.0,0.0,DOW
2022-12-23 00:00:00-05:00,50.20000076293945,50.9109992980957,49.95000076293945,50.86000061035156,41.15315628051758,2634200,0.0,0.0,DOW
2022-12-27 00:00:00-05:00,50.90999984741211,51.220001220703125,50.75,51.189998626708984,41.42018127441406,3094500,0.0,0.0,DOW
2022-12-28 00:00:00-05:00,51.16999816894531,51.349998474121094,49.904998779296875,49.9900016784668,40.449195861816406,3340300,0.0,0.0,DOW
2022-12-29 00:00:00-05:00,50.06999969482422,50.801998138427734,50.0,50.650001525878906,40.98323440551758,2743400,0.0,0.0,DOW
2022-12-30 00:00:00-05:00,50.2599983215332,50.53099822998047,49.97999954223633,50.38999938964844,40.772850036621094,2700300,0.0,0.0,DOW
2023-01-03 00:00:00-05:00,50.599998474121094,51.150001525878906,50.310001373291016,51.040000915527344,41.29880905151367,3962500,0.0,0.0,DOW
2023-01-04 00:00:00-05:00,51.65999984741211,52.505001068115234,51.400001525878906,52.33000183105469,42.34260559082031,4527800,0.0,0.0,DOW
2023-01-05 00:00:00-05:00,52.02000045776367,52.97999954223633,51.52000045776367,52.90999984741211,42.81190490722656,4803000,0.0,0.0,DOW
2023-01-06 00:00:00-05:00,53.63999938964844,55.23500061035156,53.31999969482422,55.02000045776367,44.519203186035156,6100700,0.0,0.0,DOW
2023-01-09 00:00:00-05:00,55.040000915527344,56.189998626708984,54.81999969482422,55.279998779296875,44.72957992553711,6510900,0.0,0.0,DOW
2023-01-10 00:00:00-05:00,55.40999984741211,56.58000183105469,55.29999923706055,56.470001220703125,45.692466735839844,6611700,0.0,0.0,DOW
2023-01-11 00:00:00-05:00,57.310001373291016,57.88999938964844,57.02000045776367,57.58000183105469,46.590614318847656,8926300,0.0,0.0,DOW
2023-01-12 00:00:00-05:00,57.959999084472656,58.79800033569336,57.5,58.52000045776367,47.351219177246094,7305900,0.0,0.0,DOW
2023-01-13 00:00:00-05:00,58.0,58.775001525878906,57.790000915527344,58.68000030517578,47.480674743652344,4041200,0.0,0.0,DOW
2023-01-17 00:00:00-05:00,58.310001373291016,58.47999954223633,57.2599983215332,57.400001525878906,46.444976806640625,5948400,0.0,0.0,DOW
2023-01-18 00:00:00-05:00,58.02000045776367,58.349998474121094,56.77000045776367,56.84000015258789,45.991851806640625,5641500,0.0,0.0,DOW
2023-01-19 00:00:00-05:00,56.56999969482422,56.9900016784668,55.849998474121094,56.599998474121094,45.79764938354492,4997500,0.0,0.0,DOW
2023-01-20 00:00:00-05:00,56.72999954223633,57.55500030517578,56.31999969482422,57.439998626708984,46.47733688354492,6712600,0.0,0.0,DOW
2023-01-23 00:00:00-05:00,57.43000030517578,58.400001525878906,57.21500015258789,58.040000915527344,46.96282958984375,5213700,0.0,0.0,DOW
2023-01-24 00:00:00-05:00,57.709999084472656,58.459999084472656,57.16999816894531,58.20000076293945,47.09229278564453,5262500,0.0,0.0,DOW
2023-01-25 00:00:00-05:00,57.36000061035156,57.974998474121094,56.849998474121094,57.88999938964844,46.841461181640625,5491500,0.0,0.0,DOW
2023-01-26 00:00:00-05:00,56.65999984741211,58.56999969482422,55.83000183105469,58.119998931884766,47.027557373046875,8002500,0.0,0.0,DOW
2023-01-27 00:00:00-05:00,58.040000915527344,59.33000183105469,57.810001373291016,58.970001220703125,47.71533203125,6773300,0.0,0.0,DOW
2023-01-30 00:00:00-05:00,58.630001068115234,59.23500061035156,57.79999923706055,57.95000076293945,46.8900146484375,4824700,0.0,0.0,DOW
2023-01-31 00:00:00-05:00,58.06999969482422,59.45000076293945,57.81999969482422,59.349998474121094,48.02281188964844,5739100,0.0,0.0,DOW
2023-02-01 00:00:00-05:00,59.279998779296875,60.71500015258789,58.79999923706055,60.220001220703125,48.72676467895508,5645100,0.0,0.0,DOW
2023-02-02 00:00:00-05:00,60.06999969482422,60.41999816894531,59.5359992980957,59.95000076293945,48.508296966552734,4726200,0.0,0.0,DOW
2023-02-03 00:00:00-05:00,59.599998474121094,60.24300003051758,59.40999984741211,60.0,48.54875564575195,3960900,0.0,0.0,DOW
2023-02-06 00:00:00-05:00,60.0,60.29999923706055,59.29999923706055,60.09000015258789,48.62157440185547,4658600,0.0,0.0,DOW
2023-02-07 00:00:00-05:00,60.06999969482422,60.875,59.68000030517578,60.5099983215332,48.9614143371582,4777500,0.0,0.0,DOW
2023-02-08 00:00:00-05:00,60.20000076293945,60.5099983215332,59.560001373291016,59.810001373291016,48.39501953125,3410400,0.0,0.0,DOW
2023-02-09 00:00:00-05:00,60.52000045776367,60.709999084472656,58.85499954223633,59.08000183105469,47.80433654785156,3874700,0.0,0.0,DOW
2023-02-10 00:00:00-05:00,59.0,59.84000015258789,58.709999084472656,59.81999969482422,48.403106689453125,3826300,0.0,0.0,DOW
2023-02-13 00:00:00-05:00,59.81999969482422,60.415000915527344,59.619998931884766,60.31999969482422,48.80767822265625,3520600,0.0,0.0,DOW
2023-02-14 00:00:00-05:00,60.040000915527344,60.040000915527344,59.0099983215332,59.7599983215332,48.35455322265625,3749100,0.0,0.0,DOW
2023-02-15 00:00:00-05:00,59.310001373291016,59.7599983215332,59.02000045776367,59.7599983215332,48.35455322265625,2357500,0.0,0.0,DOW
2023-02-16 00:00:00-05:00,58.970001220703125,59.3849983215332,58.290000915527344,58.68000030517578,47.480674743652344,4302100,0.0,0.0,DOW
2023-02-17 00:00:00-05:00,58.2599983215332,58.505001068115234,57.7400016784668,58.130001068115234,47.035648345947266,4317200,0.0,0.0,DOW
2023-02-21 00:00:00-05:00,57.70000076293945,57.880001068115234,56.70000076293945,56.84000015258789,45.991851806640625,6615600,0.0,0.0,DOW
2023-02-22 00:00:00-05:00,56.779998779296875,57.435001373291016,56.70000076293945,57.0099983215332,46.12940216064453,3735400,0.0,0.0,DOW
2023-02-23 00:00:00-05:00,57.40999984741211,57.720001220703125,56.33000183105469,57.189998626708984,46.27505874633789,4154000,0.0,0.0,DOW
2023-02-24 00:00:00-05:00,56.36000061035156,57.875,56.060001373291016,57.790000915527344,46.76054000854492,4831800,0.0,0.0,DOW
2023-02-27 00:00:00-05:00,57.380001068115234,57.63999938964844,56.79999923706055,56.9900016784668,46.67863845825195,5443100,0.7,0.0,DOW
2023-02-28 00:00:00-05:00,57.119998931884766,57.5099983215332,56.869998931884766,57.20000076293945,46.85063552856445,5835300,0.0,0.0,DOW
2023-03-01 00:00:00-05:00,57.290000915527344,58.654998779296875,57.22999954223633,58.02000045776367,47.52227020263672,4535100,0.0,0.0,DOW
2023-03-02 00:00:00-05:00,57.7599983215332,58.645999908447266,57.349998474121094,58.439998626708984,47.86627960205078,3992400,0.0,0.0,DOW
2023-03-03 00:00:00-05:00,58.560001373291016,58.75,57.79499816894531,58.31999969482422,47.76799011230469,3463600,0.0,0.0,DOW
2023-03-06 00:00:00-05:00,58.0099983215332,58.25,56.77000045776367,57.11000061035156,46.77691650390625,4841200,0.0,0.0,DOW
2023-03-07 00:00:00-05:00,56.880001068115234,57.20000076293945,55.540000915527344,55.79999923706055,45.70394515991211,5499200,0.0,0.0,DOW
2023-03-08 00:00:00-05:00,56.209999084472656,56.869998931884766,56.09000015258789,56.2599983215332,46.08071517944336,4232700,0.0,0.0,DOW
2023-03-09 00:00:00-05:00,56.33000183105469,56.66999816894531,54.95500183105469,55.099998474121094,45.13059616088867,4566100,0.0,0.0,DOW
2023-03-10 00:00:00-05:00,55.15999984741211,55.18000030517578,53.314998626708984,53.880001068115234,44.1313362121582,5399000,0.0,0.0,DOW
2023-03-13 00:00:00-04:00,52.95000076293945,53.2400016784668,51.9900016784668,52.400001525878906,42.91911697387695,8481300,0.0,0.0,DOW
2023-03-14 00:00:00-04:00,53.27000045776367,53.7400016784668,51.595001220703125,52.290000915527344,42.82901382446289,8450400,0.0,0.0,DOW
2023-03-15 00:00:00-04:00,51.029998779296875,51.029998779296875,49.66999816894531,50.47999954223633,41.346500396728516,8006200,0.0,0.0,DOW
2023-03-16 00:00:00-04:00,49.599998474121094,50.97999954223633,49.20000076293945,50.90999984741211,41.698707580566406,6851400,0.0,0.0,DOW
2023-03-17 00:00:00-04:00,50.70000076293945,50.84000015258789,49.70000076293945,50.02000045776367,40.96973419189453,11632000,0.0,0.0,DOW
2023-03-20 00:00:00-04:00,50.66999816894531,51.40999984741211,50.61800003051758,51.2599983215332,41.985374450683594,5403200,0.0,0.0,DOW
2023-03-21 00:00:00-04:00,52.41999816894531,52.59000015258789,51.57500076293945,52.060001373291016,42.64063262939453,4277400,0.0,0.0,DOW
2023-03-22 00:00:00-04:00,52.06999969482422,52.65800094604492,51.334999084472656,51.380001068115234,42.08366394042969,4524000,0.0,0.0,DOW
2023-03-23 00:00:00-04:00,51.47999954223633,52.939998626708984,51.154998779296875,51.650001525878906,42.30481719970703,4781100,0.0,0.0,DOW
2023-03-24 00:00:00-04:00,50.849998474121094,51.93000030517578,50.45000076293945,51.779998779296875,42.41129684448242,4338400,0.0,0.0,DOW
2023-03-27 00:00:00-04:00,52.25,52.70000076293945,51.904998779296875,52.0,42.59148406982422,4328000,0.0,0.0,DOW
2023-03-28 00:00:00-04:00,52.16999816894531,52.959999084472656,52.119998931884766,52.90999984741211,43.33683776855469,3083600,0.0,0.0,DOW
2023-03-29 00:00:00-04:00,53.7599983215332,53.849998474121094,53.15999984741211,53.599998474121094,43.90199279785156,3710400,0.0,0.0,DOW
2023-03-30 00:00:00-04:00,54.25,54.29999923706055,53.58000183105469,54.0,44.22962188720703,3643800,0.0,0.0,DOW
2023-03-31 00:00:00-04:00,54.16999816894531,54.88999938964844,53.959999084472656,54.81999969482422,44.9012565612793,4410800,0.0,0.0,DOW
2023-04-03 00:00:00-04:00,55.220001220703125,56.11000061035156,55.01499938964844,55.33000183105469,45.3189811706543,6588800,0.0,0.0,DOW
2023-04-04 00:00:00-04:00,55.09000015258789,55.279998779296875,53.994998931884766,54.2599983215332,44.44257736206055,5014500,0.0,0.0,DOW
2023-04-05 00:00:00-04:00,53.650001525878906,54.68000030517578,53.45000076293945,54.63999938964844,44.75382995605469,3959800,0.0,0.0,DOW
2023-04-06 00:00:00-04:00,54.380001068115234,55.060001373291016,54.209999084472656,54.65999984741211,44.77020263671875,5022100,0.0,0.0,DOW
2023-04-10 00:00:00-04:00,55.0,55.810001373291016,54.970001220703125,55.810001373291016,45.71213150024414,4046400,0.0,0.0,DOW
2023-04-11 00:00:00-04:00,56.060001373291016,56.7400016784668,56.0,56.189998626708984,46.023380279541016,4411100,0.0,0.0,DOW
2023-04-12 00:00:00-04:00,57.45000076293945,57.7400016784668,56.79499816894531,56.88999938964844,46.59672546386719,4679700,0.0,0.0,DOW
2023-04-13 00:00:00-04:00,56.619998931884766,57.15999984741211,56.08000183105469,56.91999816894531,46.62129592895508,5147600,0.0,0.0,DOW
2023-04-14 00:00:00-04:00,57.04999923706055,57.4370002746582,56.25,56.5,46.27728271484375,3394800,0.0,0.0,DOW
2023-04-17 00:00:00-04:00,56.68000030517578,56.94499969482422,56.40999984741211,56.900001525878906,46.60490798950195,2874400,0.0,0.0,DOW
2023-04-18 00:00:00-04:00,57.0099983215332,57.2400016784668,56.3849983215332,56.779998779296875,46.506629943847656,3354600,0.0,0.0,DOW
2023-04-19 00:00:00-04:00,56.400001525878906,56.5880012512207,55.84000015258789,56.439998626708984,46.22814178466797,3828000,0.0,0.0,DOW
2023-04-20 00:00:00-04:00,55.79999923706055,56.165000915527344,55.3650016784668,55.70000076293945,45.62203598022461,3334700,0.0,0.0,DOW
2023-04-21 00:00:00-04:00,55.36000061035156,55.47999954223633,54.70500183105469,54.869998931884766,44.94221115112305,4179500,0.0,0.0,DOW
2023-04-24 00:00:00-04:00,55.13999938964844,55.400001525878906,54.779998779296875,55.38999938964844,45.36812210083008,5036400,0.0,0.0,DOW
2023-04-25 00:00:00-04:00,54.459999084472656,55.0,52.5,52.5,43.00102233886719,8369800,0.0,0.0,DOW
2023-04-26 00:00:00-04:00,52.27000045776367,53.150001525878906,52.209999084472656,52.58000183105469,43.06654739379883,5952500,0.0,0.0,DOW
2023-04-27 00:00:00-04:00,52.63999938964844,53.52000045776367,52.35499954223633,53.5,43.82008361816406,3910700,0.0,0.0,DOW
2023-04-28 00:00:00-04:00,53.2400016784668,54.90999984741211,53.16999816894531,54.400001525878906,44.5572509765625,6014400,0.0,0.0,DOW
2023-05-01 00:00:00-04:00,54.459999084472656,54.619998931884766,53.82500076293945,54.11000061035156,44.319725036621094,4013200,0.0,0.0,DOW
2023-05-02 00:00:00-04:00,53.5,53.88999938964844,52.58000183105469,53.779998779296875,44.0494270324707,4206000,0.0,0.0,DOW
2023-05-03 00:00:00-04:00,53.75,54.16999816894531,52.90999984741211,53.0,43.41054916381836,3343000,0.0,0.0,DOW
2023-05-04 00:00:00-04:00,52.900001525878906,53.40999984741211,52.27000045776367,53.36000061035156,43.70541763305664,3899900,0.0,0.0,DOW
2023-05-05 00:00:00-04:00,54.2599983215332,54.58000183105469,53.83000183105469,54.40999984741211,44.56543731689453,4145300,0.0,0.0,DOW
2023-05-08 00:00:00-04:00,54.41999816894531,54.90999984741211,54.0099983215332,54.150001525878906,44.35248565673828,2725300,0.0,0.0,DOW
2023-05-09 00:00:00-04:00,53.88999938964844,53.939998626708984,53.470001220703125,53.66999816894531,43.959327697753906,3285300,0.0,0.0,DOW
2023-05-10 00:00:00-04:00,54.279998779296875,54.57500076293945,52.849998474121094,53.45000076293945,43.779144287109375,3888200,0.0,0.0,DOW
2023-05-11 00:00:00-04:00,53.0,53.0099983215332,51.939998626708984,52.34000015258789,42.869972229003906,5499600,0.0,0.0,DOW
2023-05-12 00:00:00-04:00,52.54999923706055,52.7400016784668,52.05500030517578,52.310001373291016,42.84539794921875,3260200,0.0,0.0,DOW
2023-05-15 00:00:00-04:00,52.619998931884766,52.65999984741211,51.75,52.2599983215332,42.804447174072266,3774800,0.0,0.0,DOW
2023-05-16 00:00:00-04:00,52.0099983215332,52.099998474121094,50.97999954223633,51.060001373291016,41.82156753540039,4611000,0.0,0.0,DOW
2023-05-17 00:00:00-04:00,51.31999969482422,51.84000015258789,51.0890007019043,51.47999954223633,42.16556930541992,4777300,0.0,0.0,DOW
2023-05-18 00:00:00-04:00,51.22999954223633,52.005001068115234,50.849998474121094,51.869998931884766,42.48500442504883,4451900,0.0,0.0,DOW
2023-05-19 00:00:00-04:00,52.25,52.34000015258789,51.61000061035156,51.95000076293945,42.550537109375,3747400,0.0,0.0,DOW
2023-05-22 00:00:00-04:00,52.02000045776367,52.209999084472656,51.540000915527344,51.77000045776367,42.40310287475586,3478200,0.0,0.0,DOW
2023-05-23 00:00:00-04:00,51.77000045776367,52.31999969482422,51.45000076293945,51.959999084472656,42.558719635009766,3611400,0.0,0.0,DOW
2023-05-24 00:00:00-04:00,52.11000061035156,52.11000061035156,51.189998626708984,51.31999969482422,42.03451919555664,3162400,0.0,0.0,DOW
2023-05-25 00:00:00-04:00,51.0,51.119998931884766,49.96500015258789,50.369998931884766,41.25640869140625,4688200,0.0,0.0,DOW
2023-05-26 00:00:00-04:00,50.72999954223633,50.790000915527344,50.25,50.34000015258789,41.231834411621094,3511000,0.0,0.0,DOW
2023-05-30 00:00:00-04:00,49.529998779296875,49.744998931884766,48.900001525878906,49.5,41.11555480957031,5222800,0.7,0.0,DOW
2023-05-31 00:00:00-04:00,49.130001068115234,49.369998931884766,48.34000015258789,48.779998779296875,40.51750946044922,8465200,0.0,0.0,DOW
2023-06-01 00:00:00-04:00,49.0,49.345001220703125,48.5099983215332,49.0,40.700233459472656,4573900,0.0,0.0,DOW
2023-06-02 00:00:00-04:00,50.11000061035156,51.68000030517578,50.0099983215332,51.61000061035156,42.86814880371094,7786600,0.0,0.0,DOW
2023-06-05 00:00:00-04:00,51.689998626708984,52.3650016784668,51.470001220703125,51.5,42.77678680419922,5567400,0.0,0.0,DOW
2023-06-06 00:00:00-04:00,51.11000061035156,52.880001068115234,51.06999969482422,52.59000015258789,43.68215560913086,7378400,0.0,0.0,DOW
2023-06-07 00:00:00-04:00,52.81999969482422,53.95000076293945,52.720001220703125,53.869998931884766,44.74534225463867,6453700,0.0,0.0,DOW
2023-06-08 00:00:00-04:00,54.11000061035156,54.34000015258789,52.25,52.779998779296875,43.83998107910156,5092000,0.0,0.0,DOW
2023-06-09 00:00:00-04:00,52.41999816894531,52.68000030517578,51.6349983215332,51.7400016784668,42.976139068603516,5478000,0.0,0.0,DOW
2023-06-12 00:00:00-04:00,51.79999923706055,52.310001373291016,51.36000061035156,51.79999923706055,43.02596664428711,3888400,0.0,0.0,DOW
2023-06-13 00:00:00-04:00,52.150001525878906,53.54999923706055,51.97999954223633,53.13999938964844,44.13899612426758,4273600,0.0,0.0,DOW
2023-06-14 00:00:00-04:00,53.560001373291016,53.86000061035156,52.505001068115234,52.810001373291016,43.864891052246094,3319800,0.0,0.0,DOW
2023-06-15 00:00:00-04:00,52.7400016784668,53.7400016784668,52.58000183105469,53.47999954223633,44.42140579223633,3283600,0.0,0.0,DOW
2023-06-16 00:00:00-04:00,53.29999923706055,53.310001373291016,52.599998474121094,53.15999984741211,44.15560531616211,9535900,0.0,0.0,DOW
2023-06-20 00:00:00-04:00,52.31999969482422,52.439998626708984,51.2400016784668,51.91999816894531,43.125640869140625,5083700,0.0,0.0,DOW
2023-06-21 00:00:00-04:00,51.68000030517578,52.4900016784668,51.2599983215332,51.880001068115234,43.09241485595703,3591400,0.0,0.0,DOW
2023-06-22 00:00:00-04:00,50.41999816894531,51.4900016784668,50.20000076293945,51.38999938964844,42.6854133605957,4734000,0.0,0.0,DOW
2023-06-23 00:00:00-04:00,50.72999954223633,51.5,50.2599983215332,51.36000061035156,42.66049575805664,3703100,0.0,0.0,DOW
2023-06-26 00:00:00-04:00,51.43000030517578,52.224998474121094,51.29999923706055,51.95000076293945,43.15056228637695,3073900,0.0,0.0,DOW
2023-06-27 00:00:00-04:00,51.93000030517578,52.619998931884766,51.619998931884766,52.56999969482422,43.66554260253906,3176300,0.0,0.0,DOW
2023-06-28 00:00:00-04:00,52.56999969482422,52.970001220703125,51.869998931884766,52.959999084472656,43.98948287963867,3364600,0.0,0.0,DOW
2023-06-29 00:00:00-04:00,52.95000076293945,53.369998931884766,52.689998626708984,53.2400016784668,44.2220573425293,2559400,0.0,0.0,DOW
2023-06-30 00:00:00-04:00,53.58000183105469,53.59000015258789,52.9900016784668,53.2599983215332,44.23867416381836,4158100,0.0,0.0,DOW
2023-07-03 00:00:00-04:00,53.25,53.9900016784668,53.22999954223633,53.779998779296875,44.670589447021484,2228500,0.0,0.0,DOW
2023-07-05 00:00:00-04:00,53.18000030517578,53.439998626708984,52.52000045776367,52.84000015258789,43.889808654785156,5878100,0.0,0.0,DOW
2023-07-06 00:00:00-04:00,52.290000915527344,52.875,51.7599983215332,52.77000045776367,43.831668853759766,5287100,0.0,0.0,DOW
2023-07-07 00:00:00-04:00,52.41999816894531,53.939998626708984,52.31999969482422,53.099998474121094,44.10576629638672,5400200,0.0,0.0,DOW
2023-07-10 00:00:00-04:00,52.77000045776367,53.66999816894531,52.67499923706055,53.27000045776367,44.246978759765625,3663100,0.0,0.0,DOW
2023-07-11 00:00:00-04:00,53.5,53.900001525878906,53.369998931884766,53.41999816894531,44.3715705871582,3470800,0.0,0.0,DOW
2023-07-12 00:00:00-04:00,54.36000061035156,54.65999984741211,53.16999816894531,54.11000061035156,44.9446907043457,5983900,0.0,0.0,DOW
2023-07-13 00:00:00-04:00,54.189998626708984,54.45000076293945,53.79999923706055,54.209999084472656,45.027748107910156,3291900,0.0,0.0,DOW
2023-07-14 00:00:00-04:00,54.0099983215332,54.060001373291016,52.75,52.91999816894531,43.95625686645508,3885600,0.0,0.0,DOW
2023-07-17 00:00:00-04:00,52.540000915527344,52.685001373291016,52.16999816894531,52.43000030517578,43.549259185791016,4318300,0.0,0.0,DOW
2023-07-18 00:00:00-04:00,52.43000030517578,53.35499954223633,52.380001068115234,52.97999954223633,44.00609588623047,4815500,0.0,0.0,DOW
2023-07-19 00:00:00-04:00,52.84000015258789,53.040000915527344,52.529998779296875,52.81999969482422,43.873199462890625,3731800,0.0,0.0,DOW
2023-07-20 00:00:00-04:00,53.31999969482422,53.34000015258789,52.599998474121094,53.04999923706055,44.064239501953125,3751900,0.0,0.0,DOW
2023-07-21 00:00:00-04:00,53.099998474121094,53.18000030517578,52.599998474121094,53.04999923706055,44.064239501953125,4095300,0.0,0.0,DOW
2023-07-24 00:00:00-04:00,53.16999816894531,53.36000061035156,52.255001068115234,52.54999923706055,43.648929595947266,6687900,0.0,0.0,DOW
2023-07-25 00:00:00-04:00,52.939998626708984,55.14500045776367,52.849998474121094,53.47999954223633,44.42140579223633,9077400,0.0,0.0,DOW
2023-07-26 00:00:00-04:00,53.25,53.959999084472656,53.20000076293945,53.70000076293945,44.60414123535156,7582000,0.0,0.0,DOW
2023-07-27 00:00:00-04:00,54.099998474121094,55.029998779296875,53.79999923706055,54.939998626708984,45.63410568237305,8079600,0.0,0.0,DOW
2023-07-28 00:00:00-04:00,55.459999084472656,55.869998931884766,55.154998779296875,55.459999084472656,46.06603240966797,4560900,0.0,0.0,DOW
2023-07-31 00:00:00-04:00,55.529998779296875,56.4900016784668,55.45000076293945,56.470001220703125,46.90495300292969,6387600,0.0,0.0,DOW
2023-08-01 00:00:00-04:00,56.25,56.41999816894531,55.540000915527344,55.779998779296875,46.331817626953125,5563300,0.0,0.0,DOW
2023-08-02 00:00:00-04:00,55.060001373291016,55.4900016784668,54.66999816894531,54.70000076293945,45.434757232666016,4498900,0.0,0.0,DOW
2023-08-03 00:00:00-04:00,54.36000061035156,55.72999954223633,54.36000061035156,54.900001525878906,45.60088348388672,4630200,0.0,0.0,DOW
2023-08-04 00:00:00-04:00,54.959999084472656,55.45000076293945,54.44499969482422,54.5099983215332,45.27694320678711,3626600,0.0,0.0,DOW
2023-08-07 00:00:00-04:00,54.869998931884766,55.81999969482422,54.84000015258789,55.52000045776367,46.11586380004883,3263400,0.0,0.0,DOW
2023-08-08 00:00:00-04:00,54.720001220703125,55.119998931884766,54.2599983215332,55.0099983215332,45.6922492980957,3607400,0.0,0.0,DOW
2023-08-09 00:00:00-04:00,55.41999816894531,56.03499984741211,54.86000061035156,55.540000915527344,46.132476806640625,4619700,0.0,0.0,DOW
2023-08-10 00:00:00-04:00,55.900001525878906,56.22999954223633,55.619998931884766,55.97999954223633,46.49795150756836,5147000,0.0,0.0,DOW
2023-08-11 00:00:00-04:00,55.70000076293945,55.994998931884766,55.270999908447266,55.45000076293945,46.05772399902344,4547000,0.0,0.0,DOW
2023-08-14 00:00:00-04:00,55.34000015258789,55.540000915527344,54.81999969482422,55.380001068115234,45.99958038330078,3637200,0.0,0.0,DOW
2023-08-15 00:00:00-04:00,54.70000076293945,55.16999816894531,53.422000885009766,53.529998779296875,44.46293640136719,5280400,0.0,0.0,DOW
2023-08-16 00:00:00-04:00,53.189998626708984,53.7599983215332,53.09000015258789,53.31999969482422,44.28850173950195,3549100,0.0,0.0,DOW
2023-08-17 00:00:00-04:00,53.77000045776367,54.65999984741211,53.70000076293945,53.86000061035156,44.73704528808594,3614900,0.0,0.0,DOW
2023-08-18 00:00:00-04:00,53.7599983215332,54.130001068115234,53.439998626708984,54.02000045776367,44.86993408203125,2921100,0.0,0.0,DOW
2023-08-21 00:00:00-04:00,54.25,54.400001525878906,53.81999969482422,54.16999816894531,44.994529724121094,3112700,0.0,0.0,DOW
2023-08-22 00:00:00-04:00,54.29999923706055,54.47999954223633,53.525001525878906,53.790000915527344,44.67890548706055,2745900,0.0,0.0,DOW
2023-08-23 00:00:00-04:00,53.650001525878906,53.95000076293945,52.810001373291016,53.400001525878906,44.35495376586914,3391300,0.0,0.0,DOW
2023-08-24 00:00:00-04:00,53.0,53.88999938964844,53.0,53.540000915527344,44.47123718261719,3198500,0.0,0.0,DOW
2023-08-25 00:00:00-04:00,53.97999954223633,54.380001068115234,53.64500045776367,53.97999954223633,44.83671569824219,3282700,0.0,0.0,DOW
2023-08-28 00:00:00-04:00,54.15999984741211,54.880001068115234,54.150001525878906,54.599998474121094,45.3516960144043,3429700,0.0,0.0,DOW
2023-08-29 00:00:00-04:00,54.790000915527344,55.28499984741211,54.4900016784668,55.2400016784668,45.8832893371582,3789500,0.0,0.0,DOW
2023-08-30 00:00:00-04:00,54.560001373291016,54.900001525878906,54.34000015258789,54.75,46.059959411621094,3482600,0.7,0.0,DOW
2023-08-31 00:00:00-04:00,54.63999938964844,54.900001525878906,54.52000045776367,54.560001373291016,45.90011215209961,4116300,0.0,0.0,DOW
2023-09-01 00:00:00-04:00,55.029998779296875,55.560001373291016,54.7599983215332,55.290000915527344,46.514251708984375,4335600,0.0,0.0,DOW
2023-09-05 00:00:00-04:00,55.18000030517578,55.400001525878906,53.98500061035156,54.189998626708984,45.588844299316406,4913900,0.0,0.0,DOW
2023-09-06 00:00:00-04:00,53.959999084472656,54.93000030517578,53.91999816894531,54.88999938964844,46.177738189697266,4645100,0.0,0.0,DOW
2023-09-07 00:00:00-04:00,54.75,54.939998626708984,53.52000045776367,54.099998474121094,45.51313400268555,4275500,0.0,0.0,DOW
2023-09-08 00:00:00-04:00,54.310001373291016,54.779998779296875,53.599998474121094,53.709999084472656,45.18503189086914,3988400,0.0,0.0,DOW
2023-09-11 00:00:00-04:00,54.13999938964844,54.88999938964844,53.619998931884766,53.66999816894531,45.15138244628906,3322400,0.0,0.0,DOW
2023-09-12 00:00:00-04:00,53.66999816894531,54.220001220703125,53.45500183105469,53.630001068115234,45.11772918701172,2527600,0.0,0.0,DOW
2023-09-13 00:00:00-04:00,53.65999984741211,53.810001373291016,52.584999084472656,52.81999969482422,44.43629455566406,3079000,0.0,0.0,DOW
2023-09-14 00:00:00-04:00,53.400001525878906,54.233001708984375,53.290000915527344,54.040000915527344,45.462646484375,4604300,0.0,0.0,DOW
2023-09-15 00:00:00-04:00,54.040000915527344,54.11000061035156,53.6150016784668,53.84000015258789,45.294395446777344,7464100,0.0,0.0,DOW
2023-09-18 00:00:00-04:00,53.81999969482422,53.95000076293945,53.244998931884766,53.380001068115234,44.907405853271484,4593700,0.0,0.0,DOW
2023-09-19 00:00:00-04:00,53.439998626708984,53.72999954223633,52.3489990234375,52.900001525878906,44.50358963012695,3986200,0.0,0.0,DOW
2023-09-20 00:00:00-04:00,52.959999084472656,53.4900016784668,52.43000030517578,52.459999084472656,44.1334342956543,2309200,0.0,0.0,DOW
2023-09-21 00:00:00-04:00,52.04999923706055,52.33000183105469,50.97999954223633,51.0,42.90516662597656,4359000,0.0,0.0,DOW
2023-09-22 00:00:00-04:00,51.099998474121094,51.25,50.07500076293945,50.25,42.274208068847656,4465100,0.0,0.0,DOW
2023-09-25 00:00:00-04:00,50.79999923706055,51.35499954223633,50.439998626708984,51.09000015258789,42.98088073730469,4331600,0.0,0.0,DOW
2023-09-26 00:00:00-04:00,50.529998779296875,51.26499938964844,50.345001220703125,50.47999954223633,42.46770477294922,3451800,0.0,0.0,DOW
2023-09-27 00:00:00-04:00,50.849998474121094,51.36000061035156,50.61000061035156,51.0,42.90516662597656,3048800,0.0,0.0,DOW
2023-09-28 00:00:00-04:00,50.959999084472656,51.18000030517578,50.52000045776367,50.93000030517578,42.846282958984375,3965200,0.0,0.0,DOW
2023-09-29 00:00:00-04:00,51.34000015258789,51.77000045776367,51.189998626708984,51.560001373291016,43.376285552978516,4234800,0.0,0.0,DOW
2023-10-02 00:00:00-04:00,51.290000915527344,51.65999984741211,50.7400016784668,51.29999923706055,43.15754699707031,4691000,0.0,0.0,DOW
2023-10-03 00:00:00-04:00,50.95000076293945,52.04999923706055,50.88999938964844,51.02000045776367,42.921993255615234,5179200,0.0,0.0,DOW
2023-10-04 00:00:00-04:00,51.47999954223633,51.47999954223633,50.20500183105469,51.11000061035156,42.99771499633789,4727300,0.0,0.0,DOW
2023-10-05 00:00:00-04:00,50.790000915527344,51.150001525878906,49.7400016784668,49.86000061035156,41.946109771728516,5161800,0.0,0.0,DOW
2023-10-06 00:00:00-04:00,49.77000045776367,50.915000915527344,49.529998779296875,50.279998779296875,42.29944610595703,4215600,0.0,0.0,DOW
2023-10-09 00:00:00-04:00,50.279998779296875,50.900001525878906,49.939998626708984,50.810001373291016,42.74532699584961,3333600,0.0,0.0,DOW
2023-10-10 00:00:00-04:00,51.130001068115234,51.814998626708984,51.060001373291016,51.310001373291016,43.16596984863281,2906500,0.0,0.0,DOW
2023-10-11 00:00:00-04:00,51.099998474121094,51.5099983215332,50.5099983215332,50.88999938964844,42.8126220703125,3049700,0.0,0.0,DOW
2023-10-12 00:00:00-04:00,51.310001373291016,51.310001373291016,49.75,50.25,42.274208068847656,3012500,0.0,0.0,DOW
2023-10-13 00:00:00-04:00,50.560001373291016,50.709999084472656,49.61000061035156,49.72999954223633,41.83674240112305,3659600,0.0,0.0,DOW
2023-10-16 00:00:00-04:00,50.33000183105469,50.529998779296875,49.790000915527344,50.189998626708984,42.223731994628906,2786400,0.0,0.0,DOW
2023-10-17 00:00:00-04:00,49.75,51.029998779296875,49.72999954223633,50.72999954223633,42.67802429199219,3309300,0.0,0.0,DOW
2023-10-18 00:00:00-04:00,50.38999938964844,50.83000183105469,49.93000030517578,50.08000183105469,42.131195068359375,3495300,0.0,0.0,DOW
2023-10-19 00:00:00-04:00,49.79999923706055,50.290000915527344,49.3849983215332,49.45000076293945,41.60118103027344,3754300,0.0,0.0,DOW
2023-10-20 00:00:00-04:00,49.47999954223633,49.56999969482422,48.91999816894531,48.9900016784668,41.21420669555664,3920000,0.0,0.0,DOW
2023-10-23 00:00:00-04:00,48.77000045776367,48.900001525878906,48.125,48.2400016784668,40.58323669433594,5592100,0.0,0.0,DOW
2023-10-24 00:00:00-04:00,48.43000030517578,49.720001220703125,48.0,49.2400016784668,41.42451858520508,5506600,0.0,0.0,DOW
2023-10-25 00:00:00-04:00,48.93000030517578,49.029998779296875,47.2599983215332,47.540000915527344,39.99435043334961,4920200,0.0,0.0,DOW
2023-10-26 00:00:00-04:00,47.400001525878906,48.279998779296875,47.400001525878906,48.02000045776367,40.398155212402344,6216100,0.0,0.0,DOW
2023-10-27 00:00:00-04:00,48.02000045776367,48.54499816894531,47.84000015258789,48.11000061035156,40.473876953125,4714900,0.0,0.0,DOW
2023-10-30 00:00:00-04:00,48.65999984741211,49.04999923706055,47.994998931884766,48.34000015258789,40.66736602783203,3698600,0.0,0.0,DOW
2023-10-31 00:00:00-04:00,48.38999938964844,48.79499816894531,48.11000061035156,48.34000015258789,40.66736602783203,4660500,0.0,0.0,DOW
2023-11-01 00:00:00-04:00,48.2400016784668,48.42499923706055,47.599998474121094,48.209999084472656,40.55799865722656,4702900,0.0,0.0,DOW
2023-11-02 00:00:00-04:00,48.58000183105469,49.09000015258789,48.5099983215332,48.9900016784668,41.21420669555664,3741600,0.0,0.0,DOW
2023-11-03 00:00:00-04:00,49.439998626708984,50.07500076293945,49.439998626708984,49.72999954223633,41.83674240112305,3744000,0.0,0.0,DOW
2023-11-06 00:00:00-05:00,49.72999954223633,49.79999923706055,49.13999938964844,49.34000015258789,41.50864028930664,3641100,0.0,0.0,DOW
2023-11-07 00:00:00-05:00,48.709999084472656,48.869998931884766,48.2400016784668,48.529998779296875,40.827205657958984,5172700,0.0,0.0,DOW
2023-11-08 00:00:00-05:00,48.540000915527344,48.619998931884766,47.779998779296875,48.29999923706055,40.63371658325195,4133300,0.0,0.0,DOW
2023-11-09 00:00:00-05:00,48.75,48.779998779296875,48.2400016784668,48.36000061035156,40.68418502807617,3340800,0.0,0.0,DOW
2023-11-10 00:00:00-05:00,48.540000915527344,49.68000030517578,48.5099983215332,49.47999954223633,41.62643051147461,3825200,0.0,0.0,DOW
2023-11-13 00:00:00-05:00,49.130001068115234,49.52000045776367,48.904998779296875,49.2400016784668,41.42451858520508,3161000,0.0,0.0,DOW
2023-11-14 00:00:00-05:00,50.0,51.4900016784668,49.93000030517578,51.04999923706055,42.947235107421875,4848900,0.0,0.0,DOW
2023-11-15 00:00:00-05:00,51.189998626708984,51.900001525878906,50.869998931884766,51.529998779296875,43.35104751586914,5032500,0.0,0.0,DOW
2023-11-16 00:00:00-05:00,51.470001220703125,51.650001525878906,50.869998931884766,51.439998626708984,43.275325775146484,5034100,0.0,0.0,DOW
2023-11-17 00:00:00-05:00,51.880001068115234,51.880001068115234,51.25,51.70000076293945,43.494056701660156,3306100,0.0,0.0,DOW
2023-11-20 00:00:00-05:00,51.66999816894531,51.88999938964844,51.36000061035156,51.68000030517578,43.47723388671875,3761300,0.0,0.0,DOW
2023-11-21 00:00:00-05:00,51.689998626708984,51.849998474121094,51.45500183105469,51.72999954223633,43.5192985534668,2840700,0.0,0.0,DOW
2023-11-22 00:00:00-05:00,51.75,51.779998779296875,51.099998474121094,51.400001525878906,43.24168014526367,3139600,0.0,0.0,DOW
2023-11-24 00:00:00-05:00,51.560001373291016,51.939998626708984,51.45000076293945,51.66999816894531,43.46881866455078,1679700,0.0,0.0,DOW
2023-11-27 00:00:00-05:00,51.400001525878906,51.599998474121094,51.02000045776367,51.119998931884766,43.00611877441406,3896200,0.0,0.0,DOW
2023-11-28 00:00:00-05:00,51.20000076293945,51.970001220703125,50.595001220703125,51.689998626708984,43.485652923583984,6376900,0.0,0.0,DOW
2023-11-29 00:00:00-05:00,50.9900016784668,51.970001220703125,50.970001220703125,51.33000183105469,43.77560806274414,3551700,0.7,0.0,DOW
2023-11-30 00:00:00-05:00,51.5,51.880001068115234,51.22999954223633,51.75,44.13379669189453,4649800,0.0,0.0,DOW
2023-12-01 00:00:00-05:00,51.79999923706055,52.619998931884766,51.56999969482422,52.29999923706055,44.60285186767578,4274000,0.0,0.0,DOW
2023-12-04 00:00:00-05:00,52.27000045776367,52.77000045776367,51.970001220703125,52.099998474121094,44.432289123535156,6354700,0.0,0.0,DOW
2023-12-05 00:00:00-05:00,51.7400016784668,51.85499954223633,50.970001220703125,51.13999938964844,43.61357116699219,4691000,0.0,0.0,DOW
2023-12-06 00:00:00-05:00,51.439998626708984,51.72999954223633,50.77000045776367,50.88999938964844,43.400367736816406,3603700,0.0,0.0,DOW
2023-12-07 00:00:00-05:00,51.11000061035156,51.26499938964844,50.6150016784668,51.06999969482422,43.553871154785156,2822900,0.0,0.0,DOW
2023-12-08 00:00:00-05:00,51.040000915527344,51.779998779296875,50.900001525878906,50.91999816894531,43.42595672607422,3664100,0.0,0.0,DOW
2023-12-11 00:00:00-05:00,50.869998931884766,51.52000045776367,50.7599983215332,51.279998779296875,43.732967376708984,3582700,0.0,0.0,DOW
2023-12-12 00:00:00-05:00,51.279998779296875,51.36199951171875,50.59000015258789,50.81999969482422,43.340675354003906,4350500,0.0,0.0,DOW
2023-12-13 00:00:00-05:00,50.54999923706055,52.404998779296875,50.459999084472656,52.33000183105469,44.62844467163086,4774200,0.0,0.0,DOW
2023-12-14 00:00:00-05:00,52.880001068115234,54.45000076293945,52.75,54.22999954223633,46.24880599975586,7892900,0.0,0.0,DOW
2023-12-15 00:00:00-05:00,53.560001373291016,54.380001068115234,53.119998931884766,54.2400016784668,46.25733947753906,9909800,0.0,0.0,DOW
2023-12-18 00:00:00-05:00,54.75,54.83000183105469,54.0,54.25,46.265865325927734,3219100,0.0,0.0,DOW
2023-12-19 00:00:00-05:00,54.470001220703125,55.02000045776367,54.400001525878906,54.91999816894531,46.83726119995117,3796900,0.0,0.0,DOW
2023-12-20 00:00:00-05:00,54.779998779296875,55.349998474121094,54.56999969482422,54.58000183105469,46.54730224609375,4953500,0.0,0.0,DOW
2023-12-21 00:00:00-05:00,55.0099983215332,55.20000076293945,54.47999954223633,54.970001220703125,46.87990951538086,2653900,0.0,0.0,DOW
2023-12-22 00:00:00-05:00,55.09000015258789,55.65999984741211,54.849998474121094,55.119998931884766,47.00783157348633,2341900,0.0,0.0,DOW
2023-12-26 00:00:00-05:00,55.209999084472656,55.89500045776367,55.119998931884766,55.709999084472656,47.51099395751953,2266200,0.0,0.0,DOW
2023-12-27 00:00:00-05:00,55.689998626708984,55.858001708984375,55.470001220703125,55.709999084472656,47.51099395751953,2535300,0.0,0.0,DOW
2023-12-28 00:00:00-05:00,55.59000015258789,55.70000076293945,55.15999984741211,55.22999954223633,47.10163879394531,2172600,0.0,0.0,DOW
2023-12-29 00:00:00-05:00,55.099998474121094,55.2599983215332,54.68000030517578,54.84000015258789,46.769039154052734,2271400,0.0,0.0,DOW
2024-01-02 00:00:00-05:00,54.7400016784668,55.68000030517578,54.584999084472656,55.33000183105469,47.18692398071289,3533500,0.0,0.0,DOW
2024-01-03 00:00:00-05:00,54.849998474121094,55.08000183105469,53.95000076293945,54.630001068115234,46.58994674682617,4120000,0.0,0.0,DOW
2024-01-04 00:00:00-05:00,54.599998474121094,54.9900016784668,54.04499816894531,54.189998626708984,46.21469497680664,4579500,0.0,0.0,DOW
2024-01-05 00:00:00-05:00,54.029998779296875,55.029998779296875,53.97999954223633,54.81999969482422,46.751976013183594,3796400,0.0,0.0,DOW
2024-01-08 00:00:00-05:00,54.68000030517578,55.13999938964844,54.38999938964844,55.08000183105469,46.97371292114258,3966100,0.0,0.0,DOW
2024-01-09 00:00:00-05:00,54.59000015258789,54.59000015258789,53.779998779296875,53.939998626708984,46.001487731933594,4287000,0.0,0.0,DOW
2024-01-10 00:00:00-05:00,53.650001525878906,53.93000030517578,53.04499816894531,53.380001068115234,45.523895263671875,4062200,0.0,0.0,DOW
2024-01-11 00:00:00-05:00,53.2400016784668,53.66999816894531,52.7400016784668,53.63999938964844,45.74563980102539,4497400,0.0,0.0,DOW
2024-01-12 00:00:00-05:00,54.02000045776367,54.15999984741211,53.01499938964844,53.369998931884766,45.515377044677734,3673500,0.0,0.0,DOW
2024-01-16 00:00:00-05:00,53.369998931884766,53.38999938964844,52.27000045776367,53.099998474121094,45.28511428833008,5962800,0.0,0.0,DOW
2024-01-17 00:00:00-05:00,52.33000183105469,52.619998931884766,52.040000915527344,52.470001220703125,44.74783706665039,3469000,0.0,0.0,DOW
2024-01-18 00:00:00-05:00,52.58000183105469,52.72999954223633,52.099998474121094,52.599998474121094,44.85870361328125,4230400,0.0,0.0,DOW
2024-01-19 00:00:00-05:00,52.689998626708984,52.99700164794922,52.119998931884766,52.810001373291016,45.03779983520508,4171500,0.0,0.0,DOW
2024-01-22 00:00:00-05:00,52.720001220703125,53.619998931884766,52.54999923706055,53.560001373291016,45.67741775512695,5615500,0.0,0.0,DOW
2024-01-23 00:00:00-05:00,54.0,54.45500183105469,53.744998931884766,53.90999984741211,45.97589874267578,4668100,0.0,0.0,DOW
2024-01-24 00:00:00-05:00,53.720001220703125,54.130001068115234,53.029998779296875,53.09000015258789,45.276588439941406,6016900,0.0,0.0,DOW
2024-01-25 00:00:00-05:00,54.7599983215332,55.130001068115234,53.77000045776367,54.939998626708984,46.85432434082031,7240800,0.0,0.0,DOW
2024-01-26 00:00:00-05:00,55.0,55.29499816894531,53.75600051879883,54.060001373291016,46.10382843017578,5240800,0.0,0.0,DOW
2024-01-29 00:00:00-05:00,54.16999816894531,54.220001220703125,53.40999984741211,54.06999969482422,46.11235809326172,3742400,0.0,0.0,DOW
2024-01-30 00:00:00-05:00,53.599998474121094,54.53499984741211,53.5,54.470001220703125,46.4534912109375,4640900,0.0,0.0,DOW
2024-01-31 00:00:00-05:00,54.5,54.560001373291016,53.58000183105469,53.599998474121094,45.711524963378906,5471900,0.0,0.0,DOW
2024-02-01 00:00:00-05:00,53.90999984741211,54.0099983215332,52.66999816894531,53.540000915527344,45.660362243652344,5039900,0.0,0.0,DOW
2024-02-02 00:00:00-05:00,53.09000015258789,53.75600051879883,52.4900016784668,53.41999816894531,45.55801010131836,5720200,0.0,0.0,DOW
2024-02-05 00:00:00-05:00,52.540000915527344,53.53900146484375,52.36000061035156,53.15999984741211,45.33628845214844,5482000,0.0,0.0,DOW
2024-02-06 00:00:00-05:00,53.220001220703125,54.150001525878906,53.04999923706055,54.040000915527344,46.08677673339844,5212500,0.0,0.0,DOW
2024-02-07 00:00:00-05:00,54.25,54.38999938964844,53.70000076293945,54.09000015258789,46.12941360473633,3455800,0.0,0.0,DOW
2024-02-08 00:00:00-05:00,54.16999816894531,54.20000076293945,53.5,53.880001068115234,45.9503173828125,3554400,0.0,0.0,DOW
2024-02-09 00:00:00-05:00,53.790000915527344,54.119998931884766,53.55500030517578,53.9900016784668,46.044132232666016,3897400,0.0,0.0,DOW
2024-02-12 00:00:00-05:00,54.0,55.279998779296875,53.849998474121094,54.790000915527344,46.72638702392578,5262800,0.0,0.0,DOW
2024-02-13 00:00:00-05:00,54.0,54.27000045776367,52.599998474121094,53.18000030517578,45.35334396362305,5105400,0.0,0.0,DOW
2024-02-14 00:00:00-05:00,53.4900016784668,53.88999938964844,53.22999954223633,53.58000183105469,45.6944694519043,3766500,0.0,0.0,DOW
2024-02-15 00:00:00-05:00,53.90999984741211,55.380001068115234,53.84000015258789,55.16999816894531,47.05046844482422,4500400,0.0,0.0,DOW
2024-02-16 00:00:00-05:00,55.130001068115234,55.95500183105469,54.959999084472656,55.47999954223633,47.31484603881836,5060900,0.0,0.0,DOW
2024-02-20 00:00:00-05:00,54.790000915527344,55.45000076293945,54.446998596191406,54.709999084472656,46.65816116333008,4493800,0.0,0.0,DOW
2024-02-21 00:00:00-05:00,54.84000015258789,55.83000183105469,54.7599983215332,55.75,47.545101165771484,4065900,0.0,0.0,DOW
2024-02-22 00:00:00-05:00,55.75,56.185001373291016,55.65999984741211,56.0,47.75831604003906,5088600,0.0,0.0,DOW
2024-02-23 00:00:00-05:00,56.029998779296875,56.81999969482422,56.0,56.38999938964844,48.090911865234375,4414200,0.0,0.0,DOW
2024-02-26 00:00:00-05:00,56.13999938964844,56.47999954223633,55.849998474121094,56.06999969482422,47.81801223754883,3741600,0.0,0.0,DOW
2024-02-27 00:00:00-05:00,56.369998931884766,56.560001373291016,55.95100021362305,56.27000045776367,47.988582611083984,3913000,0.0,0.0,DOW
2024-02-28 00:00:00-05:00,55.470001220703125,55.689998626708984,55.0099983215332,55.099998474121094,47.58269500732422,4432800,0.7,0.0,DOW
2024-02-29 00:00:00-05:00,55.189998626708984,56.040000915527344,54.970001220703125,55.880001068115234,48.256282806396484,6733400,0.0,0.0,DOW
2024-03-01 00:00:00-05:00,55.869998931884766,56.22999954223633,55.61000061035156,55.77000045776367,48.161293029785156,4651400,0.0,0.0,DOW
2024-03-04 00:00:00-05:00,55.529998779296875,57.15999984741211,55.47999954223633,57.02000045776367,49.240753173828125,7042200,0.0,0.0,DOW
2024-03-05 00:00:00-05:00,56.619998931884766,57.7400016784668,56.619998931884766,56.97999954223633,49.206207275390625,6093400,0.0,0.0,DOW
2024-03-06 00:00:00-05:00,57.95000076293945,58.099998474121094,56.35100173950195,56.86000061035156,49.10258102416992,4840100,0.0,0.0,DOW
2024-03-07 00:00:00-05:00,57.369998931884766,57.654998779296875,56.560001373291016,56.939998626708984,49.171661376953125,4568700,0.0,0.0,DOW
2024-03-08 00:00:00-05:00,57.099998474121094,57.689998626708984,56.56999969482422,56.61000061035156,48.886688232421875,4723600,0.0,0.0,DOW
2024-03-11 00:00:00-04:00,56.689998626708984,57.79499816894531,56.54999923706055,57.43000030517578,49.59482192993164,4438400,0.0,0.0,DOW
2024-03-12 00:00:00-04:00,57.63999938964844,57.86000061035156,57.15999984741211,57.68000030517578,49.810707092285156,4048300,0.0,0.0,DOW
2024-03-13 00:00:00-04:00,57.86000061035156,58.7400016784668,57.599998474121094,57.970001220703125,50.0611457824707,7650600,0.0,0.0,DOW
2024-03-14 00:00:00-04:00,57.65999984741211,57.90999984741211,56.92499923706055,57.31999969482422,49.499820709228516,6871500,0.0,0.0,DOW
2024-03-15 00:00:00-04:00,57.349998474121094,57.79999923706055,56.939998626708984,57.040000915527344,49.25802230834961,20629600,0.0,0.0,DOW
2024-03-18 00:00:00-04:00,57.400001525878906,57.40999984741211,56.558998107910156,56.7400016784668,48.998958587646484,7409100,0.0,0.0,DOW
2024-03-19 00:00:00-04:00,56.709999084472656,57.04999923706055,56.415000915527344,56.7599983215332,49.0162239074707,6782700,0.0,0.0,DOW
2024-03-20 00:00:00-04:00,56.56999969482422,58.709999084472656,56.380001068115234,58.16999816894531,50.233856201171875,7789700,0.0,0.0,DOW
2024-03-21 00:00:00-04:00,58.5,58.619998931884766,57.55500030517578,57.93000030517578,50.02660369873047,5870700,0.0,0.0,DOW
2024-03-22 00:00:00-04:00,57.9900016784668,58.209999084472656,57.58000183105469,57.68000030517578,49.810707092285156,3376000,0.0,0.0,DOW
2024-03-25 00:00:00-04:00,57.77000045776367,57.849998474121094,57.279998779296875,57.38999938964844,49.560272216796875,3422400,0.0,0.0,DOW
2024-03-26 00:00:00-04:00,57.66999816894531,57.689998626708984,57.060001373291016,57.06999969482422,49.283931732177734,3621600,0.0,0.0,DOW
2024-03-27 00:00:00-04:00,57.560001373291016,58.15999984741211,57.43000030517578,58.13999938964844,50.20795440673828,5126900,0.0,0.0,DOW
2024-03-28 00:00:00-04:00,58.20000076293945,58.439998626708984,57.79999923706055,57.93000030517578,50.02660369873047,4064500,0.0,0.0,DOW
2024-04-01 00:00:00-04:00,57.86000061035156,58.34000015258789,57.40999984741211,58.2599983215332,50.311580657958984,3827200,0.0,0.0,DOW
2024-04-02 00:00:00-04:00,58.33000183105469,59.375,58.01100158691406,59.290000915527344,51.20105743408203,6330200,0.0,0.0,DOW
2024-04-03 00:00:00-04:00,59.380001068115234,60.279998779296875,59.380001068115234,59.9900016784668,51.80555725097656,4943200,0.0,0.0,DOW
2024-04-04 00:00:00-04:00,60.40999984741211,60.689998626708984,59.64500045776367,59.86000061035156,51.69329071044922,5382100,0.0,0.0,DOW
2024-04-05 00:00:00-04:00,59.9900016784668,59.9900016784668,59.09000015258789,59.689998626708984,51.546485900878906,3862400,0.0,0.0,DOW
2024-04-08 00:00:00-04:00,59.95000076293945,60.189998626708984,59.150001525878906,59.52000045776367,51.39967727661133,3775900,0.0,0.0,DOW
2024-04-09 00:00:00-04:00,59.95000076293945,60.25,59.483001708984375,59.869998931884766,51.70193099975586,3574800,0.0,0.0,DOW
2024-04-10 00:00:00-04:00,59.209999084472656,59.63999938964844,58.369998931884766,58.849998474121094,50.82108688354492,4251900,0.0,0.0,DOW
2024-04-11 00:00:00-04:00,58.959999084472656,59.0,58.290000915527344,58.459999084472656,50.484291076660156,3432000,0.0,0.0,DOW
2024-04-12 00:00:00-04:00,58.119998931884766,58.619998931884766,57.560001373291016,57.689998626708984,49.819339752197266,3788300,0.0,0.0,DOW
2024-04-15 00:00:00-04:00,58.22999954223633,58.66999816894531,56.915000915527344,57.31999969482422,49.499820709228516,3885300,0.0,0.0,DOW
2024-04-16 00:00:00-04:00,56.97999954223633,57.119998931884766,56.63999938964844,56.86000061035156,49.10258102416992,3098000,0.0,0.0,DOW
2024-04-17 00:00:00-04:00,57.16999816894531,57.36000061035156,56.66999816894531,56.81999969482422,49.06803894042969,2815400,0.0,0.0,DOW
2024-04-18 00:00:00-04:00,57.29999923706055,57.29999923706055,56.040000915527344,56.4900016784668,48.78306198120117,3856200,0.0,0.0,DOW
2024-04-19 00:00:00-04:00,56.4900016784668,56.91999816894531,56.314998626708984,56.65999984741211,48.929866790771484,3862100,0.0,0.0,DOW
2024-04-22 00:00:00-04:00,56.619998931884766,57.310001373291016,56.279998779296875,56.9900016784668,49.214847564697266,3211600,0.0,0.0,DOW
2024-04-23 00:00:00-04:00,56.650001525878906,57.10200119018555,56.45000076293945,56.7400016784668,48.998958587646484,3099300,0.0,0.0,DOW
2024-04-24 00:00:00-04:00,56.40999984741211,57.220001220703125,56.380001068115234,56.97999954223633,49.206207275390625,4954700,0.0,0.0,DOW
2024-04-25 00:00:00-04:00,57.709999084472656,57.900001525878906,55.060001373291016,56.439998626708984,48.73988342285156,7082800,0.0,0.0,DOW
2024-04-26 00:00:00-04:00,57.650001525878906,58.209999084472656,57.150001525878906,57.290000915527344,49.47392272949219,5573600,0.0,0.0,DOW
2024-04-29 00:00:00-04:00,57.22999954223633,57.83000183105469,57.16999816894531,57.79999923706055,49.91434097290039,4249500,0.0,0.0,DOW
2024-04-30 00:00:00-04:00,57.27000045776367,57.95000076293945,56.880001068115234,56.900001525878906,49.13713455200195,5566000,0.0,0.0,DOW
2024-05-01 00:00:00-04:00,57.040000915527344,57.95000076293945,56.43000030517578,57.22999954223633,49.42210388183594,5102800,0.0,0.0,DOW
2024-05-02 00:00:00-04:00,57.56999969482422,57.7599983215332,56.38999938964844,56.83000183105469,49.0766716003418,4453100,0.0,0.0,DOW
2024-05-03 00:00:00-04:00,57.189998626708984,57.43000030517578,56.75,57.040000915527344,49.25802230834961,2544400,0.0,0.0,DOW
2024-05-06 00:00:00-04:00,57.2599983215332,57.369998931884766,56.720001220703125,57.34000015258789,49.51709747314453,3862600,0.0,0.0,DOW
2024-05-07 00:00:00-04:00,57.61000061035156,59.130001068115234,57.369998931884766,58.36000061035156,50.39794158935547,6215200,0.0,0.0,DOW
2024-05-08 00:00:00-04:00,57.939998626708984,59.33000183105469,57.939998626708984,58.63999938964844,50.63973617553711,4950700,0.0,0.0,DOW
2024-05-09 00:00:00-04:00,58.75,59.59000015258789,58.75,59.45000076293945,51.33922576904297,4208200,0.0,0.0,DOW
2024-05-10 00:00:00-04:00,59.689998626708984,60.130001068115234,59.279998779296875,59.40999984741211,51.30467987060547,3053500,0.0,0.0,DOW
2024-05-13 00:00:00-04:00,59.5,59.91999816894531,59.22999954223633,59.36000061035156,51.26150894165039,2257700,0.0,0.0,DOW
2024-05-14 00:00:00-04:00,59.560001373291016,59.939998626708984,59.51499938964844,59.650001525878906,51.51194381713867,3516800,0.0,0.0,DOW
2024-05-15 00:00:00-04:00,60.040000915527344,60.189998626708984,58.970001220703125,59.060001373291016,51.00244140625,3541000,0.0,0.0,DOW
2024-05-16 00:00:00-04:00,59.040000915527344,59.40999984741211,58.5099983215332,58.70000076293945,50.691551208496094,4871300,0.0,0.0,DOW
2024-05-17 00:00:00-04:00,59.060001373291016,59.209999084472656,58.70000076293945,59.189998626708984,51.11469650268555,2668700,0.0,0.0,DOW
2024-05-20 00:00:00-04:00,59.099998474121094,59.45000076293945,58.79999923706055,59.2400016784668,51.15788269042969,1915100,0.0,0.0,DOW
2024-05-21 00:00:00-04:00,59.18000030517578,59.290000915527344,58.80500030517578,58.90999984741211,50.87289810180664,2252900,0.0,0.0,DOW
2024-05-22 00:00:00-04:00,58.52000045776367,58.65999984741211,57.290000915527344,57.599998474121094,49.74162292480469,4851900,0.0,0.0,DOW
2024-05-23 00:00:00-04:00,57.4900016784668,57.52000045776367,56.81999969482422,56.91999816894531,49.15439987182617,3423500,0.0,0.0,DOW
2024-05-24 00:00:00-04:00,57.290000915527344,57.81999969482422,57.279998779296875,57.7599983215332,49.87979507446289,2675800,0.0,0.0,DOW
2024-05-28 00:00:00-04:00,57.900001525878906,58.3650016784668,57.7599983215332,58.040000915527344,50.12159729003906,2493700,0.0,0.0,DOW
2024-05-29 00:00:00-04:00,57.5,57.61000061035156,56.970001220703125,57.0,49.22347640991211,2969500,0.0,0.0,DOW
2024-05-30 00:00:00-04:00,57.0,57.54999923706055,56.97999954223633,57.38999938964844,49.560272216796875,3174100,0.0,0.0,DOW
2024-05-31 00:00:00-04:00,56.630001068115234,57.75,56.590999603271484,57.630001068115234,50.38206100463867,5920100,0.7,0.0,DOW
2024-06-03 00:00:00-04:00,57.54999923706055,57.59000015258789,55.439998626708984,56.06999969482422,49.01824951171875,4696600,0.0,0.0,DOW
2024-06-04 00:00:00-04:00,55.56999969482422,55.720001220703125,55.099998474121094,55.150001525878906,48.21396255493164,4600600,0.0,0.0,DOW
2024-06-05 00:00:00-04:00,55.150001525878906,55.939998626708984,55.029998779296875,55.689998626708984,48.68604278564453,3945300,0.0,0.0,DOW
2024-06-06 00:00:00-04:00,55.619998931884766,56.0,55.43000030517578,55.68000030517578,48.67729949951172,3463500,0.0,0.0,DOW
2024-06-07 00:00:00-04:00,55.369998931884766,56.275001525878906,55.27000045776367,55.72999954223633,48.721012115478516,4143500,0.0,0.0,DOW
2024-06-10 00:00:00-04:00,55.47999954223633,56.18000030517578,55.369998931884766,56.04999923706055,49.00076675415039,4131500,0.0,0.0,DOW
2024-06-11 00:00:00-04:00,55.90999984741211,56.15999984741211,55.5099983215332,56.150001525878906,49.08818817138672,3276300,0.0,0.0,DOW
2024-06-12 00:00:00-04:00,56.880001068115234,57.220001220703125,56.04499816894531,56.25,49.17560958862305,3990800,0.0,0.0,DOW
2024-06-13 00:00:00-04:00,56.029998779296875,56.310001373291016,55.5099983215332,56.060001373291016,49.0095100402832,2831400,0.0,0.0,DOW
2024-06-14 00:00:00-04:00,55.52000045776367,56.119998931884766,54.59000015258789,55.02000045776367,48.10030746459961,3446000,0.0,0.0,DOW
2024-06-17 00:00:00-04:00,55.0,55.380001068115234,54.56999969482422,55.22999954223633,48.28389358520508,3243800,0.0,0.0,DOW
2024-06-18 00:00:00-04:00,55.380001068115234,55.84000015258789,55.099998474121094,55.439998626708984,48.46747589111328,6081900,0.0,0.0,DOW
2024-06-20 00:00:00-04:00,54.900001525878906,55.0,54.064998626708984,54.209999084472656,47.39217758178711,8512500,0.0,0.0,DOW
2024-06-21 00:00:00-04:00,54.099998474121094,54.20000076293945,53.470001220703125,53.9900016784668,47.19984436035156,10457200,0.0,0.0,DOW
2024-06-24 00:00:00-04:00,54.209999084472656,54.790000915527344,54.11000061035156,54.619998931884766,47.750606536865234,6987500,0.0,0.0,DOW
2024-06-25 00:00:00-04:00,54.279998779296875,54.29999923706055,53.060001373291016,53.15999984741211,46.4742317199707,7021000,0.0,0.0,DOW
2024-06-26 00:00:00-04:00,52.650001525878906,53.244998931884766,52.25,53.20000076293945,46.50920104980469,4799100,0.0,0.0,DOW
2024-06-27 00:00:00-04:00,53.310001373291016,53.43000030517578,52.810001373291016,52.959999084472656,46.299381256103516,3952900,0.0,0.0,DOW
2024-06-28 00:00:00-04:00,52.970001220703125,53.470001220703125,52.95000076293945,53.04999923706055,46.3780632019043,13623000,0.0,0.0,DOW
2024-07-01 00:00:00-04:00,53.0,53.5,52.349998474121094,52.630001068115234,46.01089096069336,3715600,0.0,0.0,DOW
2024-07-02 00:00:00-04:00,52.529998779296875,52.91999816894531,52.220001220703125,52.709999084472656,46.08082580566406,3847100,0.0,0.0,DOW
2024-07-03 00:00:00-04:00,52.720001220703125,53.209999084472656,52.650001525878906,52.880001068115234,46.22945022583008,1905600,0.0,0.0,DOW
2024-07-05 00:00:00-04:00,52.58000183105469,52.7599983215332,51.904998779296875,52.22999954223633,45.66119384765625,3223800,0.0,0.0,DOW
2024-07-08 00:00:00-04:00,52.5,52.95000076293945,52.310001373291016,52.79999923706055,46.15950393676758,3885500,0.0,0.0,DOW
2024-07-09 00:00:00-04:00,52.65999984741211,52.7400016784668,51.53499984741211,51.58000183105469,45.09294891357422,4380600,0.0,0.0,DOW
2024-07-10 00:00:00-04:00,51.849998474121094,52.13999938964844,50.97999954223633,51.709999084472656,45.20659255981445,5481100,0.0,0.0,DOW
2024-07-11 00:00:00-04:00,52.0099983215332,52.77000045776367,51.849998474121094,52.40999984741211,45.81855773925781,3798900,0.0,0.0,DOW
2024-07-12 00:00:00-04:00,52.83000183105469,53.36000061035156,52.43000030517578,52.90999984741211,46.25567626953125,3084300,0.0,0.0,DOW
2024-07-15 00:00:00-04:00,53.0099983215332,53.540000915527344,52.685001373291016,53.27000045776367,46.57040023803711,2396200,0.0,0.0,DOW
2024-07-16 00:00:00-04:00,53.33000183105469,54.790000915527344,53.16999816894531,54.70000076293945,47.82054901123047,3730000,0.0,0.0,DOW
2024-07-17 00:00:00-04:00,54.68000030517578,55.59000015258789,54.619998931884766,55.40999984741211,48.441253662109375,4386300,0.0,0.0,DOW
2024-07-18 00:00:00-04:00,55.08000183105469,55.970001220703125,54.7599983215332,54.77000045776367,47.88174819946289,3287800,0.0,0.0,DOW
2024-07-19 00:00:00-04:00,54.83000183105469,54.83000183105469,53.5099983215332,53.900001525878906,47.12116622924805,3456500,0.0,0.0,DOW
2024-07-22 00:00:00-04:00,54.08000183105469,54.59000015258789,53.7400016784668,54.41999816894531,47.57576370239258,3341700,0.0,0.0,DOW
2024-07-23 00:00:00-04:00,54.13999938964844,54.244998931884766,53.599998474121094,54.06999969482422,47.26978302001953,2477700,0.0,0.0,DOW
2024-07-24 00:00:00-04:00,54.11000061035156,54.310001373291016,53.279998779296875,53.31999969482422,46.61410903930664,3761900,0.0,0.0,DOW
2024-07-25 00:00:00-04:00,50.779998779296875,53.2400016784668,50.47999954223633,52.849998474121094,46.203216552734375,6188200,0.0,0.0,DOW
2024-07-26 00:00:00-04:00,52.869998931884766,53.20000076293945,52.36000061035156,52.86000061035156,46.21195983886719,4087400,0.0,0.0,DOW
2024-07-29 00:00:00-04:00,53.0,53.06999969482422,52.540000915527344,52.86000061035156,46.21195983886719,3314600,0.0,0.0,DOW
2024-07-30 00:00:00-04:00,52.900001525878906,54.0099983215332,52.900001525878906,53.689998626708984,46.93757247924805,4401400,0.0,0.0,DOW
2024-07-31 00:00:00-04:00,54.150001525878906,54.90999984741211,54.029998779296875,54.470001220703125,47.619476318359375,5059300,0.0,0.0,DOW
2024-08-01 00:00:00-04:00,54.68000030517578,55.02000045776367,52.84000015258789,53.279998779296875,46.579139709472656,4273100,0.0,0.0,DOW
2024-08-02 00:00:00-04:00,52.54999923706055,52.77000045776367,51.54999923706055,52.0099983215332,45.46885681152344,4981200,0.0,0.0,DOW
2024-08-05 00:00:00-04:00,50.68000030517578,51.33000183105469,50.400001525878906,51.0099983215332,44.594627380371094,5124500,0.0,0.0,DOW
2024-08-06 00:00:00-04:00,51.5099983215332,53.25,51.47999954223633,52.47999954223633,45.8797492980957,5549600,0.0,0.0,DOW
2024-08-07 00:00:00-04:00,52.91999816894531,53.650001525878906,52.150001525878906,52.16999816894531,45.60873794555664,4293100,0.0,0.0,DOW
2024-08-08 00:00:00-04:00,52.4900016784668,52.88999938964844,52.33000183105469,52.66999816894531,46.04585266113281,3362600,0.0,0.0,DOW
2024-08-09 00:00:00-04:00,52.56999969482422,52.89500045776367,52.060001373291016,52.65999984741211,46.03711700439453,2592700,0.0,0.0,DOW
2024-08-12 00:00:00-04:00,52.77000045776367,52.95000076293945,52.1150016784668,52.220001220703125,45.65245056152344,2555300,0.0,0.0,DOW
2024-08-13 00:00:00-04:00,52.220001220703125,52.86000061035156,52.209999084472656,52.7599983215332,46.12453842163086,2379600,0.0,0.0,DOW
2024-08-14 00:00:00-04:00,52.84000015258789,53.02000045776367,52.43000030517578,52.7599983215332,46.12453842163086,2310100,0.0,0.0,DOW
2024-08-15 00:00:00-04:00,53.560001373291016,54.08000183105469,53.220001220703125,53.869998931884766,47.094932556152344,3501500,0.0,0.0,DOW
2024-08-16 00:00:00-04:00,53.7400016784668,53.97999954223633,53.40299987792969,53.90999984741211,47.12990188598633,6049300,0.0,0.0,DOW
2024-08-19 00:00:00-04:00,54.0,54.13999938964844,53.56999969482422,53.650001525878906,46.902610778808594,2096000,0.0,0.0,DOW
2024-08-20 00:00:00-04:00,53.529998779296875,53.54999923706055,52.540000915527344,52.720001220703125,46.08956527709961,4391500,0.0,0.0,DOW
2024-08-21 00:00:00-04:00,53.0,53.119998931884766,52.810001373291016,52.95000076293945,46.290645599365234,2809500,0.0,0.0,DOW
2024-08-22 00:00:00-04:00,53.11000061035156,53.17900085449219,52.494998931884766,52.560001373291016,45.9496955871582,2916000,0.0,0.0,DOW
2024-08-23 00:00:00-04:00,53.0099983215332,54.0099983215332,52.900001525878906,53.529998779296875,46.797698974609375,4901500,0.0,0.0,DOW
2024-08-26 00:00:00-04:00,54.099998474121094,54.560001373291016,53.93000030517578,54.029998779296875,47.23480987548828,2823300,0.0,0.0,DOW
2024-08-27 00:00:00-04:00,53.88999938964844,54.119998931884766,53.6150016784668,53.77000045776367,47.00751495361328,3650100,0.0,0.0,DOW
2024-08-28 00:00:00-04:00,53.349998474121094,53.790000915527344,53.23500061035156,53.5099983215332,46.780208587646484,2630800,0.0,0.0,DOW
2024-08-29 00:00:00-04:00,53.90999984741211,54.25,53.06999969482422,53.86000061035156,47.0861930847168,3065900,0.0,0.0,DOW
2024-08-30 00:00:00-04:00,53.189998626708984,53.597999572753906,52.80500030517578,53.58000183105469,47.458213806152344,5339100,0.7,0.0,DOW
2024-09-03 00:00:00-04:00,52.720001220703125,53.0629997253418,51.814998626708984,51.93000030517578,45.99673080444336,3891400,0.0,0.0,DOW
2024-09-04 00:00:00-04:00,51.91999816894531,52.5099983215332,51.36800003051758,51.58000183105469,45.68672180175781,3776000,0.0,0.0,DOW
2024-09-05 00:00:00-04:00,51.619998931884766,51.72999954223633,51.029998779296875,51.310001373291016,45.44757080078125,4508900,0.0,0.0,DOW
2024-09-06 00:00:00-04:00,51.25,51.709999084472656,50.369998931884766,50.68000030517578,44.889549255371094,4144200,0.0,0.0,DOW
2024-09-09 00:00:00-04:00,50.72999954223633,51.78499984741211,50.72999954223633,51.29999923706055,45.4387092590332,4022400,0.0,0.0,DOW
2024-09-10 00:00:00-04:00,51.29999923706055,51.36000061035156,50.494998931884766,50.81999969482422,45.013553619384766,3196500,0.0,0.0,DOW
2024-09-11 00:00:00-04:00,50.880001068115234,50.970001220703125,49.7599983215332,50.72999954223633,44.933837890625,3717200,0.0,0.0,DOW
2024-09-12 00:00:00-04:00,50.68000030517578,50.90999984741211,49.52000045776367,50.2599983215332,44.51753234863281,5680600,0.0,0.0,DOW
2024-09-13 00:00:00-04:00,50.400001525878906,51.0,50.029998779296875,50.150001525878906,44.420108795166016,4411800,0.0,0.0,DOW
2024-09-16 00:00:00-04:00,50.310001373291016,51.040000915527344,50.27799987792969,50.65999984741211,44.8718376159668,3189400,0.0,0.0,DOW
2024-09-17 00:00:00-04:00,50.84000015258789,51.86000061035156,50.709999084472656,51.5099983215332,45.62471389770508,4029600,0.0,0.0,DOW
2024-09-18 00:00:00-04:00,51.650001525878906,52.290000915527344,51.31800079345703,51.63999938964844,45.73986053466797,3428100,0.0,0.0,DOW
2024-09-19 00:00:00-04:00,52.54999923706055,53.209999084472656,52.2599983215332,52.88999938964844,46.8470458984375,4746700,0.0,0.0,DOW
2024-09-20 00:00:00-04:00,52.63999938964844,52.79999923706055,51.29999923706055,51.709999084472656,45.8018684387207,8466000,0.0,0.0,DOW
2024-09-23 00:00:00-04:00,51.869998931884766,52.2400016784668,51.61000061035156,52.040000915527344,46.09416198730469,5029600,0.0,0.0,DOW
2024-09-24 00:00:00-04:00,52.689998626708984,53.68000030517578,52.630001068115234,53.45000076293945,47.34305953979492,4675800,0.0,0.0,DOW
2024-09-25 00:00:00-04:00,53.65999984741211,53.72999954223633,52.540000915527344,52.84000015258789,46.802757263183594,3863200,0.0,0.0,DOW
2024-09-26 00:00:00-04:00,53.459999084472656,54.7599983215332,53.435001373291016,54.720001220703125,48.467960357666016,5672100,0.0,0.0,DOW
2024-09-27 00:00:00-04:00,55.0,55.66999816894531,54.63999938964844,55.08000183105469,48.786827087402344,5513500,0.0,0.0,DOW
2024-09-30 00:00:00-04:00,55.13999938964844,55.349998474121094,53.970001220703125,54.630001068115234,48.388240814208984,5537800,0.0,0.0,DOW
2024-10-01 00:00:00-04:00,54.56999969482422,54.84199905395508,54.15999984741211,54.540000915527344,48.30853271484375,5461300,0.0,0.0,DOW
2024-10-02 00:00:00-04:00,54.68000030517578,55.08000183105469,54.391998291015625,54.68000030517578,48.432533264160156,6312700,0.0,0.0,DOW
2024-10-03 00:00:00-04:00,54.459999084472656,54.7400016784668,53.900001525878906,54.5,48.27309799194336,4066300,0.0,0.0,DOW
2024-10-04 00:00:00-04:00,55.099998474121094,55.625,54.90999984741211,55.34000015258789,49.017120361328125,3443800,0.0,0.0,DOW
2024-10-07 00:00:00-04:00,55.02000045776367,55.1349983215332,54.224998474121094,54.619998931884766,48.3793830871582,3096500,0.0,0.0,DOW
2024-10-08 00:00:00-04:00,53.75,53.95000076293945,53.1150016784668,53.209999084472656,47.1304817199707,4219200,0.0,0.0,DOW
2024-10-09 00:00:00-04:00,53.08000183105469,53.720001220703125,52.8650016784668,53.41999816894531,47.31648254394531,3186200,0.0,0.0,DOW
2024-10-10 00:00:00-04:00,53.41999816894531,54.04999923706055,53.29999923706055,53.619998931884766,47.4936408996582,2494200,0.0,0.0,DOW
2024-10-11 00:00:00-04:00,53.75,54.16999816894531,53.70000076293945,53.779998779296875,47.63535690307617,4288600,0.0,0.0,DOW
2024-10-14 00:00:00-04:00,53.599998474121094,53.83000183105469,53.33000183105469,53.540000915527344,47.42277908325195,2736000,0.0,0.0,DOW
2024-10-15 00:00:00-04:00,53.29999923706055,53.560001373291016,52.560001373291016,52.56999969482422,46.5636100769043,4210700,0.0,0.0,DOW
2024-10-16 00:00:00-04:00,52.599998474121094,53.31999969482422,52.36000061035156,52.939998626708984,46.89133071899414,4492900,0.0,0.0,DOW
2024-10-17 00:00:00-04:00,53.0,53.220001220703125,52.73500061035156,53.08000183105469,47.01533889770508,3894000,0.0,0.0,DOW
2024-10-18 00:00:00-04:00,53.47999954223633,53.47999954223633,52.81999969482422,53.11000061035156,47.041908264160156,2395700,0.0,0.0,DOW
2024-10-21 00:00:00-04:00,53.150001525878906,53.189998626708984,52.11000061035156,52.209999084472656,46.2447395324707,3542700,0.0,0.0,DOW
2024-10-22 00:00:00-04:00,52.2400016784668,52.29999923706055,51.59000015258789,52.06999969482422,46.12073516845703,4413700,0.0,0.0,DOW
2024-10-23 00:00:00-04:00,51.72999954223633,51.9900016784668,51.12099838256836,51.4900016784668,45.60700607299805,4522300,0.0,0.0,DOW
2024-10-24 00:00:00-04:00,52.02000045776367,52.15999984741211,50.720001220703125,50.9900016784668,45.16413116455078,5804600,0.0,0.0,DOW
2024-10-25 00:00:00-04:00,50.619998931884766,50.72999954223633,49.689998626708984,49.70000076293945,44.021514892578125,5889700,0.0,0.0,DOW
2024-10-28 00:00:00-04:00,49.84000015258789,50.150001525878906,49.470001220703125,50.11000061035156,44.384674072265625,6457100,0.0,0.0,DOW
2024-10-29 00:00:00-04:00,49.84000015258789,49.97999954223633,49.31999969482422,49.47999954223633,43.82665252685547,4900600,0.0,0.0,DOW
2024-10-30 00:00:00-04:00,49.400001525878906,50.13999938964844,49.13999938964844,49.34000015258789,43.7026481628418,4775700,0.0,0.0,DOW
2024-10-31 00:00:00-04:00,49.2599983215332,49.63999938964844,49.165000915527344,49.380001068115234,43.73808288574219,4835200,0.0,0.0,DOW
2024-11-01 00:00:00-04:00,49.5,49.720001220703125,48.86000061035156,48.970001220703125,43.37492752075195,4980400,0.0,0.0,DOW
2024-11-04 00:00:00-05:00,48.29999923706055,48.68000030517578,47.44300079345703,47.95000076293945,42.471473693847656,14634400,0.0,0.0,DOW
2024-11-05 00:00:00-05:00,47.79999923706055,47.900001525878906,47.15999984741211,47.900001525878906,42.427181243896484,7193500,0.0,0.0,DOW
2024-11-06 00:00:00-05:00,49.70000076293945,49.70000076293945,47.974998474121094,48.349998474121094,42.82575988769531,8862800,0.0,0.0,DOW
2024-11-07 00:00:00-05:00,48.540000915527344,48.91999816894531,48.02000045776367,48.900001525878906,43.312923431396484,20309400,0.0,0.0,DOW
2024-11-08 00:00:00-05:00,48.59000015258789,48.59000015258789,46.380001068115234,46.4900016784668,41.178279876708984,12571500,0.0,0.0,DOW
2024-11-11 00:00:00-05:00,46.400001525878906,46.97999954223633,46.16999816894531,46.27000045776367,40.98341369628906,6734700,0.0,0.0,DOW
2024-11-12 00:00:00-05:00,46.36000061035156,46.36000061035156,44.90999984741211,45.040000915527344,39.89394760131836,7101300,0.0,0.0,DOW
2024-11-13 00:00:00-05:00,44.900001525878906,45.11899948120117,44.70000076293945,44.9900016784668,39.84966278076172,6000300,0.0,0.0,DOW
2024-11-14 00:00:00-05:00,45.0,45.132999420166016,44.369998931884766,44.59000015258789,39.495361328125,5542400,0.0,0.0,DOW
2024-11-15 00:00:00-05:00,44.56999969482422,44.83000183105469,44.0,44.040000915527344,39.008201599121094,9814100,0.0,0.0,DOW
2024-11-18 00:00:00-05:00,44.15999984741211,44.54999923706055,44.040000915527344,44.220001220703125,39.167633056640625,5075800,0.0,0.0,DOW
2024-11-19 00:00:00-05:00,43.72999954223633,44.0,43.349998474121094,43.650001525878906,38.66276168823242,6289700,0.0,0.0,DOW
2024-11-20 00:00:00-05:00,43.54999923706055,44.029998779296875,43.33000183105469,43.93000030517578,38.91077423095703,4808100,0.0,0.0,DOW
2024-11-21 00:00:00-05:00,43.810001373291016,45.13999938964844,43.619998931884766,44.810001373291016,39.69022750854492,6158200,0.0,0.0,DOW
2024-11-22 00:00:00-05:00,44.7599983215332,45.540000915527344,44.65999984741211,45.459999084472656,40.26595687866211,5494100,0.0,0.0,DOW
2024-11-25 00:00:00-05:00,45.81999969482422,46.35100173950195,45.470001220703125,45.869998931884766,40.629112243652344,9463700,0.0,0.0,DOW
2024-11-26 00:00:00-05:00,45.47999954223633,45.5099983215332,44.095001220703125,44.540000915527344,39.45107650756836,9225300,0.0,0.0,DOW
2024-11-27 00:00:00-05:00,44.63999938964844,45.08000183105469,44.560001373291016,44.63999938964844,39.539649963378906,5700600,0.0,0.0,DOW
2024-11-29 00:00:00-05:00,43.959999084472656,44.25,43.65299987792969,44.209999084472656,39.78261184692383,4339600,0.7,0.0,DOW
2024-12-02 00:00:00-05:00,44.279998779296875,44.54999923706055,43.77000045776367,44.380001068115234,39.935585021972656,7611000,0.0,0.0,DOW
2024-12-03 00:00:00-05:00,44.400001525878906,44.4900016784668,43.790000915527344,43.869998931884766,39.47665786743164,9478500,0.0,0.0,DOW
2024-12-04 00:00:00-05:00,43.54999923706055,43.619998931884766,42.220001220703125,42.849998474121094,38.55880355834961,10962600,0.0,0.0,DOW
2024-12-05 00:00:00-05:00,42.790000915527344,43.02000045776367,41.81999969482422,42.189998626708984,37.964900970458984,9742500,0.0,0.0,DOW
2024-12-06 00:00:00-05:00,42.310001373291016,42.540000915527344,41.72999954223633,41.9900016784668,37.78493881225586,8620000,0.0,0.0,DOW
2024-12-09 00:00:00-05:00,43.85499954223633,44.040000915527344,42.41999816894531,42.72999954223633,38.45082473754883,12855800,0.0,0.0,DOW
2024-12-10 00:00:00-05:00,42.400001525878906,42.564998626708984,41.775001525878906,42.18000030517578,37.95590591430664,7585200,0.0,0.0,DOW
2024-12-11 00:00:00-05:00,42.189998626708984,42.224998474121094,41.2599983215332,41.5,37.34400939941406,7135900,0.0,0.0,DOW
2024-12-12 00:00:00-05:00,41.369998931884766,41.7400016784668,41.22999954223633,41.279998779296875,37.14603042602539,5738700,0.0,0.0,DOW
2024-12-13 00:00:00-05:00,41.25,41.25,40.435001373291016,40.86000061035156,36.76809310913086,7580000,0.0,0.0,DOW
2024-12-16 00:00:00-05:00,40.349998474121094,40.689998626708984,40.040000915527344,40.11000061035156,36.09320068359375,8419800,0.0,0.0,DOW
2024-12-17 00:00:00-05:00,40.29999923706055,40.94599914550781,40.25,40.56999969482422,36.507137298583984,9702700,0.0,0.0,DOW
2024-12-18 00:00:00-05:00,40.849998474121094,41.36000061035156,40.11000061035156,40.150001525878906,36.12919998168945,11720500,0.0,0.0,DOW
2024-12-19 00:00:00-05:00,40.060001373291016,40.58000183105469,39.09000015258789,39.099998474121094,35.18434524536133,9553500,0.0,0.0,DOW
2024-12-20 00:00:00-05:00,38.9900016784668,40.28499984741211,38.849998474121094,39.939998626708984,35.94022750854492,17715600,0.0,0.0,DOW
2024-12-23 00:00:00-05:00,39.9900016784668,40.2599983215332,39.68299865722656,39.970001220703125,35.96722412109375,6718700,0.0,0.0,DOW
2024-12-24 00:00:00-05:00,39.90999984741211,40.18000030517578,39.43000030517578,40.09000015258789,36.07520294189453,3784100,0.0,0.0,DOW
2024-12-26 00:00:00-05:00,39.9900016784668,40.3650016784668,39.849998474121094,40.220001220703125,36.19218444824219,5274200,0.0,0.0,DOW
2024-12-27 00:00:00-05:00,40.119998931884766,40.69499969482422,39.900001525878906,40.029998779296875,36.021209716796875,4855000,0.0,0.0,DOW
2024-12-30 00:00:00-05:00,39.900001525878906,39.91999816894531,39.22999954223633,39.439998626708984,35.490299224853516,7954900,0.0,0.0,DOW
2024-12-31 00:00:00-05:00,39.540000915527344,40.275001525878906,39.43000030517578,40.130001068115234,36.111202239990234,6867200,0.0,0.0,DOW
2025-01-02 00:00:00-05:00,40.33000183105469,40.599998474121094,39.5,39.54999923706055,35.58927917480469,7130500,0.0,0.0,DOW
2025-01-03 00:00:00-05:00,39.650001525878906,39.814998626708984,39.20000076293945,39.400001525878906,35.454307556152344,6839900,0.0,0.0,DOW
2025-01-06 00:00:00-05:00,39.79999923706055,40.13999938964844,39.54999923706055,39.75,35.76926040649414,6899400,0.0,0.0,DOW
2025-01-07 00:00:00-05:00,39.5,39.94499969482422,39.154998779296875,39.40999984741211,35.46330261230469,7248700,0.0,0.0,DOW
2025-01-08 00:00:00-05:00,39.04999923706055,39.11000061035156,38.33000183105469,38.91999816894531,35.022377014160156,6196900,0.0,0.0,DOW
2025-01-10 00:00:00-05:00,38.720001220703125,38.834999084472656,38.45000076293945,38.5,34.64443588256836,7833500,0.0,0.0,DOW
2025-01-13 00:00:00-05:00,38.54999923706055,39.689998626708984,38.54999923706055,39.66999816894531,35.697265625,8230600,0.0,0.0,DOW
2025-01-14 00:00:00-05:00,39.91999816894531,40.11000061035156,39.65999984741211,40.08000183105469,36.06621170043945,4516000,0.0,0.0,DOW
2025-01-15 00:00:00-05:00,40.47999954223633,40.77000045776367,40.13999938964844,40.400001525878906,36.354164123535156,5446400,0.0,0.0,DOW
2025-01-16 00:00:00-05:00,40.33000183105469,41.04999923706055,40.099998474121094,40.869998931884766,36.777095794677734,5812300,0.0,0.0,DOW
2025-01-17 00:00:00-05:00,41.11000061035156,41.380001068115234,40.98500061035156,41.040000915527344,36.9300651550293,6194800,0.0,0.0,DOW
2025-01-21 00:00:00-05:00,41.31999969482422,41.7599983215332,41.150001525878906,41.58000183105469,37.415992736816406,5583600,0.0,0.0,DOW
2025-01-22 00:00:00-05:00,41.400001525878906,41.46500015258789,40.810001373291016,40.81999969482422,36.73210144042969,5607300,0.0,0.0,DOW
2025-01-23 00:00:00-05:00,40.95000076293945,41.529998779296875,40.900001525878906,41.470001220703125,37.31700897216797,5442400,0.0,0.0,DOW
2025-01-24 00:00:00-05:00,41.720001220703125,41.91999816894531,41.310001373291016,41.369998931884766,37.227020263671875,5111600,0.0,0.0,DOW
2025-01-27 00:00:00-05:00,41.7400016784668,41.970001220703125,41.275001525878906,41.91999816894531,37.72193908691406,6182700,0.0,0.0,DOW
2025-01-28 00:00:00-05:00,42.0099983215332,42.17399978637695,41.279998779296875,41.41999816894531,37.272010803222656,6009600,0.0,0.0,DOW
2025-01-29 00:00:00-05:00,41.22999954223633,41.474998474121094,40.834999084472656,41.04999923706055,36.93907165527344,6765200,0.0,0.0,DOW
2025-01-30 00:00:00-05:00,39.31999969482422,39.47999954223633,37.4900016784668,38.54999923706055,34.689430236816406,18933200,0.0,0.0,DOW
2025-01-31 00:00:00-05:00,38.82500076293945,39.279998779296875,38.40999984741211,39.04999923706055,35.13935852050781,12725800,0.0,0.0,DOW
2025-02-03 00:00:00-05:00,38.20000076293945,38.29999923706055,36.65999984741211,37.380001068115234,33.636600494384766,14986900,0.0,0.0,DOW
2025-02-04 00:00:00-05:00,37.58000183105469,38.91999816894531,37.540000915527344,38.54999923706055,34.689430236816406,10017100,0.0,0.0,DOW
2025-02-05 00:00:00-05:00,38.220001220703125,38.45000076293945,37.720001220703125,37.95000076293945,34.14951705932617,6757400,0.0,0.0,DOW
2025-02-06 00:00:00-05:00,38.220001220703125,38.88999938964844,38.189998626708984,38.77000045776367,34.88739776611328,7610300,0.0,0.0,DOW
2025-02-07 00:00:00-05:00,38.900001525878906,39.025001525878906,38.334999084472656,38.58000183105469,34.7164306640625,5966200,0.0,0.0,DOW
2025-02-10 00:00:00-05:00,38.900001525878906,39.0,38.150001525878906,38.56999969482422,34.70742416381836,5911100,0.0,0.0,DOW
2025-02-11 00:00:00-05:00,38.650001525878906,38.83000183105469,38.435001373291016,38.630001068115234,34.76142120361328,5446500,0.0,0.0,DOW
2025-02-12 00:00:00-05:00,38.380001068115234,38.560001373291016,38.053001403808594,38.2599983215332,34.42847442626953,5607400,0.0,0.0,DOW
2025-02-13 00:00:00-05:00,38.369998931884766,38.665000915527344,38.04999923706055,38.34000015258789,34.50046157836914,6619000,0.0,0.0,DOW
2025-02-14 00:00:00-05:00,38.83000183105469,39.5099983215332,38.61000061035156,38.66999816894531,34.79741287231445,5387700,0.0,0.0,DOW
2025-02-18 00:00:00-05:00,38.720001220703125,40.02000045776367,38.689998626708984,39.720001220703125,35.74226760864258,7612300,0.0,0.0,DOW
2025-02-19 00:00:00-05:00,39.0,39.38999938964844,38.790000915527344,38.91999816894531,35.022377014160156,6219800,0.0,0.0,DOW
2025-02-20 00:00:00-05:00,39.0,39.61000061035156,38.93000030517578,39.59000015258789,35.625282287597656,5747100,0.0,0.0,DOW
2025-02-21 00:00:00-05:00,39.84000015258789,40.09000015258789,39.154998779296875,39.5099983215332,35.553287506103516,5962900,0.0,0.0,DOW
2025-02-24 00:00:00-05:00,39.40999984741211,39.439998626708984,38.89500045776367,39.04999923706055,35.13935852050781,7411700,0.0,0.0,DOW
2025-02-25 00:00:00-05:00,39.189998626708984,39.56999969482422,38.98500061035156,39.22999954223633,35.30133056640625,6180000,0.0,0.0,DOW
2025-02-26 00:00:00-05:00,39.540000915527344,39.56999969482422,38.540000915527344,38.849998474121094,34.95938491821289,6294900,0.0,0.0,DOW
2025-02-27 00:00:00-05:00,38.75,38.790000915527344,38.15999984741211,38.43000030517578,34.58144760131836,7949600,0.0,0.0,DOW
2025-02-28 00:00:00-05:00,37.79999923706055,38.310001373291016,37.619998931884766,38.11000061035156,34.92974090576172,10056900,0.7,0.0,DOW
2025-03-03 00:00:00-05:00,38.66999816894531,38.689998626708984,36.0099983215332,36.060001373291016,33.050811767578125,10954300,0.0,0.0,DOW
2025-03-04 00:00:00-05:00,35.88999938964844,36.209999084472656,35.47999954223633,35.619998931884766,32.647525787353516,8840500,0.0,0.0,DOW
2025-03-05 00:00:00-05:00,36.2599983215332,38.029998779296875,36.20000076293945,37.779998779296875,34.62727355957031,10393200,0.0,0.0,DOW
2025-03-06 00:00:00-05:00,37.32500076293945,37.689998626708984,36.724998474121094,37.439998626708984,34.31564712524414,9128500,0.0,0.0,DOW
2025-03-07 00:00:00-05:00,37.189998626708984,37.619998931884766,36.7599983215332,37.45000076293945,34.32481384277344,8667000,0.0,0.0,DOW
2025-03-10 00:00:00-04:00,37.36000061035156,38.36399841308594,37.1609992980957,37.400001525878906,34.27898025512695,6310800,0.0,0.0,DOW
2025-03-11 00:00:00-04:00,37.60499954223633,37.70000076293945,36.16999816894531,36.66999816894531,33.609901428222656,6997100,0.0,0.0,DOW
2025-03-12 00:00:00-04:00,36.79999923706055,36.79999923706055,35.72999954223633,35.75,32.76667785644531,6923900,0.0,0.0,DOW
2025-03-13 00:00:00-04:00,35.68000030517578,37.20000076293945,35.619998931884766,36.22999954223633,33.20662307739258,7958400,0.0,0.0,DOW
2025-03-14 00:00:00-04:00,36.779998779296875,37.18000030517578,36.65999984741211,36.970001220703125,33.88487243652344,5991200,0.0,0.0,DOW
2025-03-17 00:00:00-04:00,37.0099983215332,37.78499984741211,37.0099983215332,37.5099983215332,34.37980651855469,5097100,0.0,0.0,DOW
2025-03-18 00:00:00-04:00,37.77000045776367,37.79999923706055,37.31999969482422,37.61000061035156,34.47146224975586,4866000,0.0,0.0,DOW
2025-03-19 00:00:00-04:00,37.5,37.720001220703125,37.040000915527344,37.189998626708984,34.086509704589844,5525100,0.0,0.0,DOW
2025-03-20 00:00:00-04:00,36.7599983215332,37.0,36.5,36.61000061035156,33.554908752441406,5406300,0.0,0.0,DOW
2025-03-21 00:00:00-04:00,36.25,36.35499954223633,35.81399917602539,36.16999816894531,33.15162658691406,13257700,0.0,0.0,DOW
2025-03-24 00:00:00-04:00,36.529998779296875,36.858001708984375,35.970001220703125,36.290000915527344,33.26161575317383,6797400,0.0,0.0,DOW
2025-03-25 00:00:00-04:00,36.290000915527344,36.31999969482422,35.224998474121094,35.31999969482422,32.37255859375,7218000,0.0,0.0,DOW
2025-03-26 00:00:00-04:00,35.27000045776367,35.779998779296875,35.130001068115234,35.58000183105469,32.61086654663086,5801600,0.0,0.0,DOW
2025-03-27 00:00:00-04:00,35.0,35.400001525878906,34.61000061035156,35.2400016784668,32.29923629760742,6911900,0.0,0.0,DOW
2025-03-28 00:00:00-04:00,35.060001373291016,35.220001220703125,34.125,34.36000061035156,31.492671966552734,6913700,0.0,0.0,DOW
2025-03-31 00:00:00-04:00,34.119998931884766,35.209999084472656,33.93000030517578,34.91999816894531,32.00593948364258,8477200,0.0,0.0,DOW
2025-04-01 00:00:00-04:00,34.47999954223633,34.76499938964844,34.09400177001953,34.61000061035156,31.721811294555664,6446000,0.0,0.0,DOW
2025-04-02 00:00:00-04:00,34.31999969482422,35.16999816894531,34.29999923706055,34.88999938964844,31.978439331054688,5146700,0.0,0.0,DOW
2025-04-03 00:00:00-04:00,33.47999954223633,33.63999938964844,31.3799991607666,31.459999084472656,28.834674835205078,18080900,0.0,0.0,DOW
2025-04-04 00:00:00-04:00,30.209999084472656,30.440000534057617,28.045000076293945,28.200000762939453,25.846723556518555,18677500,0.0,0.0,DOW
2025-04-07 00:00:00-04:00,27.219999313354492,29.290000915527344,26.327999114990234,27.520000457763672,25.223468780517578,19652900,0.0,0.0,DOW
2025-04-08 00:00:00-04:00,29.0,29.0,25.31999969482422,25.809999465942383,23.656164169311523,17050500,0.0,0.0,DOW
2025-04-09 00:00:00-04:00,25.350000381469727,30.139999389648438,25.059999465942383,29.860000610351562,27.368196487426758,19876900,0.0,0.0,DOW
2025-04-10 00:00:00-04:00,28.799999237060547,28.81999969482422,26.6200008392334,27.290000915527344,25.01266098022461,15213200,0.0,0.0,DOW
2025-04-11 00:00:00-04:00,27.010000228881836,28.510000228881836,26.469999313354492,28.43000030517578,26.05752944946289,11189100,0.0,0.0,DOW
2025-04-14 00:00:00-04:00,29.149999618530273,29.450000762939453,28.260000228881836,28.8799991607666,26.469974517822266,10448500,0.0,0.0,DOW
2025-04-15 00:00:00-04:00,28.06999969482422,28.760000228881836,27.684999465942383,27.700000762939453,25.388450622558594,12375800,0.0,0.0,DOW
2025-04-16 00:00:00-04:00,27.700000762939453,28.18000030517578,27.225000381469727,27.469999313354492,25.17763900756836,8672400,0.0,0.0,DOW
2025-04-17 00:00:00-04:00,27.729999542236328,28.40999984741211,27.729999542236328,28.149999618530273,25.800893783569336,8474900,0.0,0.0,DOW
2025-04-21 00:00:00-04:00,28.170000076293945,28.34000015258789,27.709999084472656,28.1200008392334,25.773399353027344,7745100,0.0,0.0,DOW
2025-04-22 00:00:00-04:00,28.540000915527344,29.350000381469727,28.5,29.0,26.5799617767334,8488300,0.0,0.0,DOW
2025-04-23 00:00:00-04:00,30.059999465942383,30.75,28.735000610351562,29.0,26.5799617767334,10727000,0.0,0.0,DOW
2025-04-24 00:00:00-04:00,28.520000457763672,30.179000854492188,28.049999237060547,29.760000228881836,27.276538848876953,13069300,0.0,0.0,DOW
2025-04-25 00:00:00-04:00,29.34000015258789,30.079999923706055,29.1200008392334,30.020000457763672,27.514842987060547,12991600,0.0,0.0,DOW
2025-04-28 00:00:00-04:00,30.25,30.940000534057617,29.709999084472656,29.950000762939453,27.450685501098633,9347200,0.0,0.0,DOW
2025-04-29 00:00:00-04:00,29.799999237060547,30.71500015258789,29.770000457763672,30.649999618530273,28.092269897460938,9498800,0.0,0.0,DOW
2025-04-30 00:00:00-04:00,30.21500015258789,30.639999389648438,29.760000228881836,30.59000015258789,28.037277221679688,11306100,0.0,0.0,DOW
2025-05-01 00:00:00-04:00,30.68000030517578,30.844999313354492,30.270000457763672,30.530000686645508,27.982282638549805,7009600,0.0,0.0,DOW
2025-05-02 00:00:00-04:00,30.860000610351562,31.059999465942383,30.209999084472656,30.420000076293945,27.88146209716797,8619400,0.0,0.0,DOW
2025-05-05 00:00:00-04:00,29.905000686645508,30.0,28.920000076293945,28.950000762939453,26.534133911132812,9061700,0.0,0.0,DOW
2025-05-06 00:00:00-04:00,28.889999389648438,29.280000686645508,28.6299991607666,28.799999237060547,26.396650314331055,7691300,0.0,0.0,DOW
2025-05-07 00:00:00-04:00,29.0,29.110000610351562,28.274999618530273,28.450000762939453,26.07585906982422,8814500,0.0,0.0,DOW
2025-05-08 00:00:00-04:00,28.739999771118164,29.739999771118164,28.659000396728516,29.239999771118164,26.7999324798584,7787000,0.0,0.0,DOW
2025-05-09 00:00:00-04:00,29.450000762939453,29.760000228881836,29.204999923706055,29.479999542236328,27.019908905029297,8162800,0.0,0.0,DOW
2025-05-12 00:00:00-04:00,31.649999618530273,32.38999938964844,30.940000534057617,30.979999542236328,28.394731521606445,11832500,0.0,0.0,DOW
2025-05-13 00:00:00-04:00,30.93000030517578,31.219999313354492,30.600000381469727,30.770000457763672,28.20225715637207,8502800,0.0,0.0,DOW
2025-05-14 00:00:00-04:00,30.68000030517578,30.770000457763672,30.049999237060547,30.170000076293945,27.652326583862305,6434900,0.0,0.0,DOW
2025-05-15 00:00:00-04:00,29.799999237060547,29.958999633789062,29.395000457763672,29.899999618530273,27.404857635498047,6481000,0.0,0.0,DOW
2025-05-16 00:00:00-04:00,29.889999389648438,30.295000076293945,29.530000686645508,30.190000534057617,27.670658111572266,5872600,0.0,0.0,DOW
2025-05-19 00:00:00-04:00,29.649999618530273,30.219999313354492,29.405000686645508,30.110000610351562,27.597332000732422,5937100,0.0,0.0,DOW
2025-05-20 00:00:00-04:00,30.139999389648438,30.285999298095703,29.711999893188477,29.790000915527344,27.30403709411621,5576400,0.0,0.0,DOW
2025-05-21 00:00:00-04:00,29.510000228881836,29.670000076293945,28.690000534057617,28.75,26.35082244873047,8938600,0.0,0.0,DOW
2025-05-22 00:00:00-04:00,28.540000915527344,28.844999313354492,28.31999969482422,28.670000076293945,26.27750015258789,6885100,0.0,0.0,DOW
2025-05-23 00:00:00-04:00,28.149999618530273,28.469999313354492,27.90999984741211,28.31999969482422,25.956708908081055,7095200,0.0,0.0,DOW
2025-05-27 00:00:00-04:00,28.850000381469727,29.040000915527344,28.690000534057617,28.920000076293945,26.506637573242188,8763100,0.0,0.0,DOW
2025-05-28 00:00:00-04:00,29.0,29.09000015258789,28.260000228881836,28.34000015258789,25.975040435791016,7731600,0.0,0.0,DOW
2025-05-29 00:00:00-04:00,28.84000015258789,29.09000015258789,28.200000762939453,28.790000915527344,26.38748550415039,10227600,0.0,0.0,DOW
2025-05-30 00:00:00-04:00,27.954999923706055,28.040000915527344,27.43000030517578,27.739999771118164,26.058700561523438,13965300,0.7,0.0,DOW
2025-06-02 00:00:00-04:00,27.65999984741211,27.729999542236328,26.854000091552734,27.200000762939453,25.551427841186523,12390500,0.0,0.0,DOW
2025-06-03 00:00:00-04:00,27.200000762939453,28.05500030517578,26.489999771118164,27.790000915527344,26.105670928955078,10557600,0.0,0.0,DOW
2025-06-04 00:00:00-04:00,27.850000381469727,28.329999923706055,27.690000534057617,28.280000686645508,26.56597137451172,8844700,0.0,0.0,DOW
2025-06-05 00:00:00-04:00,28.510000228881836,28.604999542236328,27.950000762939453,28.18000030517578,26.47203254699707,8634700,0.0,0.0,DOW
2025-06-06 00:00:00-04:00,28.350000381469727,28.844999313354492,28.30500030517578,28.549999237060547,26.819604873657227,6728400,0.0,0.0,DOW
2025-06-09 00:00:00-04:00,28.799999237060547,29.795000076293945,28.780000686645508,29.389999389648438,27.608694076538086,11394400,0.0,0.0,DOW
2025-06-10 00:00:00-04:00,29.68000030517578,30.885000228881836,29.549999237060547,30.700000762939453,28.839296340942383,10985100,0.0,0.0,DOW
2025-06-11 00:00:00-04:00,31.059999465942383,31.18000030517578,30.274999618530273,30.68000030517578,28.820507049560547,7842300,0.0,0.0,DOW
2025-06-12 00:00:00-04:00,30.209999084472656,30.450000762939453,29.950000762939453,30.139999389648438,28.313236236572266,6817200,0.0,0.0,DOW
2025-06-13 00:00:00-04:00,29.920000076293945,31.020000457763672,29.790000915527344,29.899999618530273,28.087783813476562,10271600,0.0,0.0,DOW
2025-06-16 00:00:00-04:00,30.34000015258789,30.56999969482422,29.8799991607666,30.56999969482422,28.717174530029297,10658500,0.0,0.0,DOW
2025-06-17 00:00:00-04:00,30.450000762939453,30.610000610351562,29.424999237060547,29.440000534057617,27.655664443969727,8850700,0.0,0.0,DOW
2025-06-18 00:00:00-04:00,29.34000015258789,29.420000076293945,28.479999542236328,28.5,26.77263641357422,12211600,0.0,0.0,DOW
2025-06-20 00:00:00-04:00,28.514999389648438,28.610000610351562,27.520000457763672,27.760000228881836,26.077486038208008,22583000,0.0,0.0,DOW
2025-06-23 00:00:00-04:00,27.200000762939453,27.625,26.610000610351562,26.8700008392334,25.241430282592773,17264100,0.0,0.0,DOW
2025-06-24 00:00:00-04:00,27.25,27.868000030517578,27.040000915527344,27.530000686645508,25.861427307128906,19116200,0.0,0.0,DOW
2025-06-25 00:00:00-04:00,27.530000686645508,27.549999237060547,26.81999969482422,26.81999969482422,25.194459915161133,15726100,0.0,0.0,DOW
2025-06-26 00:00:00-04:00,27.100000381469727,27.549999237060547,27.0,27.149999618530273,25.504457473754883,13857800,0.0,0.0,DOW
2025-06-27 00:00:00-04:00,27.399999618530273,27.760000228881836,26.739999771118164,27.0,25.363548278808594,18629400,0.0,0.0,DOW
2025-06-30 00:00:00-04:00,26.899999618530273,26.920000076293945,26.3799991607666,26.479999542236328,24.87506675720215,11746900,0.0,0.0,DOW
2025-07-01 00:00:00-04:00,26.43000030517578,28.44700050354004,26.3700008392334,27.829999923706055,26.14324378967285,21426600,0.0,0.0,DOW
2025-07-02 00:00:00-04:00,28.149999618530273,28.729999542236328,27.600000381469727,28.729999542236328,26.98869514465332,14120500,0.0,0.0,DOW
2025-07-03 00:00:00-04:00,28.670000076293945,28.780000686645508,28.3700008392334,28.459999084472656,26.73505973815918,5950000,0.0,0.0,DOW
2025-07-07 00:00:00-04:00,28.010000228881836,28.479999542236328,27.084999084472656,27.479999542236328,25.8144588470459,13061900,0.0,0.0,DOW
2025-07-08 00:00:00-04:00,27.709999084472656,29.604999542236328,27.670000076293945,29.059999465942383,27.298694610595703,18326600,0.0,0.0,DOW
2025-07-09 00:00:00-04:00,29.364999771118164,30.329999923706055,29.200000762939453,29.84000015258789,28.03141975402832,15427600,0.0,0.0,DOW
2025-07-10 00:00:00-04:00,29.700000762939453,30.927000045776367,29.584999084472656,30.229999542236328,28.397781372070312,12068000,0.0,0.0,DOW
2025-07-11 00:00:00-04:00,29.6200008392334,29.81999969482422,29.1200008392334,29.549999237060547,27.758996963500977,12318800,0.0,0.0,DOW
2025-07-14 00:00:00-04:00,29.25,29.399999618530273,28.06999969482422,28.25,26.537790298461914,13284400,0.0,0.0,DOW
2025-07-15 00:00:00-04:00,28.670000076293945,28.844999313354492,27.940000534057617,27.989999771118164,26.293546676635742,9162900,0.0,0.0,DOW
2025-07-16 00:00:00-04:00,27.959999084472656,28.290000915527344,27.604999542236328,28.139999389648438,26.43445587158203,8757000,0.0,0.0,DOW
2025-07-17 00:00:00-04:00,28.010000228881836,28.5,27.979999542236328,28.459999084472656,26.73505973815918,7623200,0.0,0.0,DOW
2025-07-18 00:00:00-04:00,28.645000457763672,28.739999771118164,28.100000381469727,28.34000015258789,26.622333526611328,9013200,0.0,0.0,DOW
2025-07-21 00:00:00-04:00,28.59000015258789,28.915000915527344,28.329999923706055,28.389999389648438,26.669301986694336,7026100,0.0,0.0,DOW
2025-07-22 00:00:00-04:00,28.475000381469727,29.7450008392334,28.475000381469727,29.65999984741211,27.862327575683594,9296400,0.0,0.0,DOW
2025-07-23 00:00:00-04:00,30.209999084472656,30.8799991607666,30.014999389648438,30.3700008392334,28.529298782348633,20963300,0.0,0.0,DOW
2025-07-24 00:00:00-04:00,27.190000534057617,27.600000381469727,24.3700008392334,25.06999969482422,23.550525665283203,66003500,0.0,0.0,DOW
2025-07-25 00:00:00-04:00,24.639999389648438,25.649999618530273,24.420000076293945,25.510000228881836,23.963857650756836,36918200,0.0,0.0,DOW
2025-07-28 00:00:00-04:00,25.329999923706055,26.1299991607666,24.920000076293945,25.709999084472656,24.151735305786133,17843700,0.0,0.0,DOW
2025-07-29 00:00:00-04:00,25.600000381469727,25.600000381469727,24.979999542236328,25.18000030517578,23.653860092163086,13123800,0.0,0.0,DOW
2025-07-30 00:00:00-04:00,25.030000686645508,25.049999237060547,23.780000686645508,23.920000076293945,22.470226287841797,16559800,0.0,0.0,DOW
2025-07-31 00:00:00-04:00,23.635000228881836,23.656999588012695,22.940000534057617,23.290000915527344,21.8784122467041,21303600,0.0,0.0,DOW
2025-08-01 00:00:00-04:00,22.9950008392334,23.079999923706055,21.790000915527344,21.790000915527344,20.46932601928711,25059000,0.0,0.0,DOW
2025-08-04 00:00:00-04:00,21.8700008392334,21.889999389648438,21.315000534057617,21.59000015258789,20.281448364257812,18562100,0.0,0.0,DOW
2025-08-05 00:00:00-04:00,21.950000762939453,22.65999984741211,21.780000686645508,22.3799991607666,21.0235652923584,22028700,0.0,0.0,DOW
2025-08-06 00:00:00-04:00,22.6200008392334,22.780000686645508,21.25,21.299999237060547,20.009021759033203,19480800,0.0,0.0,DOW
2025-08-07 00:00:00-04:00,21.75,22.145000457763672,21.309999465942383,21.610000610351562,20.300235748291016,12719600,0.0,0.0,DOW
2025-08-08 00:00:00-04:00,21.6299991607666,21.780000686645508,21.15999984741211,21.219999313354492,19.933870315551758,11325700,0.0,0.0,DOW
2025-08-11 00:00:00-04:00,21.280000686645508,21.600000381469727,20.402000427246094,20.8700008392334,19.605085372924805,20712400,0.0,0.0,DOW
2025-08-12 00:00:00-04:00,20.889999389648438,22.0,20.815000534057617,21.709999084472656,20.39417266845703,15785300,0.0,0.0,DOW
2025-08-13 00:00:00-04:00,21.809999465942383,22.989999771118164,21.709999084472656,22.920000076293945,21.530834197998047,16243300,0.0,0.0,DOW
2025-08-14 00:00:00-04:00,22.825000762939453,23.459999084472656,22.469999313354492,23.3700008392334,21.953561782836914,11822600,0.0,0.0,DOW
2025-08-15 00:00:00-04:00,23.579999923706055,23.854999542236328,23.350000381469727,23.360000610351562,21.944169998168945,10779700,0.0,0.0,DOW
2025-08-18 00:00:00-04:00,23.299999237060547,23.639999389648438,23.219999313354492,23.239999771118164,21.83144187927246,12231500,0.0,0.0,DOW
2025-08-19 00:00:00-04:00,23.530000686645508,24.239999771118164,23.299999237060547,23.530000686645508,22.103864669799805,8879800,0.0,0.0,DOW
2025-08-20 00:00:00-04:00,23.56999969482422,24.469999313354492,23.530000686645508,24.079999923706055,22.62053108215332,12660700,0.0,0.0,DOW
2025-08-21 00:00:00-04:00,23.84000015258789,23.950000762939453,23.415000915527344,23.690000534057617,22.254165649414062,9431100,0.0,0.0,DOW
2025-08-22 00:00:00-04:00,23.979999542236328,25.239999771118164,23.90999984741211,25.110000610351562,23.588102340698242,20539200,0.0,0.0,DOW
2025-08-25 00:00:00-04:00,25.0,25.0,24.510000228881836,24.920000076293945,23.409618377685547,10012300,0.0,0.0,DOW
2025-08-26 00:00:00-04:00,24.809999465942383,24.9950008392334,24.614999771118164,24.739999771118164,23.24052619934082,8049300,0.0,0.0,DOW
2025-08-27 00:00:00-04:00,24.5,25.079999923706055,24.40999984741211,24.739999771118164,23.24052619934082,10348200,0.0,0.0,DOW
2025-08-28 00:00:00-04:00,25.059999465942383,25.059999465942383,24.290000915527344,24.56999969482422,23.080829620361328,11714200,0.0,0.0,DOW
2025-08-29 00:00:00-04:00,24.290000915527344,24.889999389648438,24.239999771118164,24.6299991607666,23.471548080444336,8791800,0.35,0.0,DOW
2025-09-02 00:00:00-04:00,24.229999542236328,24.7450008392334,24.06999969482422,24.40999984741211,23.26189422607422,12152500,0.0,0.0,DOW
2025-09-03 00:00:00-04:00,24.25,24.520000457763672,23.790000915527344,23.93000030517578,22.80447006225586,11528200,0.0,0.0,DOW
2025-09-04 00:00:00-04:00,23.760000228881836,23.985000610351562,23.200000762939453,23.90999984741211,22.785409927368164,11630400,0.0,0.0,DOW
2025-09-05 00:00:00-04:00,23.899999618530273,24.920000076293945,23.774999618530273,24.5,23.3476619720459,18476700,0.0,0.0,DOW
2025-09-08 00:00:00-04:00,24.34000015258789,24.34600067138672,23.1200008392334,23.979999542236328,22.85211753845215,15488100,0.0,0.0,DOW
2025-09-09 00:00:00-04:00,23.844999313354492,24.360000610351562,23.700000762939453,24.139999389648438,23.004594802856445,10959400,0.0,0.0,DOW
2025-09-10 00:00:00-04:00,23.940000534057617,24.459999084472656,23.71500015258789,23.829999923706055,22.70917510986328,11492700,0.0,0.0,DOW
2025-09-11 00:00:00-04:00,23.65999984741211,25.139999389648438,23.65999984741211,25.020000457763672,23.843202590942383,25711700,0.0,0.0,DOW
2025-09-12 00:00:00-04:00,25.0,25.489999771118164,24.8700008392334,25.040000915527344,23.862262725830078,14732800,0.0,0.0,DOW
2025-09-15 00:00:00-04:00,25.21500015258789,25.3799991607666,24.045000076293945,24.170000076293945,23.033184051513672,13192300,0.0,0.0,DOW
2025-09-16 00:00:00-04:00,24.399999618530273,24.8799991607666,24.184999465942383,24.479999542236328,23.328601837158203,11070800,0.0,0.0,DOW
2025-09-17 00:00:00-04:00,24.600000381469727,25.770000457763672,24.184999465942383,24.540000915527344,23.38578224182129,14775200,0.0,0.0,DOW
2025-09-18 00:00:00-04:00,24.809999465942383,24.989999771118164,23.889999389648438,24.110000610351562,22.97600746154785,15350400,0.0,0.0,DOW
2025-09-19 00:00:00-04:00,24.149999618530273,24.149999618530273,23.350000381469727,23.489999771118164,22.385164260864258,19106700,0.0,0.0,DOW
2025-09-22 00:00:00-04:00,23.350000381469727,23.389999389648438,22.940000534057617,23.170000076293945,22.080217361450195,12901800,0.0,0.0,DOW
2025-09-23 00:00:00-04:00,23.540000915527344,23.69700050354004,22.84000015258789,22.860000610351562,21.78479766845703,11016900,0.0,0.0,DOW
2025-09-24 00:00:00-04:00,22.969999313354492,23.3799991607666,22.90999984741211,23.1299991607666,22.042098999023438,11913600,0.0,0.0,DOW
2025-09-25 00:00:00-04:00,23.020000457763672,23.024999618530273,22.165000915527344,22.200000762939453,21.155841827392578,16437600,0.0,0.0,DOW
2025-09-26 00:00:00-04:00,22.43000030517578,23.200000762939453,22.344999313354492,22.959999084472656,21.88009262084961,12623800,0.0,0.0,DOW
2025-09-29 00:00:00-04:00,23.239999771118164,23.25,22.719999313354492,22.889999389648438,21.813385009765625,11803800,0.0,0.0,DOW
2025-09-30 00:00:00-04:00,22.780000686645508,22.95599937438965,22.312999725341797,22.93000030517578,21.851505279541016,14368700,0.0,0.0,DOW
2025-10-01 00:00:00-04:00,22.899999618530273,23.219999313354492,22.815000534057617,23.049999237060547,21.96586036682129,12531500,0.0,0.0,DOW
2025-10-02 00:00:00-04:00,23.1299991607666,23.968000411987305,22.950000762939453,23.690000534057617,22.575761795043945,17945200,0.0,0.0,DOW
2025-10-03 00:00:00-04:00,23.709999084472656,24.03499984741211,23.399999618530273,23.81999969482422,22.699644088745117,8354600,0.0,0.0,DOW
2025-10-06 00:00:00-04:00,23.829999923706055,23.889999389648438,23.299999237060547,23.420000076293945,22.318456649780273,9417100,0.0,0.0,DOW
2025-10-07 00:00:00-04:00,23.540000915527344,23.670000076293945,22.25,22.5,21.441730499267578,19270000,0.0,0.0,DOW
2025-10-08 00:00:00-04:00,22.510000228881836,22.950000762939453,22.440000534057617,22.600000381469727,21.53702735900879,10240600,0.0,0.0,DOW
2025-10-09 00:00:00-04:00,22.510000228881836,22.610000610351562,21.809999465942383,22.079999923706055,21.04148292541504,15428400,0.0,0.0,DOW
2025-10-10 00:00:00-04:00,22.219999313354492,22.350000381469727,20.649999618530273,20.649999618530273,19.678743362426758,18840800,0.0,0.0,DOW
2025-10-13 00:00:00-04:00,21.0,21.719999313354492,21.0,21.420000076293945,20.412527084350586,12276700,0.0,0.0,DOW
2025-10-14 00:00:00-04:00,21.014999389648438,22.09000015258789,20.889999389648438,21.920000076293945,20.889009475708008,9683300,0.0,0.0,DOW
2025-10-15 00:00:00-04:00,22.190000534057617,22.565000534057617,21.899999618530273,22.200000762939453,21.155841827392578,10597900,0.0,0.0,DOW
2025-10-16 00:00:00-04:00,22.309999465942383,22.469999313354492,21.565000534057617,21.899999618530273,20.869949340820312,10929900,0.0,0.0,DOW
2025-10-17 00:00:00-04:00,21.899999618530273,22.045000076293945,21.674999237060547,21.889999389648438,20.86042022705078,9111200,0.0,0.0,DOW
2025-10-20 00:00:00-04:00,21.989999771118164,22.084999084472656,21.440000534057617,21.6299991607666,20.612648010253906,10342700,0.0,0.0,DOW
2025-10-21 00:00:00-04:00,21.690000534057617,22.06999969482422,21.565000534057617,21.75,20.727006912231445,10565100,0.0,0.0,DOW
2025-10-22 00:00:00-04:00,21.75,22.010000228881836,21.565000534057617,21.700000762939453,20.679357528686523,12026100,0.0,0.0,DOW
2025-10-23 00:00:00-04:00,23.459999084472656,24.722000122070312,23.350000381469727,24.510000228881836,23.35719108581543,33606400,0.0,0.0,DOW
2025-10-24 00:00:00-04:00,24.739999771118164,24.899999618530273,24.200000762939453,24.809999465942383,23.64307975769043,14496700,0.0,0.0,DOW
2025-10-27 00:00:00-04:00,25.0,26.049999237060547,24.950000762939453,25.729999542236328,24.51980972290039,17744700,0.0,0.0,DOW
2025-10-28 00:00:00-04:00,25.520000457763672,25.540000915527344,24.790000915527344,25.3799991607666,24.186269760131836,11767500,0.0,0.0,DOW
2025-10-29 00:00:00-04:00,25.309999465942383,25.649999618530273,24.735000610351562,24.860000610351562,23.690731048583984,12570700,0.0,0.0,DOW
2025-10-30 00:00:00-04:00,24.3700008392334,24.4950008392334,23.780000686645508,23.799999237060547,22.680585861206055,11446600,0.0,0.0,DOW
2025-10-31 00:00:00-04:00,23.920000076293945,24.09000015258789,23.600000381469727,23.850000381469727,22.728233337402344,13052700,0.0,0.0,DOW
2025-11-03 00:00:00-05:00,23.59000015258789,23.690000534057617,22.920000076293945,23.229999542236328,22.137393951416016,13200100,0.0,0.0,DOW
2025-11-04 00:00:00-05:00,22.84000015258789,22.969999313354492,22.559999465942383,22.59000015258789,21.527498245239258,12009900,0.0,0.0,DOW
2025-11-05 00:00:00-05:00,22.709999084472656,23.219999313354492,22.6200008392334,22.770000457763672,21.699031829833984,12998600,0.0,0.0,DOW
2025-11-06 00:00:00-05:00,22.829999923706055,22.940000534057617,22.219999313354492,22.219999313354492,21.17490005493164,15504300,0.0,0.0,DOW
2025-11-07 00:00:00-05:00,22.200000762939453,22.479999542236328,21.8799991607666,22.290000915527344,21.241607666015625,13745900,0.0,0.0,DOW
2025-11-10 00:00:00-05:00,22.700000762939453,22.75,21.700000762939453,22.100000381469727,21.060544967651367,14784800,0.0,0.0,DOW
2025-11-11 00:00:00-05:00,22.229999542236328,22.489999771118164,22.065000534057617,22.309999465942383,21.260665893554688,9556900,0.0,0.0,DOW
2025-11-12 00:00:00-05:00,22.420000076293945,22.690000534057617,22.09000015258789,22.18000030517578,21.136783599853516,8406100,0.0,0.0,DOW
2025-11-13 00:00:00-05:00,22.149999618530273,23.15999984741211,22.06999969482422,23.110000610351562,22.023040771484375,18599300,0.0,0.0,DOW
2025-11-14 00:00:00-05:00,22.850000381469727,23.18000030517578,22.53700065612793,22.93000030517578,21.851505279541016,12069100,0.0,0.0,DOW
2025-11-17 00:00:00-05:00,22.81999969482422,22.81999969482422,21.614999771118164,21.670000076293945,20.650768280029297,13080800,0.0,0.0,DOW
2025-11-18 00:00:00-05:00,21.56999969482422,22.0049991607666,21.25,21.850000381469727,20.822301864624023,12329300,0.0,0.0,DOW
2025-11-19 00:00:00-05:00,21.8799991607666,21.985000610351562,21.15999984741211,21.309999465942383,20.30769920349121,13044100,0.0,0.0,DOW
2025-11-20 00:00:00-05:00,21.44499969482422,21.7549991607666,20.93000030517578,20.950000762939453,19.96463394165039,12657200,0.0,0.0,DOW
2025-11-21 00:00:00-05:00,21.280000686645508,22.450000762939453,21.239999771118164,22.200000762939453,21.155841827392578,19595100,0.0,0.0,DOW
2025-11-24 00:00:00-05:00,22.200000762939453,22.56999969482422,21.950000762939453,22.530000686645508,21.470321655273438,15713700,0.0,0.0,DOW
2025-11-25 00:00:00-05:00,22.760000228881836,23.350000381469727,22.6299991607666,23.200000762939453,22.108806610107422,14209700,0.0,0.0,DOW
2025-11-26 00:00:00-05:00,23.219999313354492,24.100000381469727,23.200000762939453,23.90999984741211,22.785409927368164,10506200,0.0,0.0,DOW
2025-11-28 00:00:00-05:00,23.729999542236328,24.020000457763672,23.59000015258789,23.850000381469727,23.06587791442871,7253900,0.35,0.0,DOW
2025-12-01 00:00:00-05:00,23.600000381469727,24.28499984741211,23.565000534057617,23.84000015258789,23.05620765686035,11456100,0.0,0.0,DOW
2025-12-02 00:00:00-05:00,23.8700008392334,24.09000015258789,23.405000686645508,23.860000610351562,23.07554817199707,10733800,0.0,0.0,DOW
2025-12-03 00:00:00-05:00,23.979999542236328,24.46500015258789,23.735000610351562,23.760000228881836,22.978836059570312,10524700,0.0,0.0,DOW
2025-12-04 00:00:00-05:00,23.850000381469727,23.93000030517578,22.75,22.8700008392334,22.11809730529785,10415800,0.0,0.0,DOW
2025-12-05 00:00:00-05:00,23.170000076293945,23.684999465942383,22.934999465942383,22.959999084472656,22.205137252807617,9023600,0.0,0.0,DOW
2025-12-08 00:00:00-05:00,22.899999618530273,23.25,22.760000228881836,22.860000610351562,22.108427047729492,11723700,0.0,0.0,DOW
2025-12-09 00:00:00-05:00,22.885000228881836,23.844999313354492,22.850000381469727,23.110000610351562,22.350208282470703,11305700,0.0,0.0,DOW
2025-12-10 00:00:00-05:00,23.190000534057617,24.700000762939453,23.174999237060547,24.59000015258789,23.78154945373535,11997200,0.0,0.0,DOW
2025-12-11 00:00:00-05:00,24.540000915527344,25.049999237060547,24.424999237060547,24.579999923706055,23.77187728881836,11607200,0.0,0.0,DOW
2025-12-12 00:00:00-05:00,24.700000762939453,24.885000228881836,23.93000030517578,23.969999313354492,23.18193244934082,9613300,0.0,0.0,DOW
2025-12-15 00:00:00-05:00,24.020000457763672,24.239999771118164,23.110000610351562,23.450000762939453,22.679027557373047,17458900,0.0,0.0,DOW
2025-12-16 00:00:00-05:00,23.209999084472656,23.25,22.520000457763672,22.84000015258789,22.089082717895508,17492000,0.0,0.0,DOW
2025-12-17 00:00:00-05:00,22.979999542236328,23.375999450683594,22.90999984741211,23.06999969482422,22.311521530151367,14084900,0.0,0.0,DOW
2025-12-18 00:00:00-05:00,22.809999465942383,23.2450008392334,22.75,23.040000915527344,22.282508850097656,11153200,0.0,0.0,DOW
2025-12-19 00:00:00-05:00,23.030000686645508,23.55500030517578,22.913999557495117,23.260000228881836,22.495275497436523,15644300,0.0,0.0,DOW
2025-12-22 00:00:00-05:00,23.329999923706055,23.739999771118164,23.270000457763672,23.420000076293945,22.650014877319336,10433100,0.0,0.0,DOW
2025-12-23 00:00:00-05:00,23.260000228881836,23.399999618530273,22.770000457763672,22.899999618530273,22.147111892700195,7884500,0.0,0.0,DOW
2025-12-24 00:00:00-05:00,22.950000762939453,23.079999923706055,22.867000579833984,23.059999465942383,22.301849365234375,3448700,0.0,0.0,DOW
2025-12-26 00:00:00-05:00,23.049999237060547,23.309999465942383,22.8700008392334,23.290000915527344,22.524290084838867,8930500,0.0,0.0,DOW
2025-12-29 00:00:00-05:00,23.190000534057617,23.360000610351562,22.979999542236328,23.350000381469727,22.582317352294922,10431000,0.0,0.0,DOW
2025-12-30 00:00:00-05:00,23.299999237060547,23.6200008392334,23.239999771118164,23.510000228881836,22.737056732177734,7490500,0.0,0.0,DOW
2025-12-31 00:00:00-05:00,23.459999084472656,23.719999313354492,23.295000076293945,23.3799991607666,22.611330032348633,8939800,0.0,0.0,DOW
2026-01-02 00:00:00-05:00,23.549999237060547,24.420000076293945,23.30500030517578,24.270000457763672,23.472070693969727,10052700,0.0,0.0,DOW
2026-01-05 00:00:00-05:00,24.25,25.145000457763672,24.18000030517578,24.899999618530273,24.081356048583984,13203100,0.0,0.0,DOW
2026-01-06 00:00:00-05:00,24.770000457763672,25.670000076293945,24.684999465942383,25.520000457763672,24.680973052978516,11674600,0.0,0.0,DOW
2026-01-07 00:00:00-05:00,25.530000686645508,25.610000610351562,24.549999237060547,24.799999237060547,23.984643936157227,8259900,0.0,0.0,DOW
2026-01-08 00:00:00-05:00,24.5,26.389999389648438,24.350000381469727,25.920000076293945,25.06782341003418,10493800,0.0,0.0,DOW
2026-01-09 00:00:00-05:00,26.31999969482422,26.489999771118164,25.739999771118164,26.329999923706055,25.46434211730957,8765100,0.0,0.0,DOW
2026-01-12 00:00:00-05:00,26.350000381469727,26.614999771118164,26.06999969482422,26.5,25.628753662109375,7686400,0.0,0.0,DOW
2026-01-13 00:00:00-05:00,26.639999389648438,27.06999969482422,26.46500015258789,26.549999237060547,25.677108764648438,10247800,0.0,0.0,DOW
2026-01-14 00:00:00-05:00,26.899999618530273,28.524999618530273,26.834999084472656,28.260000228881836,27.330888748168945,21174700,0.0,0.0,DOW
2026-01-15 00:00:00-05:00,28.290000915527344,28.360000610351562,27.209999084472656,27.940000534057617,27.02140998840332,9559300,0.0,0.0,DOW
2026-01-16 00:00:00-05:00,27.344999313354492,27.854999542236328,27.219999313354492,27.56999969482422,26.663576126098633,14028400,0.0,0.0,DOW
2026-01-20 00:00:00-05:00,26.549999237060547,27.165000915527344,26.30500030517578,26.579999923706055,25.70612144470215,11465600,0.0,0.0,DOW
2026-01-21 00:00:00-05:00,26.8700008392334,28.545000076293945,26.75,28.40999984741211,27.475955963134766,12572300,0.0,0.0,DOW
2026-01-22 00:00:00-05:00,28.610000610351562,29.09000015258789,28.270000457763672,28.329999923706055,27.398590087890625,11409000,0.0,0.0,DOW
2026-01-23 00:00:00-05:00,28.489999771118164,28.610000610351562,28.125,28.25,27.321218490600586,8892300,0.0,0.0,DOW
2026-01-26 00:00:00-05:00,28.3700008392334,28.559999465942383,27.969999313354492,28.18000030517578,27.25351905822754,8707100,0.0,0.0,DOW
2026-01-27 00:00:00-05:00,28.209999084472656,28.385000228881836,27.639999389648438,27.809999465942383,26.89568328857422,12804900,0.0,0.0,DOW
2026-01-28 00:00:00-05:00,28.100000381469727,28.149999618530273,27.200000762939453,27.780000686645508,26.866670608520508,17825500,0.0,0.0,DOW
2026-01-29 00:00:00-05:00,26.600000381469727,27.559999465942383,25.81999969482422,27.15999984741211,26.267053604125977,23608400,0.0,0.0,DOW
2026-01-30 00:00:00-05:00,27.290000915527344,28.0,26.920000076293945,27.549999237060547,26.644229888916016,18949400,0.0,0.0,DOW
2026-02-02 00:00:00-05:00,27.5,29.024999618530273,27.100000381469727,28.8799991607666,27.930503845214844,17168900,0.0,0.0,DOW
2026-02-03 00:00:00-05:00,28.899999618530273,31.145000457763672,28.809999465942383,30.489999771118164,29.487573623657227,21848200,0.0,0.0,DOW
2026-02-04 00:00:00-05:00,31.010000228881836,32.849998474121094,30.950000762939453,32.400001525878906,31.33477783203125,26129300,0.0,0.0,DOW
2026-02-05 00:00:00-05:00,31.899999618530273,32.22999954223633,30.15999984741211,30.600000381469727,29.593955993652344,15877500,0.0,0.0,DOW
2026-02-06 00:00:00-05:00,31.0,31.854999542236328,30.809999465942383,31.780000686645508,30.73516082763672,8977200,0.0,0.0,DOW
2026-02-09 00:00:00-05:00,31.5,32.540000915527344,31.020000457763672,32.08000183105469,31.025300979614258,10275400,0.0,0.0,DOW
2026-02-10 00:00:00-05:00,32.400001525878906,33.9900016784668,32.400001525878906,33.599998474121094,32.495323181152344,13531200,0.0,0.0,DOW
2026-02-11 00:00:00-05:00,33.70000076293945,34.77000045776367,33.5099983215332,34.0,32.88217544555664,12754800,0.0,0.0,DOW
2026-02-12 00:00:00-05:00,34.209999084472656,34.43000030517578,32.073001861572266,32.650001525878906,31.576560974121094,15685900,0.0,0.0,DOW
2026-02-13 00:00:00-05:00,32.619998931884766,33.150001525878906,32.32099914550781,32.4900016784668,31.42181968688965,10184100,0.0,0.0,DOW
2026-02-17 00:00:00-05:00,32.29999923706055,32.689998626708984,30.93000030517578,31.420000076293945,30.38699722290039,9911400,0.0,0.0,DOW
2026-02-18 00:00:00-05:00,31.649999618530273,32.47999954223633,31.440000534057617,31.579999923706055,30.541738510131836,10918600,0.0,0.0,DOW
2026-02-19 00:00:00-05:00,31.489999771118164,31.729999542236328,30.889999389648438,31.389999389648438,30.357982635498047,8869400,0.0,0.0,DOW
2026-02-20 00:00:00-05:00,30.969999313354492,31.06999969482422,29.489999771118164,30.520000457763672,29.516586303710938,17925100,0.0,0.0,DOW
2026-02-23 00:00:00-05:00,30.09000015258789,30.899999618530273,30.09000015258789,30.299999237060547,29.30381965637207,9417700,0.0,0.0,DOW
2026-02-24 00:00:00-05:00,30.639999389648438,31.469999313354492,30.510000228881836,31.049999237060547,30.02916145324707,10487400,0.0,0.0,DOW
2026-02-25 00:00:00-05:00,31.15999984741211,31.299999237060547,29.645000457763672,30.020000457763672,29.03302574157715,11139300,0.0,0.0,DOW
2026-02-26 00:00:00-05:00,29.989999771118164,30.049999237060547,29.209999084472656,29.899999618530273,28.916969299316406,9211200,0.0,0.0,DOW
2026-02-27 00:00:00-05:00,29.239999771118164,30.860000610351562,29.20400047302246,30.729999542236328,30.071693420410156,13297800,0.35,0.0,DOW
2026-03-02 00:00:00-05:00,30.700000762939453,31.55500030517578,30.139999389648438,30.600000381469727,29.94447898864746,13479000,0.0,0.0,DOW
2026-03-03 00:00:00-05:00,29.829999923706055,31.0,29.385000228881836,30.739999771118164,30.081478118896484,13304900,0.0,0.0,DOW
2026-03-04 00:00:00-05:00,32.0,32.38999938964844,31.040000915527344,32.34000015258789,31.64720344543457,13279500,0.0,0.0,DOW
2026-03-05 00:00:00-05:00,33.5,34.59199905395508,33.209999084472656,33.720001220703125,32.99763870239258,24545900,0.0,0.0,DOW
2026-03-06 00:00:00-05:00,35.0,35.150001525878906,32.95000076293945,33.279998779296875,32.56706237792969,19447200,0.0,0.0,DOW
2026-03-09 00:00:00-04:00,34.95000076293945,35.749000549316406,34.099998474121094,34.310001373291016,33.57500076293945,28495500,0.0,0.0,DOW
2026-03-10 00:00:00-04:00,34.619998931884766,35.18000030517578,33.185001373291016,33.88999938964844,33.163997650146484,22301900,0.0,0.0,DOW
2026-03-11 00:00:00-04:00,33.95000076293945,34.57500076293945,33.70000076293945,34.369998931884766,33.63371276855469,11106300,0.0,0.0,DOW
2026-03-12 00:00:00-04:00,35.75,37.68000030517578,35.5099983215332,37.58000183105469,36.77495193481445,25159600,0.0,0.0,DOW
2026-03-13 00:00:00-04:00,37.70000076293945,37.75,36.5099983215332,36.619998931884766,35.835514068603516,16375100,0.0,0.0,DOW
2026-03-16 00:00:00-04:00,36.38999938964844,36.630001068115234,35.970001220703125,36.0,35.228797912597656,9567400,0.0,0.0,DOW
2026-03-17 00:00:00-04:00,36.18000030517578,37.56999969482422,36.029998779296875,36.90999984741211,36.11930465698242,14301700,0.0,0.0,DOW
2026-03-18 00:00:00-04:00,37.5,38.2599983215332,37.053001403808594,37.689998626708984,36.882591247558594,15273900,0.0,0.0,DOW
2026-03-19 00:00:00-04:00,38.0099983215332,38.58000183105469,37.06999969482422,37.4900016784668,36.6868782043457,13780000,0.0,0.0,DOW
2026-03-20 00:00:00-04:00,37.81999969482422,38.31999969482422,36.47999954223633,36.650001525878906,35.86487579345703,15453500,0.0,0.0,DOW
2026-03-23 00:00:00-04:00,35.91999816894531,36.685001373291016,35.54999923706055,36.040000915527344,35.267940521240234,14991500,0.0,0.0,DOW
2026-03-24 00:00:00-04:00,36.22999954223633,38.470001220703125,36.22999954223633,38.310001373291016,37.48931121826172,16393500,0.0,0.0,DOW
2026-03-25 00:00:00-04:00,38.29999923706055,39.69499969482422,38.0,39.619998931884766,38.771244049072266,12223800,0.0,0.0,DOW
2026-03-26 00:00:00-04:00,39.619998931884766,40.19499969482422,39.220001220703125,39.470001220703125,38.62446212768555,9711600,0.0,0.0,DOW
2026-03-27 00:00:00-04:00,39.630001068115234,41.05500030517578,39.310001373291016,40.81999969482422,39.94554138183594,12322100,0.0,0.0,DOW
2026-03-30 00:00:00-04:00,41.619998931884766,42.5,41.209999084472656,41.869998931884766,40.973045349121094,15306500,0.0,0.0,DOW
2026-03-31 00:00:00-04:00,41.68000030517578,42.7400016784668,40.86000061035156,41.650001525878906,40.75776290893555,21086600,0.0,0.0,DOW
2026-04-01 00:00:00-04:00,41.59000015258789,41.755001068115234,39.584999084472656,40.689998626708984,39.81832504272461,21922000,0.0,0.0,DOW
2026-04-02 00:00:00-04:00,42.119998931884766,42.369998931884766,40.79999923706055,41.400001525878906,40.51311492919922,13355400,0.0,0.0,DOW
2026-04-06 00:00:00-04:00,40.45000076293945,41.06800079345703,39.935001373291016,40.560001373291016,39.69111251831055,13059100,0.0,0.0,DOW
2026-04-07 00:00:00-04:00,40.84000015258789,42.04999923706055,40.65999984741211,41.40999984741211,40.52290344238281,14260200,0.0,0.0,DOW
2026-04-08 00:00:00-04:00,36.619998931884766,39.345001220703125,35.75,39.279998779296875,38.43852996826172,27145700,0.0,0.0,DOW
2026-04-09 00:00:00-04:00,39.599998474121094,40.599998474121094,37.900001525878906,38.040000915527344,37.22509765625,18500500,0.0,0.0,DOW
2026-04-10 00:00:00-04:00,38.5,39.119998931884766,38.244998931884766,39.0099983215332,38.174312591552734,10924300,0.0,0.0,DOW
2026-04-13 00:00:00-04:00,40.0,40.61800003051758,39.78099822998047,40.11000061035156,39.25075149536133,9495700,0.0,0.0,DOW
2026-04-14 00:00:00-04:00,39.70000076293945,39.724998474121094,38.150001525878906,39.15999984741211,38.321102142333984,13086700,0.0,0.0,DOW
2026-04-15 00:00:00-04:00,39.150001525878906,39.415000915527344,38.720001220703125,38.84000015258789,38.007957458496094,9404300,0.0,0.0,DOW
2026-04-16 00:00:00-04:00,39.5,40.0099983215332,39.18000030517578,39.91999816894531,39.0648193359375,11306200,0.0,0.0,DOW
2026-04-17 00:00:00-04:00,36.290000915527344,36.54999923706055,34.79999923706055,35.599998474121094,34.837364196777344,27285900,0.0,0.0,DOW
2026-04-20 00:00:00-04:00,36.04499816894531,37.279998779296875,35.91999816894531,36.77000045776367,35.982303619384766,12428600,0.0,0.0,DOW
2026-04-21 00:00:00-04:00,36.880001068115234,38.33000183105469,36.880001068115234,38.310001373291016,37.48931121826172,13555500,0.0,0.0,DOW
2026-04-22 00:00:00-04:00,38.5,39.0,38.290000915527344,38.810001373291016,37.97860336303711,14665300,0.0,0.0,DOW
2026-04-23 00:00:00-04:00,39.380001068115234,40.04999923706055,36.724998474121094,38.529998779296875,37.70459747314453,22976900,0.0,0.0,DOW
2026-04-24 00:00:00-04:00,38.939998626708984,39.4900016784668,37.93000030517578,38.65999984741211,37.83181381225586,12672400,0.0,0.0,DOW
2026-04-27 00:00:00-04:00,39.5,39.720001220703125,37.375,38.099998474121094,37.28380584716797,11226400,0.0,0.0,DOW
2026-04-28 00:00:00-04:00,38.900001525878906,39.099998474121094,37.849998474121094,38.0099983215332,37.195735931396484,9268100,0.0,0.0,DOW
2026-04-29 00:00:00-04:00,38.59000015258789,39.70000076293945,38.5099983215332,39.54999923706055,38.7027473449707,11659400,0.0,0.0,DOW
2026-04-30 00:00:00-04:00,39.400001525878906,40.849998474121094,38.880001068115234,40.4900016784668,39.62261199951172,15935600,0.0,0.0,DOW
2026-05-01 00:00:00-04:00,40.939998626708984,41.459999084472656,39.43000030517578,40.290000915527344,39.42689895629883,9176900,0.0,0.0,DOW
2026-05-04 00:00:00-04:00,40.7400016784668,40.9900016784668,39.62099838256836,40.58000183105469,39.7106819152832,8787400,0.0,0.0,DOW
2026-05-05 00:00:00-04:00,40.439998626708984,41.474998474121094,40.30500030517578,40.79999923706055,39.92597198486328,7117500,0.0,0.0,DOW
2026-05-06 00:00:00-04:00,38.06999969482422,38.90999984741211,37.584999084472656,38.5,37.67524337768555,17871600,0.0,0.0,DOW
2026-05-07 00:00:00-04:00,37.54999923706055,37.7599983215332,36.86000061035156,37.31999969482422,36.5205192565918,17292200,0.0,0.0,DOW
2026-05-08 00:00:00-04:00,37.5099983215332,37.64500045776367,36.720001220703125,36.869998931884766,36.08015823364258,9781500,0.0,0.0,DOW
2026-05-11 00:00:00-04:00,37.5,38.81999969482422,37.4900016784668,38.7599983215332,37.92967224121094,9412500,0.0,0.0,DOW
2026-05-12 00:00:00-04:00,38.9900016784668,39.845001220703125,38.54100036621094,39.43000030517578,38.58531951904297,8792700,0.0,0.0,DOW
2026-05-13 00:00:00-04:00,40.0099983215332,40.16999816894531,38.810001373291016,38.84000015258789,38.007957458496094,8415300,0.0,0.0,DOW
2026-05-14 00:00:00-04:00,38.72999954223633,39.07500076293945,38.54999923706055,38.779998779296875,37.949241638183594,5643100,0.0,0.0,DOW
2026-05-15 00:00:00-04:00,39.0,39.415000915527344,38.611000061035156,38.75,37.919883728027344,9184900,0.0,0.0,DOW
2026-05-18 00:00:00-04:00,38.470001220703125,38.808998107910156,37.8849983215332,38.560001373291016,37.73395919799805,8719400,0.0,0.0,DOW
2026-05-19 00:00:00-04:00,38.709999084472656,38.880001068115234,37.20500183105469,37.7400016784668,36.931522369384766,10566300,0.0,0.0,DOW
2026-05-20 00:00:00-04:00,37.58000183105469,37.88999938964844,35.91999816894531,36.27000045776367,35.493011474609375,15321300,0.0,0.0,DOW
2026-05-21 00:00:00-04:00,36.58000183105469,37.349998474121094,35.564998626708984,35.90999984741211,35.140724182128906,12844700,0.0,0.0,DOW
2026-05-22 00:00:00-04:00,36.150001525878906,36.599998474121094,35.55500030517578,36.0099983215332,35.23857879638672,9010400,0.0,0.0,DOW
2026-05-26 00:00:00-04:00,36.209999084472656,36.29999923706055,35.02000045776367,35.279998779296875,34.52421951293945,14114900,0.0,0.0,DOW
2026-05-27 00:00:00-04:00,34.599998474121094,34.88999938964844,34.084999084472656,34.4900016784668,33.75114440917969,16013100,0.0,0.0,DOW
2026-05-28 00:00:00-04:00,34.88999938964844,35.540000915527344,34.435001373291016,34.77000045776367,34.025150299072266,12484100,0.0,0.0,DOW
2026-05-29 00:00:00-04:00,34.47999954223633,34.52000045776367,33.44499969482422,33.75,33.362831115722656,17171300,0.35,0.0,DOW
2026-06-01 00:00:00-04:00,34.25,35.40999984741211,34.20500183105469,34.689998626708984,34.292049407958984,10533500,0.0,0.0,DOW
2026-06-02 00:00:00-04:00,34.55500030517578,34.92499923706055,34.2599983215332,34.720001220703125,34.32170486450195,11207900,0.0,0.0,DOW
2026-06-03 00:00:00-04:00,34.689998626708984,35.7140007019043,34.68000030517578,35.400001525878906,34.99390411376953,10733800,0.0,0.0,DOW
2026-06-04 00:00:00-04:00,34.959999084472656,35.52000045776367,34.529998779296875,34.790000915527344,34.39090347290039,9243900,0.0,0.0,DOW
2026-06-05 00:00:00-04:00,34.529998779296875,34.599998474121094,33.654998779296875,33.970001220703125,33.5803108215332,8121900,0.0,0.0,DOW
2026-06-08 00:00:00-04:00,33.97999954223633,34.400001525878906,33.654998779296875,34.20000076293945,33.80767059326172,6846800,0.0,0.0,DOW
2026-06-09 00:00:00-04:00,34.029998779296875,34.09000015258789,32.56999969482422,33.220001220703125,32.83891296386719,13901100,0.0,0.0,DOW
2026-06-10 00:00:00-04:00,33.25,34.46500015258789,32.880001068115234,34.2400016784668,33.84721374511719,13017500,0.0,0.0,DOW
2026-06-11 00:00:00-04:00,34.90999984741211,36.040000915527344,33.435001373291016,33.630001068115234,33.24420928955078,12414900,0.0,0.0,DOW
2026-06-12 00:00:00-04:00,33.31999969482422,34.189998626708984,32.75,33.849998474121094,33.46168518066406,15932500,0.0,0.0,DOW
2026-06-15 00:00:00-04:00,32.709999084472656,33.310001373291016,31.90999984741211,33.22999954223633,32.84879684448242,15288000,0.0,0.0,DOW
2026-06-16 00:00:00-04:00,32.81999969482422,33.38999938964844,32.44499969482422,32.959999084472656,32.58189392089844,10758000,0.0,0.0,DOW
2026-06-17 00:00:00-04:00,32.849998474121094,33.97999954223633,32.47999954223633,32.5,32.12717056274414,10897200,0.0,0.0,DOW
2026-06-18 00:00:00-04:00,32.599998474121094,32.599998474121094,31.3700008392334,31.729999542236328,31.366004943847656,17423500,0.0,0.0,DOW
2026-06-22 00:00:00-04:00,31.200000762939453,31.389999389648438,30.665000915527344,30.790000915527344,30.43678855895996,13107300,0.0,0.0,DOW
2026-06-23 00:00:00-04:00,30.530000686645508,31.084999084472656,30.184999465942383,30.329999923706055,29.982065200805664,14159300,0.0,0.0,DOW
2026-06-24 00:00:00-04:00,30.0,30.0,28.774999618530273,29.3799991607666,29.0429630279541,23935400,0.0,0.0,DOW
2026-06-25 00:00:00-04:00,28.829999923706055,29.514999389648438,28.389999389648438,29.309999465942383,28.973766326904297,12740100,0.0,0.0,DOW
2026-06-26 00:00:00-04:00,29.0,29.298999786376953,28.735000610351562,29.040000915527344,28.706865310668945,12286800,0.0,0.0,DOW
2026-06-29 00:00:00-04:00,29.139999389648438,29.30900001525879,27.540000915527344,27.920000076293945,27.599712371826172,12783500,0.0,0.0,DOW
2026-06-30 00:00:00-04:00,27.90999984741211,28.180999755859375,27.135000228881836,27.360000610351562,27.0461368560791,12814600,0.0,0.0,DOW
2026-07-01 00:00:00-04:00,26.799999237060547,27.665000915527344,26.799999237060547,27.020000457763672,26.710037231445312,13818400,0.0,0.0,DOW
2026-07-02 00:00:00-04:00,27.25,28.334999084472656,27.25,27.709999084472656,27.392120361328125,11721600,0.0,0.0,DOW
2026-07-06 00:00:00-04:00,27.200000762939453,27.454999923706055,26.900999069213867,27.329999923706055,27.0164794921875,8510800,0.0,0.0,DOW
2026-07-07 00:00:00-04:00,27.549999237060547,28.700000762939453,27.549999237060547,28.639999389648438,28.311452865600586,13926600,0.0,0.0,DOW
2026-07-08 00:00:00-04:00,29.479999542236328,29.899999618530273,28.969999313354492,29.030000686645508,28.696979522705078,16014100,0.0,0.0,DOW
2026-07-09 00:00:00-04:00,28.780000686645508,29.040000915527344,27.989999771118164,28.5,28.173059463500977,9547000,0.0,0.0,DOW
2026-07-10 00:00:00-04:00,28.780000686645508,29.15999984741211,28.6299991607666,29.030000686645508,28.696979522705078,5713300,0.0,0.0,DOW
2026-07-13 00:00:00-04:00,29.559999465942383,30.440000534057617,29.280000686645508,30.3700008392334,30.021608352661133,12392800,0.0,0.0,DOW
2026-07-14 00:00:00-04:00,30.959999084472656,31.209999084472656,30.139999389648438,30.309999465942383,29.96229362487793,8630000,0.0,0.0,DOW
2026-07-15 00:00:00-04:00,30.200000762939453,30.309999465942383,29.309999465942383,29.700000762939453,29.35929298400879,8806400,0.0,0.0,DOW
2026-07-16 00:00:00-04:00,29.639999389648438,29.979999542236328,29.204999923706055,29.299999237060547,28.96388053894043,7007900,0.0,0.0,DOW
2026-07-17 00:00:00-04:00,30.010000228881836,30.540000915527344,29.639999389648438,29.920000076293945,29.57676887512207,8538800,0.0,0.0,DOW
2026-07-20 00:00:00-04:00,29.75,30.559999465942383,29.520000457763672,30.3700008392334,30.021608352661133,9089500,0.0,0.0,DOW
2026-07-21 00:00:00-04:00,30.6200008392334,31.25,30.440000534057617,30.469999313354492,30.120458602905273,8324300,0.0,0.0,DOW
2026-07-22 00:00:00-04:00,30.989999771118164,31.584999084472656,30.809999465942383,31.25,30.891511917114258,11532400,0.0,0.0,DOW
2026-07-23 00:00:00-04:00,31.799999237060547,32.72999954223633,30.670000076293945,30.899999618530273,30.5455265045166,16614800,0.0,0.0,DOW
2026-07-24 00:00:00-04:00,30.610000610351562,30.774999618530273,29.299999237060547,29.84000015258789,29.4976863861084,10427200,0.0,0.0,DOW
2026-07-27 00:00:00-04:00,28.93000030517578,29.219999313354492,28.229999542236328,28.75,28.420190811157227,13172000,0.0,0.0,DOW
2026-07-28 00:00:00-04:00,29.0,29.489999771118164,28.700000762939453,28.850000381469727,28.51904296875,12162300,0.0,0.0,DOW
2026-07-29 00:00:00-04:00,29.670000076293945,30.6299991607666,29.530000686645508,30.450000762939453,30.100688934326172,13813700,0.0,0.0,DOW
2026-07-30 00:00:00-04:00,30.059999465942383,30.479999542236328,29.450000762939453,30.09000015258789,29.74481964111328,9163500,0.0,0.0,DOW
2026-07-31 00:00:00-04:00,29.969999313354492,30.510000228881836,29.594999313354492,30.290000915527344,29.94252586364746,9113800,0.0,0.0,DOW
2026-08-03 00:00:00-04:00,30.190000534057617,30.450000762939453,29.739999771118164,29.889999389648438,29.54711151123047,9264400,0.0,0.0,DOW
2026-08-04 00:00:00-04:00,29.030000686645508,30.448999404907227,28.690000534057617,30.329999923706055,29.982065200805664,9348800,0.0,0.0,DOW
2026-08-05 00:00:00-04:00,30.610000610351562,30.68000030517578,29.170000076293945,29.670000076293945,29.32963752746582,10208500,0.0,0.0,DOW
2026-08-06 00:00:00-04:00,30.0,30.90999984741211,29.719999313354492,30.299999237060547,29.952409744262695,9296800,0.0,0.0,DOW
2026-08-07 00:00:00-04:00,29.799999237060547,29.940000534057617,29.264999389648438,29.34000015258789,29.003421783447266,9022100,0.0,0.0,DOW
2026-08-10 00:00:00-04:00,29.649999618530273,30.579999923706055,29.545000076293945,30.579999923706055,30.229198455810547,7474900,0.0,0.0,DOW
2026-08-11 00:00:00-04:00,30.405000686645508,31.440000534057617,30.405000686645508,31.260000228881836,30.901397705078125,7519400,0.0,0.0,DOW
2026-08-12 00:00:00-04:00,31.110000610351562,31.219999313354492,30.4950008392334,30.56999969482422,30.21931266784668,6615000,0.0,0.0,DOW
2026-08-13 00:00:00-04:00,30.350000381469727,30.725000381469727,30.184999465942383,30.360000610351562,30.011722564697266,6867500,0.0,0.0,DOW
2026-08-14 00:00:00-04:00,30.690000534057617,31.200000762939453,30.6299991607666,31.06999969482422,30.71357536315918,7305700,0.0,0.0,DOW
2026-08-17 00:00:00-04:00,31.09000015258789,31.53499984741211,30.81999969482422,31.34000015258789,30.980480194091797,6020000,0.0,0.0,DOW
2026-08-18 00:00:00-04:00,31.600000381469727,31.93000030517578,31.06100082397461,31.190000534057617,30.83220100402832,7367900,0.0,0.0,DOW
2026-08-19 00:00:00-04:00,31.399999618530273,32.125,31.350000381469727,31.75,31.38577651977539,6137700,0.0,0.0,DOW
2026-08-20 00:00:00-04:00,31.770000457763672,33.400001525878906,31.770000457763672,32.900001525878906,32.5225830078125,14366300,0.0,0.0,DOW
2026-08-21 00:00:00-04:00,32.779998779296875,33.32500076293945,32.279998779296875,32.349998474121094,31.978891372680664,9183700,0.0,0.0,DOW
2026-08-24 00:00:00-04:00,32.029998779296875,32.04999923706055,31.270000457763672,31.440000534057617,31.07933235168457,8242700,0.0,0.0,DOW
2026-08-25 00:00:00-04:00,30.959999084472656,30.959999084472656,30.139999389648438,30.15999984741211,29.814016342163086,9173300,0.0,0.0,DOW
2026-08-26 00:00:00-04:00,30.010000228881836,30.40999984741211,29.729999542236328,30.329999923706055,29.982065200805664,9601600,0.0,0.0,DOW
2026-08-27 00:00:00-04:00,30.309999465942383,30.600000381469727,29.954999923706055,30.329999923706055,29.982065200805664,6433100,0.0,0.0,DOW
2026-08-28 00:00:00-04:00,30.6299991607666,30.84000015258789,30.110000610351562,30.510000228881836,30.160001754760742,5963800,0.0,0.0,DOW
2026-08-31 00:00:00-04:00,30.549999237060547,31.260000228881836,30.190000534057617,30.520000457763672,30.520000457763672,9531100,0.35,0.0,DOW
2026-09-01 00:00:00-04:00,30.700000762939453,30.850000381469727,30.075000762939453,30.459999084472656,30.459999084472656,7678800,0.0,0.0,DOW
2026-09-02 00:00:00-04:00,30.260000228881836,31.459999084472656,30.260000228881836,31.280000686645508,31.280000686645508,7906700,0.0,0.0,DOW
2026-09-03 00:00:00-04:00,31.549999237060547,31.690000534057617,30.329999923706055,30.360000610351562,30.360000610351562,8175200,0.0,0.0,DOW
2026-09-04 00:00:00-04:00,30.100000381469727,30.450000762939453,29.100000381469727,29.440000534057617,29.440000534057617,9411400,0.0,0.0,DOW
