date,Open,High,Low,Close,Adj Close,Volume,Dividends,Stock Splits,symbole
1997-06-27 00:00:00-04:00,16.0,16.125,15.75,16.0,12.809466361999512,2807400,0.0,0.0,FIX
1997-06-30 00:00:00-04:00,16.0,16.0,15.5625,15.625,12.50924301147461,498600,0.0,0.0,FIX
1997-07-01 00:00:00-04:00,15.75,16.5,15.5,16.3125,13.059651374816895,530900,0.0,0.0,FIX
1997-07-02 00:00:00-04:00,16.4375,16.4375,15.625,15.875,12.709392547607422,327200,0.0,0.0,FIX
1997-07-03 00:00:00-04:00,16.0,16.5,15.875,16.375,13.109688758850098,131800,0.0,0.0,FIX
1997-07-07 00:00:00-04:00,16.5,17.0,16.125,17.0,13.610054016113281,45500,0.0,0.0,FIX
1997-07-08 00:00:00-04:00,17.125,17.375,17.0,17.0,13.610054016113281,167700,0.0,0.0,FIX
1997-07-09 00:00:00-04:00,17.0,17.0625,16.625,16.75,13.409911155700684,96300,0.0,0.0,FIX
1997-07-10 00:00:00-04:00,16.5625,16.75,16.5,16.75,13.409911155700684,79900,0.0,0.0,FIX
1997-07-11 00:00:00-04:00,16.75,17.125,16.625,16.75,13.409911155700684,145000,0.0,0.0,FIX
1997-07-14 00:00:00-04:00,17.0,17.625,16.875,17.5625,14.06038761138916,124700,0.0,0.0,FIX
1997-07-15 00:00:00-04:00,17.5,17.75,17.0625,17.375,13.910273551940918,53100,0.0,0.0,FIX
1997-07-16 00:00:00-04:00,17.4375,17.875,17.4375,17.875,14.310575485229492,144200,0.0,0.0,FIX
1997-07-17 00:00:00-04:00,17.9375,18.25,17.9375,18.0,14.410654067993164,185800,0.0,0.0,FIX
1997-07-18 00:00:00-04:00,18.25,18.3125,17.625,18.0,14.410654067993164,179700,0.0,0.0,FIX
1997-07-21 00:00:00-04:00,18.0,18.0,17.5,17.625,14.110427856445312,79100,0.0,0.0,FIX
1997-07-22 00:00:00-04:00,17.625,17.875,17.625,17.625,14.110427856445312,64700,0.0,0.0,FIX
1997-07-23 00:00:00-04:00,18.0,18.0,17.375,17.875,14.310575485229492,92400,0.0,0.0,FIX
1997-07-24 00:00:00-04:00,17.875,18.0625,17.8125,17.9375,14.360618591308594,46300,0.0,0.0,FIX
1997-07-25 00:00:00-04:00,18.125,18.625,18.125,18.25,14.610794067382812,150600,0.0,0.0,FIX
1997-07-28 00:00:00-04:00,18.125,18.25,17.625,17.75,14.210494041442871,46800,0.0,0.0,FIX
1997-07-29 00:00:00-04:00,17.8125,18.0,17.625,17.625,14.110427856445312,68000,0.0,0.0,FIX
1997-07-30 00:00:00-04:00,17.5625,18.125,17.5625,18.0,14.410654067993164,76200,0.0,0.0,FIX
1997-07-31 00:00:00-04:00,18.125,18.125,17.625,17.875,14.310575485229492,71000,0.0,0.0,FIX
1997-08-01 00:00:00-04:00,17.8125,18.125,17.5,18.125,14.510727882385254,66800,0.0,0.0,FIX
1997-08-04 00:00:00-04:00,18.0,18.0625,17.875,18.0,14.410654067993164,77200,0.0,0.0,FIX
1997-08-05 00:00:00-04:00,18.125,19.625,18.0625,19.625,15.71160888671875,76800,0.0,0.0,FIX
1997-08-06 00:00:00-04:00,19.75,20.0,19.1875,19.4375,15.561500549316406,48700,0.0,0.0,FIX
1997-08-07 00:00:00-04:00,19.5,19.6875,19.0,19.6875,15.761651039123535,222200,0.0,0.0,FIX
1997-08-08 00:00:00-04:00,19.5625,19.5625,18.9375,19.0625,15.26127815246582,91600,0.0,0.0,FIX
1997-08-11 00:00:00-04:00,19.125,19.125,18.5,18.875,15.11116886138916,35400,0.0,0.0,FIX
1997-08-12 00:00:00-04:00,19.0,19.5,18.75,18.875,15.11116886138916,50100,0.0,0.0,FIX
1997-08-13 00:00:00-04:00,18.75,18.875,17.75,18.0,14.410654067993164,51600,0.0,0.0,FIX
1997-08-14 00:00:00-04:00,17.9375,18.25,17.0,17.75,14.210494041442871,71200,0.0,0.0,FIX
1997-08-15 00:00:00-04:00,17.8125,17.875,17.375,17.5,14.010351181030273,39000,0.0,0.0,FIX
1997-08-18 00:00:00-04:00,17.375,17.875,17.25,17.875,14.310575485229492,23100,0.0,0.0,FIX
1997-08-19 00:00:00-04:00,18.125,18.3125,17.625,18.3125,14.660836219787598,16400,0.0,0.0,FIX
1997-08-20 00:00:00-04:00,18.1875,18.4375,18.125,18.125,14.510727882385254,16000,0.0,0.0,FIX
1997-08-21 00:00:00-04:00,18.1875,18.875,18.1875,18.6875,14.961052894592285,43000,0.0,0.0,FIX
1997-08-22 00:00:00-04:00,18.5625,19.0,18.375,19.0,15.211246490478516,14300,0.0,0.0,FIX
1997-08-25 00:00:00-04:00,18.875,18.9375,18.0,18.3125,14.660836219787598,65300,0.0,0.0,FIX
1997-08-26 00:00:00-04:00,18.3125,18.3125,17.5,17.625,14.110427856445312,19000,0.0,0.0,FIX
1997-08-27 00:00:00-04:00,17.6875,17.6875,17.375,17.625,14.110427856445312,20600,0.0,0.0,FIX
1997-08-28 00:00:00-04:00,17.625,17.9375,17.5,17.75,14.210494041442871,39700,0.0,0.0,FIX
1997-08-29 00:00:00-04:00,17.75,17.8125,17.6875,17.8125,14.260537147521973,41300,0.0,0.0,FIX
1997-09-02 00:00:00-04:00,17.9375,18.25,17.875,18.125,14.510727882385254,46700,0.0,0.0,FIX
1997-09-03 00:00:00-04:00,18.25,18.5,18.0,18.5,14.810948371887207,63100,0.0,0.0,FIX
1997-09-04 00:00:00-04:00,18.625,19.875,18.625,19.375,15.511469841003418,91100,0.0,0.0,FIX
1997-09-05 00:00:00-04:00,19.5,20.0,19.375,20.0,16.01183319091797,46300,0.0,0.0,FIX
1997-09-08 00:00:00-04:00,19.9375,20.0,19.75,20.0,16.01183319091797,33900,0.0,0.0,FIX
1997-09-09 00:00:00-04:00,20.0,20.0,19.5,19.9375,15.961795806884766,61400,0.0,0.0,FIX
1997-09-10 00:00:00-04:00,19.9375,20.0625,19.75,20.0,16.01183319091797,57100,0.0,0.0,FIX
1997-09-11 00:00:00-04:00,20.0,20.0,19.8125,19.875,15.911757469177246,2200,0.0,0.0,FIX
1997-09-12 00:00:00-04:00,20.0,20.1875,19.875,20.0,16.01183319091797,48100,0.0,0.0,FIX
1997-09-15 00:00:00-04:00,20.0625,20.0625,19.875,19.875,15.911757469177246,10000,0.0,0.0,FIX
1997-09-16 00:00:00-04:00,19.875,20.125,19.875,20.0625,16.061866760253906,4600,0.0,0.0,FIX
1997-09-17 00:00:00-04:00,20.125,20.5625,19.875,20.5,16.412134170532227,24400,0.0,0.0,FIX
1997-09-18 00:00:00-04:00,20.5,20.875,20.5,20.6875,16.562231063842773,57600,0.0,0.0,FIX
1997-09-19 00:00:00-04:00,20.625,20.8125,20.5,20.5625,16.462162017822266,14700,0.0,0.0,FIX
1997-09-22 00:00:00-04:00,20.5,21.0,20.5,20.875,16.71235466003418,27300,0.0,0.0,FIX
1997-09-23 00:00:00-04:00,21.0,21.4375,20.875,20.9375,16.762393951416016,156600,0.0,0.0,FIX
1997-09-24 00:00:00-04:00,21.3125,21.5625,21.125,21.3125,17.06261444091797,115700,0.0,0.0,FIX
1997-09-25 00:00:00-04:00,21.3125,21.375,20.375,20.375,16.312061309814453,38700,0.0,0.0,FIX
1997-09-26 00:00:00-04:00,20.25,20.25,19.1875,19.1875,15.361352920532227,28200,0.0,0.0,FIX
1997-09-29 00:00:00-04:00,19.25,19.3125,18.0625,18.4375,14.760904312133789,127900,0.0,0.0,FIX
1997-09-30 00:00:00-04:00,18.5,19.25,18.5,19.125,15.311315536499023,300000,0.0,0.0,FIX
1997-10-01 00:00:00-04:00,19.3125,19.3125,18.5,18.8125,15.061128616333008,43200,0.0,0.0,FIX
1997-10-02 00:00:00-04:00,18.9375,18.9375,18.375,18.375,14.710866928100586,67600,0.0,0.0,FIX
1997-10-03 00:00:00-04:00,18.5,18.9375,18.5,18.8125,15.061128616333008,59600,0.0,0.0,FIX
1997-10-06 00:00:00-04:00,18.9375,18.9375,18.625,18.8125,15.061128616333008,77400,0.0,0.0,FIX
1997-10-07 00:00:00-04:00,18.75,19.0,18.625,18.625,14.911017417907715,58300,0.0,0.0,FIX
1997-10-08 00:00:00-04:00,18.75,19.125,18.6875,19.0625,15.26127815246582,29600,0.0,0.0,FIX
1997-10-09 00:00:00-04:00,19.125,20.0625,19.0,19.625,15.71160888671875,47200,0.0,0.0,FIX
1997-10-10 00:00:00-04:00,19.4375,19.5,18.75,18.75,15.01109504699707,55700,0.0,0.0,FIX
1997-10-13 00:00:00-04:00,18.8125,19.0,18.625,18.6875,14.961052894592285,109100,0.0,0.0,FIX
1997-10-14 00:00:00-04:00,18.6875,18.75,18.125,18.3125,14.660836219787598,33900,0.0,0.0,FIX
1997-10-15 00:00:00-04:00,18.25,18.75,18.0,18.4375,14.760904312133789,168900,0.0,0.0,FIX
1997-10-16 00:00:00-04:00,18.5,18.75,18.0,18.125,14.510727882385254,24500,0.0,0.0,FIX
1997-10-17 00:00:00-04:00,18.0,18.0,17.75,17.8125,14.260537147521973,22100,0.0,0.0,FIX
1997-10-20 00:00:00-04:00,17.9375,18.625,17.9375,18.5625,14.860982894897461,29400,0.0,0.0,FIX
1997-10-21 00:00:00-04:00,18.4375,18.625,17.375,17.75,14.210494041442871,57800,0.0,0.0,FIX
1997-10-22 00:00:00-04:00,17.875,18.0625,17.5625,17.75,14.210494041442871,51800,0.0,0.0,FIX
1997-10-23 00:00:00-04:00,17.625,17.75,17.5,17.75,14.210494041442871,15100,0.0,0.0,FIX
1997-10-24 00:00:00-04:00,17.875,18.0,17.0,17.0625,13.660096168518066,64000,0.0,0.0,FIX
1997-10-27 00:00:00-05:00,16.9375,16.9375,15.5,15.875,12.709392547607422,58500,0.0,0.0,FIX
1997-10-28 00:00:00-05:00,15.25,16.25,15.0,16.25,13.009617805480957,122200,0.0,0.0,FIX
1997-10-29 00:00:00-05:00,16.25,16.25,15.75,15.9375,12.759430885314941,157600,0.0,0.0,FIX
1997-10-30 00:00:00-05:00,15.875,16.8125,15.875,16.75,13.409911155700684,58000,0.0,0.0,FIX
1997-10-31 00:00:00-05:00,17.0,17.0,16.5625,17.0,13.610054016113281,119600,0.0,0.0,FIX
1997-11-03 00:00:00-05:00,16.875,17.125,16.875,17.0625,13.660096168518066,43100,0.0,0.0,FIX
1997-11-04 00:00:00-05:00,17.0,17.0,16.875,16.9375,13.56002140045166,5000,0.0,0.0,FIX
1997-11-05 00:00:00-05:00,16.8125,16.875,16.625,16.75,13.409911155700684,13400,0.0,0.0,FIX
1997-11-06 00:00:00-05:00,16.875,16.9375,16.5,16.5,13.209763526916504,8700,0.0,0.0,FIX
1997-11-07 00:00:00-05:00,16.125,17.125,16.125,16.375,13.109688758850098,58700,0.0,0.0,FIX
1997-11-10 00:00:00-05:00,16.5,16.6875,16.5,16.625,13.309831619262695,11100,0.0,0.0,FIX
1997-11-11 00:00:00-05:00,16.5,16.75,16.375,16.5,13.209763526916504,25900,0.0,0.0,FIX
1997-11-12 00:00:00-05:00,16.375,16.375,15.75,15.75,12.609315872192383,17300,0.0,0.0,FIX
1997-11-13 00:00:00-05:00,15.9375,16.0,15.625,16.0,12.809466361999512,250100,0.0,0.0,FIX
1997-11-14 00:00:00-05:00,16.0625,16.0625,15.5,15.5,12.409173011779785,125400,0.0,0.0,FIX
1997-11-17 00:00:00-05:00,15.625,15.6875,15.5,15.5625,12.459208488464355,68400,0.0,0.0,FIX
1997-11-18 00:00:00-05:00,15.0,15.375,15.0,15.3125,12.259062767028809,52000,0.0,0.0,FIX
1997-11-19 00:00:00-05:00,15.1875,16.375,15.1875,16.375,13.109688758850098,61400,0.0,0.0,FIX
1997-11-20 00:00:00-05:00,16.625,16.875,16.3125,16.75,13.409911155700684,47800,0.0,0.0,FIX
1997-11-21 00:00:00-05:00,16.875,17.3125,16.875,17.3125,13.86024284362793,26300,0.0,0.0,FIX
1997-11-24 00:00:00-05:00,17.4375,17.4375,16.875,16.9375,13.56002140045166,28400,0.0,0.0,FIX
1997-11-25 00:00:00-05:00,16.8125,17.125,16.8125,16.9375,13.56002140045166,43700,0.0,0.0,FIX
1997-11-26 00:00:00-05:00,17.0,17.0625,16.9375,16.9375,13.56002140045166,36900,0.0,0.0,FIX
1997-11-28 00:00:00-05:00,17.0625,17.25,17.0,17.0,13.610054016113281,21000,0.0,0.0,FIX
1997-12-01 00:00:00-05:00,17.0625,17.125,17.0,17.0,13.610054016113281,10100,0.0,0.0,FIX
1997-12-02 00:00:00-05:00,16.875,17.0,16.625,16.625,13.309831619262695,49900,0.0,0.0,FIX
1997-12-03 00:00:00-05:00,16.6875,16.6875,16.3125,16.4375,13.159725189208984,9900,0.0,0.0,FIX
1997-12-04 00:00:00-05:00,16.4375,16.5625,16.375,16.5,13.209763526916504,23900,0.0,0.0,FIX
1997-12-05 00:00:00-05:00,16.5,17.25,16.4375,17.25,13.810201644897461,47600,0.0,0.0,FIX
1997-12-08 00:00:00-05:00,17.25,17.25,16.75,16.9375,13.56002140045166,53500,0.0,0.0,FIX
1997-12-09 00:00:00-05:00,16.875,17.125,16.8125,17.125,13.710127830505371,40100,0.0,0.0,FIX
1997-12-10 00:00:00-05:00,17.125,18.0,17.0,17.625,14.110427856445312,168100,0.0,0.0,FIX
1997-12-11 00:00:00-05:00,17.625,17.875,17.625,17.8125,14.260537147521973,71100,0.0,0.0,FIX
1997-12-12 00:00:00-05:00,17.875,18.0,17.75,17.75,14.210494041442871,3400,0.0,0.0,FIX
1997-12-15 00:00:00-05:00,17.625,17.875,17.5625,17.875,14.310575485229492,27400,0.0,0.0,FIX
1997-12-16 00:00:00-05:00,18.0,18.5,17.75,18.125,14.510727882385254,43200,0.0,0.0,FIX
1997-12-17 00:00:00-05:00,18.0625,19.125,18.0625,19.0,15.211246490478516,107100,0.0,0.0,FIX
1997-12-18 00:00:00-05:00,18.875,19.25,18.875,19.0625,15.26127815246582,46600,0.0,0.0,FIX
1997-12-19 00:00:00-05:00,19.0,19.25,18.875,19.25,15.411385536193848,30600,0.0,0.0,FIX
1997-12-22 00:00:00-05:00,19.25,19.25,19.0,19.0,15.211246490478516,7400,0.0,0.0,FIX
1997-12-23 00:00:00-05:00,19.0,19.375,18.9375,19.375,15.511469841003418,19000,0.0,0.0,FIX
1997-12-24 00:00:00-05:00,19.5,19.5,19.0625,19.0625,15.26127815246582,4100,0.0,0.0,FIX
1997-12-26 00:00:00-05:00,19.0625,19.1875,19.0625,19.0625,15.26127815246582,1400,0.0,0.0,FIX
1997-12-29 00:00:00-05:00,19.0625,19.375,19.0,19.25,15.411385536193848,10300,0.0,0.0,FIX
1997-12-30 00:00:00-05:00,19.25,19.5,19.1875,19.5,15.61153507232666,29000,0.0,0.0,FIX
1997-12-31 00:00:00-05:00,19.5,20.0,19.5,19.75,15.811675071716309,134200,0.0,0.0,FIX
1998-01-02 00:00:00-05:00,19.625,19.6875,19.125,19.1875,15.361352920532227,15600,0.0,0.0,FIX
1998-01-05 00:00:00-05:00,19.0,19.09375,18.625,19.0,15.211246490478516,240300,0.0,0.0,FIX
1998-01-06 00:00:00-05:00,19.0625,19.0625,18.75,19.0625,15.26127815246582,15200,0.0,0.0,FIX
1998-01-07 00:00:00-05:00,19.0,19.125,18.75,18.75,15.01109504699707,9300,0.0,0.0,FIX
1998-01-08 00:00:00-05:00,18.625,18.625,18.25,18.25,14.610794067382812,32000,0.0,0.0,FIX
1998-01-09 00:00:00-05:00,18.25,18.25,18.125,18.25,14.610794067382812,9200,0.0,0.0,FIX
1998-01-12 00:00:00-05:00,18.125,18.25,18.125,18.1875,14.56075382232666,9100,0.0,0.0,FIX
1998-01-13 00:00:00-05:00,18.1875,18.75,18.1875,18.75,15.01109504699707,38300,0.0,0.0,FIX
1998-01-14 00:00:00-05:00,18.75,19.125,18.75,18.875,15.11116886138916,27400,0.0,0.0,FIX
1998-01-15 00:00:00-05:00,18.875,19.125,18.875,18.875,15.11116886138916,17900,0.0,0.0,FIX
1998-01-16 00:00:00-05:00,18.875,19.0,18.75,18.75,15.01109504699707,20300,0.0,0.0,FIX
1998-01-20 00:00:00-05:00,18.875,19.0,18.75,19.0,15.211246490478516,12700,0.0,0.0,FIX
1998-01-21 00:00:00-05:00,18.875,19.25,18.875,18.875,15.11116886138916,43700,0.0,0.0,FIX
1998-01-22 00:00:00-05:00,18.8125,19.0,18.75,18.875,15.11116886138916,20800,0.0,0.0,FIX
1998-01-23 00:00:00-05:00,18.8125,18.8125,18.8125,18.8125,15.061128616333008,12900,0.0,0.0,FIX
1998-01-26 00:00:00-05:00,18.8125,19.0,18.8125,18.875,15.11116886138916,83300,0.0,0.0,FIX
1998-01-27 00:00:00-05:00,18.8125,18.9375,18.75,18.9375,15.161209106445312,106500,0.0,0.0,FIX
1998-01-28 00:00:00-05:00,18.9375,19.0625,18.875,19.0625,15.26127815246582,15300,0.0,0.0,FIX
1998-01-29 00:00:00-05:00,19.0625,19.125,19.0,19.0625,15.26127815246582,22400,0.0,0.0,FIX
1998-01-30 00:00:00-05:00,19.125,19.3125,19.0,19.3125,15.461420059204102,49000,0.0,0.0,FIX
1998-02-02 00:00:00-05:00,19.1875,19.75,19.1875,19.6875,15.761651039123535,15700,0.0,0.0,FIX
1998-02-03 00:00:00-05:00,19.625,19.625,19.4375,19.625,15.71160888671875,57900,0.0,0.0,FIX
1998-02-04 00:00:00-05:00,19.5,19.75,19.375,19.5625,15.661580085754395,38100,0.0,0.0,FIX
1998-02-05 00:00:00-05:00,19.625,19.625,19.25,19.5,15.61153507232666,10900,0.0,0.0,FIX
1998-02-06 00:00:00-05:00,19.5,19.5,19.125,19.3125,15.461420059204102,14600,0.0,0.0,FIX
1998-02-09 00:00:00-05:00,19.4375,19.625,19.25,19.25,15.411385536193848,11100,0.0,0.0,FIX
1998-02-10 00:00:00-05:00,19.3125,19.75,19.1875,19.5,15.61153507232666,17300,0.0,0.0,FIX
1998-02-11 00:00:00-05:00,19.5,19.5,18.875,18.875,15.11116886138916,17300,0.0,0.0,FIX
1998-02-12 00:00:00-05:00,19.0,19.125,18.8125,18.875,15.11116886138916,16600,0.0,0.0,FIX
1998-02-13 00:00:00-05:00,19.0,19.125,18.8125,19.0,15.211246490478516,18000,0.0,0.0,FIX
1998-02-17 00:00:00-05:00,19.125,19.375,19.125,19.375,15.511469841003418,23600,0.0,0.0,FIX
1998-02-18 00:00:00-05:00,19.5,20.125,19.5,20.0625,16.061866760253906,59900,0.0,0.0,FIX
1998-02-19 00:00:00-05:00,20.125,20.25,20.0625,20.0625,16.061866760253906,30700,0.0,0.0,FIX
1998-02-20 00:00:00-05:00,20.0,20.125,20.0,20.125,16.11190414428711,19600,0.0,0.0,FIX
1998-02-23 00:00:00-05:00,20.0,20.25,19.9375,20.0,16.01183319091797,21700,0.0,0.0,FIX
1998-02-24 00:00:00-05:00,19.875,19.875,19.625,19.6875,15.761651039123535,16800,0.0,0.0,FIX
1998-02-25 00:00:00-05:00,19.75,19.875,19.375,19.5,15.61153507232666,6600,0.0,0.0,FIX
1998-02-26 00:00:00-05:00,19.875,20.375,19.75,19.75,15.811675071716309,66000,0.0,0.0,FIX
1998-02-27 00:00:00-05:00,19.875,19.875,19.3125,19.375,15.511469841003418,20600,0.0,0.0,FIX
1998-03-02 00:00:00-05:00,19.3125,19.5,18.9375,19.5,15.61153507232666,140900,0.0,0.0,FIX
1998-03-03 00:00:00-05:00,19.25,19.375,19.125,19.375,15.511469841003418,4100,0.0,0.0,FIX
1998-03-04 00:00:00-05:00,19.4375,19.4375,19.3125,19.3125,15.461420059204102,2200,0.0,0.0,FIX
1998-03-05 00:00:00-05:00,19.1875,19.625,18.875,19.625,15.71160888671875,37800,0.0,0.0,FIX
1998-03-06 00:00:00-05:00,19.5,19.5,19.4375,19.5,15.61153507232666,4700,0.0,0.0,FIX
1998-03-09 00:00:00-05:00,19.375,19.5,19.125,19.1875,15.361352920532227,12200,0.0,0.0,FIX
1998-03-10 00:00:00-05:00,19.3125,19.375,19.0,19.0,15.211246490478516,13500,0.0,0.0,FIX
1998-03-11 00:00:00-05:00,19.125,19.4375,19.125,19.4375,15.561500549316406,2200,0.0,0.0,FIX
1998-03-12 00:00:00-05:00,19.5,19.5,19.0,19.0,15.211246490478516,4000,0.0,0.0,FIX
1998-03-13 00:00:00-05:00,19.0,19.25,18.875,19.0,15.211246490478516,36000,0.0,0.0,FIX
1998-03-16 00:00:00-05:00,19.0,19.25,19.0,19.25,15.411385536193848,3500,0.0,0.0,FIX
1998-03-17 00:00:00-05:00,19.25,19.4375,19.25,19.4375,15.561500549316406,2300,0.0,0.0,FIX
1998-03-18 00:00:00-05:00,19.4375,19.75,19.375,19.75,15.811675071716309,16900,0.0,0.0,FIX
1998-03-19 00:00:00-05:00,19.625,19.625,19.5,19.5,15.61153507232666,4500,0.0,0.0,FIX
1998-03-20 00:00:00-05:00,19.75,20.125,19.75,20.125,16.11190414428711,21300,0.0,0.0,FIX
1998-03-23 00:00:00-05:00,20.25,20.5,20.25,20.5,16.412134170532227,29500,0.0,0.0,FIX
1998-03-24 00:00:00-05:00,20.4375,20.875,20.4375,20.625,16.51219940185547,30100,0.0,0.0,FIX
1998-03-25 00:00:00-05:00,20.5625,20.75,20.5,20.5,16.412134170532227,18000,0.0,0.0,FIX
1998-03-26 00:00:00-05:00,20.5,20.875,20.5,20.875,16.71235466003418,4600,0.0,0.0,FIX
1998-03-27 00:00:00-05:00,20.9375,20.9375,20.875,20.875,16.71235466003418,23400,0.0,0.0,FIX
1998-03-30 00:00:00-05:00,21.0,22.25,21.0,21.125,16.912504196166992,83700,0.0,0.0,FIX
1998-03-31 00:00:00-05:00,21.25,21.625,21.1875,21.625,17.31279182434082,21500,0.0,0.0,FIX
1998-04-01 00:00:00-05:00,21.625,21.75,21.375,21.625,17.31279182434082,6500,0.0,0.0,FIX
1998-04-02 00:00:00-05:00,21.5,21.5625,21.4375,21.5,17.212724685668945,7400,0.0,0.0,FIX
1998-04-03 00:00:00-05:00,21.5,21.5,21.25,21.25,17.0125789642334,5600,0.0,0.0,FIX
1998-04-06 00:00:00-04:00,21.3125,21.4375,21.3125,21.4375,17.16268539428711,5100,0.0,0.0,FIX
1998-04-07 00:00:00-04:00,21.375,21.4375,21.25,21.4375,17.16268539428711,4400,0.0,0.0,FIX
1998-04-08 00:00:00-04:00,21.375,22.5,21.375,22.5,18.013309478759766,28000,0.0,0.0,FIX
1998-04-09 00:00:00-04:00,22.5,22.5,21.875,22.0,17.61302375793457,24200,0.0,0.0,FIX
1998-04-13 00:00:00-04:00,22.0,22.1875,21.875,22.0625,17.66305923461914,35200,0.0,0.0,FIX
1998-04-14 00:00:00-04:00,22.0625,22.1875,22.0625,22.0625,17.66305923461914,28800,0.0,0.0,FIX
1998-04-15 00:00:00-04:00,22.0,22.625,21.875,22.625,18.113388061523438,33600,0.0,0.0,FIX
1998-04-16 00:00:00-04:00,23.1875,23.375,22.625,23.0,18.413612365722656,59700,0.0,0.0,FIX
1998-04-17 00:00:00-04:00,23.0,23.625,23.0,23.625,18.913970947265625,23300,0.0,0.0,FIX
1998-04-20 00:00:00-04:00,23.625,24.0,23.625,23.875,19.114112854003906,15000,0.0,0.0,FIX
1998-04-21 00:00:00-04:00,23.875,24.125,23.6875,24.0,19.214204788208008,39800,0.0,0.0,FIX
1998-04-22 00:00:00-04:00,23.9375,24.75,23.9375,24.125,19.314281463623047,44100,0.0,0.0,FIX
1998-04-23 00:00:00-04:00,24.125,24.4375,23.5,23.5,18.81390380859375,38600,0.0,0.0,FIX
1998-04-24 00:00:00-04:00,23.375,23.375,23.1875,23.25,18.613758087158203,59700,0.0,0.0,FIX
1998-04-27 00:00:00-04:00,23.1875,23.25,22.9375,23.0625,18.463647842407227,34200,0.0,0.0,FIX
1998-04-28 00:00:00-04:00,23.125,23.25,23.0,23.0625,18.463647842407227,30100,0.0,0.0,FIX
1998-04-29 00:00:00-04:00,23.0625,23.25,22.875,23.125,18.513681411743164,18600,0.0,0.0,FIX
1998-04-30 00:00:00-04:00,23.25,23.375,23.125,23.375,18.713825225830078,5200,0.0,0.0,FIX
1998-05-01 00:00:00-04:00,23.375,23.375,23.0,23.0,18.413612365722656,4200,0.0,0.0,FIX
1998-05-04 00:00:00-04:00,22.875,22.875,22.375,22.625,18.113388061523438,15400,0.0,0.0,FIX
1998-05-05 00:00:00-04:00,22.5,22.875,22.375,22.875,18.31353187561035,3500,0.0,0.0,FIX
1998-05-06 00:00:00-04:00,23.0,23.0625,22.875,23.0625,18.463647842407227,5700,0.0,0.0,FIX
1998-05-07 00:00:00-04:00,23.125,23.5625,23.125,23.4375,18.763858795166016,12300,0.0,0.0,FIX
1998-05-08 00:00:00-04:00,23.1875,23.875,23.1875,23.625,18.913970947265625,29400,0.0,0.0,FIX
1998-05-11 00:00:00-04:00,23.625,23.625,23.5,23.5625,18.863937377929688,20300,0.0,0.0,FIX
1998-05-12 00:00:00-04:00,23.5625,23.625,23.25,23.25,18.613758087158203,10300,0.0,0.0,FIX
1998-05-13 00:00:00-04:00,23.5,23.5,23.0,23.125,18.513681411743164,9400,0.0,0.0,FIX
1998-05-14 00:00:00-04:00,23.0,23.125,23.0,23.0625,18.463647842407227,11500,0.0,0.0,FIX
1998-05-15 00:00:00-04:00,22.875,22.875,21.375,21.4375,17.16268539428711,46800,0.0,0.0,FIX
1998-05-18 00:00:00-04:00,21.375,21.375,20.875,20.875,16.71235466003418,35200,0.0,0.0,FIX
1998-05-19 00:00:00-04:00,20.875,21.0,20.875,21.0,16.81242561340332,15100,0.0,0.0,FIX
1998-05-20 00:00:00-04:00,21.0,21.0,20.875,21.0,16.81242561340332,10300,0.0,0.0,FIX
1998-05-21 00:00:00-04:00,21.0,21.1875,20.9375,21.125,16.912504196166992,28500,0.0,0.0,FIX
1998-05-22 00:00:00-04:00,21.25,21.9375,21.25,21.9375,17.562976837158203,6100,0.0,0.0,FIX
1998-05-26 00:00:00-04:00,21.125,21.25,21.0625,21.0625,16.862455368041992,19900,0.0,0.0,FIX
1998-05-27 00:00:00-04:00,21.0,21.0,20.75,20.8125,16.662307739257812,45100,0.0,0.0,FIX
1998-05-28 00:00:00-04:00,20.875,21.375,20.875,21.25,17.0125789642334,28700,0.0,0.0,FIX
1998-05-29 00:00:00-04:00,21.375,22.0,21.375,22.0,17.61302375793457,39000,0.0,0.0,FIX
1998-06-01 00:00:00-04:00,22.0,22.875,22.0,22.5,18.013309478759766,50300,0.0,0.0,FIX
1998-06-02 00:00:00-04:00,22.625,23.0,22.375,22.75,18.213459014892578,106300,0.0,0.0,FIX
1998-06-03 00:00:00-04:00,22.625,22.9375,22.625,22.6875,18.163419723510742,20700,0.0,0.0,FIX
1998-06-04 00:00:00-04:00,22.6875,22.75,22.5,22.6875,18.163419723510742,64200,0.0,0.0,FIX
1998-06-05 00:00:00-04:00,22.8125,23.0,22.6875,23.0,18.413612365722656,9000,0.0,0.0,FIX
1998-06-08 00:00:00-04:00,22.875,22.9375,22.875,22.9375,18.363569259643555,32800,0.0,0.0,FIX
1998-06-09 00:00:00-04:00,22.6875,22.6875,22.0,22.0,17.61302375793457,21400,0.0,0.0,FIX
1998-06-10 00:00:00-04:00,21.875,22.0,21.625,21.625,17.31279182434082,12100,0.0,0.0,FIX
1998-06-11 00:00:00-04:00,21.625,21.625,21.1875,21.1875,16.96253204345703,26700,0.0,0.0,FIX
1998-06-12 00:00:00-04:00,21.0625,21.125,20.8125,20.8125,16.662307739257812,24800,0.0,0.0,FIX
1998-06-15 00:00:00-04:00,20.5625,20.75,19.75,20.125,16.11190414428711,102300,0.0,0.0,FIX
1998-06-16 00:00:00-04:00,19.75,19.9375,19.125,19.6875,15.761651039123535,1381700,0.0,0.0,FIX
1998-06-17 00:00:00-04:00,19.75,20.4375,19.6875,20.1875,16.161937713623047,817800,0.0,0.0,FIX
1998-06-18 00:00:00-04:00,20.125,20.25,20.0625,20.125,16.11190414428711,49800,0.0,0.0,FIX
1998-06-19 00:00:00-04:00,20.125,20.375,20.125,20.25,16.21198081970215,44500,0.0,0.0,FIX
1998-06-22 00:00:00-04:00,20.25,20.75,20.0,20.625,16.51219940185547,87200,0.0,0.0,FIX
1998-06-23 00:00:00-04:00,20.375,20.625,20.0625,20.125,16.11190414428711,31000,0.0,0.0,FIX
1998-06-24 00:00:00-04:00,20.125,21.0,20.0625,20.625,16.51219940185547,51600,0.0,0.0,FIX
1998-06-25 00:00:00-04:00,20.625,20.875,20.625,20.875,16.71235466003418,19400,0.0,0.0,FIX
1998-06-26 00:00:00-04:00,21.0,23.75,21.0,23.5,18.81390380859375,176500,0.0,0.0,FIX
1998-06-29 00:00:00-04:00,23.0,23.1875,22.875,23.0625,18.463647842407227,119000,0.0,0.0,FIX
1998-06-30 00:00:00-04:00,23.0625,23.375,23.0,23.375,18.713825225830078,158200,0.0,0.0,FIX
1998-07-01 00:00:00-04:00,23.5,23.75,23.375,23.6875,18.964006423950195,81000,0.0,0.0,FIX
1998-07-02 00:00:00-04:00,23.5625,23.625,23.375,23.4375,18.763858795166016,35600,0.0,0.0,FIX
1998-07-06 00:00:00-04:00,23.9375,24.5,23.75,24.125,19.314281463623047,51600,0.0,0.0,FIX
1998-07-07 00:00:00-04:00,24.0,24.5,23.75,24.5,19.614503860473633,29300,0.0,0.0,FIX
1998-07-08 00:00:00-04:00,24.25,24.25,23.875,24.0625,19.26422882080078,59500,0.0,0.0,FIX
1998-07-09 00:00:00-04:00,24.125,25.25,24.0,25.125,20.114866256713867,117000,0.0,0.0,FIX
1998-07-10 00:00:00-04:00,25.25,25.625,25.0625,25.625,20.51516342163086,48700,0.0,0.0,FIX
1998-07-13 00:00:00-04:00,25.625,26.625,25.625,26.1875,20.965490341186523,141200,0.0,0.0,FIX
1998-07-14 00:00:00-04:00,26.1875,26.25,25.875,25.875,20.715309143066406,82400,0.0,0.0,FIX
1998-07-15 00:00:00-04:00,25.5,25.5,25.0625,25.125,20.114866256713867,21700,0.0,0.0,FIX
1998-07-16 00:00:00-04:00,25.0625,25.0625,24.5,24.5625,19.66452980041504,37900,0.0,0.0,FIX
1998-07-17 00:00:00-04:00,24.8125,24.875,24.5,24.75,19.81464195251465,11400,0.0,0.0,FIX
1998-07-20 00:00:00-04:00,24.875,24.875,24.5625,24.75,19.81464195251465,5300,0.0,0.0,FIX
1998-07-21 00:00:00-04:00,24.75,25.0,24.625,24.6875,19.764604568481445,19900,0.0,0.0,FIX
1998-07-22 00:00:00-04:00,24.6875,24.6875,24.25,24.3125,19.464384078979492,36100,0.0,0.0,FIX
1998-07-23 00:00:00-04:00,24.3125,24.5625,24.125,24.25,19.414344787597656,16300,0.0,0.0,FIX
1998-07-24 00:00:00-04:00,24.125,24.25,23.75,23.875,19.114112854003906,29100,0.0,0.0,FIX
1998-07-27 00:00:00-04:00,23.875,23.875,22.9375,23.125,18.513681411743164,22200,0.0,0.0,FIX
1998-07-28 00:00:00-04:00,23.0,23.0,22.25,22.375,17.91324806213379,29200,0.0,0.0,FIX
1998-07-29 00:00:00-04:00,22.5,22.8125,22.5,22.625,18.113388061523438,31700,0.0,0.0,FIX
1998-07-30 00:00:00-04:00,22.625,22.6875,22.25,22.5,18.013309478759766,26500,0.0,0.0,FIX
1998-07-31 00:00:00-04:00,22.5,22.625,22.3125,22.3125,17.863187789916992,21500,0.0,0.0,FIX
1998-08-03 00:00:00-04:00,22.125,22.1875,21.5625,21.875,17.51294708251953,26900,0.0,0.0,FIX
1998-08-04 00:00:00-04:00,21.875,21.875,19.875,20.625,16.51219940185547,50300,0.0,0.0,FIX
1998-08-05 00:00:00-04:00,20.625,20.75,19.875,19.9375,15.961795806884766,70800,0.0,0.0,FIX
1998-08-06 00:00:00-04:00,20.0,20.625,19.875,19.9375,15.961795806884766,180100,0.0,0.0,FIX
1998-08-07 00:00:00-04:00,19.9375,20.25,19.5625,19.625,15.71160888671875,138500,0.0,0.0,FIX
1998-08-10 00:00:00-04:00,19.625,20.25,19.625,20.25,16.21198081970215,18100,0.0,0.0,FIX
1998-08-11 00:00:00-04:00,20.125,20.125,19.5,19.625,15.71160888671875,25400,0.0,0.0,FIX
1998-08-12 00:00:00-04:00,19.6875,20.8125,19.6875,20.8125,16.662307739257812,163500,0.0,0.0,FIX
1998-08-13 00:00:00-04:00,20.8125,20.8125,20.25,20.25,16.21198081970215,60000,0.0,0.0,FIX
1998-08-14 00:00:00-04:00,20.25,20.625,20.25,20.4375,16.362083435058594,33100,0.0,0.0,FIX
1998-08-17 00:00:00-04:00,20.3125,20.5,20.25,20.5,16.412134170532227,16700,0.0,0.0,FIX
1998-08-18 00:00:00-04:00,20.5,21.8125,20.5,21.5,17.212724685668945,72700,0.0,0.0,FIX
1998-08-19 00:00:00-04:00,21.375,21.375,20.5,20.5,16.412134170532227,12600,0.0,0.0,FIX
1998-08-20 00:00:00-04:00,20.5625,20.5625,20.0625,20.0625,16.061866760253906,9800,0.0,0.0,FIX
1998-08-21 00:00:00-04:00,20.125,20.125,19.5,19.8125,15.861724853515625,18100,0.0,0.0,FIX
1998-08-24 00:00:00-04:00,19.875,20.125,19.875,20.125,16.11190414428711,44500,0.0,0.0,FIX
1998-08-25 00:00:00-04:00,20.25,21.25,20.25,20.75,16.612272262573242,22300,0.0,0.0,FIX
1998-08-26 00:00:00-04:00,20.625,20.6875,20.0,20.0625,16.061866760253906,28000,0.0,0.0,FIX
1998-08-27 00:00:00-04:00,20.0,20.0625,19.625,19.6875,15.761651039123535,99600,0.0,0.0,FIX
1998-08-28 00:00:00-04:00,19.6875,19.75,19.1875,19.25,15.411385536193848,16800,0.0,0.0,FIX
1998-08-31 00:00:00-04:00,19.125,19.125,17.8125,17.875,14.310575485229492,43500,0.0,0.0,FIX
1998-09-01 00:00:00-04:00,17.75,19.0625,17.75,19.0625,15.26127815246582,137800,0.0,0.0,FIX
1998-09-02 00:00:00-04:00,19.1875,19.1875,18.9375,18.9375,15.161209106445312,16000,0.0,0.0,FIX
1998-09-03 00:00:00-04:00,18.8125,18.875,18.5,18.5,14.810948371887207,6900,0.0,0.0,FIX
1998-09-04 00:00:00-04:00,18.0,18.0625,17.3125,17.5,14.010351181030273,58500,0.0,0.0,FIX
1998-09-08 00:00:00-04:00,17.875,18.0,17.875,17.9375,14.360618591308594,36900,0.0,0.0,FIX
1998-09-09 00:00:00-04:00,17.9375,17.9375,16.3125,16.3125,13.059651374816895,19800,0.0,0.0,FIX
1998-09-10 00:00:00-04:00,16.375,16.5,15.3125,15.3125,12.259062767028809,20700,0.0,0.0,FIX
1998-09-11 00:00:00-04:00,15.25,16.5625,15.25,16.5625,13.25980281829834,112000,0.0,0.0,FIX
1998-09-14 00:00:00-04:00,16.6875,16.75,16.25,16.25,13.009617805480957,20100,0.0,0.0,FIX
1998-09-15 00:00:00-04:00,16.0,16.1875,15.75,16.1875,12.959579467773438,21300,0.0,0.0,FIX
1998-09-16 00:00:00-04:00,16.4375,16.4375,16.0,16.125,12.909538269042969,14900,0.0,0.0,FIX
1998-09-17 00:00:00-04:00,15.875,15.875,15.5625,15.6875,12.559279441833496,48700,0.0,0.0,FIX
1998-09-18 00:00:00-04:00,16.0,16.0,15.625,15.9375,12.759430885314941,72500,0.0,0.0,FIX
1998-09-21 00:00:00-04:00,15.9375,16.0,15.625,15.875,12.709392547607422,35500,0.0,0.0,FIX
1998-09-22 00:00:00-04:00,15.875,16.6875,15.625,16.6875,13.35987377166748,36500,0.0,0.0,FIX
1998-09-23 00:00:00-04:00,16.75,18.5,16.75,18.0625,14.460686683654785,163700,0.0,0.0,FIX
1998-09-24 00:00:00-04:00,17.9375,17.9375,17.375,17.625,14.110427856445312,12800,0.0,0.0,FIX
1998-09-25 00:00:00-04:00,17.75,19.0,17.625,18.6875,14.961052894592285,55300,0.0,0.0,FIX
1998-09-28 00:00:00-04:00,18.625,18.75,18.0625,18.0625,14.460686683654785,75500,0.0,0.0,FIX
1998-09-29 00:00:00-04:00,18.25,18.75,18.1875,18.625,14.911017417907715,40600,0.0,0.0,FIX
1998-09-30 00:00:00-04:00,18.625,20.125,18.625,20.125,16.11190414428711,67800,0.0,0.0,FIX
1998-10-01 00:00:00-04:00,20.125,20.125,18.9375,19.0,15.211246490478516,54900,0.0,0.0,FIX
1998-10-02 00:00:00-04:00,19.0625,19.0625,18.25,18.375,14.710866928100586,33200,0.0,0.0,FIX
1998-10-05 00:00:00-04:00,18.375,18.375,17.5,17.5,14.010351181030273,22900,0.0,0.0,FIX
1998-10-06 00:00:00-04:00,17.125,17.375,16.6875,16.8125,13.459945678710938,13800,0.0,0.0,FIX
1998-10-07 00:00:00-04:00,16.875,16.875,15.9375,16.625,13.309831619262695,16800,0.0,0.0,FIX
1998-10-08 00:00:00-04:00,16.625,16.625,16.25,16.5,13.209763526916504,55400,0.0,0.0,FIX
1998-10-09 00:00:00-04:00,16.5,16.5,16.0625,16.125,12.909538269042969,45900,0.0,0.0,FIX
1998-10-12 00:00:00-04:00,16.125,16.125,15.0,15.125,12.108946800231934,518900,0.0,0.0,FIX
1998-10-13 00:00:00-04:00,15.25,15.625,15.1875,15.25,12.209022521972656,35800,0.0,0.0,FIX
1998-10-14 00:00:00-04:00,15.25,15.25,14.3125,14.3125,11.45847225189209,82700,0.0,0.0,FIX
1998-10-15 00:00:00-04:00,14.4375,15.25,14.1875,15.25,12.209022521972656,38500,0.0,0.0,FIX
1998-10-16 00:00:00-04:00,15.5,16.3125,15.5,16.1875,12.959579467773438,21500,0.0,0.0,FIX
1998-10-19 00:00:00-04:00,16.125,16.25,16.09375,16.15625,12.93455696105957,77900,0.0,0.0,FIX
1998-10-20 00:00:00-04:00,16.1875,16.25,16.0,16.0625,12.859502792358398,28200,0.0,0.0,FIX
1998-10-21 00:00:00-04:00,16.0,16.0625,15.875,15.9375,12.759430885314941,29600,0.0,0.0,FIX
1998-10-22 00:00:00-04:00,16.0,16.75,16.0,16.6875,13.35987377166748,23000,0.0,0.0,FIX
1998-10-23 00:00:00-04:00,16.625,17.5,16.625,17.5,14.010351181030273,21700,0.0,0.0,FIX
1998-10-26 00:00:00-05:00,17.625,17.625,16.8125,16.9375,13.56002140045166,45900,0.0,0.0,FIX
1998-10-27 00:00:00-05:00,16.9375,17.25,16.9375,17.0,13.610054016113281,92400,0.0,0.0,FIX
1998-10-28 00:00:00-05:00,17.0625,17.0625,16.75,16.875,13.509984970092773,32100,0.0,0.0,FIX
1998-10-29 00:00:00-05:00,16.875,17.375,16.875,17.375,13.910273551940918,45900,0.0,0.0,FIX
1998-10-30 00:00:00-05:00,17.375,19.0,17.375,19.0,15.211246490478516,24000,0.0,0.0,FIX
1998-11-02 00:00:00-05:00,19.125,20.0,19.125,19.3125,15.461420059204102,57300,0.0,0.0,FIX
1998-11-03 00:00:00-05:00,19.3125,19.375,19.0625,19.125,15.311315536499023,38100,0.0,0.0,FIX
1998-11-04 00:00:00-05:00,19.125,19.25,18.3125,19.25,15.411385536193848,72600,0.0,0.0,FIX
1998-11-05 00:00:00-05:00,19.375,19.375,18.75,18.9375,15.161209106445312,47700,0.0,0.0,FIX
1998-11-06 00:00:00-05:00,18.875,19.1875,18.875,18.9375,15.161209106445312,35000,0.0,0.0,FIX
1998-11-09 00:00:00-05:00,19.0,19.125,18.5,18.5,14.810948371887207,16000,0.0,0.0,FIX
1998-11-10 00:00:00-05:00,18.5625,18.5625,18.0625,18.375,14.710866928100586,21400,0.0,0.0,FIX
1998-11-11 00:00:00-05:00,18.375,18.625,18.375,18.625,14.911017417907715,20200,0.0,0.0,FIX
1998-11-12 00:00:00-05:00,18.625,18.6875,18.0,18.0,14.410654067993164,41100,0.0,0.0,FIX
1998-11-13 00:00:00-05:00,18.125,18.125,17.875,17.875,14.310575485229492,10200,0.0,0.0,FIX
1998-11-16 00:00:00-05:00,17.875,18.3125,17.875,18.25,14.610794067382812,45700,0.0,0.0,FIX
1998-11-17 00:00:00-05:00,18.25,19.6875,18.25,19.625,15.71160888671875,112700,0.0,0.0,FIX
1998-11-18 00:00:00-05:00,19.75,20.0,19.4375,19.875,15.911757469177246,13800,0.0,0.0,FIX
1998-11-19 00:00:00-05:00,19.75,20.25,19.625,19.9375,15.961795806884766,33500,0.0,0.0,FIX
1998-11-20 00:00:00-05:00,19.625,20.5,19.625,20.5,16.412134170532227,21000,0.0,0.0,FIX
1998-11-23 00:00:00-05:00,20.5,20.5,19.5,19.5,15.61153507232666,36800,0.0,0.0,FIX
1998-11-24 00:00:00-05:00,19.625,19.625,18.75,18.8125,15.061128616333008,14500,0.0,0.0,FIX
1998-11-25 00:00:00-05:00,18.8125,18.8125,18.25,18.25,14.610794067382812,26600,0.0,0.0,FIX
1998-11-27 00:00:00-05:00,18.125,18.1875,18.125,18.1875,14.56075382232666,3100,0.0,0.0,FIX
1998-11-30 00:00:00-05:00,18.25,18.75,18.1875,18.75,15.01109504699707,37800,0.0,0.0,FIX
1998-12-01 00:00:00-05:00,18.875,19.625,18.875,19.625,15.71160888671875,10400,0.0,0.0,FIX
1998-12-02 00:00:00-05:00,19.5,20.0,19.5,19.5625,15.661580085754395,27300,0.0,0.0,FIX
1998-12-03 00:00:00-05:00,19.6875,19.875,19.25,19.3125,15.461420059204102,19700,0.0,0.0,FIX
1998-12-04 00:00:00-05:00,19.1875,19.5625,19.125,19.5,15.61153507232666,43100,0.0,0.0,FIX
1998-12-07 00:00:00-05:00,19.625,20.0,19.625,20.0,16.01183319091797,41200,0.0,0.0,FIX
1998-12-08 00:00:00-05:00,19.8125,19.9375,19.8125,19.9375,15.961795806884766,16600,0.0,0.0,FIX
1998-12-09 00:00:00-05:00,19.9375,20.0,19.875,19.9375,15.961795806884766,93500,0.0,0.0,FIX
1998-12-10 00:00:00-05:00,20.0,20.0,19.25,19.25,15.411385536193848,19500,0.0,0.0,FIX
1998-12-11 00:00:00-05:00,19.125,19.125,18.9375,19.0625,15.26127815246582,35200,0.0,0.0,FIX
1998-12-14 00:00:00-05:00,19.0,19.0,18.8125,18.875,15.11116886138916,20100,0.0,0.0,FIX
1998-12-15 00:00:00-05:00,18.875,19.0,18.875,19.0,15.211246490478516,38900,0.0,0.0,FIX
1998-12-16 00:00:00-05:00,19.0,19.0,18.875,18.9375,15.161209106445312,12800,0.0,0.0,FIX
1998-12-17 00:00:00-05:00,18.875,18.875,18.625,18.6875,14.961052894592285,47400,0.0,0.0,FIX
1998-12-18 00:00:00-05:00,18.75,18.75,17.875,17.875,14.310575485229492,55800,0.0,0.0,FIX
1998-12-21 00:00:00-05:00,17.9375,17.9375,17.375,17.4375,13.960317611694336,23100,0.0,0.0,FIX
1998-12-22 00:00:00-05:00,17.375,17.375,16.625,16.8125,13.459945678710938,34200,0.0,0.0,FIX
1998-12-23 00:00:00-05:00,16.875,17.0,16.6875,17.0,13.610054016113281,75000,0.0,0.0,FIX
1998-12-24 00:00:00-05:00,17.0,17.5,17.0,17.25,13.810201644897461,10900,0.0,0.0,FIX
1998-12-28 00:00:00-05:00,17.3125,18.0,17.125,18.0,14.410654067993164,25000,0.0,0.0,FIX
1998-12-29 00:00:00-05:00,18.0,18.0,17.6875,17.875,14.310575485229492,11900,0.0,0.0,FIX
1998-12-30 00:00:00-05:00,18.0,18.0,17.75,17.75,14.210494041442871,68100,0.0,0.0,FIX
1998-12-31 00:00:00-05:00,17.75,17.875,17.625,17.875,14.310575485229492,29300,0.0,0.0,FIX
1999-01-04 00:00:00-05:00,17.75,18.25,17.75,18.125,14.510727882385254,69500,0.0,0.0,FIX
1999-01-05 00:00:00-05:00,18.125,18.125,17.75,17.75,14.210494041442871,18000,0.0,0.0,FIX
1999-01-06 00:00:00-05:00,17.75,17.875,17.625,17.6875,14.160470962524414,14200,0.0,0.0,FIX
1999-01-07 00:00:00-05:00,17.625,17.6875,17.5,17.5,14.010351181030273,22900,0.0,0.0,FIX
1999-01-08 00:00:00-05:00,17.5625,18.0,17.5,17.9375,14.360618591308594,45200,0.0,0.0,FIX
1999-01-11 00:00:00-05:00,18.0,18.25,17.625,17.625,14.110427856445312,80200,0.0,0.0,FIX
1999-01-12 00:00:00-05:00,18.0,18.03125,17.25,17.25,13.810201644897461,68500,0.0,0.0,FIX
1999-01-13 00:00:00-05:00,17.125,17.625,17.0,17.625,14.110427856445312,32500,0.0,0.0,FIX
1999-01-14 00:00:00-05:00,17.9375,18.5,17.8125,18.25,14.610794067382812,22200,0.0,0.0,FIX
1999-01-15 00:00:00-05:00,18.1875,18.1875,17.9375,18.0,14.410654067993164,47700,0.0,0.0,FIX
1999-01-19 00:00:00-05:00,17.75,18.0,17.625,18.0,14.410654067993164,40300,0.0,0.0,FIX
1999-01-20 00:00:00-05:00,17.5,18.0,17.375,17.5625,14.06038761138916,156200,0.0,0.0,FIX
1999-01-21 00:00:00-05:00,17.4375,17.5625,17.125,17.25,13.810201644897461,76800,0.0,0.0,FIX
1999-01-22 00:00:00-05:00,17.25,17.375,16.75,16.875,13.509984970092773,29100,0.0,0.0,FIX
1999-01-25 00:00:00-05:00,16.9375,17.0625,16.875,17.0625,13.660096168518066,23200,0.0,0.0,FIX
1999-01-26 00:00:00-05:00,17.0,17.0625,17.0,17.0,13.610054016113281,29400,0.0,0.0,FIX
1999-01-27 00:00:00-05:00,17.125,17.125,16.875,16.9375,13.56002140045166,19300,0.0,0.0,FIX
1999-01-28 00:00:00-05:00,17.0625,17.0625,17.0,17.0625,13.660096168518066,17700,0.0,0.0,FIX
1999-01-29 00:00:00-05:00,17.0,18.0,16.875,18.0,14.410654067993164,45100,0.0,0.0,FIX
1999-02-01 00:00:00-05:00,18.0,18.25,17.375,17.75,14.210494041442871,26100,0.0,0.0,FIX
1999-02-02 00:00:00-05:00,17.5,17.5,16.625,16.9375,13.56002140045166,53700,0.0,0.0,FIX
1999-02-03 00:00:00-05:00,16.9375,16.9375,16.5,16.6875,13.35987377166748,19700,0.0,0.0,FIX
1999-02-04 00:00:00-05:00,16.75,17.0,16.75,17.0,13.610054016113281,35800,0.0,0.0,FIX
1999-02-05 00:00:00-05:00,16.875,16.875,16.125,16.125,12.909538269042969,30100,0.0,0.0,FIX
1999-02-08 00:00:00-05:00,16.1875,16.3125,15.625,15.75,12.609315872192383,34800,0.0,0.0,FIX
1999-02-09 00:00:00-05:00,15.8125,15.8125,15.5,15.625,12.50924301147461,19500,0.0,0.0,FIX
1999-02-10 00:00:00-05:00,15.125,15.5625,15.0,15.5625,12.459208488464355,37500,0.0,0.0,FIX
1999-02-11 00:00:00-05:00,15.6875,16.0,15.6875,16.0,12.809466361999512,27000,0.0,0.0,FIX
1999-02-12 00:00:00-05:00,16.0,16.0625,15.75,15.875,12.709392547607422,17500,0.0,0.0,FIX
1999-02-16 00:00:00-05:00,15.8125,15.875,15.0625,15.125,12.108946800231934,26400,0.0,0.0,FIX
1999-02-17 00:00:00-05:00,15.125,15.125,14.75,14.8125,11.858762741088867,31400,0.0,0.0,FIX
1999-02-18 00:00:00-05:00,15.0,15.375,14.9375,15.0,12.00887393951416,47200,0.0,0.0,FIX
1999-02-19 00:00:00-05:00,15.0,15.0,14.375,14.5,11.608579635620117,75800,0.0,0.0,FIX
1999-02-22 00:00:00-05:00,14.625,15.0,14.625,15.0,12.00887393951416,28300,0.0,0.0,FIX
1999-02-23 00:00:00-05:00,15.0,15.25,15.0,15.125,12.108946800231934,261600,0.0,0.0,FIX
1999-02-24 00:00:00-05:00,15.25,15.5,14.8125,14.8125,11.858762741088867,30500,0.0,0.0,FIX
1999-02-25 00:00:00-05:00,15.25,15.625,14.75,14.75,11.80872631072998,116000,0.0,0.0,FIX
1999-02-26 00:00:00-05:00,14.75,14.75,13.25,13.5,10.807985305786133,201400,0.0,0.0,FIX
1999-03-01 00:00:00-05:00,13.5,14.0,13.0,13.875,11.108205795288086,151000,0.0,0.0,FIX
1999-03-02 00:00:00-05:00,13.875,14.125,13.75,13.8125,11.058176040649414,78000,0.0,0.0,FIX
1999-03-03 00:00:00-05:00,13.8125,13.8125,13.0,13.0,10.40769100189209,50200,0.0,0.0,FIX
1999-03-04 00:00:00-05:00,13.125,13.125,12.5625,12.6875,10.15750503540039,106200,0.0,0.0,FIX
1999-03-05 00:00:00-05:00,12.75,13.25,12.75,13.125,10.50776195526123,48700,0.0,0.0,FIX
1999-03-08 00:00:00-05:00,13.125,13.125,12.625,12.6875,10.15750503540039,65700,0.0,0.0,FIX
1999-03-09 00:00:00-05:00,12.75,12.75,12.5,12.5,10.007392883300781,100800,0.0,0.0,FIX
1999-03-10 00:00:00-05:00,12.5625,12.6875,12.4375,12.4375,9.957358360290527,67300,0.0,0.0,FIX
1999-03-11 00:00:00-05:00,12.625,12.625,12.375,12.4375,9.957358360290527,54000,0.0,0.0,FIX
1999-03-12 00:00:00-05:00,12.5,12.5625,12.25,12.25,9.807251930236816,66600,0.0,0.0,FIX
1999-03-15 00:00:00-05:00,12.375,12.4375,12.25,12.375,9.907320976257324,20400,0.0,0.0,FIX
1999-03-16 00:00:00-05:00,12.375,12.375,12.1875,12.25,9.807251930236816,12600,0.0,0.0,FIX
1999-03-17 00:00:00-05:00,12.125,12.125,11.75,11.875,9.5070219039917,171200,0.0,0.0,FIX
1999-03-18 00:00:00-05:00,11.8125,12.0,11.625,11.875,9.5070219039917,203700,0.0,0.0,FIX
1999-03-19 00:00:00-05:00,11.625,11.875,11.625,11.8125,9.456985473632812,113100,0.0,0.0,FIX
1999-03-22 00:00:00-05:00,11.75,11.75,11.375,11.625,9.306879043579102,126200,0.0,0.0,FIX
1999-03-23 00:00:00-05:00,11.5,11.8125,11.5,11.75,9.406951904296875,64700,0.0,0.0,FIX
1999-03-24 00:00:00-05:00,11.8125,12.5,11.8125,12.4375,9.957358360290527,78100,0.0,0.0,FIX
1999-03-25 00:00:00-05:00,12.5,13.375,12.5,13.25,10.607836723327637,91900,0.0,0.0,FIX
1999-03-26 00:00:00-05:00,15.5,16.625,14.25,15.0,12.00887393951416,679900,0.0,0.0,FIX
1999-03-29 00:00:00-05:00,15.5,16.5,15.3125,15.375,12.309098243713379,270000,0.0,0.0,FIX
1999-03-30 00:00:00-05:00,15.5,15.5,14.75,14.875,11.908797264099121,134200,0.0,0.0,FIX
1999-03-31 00:00:00-05:00,14.9375,14.9375,14.375,14.625,11.70865535736084,223400,0.0,0.0,FIX
1999-04-01 00:00:00-05:00,14.625,14.75,14.5,14.6875,11.758686065673828,101800,0.0,0.0,FIX
1999-04-05 00:00:00-04:00,14.75,15.125,14.625,15.0,12.00887393951416,107000,0.0,0.0,FIX
1999-04-06 00:00:00-04:00,14.9375,15.125,14.75,14.9375,11.95883846282959,83900,0.0,0.0,FIX
1999-04-07 00:00:00-04:00,14.9375,14.9375,14.5,14.5,11.608579635620117,34600,0.0,0.0,FIX
1999-04-08 00:00:00-04:00,14.5,14.5,13.25,14.0,11.20828628540039,110400,0.0,0.0,FIX
1999-04-09 00:00:00-04:00,13.9375,13.9375,13.5,13.9375,11.158245086669922,36200,0.0,0.0,FIX
1999-04-12 00:00:00-04:00,13.25,13.625,13.125,13.625,10.908062934875488,95200,0.0,0.0,FIX
1999-04-13 00:00:00-04:00,13.75,14.4375,13.6875,14.375,11.508505821228027,57500,0.0,0.0,FIX
1999-04-14 00:00:00-04:00,15.125,15.875,15.125,15.375,12.309098243713379,186200,0.0,0.0,FIX
1999-04-15 00:00:00-04:00,15.4375,15.625,15.125,15.1875,12.158985137939453,57600,0.0,0.0,FIX
1999-04-16 00:00:00-04:00,15.125,15.125,14.625,14.6875,11.758686065673828,29700,0.0,0.0,FIX
1999-04-19 00:00:00-04:00,14.9375,15.9375,14.875,15.3125,12.259062767028809,163700,0.0,0.0,FIX
1999-04-20 00:00:00-04:00,15.1875,15.625,15.0625,15.625,12.50924301147461,42300,0.0,0.0,FIX
1999-04-21 00:00:00-04:00,15.75,16.0625,15.625,15.9375,12.759430885314941,48900,0.0,0.0,FIX
1999-04-22 00:00:00-04:00,16.0,16.0,15.1875,15.5625,12.459208488464355,21900,0.0,0.0,FIX
1999-04-23 00:00:00-04:00,15.5,15.9375,15.5,15.875,12.709392547607422,32200,0.0,0.0,FIX
1999-04-26 00:00:00-04:00,15.9375,16.25,15.3125,15.5625,12.459208488464355,41600,0.0,0.0,FIX
1999-04-27 00:00:00-04:00,15.6875,15.75,15.5,15.625,12.50924301147461,11200,0.0,0.0,FIX
1999-04-28 00:00:00-04:00,15.75,16.0,15.5,15.875,12.709392547607422,24600,0.0,0.0,FIX
1999-04-29 00:00:00-04:00,16.0,16.25,15.75,16.0,12.809466361999512,38700,0.0,0.0,FIX
1999-04-30 00:00:00-04:00,16.0,16.0625,15.5625,15.75,12.609315872192383,63100,0.0,0.0,FIX
1999-05-03 00:00:00-04:00,16.0,16.5,15.625,16.125,12.909538269042969,122500,0.0,0.0,FIX
1999-05-04 00:00:00-04:00,16.25,16.375,16.0625,16.125,12.909538269042969,35600,0.0,0.0,FIX
1999-05-05 00:00:00-04:00,16.125,16.125,15.25,15.375,12.309098243713379,52000,0.0,0.0,FIX
1999-05-06 00:00:00-04:00,15.3125,16.25,15.25,16.125,12.909538269042969,123700,0.0,0.0,FIX
1999-05-07 00:00:00-04:00,16.0625,16.1875,15.375,15.375,12.309098243713379,106600,0.0,0.0,FIX
1999-05-10 00:00:00-04:00,15.4375,15.4375,14.9375,14.9375,11.95883846282959,109200,0.0,0.0,FIX
1999-05-11 00:00:00-04:00,14.875,16.375,14.75,16.3125,13.059651374816895,394800,0.0,0.0,FIX
1999-05-12 00:00:00-04:00,16.1875,17.75,16.1875,17.6875,14.160470962524414,317900,0.0,0.0,FIX
1999-05-13 00:00:00-04:00,17.375,18.125,17.25,17.625,14.110427856445312,236500,0.0,0.0,FIX
1999-05-14 00:00:00-04:00,17.5,17.5,17.125,17.25,13.810201644897461,70800,0.0,0.0,FIX
1999-05-17 00:00:00-04:00,17.125,17.125,16.125,17.0,13.610054016113281,151000,0.0,0.0,FIX
1999-05-18 00:00:00-04:00,17.125,17.125,16.75,16.9375,13.56002140045166,12400,0.0,0.0,FIX
1999-05-19 00:00:00-04:00,16.9375,16.9375,16.375,16.375,13.109688758850098,17300,0.0,0.0,FIX
1999-05-20 00:00:00-04:00,16.5,16.6875,16.3125,16.3125,13.059651374816895,50300,0.0,0.0,FIX
1999-05-21 00:00:00-04:00,16.3125,16.5,16.125,16.5,13.209763526916504,25800,0.0,0.0,FIX
1999-05-24 00:00:00-04:00,16.625,16.6875,16.3125,16.4375,13.159725189208984,88000,0.0,0.0,FIX
1999-05-25 00:00:00-04:00,16.4375,17.1875,16.4375,17.1875,13.760168075561523,46300,0.0,0.0,FIX
1999-05-26 00:00:00-04:00,17.1875,17.6875,17.1875,17.25,13.810201644897461,111800,0.0,0.0,FIX
1999-05-27 00:00:00-04:00,17.1875,17.1875,16.625,16.625,13.309831619262695,13700,0.0,0.0,FIX
1999-05-28 00:00:00-04:00,16.625,16.625,15.25,15.75,12.609315872192383,78900,0.0,0.0,FIX
1999-06-01 00:00:00-04:00,15.875,16.0625,15.75,16.0625,12.859502792358398,47200,0.0,0.0,FIX
1999-06-02 00:00:00-04:00,16.0625,16.25,15.75,15.875,12.709392547607422,51900,0.0,0.0,FIX
1999-06-03 00:00:00-04:00,16.0,16.125,15.875,16.0625,12.859502792358398,146600,0.0,0.0,FIX
1999-06-04 00:00:00-04:00,16.125,16.125,15.75,15.8125,12.659360885620117,31700,0.0,0.0,FIX
1999-06-07 00:00:00-04:00,15.8125,16.0,15.8125,15.875,12.709392547607422,14500,0.0,0.0,FIX
1999-06-08 00:00:00-04:00,15.9375,16.25,15.9375,16.1875,12.959579467773438,290600,0.0,0.0,FIX
1999-06-09 00:00:00-04:00,16.1875,16.1875,15.75,16.125,12.909538269042969,97300,0.0,0.0,FIX
1999-06-10 00:00:00-04:00,16.0625,16.0625,15.8125,15.875,12.709392547607422,10700,0.0,0.0,FIX
1999-06-11 00:00:00-04:00,16.0,16.0,15.8125,16.0,12.809466361999512,14300,0.0,0.0,FIX
1999-06-14 00:00:00-04:00,15.8125,16.0,15.5,15.8125,12.659360885620117,31800,0.0,0.0,FIX
1999-06-15 00:00:00-04:00,15.875,16.5625,15.875,16.5625,13.25980281829834,78300,0.0,0.0,FIX
1999-06-16 00:00:00-04:00,16.5,17.1875,16.5,17.1875,13.760168075561523,210600,0.0,0.0,FIX
1999-06-17 00:00:00-04:00,17.1875,17.8125,17.1875,17.75,14.210494041442871,103400,0.0,0.0,FIX
1999-06-18 00:00:00-04:00,17.875,17.875,17.4375,17.5,14.010351181030273,70100,0.0,0.0,FIX
1999-06-21 00:00:00-04:00,17.625,17.625,17.4375,17.625,14.110427856445312,103500,0.0,0.0,FIX
1999-06-22 00:00:00-04:00,17.625,17.9375,17.625,17.6875,14.160470962524414,68900,0.0,0.0,FIX
1999-06-23 00:00:00-04:00,17.5625,17.875,17.5625,17.875,14.310575485229492,95200,0.0,0.0,FIX
1999-06-24 00:00:00-04:00,17.875,17.875,17.4375,17.6875,14.160470962524414,45800,0.0,0.0,FIX
1999-06-25 00:00:00-04:00,17.5625,17.6875,17.5625,17.6875,14.160470962524414,24800,0.0,0.0,FIX
1999-06-28 00:00:00-04:00,17.75,17.8125,17.5625,17.8125,14.260537147521973,46900,0.0,0.0,FIX
1999-06-29 00:00:00-04:00,17.75,18.5,17.5625,18.375,14.710866928100586,176700,0.0,0.0,FIX
1999-06-30 00:00:00-04:00,18.4375,18.5625,18.0,18.0,14.410654067993164,154200,0.0,0.0,FIX
1999-07-01 00:00:00-04:00,18.0,18.375,18.0,18.0625,14.460686683654785,51900,0.0,0.0,FIX
1999-07-02 00:00:00-04:00,18.1875,18.1875,17.875,18.1875,14.56075382232666,125200,0.0,0.0,FIX
1999-07-06 00:00:00-04:00,18.25,18.25,18.0,18.0,14.410654067993164,26300,0.0,0.0,FIX
1999-07-07 00:00:00-04:00,18.0,18.1875,17.9375,18.0625,14.460686683654785,65900,0.0,0.0,FIX
1999-07-08 00:00:00-04:00,18.125,18.625,18.0,18.4375,14.760904312133789,61300,0.0,0.0,FIX
1999-07-09 00:00:00-04:00,18.5,18.5,18.0,18.0625,14.460686683654785,79100,0.0,0.0,FIX
1999-07-12 00:00:00-04:00,18.0,18.0625,17.625,17.625,14.110427856445312,204500,0.0,0.0,FIX
1999-07-13 00:00:00-04:00,17.625,17.875,17.25,17.3125,13.86024284362793,32500,0.0,0.0,FIX
1999-07-14 00:00:00-04:00,17.3125,17.4375,17.0625,17.4375,13.960317611694336,14600,0.0,0.0,FIX
1999-07-15 00:00:00-04:00,17.5,17.5,17.3125,17.375,13.910273551940918,36300,0.0,0.0,FIX
1999-07-16 00:00:00-04:00,17.1875,17.375,17.0,17.125,13.710127830505371,32600,0.0,0.0,FIX
1999-07-19 00:00:00-04:00,16.875,16.875,15.75,16.0,12.809466361999512,72200,0.0,0.0,FIX
1999-07-20 00:00:00-04:00,16.0,16.8125,16.0,16.4375,13.159725189208984,28200,0.0,0.0,FIX
1999-07-21 00:00:00-04:00,16.625,17.6875,16.625,17.0625,13.660096168518066,101600,0.0,0.0,FIX
1999-07-22 00:00:00-04:00,17.125,17.1875,16.5,16.625,13.309831619262695,16300,0.0,0.0,FIX
1999-07-23 00:00:00-04:00,16.5625,17.0625,16.375,17.0625,13.660096168518066,28100,0.0,0.0,FIX
1999-07-26 00:00:00-04:00,17.125,17.25,16.5625,16.625,13.309831619262695,21900,0.0,0.0,FIX
1999-07-27 00:00:00-04:00,16.625,17.0,16.3125,17.0,13.610054016113281,36900,0.0,0.0,FIX
1999-07-28 00:00:00-04:00,17.0,17.0,16.875,16.9375,13.56002140045166,10400,0.0,0.0,FIX
1999-07-29 00:00:00-04:00,16.8125,16.8125,16.625,16.6875,13.35987377166748,15100,0.0,0.0,FIX
1999-07-30 00:00:00-04:00,16.625,16.6875,16.0,16.125,12.909538269042969,15000,0.0,0.0,FIX
1999-08-02 00:00:00-04:00,16.0,16.0,15.75,15.9375,12.759430885314941,13000,0.0,0.0,FIX
1999-08-03 00:00:00-04:00,15.6875,15.9375,15.6875,15.875,12.709392547607422,25700,0.0,0.0,FIX
1999-08-04 00:00:00-04:00,15.9375,16.0,15.75,15.9375,12.759430885314941,23400,0.0,0.0,FIX
1999-08-05 00:00:00-04:00,15.9375,15.9375,14.9375,15.0625,12.058910369873047,153400,0.0,0.0,FIX
1999-08-06 00:00:00-04:00,15.0625,15.0625,14.3125,14.9375,11.95883846282959,41200,0.0,0.0,FIX
1999-08-09 00:00:00-04:00,15.0,15.125,14.5,14.5,11.608579635620117,40700,0.0,0.0,FIX
1999-08-10 00:00:00-04:00,14.375,14.5,13.875,14.125,11.308356285095215,98500,0.0,0.0,FIX
1999-08-11 00:00:00-04:00,14.25,14.625,14.25,14.625,11.70865535736084,7600,0.0,0.0,FIX
1999-08-12 00:00:00-04:00,14.75,14.875,14.5625,14.8125,11.858762741088867,10500,0.0,0.0,FIX
1999-08-13 00:00:00-04:00,14.75,14.875,14.5,14.625,11.70865535736084,18500,0.0,0.0,FIX
1999-08-16 00:00:00-04:00,14.5,14.5,13.9375,14.0,11.20828628540039,48700,0.0,0.0,FIX
1999-08-17 00:00:00-04:00,14.125,14.125,13.75,13.875,11.108205795288086,28100,0.0,0.0,FIX
1999-08-18 00:00:00-04:00,14.0,14.0,13.375,13.375,10.707911491394043,28500,0.0,0.0,FIX
1999-08-19 00:00:00-04:00,13.3125,13.3125,12.75,12.9375,10.357654571533203,103600,0.0,0.0,FIX
1999-08-20 00:00:00-04:00,13.0,14.0,13.0,14.0,11.20828628540039,211100,0.0,0.0,FIX
1999-08-23 00:00:00-04:00,14.125,14.9375,14.125,14.75,11.80872631072998,31400,0.0,0.0,FIX
1999-08-24 00:00:00-04:00,14.875,14.875,14.0,14.1875,11.358394622802734,96300,0.0,0.0,FIX
1999-08-25 00:00:00-04:00,14.25,14.3125,14.0,14.1875,11.358394622802734,29200,0.0,0.0,FIX
1999-08-26 00:00:00-04:00,14.0625,14.25,14.0625,14.1875,11.358394622802734,15200,0.0,0.0,FIX
1999-08-27 00:00:00-04:00,14.0625,14.25,14.0625,14.1875,11.358394622802734,8600,0.0,0.0,FIX
1999-08-30 00:00:00-04:00,14.125,14.125,13.9375,13.9375,11.158245086669922,19100,0.0,0.0,FIX
1999-08-31 00:00:00-04:00,14.0,14.1875,13.8125,14.125,11.308356285095215,24700,0.0,0.0,FIX
1999-09-01 00:00:00-04:00,14.0,14.25,14.0,14.25,11.408430099487305,10500,0.0,0.0,FIX
1999-09-02 00:00:00-04:00,14.25,14.5,14.25,14.5,11.608579635620117,10900,0.0,0.0,FIX
1999-09-03 00:00:00-04:00,14.5625,15.25,14.5,15.25,12.209022521972656,28200,0.0,0.0,FIX
1999-09-07 00:00:00-04:00,15.375,15.6875,15.375,15.6875,12.559279441833496,36500,0.0,0.0,FIX
1999-09-08 00:00:00-04:00,15.625,15.625,15.0,15.0625,12.058910369873047,53100,0.0,0.0,FIX
1999-09-09 00:00:00-04:00,15.0,15.0,14.75,14.875,11.908797264099121,6900,0.0,0.0,FIX
1999-09-10 00:00:00-04:00,14.75,15.0,14.5625,15.0,12.00887393951416,16400,0.0,0.0,FIX
1999-09-13 00:00:00-04:00,14.875,14.875,14.5625,14.875,11.908797264099121,8700,0.0,0.0,FIX
1999-09-14 00:00:00-04:00,14.875,14.9375,14.25,14.3125,11.45847225189209,21800,0.0,0.0,FIX
1999-09-15 00:00:00-04:00,14.25,14.625,14.125,14.375,11.508505821228027,37500,0.0,0.0,FIX
1999-09-16 00:00:00-04:00,14.375,14.375,14.0625,14.0625,11.258320808410645,6100,0.0,0.0,FIX
1999-09-17 00:00:00-04:00,14.0,14.125,13.875,13.9375,11.158245086669922,13800,0.0,0.0,FIX
1999-09-20 00:00:00-04:00,13.8125,13.9375,13.6875,13.75,11.008137702941895,7500,0.0,0.0,FIX
1999-09-21 00:00:00-04:00,13.6875,13.6875,12.4375,12.75,10.207550048828125,99300,0.0,0.0,FIX
1999-09-22 00:00:00-04:00,12.8125,12.9375,12.6875,12.75,10.207550048828125,19100,0.0,0.0,FIX
1999-09-23 00:00:00-04:00,12.625,12.75,12.375,12.5,10.007392883300781,42400,0.0,0.0,FIX
1999-09-24 00:00:00-04:00,12.4375,12.5625,12.125,12.1875,9.757211685180664,26300,0.0,0.0,FIX
1999-09-27 00:00:00-04:00,12.125,12.3125,12.0,12.0,9.607102394104004,20700,0.0,0.0,FIX
1999-09-28 00:00:00-04:00,12.0625,12.125,11.6875,11.75,9.406951904296875,25700,0.0,0.0,FIX
1999-09-29 00:00:00-04:00,11.75,11.75,11.625,11.6875,9.356912612915039,58000,0.0,0.0,FIX
1999-09-30 00:00:00-04:00,11.6875,11.875,11.25,11.8125,9.456985473632812,634000,0.0,0.0,FIX
1999-10-01 00:00:00-04:00,11.75,12.0,11.375,11.625,9.306879043579102,79800,0.0,0.0,FIX
1999-10-04 00:00:00-04:00,11.625,11.6875,11.5,11.6875,9.356912612915039,16200,0.0,0.0,FIX
1999-10-05 00:00:00-04:00,7.5,7.5,6.4375,6.5,5.203845500946045,2514800,0.0,0.0,FIX
1999-10-06 00:00:00-04:00,6.6875,7.1875,6.625,6.75,5.403992652893066,1411400,0.0,0.0,FIX
1999-10-07 00:00:00-04:00,6.9375,7.1875,6.625,7.1875,5.754252910614014,619500,0.0,0.0,FIX
1999-10-08 00:00:00-04:00,7.25,7.5,7.1875,7.5,6.00443696975708,363800,0.0,0.0,FIX
1999-10-11 00:00:00-04:00,7.5,7.625,7.3125,7.375,5.90436315536499,211900,0.0,0.0,FIX
1999-10-12 00:00:00-04:00,7.5,7.5,7.0,7.1875,5.754252910614014,381800,0.0,0.0,FIX
1999-10-13 00:00:00-04:00,7.125,7.3125,6.875,7.25,5.804289817810059,287500,0.0,0.0,FIX
1999-10-14 00:00:00-04:00,7.25,7.25,6.875,7.125,5.704215049743652,302500,0.0,0.0,FIX
1999-10-15 00:00:00-04:00,7.0,7.0625,6.75,6.875,5.504068851470947,124200,0.0,0.0,FIX
1999-10-18 00:00:00-04:00,6.875,6.9375,6.625,6.8125,5.454031467437744,101300,0.0,0.0,FIX
1999-10-19 00:00:00-04:00,6.875,7.0625,6.5625,6.8125,5.454031467437744,203200,0.0,0.0,FIX
1999-10-20 00:00:00-04:00,6.875,7.25,6.8125,7.125,5.704215049743652,180200,0.0,0.0,FIX
1999-10-21 00:00:00-04:00,7.0,7.125,7.0,7.0625,5.654178142547607,200100,0.0,0.0,FIX
1999-10-22 00:00:00-04:00,7.0625,7.5,7.0625,7.5,6.00443696975708,100200,0.0,0.0,FIX
1999-10-25 00:00:00-04:00,7.5,7.9375,7.5,7.875,6.304657936096191,139400,0.0,0.0,FIX
1999-10-26 00:00:00-04:00,8.1875,8.6875,8.1875,8.5,6.805027008056641,314500,0.0,0.0,FIX
1999-10-27 00:00:00-04:00,8.375,8.5,7.875,8.3125,6.654915809631348,128500,0.0,0.0,FIX
1999-10-28 00:00:00-04:00,8.25,8.4375,7.4375,7.5,6.00443696975708,129400,0.0,0.0,FIX
1999-10-29 00:00:00-04:00,7.5,7.6875,7.25,7.25,5.804289817810059,232200,0.0,0.0,FIX
1999-11-01 00:00:00-05:00,7.3125,7.6875,7.1875,7.625,6.104511260986328,86500,0.0,0.0,FIX
1999-11-02 00:00:00-05:00,7.375,7.375,7.1875,7.1875,5.754252910614014,105300,0.0,0.0,FIX
1999-11-03 00:00:00-05:00,7.25,7.375,7.125,7.25,5.804289817810059,110500,0.0,0.0,FIX
1999-11-04 00:00:00-05:00,7.1875,7.25,6.875,7.0625,5.654178142547607,155700,0.0,0.0,FIX
1999-11-05 00:00:00-05:00,7.0,7.3125,6.9375,7.25,5.804289817810059,485100,0.0,0.0,FIX
1999-11-08 00:00:00-05:00,7.375,7.625,7.25,7.3125,5.85432767868042,93000,0.0,0.0,FIX
1999-11-09 00:00:00-05:00,7.4375,7.4375,7.125,7.125,5.704215049743652,65100,0.0,0.0,FIX
1999-11-10 00:00:00-05:00,7.125,7.1875,7.0,7.1875,5.754252910614014,56600,0.0,0.0,FIX
1999-11-11 00:00:00-05:00,7.0625,7.1875,7.0,7.125,5.704215049743652,63900,0.0,0.0,FIX
1999-11-12 00:00:00-05:00,7.0,7.1875,7.0,7.1875,5.754252910614014,88600,0.0,0.0,FIX
1999-11-15 00:00:00-05:00,7.1875,8.1875,7.125,7.875,6.304657936096191,133400,0.0,0.0,FIX
1999-11-16 00:00:00-05:00,7.875,8.5,7.875,8.0625,6.454769134521484,234300,0.0,0.0,FIX
1999-11-17 00:00:00-05:00,8.125,8.375,8.125,8.3125,6.654915809631348,209400,0.0,0.0,FIX
1999-11-18 00:00:00-05:00,8.375,9.0,8.3125,8.75,7.005175590515137,283200,0.0,0.0,FIX
1999-11-19 00:00:00-05:00,8.8125,8.875,8.25,8.375,6.704955577850342,138700,0.0,0.0,FIX
1999-11-22 00:00:00-05:00,8.375,8.375,7.75,7.9375,6.354696273803711,159700,0.0,0.0,FIX
1999-11-23 00:00:00-05:00,7.9375,8.75,7.8125,8.0625,6.454769134521484,252300,0.0,0.0,FIX
1999-11-24 00:00:00-05:00,8.0625,9.0,8.0,9.0,7.205327033996582,311100,0.0,0.0,FIX
1999-11-26 00:00:00-05:00,9.0,9.0,8.75,8.75,7.005175590515137,65500,0.0,0.0,FIX
1999-11-29 00:00:00-05:00,8.625,8.9375,8.375,8.625,6.9051008224487305,166100,0.0,0.0,FIX
1999-11-30 00:00:00-05:00,8.5,8.625,8.0,8.25,6.604881763458252,215900,0.0,0.0,FIX
1999-12-01 00:00:00-05:00,8.1875,8.4375,7.8125,7.9375,6.354696273803711,125500,0.0,0.0,FIX
1999-12-02 00:00:00-05:00,7.75,7.8125,7.4375,7.5625,6.054473400115967,262900,0.0,0.0,FIX
1999-12-03 00:00:00-05:00,7.625,7.875,7.375,7.875,6.304657936096191,184100,0.0,0.0,FIX
1999-12-06 00:00:00-05:00,7.75,7.75,7.25,7.25,5.804289817810059,218200,0.0,0.0,FIX
1999-12-07 00:00:00-05:00,7.25,7.375,7.0,7.125,5.704215049743652,79800,0.0,0.0,FIX
1999-12-08 00:00:00-05:00,7.125,7.5,7.0,7.1875,5.754252910614014,81000,0.0,0.0,FIX
1999-12-09 00:00:00-05:00,7.125,7.375,7.125,7.375,5.90436315536499,89900,0.0,0.0,FIX
1999-12-10 00:00:00-05:00,7.3125,7.375,7.0625,7.375,5.90436315536499,86700,0.0,0.0,FIX
1999-12-13 00:00:00-05:00,7.25,7.375,7.125,7.1875,5.754252910614014,142100,0.0,0.0,FIX
1999-12-14 00:00:00-05:00,7.125,7.25,7.0,7.0,5.604143142700195,71500,0.0,0.0,FIX
1999-12-15 00:00:00-05:00,6.9375,6.9375,6.5625,6.6875,5.3539557456970215,286600,0.0,0.0,FIX
1999-12-16 00:00:00-05:00,6.8125,6.9375,6.5,6.625,5.303918361663818,137800,0.0,0.0,FIX
1999-12-17 00:00:00-05:00,6.5,7.0625,6.5,7.0625,5.654178142547607,136800,0.0,0.0,FIX
1999-12-20 00:00:00-05:00,7.0,7.1875,7.0,7.0,5.604143142700195,88000,0.0,0.0,FIX
1999-12-21 00:00:00-05:00,7.125,7.125,6.6875,7.0625,5.654178142547607,106200,0.0,0.0,FIX
1999-12-22 00:00:00-05:00,7.0,7.25,6.875,7.25,5.804289817810059,212000,0.0,0.0,FIX
1999-12-23 00:00:00-05:00,7.125,7.6875,7.125,7.6875,6.1545491218566895,96100,0.0,0.0,FIX
1999-12-27 00:00:00-05:00,7.625,7.6875,7.4375,7.4375,5.9543986320495605,66000,0.0,0.0,FIX
1999-12-28 00:00:00-05:00,7.3125,7.3125,6.8125,7.125,5.704215049743652,106500,0.0,0.0,FIX
1999-12-29 00:00:00-05:00,7.0,7.1875,7.0,7.125,5.704215049743652,56200,0.0,0.0,FIX
1999-12-30 00:00:00-05:00,7.125,7.4375,7.0,7.4375,5.9543986320495605,134800,0.0,0.0,FIX
1999-12-31 00:00:00-05:00,7.3125,7.375,7.1875,7.375,5.90436315536499,56400,0.0,0.0,FIX
2000-01-03 00:00:00-05:00,7.375,7.375,6.875,7.0625,5.654178142547607,76600,0.0,0.0,FIX
2000-01-04 00:00:00-05:00,7.0,7.1875,6.9375,6.9375,5.554102897644043,70200,0.0,0.0,FIX
2000-01-05 00:00:00-05:00,6.9375,7.125,6.9375,7.0,5.604143142700195,45400,0.0,0.0,FIX
2000-01-06 00:00:00-05:00,6.9375,7.125,6.9375,7.0,5.604143142700195,38300,0.0,0.0,FIX
2000-01-07 00:00:00-05:00,6.9375,7.0625,6.9375,6.9375,5.554102897644043,54300,0.0,0.0,FIX
2000-01-10 00:00:00-05:00,7.0,7.0625,7.0,7.0,5.604143142700195,53300,0.0,0.0,FIX
2000-01-11 00:00:00-05:00,7.0,7.0,6.875,6.9375,5.554102897644043,69800,0.0,0.0,FIX
2000-01-12 00:00:00-05:00,6.875,7.0,6.75,6.8125,5.454031467437744,117300,0.0,0.0,FIX
2000-01-13 00:00:00-05:00,6.875,7.1875,6.8125,7.0,5.604143142700195,75100,0.0,0.0,FIX
2000-01-14 00:00:00-05:00,7.0625,7.1875,7.0625,7.1875,5.754252910614014,83400,0.0,0.0,FIX
2000-01-18 00:00:00-05:00,7.0625,7.1875,7.0625,7.1875,5.754252910614014,79800,0.0,0.0,FIX
2000-01-19 00:00:00-05:00,7.0,7.125,6.9375,7.125,5.704215049743652,46400,0.0,0.0,FIX
2000-01-20 00:00:00-05:00,7.0625,7.0625,6.9375,7.0,5.604143142700195,122400,0.0,0.0,FIX
2000-01-21 00:00:00-05:00,6.9375,7.125,6.9375,7.0,5.604143142700195,50500,0.0,0.0,FIX
2000-01-24 00:00:00-05:00,7.125,7.25,7.0625,7.125,5.704215049743652,159600,0.0,0.0,FIX
2000-01-25 00:00:00-05:00,7.25,7.25,7.125,7.1875,5.754252910614014,110700,0.0,0.0,FIX
2000-01-26 00:00:00-05:00,7.1875,7.25,7.125,7.1875,5.754252910614014,79000,0.0,0.0,FIX
2000-01-27 00:00:00-05:00,7.1875,7.1875,7.0,7.0625,5.654178142547607,30300,0.0,0.0,FIX
2000-01-28 00:00:00-05:00,7.0625,7.3125,7.0625,7.25,5.804289817810059,45200,0.0,0.0,FIX
2000-01-31 00:00:00-05:00,7.125,7.3125,7.0,7.0,5.604143142700195,99600,0.0,0.0,FIX
2000-02-01 00:00:00-05:00,7.0625,7.1875,6.9375,7.0625,5.654178142547607,225800,0.0,0.0,FIX
2000-02-02 00:00:00-05:00,7.0,7.125,7.0,7.0625,5.654178142547607,88500,0.0,0.0,FIX
2000-02-03 00:00:00-05:00,7.0,7.125,6.875,7.0,5.604143142700195,74100,0.0,0.0,FIX
2000-02-04 00:00:00-05:00,6.9375,7.0,6.8125,6.8125,5.454031467437744,48000,0.0,0.0,FIX
2000-02-07 00:00:00-05:00,6.875,6.9375,6.75,6.9375,5.554102897644043,76100,0.0,0.0,FIX
2000-02-08 00:00:00-05:00,6.875,6.9375,6.8125,6.8125,5.454031467437744,22400,0.0,0.0,FIX
2000-02-09 00:00:00-05:00,6.875,6.9375,6.875,6.9375,5.554102897644043,86000,0.0,0.0,FIX
2000-02-10 00:00:00-05:00,6.875,7.1875,6.875,7.0625,5.654178142547607,171900,0.0,0.0,FIX
2000-02-11 00:00:00-05:00,7.0,7.125,7.0,7.0,5.604143142700195,71200,0.0,0.0,FIX
2000-02-14 00:00:00-05:00,7.0,7.125,7.0,7.125,5.704215049743652,30500,0.0,0.0,FIX
2000-02-15 00:00:00-05:00,7.125,7.25,7.125,7.1875,5.754252910614014,49900,0.0,0.0,FIX
2000-02-16 00:00:00-05:00,7.25,7.4375,7.125,7.375,5.90436315536499,37400,0.0,0.0,FIX
2000-02-17 00:00:00-05:00,7.4375,9.375,7.4375,8.25,6.604881763458252,523700,0.0,0.0,FIX
2000-02-18 00:00:00-05:00,8.25,8.6875,8.25,8.3125,6.654915809631348,151700,0.0,0.0,FIX
2000-02-22 00:00:00-05:00,8.375,8.75,8.3125,8.375,6.704955577850342,116200,0.0,0.0,FIX
2000-02-23 00:00:00-05:00,8.375,8.875,8.25,8.75,7.005175590515137,196400,0.0,0.0,FIX
2000-02-24 00:00:00-05:00,8.0,8.125,7.125,8.0,6.404733180999756,327100,0.0,0.0,FIX
2000-02-25 00:00:00-05:00,7.875,7.9375,7.5,7.5625,6.054473400115967,83600,0.0,0.0,FIX
2000-02-28 00:00:00-05:00,7.75,8.0625,7.75,7.9375,6.354696273803711,160600,0.0,0.0,FIX
2000-02-29 00:00:00-05:00,8.0,8.0,7.75,7.875,6.304657936096191,203200,0.0,0.0,FIX
2000-03-01 00:00:00-05:00,7.75,7.875,7.75,7.8125,6.254621505737305,43200,0.0,0.0,FIX
2000-03-02 00:00:00-05:00,7.8125,7.875,7.5,7.8125,6.254621505737305,72900,0.0,0.0,FIX
2000-03-03 00:00:00-05:00,7.5,7.6875,7.25,7.625,6.104511260986328,52900,0.0,0.0,FIX
2000-03-06 00:00:00-05:00,7.5,7.5,7.25,7.3125,5.85432767868042,41800,0.0,0.0,FIX
2000-03-07 00:00:00-05:00,7.1875,7.25,7.1875,7.1875,5.754252910614014,27900,0.0,0.0,FIX
2000-03-08 00:00:00-05:00,8.0,8.0625,7.8125,7.875,6.304657936096191,180200,0.0,0.0,FIX
2000-03-09 00:00:00-05:00,8.0,8.125,7.1875,7.625,6.104511260986328,115000,0.0,0.0,FIX
2000-03-10 00:00:00-05:00,7.75,7.9375,7.5,7.625,6.104511260986328,91600,0.0,0.0,FIX
2000-03-13 00:00:00-05:00,7.4375,7.875,7.4375,7.875,6.304657936096191,62400,0.0,0.0,FIX
2000-03-14 00:00:00-05:00,7.9375,8.1875,7.8125,7.9375,6.354696273803711,105800,0.0,0.0,FIX
2000-03-15 00:00:00-05:00,7.875,7.9375,7.75,7.8125,6.254621505737305,22300,0.0,0.0,FIX
2000-03-16 00:00:00-05:00,7.6875,7.875,7.6875,7.6875,6.1545491218566895,42000,0.0,0.0,FIX
2000-03-17 00:00:00-05:00,7.625,7.9375,7.625,7.8125,6.254621505737305,29600,0.0,0.0,FIX
2000-03-20 00:00:00-05:00,7.75,7.9375,7.625,7.625,6.104511260986328,37600,0.0,0.0,FIX
2000-03-21 00:00:00-05:00,7.5625,7.625,7.375,7.5,6.00443696975708,24000,0.0,0.0,FIX
2000-03-22 00:00:00-05:00,7.5625,7.5625,7.1875,7.3125,5.85432767868042,40800,0.0,0.0,FIX
2000-03-23 00:00:00-05:00,7.375,8.0,7.375,8.0,6.404733180999756,152800,0.0,0.0,FIX
2000-03-24 00:00:00-05:00,8.0,8.0,7.75,7.75,6.204586505889893,20900,0.0,0.0,FIX
2000-03-27 00:00:00-05:00,7.625,7.8125,7.625,7.6875,6.1545491218566895,19200,0.0,0.0,FIX
2000-03-28 00:00:00-05:00,7.625,7.6875,7.375,7.375,5.90436315536499,29100,0.0,0.0,FIX
2000-03-29 00:00:00-05:00,7.4375,7.5,7.375,7.375,5.90436315536499,19400,0.0,0.0,FIX
2000-03-30 00:00:00-05:00,7.5,7.5,6.875,7.0,5.604143142700195,70200,0.0,0.0,FIX
2000-03-31 00:00:00-05:00,6.9375,7.0625,6.375,6.375,5.1037750244140625,101800,0.0,0.0,FIX
2000-04-03 00:00:00-04:00,6.625,6.8125,6.5,6.5625,5.253880977630615,52100,0.0,0.0,FIX
2000-04-04 00:00:00-04:00,6.5625,6.625,5.625,6.0,4.803551197052002,102900,0.0,0.0,FIX
2000-04-05 00:00:00-04:00,6.25,6.9375,6.25,6.75,5.403992652893066,69500,0.0,0.0,FIX
2000-04-06 00:00:00-04:00,6.875,7.5,6.875,7.125,5.704215049743652,93800,0.0,0.0,FIX
2000-04-07 00:00:00-04:00,7.125,7.125,6.8125,7.0625,5.654178142547607,34300,0.0,0.0,FIX
2000-04-10 00:00:00-04:00,7.0,7.125,6.875,6.875,5.504068851470947,21300,0.0,0.0,FIX
2000-04-11 00:00:00-04:00,6.875,6.875,6.4375,6.4375,5.153807640075684,32100,0.0,0.0,FIX
2000-04-12 00:00:00-04:00,6.75,6.875,6.625,6.6875,5.3539557456970215,40400,0.0,0.0,FIX
2000-04-13 00:00:00-04:00,6.625,6.75,6.625,6.625,5.303918361663818,139600,0.0,0.0,FIX
2000-04-14 00:00:00-04:00,6.5625,6.6875,6.25,6.3125,5.053734302520752,76100,0.0,0.0,FIX
2000-04-17 00:00:00-04:00,6.25,6.375,6.1875,6.375,5.1037750244140625,63700,0.0,0.0,FIX
2000-04-18 00:00:00-04:00,6.5,6.5,6.25,6.4375,5.153807640075684,43400,0.0,0.0,FIX
2000-04-19 00:00:00-04:00,6.4375,6.6875,6.375,6.625,5.303918361663818,37100,0.0,0.0,FIX
2000-04-20 00:00:00-04:00,6.6875,6.6875,6.5,6.5625,5.253880977630615,14700,0.0,0.0,FIX
2000-04-24 00:00:00-04:00,6.625,6.75,6.625,6.75,5.403992652893066,19200,0.0,0.0,FIX
2000-04-25 00:00:00-04:00,6.625,6.6875,6.5625,6.6875,5.3539557456970215,78200,0.0,0.0,FIX
2000-04-26 00:00:00-04:00,6.6875,6.75,6.625,6.6875,5.3539557456970215,11000,0.0,0.0,FIX
2000-04-27 00:00:00-04:00,6.6875,6.9375,6.6875,6.9375,5.554102897644043,34800,0.0,0.0,FIX
2000-04-28 00:00:00-04:00,6.875,6.9375,6.8125,6.875,5.504068851470947,27600,0.0,0.0,FIX
2000-05-01 00:00:00-04:00,6.875,6.9375,6.875,6.9375,5.554102897644043,21800,0.0,0.0,FIX
2000-05-02 00:00:00-04:00,6.875,6.9375,6.8125,6.875,5.504068851470947,19300,0.0,0.0,FIX
2000-05-03 00:00:00-04:00,6.9375,6.9375,6.8125,6.875,5.504068851470947,3300,0.0,0.0,FIX
2000-05-04 00:00:00-04:00,6.8125,7.0625,6.8125,7.0625,5.654178142547607,95100,0.0,0.0,FIX
2000-05-05 00:00:00-04:00,7.0,7.125,6.9375,7.0,5.604143142700195,18900,0.0,0.0,FIX
2000-05-08 00:00:00-04:00,7.0625,7.125,7.0625,7.0625,5.654178142547607,16900,0.0,0.0,FIX
2000-05-09 00:00:00-04:00,7.0625,7.125,7.0625,7.0625,5.654178142547607,21300,0.0,0.0,FIX
2000-05-10 00:00:00-04:00,7.0625,7.125,7.0,7.0,5.604143142700195,39500,0.0,0.0,FIX
2000-05-11 00:00:00-04:00,7.0625,7.0625,6.9375,7.0,5.604143142700195,16700,0.0,0.0,FIX
2000-05-12 00:00:00-04:00,7.0,7.0625,6.875,6.875,5.504068851470947,33000,0.0,0.0,FIX
2000-05-15 00:00:00-04:00,7.0,7.0,6.8125,7.0,5.604143142700195,26300,0.0,0.0,FIX
2000-05-16 00:00:00-04:00,7.0,7.0,6.875,6.9375,5.554102897644043,18300,0.0,0.0,FIX
2000-05-17 00:00:00-04:00,6.875,6.9375,6.875,6.9375,5.554102897644043,14000,0.0,0.0,FIX
2000-05-18 00:00:00-04:00,6.875,6.875,6.75,6.75,5.403992652893066,26100,0.0,0.0,FIX
2000-05-19 00:00:00-04:00,6.875,6.875,6.5625,6.5625,5.253880977630615,42100,0.0,0.0,FIX
2000-05-22 00:00:00-04:00,6.625,6.625,6.3125,6.4375,5.153807640075684,37200,0.0,0.0,FIX
2000-05-23 00:00:00-04:00,6.375,6.625,6.3125,6.3125,5.053734302520752,29700,0.0,0.0,FIX
2000-05-24 00:00:00-04:00,6.3125,6.3125,6.1875,6.3125,5.053734302520752,52600,0.0,0.0,FIX
2000-05-25 00:00:00-04:00,6.25,6.4375,6.25,6.25,5.003696441650391,18400,0.0,0.0,FIX
2000-05-26 00:00:00-04:00,6.25,6.25,6.0625,6.1875,4.953660488128662,41000,0.0,0.0,FIX
2000-05-30 00:00:00-04:00,6.1875,6.25,6.1875,6.1875,4.953660488128662,11600,0.0,0.0,FIX
2000-05-31 00:00:00-04:00,6.25,6.25,6.0,6.0625,4.853586196899414,125900,0.0,0.0,FIX
2000-06-01 00:00:00-04:00,6.0625,6.0625,6.0,6.0625,4.853586196899414,64300,0.0,0.0,FIX
2000-06-02 00:00:00-04:00,6.0625,6.25,6.0625,6.1875,4.953660488128662,74000,0.0,0.0,FIX
2000-06-05 00:00:00-04:00,6.25,6.25,5.9375,6.0625,4.853586196899414,32800,0.0,0.0,FIX
2000-06-06 00:00:00-04:00,5.9375,5.9375,5.625,5.75,4.603403091430664,65800,0.0,0.0,FIX
2000-06-07 00:00:00-04:00,5.75,5.75,5.4375,5.5,4.403255939483643,93700,0.0,0.0,FIX
2000-06-08 00:00:00-04:00,5.5,5.625,5.25,5.25,4.20310640335083,84400,0.0,0.0,FIX
2000-06-09 00:00:00-04:00,5.25,5.5,5.25,5.4375,4.353217124938965,29100,0.0,0.0,FIX
2000-06-12 00:00:00-04:00,5.5,5.75,5.5,5.625,4.503327369689941,68000,0.0,0.0,FIX
2000-06-13 00:00:00-04:00,5.625,5.625,5.5,5.5625,4.453291416168213,40900,0.0,0.0,FIX
2000-06-14 00:00:00-04:00,5.5625,5.625,5.5,5.625,4.503327369689941,34100,0.0,0.0,FIX
2000-06-15 00:00:00-04:00,5.625,5.625,5.5,5.5,4.403255939483643,12300,0.0,0.0,FIX
2000-06-16 00:00:00-04:00,5.5625,5.5625,5.5,5.5,4.403255939483643,28000,0.0,0.0,FIX
2000-06-19 00:00:00-04:00,5.5,5.5,5.4375,5.5,4.403255939483643,4800,0.0,0.0,FIX
2000-06-20 00:00:00-04:00,5.4375,5.5,5.3125,5.375,4.303181171417236,23400,0.0,0.0,FIX
2000-06-21 00:00:00-04:00,5.25,5.25,5.0,5.0,4.002958297729492,79700,0.0,0.0,FIX
2000-06-22 00:00:00-04:00,5.0625,5.0625,4.8125,4.9375,3.952918767929077,53000,0.0,0.0,FIX
2000-06-23 00:00:00-04:00,5.0,5.0,4.875,5.0,4.002958297729492,34800,0.0,0.0,FIX
2000-06-26 00:00:00-04:00,5.0,5.0,4.875,4.9375,3.952918767929077,77800,0.0,0.0,FIX
2000-06-27 00:00:00-04:00,4.875,4.875,4.4375,4.8125,3.852846384048462,119600,0.0,0.0,FIX
2000-06-28 00:00:00-04:00,4.375,4.4375,3.875,3.875,3.1022932529449463,220100,0.0,0.0,FIX
2000-06-29 00:00:00-04:00,3.9375,3.9375,3.875,3.9375,3.1523289680480957,49400,0.0,0.0,FIX
2000-06-30 00:00:00-04:00,3.875,4.0,3.875,4.0,3.202366590499878,115400,0.0,0.0,FIX
2000-07-03 00:00:00-04:00,3.9375,4.0,3.9375,3.9375,3.1523289680480957,17200,0.0,0.0,FIX
2000-07-05 00:00:00-04:00,4.0,4.0,3.75,3.875,3.1022932529449463,71700,0.0,0.0,FIX
2000-07-06 00:00:00-04:00,3.8125,3.875,3.8125,3.875,3.1022932529449463,18300,0.0,0.0,FIX
2000-07-07 00:00:00-04:00,3.8125,3.875,3.75,3.75,3.00221848487854,69400,0.0,0.0,FIX
2000-07-10 00:00:00-04:00,3.75,3.875,3.75,3.8125,3.052255630493164,23400,0.0,0.0,FIX
2000-07-11 00:00:00-04:00,3.8125,3.8125,3.625,3.6875,2.952181577682495,68300,0.0,0.0,FIX
2000-07-12 00:00:00-04:00,3.6875,3.6875,3.375,3.625,2.9021449089050293,964200,0.0,0.0,FIX
2000-07-13 00:00:00-04:00,3.6875,4.1875,3.6875,4.125,3.302440881729126,86100,0.0,0.0,FIX
2000-07-14 00:00:00-04:00,4.25,4.8125,4.25,4.75,3.802811622619629,130100,0.0,0.0,FIX
2000-07-17 00:00:00-04:00,4.875,5.0,4.875,4.9375,3.952918767929077,66900,0.0,0.0,FIX
2000-07-18 00:00:00-04:00,4.9375,5.0,4.875,4.9375,3.952918767929077,75000,0.0,0.0,FIX
2000-07-19 00:00:00-04:00,4.9375,5.0,4.875,4.875,3.902883768081665,22300,0.0,0.0,FIX
2000-07-20 00:00:00-04:00,4.875,4.9375,4.625,4.6875,3.7527737617492676,75500,0.0,0.0,FIX
2000-07-21 00:00:00-04:00,4.6875,4.8125,4.625,4.6875,3.7527737617492676,24800,0.0,0.0,FIX
2000-07-24 00:00:00-04:00,4.6875,4.875,4.6875,4.8125,3.852846384048462,28300,0.0,0.0,FIX
2000-07-25 00:00:00-04:00,4.875,4.875,4.75,4.8125,3.852846384048462,14800,0.0,0.0,FIX
2000-07-26 00:00:00-04:00,4.75,4.8125,4.5625,4.5625,3.652698516845703,17500,0.0,0.0,FIX
2000-07-27 00:00:00-04:00,4.5625,4.5625,4.1875,4.3125,3.4525504112243652,52700,0.0,0.0,FIX
2000-07-28 00:00:00-04:00,4.375,4.375,4.25,4.25,3.4025135040283203,17600,0.0,0.0,FIX
2000-07-31 00:00:00-04:00,4.3125,4.4375,4.125,4.4375,3.5526235103607178,49800,0.0,0.0,FIX
2000-08-01 00:00:00-04:00,4.4375,4.5,4.375,4.5,3.602663516998291,21400,0.0,0.0,FIX
2000-08-02 00:00:00-04:00,4.5,4.5625,4.375,4.5,3.602663516998291,26900,0.0,0.0,FIX
2000-08-03 00:00:00-04:00,4.4375,4.4375,4.3125,4.3125,3.4525504112243652,19000,0.0,0.0,FIX
2000-08-04 00:00:00-04:00,4.1875,4.25,4.125,4.1875,3.352477788925171,57000,0.0,0.0,FIX
2000-08-07 00:00:00-04:00,4.125,4.1875,4.0625,4.125,3.302440881729126,34400,0.0,0.0,FIX
2000-08-08 00:00:00-04:00,4.125,4.1875,3.9375,3.9375,3.1523289680480957,36000,0.0,0.0,FIX
2000-08-09 00:00:00-04:00,3.9375,4.0,3.8125,3.8125,3.052255630493164,28000,0.0,0.0,FIX
2000-08-10 00:00:00-04:00,3.8125,3.875,3.8125,3.8125,3.052255630493164,15400,0.0,0.0,FIX
2000-08-11 00:00:00-04:00,3.875,4.125,3.875,4.0,3.202366590499878,99100,0.0,0.0,FIX
2000-08-14 00:00:00-04:00,3.9375,4.0625,3.875,4.0625,3.2524044513702393,62100,0.0,0.0,FIX
2000-08-15 00:00:00-04:00,4.0,4.1875,4.0,4.125,3.302440881729126,47800,0.0,0.0,FIX
2000-08-16 00:00:00-04:00,4.125,4.1875,4.0625,4.125,3.302440881729126,11500,0.0,0.0,FIX
2000-08-17 00:00:00-04:00,4.0625,4.25,4.0625,4.25,3.4025135040283203,36700,0.0,0.0,FIX
2000-08-18 00:00:00-04:00,4.3125,4.4375,3.8125,3.8125,3.052255630493164,535700,0.0,0.0,FIX
2000-08-21 00:00:00-04:00,3.875,4.125,3.875,4.125,3.302440881729126,106200,0.0,0.0,FIX
2000-08-22 00:00:00-04:00,4.1875,4.4375,4.1875,4.25,3.4025135040283203,75300,0.0,0.0,FIX
2000-08-23 00:00:00-04:00,4.1875,4.5,4.1875,4.5,3.602663516998291,33600,0.0,0.0,FIX
2000-08-24 00:00:00-04:00,4.5,4.6875,4.5,4.625,3.7027370929718018,54300,0.0,0.0,FIX
2000-08-25 00:00:00-04:00,4.75,4.9375,4.6875,4.9375,3.952918767929077,49900,0.0,0.0,FIX
2000-08-28 00:00:00-04:00,5.0,5.25,5.0,5.125,4.103033542633057,116200,0.0,0.0,FIX
2000-08-29 00:00:00-04:00,5.1875,5.5,5.1875,5.375,4.303181171417236,66200,0.0,0.0,FIX
2000-08-30 00:00:00-04:00,5.4375,5.625,5.4375,5.5625,4.453291416168213,32800,0.0,0.0,FIX
2000-08-31 00:00:00-04:00,5.5,5.5,5.4375,5.5,4.403255939483643,38600,0.0,0.0,FIX
2000-09-01 00:00:00-04:00,5.5,5.5625,5.4375,5.5,4.403255939483643,17000,0.0,0.0,FIX
2000-09-05 00:00:00-04:00,5.4375,5.5,5.375,5.375,4.303181171417236,18700,0.0,0.0,FIX
2000-09-06 00:00:00-04:00,5.25,5.25,5.0,5.125,4.103033542633057,64100,0.0,0.0,FIX
2000-09-07 00:00:00-04:00,5.25,5.25,5.0625,5.125,4.103033542633057,23700,0.0,0.0,FIX
2000-09-08 00:00:00-04:00,5.0625,5.3125,5.0625,5.25,4.20310640335083,36100,0.0,0.0,FIX
2000-09-11 00:00:00-04:00,5.25,5.375,5.25,5.3125,4.25314474105835,52700,0.0,0.0,FIX
2000-09-12 00:00:00-04:00,5.3125,5.5,5.25,5.5,4.403255939483643,37200,0.0,0.0,FIX
2000-09-13 00:00:00-04:00,5.4375,5.4375,5.375,5.4375,4.353217124938965,14300,0.0,0.0,FIX
2000-09-14 00:00:00-04:00,5.375,5.4375,5.3125,5.3125,4.25314474105835,14600,0.0,0.0,FIX
2000-09-15 00:00:00-04:00,5.3125,5.375,5.3125,5.375,4.303181171417236,42700,0.0,0.0,FIX
2000-09-18 00:00:00-04:00,5.375,5.375,5.25,5.25,4.20310640335083,35900,0.0,0.0,FIX
2000-09-19 00:00:00-04:00,5.3125,5.375,5.25,5.3125,4.25314474105835,21100,0.0,0.0,FIX
2000-09-20 00:00:00-04:00,5.25,5.3125,5.125,5.3125,4.25314474105835,60400,0.0,0.0,FIX
2000-09-21 00:00:00-04:00,5.25,5.25,5.0625,5.0625,4.052995204925537,41100,0.0,0.0,FIX
2000-09-22 00:00:00-04:00,5.0625,5.125,5.0,5.0625,4.052995204925537,18800,0.0,0.0,FIX
2000-09-25 00:00:00-04:00,5.0625,5.1875,5.0625,5.1875,4.1530680656433105,15900,0.0,0.0,FIX
2000-09-26 00:00:00-04:00,5.1875,5.25,5.125,5.1875,4.1530680656433105,38100,0.0,0.0,FIX
2000-09-27 00:00:00-04:00,5.1875,5.1875,5.125,5.125,4.103033542633057,62700,0.0,0.0,FIX
2000-09-28 00:00:00-04:00,5.125,5.1875,5.0625,5.1875,4.1530680656433105,22500,0.0,0.0,FIX
2000-09-29 00:00:00-04:00,5.1875,5.25,5.1875,5.1875,4.1530680656433105,57400,0.0,0.0,FIX
2000-10-02 00:00:00-04:00,5.1875,5.1875,4.875,4.875,3.902883768081665,23000,0.0,0.0,FIX
2000-10-03 00:00:00-04:00,4.875,4.9375,4.5,4.5,3.602663516998291,62800,0.0,0.0,FIX
2000-10-04 00:00:00-04:00,4.5625,4.625,4.25,4.3125,3.4525504112243652,20600,0.0,0.0,FIX
2000-10-05 00:00:00-04:00,4.25,4.25,4.125,4.125,3.302440881729126,28400,0.0,0.0,FIX
2000-10-06 00:00:00-04:00,4.0625,4.0625,3.6875,3.8125,3.052255630493164,22700,0.0,0.0,FIX
2000-10-09 00:00:00-04:00,3.75,3.75,3.4375,3.625,2.9021449089050293,38900,0.0,0.0,FIX
2000-10-10 00:00:00-04:00,3.625,3.6875,3.625,3.625,2.9021449089050293,21300,0.0,0.0,FIX
2000-10-11 00:00:00-04:00,3.625,3.625,3.25,3.3125,2.651959180831909,77200,0.0,0.0,FIX
2000-10-12 00:00:00-04:00,3.375,3.375,2.875,2.9375,2.3517379760742188,122600,0.0,0.0,FIX
2000-10-13 00:00:00-04:00,3.0,3.0625,2.8125,2.9375,2.3517379760742188,59700,0.0,0.0,FIX
2000-10-16 00:00:00-04:00,2.9375,3.125,2.9375,3.0,2.401775598526001,43200,0.0,0.0,FIX
2000-10-17 00:00:00-04:00,3.0625,3.125,3.0,3.125,2.5018482208251953,17500,0.0,0.0,FIX
2000-10-18 00:00:00-04:00,3.125,3.125,2.9375,2.9375,2.3517379760742188,34500,0.0,0.0,FIX
2000-10-19 00:00:00-04:00,2.9375,3.0,2.875,3.0,2.401775598526001,15000,0.0,0.0,FIX
2000-10-20 00:00:00-04:00,2.9375,3.0,2.9375,3.0,2.401775598526001,8300,0.0,0.0,FIX
2000-10-23 00:00:00-04:00,3.0,3.1875,3.0,3.1875,2.5518875122070312,32300,0.0,0.0,FIX
2000-10-24 00:00:00-04:00,3.3125,3.3125,3.0625,3.125,2.5018482208251953,50000,0.0,0.0,FIX
2000-10-25 00:00:00-04:00,3.1875,3.1875,3.0,3.0,2.401775598526001,29600,0.0,0.0,FIX
2000-10-26 00:00:00-04:00,2.9375,3.0625,2.9375,3.0,2.401775598526001,29300,0.0,0.0,FIX
2000-10-27 00:00:00-04:00,3.0,3.0,2.875,2.875,2.301701545715332,27500,0.0,0.0,FIX
2000-10-30 00:00:00-05:00,2.875,2.875,2.6875,2.8125,2.2516636848449707,111100,0.0,0.0,FIX
2000-10-31 00:00:00-05:00,2.875,2.9375,2.6875,2.9375,2.3517379760742188,69600,0.0,0.0,FIX
2000-11-01 00:00:00-05:00,2.9375,3.0,2.875,2.875,2.301701545715332,25900,0.0,0.0,FIX
2000-11-02 00:00:00-05:00,2.9375,3.0,2.875,3.0,2.401775598526001,29400,0.0,0.0,FIX
2000-11-03 00:00:00-05:00,3.0,3.125,3.0,3.125,2.5018482208251953,27900,0.0,0.0,FIX
2000-11-06 00:00:00-05:00,3.0625,3.125,3.0,3.0625,2.451812982559204,50300,0.0,0.0,FIX
2000-11-07 00:00:00-05:00,3.0,3.1875,2.9375,3.125,2.5018482208251953,63800,0.0,0.0,FIX
2000-11-08 00:00:00-05:00,3.125,3.1875,3.0625,3.125,2.5018482208251953,6800,0.0,0.0,FIX
2000-11-09 00:00:00-05:00,3.1875,3.1875,3.0625,3.0625,2.451812982559204,13200,0.0,0.0,FIX
2000-11-10 00:00:00-05:00,3.125,3.125,3.0,3.0,2.401775598526001,13700,0.0,0.0,FIX
2000-11-13 00:00:00-05:00,3.0,3.0,2.875,2.875,2.301701545715332,24700,0.0,0.0,FIX
2000-11-14 00:00:00-05:00,2.875,3.0625,2.875,3.0,2.401775598526001,64400,0.0,0.0,FIX
2000-11-15 00:00:00-05:00,3.0,3.0,3.0,3.0,2.401775598526001,18700,0.0,0.0,FIX
2000-11-16 00:00:00-05:00,3.0,3.3125,3.0,3.3125,2.651959180831909,104600,0.0,0.0,FIX
2000-11-17 00:00:00-05:00,3.5,3.5,3.375,3.375,2.701996326446533,32200,0.0,0.0,FIX
2000-11-20 00:00:00-05:00,3.375,3.4375,3.25,3.375,2.701996326446533,23000,0.0,0.0,FIX
2000-11-21 00:00:00-05:00,3.375,3.375,3.25,3.25,2.6019227504730225,26900,0.0,0.0,FIX
2000-11-22 00:00:00-05:00,3.25,3.25,3.1875,3.25,2.6019227504730225,16400,0.0,0.0,FIX
2000-11-24 00:00:00-05:00,3.25,3.3125,3.25,3.3125,2.651959180831909,12000,0.0,0.0,FIX
2000-11-27 00:00:00-05:00,3.25,3.5,3.25,3.3125,2.651959180831909,94400,0.0,0.0,FIX
2000-11-28 00:00:00-05:00,3.25,3.25,3.1875,3.1875,2.5518875122070312,23100,0.0,0.0,FIX
2000-11-29 00:00:00-05:00,3.1875,3.1875,3.0,3.0625,2.451812982559204,24400,0.0,0.0,FIX
2000-11-30 00:00:00-05:00,3.0625,3.125,3.0,3.125,2.5018482208251953,35900,0.0,0.0,FIX
2000-12-01 00:00:00-05:00,3.0625,3.1875,3.0625,3.1875,2.5518875122070312,20500,0.0,0.0,FIX
2000-12-04 00:00:00-05:00,3.125,3.1875,3.0625,3.125,2.5018482208251953,24400,0.0,0.0,FIX
2000-12-05 00:00:00-05:00,3.0625,3.1875,3.0625,3.1875,2.5518875122070312,28500,0.0,0.0,FIX
2000-12-06 00:00:00-05:00,3.125,3.1875,2.9375,2.9375,2.3517379760742188,52600,0.0,0.0,FIX
2000-12-07 00:00:00-05:00,2.875,2.9375,2.875,2.9375,2.3517379760742188,19600,0.0,0.0,FIX
2000-12-08 00:00:00-05:00,2.875,2.9375,2.8125,2.9375,2.3517379760742188,18800,0.0,0.0,FIX
2000-12-11 00:00:00-05:00,2.875,2.9375,2.8125,2.875,2.301701545715332,41600,0.0,0.0,FIX
2000-12-12 00:00:00-05:00,2.8125,2.9375,2.8125,2.8125,2.2516636848449707,5700,0.0,0.0,FIX
2000-12-13 00:00:00-05:00,2.8125,2.8125,2.5,2.5625,2.0515167713165283,308300,0.0,0.0,FIX
2000-12-14 00:00:00-05:00,2.5625,2.5625,2.5,2.5625,2.0515167713165283,34300,0.0,0.0,FIX
2000-12-15 00:00:00-05:00,2.5,2.625,2.5,2.5625,2.0515167713165283,40100,0.0,0.0,FIX
2000-12-18 00:00:00-05:00,2.5625,2.625,2.4375,2.5625,2.0515167713165283,56500,0.0,0.0,FIX
2000-12-19 00:00:00-05:00,2.5625,2.5625,2.3125,2.375,1.9014058113098145,104800,0.0,0.0,FIX
2000-12-20 00:00:00-05:00,2.3125,2.375,2.1875,2.1875,1.7512938976287842,85800,0.0,0.0,FIX
2000-12-21 00:00:00-05:00,2.1875,2.1875,2.0625,2.125,1.7012567520141602,74300,0.0,0.0,FIX
2000-12-22 00:00:00-05:00,2.125,2.125,2.0,2.125,1.7012567520141602,106600,0.0,0.0,FIX
2000-12-26 00:00:00-05:00,2.0625,2.125,2.0,2.125,1.7012567520141602,57100,0.0,0.0,FIX
2000-12-27 00:00:00-05:00,2.0625,2.0625,2.0,2.0625,1.651220440864563,274500,0.0,0.0,FIX
2000-12-28 00:00:00-05:00,2.0,2.1875,2.0,2.1875,1.7512938976287842,124400,0.0,0.0,FIX
2000-12-29 00:00:00-05:00,2.25,2.3125,2.0625,2.125,1.7012567520141602,226400,0.0,0.0,FIX
2001-01-02 00:00:00-05:00,2.1875,2.25,2.125,2.125,1.7012567520141602,31500,0.0,0.0,FIX
2001-01-03 00:00:00-05:00,2.125,2.1875,2.125,2.1875,1.7512938976287842,42000,0.0,0.0,FIX
2001-01-04 00:00:00-05:00,2.125,2.1875,2.125,2.125,1.7012567520141602,33200,0.0,0.0,FIX
2001-01-05 00:00:00-05:00,2.1875,2.1875,2.0625,2.1875,1.7512938976287842,43000,0.0,0.0,FIX
2001-01-08 00:00:00-05:00,2.1875,2.1875,2.125,2.125,1.7012567520141602,6800,0.0,0.0,FIX
2001-01-09 00:00:00-05:00,2.1875,2.25,2.1875,2.25,1.8013317584991455,26200,0.0,0.0,FIX
2001-01-10 00:00:00-05:00,2.25,2.375,2.25,2.3125,1.8513685464859009,33400,0.0,0.0,FIX
2001-01-11 00:00:00-05:00,2.3125,2.5,2.25,2.5,2.001479148864746,56000,0.0,0.0,FIX
2001-01-12 00:00:00-05:00,2.5,2.5625,2.4375,2.5,2.001479148864746,16100,0.0,0.0,FIX
2001-01-16 00:00:00-05:00,2.5625,2.5625,2.125,2.125,1.7012567520141602,160000,0.0,0.0,FIX
2001-01-17 00:00:00-05:00,2.1875,2.3125,2.125,2.125,1.7012567520141602,68100,0.0,0.0,FIX
2001-01-18 00:00:00-05:00,2.1875,2.1875,2.125,2.1875,1.7512938976287842,20700,0.0,0.0,FIX
2001-01-19 00:00:00-05:00,2.1875,2.25,2.125,2.125,1.7012567520141602,70900,0.0,0.0,FIX
2001-01-22 00:00:00-05:00,2.25,2.25,2.125,2.1875,1.7512938976287842,52500,0.0,0.0,FIX
2001-01-23 00:00:00-05:00,2.1875,2.3125,2.1875,2.3125,1.8513685464859009,19000,0.0,0.0,FIX
2001-01-24 00:00:00-05:00,2.3125,2.375,2.25,2.3125,1.8513685464859009,21500,0.0,0.0,FIX
2001-01-25 00:00:00-05:00,2.375,2.375,2.3125,2.375,1.9014058113098145,14900,0.0,0.0,FIX
2001-01-26 00:00:00-05:00,2.3125,2.4375,2.3125,2.375,1.9014058113098145,64400,0.0,0.0,FIX
2001-01-29 00:00:00-05:00,2.450000047683716,2.4800000190734863,2.4000000953674316,2.450000047683716,1.9614497423171997,117400,0.0,0.0,FIX
2001-01-30 00:00:00-05:00,2.4000000953674316,2.450000047683716,2.319999933242798,2.450000047683716,1.9614497423171997,31800,0.0,0.0,FIX
2001-01-31 00:00:00-05:00,2.450000047683716,2.5,2.450000047683716,2.4700000286102295,1.977461338043213,67600,0.0,0.0,FIX
2001-02-01 00:00:00-05:00,2.5,2.549999952316284,2.309999942779541,2.450000047683716,1.9614497423171997,71600,0.0,0.0,FIX
2001-02-02 00:00:00-05:00,2.490000009536743,2.5,2.4600000381469727,2.4700000286102295,1.977461338043213,70400,0.0,0.0,FIX
2001-02-05 00:00:00-05:00,2.5,2.5,2.4700000286102295,2.5,2.001479148864746,52800,0.0,0.0,FIX
2001-02-06 00:00:00-05:00,2.5,2.5,2.450000047683716,2.490000009536743,1.993473768234253,21600,0.0,0.0,FIX
2001-02-07 00:00:00-05:00,2.4800000190734863,2.490000009536743,2.450000047683716,2.490000009536743,1.993473768234253,6500,0.0,0.0,FIX
2001-02-08 00:00:00-05:00,2.5,2.5,2.450000047683716,2.450000047683716,1.9614497423171997,37300,0.0,0.0,FIX
2001-02-09 00:00:00-05:00,2.490000009536743,2.5,2.450000047683716,2.5,2.001479148864746,17300,0.0,0.0,FIX
2001-02-12 00:00:00-05:00,2.5,2.5,2.490000009536743,2.5,2.001479148864746,48500,0.0,0.0,FIX
2001-02-13 00:00:00-05:00,2.5,2.5,2.4800000190734863,2.4800000190734863,1.9854674339294434,37300,0.0,0.0,FIX
2001-02-14 00:00:00-05:00,2.4800000190734863,2.490000009536743,2.4800000190734863,2.490000009536743,1.993473768234253,7500,0.0,0.0,FIX
2001-02-15 00:00:00-05:00,2.5,2.5,2.4700000286102295,2.5,2.001479148864746,24100,0.0,0.0,FIX
2001-02-16 00:00:00-05:00,2.5,2.5,2.450000047683716,2.4600000381469727,1.9694550037384033,49800,0.0,0.0,FIX
2001-02-20 00:00:00-05:00,2.440000057220459,2.450000047683716,2.4000000953674316,2.430000066757202,1.9454375505447388,29300,0.0,0.0,FIX
2001-02-21 00:00:00-05:00,2.430000066757202,2.430000066757202,2.369999885559082,2.4200000762939453,1.9374314546585083,16400,0.0,0.0,FIX
2001-02-22 00:00:00-05:00,2.4200000762939453,2.4600000381469727,2.359999895095825,2.440000057220459,1.9534443616867065,9700,0.0,0.0,FIX
2001-02-23 00:00:00-05:00,2.440000057220459,2.450000047683716,2.3499999046325684,2.440000057220459,1.9534443616867065,24000,0.0,0.0,FIX
2001-02-26 00:00:00-05:00,2.440000057220459,2.4800000190734863,2.4100000858306885,2.4800000190734863,1.9854674339294434,27300,0.0,0.0,FIX
2001-02-27 00:00:00-05:00,2.490000009536743,2.5,2.450000047683716,2.4600000381469727,1.9694550037384033,14300,0.0,0.0,FIX
2001-02-28 00:00:00-05:00,2.490000009536743,2.549999952316284,2.430000066757202,2.4800000190734863,1.9854674339294434,132300,0.0,0.0,FIX
2001-03-01 00:00:00-05:00,2.4800000190734863,2.549999952316284,2.4800000190734863,2.549999952316284,2.0415079593658447,155300,0.0,0.0,FIX
2001-03-02 00:00:00-05:00,2.5199999809265137,2.799999952316284,2.509999990463257,2.7799999713897705,2.22564435005188,130900,0.0,0.0,FIX
2001-03-05 00:00:00-05:00,2.7899999618530273,2.799999952316284,2.7300000190734863,2.740000009536743,2.1936213970184326,33800,0.0,0.0,FIX
2001-03-06 00:00:00-05:00,2.7899999618530273,2.799999952316284,2.75,2.7799999713897705,2.22564435005188,37200,0.0,0.0,FIX
2001-03-07 00:00:00-05:00,2.75,2.7699999809265137,2.7300000190734863,2.75,2.2016279697418213,14000,0.0,0.0,FIX
2001-03-08 00:00:00-05:00,2.700000047683716,2.700000047683716,2.549999952316284,2.549999952316284,2.0415079593658447,81800,0.0,0.0,FIX
2001-03-09 00:00:00-05:00,2.5199999809265137,2.559999942779541,2.5,2.5,2.001479148864746,49000,0.0,0.0,FIX
2001-03-12 00:00:00-05:00,2.509999990463257,2.509999990463257,2.450000047683716,2.450000047683716,1.9614497423171997,23600,0.0,0.0,FIX
2001-03-13 00:00:00-05:00,2.450000047683716,2.450000047683716,2.3499999046325684,2.440000057220459,1.9534443616867065,42800,0.0,0.0,FIX
2001-03-14 00:00:00-05:00,2.4000000953674316,2.5,2.4000000953674316,2.490000009536743,1.993473768234253,39800,0.0,0.0,FIX
2001-03-15 00:00:00-05:00,2.5199999809265137,2.5199999809265137,2.430000066757202,2.4600000381469727,1.9694550037384033,26700,0.0,0.0,FIX
2001-03-16 00:00:00-05:00,2.4800000190734863,2.4800000190734863,2.4000000953674316,2.450000047683716,1.9614497423171997,45100,0.0,0.0,FIX
2001-03-19 00:00:00-05:00,2.4000000953674316,2.4000000953674316,2.2699999809265137,2.3399999141693115,1.8733842372894287,45700,0.0,0.0,FIX
2001-03-20 00:00:00-05:00,2.380000114440918,2.380000114440918,2.299999952316284,2.299999952316284,1.8413609266281128,19000,0.0,0.0,FIX
2001-03-21 00:00:00-05:00,2.299999952316284,2.4000000953674316,2.259999990463257,2.380000114440918,1.9054081439971924,6800,0.0,0.0,FIX
2001-03-22 00:00:00-05:00,2.4000000953674316,2.4200000762939453,2.3499999046325684,2.4200000762939453,1.9374314546585083,17000,0.0,0.0,FIX
2001-03-23 00:00:00-05:00,2.4200000762939453,2.450000047683716,2.4200000762939453,2.450000047683716,1.9614497423171997,16600,0.0,0.0,FIX
2001-03-26 00:00:00-05:00,2.4800000190734863,2.5,2.440000057220459,2.440000057220459,1.9534443616867065,19900,0.0,0.0,FIX
2001-03-27 00:00:00-05:00,2.4100000858306885,2.450000047683716,2.359999895095825,2.4000000953674316,1.921419620513916,30700,0.0,0.0,FIX
2001-03-28 00:00:00-05:00,2.299999952316284,2.450000047683716,2.299999952316284,2.4000000953674316,1.921419620513916,67500,0.0,0.0,FIX
2001-03-29 00:00:00-05:00,2.4100000858306885,2.450000047683716,2.4000000953674316,2.4200000762939453,1.9374314546585083,44500,0.0,0.0,FIX
2001-03-30 00:00:00-05:00,2.4200000762939453,2.440000057220459,2.4100000858306885,2.440000057220459,1.9534443616867065,14000,0.0,0.0,FIX
2001-04-02 00:00:00-04:00,2.4200000762939453,2.4200000762939453,2.25,2.309999942779541,1.8493664264678955,55900,0.0,0.0,FIX
2001-04-03 00:00:00-04:00,2.299999952316284,2.299999952316284,2.1600000858306885,2.25,1.8013317584991455,30300,0.0,0.0,FIX
2001-04-04 00:00:00-04:00,2.25,2.25,2.1500000953674316,2.1500000953674316,1.72127103805542,53600,0.0,0.0,FIX
2001-04-05 00:00:00-04:00,2.180000066757202,2.180000066757202,2.1500000953674316,2.180000066757202,1.7452900409698486,15900,0.0,0.0,FIX
2001-04-06 00:00:00-04:00,2.180000066757202,2.200000047683716,2.130000114440918,2.140000104904175,1.7132669687271118,7500,0.0,0.0,FIX
2001-04-09 00:00:00-04:00,2.0999999046325684,2.1500000953674316,2.0999999046325684,2.130000114440918,1.7052607536315918,10100,0.0,0.0,FIX
2001-04-10 00:00:00-04:00,2.180000066757202,2.200000047683716,2.1500000953674316,2.1600000858306885,1.7292779684066772,45700,0.0,0.0,FIX
2001-04-11 00:00:00-04:00,2.1500000953674316,2.1600000858306885,2.0899999141693115,2.0999999046325684,1.6812427043914795,44700,0.0,0.0,FIX
2001-04-12 00:00:00-04:00,2.140000104904175,2.180000066757202,2.049999952316284,2.049999952316284,1.6412124633789062,38600,0.0,0.0,FIX
2001-04-16 00:00:00-04:00,2.0899999141693115,2.0899999141693115,2.069999933242798,2.0799999237060547,1.6652307510375977,18100,0.0,0.0,FIX
2001-04-17 00:00:00-04:00,2.0999999046325684,2.0999999046325684,2.009999990463257,2.0199999809265137,1.6171947717666626,28700,0.0,0.0,FIX
2001-04-18 00:00:00-04:00,2.0199999809265137,2.0199999809265137,1.9500000476837158,1.9500000476837158,1.561153769493103,97000,0.0,0.0,FIX
2001-04-19 00:00:00-04:00,1.9800000190734863,1.9800000190734863,1.940000057220459,1.9500000476837158,1.561153769493103,32300,0.0,0.0,FIX
2001-04-20 00:00:00-04:00,1.9500000476837158,1.9700000286102295,1.899999976158142,1.9600000381469727,1.5691601037979126,97900,0.0,0.0,FIX
2001-04-23 00:00:00-04:00,1.899999976158142,1.9500000476837158,1.899999976158142,1.899999976158142,1.5211237668991089,29900,0.0,0.0,FIX
2001-04-24 00:00:00-04:00,1.899999976158142,1.899999976158142,1.8200000524520874,1.850000023841858,1.4810947179794312,22300,0.0,0.0,FIX
2001-04-25 00:00:00-04:00,1.8600000143051147,1.8899999856948853,1.850000023841858,1.8899999856948853,1.5131182670593262,24700,0.0,0.0,FIX
2001-04-26 00:00:00-04:00,1.8899999856948853,1.8899999856948853,1.840000033378601,1.840000033378601,1.4730885028839111,7300,0.0,0.0,FIX
2001-04-27 00:00:00-04:00,1.8899999856948853,1.899999976158142,1.7899999618530273,1.7999999523162842,1.4410649538040161,34800,0.0,0.0,FIX
2001-04-30 00:00:00-04:00,1.7899999618530273,1.850000023841858,1.7899999618530273,1.840000033378601,1.4730885028839111,27600,0.0,0.0,FIX
2001-05-01 00:00:00-04:00,1.809999942779541,1.840000033378601,1.7000000476837158,1.7999999523162842,1.4410649538040161,76700,0.0,0.0,FIX
2001-05-02 00:00:00-04:00,1.850000023841858,2.0999999046325684,1.850000023841858,2.0199999809265137,1.6171947717666626,109600,0.0,0.0,FIX
2001-05-03 00:00:00-04:00,2.0999999046325684,2.140000104904175,2.059999942779541,2.140000104904175,1.7132669687271118,65400,0.0,0.0,FIX
2001-05-04 00:00:00-04:00,2.1500000953674316,2.259999990463257,2.1500000953674316,2.259999990463257,1.8093372583389282,101900,0.0,0.0,FIX
2001-05-07 00:00:00-04:00,2.25,2.3499999046325684,2.0199999809265137,2.0299999713897705,1.6252009868621826,183000,0.0,0.0,FIX
2001-05-08 00:00:00-04:00,2.049999952316284,2.0799999237060547,2.009999990463257,2.0799999237060547,1.6652307510375977,59700,0.0,0.0,FIX
2001-05-09 00:00:00-04:00,2.0999999046325684,2.2300000190734863,2.0999999046325684,2.2300000190734863,1.7853198051452637,243100,0.0,0.0,FIX
2001-05-10 00:00:00-04:00,2.2799999713897705,2.9000000953674316,2.25,2.9000000953674316,2.321716070175171,506400,0.0,0.0,FIX
2001-05-11 00:00:00-04:00,3.0,3.3499999046325684,2.990000009536743,3.1700000762939453,2.537876605987549,317700,0.0,0.0,FIX
2001-05-14 00:00:00-04:00,3.2699999809265137,3.5,3.1500000953674316,3.180000066757202,2.545881509780884,141000,0.0,0.0,FIX
2001-05-15 00:00:00-04:00,3.1500000953674316,3.4100000858306885,3.0999999046325684,3.2300000190734863,2.5859105587005615,135700,0.0,0.0,FIX
2001-05-16 00:00:00-04:00,3.2799999713897705,3.3499999046325684,3.2200000286102295,3.25,2.6019227504730225,261900,0.0,0.0,FIX
2001-05-17 00:00:00-04:00,3.259999990463257,3.3399999141693115,3.259999990463257,3.299999952316284,2.6419520378112793,73800,0.0,0.0,FIX
2001-05-18 00:00:00-04:00,3.299999952316284,3.299999952316284,3.1500000953674316,3.1500000953674316,2.5218636989593506,70700,0.0,0.0,FIX
2001-05-21 00:00:00-04:00,3.2200000286102295,3.2899999618530273,3.180000066757202,3.2899999618530273,2.6339468955993652,72100,0.0,0.0,FIX
2001-05-22 00:00:00-04:00,3.259999990463257,3.4000000953674316,3.25,3.3499999046325684,2.6819820404052734,90100,0.0,0.0,FIX
2001-05-23 00:00:00-04:00,3.4000000953674316,3.549999952316284,3.4000000953674316,3.4600000381469727,2.770047903060913,95300,0.0,0.0,FIX
2001-05-24 00:00:00-04:00,3.559999942779541,3.630000114440918,3.5,3.630000114440918,2.9061479568481445,115400,0.0,0.0,FIX
2001-05-25 00:00:00-04:00,3.690000057220459,4.300000190734863,3.690000057220459,4.239999771118164,3.394507884979248,140000,0.0,0.0,FIX
2001-05-29 00:00:00-04:00,4.25,4.25,3.950000047683716,3.950000047683716,3.1623375415802,74200,0.0,0.0,FIX
2001-05-30 00:00:00-04:00,3.950000047683716,4.099999904632568,3.819999933242798,3.819999933242798,3.058259963989258,131800,0.0,0.0,FIX
2001-05-31 00:00:00-04:00,3.819999933242798,3.9000000953674316,3.5999999046325684,3.619999885559082,2.8981425762176514,112500,0.0,0.0,FIX
2001-06-01 00:00:00-04:00,3.6500000953674316,3.700000047683716,3.4000000953674316,3.5,2.8020715713500977,144700,0.0,0.0,FIX
2001-06-04 00:00:00-04:00,3.430000066757202,3.5,3.4000000953674316,3.430000066757202,2.746029853820801,77400,0.0,0.0,FIX
2001-06-05 00:00:00-04:00,3.380000114440918,3.799999952316284,3.299999952316284,3.799999952316284,3.0422475337982178,136800,0.0,0.0,FIX
2001-06-06 00:00:00-04:00,3.799999952316284,3.950000047683716,3.799999952316284,3.940000057220459,3.1543312072753906,30600,0.0,0.0,FIX
2001-06-07 00:00:00-04:00,3.9800000190734863,4.0,3.8499999046325684,4.0,3.202366590499878,37700,0.0,0.0,FIX
2001-06-08 00:00:00-04:00,3.9800000190734863,4.039999961853027,3.9800000190734863,4.010000228881836,3.2103724479675293,9400,0.0,0.0,FIX
2001-06-11 00:00:00-04:00,4.0,4.039999961853027,3.869999885559082,3.869999885559082,3.098289728164673,75200,0.0,0.0,FIX
2001-06-12 00:00:00-04:00,3.8499999046325684,3.9600000381469727,3.8499999046325684,3.950000047683716,3.1623375415802,23300,0.0,0.0,FIX
2001-06-13 00:00:00-04:00,3.9800000190734863,3.9800000190734863,3.819999933242798,3.8499999046325684,3.0822789669036865,30800,0.0,0.0,FIX
2001-06-14 00:00:00-04:00,3.880000114440918,3.880000114440918,3.75,3.809999942779541,3.0502541065216064,22500,0.0,0.0,FIX
2001-06-15 00:00:00-04:00,3.7799999713897705,3.8299999237060547,3.6600000858306885,3.700000047683716,2.9621894359588623,38600,0.0,0.0,FIX
2001-06-18 00:00:00-04:00,3.6600000858306885,3.7100000381469727,3.6500000953674316,3.700000047683716,2.9621894359588623,17600,0.0,0.0,FIX
2001-06-19 00:00:00-04:00,3.7100000381469727,3.7100000381469727,3.549999952316284,3.549999952316284,2.8421008586883545,65800,0.0,0.0,FIX
2001-06-20 00:00:00-04:00,3.5199999809265137,3.619999885559082,3.4000000953674316,3.619999885559082,2.8981425762176514,38400,0.0,0.0,FIX
2001-06-21 00:00:00-04:00,3.619999885559082,3.6700000762939453,3.5799999237060547,3.5899999141693115,2.8741250038146973,7900,0.0,0.0,FIX
2001-06-22 00:00:00-04:00,3.549999952316284,3.680000066757202,3.549999952316284,3.5999999046325684,2.8821299076080322,18200,0.0,0.0,FIX
2001-06-25 00:00:00-04:00,3.549999952316284,3.6500000953674316,3.549999952316284,3.5799999237060547,2.8661186695098877,30100,0.0,0.0,FIX
2001-06-26 00:00:00-04:00,3.5799999237060547,3.6700000762939453,3.549999952316284,3.6700000762939453,2.938170909881592,40400,0.0,0.0,FIX
2001-06-27 00:00:00-04:00,3.6700000762939453,3.6700000762939453,3.619999885559082,3.640000104904175,2.9141530990600586,30900,0.0,0.0,FIX
2001-06-28 00:00:00-04:00,3.630000114440918,3.640000104904175,3.630000114440918,3.640000104904175,2.9141530990600586,38400,0.0,0.0,FIX
2001-06-29 00:00:00-04:00,3.640000104904175,3.640000104904175,3.619999885559082,3.619999885559082,2.8981425762176514,287900,0.0,0.0,FIX
2001-07-02 00:00:00-04:00,3.619999885559082,3.75,3.619999885559082,3.6600000858306885,2.9301652908325195,158500,0.0,0.0,FIX
2001-07-03 00:00:00-04:00,3.6600000858306885,3.6700000762939453,3.609999895095825,3.630000114440918,2.9061479568481445,22700,0.0,0.0,FIX
2001-07-05 00:00:00-04:00,3.5999999046325684,3.640000104904175,3.5999999046325684,3.619999885559082,2.8981425762176514,35500,0.0,0.0,FIX
2001-07-06 00:00:00-04:00,3.609999895095825,3.609999895095825,3.5,3.5,2.8020715713500977,65300,0.0,0.0,FIX
2001-07-09 00:00:00-04:00,3.5,3.5,3.309999942779541,3.309999942779541,2.649959087371826,48700,0.0,0.0,FIX
2001-07-10 00:00:00-04:00,3.309999942779541,3.319999933242798,3.25,3.259999990463257,2.6099278926849365,37900,0.0,0.0,FIX
2001-07-11 00:00:00-04:00,3.240000009536743,3.240000009536743,3.0999999046325684,3.0999999046325684,2.4818334579467773,31000,0.0,0.0,FIX
2001-07-12 00:00:00-04:00,3.109999895095825,3.2200000286102295,3.109999895095825,3.200000047683716,2.5618934631347656,78300,0.0,0.0,FIX
2001-07-13 00:00:00-04:00,3.2300000190734863,3.3399999141693115,3.2100000381469727,3.309999942779541,2.649959087371826,34700,0.0,0.0,FIX
2001-07-16 00:00:00-04:00,3.3399999141693115,3.3399999141693115,3.25,3.259999990463257,2.6099278926849365,17500,0.0,0.0,FIX
2001-07-17 00:00:00-04:00,3.2699999809265137,3.299999952316284,3.25,3.299999952316284,2.6419520378112793,37100,0.0,0.0,FIX
2001-07-18 00:00:00-04:00,3.3499999046325684,3.4600000381469727,3.3299999237060547,3.440000057220459,2.754034996032715,38500,0.0,0.0,FIX
2001-07-19 00:00:00-04:00,3.4200000762939453,3.5199999809265137,3.4200000762939453,3.509999990463257,2.8100767135620117,41200,0.0,0.0,FIX
2001-07-20 00:00:00-04:00,3.509999990463257,3.7300000190734863,3.4800000190734863,3.7300000190734863,2.986205816268921,59200,0.0,0.0,FIX
2001-07-23 00:00:00-04:00,3.8299999237060547,4.050000190734863,3.7799999713897705,3.7799999713897705,3.0262365341186523,108800,0.0,0.0,FIX
2001-07-24 00:00:00-04:00,3.799999952316284,3.8399999141693115,3.5999999046325684,3.6500000953674316,2.9221603870391846,41800,0.0,0.0,FIX
2001-07-25 00:00:00-04:00,3.6500000953674316,3.7100000381469727,3.6500000953674316,3.7100000381469727,2.9701945781707764,18300,0.0,0.0,FIX
2001-07-26 00:00:00-04:00,3.680000066757202,3.680000066757202,3.549999952316284,3.549999952316284,2.8421008586883545,20700,0.0,0.0,FIX
2001-07-27 00:00:00-04:00,3.5399999618530273,3.6500000953674316,3.5399999618530273,3.6500000953674316,2.9221603870391846,18800,0.0,0.0,FIX
2001-07-30 00:00:00-04:00,3.619999885559082,3.7200000286102295,3.619999885559082,3.690000057220459,2.9541828632354736,14000,0.0,0.0,FIX
2001-07-31 00:00:00-04:00,3.700000047683716,3.7799999713897705,3.700000047683716,3.7100000381469727,2.9701945781707764,31600,0.0,0.0,FIX
2001-08-01 00:00:00-04:00,3.700000047683716,3.7899999618530273,3.700000047683716,3.7899999618530273,3.0342419147491455,16400,0.0,0.0,FIX
2001-08-02 00:00:00-04:00,3.819999933242798,3.9700000286102295,3.819999933242798,3.880000114440918,3.106295585632324,44300,0.0,0.0,FIX
2001-08-03 00:00:00-04:00,3.930000066757202,4.050000190734863,3.880000114440918,4.0,3.202366590499878,63400,0.0,0.0,FIX
2001-08-06 00:00:00-04:00,4.010000228881836,4.059999942779541,3.9200000762939453,3.940000057220459,3.1543312072753906,45500,0.0,0.0,FIX
2001-08-07 00:00:00-04:00,3.950000047683716,4.099999904632568,3.950000047683716,4.099999904632568,3.2824249267578125,65500,0.0,0.0,FIX
2001-08-08 00:00:00-04:00,4.099999904632568,4.75,4.099999904632568,4.400000095367432,3.522601842880249,457000,0.0,0.0,FIX
2001-08-09 00:00:00-04:00,4.409999847412109,4.480000019073486,4.050000190734863,4.130000114440918,3.3064424991607666,199400,0.0,0.0,FIX
2001-08-10 00:00:00-04:00,4.050000190734863,4.050000190734863,4.0,4.0,3.202366590499878,66000,0.0,0.0,FIX
2001-08-13 00:00:00-04:00,3.990000009536743,3.990000009536743,3.5999999046325684,3.700000047683716,2.9621894359588623,150300,0.0,0.0,FIX
2001-08-14 00:00:00-04:00,3.700000047683716,3.7300000190734863,3.549999952316284,3.5999999046325684,2.8821299076080322,182200,0.0,0.0,FIX
2001-08-15 00:00:00-04:00,3.5999999046325684,3.7100000381469727,3.5999999046325684,3.6500000953674316,2.9221603870391846,72300,0.0,0.0,FIX
2001-08-16 00:00:00-04:00,3.6500000953674316,3.740000009536743,3.609999895095825,3.640000104904175,2.9141530990600586,38800,0.0,0.0,FIX
2001-08-17 00:00:00-04:00,3.630000114440918,3.7200000286102295,3.5999999046325684,3.5999999046325684,2.8821299076080322,22100,0.0,0.0,FIX
2001-08-20 00:00:00-04:00,3.5999999046325684,3.680000066757202,3.5999999046325684,3.680000066757202,2.9461770057678223,25400,0.0,0.0,FIX
2001-08-21 00:00:00-04:00,3.700000047683716,3.700000047683716,3.5999999046325684,3.5999999046325684,2.8821299076080322,15000,0.0,0.0,FIX
2001-08-22 00:00:00-04:00,3.5999999046325684,3.6700000762939453,3.5899999141693115,3.5999999046325684,2.8821299076080322,32700,0.0,0.0,FIX
2001-08-23 00:00:00-04:00,3.5899999141693115,3.5899999141693115,3.549999952316284,3.549999952316284,2.8421008586883545,32200,0.0,0.0,FIX
2001-08-24 00:00:00-04:00,3.549999952316284,3.5799999237060547,3.549999952316284,3.559999942779541,2.8501064777374268,12800,0.0,0.0,FIX
2001-08-27 00:00:00-04:00,3.5,3.5799999237060547,3.5,3.559999942779541,2.8501064777374268,29600,0.0,0.0,FIX
2001-08-28 00:00:00-04:00,3.5199999809265137,3.549999952316284,3.4600000381469727,3.4800000190734863,2.7860586643218994,33800,0.0,0.0,FIX
2001-08-29 00:00:00-04:00,3.4600000381469727,3.5,3.4600000381469727,3.4800000190734863,2.7860586643218994,25000,0.0,0.0,FIX
2001-08-30 00:00:00-04:00,3.5,3.5,3.450000047683716,3.4600000381469727,2.770047903060913,22700,0.0,0.0,FIX
2001-08-31 00:00:00-04:00,3.4800000190734863,3.5899999141693115,3.4800000190734863,3.509999990463257,2.8100767135620117,70100,0.0,0.0,FIX
2001-09-04 00:00:00-04:00,3.5,3.5,3.4000000953674316,3.4000000953674316,2.7220120429992676,31000,0.0,0.0,FIX
2001-09-05 00:00:00-04:00,3.369999885559082,3.369999885559082,3.299999952316284,3.299999952316284,2.6419520378112793,17400,0.0,0.0,FIX
2001-09-06 00:00:00-04:00,3.299999952316284,3.299999952316284,3.299999952316284,3.299999952316284,2.6419520378112793,10700,0.0,0.0,FIX
2001-09-07 00:00:00-04:00,3.299999952316284,3.3499999046325684,3.2699999809265137,3.2699999809265137,2.617933750152588,38500,0.0,0.0,FIX
2001-09-10 00:00:00-04:00,3.25,3.25,3.180000066757202,3.180000066757202,2.545881509780884,34800,0.0,0.0,FIX
2001-09-17 00:00:00-04:00,3.1500000953674316,3.200000047683716,3.0999999046325684,3.1700000762939453,2.537876605987549,20100,0.0,0.0,FIX
2001-09-18 00:00:00-04:00,3.0999999046325684,3.0999999046325684,3.069999933242798,3.069999933242798,2.4578166007995605,23600,0.0,0.0,FIX
2001-09-19 00:00:00-04:00,3.049999952316284,3.1500000953674316,2.950000047683716,3.0,2.401775598526001,95000,0.0,0.0,FIX
2001-09-20 00:00:00-04:00,2.950000047683716,2.950000047683716,2.380000114440918,2.380000114440918,1.9054081439971924,64800,0.0,0.0,FIX
2001-09-21 00:00:00-04:00,2.380000114440918,2.380000114440918,2.0,2.1500000953674316,1.72127103805542,112800,0.0,0.0,FIX
2001-09-24 00:00:00-04:00,2.180000066757202,2.299999952316284,2.180000066757202,2.25,1.8013317584991455,233900,0.0,0.0,FIX
2001-09-25 00:00:00-04:00,2.25,2.299999952316284,2.2200000286102295,2.2799999713897705,1.8253487348556519,54400,0.0,0.0,FIX
2001-09-26 00:00:00-04:00,2.25,2.380000114440918,2.2200000286102295,2.299999952316284,1.8413609266281128,35500,0.0,0.0,FIX
2001-09-27 00:00:00-04:00,2.299999952316284,2.75,2.299999952316284,2.740000009536743,2.1936213970184326,43500,0.0,0.0,FIX
2001-09-28 00:00:00-04:00,2.799999952316284,3.0299999713897705,2.799999952316284,3.0199999809265137,2.417786121368408,129800,0.0,0.0,FIX
2001-10-01 00:00:00-04:00,3.0399999618530273,3.049999952316284,3.0199999809265137,3.0399999618530273,2.433798313140869,10100,0.0,0.0,FIX
2001-10-02 00:00:00-04:00,3.0399999618530273,3.0999999046325684,3.0299999713897705,3.0299999713897705,2.425792932510376,48400,0.0,0.0,FIX
2001-10-03 00:00:00-04:00,3.0,3.0,2.9200000762939453,2.940000057220459,2.353739023208618,52500,0.0,0.0,FIX
2001-10-04 00:00:00-04:00,2.9600000381469727,3.0,2.950000047683716,2.9800000190734863,2.385762929916382,57500,0.0,0.0,FIX
2001-10-05 00:00:00-04:00,2.940000057220459,2.950000047683716,2.9000000953674316,2.930000066757202,2.345733642578125,41400,0.0,0.0,FIX
2001-10-08 00:00:00-04:00,2.9000000953674316,2.950000047683716,2.8499999046325684,2.950000047683716,2.3617453575134277,37300,0.0,0.0,FIX
2001-10-09 00:00:00-04:00,2.930000066757202,2.930000066757202,2.799999952316284,2.799999952316284,2.241657018661499,73300,0.0,0.0,FIX
2001-10-10 00:00:00-04:00,2.799999952316284,2.799999952316284,2.630000114440918,2.630000114440918,2.1055569648742676,85600,0.0,0.0,FIX
2001-10-11 00:00:00-04:00,2.630000114440918,2.6500000953674316,2.5999999046325684,2.5999999046325684,2.081538677215576,144900,0.0,0.0,FIX
2001-10-12 00:00:00-04:00,2.5999999046325684,2.5999999046325684,2.549999952316284,2.5799999237060547,2.065526008605957,42800,0.0,0.0,FIX
2001-10-15 00:00:00-04:00,2.569999933242798,2.569999933242798,2.509999990463257,2.5299999713897705,2.0254971981048584,72200,0.0,0.0,FIX
2001-10-16 00:00:00-04:00,2.549999952316284,2.549999952316284,2.5,2.5,2.001479148864746,113400,0.0,0.0,FIX
2001-10-17 00:00:00-04:00,2.5,2.5,2.390000104904175,2.4000000953674316,1.921419620513916,242400,0.0,0.0,FIX
2001-10-18 00:00:00-04:00,2.4000000953674316,2.4000000953674316,2.2799999713897705,2.2899999618530273,1.833355188369751,166200,0.0,0.0,FIX
2001-10-19 00:00:00-04:00,2.299999952316284,2.319999933242798,2.299999952316284,2.319999933242798,1.8573719263076782,41600,0.0,0.0,FIX
2001-10-22 00:00:00-04:00,2.3399999141693115,2.369999885559082,2.309999942779541,2.369999885559082,1.8974026441574097,77200,0.0,0.0,FIX
2001-10-23 00:00:00-04:00,2.359999895095825,2.369999885559082,2.3499999046325684,2.369999885559082,1.8974026441574097,46300,0.0,0.0,FIX
2001-10-24 00:00:00-04:00,2.369999885559082,2.4100000858306885,2.369999885559082,2.4100000858306885,1.929425597190857,84100,0.0,0.0,FIX
2001-10-25 00:00:00-04:00,2.4200000762939453,2.5399999618530273,2.4200000762939453,2.5399999618530273,2.0335028171539307,55500,0.0,0.0,FIX
2001-10-26 00:00:00-04:00,2.5,2.5899999141693115,2.5,2.559999942779541,2.0495145320892334,56300,0.0,0.0,FIX
2001-10-29 00:00:00-05:00,2.5999999046325684,2.640000104904175,2.5999999046325684,2.640000104904175,2.113562822341919,107500,0.0,0.0,FIX
2001-10-30 00:00:00-05:00,2.640000104904175,2.640000104904175,2.5799999237060547,2.5799999237060547,2.065526008605957,42400,0.0,0.0,FIX
2001-10-31 00:00:00-05:00,2.5799999237060547,2.799999952316284,2.5799999237060547,2.799999952316284,2.241657018661499,154100,0.0,0.0,FIX
2001-11-01 00:00:00-05:00,2.799999952316284,3.0799999237060547,2.799999952316284,3.069999933242798,2.4578166007995605,72600,0.0,0.0,FIX
2001-11-02 00:00:00-05:00,3.0199999809265137,3.049999952316284,2.990000009536743,3.049999952316284,2.4418046474456787,49000,0.0,0.0,FIX
2001-11-05 00:00:00-05:00,3.0799999237060547,3.109999895095825,2.9700000286102295,2.990000009536743,2.3937690258026123,79700,0.0,0.0,FIX
2001-11-06 00:00:00-05:00,2.990000009536743,3.0,2.9600000381469727,2.9700000286102295,2.3777570724487305,44400,0.0,0.0,FIX
2001-11-07 00:00:00-05:00,2.9600000381469727,2.9700000286102295,2.930000066757202,2.930000066757202,2.345733642578125,31400,0.0,0.0,FIX
2001-11-08 00:00:00-05:00,2.950000047683716,2.950000047683716,2.9000000953674316,2.930000066757202,2.345733642578125,82500,0.0,0.0,FIX
2001-11-09 00:00:00-05:00,2.9600000381469727,2.9800000190734863,2.950000047683716,2.9800000190734863,2.385762929916382,39200,0.0,0.0,FIX
2001-11-12 00:00:00-05:00,2.9700000286102295,3.0,2.9700000286102295,3.0,2.401775598526001,39300,0.0,0.0,FIX
2001-11-13 00:00:00-05:00,3.0199999809265137,3.069999933242798,2.990000009536743,3.069999933242798,2.4578166007995605,259000,0.0,0.0,FIX
2001-11-14 00:00:00-05:00,3.25,3.549999952316284,3.009999990463257,3.0399999618530273,2.433798313140869,371600,0.0,0.0,FIX
2001-11-15 00:00:00-05:00,3.049999952316284,3.1500000953674316,3.049999952316284,3.049999952316284,2.4418046474456787,53400,0.0,0.0,FIX
2001-11-16 00:00:00-05:00,3.059999942779541,3.0899999141693115,2.950000047683716,2.9700000286102295,2.3777570724487305,134100,0.0,0.0,FIX
2001-11-19 00:00:00-05:00,3.0,3.0299999713897705,2.9800000190734863,3.0,2.401775598526001,80400,0.0,0.0,FIX
2001-11-20 00:00:00-05:00,3.0,3.059999942779541,3.0,3.0199999809265137,2.417786121368408,40000,0.0,0.0,FIX
2001-11-21 00:00:00-05:00,3.009999990463257,3.0199999809265137,2.9800000190734863,3.0,2.401775598526001,49900,0.0,0.0,FIX
2001-11-23 00:00:00-05:00,3.009999990463257,3.240000009536743,3.009999990463257,3.240000009536743,2.593916177749634,66800,0.0,0.0,FIX
2001-11-26 00:00:00-05:00,3.240000009536743,3.299999952316284,3.119999885559082,3.190000057220459,2.553887367248535,88800,0.0,0.0,FIX
2001-11-27 00:00:00-05:00,3.240000009536743,3.299999952316284,3.200000047683716,3.299999952316284,2.6419520378112793,76500,0.0,0.0,FIX
2001-11-28 00:00:00-05:00,3.2799999713897705,3.2899999618530273,3.25,3.25,2.6019227504730225,22000,0.0,0.0,FIX
2001-11-29 00:00:00-05:00,3.25,3.430000066757202,3.25,3.430000066757202,2.746029853820801,56100,0.0,0.0,FIX
2001-11-30 00:00:00-05:00,3.430000066757202,3.430000066757202,3.390000104904175,3.4000000953674316,2.7220120429992676,22700,0.0,0.0,FIX
2001-12-03 00:00:00-05:00,3.4000000953674316,3.4000000953674316,3.299999952316284,3.299999952316284,2.6419520378112793,36700,0.0,0.0,FIX
2001-12-04 00:00:00-05:00,3.3299999237060547,3.4100000858306885,3.3299999237060547,3.4000000953674316,2.7220120429992676,16900,0.0,0.0,FIX
2001-12-05 00:00:00-05:00,3.4000000953674316,3.4000000953674316,3.2899999618530273,3.3299999237060547,2.66597056388855,124900,0.0,0.0,FIX
2001-12-06 00:00:00-05:00,3.3499999046325684,3.380000114440918,3.299999952316284,3.380000114440918,2.7059996128082275,32300,0.0,0.0,FIX
2001-12-07 00:00:00-05:00,3.369999885559082,3.490000009536743,3.3499999046325684,3.450000047683716,2.762040138244629,153100,0.0,0.0,FIX
2001-12-10 00:00:00-05:00,3.430000066757202,3.450000047683716,3.3299999237060547,3.3299999237060547,2.66597056388855,53500,0.0,0.0,FIX
2001-12-11 00:00:00-05:00,3.3499999046325684,3.3499999046325684,3.200000047683716,3.25,2.6019227504730225,47600,0.0,0.0,FIX
2001-12-12 00:00:00-05:00,3.2200000286102295,3.2799999713897705,3.200000047683716,3.25,2.6019227504730225,38600,0.0,0.0,FIX
2001-12-13 00:00:00-05:00,3.2200000286102295,3.2899999618530273,3.200000047683716,3.25,2.6019227504730225,52700,0.0,0.0,FIX
2001-12-14 00:00:00-05:00,3.2200000286102295,3.25,3.200000047683716,3.200000047683716,2.5618934631347656,41600,0.0,0.0,FIX
2001-12-17 00:00:00-05:00,3.200000047683716,3.2300000190734863,3.190000057220459,3.2300000190734863,2.5859105587005615,31900,0.0,0.0,FIX
2001-12-18 00:00:00-05:00,3.2200000286102295,3.2899999618530273,3.200000047683716,3.25,2.6019227504730225,33300,0.0,0.0,FIX
2001-12-19 00:00:00-05:00,3.2300000190734863,3.240000009536743,3.2200000286102295,3.2300000190734863,2.5859105587005615,28700,0.0,0.0,FIX
2001-12-20 00:00:00-05:00,3.4000000953674316,3.4000000953674316,3.299999952316284,3.309999942779541,2.649959087371826,77000,0.0,0.0,FIX
2001-12-21 00:00:00-05:00,3.299999952316284,3.309999942779541,3.2799999713897705,3.2899999618530273,2.6339468955993652,43200,0.0,0.0,FIX
2001-12-24 00:00:00-05:00,3.2899999618530273,3.2899999618530273,3.25,3.2899999618530273,2.6339468955993652,11300,0.0,0.0,FIX
2001-12-26 00:00:00-05:00,3.2799999713897705,3.430000066757202,3.2699999809265137,3.380000114440918,2.7059996128082275,59600,0.0,0.0,FIX
2001-12-27 00:00:00-05:00,3.4000000953674316,3.490000009536743,3.390000104904175,3.430000066757202,2.746029853820801,109800,0.0,0.0,FIX
2001-12-28 00:00:00-05:00,3.440000057220459,3.609999895095825,3.440000057220459,3.609999895095825,2.890134811401367,80200,0.0,0.0,FIX
2001-12-31 00:00:00-05:00,3.5999999046325684,3.8399999141693115,3.5999999046325684,3.700000047683716,2.9621894359588623,182900,0.0,0.0,FIX
2002-01-02 00:00:00-05:00,3.700000047683716,3.7200000286102295,3.5999999046325684,3.6500000953674316,2.9221603870391846,67300,0.0,0.0,FIX
2002-01-03 00:00:00-05:00,3.6500000953674316,3.740000009536743,3.6500000953674316,3.7200000286102295,2.978200912475586,30800,0.0,0.0,FIX
2002-01-04 00:00:00-05:00,3.700000047683716,4.050000190734863,3.700000047683716,4.03000020980835,3.226384162902832,166100,0.0,0.0,FIX
2002-01-07 00:00:00-05:00,4.0,4.050000190734863,3.990000009536743,4.0,3.202366590499878,68000,0.0,0.0,FIX
2002-01-08 00:00:00-05:00,4.0,4.150000095367432,4.0,4.099999904632568,3.2824249267578125,66700,0.0,0.0,FIX
2002-01-09 00:00:00-05:00,4.099999904632568,4.559999942779541,4.099999904632568,4.449999809265137,3.5626320838928223,253500,0.0,0.0,FIX
2002-01-10 00:00:00-05:00,4.449999809265137,4.449999809265137,4.300000190734863,4.300000190734863,3.44254207611084,63200,0.0,0.0,FIX
2002-01-11 00:00:00-05:00,4.300000190734863,4.329999923706055,4.099999904632568,4.099999904632568,3.2824249267578125,79900,0.0,0.0,FIX
2002-01-14 00:00:00-05:00,4.079999923706055,4.079999923706055,3.799999952316284,4.019999980926514,3.2183778285980225,103300,0.0,0.0,FIX
2002-01-15 00:00:00-05:00,4.010000228881836,4.449999809265137,4.010000228881836,4.199999809265137,3.362485408782959,72000,0.0,0.0,FIX
2002-01-16 00:00:00-05:00,4.210000038146973,4.349999904632568,4.199999809265137,4.199999809265137,3.362485408782959,21000,0.0,0.0,FIX
2002-01-17 00:00:00-05:00,4.150000095367432,4.25,4.150000095367432,4.25,3.4025135040283203,8700,0.0,0.0,FIX
2002-01-18 00:00:00-05:00,4.300000190734863,4.300000190734863,3.5,3.7100000381469727,2.9701945781707764,352000,0.0,0.0,FIX
2002-01-22 00:00:00-05:00,3.759999990463257,4.039999961853027,3.75,4.0,3.202366590499878,101600,0.0,0.0,FIX
2002-01-23 00:00:00-05:00,4.03000020980835,4.03000020980835,3.880000114440918,3.9200000762939453,3.138320207595825,42700,0.0,0.0,FIX
2002-01-24 00:00:00-05:00,3.950000047683716,4.0,3.950000047683716,3.990000009536743,3.1943607330322266,12800,0.0,0.0,FIX
2002-01-25 00:00:00-05:00,3.950000047683716,4.0,3.9000000953674316,3.9000000953674316,3.122307538986206,32200,0.0,0.0,FIX
2002-01-28 00:00:00-05:00,3.930000066757202,3.950000047683716,3.890000104904175,3.890000104904175,3.114301919937134,28400,0.0,0.0,FIX
2002-01-29 00:00:00-05:00,3.950000047683716,3.950000047683716,3.799999952316284,3.8499999046325684,3.0822789669036865,31700,0.0,0.0,FIX
2002-01-30 00:00:00-05:00,3.8499999046325684,3.950000047683716,3.819999933242798,3.940000057220459,3.1543312072753906,69500,0.0,0.0,FIX
2002-01-31 00:00:00-05:00,3.940000057220459,4.21999979019165,3.940000057220459,4.119999885559082,3.29843807220459,126200,0.0,0.0,FIX
2002-02-01 00:00:00-05:00,4.150000095367432,4.199999809265137,4.119999885559082,4.199999809265137,3.362485408782959,29000,0.0,0.0,FIX
2002-02-04 00:00:00-05:00,4.179999828338623,4.179999828338623,4.050000190734863,4.059999942779541,3.2504019737243652,46700,0.0,0.0,FIX
2002-02-05 00:00:00-05:00,4.070000171661377,4.070000171661377,3.8399999141693115,3.9600000381469727,3.170342206954956,55900,0.0,0.0,FIX
2002-02-06 00:00:00-05:00,3.9600000381469727,4.099999904632568,3.950000047683716,4.039999961853027,3.234389543533325,39100,0.0,0.0,FIX
2002-02-07 00:00:00-05:00,4.099999904632568,4.150000095367432,4.050000190734863,4.050000190734863,3.242396354675293,35600,0.0,0.0,FIX
2002-02-08 00:00:00-05:00,4.079999923706055,4.079999923706055,3.869999885559082,3.9000000953674316,3.122307538986206,57200,0.0,0.0,FIX
2002-02-11 00:00:00-05:00,3.880000114440918,4.099999904632568,3.880000114440918,4.099999904632568,3.2824249267578125,88800,0.0,0.0,FIX
2002-02-12 00:00:00-05:00,4.199999809265137,4.460000038146973,3.75,3.9000000953674316,3.122307538986206,346900,0.0,0.0,FIX
2002-02-13 00:00:00-05:00,3.9000000953674316,3.990000009536743,3.799999952316284,3.940000057220459,3.1543312072753906,220300,0.0,0.0,FIX
2002-02-14 00:00:00-05:00,3.940000057220459,4.050000190734863,3.940000057220459,4.039999961853027,3.234389543533325,95100,0.0,0.0,FIX
2002-02-15 00:00:00-05:00,4.039999961853027,4.050000190734863,4.010000228881836,4.019999980926514,3.2183778285980225,26600,0.0,0.0,FIX
2002-02-19 00:00:00-05:00,4.03000020980835,4.03000020980835,3.950000047683716,4.019999980926514,3.2183778285980225,56000,0.0,0.0,FIX
2002-02-20 00:00:00-05:00,4.0,4.0,3.9000000953674316,3.9000000953674316,3.122307538986206,77600,0.0,0.0,FIX
2002-02-21 00:00:00-05:00,3.950000047683716,3.9800000190734863,3.8499999046325684,3.8499999046325684,3.0822789669036865,145300,0.0,0.0,FIX
2002-02-22 00:00:00-05:00,3.8499999046325684,3.8499999046325684,3.5,3.630000114440918,2.9061479568481445,110200,0.0,0.0,FIX
2002-02-25 00:00:00-05:00,3.6500000953674316,3.7300000190734863,3.630000114440918,3.630000114440918,2.9061479568481445,44400,0.0,0.0,FIX
2002-02-26 00:00:00-05:00,3.700000047683716,3.9000000953674316,3.700000047683716,3.9000000953674316,3.122307538986206,103200,0.0,0.0,FIX
2002-02-27 00:00:00-05:00,3.9000000953674316,3.9000000953674316,3.8499999046325684,3.869999885559082,3.098289728164673,43400,0.0,0.0,FIX
2002-02-28 00:00:00-05:00,3.9000000953674316,3.930000066757202,3.9000000953674316,3.9000000953674316,3.122307538986206,46900,0.0,0.0,FIX
2002-03-01 00:00:00-05:00,3.9000000953674316,4.019999980926514,3.9000000953674316,4.0,3.202366590499878,77200,0.0,0.0,FIX
2002-03-04 00:00:00-05:00,3.9800000190734863,4.010000228881836,3.9200000762939453,3.9800000190734863,3.1863551139831543,88900,0.0,0.0,FIX
2002-03-05 00:00:00-05:00,3.9800000190734863,4.190000057220459,3.950000047683716,4.179999828338623,3.3464722633361816,197100,0.0,0.0,FIX
2002-03-06 00:00:00-05:00,4.179999828338623,4.179999828338623,3.8499999046325684,3.9000000953674316,3.122307538986206,143300,0.0,0.0,FIX
2002-03-07 00:00:00-05:00,3.9000000953674316,4.019999980926514,3.8499999046325684,4.0,3.202366590499878,159300,0.0,0.0,FIX
2002-03-08 00:00:00-05:00,3.9800000190734863,4.039999961853027,3.8499999046325684,4.0,3.202366590499878,86000,0.0,0.0,FIX
2002-03-11 00:00:00-05:00,4.039999961853027,4.099999904632568,4.010000228881836,4.070000171661377,3.2584078311920166,62600,0.0,0.0,FIX
2002-03-12 00:00:00-05:00,4.050000190734863,4.150000095367432,4.0,4.110000133514404,3.2904322147369385,50300,0.0,0.0,FIX
2002-03-13 00:00:00-05:00,4.099999904632568,4.139999866485596,3.8499999046325684,3.9000000953674316,3.122307538986206,92700,0.0,0.0,FIX
2002-03-14 00:00:00-05:00,3.950000047683716,3.950000047683716,3.9000000953674316,3.9000000953674316,3.122307538986206,22400,0.0,0.0,FIX
2002-03-15 00:00:00-05:00,3.880000114440918,3.950000047683716,3.75,3.75,3.00221848487854,45100,0.0,0.0,FIX
2002-03-18 00:00:00-05:00,3.7799999713897705,3.890000104904175,3.7799999713897705,3.809999942779541,3.0502541065216064,16200,0.0,0.0,FIX
2002-03-19 00:00:00-05:00,3.809999942779541,3.819999933242798,3.75,3.799999952316284,3.0422475337982178,18500,0.0,0.0,FIX
2002-03-20 00:00:00-05:00,3.75,3.8499999046325684,3.75,3.8499999046325684,3.0822789669036865,18500,0.0,0.0,FIX
2002-03-21 00:00:00-05:00,3.819999933242798,3.890000104904175,3.819999933242798,3.859999895095825,3.090282678604126,35200,0.0,0.0,FIX
2002-03-22 00:00:00-05:00,3.859999895095825,3.9000000953674316,3.859999895095825,3.890000104904175,3.114301919937134,14000,0.0,0.0,FIX
2002-03-25 00:00:00-05:00,3.9000000953674316,4.010000228881836,3.859999895095825,4.010000228881836,3.2103724479675293,288400,0.0,0.0,FIX
2002-03-26 00:00:00-05:00,4.039999961853027,4.179999828338623,4.0,4.099999904632568,3.2824249267578125,211200,0.0,0.0,FIX
2002-03-27 00:00:00-05:00,4.150000095367432,4.25,4.079999923706055,4.150000095367432,3.322456121444702,212100,0.0,0.0,FIX
2002-03-28 00:00:00-05:00,4.170000076293945,4.190000057220459,4.03000020980835,4.130000114440918,3.3064424991607666,118100,0.0,0.0,FIX
2002-04-01 00:00:00-05:00,4.170000076293945,4.170000076293945,4.050000190734863,4.059999942779541,3.2504019737243652,49400,0.0,0.0,FIX
2002-04-02 00:00:00-05:00,4.050000190734863,4.190000057220459,4.050000190734863,4.179999828338623,3.3464722633361816,224200,0.0,0.0,FIX
2002-04-03 00:00:00-05:00,4.150000095367432,4.71999979019165,4.150000095367432,4.71999979019165,3.7787933349609375,666200,0.0,0.0,FIX
2002-04-04 00:00:00-05:00,4.670000076293945,4.690000057220459,4.5,4.559999942779541,3.6506974697113037,167100,0.0,0.0,FIX
2002-04-05 00:00:00-05:00,4.550000190734863,4.610000133514404,4.460000038146973,4.489999771118164,3.5946552753448486,222900,0.0,0.0,FIX
2002-04-08 00:00:00-04:00,4.489999771118164,4.71999979019165,4.460000038146973,4.71999979019165,3.7787933349609375,380700,0.0,0.0,FIX
2002-04-09 00:00:00-04:00,4.75,4.989999771118164,4.75,4.880000114440918,3.906888723373413,527300,0.0,0.0,FIX
2002-04-10 00:00:00-04:00,4.880000114440918,4.949999809265137,4.849999904632568,4.940000057220459,3.954922676086426,373900,0.0,0.0,FIX
2002-04-11 00:00:00-04:00,4.929999828338623,4.940000057220459,4.849999904632568,4.900000095367432,3.9228994846343994,167000,0.0,0.0,FIX
2002-04-12 00:00:00-04:00,4.940000057220459,4.980000019073486,4.599999904632568,4.710000038146973,3.7707855701446533,294100,0.0,0.0,FIX
2002-04-15 00:00:00-04:00,4.75,4.849999904632568,4.630000114440918,4.829999923706055,3.866856813430786,351300,0.0,0.0,FIX
2002-04-16 00:00:00-04:00,4.75,4.900000095367432,4.550000190734863,4.889999866485596,3.9148921966552734,230600,0.0,0.0,FIX
2002-04-17 00:00:00-04:00,4.900000095367432,4.980000019073486,4.849999904632568,4.900000095367432,3.9228994846343994,367400,0.0,0.0,FIX
2002-04-18 00:00:00-04:00,4.900000095367432,4.900000095367432,4.820000171661377,4.900000095367432,3.9228994846343994,98000,0.0,0.0,FIX
2002-04-19 00:00:00-04:00,4.900000095367432,4.900000095367432,4.78000020980835,4.789999961853027,3.834834098815918,99000,0.0,0.0,FIX
2002-04-22 00:00:00-04:00,4.75,4.880000114440918,4.650000095367432,4.849999904632568,3.8828718662261963,109800,0.0,0.0,FIX
2002-04-23 00:00:00-04:00,4.849999904632568,4.860000133514404,4.800000190734863,4.849999904632568,3.8828718662261963,110600,0.0,0.0,FIX
2002-04-24 00:00:00-04:00,4.849999904632568,4.849999904632568,4.820000171661377,4.849999904632568,3.8828718662261963,155200,0.0,0.0,FIX
2002-04-25 00:00:00-04:00,4.789999961853027,4.840000152587891,4.699999809265137,4.840000152587891,3.8748629093170166,53200,0.0,0.0,FIX
2002-04-26 00:00:00-04:00,4.769999980926514,4.860000133514404,4.769999980926514,4.849999904632568,3.8828718662261963,163900,0.0,0.0,FIX
2002-04-29 00:00:00-04:00,4.869999885559082,4.900000095367432,4.599999904632568,4.760000228881836,3.8108162879943848,126000,0.0,0.0,FIX
2002-04-30 00:00:00-04:00,4.800000190734863,4.800000190734863,4.650000095367432,4.699999809265137,3.762779712677002,134900,0.0,0.0,FIX
2002-05-01 00:00:00-04:00,4.699999809265137,4.699999809265137,4.380000114440918,4.449999809265137,3.5626320838928223,190500,0.0,0.0,FIX
2002-05-02 00:00:00-04:00,4.449999809265137,4.46999979019165,4.380000114440918,4.380000114440918,3.5065908432006836,79500,0.0,0.0,FIX
2002-05-03 00:00:00-04:00,4.360000133514404,4.550000190734863,4.300000190734863,4.400000095367432,3.522601842880249,90500,0.0,0.0,FIX
2002-05-06 00:00:00-04:00,4.400000095367432,4.559999942779541,4.340000152587891,4.380000114440918,3.5065908432006836,66800,0.0,0.0,FIX
2002-05-07 00:00:00-04:00,4.449999809265137,4.46999979019165,3.9000000953674316,3.9000000953674316,3.122307538986206,122300,0.0,0.0,FIX
2002-05-08 00:00:00-04:00,3.9800000190734863,4.139999866485596,3.9000000953674316,4.139999866485596,3.314448833465576,127000,0.0,0.0,FIX
2002-05-09 00:00:00-04:00,4.119999885559082,4.199999809265137,4.110000133514404,4.199999809265137,3.362485408782959,78700,0.0,0.0,FIX
2002-05-10 00:00:00-04:00,4.199999809265137,4.389999866485596,4.119999885559082,4.360000133514404,3.4905800819396973,60300,0.0,0.0,FIX
2002-05-13 00:00:00-04:00,4.320000171661377,4.320000171661377,4.269999980926514,4.300000190734863,3.44254207611084,37500,0.0,0.0,FIX
2002-05-14 00:00:00-04:00,4.349999904632568,4.550000190734863,4.300000190734863,4.510000228881836,3.6106674671173096,369100,0.0,0.0,FIX
2002-05-15 00:00:00-04:00,4.269999980926514,4.5,4.150000095367432,4.420000076293945,3.538616180419922,316200,0.0,0.0,FIX
2002-05-16 00:00:00-04:00,4.5,4.75,4.449999809265137,4.739999771118164,3.7948052883148193,132100,0.0,0.0,FIX
2002-05-17 00:00:00-04:00,4.800000190734863,4.980000019073486,4.75,4.929999828338623,3.9469189643859863,192000,0.0,0.0,FIX
2002-05-20 00:00:00-04:00,4.909999847412109,4.909999847412109,4.789999961853027,4.900000095367432,3.9228994846343994,120500,0.0,0.0,FIX
2002-05-21 00:00:00-04:00,4.900000095367432,4.900000095367432,4.760000228881836,4.800000190734863,3.842839241027832,80800,0.0,0.0,FIX
2002-05-22 00:00:00-04:00,4.800000190734863,4.800000190734863,4.699999809265137,4.730000019073486,3.786799669265747,94000,0.0,0.0,FIX
2002-05-23 00:00:00-04:00,4.710000038146973,4.769999980926514,4.699999809265137,4.769999980926514,3.818822145462036,53700,0.0,0.0,FIX
2002-05-24 00:00:00-04:00,4.760000228881836,4.900000095367432,4.599999904632568,4.599999904632568,3.6827218532562256,94200,0.0,0.0,FIX
2002-05-28 00:00:00-04:00,4.599999904632568,4.739999771118164,4.599999904632568,4.739999771118164,3.7948052883148193,69700,0.0,0.0,FIX
2002-05-29 00:00:00-04:00,4.730000019073486,4.739999771118164,4.599999904632568,4.71999979019165,3.7787933349609375,28700,0.0,0.0,FIX
2002-05-30 00:00:00-04:00,4.71999979019165,4.730000019073486,4.539999961853027,4.650000095367432,3.722752332687378,31100,0.0,0.0,FIX
2002-05-31 00:00:00-04:00,4.630000114440918,4.699999809265137,4.610000133514404,4.699999809265137,3.762779712677002,19500,0.0,0.0,FIX
2002-06-03 00:00:00-04:00,4.730000019073486,4.730000019073486,4.400000095367432,4.440000057220459,3.5546276569366455,31300,0.0,0.0,FIX
2002-06-04 00:00:00-04:00,4.449999809265137,4.449999809265137,4.239999771118164,4.260000228881836,3.4105215072631836,48400,0.0,0.0,FIX
2002-06-05 00:00:00-04:00,4.230000019073486,4.230000019073486,4.050000190734863,4.050000190734863,3.242396354675293,55700,0.0,0.0,FIX
2002-06-06 00:00:00-04:00,4.059999942779541,4.309999942779541,4.050000190734863,4.230000019073486,3.386502981185913,35800,0.0,0.0,FIX
2002-06-07 00:00:00-04:00,4.199999809265137,4.389999866485596,4.199999809265137,4.389999866485596,3.514596462249756,10700,0.0,0.0,FIX
2002-06-10 00:00:00-04:00,4.349999904632568,4.449999809265137,4.349999904632568,4.429999828338623,3.5466201305389404,22900,0.0,0.0,FIX
2002-06-11 00:00:00-04:00,4.449999809265137,4.599999904632568,4.429999828338623,4.550000190734863,3.6426918506622314,34400,0.0,0.0,FIX
2002-06-12 00:00:00-04:00,4.550000190734863,4.75,4.480000019073486,4.690000057220459,3.7547738552093506,54400,0.0,0.0,FIX
2002-06-13 00:00:00-04:00,4.690000057220459,4.75,4.659999847412109,4.699999809265137,3.762779712677002,93000,0.0,0.0,FIX
2002-06-14 00:00:00-04:00,4.699999809265137,4.710000038146973,4.650000095367432,4.690000057220459,3.7547738552093506,40300,0.0,0.0,FIX
2002-06-17 00:00:00-04:00,4.690000057220459,4.96999979019165,4.679999828338623,4.880000114440918,3.906888723373413,183600,0.0,0.0,FIX
2002-06-18 00:00:00-04:00,4.880000114440918,4.940000057220459,4.829999923706055,4.900000095367432,3.9228994846343994,393800,0.0,0.0,FIX
2002-06-19 00:00:00-04:00,4.860000133514404,4.860000133514404,4.550000190734863,4.610000133514404,3.6907267570495605,92500,0.0,0.0,FIX
2002-06-20 00:00:00-04:00,4.650000095367432,4.929999828338623,4.650000095367432,4.840000152587891,3.8748629093170166,85700,0.0,0.0,FIX
2002-06-21 00:00:00-04:00,4.849999904632568,4.920000076293945,4.820000171661377,4.889999866485596,3.9148921966552734,92700,0.0,0.0,FIX
2002-06-24 00:00:00-04:00,4.909999847412109,4.909999847412109,4.800000190734863,4.900000095367432,3.9228994846343994,85700,0.0,0.0,FIX
2002-06-25 00:00:00-04:00,4.900000095367432,5.0,4.440000057220459,4.449999809265137,3.5626320838928223,332600,0.0,0.0,FIX
2002-06-26 00:00:00-04:00,4.449999809265137,4.599999904632568,4.400000095367432,4.599999904632568,3.6827218532562256,186400,0.0,0.0,FIX
2002-06-27 00:00:00-04:00,4.550000190734863,4.929999828338623,4.489999771118164,4.849999904632568,3.8828718662261963,471700,0.0,0.0,FIX
2002-06-28 00:00:00-04:00,4.849999904632568,4.96999979019165,4.800000190734863,4.96999979019165,3.978940486907959,1308200,0.0,0.0,FIX
2002-07-01 00:00:00-04:00,4.96999979019165,4.96999979019165,4.71999979019165,4.800000190734863,3.842839241027832,78900,0.0,0.0,FIX
2002-07-02 00:00:00-04:00,4.800000190734863,4.800000190734863,4.650000095367432,4.679999828338623,3.7467684745788574,78600,0.0,0.0,FIX
2002-07-03 00:00:00-04:00,4.5,4.599999904632568,4.449999809265137,4.5,3.602663516998291,91800,0.0,0.0,FIX
2002-07-05 00:00:00-04:00,4.510000228881836,4.539999961853027,4.480000019073486,4.5,3.602663516998291,19600,0.0,0.0,FIX
2002-07-08 00:00:00-04:00,4.449999809265137,4.550000190734863,4.449999809265137,4.489999771118164,3.5946552753448486,181400,0.0,0.0,FIX
2002-07-09 00:00:00-04:00,4.5,4.5,4.380000114440918,4.5,3.602663516998291,78200,0.0,0.0,FIX
2002-07-10 00:00:00-04:00,4.420000076293945,4.420000076293945,4.050000190734863,4.130000114440918,3.3064424991607666,122300,0.0,0.0,FIX
2002-07-11 00:00:00-04:00,4.090000152587891,4.090000152587891,3.640000104904175,3.8299999237060547,3.0662646293640137,136500,0.0,0.0,FIX
2002-07-12 00:00:00-04:00,3.9000000953674316,4.0,3.799999952316284,4.0,3.202366590499878,133200,0.0,0.0,FIX
2002-07-15 00:00:00-04:00,4.0,4.0,3.6500000953674316,4.0,3.202366590499878,100600,0.0,0.0,FIX
2002-07-16 00:00:00-04:00,3.9200000762939453,3.9200000762939453,3.549999952316284,3.549999952316284,2.8421008586883545,82300,0.0,0.0,FIX
2002-07-17 00:00:00-04:00,3.549999952316284,3.950000047683716,3.549999952316284,3.950000047683716,3.1623375415802,70800,0.0,0.0,FIX
2002-07-18 00:00:00-04:00,3.9800000190734863,3.9800000190734863,3.5999999046325684,3.5999999046325684,2.8821299076080322,64200,0.0,0.0,FIX
2002-07-19 00:00:00-04:00,3.5199999809265137,3.5199999809265137,3.2200000286102295,3.4000000953674316,2.7220120429992676,174600,0.0,0.0,FIX
2002-07-22 00:00:00-04:00,3.4100000858306885,3.4200000762939453,3.2899999618530273,3.2899999618530273,2.6339468955993652,60400,0.0,0.0,FIX
2002-07-23 00:00:00-04:00,3.3499999046325684,3.4000000953674316,2.5,3.190000057220459,2.553887367248535,146100,0.0,0.0,FIX
2002-07-24 00:00:00-04:00,3.1700000762939453,3.549999952316284,3.059999942779541,3.549999952316284,2.8421008586883545,61000,0.0,0.0,FIX
2002-07-25 00:00:00-04:00,3.5,3.5,3.259999990463257,3.5,2.8020715713500977,44300,0.0,0.0,FIX
2002-07-26 00:00:00-04:00,3.5999999046325684,3.8299999237060547,3.5999999046325684,3.6700000762939453,2.938170909881592,62200,0.0,0.0,FIX
2002-07-29 00:00:00-04:00,3.5999999046325684,3.8499999046325684,3.5999999046325684,3.8299999237060547,3.0662646293640137,104200,0.0,0.0,FIX
2002-07-30 00:00:00-04:00,3.880000114440918,3.880000114440918,3.5999999046325684,3.6500000953674316,2.9221603870391846,53000,0.0,0.0,FIX
2002-07-31 00:00:00-04:00,3.3499999046325684,3.9100000858306885,3.059999942779541,3.700000047683716,2.9621894359588623,131700,0.0,0.0,FIX
2002-08-01 00:00:00-04:00,3.700000047683716,3.7799999713897705,3.5799999237060547,3.7799999713897705,3.0262365341186523,95900,0.0,0.0,FIX
2002-08-02 00:00:00-04:00,3.75,3.7799999713897705,3.190000057220459,3.2200000286102295,2.5779049396514893,54100,0.0,0.0,FIX
2002-08-05 00:00:00-04:00,3.2699999809265137,3.2699999809265137,3.180000066757202,3.180000066757202,2.545881509780884,49200,0.0,0.0,FIX
2002-08-06 00:00:00-04:00,3.200000047683716,3.3499999046325684,3.1700000762939453,3.3499999046325684,2.6819820404052734,30000,0.0,0.0,FIX
2002-08-07 00:00:00-04:00,3.3499999046325684,3.75,3.3499999046325684,3.690000057220459,2.9541828632354736,52800,0.0,0.0,FIX
2002-08-08 00:00:00-04:00,3.609999895095825,3.740000009536743,3.5999999046325684,3.740000009536743,2.9942119121551514,16300,0.0,0.0,FIX
2002-08-09 00:00:00-04:00,3.6500000953674316,3.700000047683716,3.0,3.25,2.6019227504730225,106100,0.0,0.0,FIX
2002-08-12 00:00:00-04:00,3.180000066757202,3.3399999141693115,3.069999933242798,3.3399999141693115,2.673975944519043,110400,0.0,0.0,FIX
2002-08-13 00:00:00-04:00,3.380000114440918,3.4100000858306885,3.200000047683716,3.200000047683716,2.5618934631347656,35700,0.0,0.0,FIX
2002-08-14 00:00:00-04:00,3.5,3.5,3.25,3.359999895095825,2.6899869441986084,82000,0.0,0.0,FIX
2002-08-15 00:00:00-04:00,3.359999895095825,3.359999895095825,3.2300000190734863,3.2799999713897705,2.625941038131714,68100,0.0,0.0,FIX
2002-08-16 00:00:00-04:00,3.2699999809265137,3.450000047683716,3.25,3.319999933242798,2.6579627990722656,80300,0.0,0.0,FIX
2002-08-19 00:00:00-04:00,3.2799999713897705,3.380000114440918,3.25,3.25,2.6019227504730225,53200,0.0,0.0,FIX
2002-08-20 00:00:00-04:00,3.200000047683716,3.240000009536743,2.799999952316284,3.0899999141693115,2.4738283157348633,279100,0.0,0.0,FIX
2002-08-21 00:00:00-04:00,3.1500000953674316,3.2699999809265137,3.1500000953674316,3.2300000190734863,2.5859105587005615,37000,0.0,0.0,FIX
2002-08-22 00:00:00-04:00,3.25,3.3299999237060547,3.2100000381469727,3.2100000381469727,2.569899320602417,53500,0.0,0.0,FIX
2002-08-23 00:00:00-04:00,3.200000047683716,3.25,3.140000104904175,3.140000104904175,2.513857126235962,54200,0.0,0.0,FIX
2002-08-26 00:00:00-04:00,3.140000104904175,3.2699999809265137,3.130000114440918,3.200000047683716,2.5618934631347656,71400,0.0,0.0,FIX
2002-08-27 00:00:00-04:00,3.180000066757202,3.25,3.059999942779541,3.1700000762939453,2.537876605987549,38600,0.0,0.0,FIX
2002-08-28 00:00:00-04:00,3.1500000953674316,3.1700000762939453,3.069999933242798,3.1500000953674316,2.5218636989593506,89700,0.0,0.0,FIX
2002-08-29 00:00:00-04:00,3.0999999046325684,3.200000047683716,3.069999933242798,3.180000066757202,2.545881509780884,146800,0.0,0.0,FIX
2002-08-30 00:00:00-04:00,3.1600000858306885,3.2300000190734863,3.109999895095825,3.1500000953674316,2.5218636989593506,23300,0.0,0.0,FIX
2002-09-03 00:00:00-04:00,3.1500000953674316,3.1500000953674316,3.049999952316284,3.0999999046325684,2.4818334579467773,39600,0.0,0.0,FIX
2002-09-04 00:00:00-04:00,3.0999999046325684,3.390000104904175,3.0999999046325684,3.390000104904175,2.714005708694458,99600,0.0,0.0,FIX
2002-09-05 00:00:00-04:00,3.4000000953674316,3.4000000953674316,3.299999952316284,3.299999952316284,2.6419520378112793,22500,0.0,0.0,FIX
2002-09-06 00:00:00-04:00,3.299999952316284,3.380000114440918,3.2200000286102295,3.380000114440918,2.7059996128082275,18300,0.0,0.0,FIX
2002-09-09 00:00:00-04:00,3.4000000953674316,3.440000057220459,3.200000047683716,3.319999933242798,2.6579627990722656,39900,0.0,0.0,FIX
2002-09-10 00:00:00-04:00,3.369999885559082,3.380000114440918,3.130000114440918,3.299999952316284,2.6419520378112793,36200,0.0,0.0,FIX
2002-09-11 00:00:00-04:00,3.3499999046325684,3.4000000953674316,3.2200000286102295,3.25,2.6019227504730225,13100,0.0,0.0,FIX
2002-09-12 00:00:00-04:00,3.2100000381469727,3.259999990463257,3.180000066757202,3.2100000381469727,2.569899320602417,43200,0.0,0.0,FIX
2002-09-13 00:00:00-04:00,3.2100000381469727,3.4000000953674316,3.2100000381469727,3.3499999046325684,2.6819820404052734,21500,0.0,0.0,FIX
2002-09-16 00:00:00-04:00,3.3499999046325684,3.3499999046325684,3.200000047683716,3.3399999141693115,2.673975944519043,25700,0.0,0.0,FIX
2002-09-17 00:00:00-04:00,3.3299999237060547,3.3299999237060547,3.200000047683716,3.2200000286102295,2.5779049396514893,22300,0.0,0.0,FIX
2002-09-18 00:00:00-04:00,3.180000066757202,3.2899999618530273,3.180000066757202,3.2100000381469727,2.569899320602417,21800,0.0,0.0,FIX
2002-09-19 00:00:00-04:00,3.2899999618530273,3.2899999618530273,3.190000057220459,3.200000047683716,2.5618934631347656,63800,0.0,0.0,FIX
2002-09-20 00:00:00-04:00,3.2899999618530273,3.299999952316284,3.1500000953674316,3.190000057220459,2.553887367248535,93100,0.0,0.0,FIX
2002-09-23 00:00:00-04:00,3.200000047683716,3.2200000286102295,3.119999885559082,3.119999885559082,2.4978458881378174,61300,0.0,0.0,FIX
2002-09-24 00:00:00-04:00,3.119999885559082,3.2300000190734863,3.0999999046325684,3.190000057220459,2.553887367248535,76400,0.0,0.0,FIX
2002-09-25 00:00:00-04:00,3.0999999046325684,3.25,3.0999999046325684,3.25,2.6019227504730225,41500,0.0,0.0,FIX
2002-09-26 00:00:00-04:00,3.299999952316284,3.299999952316284,3.059999942779541,3.140000104904175,2.513857126235962,35300,0.0,0.0,FIX
2002-09-27 00:00:00-04:00,3.119999885559082,3.119999885559082,3.0399999618530273,3.049999952316284,2.4418046474456787,54700,0.0,0.0,FIX
2002-09-30 00:00:00-04:00,3.0,3.049999952316284,3.0,3.0399999618530273,2.433798313140869,53600,0.0,0.0,FIX
2002-10-01 00:00:00-04:00,3.0399999618530273,3.049999952316284,2.9200000762939453,2.940000057220459,2.353739023208618,129900,0.0,0.0,FIX
2002-10-02 00:00:00-04:00,2.930000066757202,3.009999990463257,2.9200000762939453,2.9200000762939453,2.3377277851104736,53000,0.0,0.0,FIX
2002-10-03 00:00:00-04:00,2.930000066757202,2.950000047683716,2.9000000953674316,2.9100000858306885,2.3297228813171387,45400,0.0,0.0,FIX
2002-10-04 00:00:00-04:00,2.9100000858306885,2.9200000762939453,2.759999990463257,2.759999990463257,2.2096335887908936,72000,0.0,0.0,FIX
2002-10-07 00:00:00-04:00,2.75,2.8299999237060547,2.700000047683716,2.7200000286102295,2.17760968208313,76200,0.0,0.0,FIX
2002-10-08 00:00:00-04:00,2.700000047683716,2.75,2.6500000953674316,2.75,2.2016279697418213,89200,0.0,0.0,FIX
2002-10-09 00:00:00-04:00,2.700000047683716,2.9600000381469727,2.6500000953674316,2.6500000953674316,2.121567964553833,56300,0.0,0.0,FIX
2002-10-10 00:00:00-04:00,2.6500000953674316,2.75,2.6500000953674316,2.7100000381469727,2.1696033477783203,39500,0.0,0.0,FIX
2002-10-11 00:00:00-04:00,2.700000047683716,2.7899999618530273,2.700000047683716,2.740000009536743,2.1936213970184326,24400,0.0,0.0,FIX
2002-10-14 00:00:00-04:00,2.740000009536743,2.7899999618530273,2.6700000762939453,2.6700000762939453,2.1375794410705566,14900,0.0,0.0,FIX
2002-10-15 00:00:00-04:00,2.700000047683716,2.9000000953674316,2.700000047683716,2.7699999809265137,2.217637777328491,48300,0.0,0.0,FIX
2002-10-16 00:00:00-04:00,2.700000047683716,2.700000047683716,2.6500000953674316,2.680000066757202,2.145585298538208,33700,0.0,0.0,FIX
2002-10-17 00:00:00-04:00,2.680000066757202,2.740000009536743,2.6700000762939453,2.740000009536743,2.1936213970184326,20900,0.0,0.0,FIX
2002-10-18 00:00:00-04:00,2.75,3.0,2.7200000286102295,2.9000000953674316,2.321716070175171,48400,0.0,0.0,FIX
2002-10-21 00:00:00-04:00,2.9000000953674316,2.9200000762939453,2.8499999046325684,2.9000000953674316,2.321716070175171,8800,0.0,0.0,FIX
2002-10-22 00:00:00-04:00,2.9000000953674316,2.950000047683716,2.8499999046325684,2.9100000858306885,2.3297228813171387,38900,0.0,0.0,FIX
2002-10-23 00:00:00-04:00,2.9000000953674316,3.049999952316284,2.9000000953674316,3.0399999618530273,2.433798313140869,50000,0.0,0.0,FIX
2002-10-24 00:00:00-04:00,3.0,3.0799999237060547,3.0,3.0199999809265137,2.417786121368408,51600,0.0,0.0,FIX
2002-10-25 00:00:00-04:00,3.0999999046325684,3.4800000190734863,3.009999990463257,3.4800000190734863,2.7860586643218994,44400,0.0,0.0,FIX
2002-10-28 00:00:00-05:00,3.4800000190734863,3.4800000190734863,3.299999952316284,3.299999952316284,2.6419520378112793,18800,0.0,0.0,FIX
2002-10-29 00:00:00-05:00,3.2300000190734863,3.240000009536743,3.009999990463257,3.240000009536743,2.593916177749634,26600,0.0,0.0,FIX
2002-10-30 00:00:00-05:00,3.2300000190734863,3.2799999713897705,3.130000114440918,3.240000009536743,2.593916177749634,18500,0.0,0.0,FIX
2002-10-31 00:00:00-05:00,3.200000047683716,3.319999933242798,3.1600000858306885,3.299999952316284,2.6419520378112793,11700,0.0,0.0,FIX
2002-11-01 00:00:00-05:00,3.299999952316284,3.440000057220459,3.2899999618530273,3.390000104904175,2.714005708694458,34300,0.0,0.0,FIX
2002-11-04 00:00:00-05:00,3.390000104904175,3.490000009536743,3.3499999046325684,3.490000009536743,2.794064521789551,19900,0.0,0.0,FIX
2002-11-05 00:00:00-05:00,3.4800000190734863,3.4800000190734863,3.25,3.2899999618530273,2.6339468955993652,153400,0.0,0.0,FIX
2002-11-06 00:00:00-05:00,3.299999952316284,3.299999952316284,3.190000057220459,3.25,2.6019227504730225,68100,0.0,0.0,FIX
2002-11-07 00:00:00-05:00,3.240000009536743,3.259999990463257,3.2200000286102295,3.240000009536743,2.593916177749634,63900,0.0,0.0,FIX
2002-11-08 00:00:00-05:00,3.140000104904175,3.140000104904175,2.9600000381469727,3.0,2.401775598526001,96700,0.0,0.0,FIX
2002-11-11 00:00:00-05:00,3.0,3.0299999713897705,2.950000047683716,2.950000047683716,2.3617453575134277,36800,0.0,0.0,FIX
2002-11-12 00:00:00-05:00,2.990000009536743,3.119999885559082,2.990000009536743,3.119999885559082,2.4978458881378174,49800,0.0,0.0,FIX
2002-11-13 00:00:00-05:00,3.0799999237060547,3.240000009536743,3.049999952316284,3.200000047683716,2.5618934631347656,63400,0.0,0.0,FIX
2002-11-14 00:00:00-05:00,3.200000047683716,3.3499999046325684,3.049999952316284,3.2200000286102295,2.5779049396514893,42900,0.0,0.0,FIX
2002-11-15 00:00:00-05:00,3.2100000381469727,3.299999952316284,3.180000066757202,3.190000057220459,2.553887367248535,17900,0.0,0.0,FIX
2002-11-18 00:00:00-05:00,3.240000009536743,3.25,3.009999990463257,3.0299999713897705,2.425792932510376,44700,0.0,0.0,FIX
2002-11-19 00:00:00-05:00,3.0399999618530273,3.1500000953674316,3.0299999713897705,3.0399999618530273,2.433798313140869,58900,0.0,0.0,FIX
2002-11-20 00:00:00-05:00,3.009999990463257,3.049999952316284,2.990000009536743,3.0,2.401775598526001,104700,0.0,0.0,FIX
2002-11-21 00:00:00-05:00,3.0,3.0,2.950000047683716,3.0,2.401775598526001,49400,0.0,0.0,FIX
2002-11-22 00:00:00-05:00,3.0,3.049999952316284,2.950000047683716,2.990000009536743,2.3937690258026123,79100,0.0,0.0,FIX
2002-11-25 00:00:00-05:00,2.9600000381469727,3.180000066757202,2.950000047683716,3.119999885559082,2.4978458881378174,71100,0.0,0.0,FIX
2002-11-26 00:00:00-05:00,3.1500000953674316,3.190000057220459,3.0999999046325684,3.190000057220459,2.553887367248535,38000,0.0,0.0,FIX
2002-11-27 00:00:00-05:00,3.190000057220459,3.4200000762939453,3.0999999046325684,3.4200000762939453,2.738023519515991,55700,0.0,0.0,FIX
2002-11-29 00:00:00-05:00,3.359999895095825,3.4000000953674316,3.0999999046325684,3.1500000953674316,2.5218636989593506,15600,0.0,0.0,FIX
2002-12-02 00:00:00-05:00,3.1500000953674316,3.3399999141693115,3.0999999046325684,3.3399999141693115,2.673975944519043,21800,0.0,0.0,FIX
2002-12-03 00:00:00-05:00,3.2799999713897705,3.299999952316284,3.119999885559082,3.180000066757202,2.545881509780884,17500,0.0,0.0,FIX
2002-12-04 00:00:00-05:00,3.1500000953674316,3.319999933242798,3.1500000953674316,3.2899999618530273,2.6339468955993652,34100,0.0,0.0,FIX
2002-12-05 00:00:00-05:00,3.25,3.25,3.059999942779541,3.0799999237060547,2.4658219814300537,15100,0.0,0.0,FIX
2002-12-06 00:00:00-05:00,3.180000066757202,3.299999952316284,3.119999885559082,3.119999885559082,2.4978458881378174,35000,0.0,0.0,FIX
2002-12-09 00:00:00-05:00,3.1600000858306885,3.200000047683716,3.0,3.0199999809265137,2.417786121368408,27500,0.0,0.0,FIX
2002-12-10 00:00:00-05:00,3.049999952316284,3.25,3.0,3.180000066757202,2.545881509780884,45900,0.0,0.0,FIX
2002-12-11 00:00:00-05:00,3.2100000381469727,3.2200000286102295,3.0799999237060547,3.0999999046325684,2.4818334579467773,38800,0.0,0.0,FIX
2002-12-12 00:00:00-05:00,3.0999999046325684,3.3399999141693115,3.0799999237060547,3.299999952316284,2.6419520378112793,74000,0.0,0.0,FIX
2002-12-13 00:00:00-05:00,3.25,3.380000114440918,3.200000047683716,3.380000114440918,2.7059996128082275,65800,0.0,0.0,FIX
2002-12-16 00:00:00-05:00,3.3299999237060547,3.450000047683716,3.3299999237060547,3.450000047683716,2.762040138244629,27200,0.0,0.0,FIX
2002-12-17 00:00:00-05:00,3.4200000762939453,3.5799999237060547,3.4000000953674316,3.5399999618530273,2.834094762802124,98900,0.0,0.0,FIX
2002-12-18 00:00:00-05:00,3.5299999713897705,3.549999952316284,3.430000066757202,3.440000057220459,2.754034996032715,27900,0.0,0.0,FIX
2002-12-19 00:00:00-05:00,3.450000047683716,3.549999952316284,3.4200000762939453,3.549999952316284,2.8421008586883545,24200,0.0,0.0,FIX
2002-12-20 00:00:00-05:00,3.549999952316284,3.549999952316284,3.4800000190734863,3.549999952316284,2.8421008586883545,97700,0.0,0.0,FIX
2002-12-23 00:00:00-05:00,3.5,3.5799999237060547,3.5,3.569999933242798,2.8581104278564453,38100,0.0,0.0,FIX
2002-12-24 00:00:00-05:00,3.569999933242798,3.5799999237060547,3.509999990463257,3.5799999237060547,2.8661186695098877,17600,0.0,0.0,FIX
2002-12-26 00:00:00-05:00,3.5999999046325684,3.5999999046325684,3.4200000762939453,3.5199999809265137,2.818082094192505,33600,0.0,0.0,FIX
2002-12-27 00:00:00-05:00,3.549999952316284,3.549999952316284,3.390000104904175,3.390000104904175,2.714005708694458,22200,0.0,0.0,FIX
2002-12-30 00:00:00-05:00,3.369999885559082,3.4200000762939453,3.309999942779541,3.3499999046325684,2.6819820404052734,46100,0.0,0.0,FIX
2002-12-31 00:00:00-05:00,3.369999885559082,3.440000057220459,3.299999952316284,3.3499999046325684,2.6819820404052734,83800,0.0,0.0,FIX
2003-01-02 00:00:00-05:00,3.319999933242798,3.3499999046325684,3.240000009536743,3.3499999046325684,2.6819820404052734,64000,0.0,0.0,FIX
2003-01-03 00:00:00-05:00,3.309999942779541,3.309999942779541,3.2200000286102295,3.259999990463257,2.6099278926849365,20000,0.0,0.0,FIX
2003-01-06 00:00:00-05:00,3.2799999713897705,3.380000114440918,3.2799999713897705,3.359999895095825,2.6899869441986084,7300,0.0,0.0,FIX
2003-01-07 00:00:00-05:00,3.319999933242798,3.319999933242798,3.130000114440918,3.1500000953674316,2.5218636989593506,25300,0.0,0.0,FIX
2003-01-08 00:00:00-05:00,3.1500000953674316,3.2200000286102295,3.140000104904175,3.1700000762939453,2.537876605987549,26800,0.0,0.0,FIX
2003-01-09 00:00:00-05:00,3.200000047683716,3.2799999713897705,3.200000047683716,3.2300000190734863,2.5859105587005615,30600,0.0,0.0,FIX
2003-01-10 00:00:00-05:00,3.2699999809265137,3.299999952316284,3.190000057220459,3.25,2.6019227504730225,15900,0.0,0.0,FIX
2003-01-13 00:00:00-05:00,3.25,3.369999885559082,3.25,3.2699999809265137,2.617933750152588,19500,0.0,0.0,FIX
2003-01-14 00:00:00-05:00,3.299999952316284,3.369999885559082,3.2799999713897705,3.3299999237060547,2.66597056388855,62200,0.0,0.0,FIX
2003-01-15 00:00:00-05:00,3.3399999141693115,3.450000047683716,3.3299999237060547,3.4100000858306885,2.7300174236297607,53900,0.0,0.0,FIX
2003-01-16 00:00:00-05:00,3.4000000953674316,3.4000000953674316,3.200000047683716,3.259999990463257,2.6099278926849365,88600,0.0,0.0,FIX
2003-01-17 00:00:00-05:00,3.2799999713897705,3.2799999713897705,3.0899999141693115,3.109999895095825,2.489839553833008,16200,0.0,0.0,FIX
2003-01-21 00:00:00-05:00,3.1500000953674316,3.1500000953674316,3.059999942779541,3.0999999046325684,2.4818334579467773,16300,0.0,0.0,FIX
2003-01-22 00:00:00-05:00,3.0799999237060547,3.1700000762939453,3.0,3.0799999237060547,2.4658219814300537,40200,0.0,0.0,FIX
2003-01-23 00:00:00-05:00,3.119999885559082,3.2100000381469727,3.0799999237060547,3.180000066757202,2.545881509780884,31000,0.0,0.0,FIX
2003-01-24 00:00:00-05:00,3.1600000858306885,3.1600000858306885,3.049999952316284,3.049999952316284,2.4418046474456787,31200,0.0,0.0,FIX
2003-01-27 00:00:00-05:00,3.049999952316284,3.1500000953674316,3.049999952316284,3.069999933242798,2.4578166007995605,29900,0.0,0.0,FIX
2003-01-28 00:00:00-05:00,3.0999999046325684,3.0999999046325684,3.049999952316284,3.0999999046325684,2.4818334579467773,10400,0.0,0.0,FIX
2003-01-29 00:00:00-05:00,3.0799999237060547,3.119999885559082,3.049999952316284,3.119999885559082,2.4978458881378174,15400,0.0,0.0,FIX
2003-01-30 00:00:00-05:00,3.119999885559082,3.119999885559082,3.009999990463257,3.009999990463257,2.409780740737915,34200,0.0,0.0,FIX
2003-01-31 00:00:00-05:00,3.009999990463257,3.0999999046325684,3.009999990463257,3.0899999141693115,2.4738283157348633,17700,0.0,0.0,FIX
2003-02-03 00:00:00-05:00,3.069999933242798,3.0999999046325684,3.049999952316284,3.049999952316284,2.4418046474456787,6600,0.0,0.0,FIX
2003-02-04 00:00:00-05:00,3.049999952316284,3.0799999237060547,3.049999952316284,3.0799999237060547,2.4658219814300537,21500,0.0,0.0,FIX
2003-02-05 00:00:00-05:00,3.0799999237060547,3.0799999237060547,3.009999990463257,3.0199999809265137,2.417786121368408,22100,0.0,0.0,FIX
2003-02-06 00:00:00-05:00,3.0,3.009999990463257,2.950000047683716,2.9600000381469727,2.369750499725342,18100,0.0,0.0,FIX
2003-02-07 00:00:00-05:00,2.9600000381469727,2.9600000381469727,2.8299999237060547,2.8499999046325684,2.281686305999756,38600,0.0,0.0,FIX
2003-02-10 00:00:00-05:00,2.799999952316284,2.9600000381469727,2.799999952316284,2.9600000381469727,2.369750499725342,180500,0.0,0.0,FIX
2003-02-11 00:00:00-05:00,2.930000066757202,2.930000066757202,2.8499999046325684,2.8499999046325684,2.281686305999756,15100,0.0,0.0,FIX
2003-02-12 00:00:00-05:00,2.8499999046325684,2.859999895095825,2.8499999046325684,2.8499999046325684,2.281686305999756,22800,0.0,0.0,FIX
2003-02-13 00:00:00-05:00,2.8499999046325684,2.950000047683716,2.8499999046325684,2.950000047683716,2.3617453575134277,12700,0.0,0.0,FIX
2003-02-14 00:00:00-05:00,2.950000047683716,3.0,2.799999952316284,2.8299999237060547,2.265674114227295,28200,0.0,0.0,FIX
2003-02-18 00:00:00-05:00,2.880000114440918,2.9200000762939453,2.819999933242798,2.9200000762939453,2.3377277851104736,18700,0.0,0.0,FIX
2003-02-19 00:00:00-05:00,2.9000000953674316,2.990000009536743,2.690000057220459,2.759999990463257,2.2096335887908936,31600,0.0,0.0,FIX
2003-02-20 00:00:00-05:00,2.740000009536743,2.809999942779541,2.740000009536743,2.7799999713897705,2.22564435005188,11800,0.0,0.0,FIX
2003-02-21 00:00:00-05:00,2.7899999618530273,2.9000000953674316,2.7200000286102295,2.890000104904175,2.313709259033203,23900,0.0,0.0,FIX
2003-02-24 00:00:00-05:00,2.9000000953674316,2.9000000953674316,2.7200000286102295,2.7300000190734863,2.1856155395507812,42000,0.0,0.0,FIX
2003-02-25 00:00:00-05:00,2.7200000286102295,2.869999885559082,2.7100000381469727,2.799999952316284,2.241657018661499,55100,0.0,0.0,FIX
2003-02-26 00:00:00-05:00,2.7799999713897705,2.7799999713897705,2.7100000381469727,2.75,2.2016279697418213,17800,0.0,0.0,FIX
2003-02-27 00:00:00-05:00,2.759999990463257,2.759999990463257,2.7200000286102295,2.759999990463257,2.2096335887908936,10900,0.0,0.0,FIX
2003-02-28 00:00:00-05:00,2.7300000190734863,2.759999990463257,2.7200000286102295,2.7200000286102295,2.17760968208313,15200,0.0,0.0,FIX
2003-03-03 00:00:00-05:00,2.7200000286102295,2.759999990463257,2.7200000286102295,2.75,2.2016279697418213,12200,0.0,0.0,FIX
2003-03-04 00:00:00-05:00,2.7300000190734863,2.75,2.6600000858306885,2.75,2.2016279697418213,38400,0.0,0.0,FIX
2003-03-05 00:00:00-05:00,2.740000009536743,2.759999990463257,2.6500000953674316,2.700000047683716,2.1615986824035645,182900,0.0,0.0,FIX
2003-03-06 00:00:00-05:00,2.690000057220459,2.740000009536743,2.690000057220459,2.740000009536743,2.1936213970184326,20700,0.0,0.0,FIX
2003-03-07 00:00:00-05:00,2.7300000190734863,2.759999990463257,2.7200000286102295,2.7200000286102295,2.17760968208313,6200,0.0,0.0,FIX
2003-03-10 00:00:00-05:00,2.680000066757202,2.7100000381469727,2.609999895095825,2.609999895095825,2.0895445346832275,17200,0.0,0.0,FIX
2003-03-11 00:00:00-05:00,2.609999895095825,2.609999895095825,2.549999952316284,2.609999895095825,2.0895445346832275,29500,0.0,0.0,FIX
2003-03-12 00:00:00-05:00,2.609999895095825,2.609999895095825,2.569999933242798,2.609999895095825,2.0895445346832275,18700,0.0,0.0,FIX
2003-03-13 00:00:00-05:00,2.5999999046325684,2.7200000286102295,2.5999999046325684,2.7200000286102295,2.17760968208313,16900,0.0,0.0,FIX
2003-03-14 00:00:00-05:00,2.75,2.75,2.619999885559082,2.619999885559082,2.0975496768951416,14100,0.0,0.0,FIX
2003-03-17 00:00:00-05:00,2.619999885559082,2.799999952316284,2.619999885559082,2.700000047683716,2.1615986824035645,36400,0.0,0.0,FIX
2003-03-18 00:00:00-05:00,2.6500000953674316,2.700000047683716,2.630000114440918,2.690000057220459,2.1535916328430176,11400,0.0,0.0,FIX
2003-03-19 00:00:00-05:00,2.680000066757202,2.700000047683716,2.509999990463257,2.700000047683716,2.1615986824035645,44000,0.0,0.0,FIX
2003-03-20 00:00:00-05:00,2.6500000953674316,2.690000057220459,2.5799999237060547,2.690000057220459,2.1535916328430176,25100,0.0,0.0,FIX
2003-03-21 00:00:00-05:00,2.6600000858306885,2.75,2.559999942779541,2.700000047683716,2.1615986824035645,57300,0.0,0.0,FIX
2003-03-24 00:00:00-05:00,2.700000047683716,2.75,2.5299999713897705,2.5399999618530273,2.0335028171539307,15400,0.0,0.0,FIX
2003-03-25 00:00:00-05:00,2.5399999618530273,2.680000066757202,2.5199999809265137,2.630000114440918,2.1055569648742676,36300,0.0,0.0,FIX
2003-03-26 00:00:00-05:00,2.5999999046325684,2.5999999046325684,2.4000000953674316,2.4000000953674316,1.921419620513916,24900,0.0,0.0,FIX
2003-03-27 00:00:00-05:00,2.4000000953674316,2.5,2.119999885559082,2.5,2.001479148864746,116100,0.0,0.0,FIX
2003-03-28 00:00:00-05:00,2.5,2.799999952316284,2.3499999046325684,2.4000000953674316,1.921419620513916,28100,0.0,0.0,FIX
2003-03-31 00:00:00-05:00,2.359999895095825,2.390000104904175,2.2100000381469727,2.2100000381469727,1.769308090209961,32900,0.0,0.0,FIX
2003-04-01 00:00:00-05:00,2.2100000381469727,2.4200000762939453,2.200000047683716,2.4200000762939453,1.9374314546585083,220000,0.0,0.0,FIX
2003-04-02 00:00:00-05:00,2.4700000286102295,2.5999999046325684,2.3499999046325684,2.440000057220459,1.9534443616867065,41800,0.0,0.0,FIX
2003-04-03 00:00:00-05:00,2.4100000858306885,2.450000047683716,2.2799999713897705,2.319999933242798,1.8573719263076782,90400,0.0,0.0,FIX
2003-04-04 00:00:00-05:00,2.2300000190734863,2.319999933242798,2.0999999046325684,2.0999999046325684,1.6812427043914795,105900,0.0,0.0,FIX
2003-04-07 00:00:00-04:00,2.180000066757202,2.200000047683716,1.940000057220459,1.9700000286102295,1.5771656036376953,179000,0.0,0.0,FIX
2003-04-08 00:00:00-04:00,1.8899999856948853,1.940000057220459,1.850000023841858,1.899999976158142,1.5211237668991089,102100,0.0,0.0,FIX
2003-04-09 00:00:00-04:00,1.850000023841858,1.9900000095367432,1.850000023841858,1.8700000047683716,1.4971059560775757,42000,0.0,0.0,FIX
2003-04-10 00:00:00-04:00,1.899999976158142,1.9800000190734863,1.809999942779541,1.850000023841858,1.4810947179794312,82100,0.0,0.0,FIX
2003-04-11 00:00:00-04:00,1.8899999856948853,1.8899999856948853,1.75,1.7799999713897705,1.4250532388687134,77800,0.0,0.0,FIX
2003-04-14 00:00:00-04:00,1.7899999618530273,1.8300000429153442,1.7899999618530273,1.809999942779541,1.4490712881088257,56700,0.0,0.0,FIX
2003-04-15 00:00:00-04:00,1.7599999904632568,1.7999999523162842,1.7300000190734863,1.7699999809265137,1.417047381401062,76200,0.0,0.0,FIX
2003-04-16 00:00:00-04:00,1.850000023841858,1.899999976158142,1.7000000476837158,1.7400000095367432,1.3930293321609497,71700,0.0,0.0,FIX
2003-04-17 00:00:00-04:00,1.7999999523162842,1.8300000429153442,1.75,1.8300000429153442,1.4650826454162598,83500,0.0,0.0,FIX
2003-04-21 00:00:00-04:00,1.840000033378601,1.8600000143051147,1.649999976158142,1.7599999904632568,1.4090410470962524,154300,0.0,0.0,FIX
2003-04-22 00:00:00-04:00,1.7599999904632568,1.9199999570846558,1.75,1.9199999570846558,1.5371357202529907,364200,0.0,0.0,FIX
2003-04-23 00:00:00-04:00,1.940000057220459,1.940000057220459,1.8799999952316284,1.899999976158142,1.5211237668991089,121400,0.0,0.0,FIX
2003-04-24 00:00:00-04:00,1.940000057220459,1.9500000476837158,1.850000023841858,1.9199999570846558,1.5371357202529907,149000,0.0,0.0,FIX
2003-04-25 00:00:00-04:00,1.9700000286102295,2.0,1.7899999618530273,1.809999942779541,1.4490712881088257,65600,0.0,0.0,FIX
2003-04-28 00:00:00-04:00,1.850000023841858,1.9700000286102295,1.850000023841858,1.9700000286102295,1.5771656036376953,50900,0.0,0.0,FIX
2003-04-29 00:00:00-04:00,2.0,2.0199999809265137,1.9800000190734863,1.9900000095367432,1.5931775569915771,51000,0.0,0.0,FIX
2003-04-30 00:00:00-04:00,2.0399999618530273,2.0399999618530273,1.9500000476837158,1.9700000286102295,1.5771656036376953,27100,0.0,0.0,FIX
2003-05-01 00:00:00-04:00,1.9500000476837158,1.9700000286102295,1.909999966621399,1.9600000381469727,1.5691601037979126,16400,0.0,0.0,FIX
2003-05-02 00:00:00-04:00,2.0,2.0799999237060547,2.0,2.059999942779541,1.649219036102295,46600,0.0,0.0,FIX
2003-05-05 00:00:00-04:00,2.059999942779541,2.069999933242798,2.009999990463257,2.0399999618530273,1.6332069635391235,45200,0.0,0.0,FIX
2003-05-06 00:00:00-04:00,2.0399999618530273,2.430000066757202,2.0399999618530273,2.309999942779541,1.8493664264678955,114700,0.0,0.0,FIX
2003-05-07 00:00:00-04:00,2.4100000858306885,2.8499999046325684,2.299999952316284,2.75,2.2016279697418213,358300,0.0,0.0,FIX
2003-05-08 00:00:00-04:00,2.950000047683716,2.950000047683716,2.609999895095825,2.6500000953674316,2.121567964553833,262500,0.0,0.0,FIX
2003-05-09 00:00:00-04:00,2.700000047683716,2.7899999618530273,2.6600000858306885,2.690000057220459,2.1535916328430176,31600,0.0,0.0,FIX
2003-05-12 00:00:00-04:00,2.700000047683716,2.700000047683716,2.5999999046325684,2.700000047683716,2.1615986824035645,98800,0.0,0.0,FIX
2003-05-13 00:00:00-04:00,2.5999999046325684,2.690000057220459,2.25,2.690000057220459,2.1535916328430176,179500,0.0,0.0,FIX
2003-05-14 00:00:00-04:00,2.700000047683716,2.700000047683716,2.359999895095825,2.4000000953674316,1.921419620513916,57500,0.0,0.0,FIX
2003-05-15 00:00:00-04:00,2.450000047683716,2.5799999237060547,2.4200000762939453,2.5,2.001479148864746,162000,0.0,0.0,FIX
2003-05-16 00:00:00-04:00,2.450000047683716,2.509999990463257,2.4000000953674316,2.490000009536743,1.993473768234253,32300,0.0,0.0,FIX
2003-05-19 00:00:00-04:00,2.5,2.549999952316284,2.2100000381469727,2.4600000381469727,1.9694550037384033,34100,0.0,0.0,FIX
2003-05-20 00:00:00-04:00,2.4200000762939453,2.4600000381469727,2.369999885559082,2.4200000762939453,1.9374314546585083,150700,0.0,0.0,FIX
2003-05-21 00:00:00-04:00,2.4600000381469727,2.5,2.299999952316284,2.380000114440918,1.9054081439971924,131600,0.0,0.0,FIX
2003-05-22 00:00:00-04:00,2.4000000953674316,2.4000000953674316,2.299999952316284,2.359999895095825,1.8893966674804688,140800,0.0,0.0,FIX
2003-05-23 00:00:00-04:00,2.3299999237060547,2.4100000858306885,2.319999933242798,2.4100000858306885,1.929425597190857,143700,0.0,0.0,FIX
2003-05-27 00:00:00-04:00,2.380000114440918,2.75,2.380000114440918,2.680000066757202,2.145585298538208,145100,0.0,0.0,FIX
2003-05-28 00:00:00-04:00,2.7799999713897705,2.7899999618530273,2.609999895095825,2.630000114440918,2.1055569648742676,33400,0.0,0.0,FIX
2003-05-29 00:00:00-04:00,2.6500000953674316,2.9200000762939453,2.6500000953674316,2.75,2.2016279697418213,69700,0.0,0.0,FIX
2003-05-30 00:00:00-04:00,2.799999952316284,2.9000000953674316,2.700000047683716,2.799999952316284,2.241657018661499,80100,0.0,0.0,FIX
2003-06-02 00:00:00-04:00,2.799999952316284,3.0,2.799999952316284,2.799999952316284,2.241657018661499,114100,0.0,0.0,FIX
2003-06-03 00:00:00-04:00,2.8499999046325684,3.0799999237060547,2.8399999141693115,3.059999942779541,2.449810028076172,113900,0.0,0.0,FIX
2003-06-04 00:00:00-04:00,3.059999942779541,3.140000104904175,3.0,3.130000114440918,2.505851984024048,174400,0.0,0.0,FIX
2003-06-05 00:00:00-04:00,3.130000114440918,3.299999952316284,3.130000114440918,3.299999952316284,2.6419520378112793,172700,0.0,0.0,FIX
2003-06-06 00:00:00-04:00,3.299999952316284,3.450000047683716,3.2200000286102295,3.2699999809265137,2.617933750152588,91700,0.0,0.0,FIX
2003-06-09 00:00:00-04:00,3.25,3.299999952316284,3.1500000953674316,3.2799999713897705,2.625941038131714,151500,0.0,0.0,FIX
2003-06-10 00:00:00-04:00,3.2699999809265137,3.3299999237060547,3.0199999809265137,3.059999942779541,2.449810028076172,233000,0.0,0.0,FIX
2003-06-11 00:00:00-04:00,3.059999942779541,3.0799999237060547,2.940000057220459,3.0799999237060547,2.4658219814300537,70100,0.0,0.0,FIX
2003-06-12 00:00:00-04:00,3.049999952316284,3.0799999237060547,2.950000047683716,2.990000009536743,2.3937690258026123,141600,0.0,0.0,FIX
2003-06-13 00:00:00-04:00,3.0,3.0299999713897705,2.8499999046325684,2.859999895095825,2.2896921634674072,137500,0.0,0.0,FIX
2003-06-16 00:00:00-04:00,2.880000114440918,2.9600000381469727,2.5999999046325684,2.8299999237060547,2.265674114227295,80400,0.0,0.0,FIX
2003-06-17 00:00:00-04:00,2.9000000953674316,2.9000000953674316,2.549999952316284,2.630000114440918,2.1055569648742676,103300,0.0,0.0,FIX
2003-06-18 00:00:00-04:00,2.5999999046325684,2.7100000381469727,2.5999999046325684,2.6700000762939453,2.1375794410705566,116000,0.0,0.0,FIX
2003-06-19 00:00:00-04:00,2.6700000762939453,2.700000047683716,2.630000114440918,2.630000114440918,2.1055569648742676,100200,0.0,0.0,FIX
2003-06-20 00:00:00-04:00,2.7300000190734863,2.7799999713897705,2.6700000762939453,2.75,2.2016279697418213,48500,0.0,0.0,FIX
2003-06-23 00:00:00-04:00,2.819999933242798,2.819999933242798,2.5399999618530273,2.549999952316284,2.0415079593658447,99200,0.0,0.0,FIX
2003-06-24 00:00:00-04:00,2.5299999713897705,2.559999942779541,2.5199999809265137,2.5399999618530273,2.0335028171539307,58700,0.0,0.0,FIX
2003-06-25 00:00:00-04:00,2.549999952316284,2.7100000381469727,2.549999952316284,2.700000047683716,2.1615986824035645,84100,0.0,0.0,FIX
2003-06-26 00:00:00-04:00,2.75,2.75,2.619999885559082,2.680000066757202,2.145585298538208,67800,0.0,0.0,FIX
2003-06-27 00:00:00-04:00,2.6500000953674316,2.9000000953674316,2.6500000953674316,2.9000000953674316,2.321716070175171,151800,0.0,0.0,FIX
2003-06-30 00:00:00-04:00,2.950000047683716,2.990000009536743,2.5799999237060547,2.630000114440918,2.1055569648742676,875300,0.0,0.0,FIX
2003-07-01 00:00:00-04:00,2.640000104904175,2.7799999713897705,2.640000104904175,2.759999990463257,2.2096335887908936,191200,0.0,0.0,FIX
2003-07-02 00:00:00-04:00,2.799999952316284,2.799999952316284,2.700000047683716,2.759999990463257,2.2096335887908936,116600,0.0,0.0,FIX
2003-07-03 00:00:00-04:00,2.7200000286102295,2.799999952316284,2.7200000286102295,2.7699999809265137,2.217637777328491,49500,0.0,0.0,FIX
2003-07-07 00:00:00-04:00,2.8399999141693115,2.8399999141693115,2.7200000286102295,2.740000009536743,2.1936213970184326,85900,0.0,0.0,FIX
2003-07-08 00:00:00-04:00,2.7799999713897705,2.869999885559082,2.700000047683716,2.819999933242798,2.2576684951782227,129200,0.0,0.0,FIX
2003-07-09 00:00:00-04:00,2.799999952316284,3.0799999237060547,2.799999952316284,2.990000009536743,2.3937690258026123,465500,0.0,0.0,FIX
2003-07-10 00:00:00-04:00,3.0899999141693115,3.130000114440918,2.940000057220459,2.9600000381469727,2.369750499725342,14500,0.0,0.0,FIX
2003-07-11 00:00:00-04:00,3.0199999809265137,3.0199999809265137,2.799999952316284,2.819999933242798,2.2576684951782227,43200,0.0,0.0,FIX
2003-07-14 00:00:00-04:00,2.8299999237060547,2.940000057220459,2.5999999046325684,2.6500000953674316,2.121567964553833,403900,0.0,0.0,FIX
2003-07-15 00:00:00-04:00,2.75,2.759999990463257,2.690000057220459,2.700000047683716,2.1615986824035645,28800,0.0,0.0,FIX
2003-07-16 00:00:00-04:00,2.690000057220459,2.7300000190734863,2.680000066757202,2.700000047683716,2.1615986824035645,107300,0.0,0.0,FIX
2003-07-17 00:00:00-04:00,2.700000047683716,2.880000114440918,2.700000047683716,2.809999942779541,2.2496626377105713,220300,0.0,0.0,FIX
2003-07-18 00:00:00-04:00,2.8299999237060547,2.8299999237060547,2.7200000286102295,2.7699999809265137,2.217637777328491,83400,0.0,0.0,FIX
2003-07-21 00:00:00-04:00,2.75,2.890000104904175,2.75,2.890000104904175,2.313709259033203,34700,0.0,0.0,FIX
2003-07-22 00:00:00-04:00,2.950000047683716,3.0,2.930000066757202,3.0,2.401775598526001,83500,0.0,0.0,FIX
2003-07-23 00:00:00-04:00,3.049999952316284,3.109999895095825,3.0,3.0299999713897705,2.425792932510376,58000,0.0,0.0,FIX
2003-07-24 00:00:00-04:00,3.0399999618530273,3.200000047683716,3.0299999713897705,3.140000104904175,2.513857126235962,187000,0.0,0.0,FIX
2003-07-25 00:00:00-04:00,3.1500000953674316,3.380000114440918,3.1500000953674316,3.259999990463257,2.6099278926849365,695600,0.0,0.0,FIX
2003-07-28 00:00:00-04:00,3.240000009536743,3.4000000953674316,3.240000009536743,3.2699999809265137,2.617933750152588,107500,0.0,0.0,FIX
2003-07-29 00:00:00-04:00,3.2799999713897705,3.2799999713897705,3.130000114440918,3.200000047683716,2.5618934631347656,72900,0.0,0.0,FIX
2003-07-30 00:00:00-04:00,3.180000066757202,3.200000047683716,3.0399999618530273,3.0399999618530273,2.433798313140869,84500,0.0,0.0,FIX
2003-07-31 00:00:00-04:00,3.0799999237060547,3.25,3.0199999809265137,3.25,2.6019227504730225,68500,0.0,0.0,FIX
2003-08-01 00:00:00-04:00,3.2300000190734863,3.309999942779541,3.1700000762939453,3.309999942779541,2.649959087371826,92900,0.0,0.0,FIX
2003-08-04 00:00:00-04:00,3.3299999237060547,3.3399999141693115,3.2200000286102295,3.2899999618530273,2.6339468955993652,77700,0.0,0.0,FIX
2003-08-05 00:00:00-04:00,3.2899999618530273,3.3499999046325684,3.049999952316284,3.3499999046325684,2.6819820404052734,162800,0.0,0.0,FIX
2003-08-06 00:00:00-04:00,3.3499999046325684,3.3499999046325684,3.180000066757202,3.2799999713897705,2.625941038131714,55400,0.0,0.0,FIX
2003-08-07 00:00:00-04:00,3.25,3.299999952316284,3.0899999141693115,3.299999952316284,2.6419520378112793,63700,0.0,0.0,FIX
2003-08-08 00:00:00-04:00,3.2899999618530273,3.3499999046325684,3.259999990463257,3.299999952316284,2.6419520378112793,47700,0.0,0.0,FIX
2003-08-11 00:00:00-04:00,3.299999952316284,3.3299999237060547,3.180000066757202,3.2799999713897705,2.625941038131714,33100,0.0,0.0,FIX
2003-08-12 00:00:00-04:00,3.2899999618530273,3.369999885559082,3.2799999713897705,3.299999952316284,2.6419520378112793,39300,0.0,0.0,FIX
2003-08-13 00:00:00-04:00,3.299999952316284,3.380000114440918,3.299999952316284,3.380000114440918,2.7059996128082275,636900,0.0,0.0,FIX
2003-08-14 00:00:00-04:00,3.390000104904175,3.390000104904175,3.359999895095825,3.359999895095825,2.6899869441986084,13900,0.0,0.0,FIX
2003-08-15 00:00:00-04:00,3.3499999046325684,3.4000000953674316,3.3299999237060547,3.4000000953674316,2.7220120429992676,34000,0.0,0.0,FIX
2003-08-18 00:00:00-04:00,3.4000000953674316,3.430000066757202,3.2699999809265137,3.2899999618530273,2.6339468955993652,221800,0.0,0.0,FIX
2003-08-19 00:00:00-04:00,3.2699999809265137,3.369999885559082,3.2699999809265137,3.309999942779541,2.649959087371826,406000,0.0,0.0,FIX
2003-08-20 00:00:00-04:00,3.2899999618530273,3.4800000190734863,3.2899999618530273,3.4700000286102295,2.7780520915985107,391700,0.0,0.0,FIX
2003-08-21 00:00:00-04:00,3.4800000190734863,3.5,3.430000066757202,3.490000009536743,2.794064521789551,111200,0.0,0.0,FIX
2003-08-22 00:00:00-04:00,3.4800000190734863,3.5,3.4000000953674316,3.4800000190734863,2.7860586643218994,97700,0.0,0.0,FIX
2003-08-25 00:00:00-04:00,3.5,3.9000000953674316,3.3499999046325684,3.9000000953674316,3.122307538986206,142000,0.0,0.0,FIX
2003-08-26 00:00:00-04:00,3.880000114440918,3.880000114440918,3.75,3.7799999713897705,3.0262365341186523,90600,0.0,0.0,FIX
2003-08-27 00:00:00-04:00,3.740000009536743,3.740000009536743,3.6700000762939453,3.700000047683716,2.9621894359588623,60200,0.0,0.0,FIX
2003-08-28 00:00:00-04:00,3.680000066757202,3.740000009536743,3.5399999618530273,3.740000009536743,2.9942119121551514,51100,0.0,0.0,FIX
2003-08-29 00:00:00-04:00,3.700000047683716,3.7300000190734863,3.6600000858306885,3.7200000286102295,2.978200912475586,24400,0.0,0.0,FIX
2003-09-02 00:00:00-04:00,3.7100000381469727,3.7100000381469727,3.4800000190734863,3.700000047683716,2.9621894359588623,110200,0.0,0.0,FIX
2003-09-03 00:00:00-04:00,3.700000047683716,3.869999885559082,3.6700000762939453,3.869999885559082,3.098289728164673,159600,0.0,0.0,FIX
2003-09-04 00:00:00-04:00,3.869999885559082,3.950000047683716,3.819999933242798,3.9000000953674316,3.122307538986206,87500,0.0,0.0,FIX
2003-09-05 00:00:00-04:00,3.8499999046325684,3.940000057220459,3.799999952316284,3.8299999237060547,3.0662646293640137,53100,0.0,0.0,FIX
2003-09-08 00:00:00-04:00,3.8499999046325684,3.8499999046325684,3.75,3.7799999713897705,3.0262365341186523,46300,0.0,0.0,FIX
2003-09-09 00:00:00-04:00,3.759999990463257,4.0,3.7300000190734863,4.0,3.202366590499878,254400,0.0,0.0,FIX
2003-09-10 00:00:00-04:00,4.0,4.070000171661377,3.9800000190734863,4.050000190734863,3.242396354675293,146500,0.0,0.0,FIX
2003-09-11 00:00:00-04:00,4.019999980926514,4.039999961853027,3.9700000286102295,3.9800000190734863,3.1863551139831543,71800,0.0,0.0,FIX
2003-09-12 00:00:00-04:00,3.9800000190734863,4.0,3.940000057220459,3.990000009536743,3.1943607330322266,38200,0.0,0.0,FIX
2003-09-15 00:00:00-04:00,3.990000009536743,4.0,3.869999885559082,3.9700000286102295,3.1783499717712402,64100,0.0,0.0,FIX
2003-09-16 00:00:00-04:00,3.9700000286102295,4.050000190734863,3.9700000286102295,4.039999961853027,3.234389543533325,72100,0.0,0.0,FIX
2003-09-17 00:00:00-04:00,4.050000190734863,4.050000190734863,3.950000047683716,3.9800000190734863,3.1863551139831543,87000,0.0,0.0,FIX
2003-09-18 00:00:00-04:00,3.9800000190734863,4.0,3.9700000286102295,4.0,3.202366590499878,140800,0.0,0.0,FIX
2003-09-19 00:00:00-04:00,4.0,4.0,3.9800000190734863,4.0,3.202366590499878,90300,0.0,0.0,FIX
2003-09-22 00:00:00-04:00,4.0,4.050000190734863,3.930000066757202,3.9800000190734863,3.1863551139831543,79100,0.0,0.0,FIX
2003-09-23 00:00:00-04:00,4.0,4.150000095367432,4.0,4.130000114440918,3.3064424991607666,46800,0.0,0.0,FIX
2003-09-24 00:00:00-04:00,4.099999904632568,4.190000057220459,4.099999904632568,4.179999828338623,3.3464722633361816,67700,0.0,0.0,FIX
2003-09-25 00:00:00-04:00,4.179999828338623,4.179999828338623,4.019999980926514,4.079999923706055,3.266413927078247,56400,0.0,0.0,FIX
2003-09-26 00:00:00-04:00,4.079999923706055,4.079999923706055,3.809999942779541,3.890000104904175,3.114301919937134,115700,0.0,0.0,FIX
2003-09-29 00:00:00-04:00,3.859999895095825,3.9600000381469727,3.700000047683716,3.880000114440918,3.106295585632324,79400,0.0,0.0,FIX
2003-09-30 00:00:00-04:00,3.890000104904175,3.890000104904175,3.799999952316284,3.809999942779541,3.0502541065216064,32900,0.0,0.0,FIX
2003-10-01 00:00:00-04:00,3.7799999713897705,4.010000228881836,3.7799999713897705,4.010000228881836,3.2103724479675293,113300,0.0,0.0,FIX
2003-10-02 00:00:00-04:00,3.9800000190734863,4.050000190734863,3.930000066757202,4.019999980926514,3.2183778285980225,107500,0.0,0.0,FIX
2003-10-03 00:00:00-04:00,4.0,4.03000020980835,3.809999942779541,3.880000114440918,3.106295585632324,199300,0.0,0.0,FIX
2003-10-06 00:00:00-04:00,3.890000104904175,4.010000228881836,3.890000104904175,3.9800000190734863,3.1863551139831543,38000,0.0,0.0,FIX
2003-10-07 00:00:00-04:00,4.0,4.010000228881836,3.9200000762939453,3.950000047683716,3.1623375415802,59100,0.0,0.0,FIX
2003-10-08 00:00:00-04:00,3.9800000190734863,3.9800000190734863,3.940000057220459,3.950000047683716,3.1623375415802,43100,0.0,0.0,FIX
2003-10-09 00:00:00-04:00,3.9700000286102295,3.9700000286102295,3.9200000762939453,3.950000047683716,3.1623375415802,33000,0.0,0.0,FIX
2003-10-10 00:00:00-04:00,3.950000047683716,4.03000020980835,3.930000066757202,4.010000228881836,3.2103724479675293,109000,0.0,0.0,FIX
2003-10-13 00:00:00-04:00,4.039999961853027,4.150000095367432,3.9600000381469727,4.110000133514404,3.2904322147369385,66200,0.0,0.0,FIX
2003-10-14 00:00:00-04:00,4.179999828338623,4.260000228881836,4.170000076293945,4.260000228881836,3.4105215072631836,72100,0.0,0.0,FIX
2003-10-15 00:00:00-04:00,4.260000228881836,4.260000228881836,4.21999979019165,4.230000019073486,3.386502981185913,19900,0.0,0.0,FIX
2003-10-16 00:00:00-04:00,4.199999809265137,4.239999771118164,4.199999809265137,4.239999771118164,3.394507884979248,32300,0.0,0.0,FIX
2003-10-17 00:00:00-04:00,4.230000019073486,4.28000020980835,4.230000019073486,4.260000228881836,3.4105215072631836,57100,0.0,0.0,FIX
2003-10-20 00:00:00-04:00,4.300000190734863,4.300000190734863,4.21999979019165,4.260000228881836,3.4105215072631836,34500,0.0,0.0,FIX
2003-10-21 00:00:00-04:00,4.260000228881836,4.5,4.25,4.449999809265137,3.5626320838928223,74600,0.0,0.0,FIX
2003-10-22 00:00:00-04:00,4.5,4.800000190734863,4.489999771118164,4.550000190734863,3.6426918506622314,162400,0.0,0.0,FIX
2003-10-23 00:00:00-04:00,4.53000020980835,4.570000171661377,4.449999809265137,4.559999942779541,3.6506974697113037,30300,0.0,0.0,FIX
2003-10-24 00:00:00-04:00,4.570000171661377,4.570000171661377,4.28000020980835,4.300000190734863,3.44254207611084,157400,0.0,0.0,FIX
2003-10-27 00:00:00-05:00,4.300000190734863,4.320000171661377,4.28000020980835,4.300000190734863,3.44254207611084,10900,0.0,0.0,FIX
2003-10-28 00:00:00-05:00,4.25,4.349999904632568,3.990000009536743,4.099999904632568,3.2824249267578125,128900,0.0,0.0,FIX
2003-10-29 00:00:00-05:00,4.099999904632568,4.349999904632568,4.079999923706055,4.25,3.4025135040283203,105500,0.0,0.0,FIX
2003-10-30 00:00:00-05:00,4.260000228881836,4.260000228881836,4.150000095367432,4.179999828338623,3.3464722633361816,85200,0.0,0.0,FIX
2003-10-31 00:00:00-05:00,4.150000095367432,4.179999828338623,4.099999904632568,4.130000114440918,3.3064424991607666,11700,0.0,0.0,FIX
2003-11-03 00:00:00-05:00,4.099999904632568,4.21999979019165,4.019999980926514,4.139999866485596,3.314448833465576,64500,0.0,0.0,FIX
2003-11-04 00:00:00-05:00,4.170000076293945,4.25,4.170000076293945,4.25,3.4025135040283203,386700,0.0,0.0,FIX
2003-11-05 00:00:00-05:00,4.21999979019165,4.380000114440918,4.21999979019165,4.309999942779541,3.4505505561828613,216400,0.0,0.0,FIX
2003-11-06 00:00:00-05:00,4.309999942779541,4.309999942779541,4.21999979019165,4.25,3.4025135040283203,29200,0.0,0.0,FIX
2003-11-07 00:00:00-05:00,4.28000020980835,4.349999904632568,4.25,4.289999961853027,3.434537649154663,59400,0.0,0.0,FIX
2003-11-10 00:00:00-05:00,4.289999961853027,4.289999961853027,3.950000047683716,4.019999980926514,3.2183778285980225,32400,0.0,0.0,FIX
2003-11-11 00:00:00-05:00,4.019999980926514,4.150000095367432,4.019999980926514,4.130000114440918,3.3064424991607666,28200,0.0,0.0,FIX
2003-11-12 00:00:00-05:00,4.139999866485596,4.380000114440918,4.130000114440918,4.380000114440918,3.5065908432006836,136500,0.0,0.0,FIX
2003-11-13 00:00:00-05:00,4.300000190734863,4.300000190734863,4.130000114440918,4.139999866485596,3.314448833465576,57200,0.0,0.0,FIX
2003-11-14 00:00:00-05:00,4.159999847412109,4.28000020980835,4.159999847412109,4.28000020980835,3.4265339374542236,93800,0.0,0.0,FIX
2003-11-17 00:00:00-05:00,4.239999771118164,4.260000228881836,4.079999923706055,4.199999809265137,3.362485408782959,97400,0.0,0.0,FIX
2003-11-18 00:00:00-05:00,4.190000057220459,4.25,4.159999847412109,4.25,3.4025135040283203,57800,0.0,0.0,FIX
2003-11-19 00:00:00-05:00,4.230000019073486,4.230000019073486,4.150000095367432,4.179999828338623,3.3464722633361816,63300,0.0,0.0,FIX
2003-11-20 00:00:00-05:00,4.190000057220459,4.260000228881836,4.190000057220459,4.260000228881836,3.4105215072631836,73700,0.0,0.0,FIX
2003-11-21 00:00:00-05:00,4.28000020980835,4.400000095367432,4.28000020980835,4.320000171661377,3.4585559368133545,239700,0.0,0.0,FIX
2003-11-24 00:00:00-05:00,4.360000133514404,4.889999866485596,4.360000133514404,4.75,3.802811622619629,435900,0.0,0.0,FIX
2003-11-25 00:00:00-05:00,4.739999771118164,4.929999828338623,4.650000095367432,4.840000152587891,3.8748629093170166,434700,0.0,0.0,FIX
2003-11-26 00:00:00-05:00,4.880000114440918,4.949999809265137,4.650000095367432,4.659999847412109,3.7307581901550293,287300,0.0,0.0,FIX
2003-11-28 00:00:00-05:00,4.670000076293945,4.809999942779541,4.670000076293945,4.809999942779541,3.8508450984954834,138900,0.0,0.0,FIX
2003-12-01 00:00:00-05:00,4.880000114440918,4.880000114440918,4.659999847412109,4.820000171661377,3.858851194381714,220400,0.0,0.0,FIX
2003-12-02 00:00:00-05:00,4.820000171661377,4.980000019073486,4.760000228881836,4.940000057220459,3.954922676086426,1096900,0.0,0.0,FIX
2003-12-03 00:00:00-05:00,4.940000057220459,4.940000057220459,4.809999942779541,4.900000095367432,3.9228994846343994,92300,0.0,0.0,FIX
2003-12-04 00:00:00-05:00,4.849999904632568,4.909999847412109,4.840000152587891,4.900000095367432,3.9228994846343994,139900,0.0,0.0,FIX
2003-12-05 00:00:00-05:00,4.869999885559082,4.880000114440918,4.849999904632568,4.860000133514404,3.8908751010894775,33900,0.0,0.0,FIX
2003-12-08 00:00:00-05:00,4.860000133514404,4.949999809265137,4.800000190734863,4.849999904632568,3.8828718662261963,85800,0.0,0.0,FIX
2003-12-09 00:00:00-05:00,4.920000076293945,4.920000076293945,4.829999923706055,4.849999904632568,3.8828718662261963,102500,0.0,0.0,FIX
2003-12-10 00:00:00-05:00,4.869999885559082,5.0,4.840000152587891,4.929999828338623,3.9469189643859863,150700,0.0,0.0,FIX
2003-12-11 00:00:00-05:00,4.929999828338623,5.269999980926514,4.920000076293945,5.25,4.20310640335083,554300,0.0,0.0,FIX
2003-12-12 00:00:00-05:00,5.25,5.28000020980835,5.119999885559082,5.28000020980835,4.227125644683838,299600,0.0,0.0,FIX
2003-12-15 00:00:00-05:00,5.5,5.519999980926514,5.230000019073486,5.380000114440918,4.307183265686035,261400,0.0,0.0,FIX
2003-12-16 00:00:00-05:00,5.389999866485596,5.389999866485596,5.179999828338623,5.28000020980835,4.227125644683838,187200,0.0,0.0,FIX
2003-12-17 00:00:00-05:00,5.300000190734863,5.389999866485596,5.25,5.269999980926514,4.219118118286133,112100,0.0,0.0,FIX
2003-12-18 00:00:00-05:00,5.289999961853027,5.349999904632568,5.179999828338623,5.349999904632568,4.283165454864502,159900,0.0,0.0,FIX
2003-12-19 00:00:00-05:00,5.28000020980835,5.349999904632568,5.25,5.300000190734863,4.243135929107666,57200,0.0,0.0,FIX
2003-12-22 00:00:00-05:00,5.260000228881836,5.349999904632568,5.230000019073486,5.329999923706055,4.267151355743408,126800,0.0,0.0,FIX
2003-12-23 00:00:00-05:00,5.349999904632568,5.349999904632568,5.21999979019165,5.300000190734863,4.243135929107666,94100,0.0,0.0,FIX
2003-12-24 00:00:00-05:00,5.309999942779541,5.340000152587891,5.25,5.300000190734863,4.243135929107666,43700,0.0,0.0,FIX
2003-12-26 00:00:00-05:00,5.320000171661377,5.340000152587891,5.300000190734863,5.320000171661377,4.259149074554443,9000,0.0,0.0,FIX
2003-12-29 00:00:00-05:00,5.300000190734863,5.400000095367432,5.269999980926514,5.269999980926514,4.219118118286133,203400,0.0,0.0,FIX
2003-12-30 00:00:00-05:00,5.28000020980835,5.71999979019165,5.28000020980835,5.679999828338623,4.547359943389893,307300,0.0,0.0,FIX
2003-12-31 00:00:00-05:00,5.650000095367432,5.650000095367432,5.360000133514404,5.480000019073486,4.387242794036865,274900,0.0,0.0,FIX
2004-01-02 00:00:00-05:00,5.440000057220459,5.46999979019165,5.190000057220459,5.300000190734863,4.243135929107666,90200,0.0,0.0,FIX
2004-01-05 00:00:00-05:00,5.300000190734863,5.800000190734863,5.260000228881836,5.699999809265137,4.563372611999512,222200,0.0,0.0,FIX
2004-01-06 00:00:00-05:00,5.650000095367432,5.760000228881836,5.599999904632568,5.699999809265137,4.563372611999512,348000,0.0,0.0,FIX
2004-01-07 00:00:00-05:00,5.730000019073486,5.78000020980835,5.690000057220459,5.730000019073486,4.587387561798096,104800,0.0,0.0,FIX
2004-01-08 00:00:00-05:00,5.730000019073486,6.119999885559082,5.730000019073486,6.099999904632568,4.883609294891357,464300,0.0,0.0,FIX
2004-01-09 00:00:00-05:00,6.03000020980835,6.079999923706055,6.0,6.039999961853027,4.835572242736816,199200,0.0,0.0,FIX
2004-01-12 00:00:00-05:00,6.039999961853027,6.050000190734863,6.0,6.010000228881836,4.811556816101074,51200,0.0,0.0,FIX
2004-01-13 00:00:00-05:00,5.960000038146973,6.199999809265137,5.960000038146973,6.199999809265137,4.963666915893555,105400,0.0,0.0,FIX
2004-01-14 00:00:00-05:00,6.199999809265137,6.349999904632568,6.079999923706055,6.349999904632568,5.083756446838379,205500,0.0,0.0,FIX
2004-01-15 00:00:00-05:00,6.349999904632568,6.599999904632568,6.300000190734863,6.5,5.203845500946045,286800,0.0,0.0,FIX
2004-01-16 00:00:00-05:00,6.5,6.550000190734863,6.46999979019165,6.550000190734863,5.243874549865723,416300,0.0,0.0,FIX
2004-01-20 00:00:00-05:00,6.590000152587891,6.860000133514404,6.579999923706055,6.75,5.403992652893066,390300,0.0,0.0,FIX
2004-01-21 00:00:00-05:00,6.75,6.840000152587891,6.71999979019165,6.75,5.403992652893066,574700,0.0,0.0,FIX
2004-01-22 00:00:00-05:00,6.769999980926514,6.829999923706055,6.630000114440918,6.739999771118164,5.395987510681152,180300,0.0,0.0,FIX
2004-01-23 00:00:00-05:00,6.739999771118164,6.840000152587891,6.670000076293945,6.769999980926514,5.420005798339844,246500,0.0,0.0,FIX
2004-01-26 00:00:00-05:00,6.75,6.849999904632568,6.690000057220459,6.820000171661377,5.4600348472595215,244500,0.0,0.0,FIX
2004-01-27 00:00:00-05:00,6.849999904632568,6.900000095367432,6.739999771118164,6.75,5.403992652893066,148000,0.0,0.0,FIX
2004-01-28 00:00:00-05:00,6.849999904632568,7.0,6.829999923706055,6.849999904632568,5.4840521812438965,224800,0.0,0.0,FIX
2004-01-29 00:00:00-05:00,6.900000095367432,6.940000057220459,6.300000190734863,6.460000038146973,5.171821117401123,249100,0.0,0.0,FIX
2004-01-30 00:00:00-05:00,6.489999771118164,6.800000190734863,6.449999809265137,6.690000057220459,5.355957984924316,111500,0.0,0.0,FIX
2004-02-02 00:00:00-05:00,6.880000114440918,6.920000076293945,6.670000076293945,6.679999828338623,5.347951889038086,224800,0.0,0.0,FIX
2004-02-03 00:00:00-05:00,6.730000019073486,6.849999904632568,6.659999847412109,6.699999809265137,5.363964080810547,157000,0.0,0.0,FIX
2004-02-04 00:00:00-05:00,6.730000019073486,6.789999961853027,6.699999809265137,6.789999961853027,5.436018466949463,223500,0.0,0.0,FIX
2004-02-05 00:00:00-05:00,6.760000228881836,6.78000020980835,6.449999809265137,6.570000171661377,5.259886264801025,202600,0.0,0.0,FIX
2004-02-06 00:00:00-05:00,6.599999904632568,6.800000190734863,6.590000152587891,6.800000190734863,5.444024085998535,131300,0.0,0.0,FIX
2004-02-09 00:00:00-05:00,6.829999923706055,6.829999923706055,6.320000171661377,6.400000095367432,5.123786926269531,109600,0.0,0.0,FIX
2004-02-10 00:00:00-05:00,6.480000019073486,6.650000095367432,6.480000019073486,6.599999904632568,5.283904075622559,192700,0.0,0.0,FIX
2004-02-11 00:00:00-05:00,6.599999904632568,6.710000038146973,6.579999923706055,6.710000038146973,5.3719706535339355,96000,0.0,0.0,FIX
2004-02-12 00:00:00-05:00,6.710000038146973,6.75,6.630000114440918,6.699999809265137,5.363964080810547,153600,0.0,0.0,FIX
2004-02-13 00:00:00-05:00,6.670000076293945,6.75,6.599999904632568,6.699999809265137,5.363964080810547,86600,0.0,0.0,FIX
2004-02-17 00:00:00-05:00,6.699999809265137,6.699999809265137,6.650000095367432,6.670000076293945,5.339945316314697,40700,0.0,0.0,FIX
2004-02-18 00:00:00-05:00,6.650000095367432,6.679999828338623,6.5,6.630000114440918,5.307921886444092,105700,0.0,0.0,FIX
2004-02-19 00:00:00-05:00,6.670000076293945,6.699999809265137,6.5,6.550000190734863,5.243874549865723,173000,0.0,0.0,FIX
2004-02-20 00:00:00-05:00,6.570000171661377,6.639999866485596,6.5,6.559999942779541,5.251882076263428,66500,0.0,0.0,FIX
2004-02-23 00:00:00-05:00,6.559999942779541,6.559999942779541,6.349999904632568,6.420000076293945,5.139798641204834,377200,0.0,0.0,FIX
2004-02-24 00:00:00-05:00,6.380000114440918,6.5,6.380000114440918,6.480000019073486,5.187832355499268,114700,0.0,0.0,FIX
2004-02-25 00:00:00-05:00,6.480000019073486,6.599999904632568,6.449999809265137,6.599999904632568,5.283904075622559,95000,0.0,0.0,FIX
2004-02-26 00:00:00-05:00,6.599999904632568,6.599999904632568,6.380000114440918,6.449999809265137,5.163815975189209,60500,0.0,0.0,FIX
2004-02-27 00:00:00-05:00,6.349999904632568,6.599999904632568,6.0,6.489999771118164,5.195838928222656,358600,0.0,0.0,FIX
2004-03-01 00:00:00-05:00,6.389999866485596,6.679999828338623,6.269999980926514,6.599999904632568,5.283904075622559,272200,0.0,0.0,FIX
2004-03-02 00:00:00-05:00,6.519999980926514,6.690000057220459,6.5,6.659999847412109,5.3319411277771,148000,0.0,0.0,FIX
2004-03-03 00:00:00-05:00,6.659999847412109,6.659999847412109,6.550000190734863,6.639999866485596,5.315925598144531,163400,0.0,0.0,FIX
2004-03-04 00:00:00-05:00,6.639999866485596,6.650000095367432,6.590000152587891,6.650000095367432,5.3239336013793945,95400,0.0,0.0,FIX
2004-03-05 00:00:00-05:00,6.599999904632568,6.849999904632568,6.599999904632568,6.670000076293945,5.339945316314697,259000,0.0,0.0,FIX
2004-03-08 00:00:00-05:00,7.400000095367432,7.699999809265137,7.079999923706055,7.349999904632568,5.884348392486572,1571800,0.0,0.0,FIX
2004-03-09 00:00:00-05:00,7.400000095367432,7.489999771118164,7.21999979019165,7.489999771118164,5.996428966522217,445100,0.0,0.0,FIX
2004-03-10 00:00:00-05:00,7.489999771118164,7.489999771118164,7.300000190734863,7.300000190734863,5.844320774078369,207800,0.0,0.0,FIX
2004-03-11 00:00:00-05:00,7.239999771118164,7.449999809265137,7.099999904632568,7.179999828338623,5.7482500076293945,234300,0.0,0.0,FIX
2004-03-12 00:00:00-05:00,7.199999809265137,7.349999904632568,7.159999847412109,7.300000190734863,5.844320774078369,144000,0.0,0.0,FIX
2004-03-15 00:00:00-05:00,7.260000228881836,7.269999980926514,7.059999942779541,7.139999866485596,5.716220855712891,121200,0.0,0.0,FIX
2004-03-16 00:00:00-05:00,7.190000057220459,7.349999904632568,7.059999942779541,7.349999904632568,5.884348392486572,190100,0.0,0.0,FIX
2004-03-17 00:00:00-05:00,7.349999904632568,7.449999809265137,7.150000095367432,7.199999809265137,5.7642598152160645,97200,0.0,0.0,FIX
2004-03-18 00:00:00-05:00,7.25,7.349999904632568,7.119999885559082,7.300000190734863,5.844320774078369,67100,0.0,0.0,FIX
2004-03-19 00:00:00-05:00,7.28000020980835,7.28000020980835,7.150000095367432,7.239999771118164,5.796285152435303,119500,0.0,0.0,FIX
2004-03-22 00:00:00-05:00,7.139999866485596,7.25,7.050000190734863,7.150000095367432,5.724230766296387,115600,0.0,0.0,FIX
2004-03-23 00:00:00-05:00,7.130000114440918,7.139999866485596,6.849999904632568,6.900000095367432,5.524080276489258,171100,0.0,0.0,FIX
2004-03-24 00:00:00-05:00,6.849999904632568,6.929999828338623,6.75,6.760000228881836,5.411999225616455,104200,0.0,0.0,FIX
2004-03-25 00:00:00-05:00,6.820000171661377,6.989999771118164,6.75,6.980000019073486,5.588129043579102,88500,0.0,0.0,FIX
2004-03-26 00:00:00-05:00,6.989999771118164,7.179999828338623,6.980000019073486,7.119999885559082,5.7002129554748535,68200,0.0,0.0,FIX
2004-03-29 00:00:00-05:00,7.0,7.019999980926514,6.829999923706055,6.900000095367432,5.524080276489258,114500,0.0,0.0,FIX
2004-03-30 00:00:00-05:00,6.880000114440918,7.199999809265137,6.800000190734863,7.179999828338623,5.7482500076293945,161200,0.0,0.0,FIX
2004-03-31 00:00:00-05:00,7.179999828338623,7.300000190734863,7.159999847412109,7.21999979019165,5.780269622802734,228800,0.0,0.0,FIX
2004-04-01 00:00:00-05:00,7.28000020980835,7.300000190734863,7.210000038146973,7.269999980926514,5.820300102233887,115900,0.0,0.0,FIX
2004-04-02 00:00:00-05:00,7.28000020980835,7.300000190734863,7.150000095367432,7.28000020980835,5.828306198120117,112300,0.0,0.0,FIX
2004-04-05 00:00:00-04:00,7.289999961853027,7.289999961853027,7.179999828338623,7.199999809265137,5.7642598152160645,62700,0.0,0.0,FIX
2004-04-06 00:00:00-04:00,7.199999809265137,7.300000190734863,7.159999847412109,7.300000190734863,5.844320774078369,44900,0.0,0.0,FIX
2004-04-07 00:00:00-04:00,7.300000190734863,7.300000190734863,7.159999847412109,7.239999771118164,5.796285152435303,48300,0.0,0.0,FIX
2004-04-08 00:00:00-04:00,7.159999847412109,7.449999809265137,7.0,7.320000171661377,5.860330581665039,115700,0.0,0.0,FIX
2004-04-12 00:00:00-04:00,7.360000133514404,7.389999866485596,7.300000190734863,7.300000190734863,5.844320774078369,142800,0.0,0.0,FIX
2004-04-13 00:00:00-04:00,7.199999809265137,7.210000038146973,7.0,7.179999828338623,5.7482500076293945,78200,0.0,0.0,FIX
2004-04-14 00:00:00-04:00,7.079999923706055,7.079999923706055,6.849999904632568,7.070000171661377,5.660182476043701,73600,0.0,0.0,FIX
2004-04-15 00:00:00-04:00,7.0,7.150000095367432,6.920000076293945,7.039999961853027,5.63616418838501,54400,0.0,0.0,FIX
2004-04-16 00:00:00-04:00,7.039999961853027,7.199999809265137,7.019999980926514,7.199999809265137,5.7642598152160645,48700,0.0,0.0,FIX
2004-04-19 00:00:00-04:00,7.199999809265137,7.199999809265137,6.949999809265137,7.170000076293945,5.7402424812316895,115600,0.0,0.0,FIX
2004-04-20 00:00:00-04:00,7.179999828338623,7.21999979019165,7.130000114440918,7.139999866485596,5.716220855712891,86200,0.0,0.0,FIX
2004-04-21 00:00:00-04:00,7.099999904632568,7.199999809265137,6.96999979019165,7.119999885559082,5.7002129554748535,69300,0.0,0.0,FIX
2004-04-22 00:00:00-04:00,7.019999980926514,7.199999809265137,7.019999980926514,7.170000076293945,5.7402424812316895,54600,0.0,0.0,FIX
2004-04-23 00:00:00-04:00,7.190000057220459,7.21999979019165,7.139999866485596,7.179999828338623,5.7482500076293945,31700,0.0,0.0,FIX
2004-04-26 00:00:00-04:00,7.190000057220459,7.449999809265137,7.190000057220459,7.360000133514404,5.8923540115356445,178900,0.0,0.0,FIX
2004-04-27 00:00:00-04:00,7.289999961853027,7.400000095367432,7.25,7.300000190734863,5.844320774078369,73700,0.0,0.0,FIX
2004-04-28 00:00:00-04:00,7.28000020980835,7.300000190734863,7.099999904632568,7.260000228881836,5.812295913696289,33700,0.0,0.0,FIX
2004-04-29 00:00:00-04:00,7.230000019073486,7.25,7.0,7.010000228881836,5.612147331237793,73500,0.0,0.0,FIX
2004-04-30 00:00:00-04:00,7.0,7.0,6.699999809265137,6.820000171661377,5.4600348472595215,155500,0.0,0.0,FIX
2004-05-03 00:00:00-04:00,6.820000171661377,6.989999771118164,6.75,6.989999771118164,5.59613561630249,187000,0.0,0.0,FIX
2004-05-04 00:00:00-04:00,7.110000133514404,7.429999828338623,7.099999904632568,7.199999809265137,5.7642598152160645,236300,0.0,0.0,FIX
2004-05-05 00:00:00-04:00,7.199999809265137,7.449999809265137,7.199999809265137,7.349999904632568,5.884348392486572,131400,0.0,0.0,FIX
2004-05-06 00:00:00-04:00,7.369999885559082,7.389999866485596,7.28000020980835,7.300000190734863,5.844320774078369,99700,0.0,0.0,FIX
2004-05-07 00:00:00-04:00,7.320000171661377,7.369999885559082,7.139999866485596,7.239999771118164,5.796285152435303,38900,0.0,0.0,FIX
2004-05-10 00:00:00-04:00,7.199999809265137,7.199999809265137,6.769999980926514,7.0,5.604143142700195,116300,0.0,0.0,FIX
2004-05-11 00:00:00-04:00,7.0,7.050000190734863,6.96999979019165,7.0,5.604143142700195,62600,0.0,0.0,FIX
2004-05-12 00:00:00-04:00,6.949999809265137,6.989999771118164,6.75,6.949999809265137,5.564109802246094,81400,0.0,0.0,FIX
2004-05-13 00:00:00-04:00,6.949999809265137,6.980000019073486,6.760000228881836,6.860000133514404,5.492059707641602,44500,0.0,0.0,FIX
2004-05-14 00:00:00-04:00,6.860000133514404,7.090000152587891,6.860000133514404,7.090000152587891,5.676194190979004,40000,0.0,0.0,FIX
2004-05-17 00:00:00-04:00,7.0,7.0,6.699999809265137,6.78000020980835,5.428011417388916,54300,0.0,0.0,FIX
2004-05-18 00:00:00-04:00,6.78000020980835,6.849999904632568,6.75,6.800000190734863,5.444024085998535,47200,0.0,0.0,FIX
2004-05-19 00:00:00-04:00,6.809999942779541,6.929999828338623,6.75,6.889999866485596,5.516075134277344,35300,0.0,0.0,FIX
2004-05-20 00:00:00-04:00,6.869999885559082,7.0,6.849999904632568,7.0,5.604143142700195,63200,0.0,0.0,FIX
2004-05-21 00:00:00-04:00,6.980000019073486,7.0,6.909999847412109,6.989999771118164,5.59613561630249,27800,0.0,0.0,FIX
2004-05-24 00:00:00-04:00,6.989999771118164,7.0,6.909999847412109,7.0,5.604143142700195,78800,0.0,0.0,FIX
2004-05-25 00:00:00-04:00,6.949999809265137,7.019999980926514,6.869999885559082,6.989999771118164,5.59613561630249,102900,0.0,0.0,FIX
2004-05-26 00:00:00-04:00,7.0,7.0,6.900000095367432,6.989999771118164,5.59613561630249,37400,0.0,0.0,FIX
2004-05-27 00:00:00-04:00,6.989999771118164,7.0,6.909999847412109,6.980000019073486,5.588129043579102,40700,0.0,0.0,FIX
2004-05-28 00:00:00-04:00,6.980000019073486,7.050000190734863,6.980000019073486,7.050000190734863,5.644172191619873,62600,0.0,0.0,FIX
2004-06-01 00:00:00-04:00,7.050000190734863,7.050000190734863,6.909999847412109,7.050000190734863,5.644172191619873,88800,0.0,0.0,FIX
2004-06-02 00:00:00-04:00,7.050000190734863,7.25,6.980000019073486,7.210000038146973,5.772266864776611,155500,0.0,0.0,FIX
2004-06-03 00:00:00-04:00,7.25,7.300000190734863,7.199999809265137,7.25,5.804289817810059,156200,0.0,0.0,FIX
2004-06-04 00:00:00-04:00,7.21999979019165,7.289999961853027,7.099999904632568,7.25,5.804289817810059,47200,0.0,0.0,FIX
2004-06-07 00:00:00-04:00,7.21999979019165,7.900000095367432,7.099999904632568,7.760000228881836,6.212591171264648,400400,0.0,0.0,FIX
2004-06-08 00:00:00-04:00,7.699999809265137,7.710000038146973,7.510000228881836,7.619999885559082,6.100508213043213,202800,0.0,0.0,FIX
2004-06-09 00:00:00-04:00,7.699999809265137,7.730000019073486,7.510000228881836,7.599999904632568,6.0844950675964355,167000,0.0,0.0,FIX
2004-06-10 00:00:00-04:00,7.650000095367432,7.650000095367432,7.510000228881836,7.619999885559082,6.100508213043213,47400,0.0,0.0,FIX
2004-06-14 00:00:00-04:00,7.619999885559082,7.650000095367432,7.539999961853027,7.590000152587891,6.0764899253845215,117600,0.0,0.0,FIX
2004-06-15 00:00:00-04:00,7.570000171661377,7.599999904632568,7.329999923706055,7.5,6.00443696975708,127600,0.0,0.0,FIX
2004-06-16 00:00:00-04:00,7.449999809265137,7.639999866485596,7.409999847412109,7.599999904632568,6.0844950675964355,110100,0.0,0.0,FIX
2004-06-17 00:00:00-04:00,7.599999904632568,7.639999866485596,7.369999885559082,7.619999885559082,6.100508213043213,81000,0.0,0.0,FIX
2004-06-18 00:00:00-04:00,7.619999885559082,7.690000057220459,7.5,7.570000171661377,6.06048059463501,138000,0.0,0.0,FIX
2004-06-21 00:00:00-04:00,7.570000171661377,7.599999904632568,7.21999979019165,7.329999923706055,5.868335247039795,81200,0.0,0.0,FIX
2004-06-22 00:00:00-04:00,7.300000190734863,7.53000020980835,7.25,7.289999961853027,5.8363118171691895,104300,0.0,0.0,FIX
2004-06-23 00:00:00-04:00,7.289999961853027,7.300000190734863,7.110000133514404,7.21999979019165,5.780269622802734,203700,0.0,0.0,FIX
2004-06-24 00:00:00-04:00,7.320000171661377,7.340000152587891,6.989999771118164,7.079999923706055,5.668189525604248,295800,0.0,0.0,FIX
2004-06-25 00:00:00-04:00,7.119999885559082,7.269999980926514,6.199999809265137,6.199999809265137,4.963666915893555,2015100,0.0,0.0,FIX
2004-06-28 00:00:00-04:00,6.550000190734863,6.880000114440918,6.550000190734863,6.75,5.403992652893066,755100,0.0,0.0,FIX
2004-06-29 00:00:00-04:00,6.75,6.800000190734863,6.550000190734863,6.590000152587891,5.2758989334106445,418400,0.0,0.0,FIX
2004-06-30 00:00:00-04:00,6.46999979019165,6.539999961853027,6.349999904632568,6.389999866485596,5.115780353546143,341000,0.0,0.0,FIX
2004-07-01 00:00:00-04:00,6.340000152587891,6.480000019073486,6.329999923706055,6.369999885559082,5.099769115447998,256700,0.0,0.0,FIX
2004-07-02 00:00:00-04:00,6.699999809265137,6.75,6.599999904632568,6.699999809265137,5.363964080810547,264100,0.0,0.0,FIX
2004-07-06 00:00:00-04:00,6.760000228881836,6.949999809265137,6.650000095367432,6.889999866485596,5.516075134277344,302800,0.0,0.0,FIX
2004-07-07 00:00:00-04:00,6.900000095367432,7.0,6.710000038146973,6.900000095367432,5.524080276489258,146900,0.0,0.0,FIX
2004-07-08 00:00:00-04:00,6.800000190734863,6.809999942779541,6.170000076293945,6.25,5.003696441650391,148200,0.0,0.0,FIX
2004-07-09 00:00:00-04:00,6.199999809265137,6.320000171661377,5.940000057220459,6.239999771118164,4.995691776275635,209100,0.0,0.0,FIX
2004-07-12 00:00:00-04:00,6.25,6.489999771118164,6.25,6.409999847412109,5.131791591644287,112600,0.0,0.0,FIX
2004-07-13 00:00:00-04:00,6.420000076293945,6.460000038146973,6.309999942779541,6.309999942779541,5.051734924316406,94900,0.0,0.0,FIX
2004-07-14 00:00:00-04:00,6.21999979019165,6.440000057220459,6.199999809265137,6.210000038146973,4.971674919128418,112900,0.0,0.0,FIX
2004-07-15 00:00:00-04:00,6.25,6.309999942779541,6.079999923706055,6.119999885559082,4.899620056152344,86100,0.0,0.0,FIX
2004-07-16 00:00:00-04:00,6.090000152587891,6.150000095367432,5.650000095367432,5.75,4.603403091430664,423200,0.0,0.0,FIX
2004-07-19 00:00:00-04:00,5.699999809265137,5.960000038146973,5.699999809265137,5.960000038146973,4.771525859832764,93800,0.0,0.0,FIX
2004-07-20 00:00:00-04:00,6.0,6.150000095367432,5.840000152587891,6.070000171661377,4.859590530395508,123600,0.0,0.0,FIX
2004-07-21 00:00:00-04:00,6.170000076293945,6.239999771118164,5.71999979019165,5.71999979019165,4.5793843269348145,123100,0.0,0.0,FIX
2004-07-22 00:00:00-04:00,5.800000190734863,6.050000190734863,5.800000190734863,5.989999771118164,4.795543193817139,191700,0.0,0.0,FIX
2004-07-23 00:00:00-04:00,5.889999866485596,5.889999866485596,5.590000152587891,5.699999809265137,4.563372611999512,145400,0.0,0.0,FIX
2004-07-26 00:00:00-04:00,5.630000114440918,5.769999980926514,5.25,5.309999942779541,4.251142978668213,308000,0.0,0.0,FIX
2004-07-27 00:00:00-04:00,5.389999866485596,5.769999980926514,5.380000114440918,5.610000133514404,4.49131965637207,311500,0.0,0.0,FIX
2004-07-28 00:00:00-04:00,5.550000190734863,6.070000171661377,5.519999980926514,5.949999809265137,4.76352071762085,202100,0.0,0.0,FIX
2004-07-29 00:00:00-04:00,6.0,6.079999923706055,5.75,5.900000095367432,4.7234907150268555,70500,0.0,0.0,FIX
2004-07-30 00:00:00-04:00,5.800000190734863,6.070000171661377,5.679999828338623,5.989999771118164,4.795543193817139,132100,0.0,0.0,FIX
2004-08-02 00:00:00-04:00,5.889999866485596,6.170000076293945,5.769999980926514,6.170000076293945,4.9396491050720215,161200,0.0,0.0,FIX
2004-08-03 00:00:00-04:00,6.179999828338623,6.309999942779541,5.920000076293945,6.110000133514404,4.891613006591797,333800,0.0,0.0,FIX
2004-08-04 00:00:00-04:00,6.099999904632568,6.329999923706055,5.920000076293945,6.25,5.003696441650391,192700,0.0,0.0,FIX
2004-08-05 00:00:00-04:00,6.150000095367432,6.300000190734863,6.090000152587891,6.190000057220459,4.955663204193115,337600,0.0,0.0,FIX
2004-08-06 00:00:00-04:00,6.090000152587891,6.230000019073486,6.019999980926514,6.090000152587891,4.875602722167969,127500,0.0,0.0,FIX
2004-08-09 00:00:00-04:00,6.099999904632568,6.349999904632568,5.960000038146973,6.289999961853027,5.035720348358154,289900,0.0,0.0,FIX
2004-08-10 00:00:00-04:00,6.25,6.28000020980835,6.079999923706055,6.210000038146973,4.971674919128418,160300,0.0,0.0,FIX
2004-08-11 00:00:00-04:00,6.170000076293945,6.449999809265137,6.0,6.320000171661377,5.059741020202637,94500,0.0,0.0,FIX
2004-08-12 00:00:00-04:00,6.21999979019165,6.239999771118164,6.0,6.03000020980835,4.827567100524902,72400,0.0,0.0,FIX
2004-08-13 00:00:00-04:00,6.03000020980835,6.300000190734863,6.019999980926514,6.289999961853027,5.035720348358154,73100,0.0,0.0,FIX
2004-08-16 00:00:00-04:00,6.380000114440918,6.5,6.260000228881836,6.5,5.203845500946045,94900,0.0,0.0,FIX
2004-08-17 00:00:00-04:00,6.53000020980835,6.539999961853027,6.320000171661377,6.539999961853027,5.235867500305176,103000,0.0,0.0,FIX
2004-08-18 00:00:00-04:00,6.480000019073486,6.730000019073486,6.329999923706055,6.679999828338623,5.347951889038086,155300,0.0,0.0,FIX
2004-08-19 00:00:00-04:00,6.679999828338623,6.840000152587891,6.579999923706055,6.710000038146973,5.3719706535339355,165800,0.0,0.0,FIX
2004-08-20 00:00:00-04:00,6.710000038146973,6.929999828338623,6.679999828338623,6.929999828338623,5.548099994659424,118800,0.0,0.0,FIX
2004-08-23 00:00:00-04:00,6.900000095367432,6.949999809265137,6.650000095367432,6.699999809265137,5.363964080810547,160600,0.0,0.0,FIX
2004-08-24 00:00:00-04:00,6.739999771118164,6.840000152587891,6.400000095367432,6.639999866485596,5.315925598144531,113400,0.0,0.0,FIX
2004-08-25 00:00:00-04:00,6.599999904632568,6.840000152587891,6.599999904632568,6.800000190734863,5.444024085998535,119000,0.0,0.0,FIX
2004-08-26 00:00:00-04:00,6.75,6.869999885559082,6.690000057220459,6.869999885559082,5.500063896179199,187300,0.0,0.0,FIX
2004-08-27 00:00:00-04:00,6.849999904632568,6.860000133514404,6.599999904632568,6.75,5.403992652893066,142400,0.0,0.0,FIX
2004-08-30 00:00:00-04:00,6.699999809265137,6.739999771118164,6.550000190734863,6.590000152587891,5.2758989334106445,60400,0.0,0.0,FIX
2004-08-31 00:00:00-04:00,6.610000133514404,6.710000038146973,6.409999847412109,6.699999809265137,5.363964080810547,58300,0.0,0.0,FIX
2004-09-01 00:00:00-04:00,6.679999828338623,6.889999866485596,6.369999885559082,6.5,5.203845500946045,145800,0.0,0.0,FIX
2004-09-02 00:00:00-04:00,6.400000095367432,6.869999885559082,6.349999904632568,6.789999961853027,5.436018466949463,65600,0.0,0.0,FIX
2004-09-03 00:00:00-04:00,6.75,6.789999961853027,6.400000095367432,6.590000152587891,5.2758989334106445,69000,0.0,0.0,FIX
2004-09-07 00:00:00-04:00,6.590000152587891,6.75,6.5,6.730000019073486,5.387980937957764,274700,0.0,0.0,FIX
2004-09-08 00:00:00-04:00,6.75,6.920000076293945,6.75,6.869999885559082,5.500063896179199,275400,0.0,0.0,FIX
2004-09-09 00:00:00-04:00,6.889999866485596,7.0,6.71999979019165,7.0,5.604143142700195,268300,0.0,0.0,FIX
2004-09-10 00:00:00-04:00,7.0,7.199999809265137,6.949999809265137,7.159999847412109,5.732237339019775,145300,0.0,0.0,FIX
2004-09-13 00:00:00-04:00,7.099999904632568,7.150000095367432,6.659999847412109,6.949999809265137,5.564109802246094,221500,0.0,0.0,FIX
2004-09-14 00:00:00-04:00,6.909999847412109,7.090000152587891,6.860000133514404,7.059999942779541,5.652178764343262,194800,0.0,0.0,FIX
2004-09-15 00:00:00-04:00,7.090000152587891,7.090000152587891,7.0,7.050000190734863,5.644172191619873,126700,0.0,0.0,FIX
2004-09-16 00:00:00-04:00,7.099999904632568,7.199999809265137,7.090000152587891,7.179999828338623,5.7482500076293945,253500,0.0,0.0,FIX
2004-09-17 00:00:00-04:00,7.25,7.289999961853027,7.150000095367432,7.25,5.804289817810059,266600,0.0,0.0,FIX
2004-09-20 00:00:00-04:00,7.199999809265137,7.25,7.059999942779541,7.21999979019165,5.780269622802734,48800,0.0,0.0,FIX
2004-09-21 00:00:00-04:00,7.21999979019165,7.25,7.159999847412109,7.25,5.804289817810059,46500,0.0,0.0,FIX
2004-09-22 00:00:00-04:00,7.199999809265137,7.21999979019165,7.03000020980835,7.070000171661377,5.660182476043701,60700,0.0,0.0,FIX
2004-09-23 00:00:00-04:00,7.079999923706055,7.21999979019165,7.050000190734863,7.130000114440918,5.708217144012451,30700,0.0,0.0,FIX
2004-09-24 00:00:00-04:00,7.099999904632568,7.230000019073486,7.099999904632568,7.190000057220459,5.756252288818359,74200,0.0,0.0,FIX
2004-09-27 00:00:00-04:00,7.130000114440918,7.130000114440918,6.869999885559082,6.900000095367432,5.524080276489258,31000,0.0,0.0,FIX
2004-09-28 00:00:00-04:00,6.900000095367432,7.0,6.75,6.760000228881836,5.411999225616455,70300,0.0,0.0,FIX
2004-09-29 00:00:00-04:00,6.760000228881836,6.900000095367432,6.75,6.800000190734863,5.444024085998535,69800,0.0,0.0,FIX
2004-09-30 00:00:00-04:00,6.800000190734863,6.860000133514404,6.550000190734863,6.599999904632568,5.283904075622559,109700,0.0,0.0,FIX
2004-10-01 00:00:00-04:00,6.650000095367432,6.900000095367432,6.599999904632568,6.820000171661377,5.4600348472595215,258200,0.0,0.0,FIX
2004-10-04 00:00:00-04:00,6.800000190734863,6.96999979019165,6.75,6.78000020980835,5.428011417388916,84100,0.0,0.0,FIX
2004-10-05 00:00:00-04:00,6.760000228881836,6.849999904632568,6.630000114440918,6.730000019073486,5.387980937957764,56200,0.0,0.0,FIX
2004-10-06 00:00:00-04:00,6.650000095367432,6.800000190734863,6.650000095367432,6.789999961853027,5.436018466949463,64600,0.0,0.0,FIX
2004-10-07 00:00:00-04:00,6.760000228881836,6.809999942779541,6.300000190734863,6.340000152587891,5.075753211975098,61900,0.0,0.0,FIX
2004-10-08 00:00:00-04:00,6.239999771118164,6.519999980926514,6.070000171661377,6.159999847412109,4.931643962860107,83700,0.0,0.0,FIX
2004-10-11 00:00:00-04:00,6.159999847412109,6.300000190734863,6.130000114440918,6.239999771118164,4.995691776275635,59900,0.0,0.0,FIX
2004-10-12 00:00:00-04:00,6.239999771118164,6.559999942779541,6.199999809265137,6.5,5.203845500946045,30300,0.0,0.0,FIX
2004-10-13 00:00:00-04:00,6.5,6.5,6.03000020980835,6.369999885559082,5.099769115447998,82800,0.0,0.0,FIX
2004-10-14 00:00:00-04:00,6.320000171661377,6.369999885559082,6.25,6.300000190734863,5.043727397918701,58900,0.0,0.0,FIX
2004-10-15 00:00:00-04:00,6.300000190734863,6.349999904632568,6.25,6.349999904632568,5.083756446838379,35300,0.0,0.0,FIX
2004-10-18 00:00:00-04:00,6.300000190734863,6.429999828338623,6.199999809265137,6.28000020980835,5.027714252471924,76900,0.0,0.0,FIX
2004-10-19 00:00:00-04:00,6.340000152587891,6.460000038146973,6.230000019073486,6.309999942779541,5.051734924316406,37700,0.0,0.0,FIX
2004-10-20 00:00:00-04:00,6.260000228881836,6.400000095367432,6.21999979019165,6.300000190734863,5.043727397918701,51700,0.0,0.0,FIX
2004-10-21 00:00:00-04:00,6.329999923706055,6.480000019073486,6.260000228881836,6.300000190734863,5.043727397918701,44800,0.0,0.0,FIX
2004-10-22 00:00:00-04:00,6.260000228881836,6.400000095367432,6.099999904632568,6.130000114440918,4.907628059387207,97200,0.0,0.0,FIX
2004-10-25 00:00:00-04:00,6.130000114440918,6.5,6.130000114440918,6.440000057220459,5.1558098793029785,53300,0.0,0.0,FIX
2004-10-26 00:00:00-04:00,6.449999809265137,6.670000076293945,6.420000076293945,6.579999923706055,5.2678937911987305,92300,0.0,0.0,FIX
2004-10-27 00:00:00-04:00,6.630000114440918,6.800000190734863,6.570000171661377,6.699999809265137,5.363964080810547,97900,0.0,0.0,FIX
2004-10-28 00:00:00-04:00,6.639999866485596,6.880000114440918,6.590000152587891,6.869999885559082,5.500063896179199,71200,0.0,0.0,FIX
2004-10-29 00:00:00-04:00,6.829999923706055,6.949999809265137,6.75,6.929999828338623,5.548099994659424,76400,0.0,0.0,FIX
2004-11-01 00:00:00-05:00,6.869999885559082,6.929999828338623,6.71999979019165,6.809999942779541,5.452030658721924,71500,0.0,0.0,FIX
2004-11-02 00:00:00-05:00,6.849999904632568,6.900000095367432,6.670000076293945,6.730000019073486,5.387980937957764,71600,0.0,0.0,FIX
2004-11-03 00:00:00-05:00,6.730000019073486,6.820000171661377,6.199999809265137,6.75,5.403992652893066,290800,0.0,0.0,FIX
2004-11-04 00:00:00-05:00,6.699999809265137,6.760000228881836,6.650000095367432,6.690000057220459,5.355957984924316,173500,0.0,0.0,FIX
2004-11-05 00:00:00-05:00,6.690000057220459,6.699999809265137,6.349999904632568,6.449999809265137,5.163815975189209,39000,0.0,0.0,FIX
2004-11-08 00:00:00-05:00,6.400000095367432,6.5,6.300000190734863,6.420000076293945,5.139798641204834,48300,0.0,0.0,FIX
2004-11-09 00:00:00-05:00,6.360000133514404,6.570000171661377,6.210000038146973,6.420000076293945,5.139798641204834,39800,0.0,0.0,FIX
2004-11-10 00:00:00-05:00,6.420000076293945,6.650000095367432,6.320000171661377,6.53000020980835,5.227863311767578,39400,0.0,0.0,FIX
2004-11-11 00:00:00-05:00,6.489999771118164,6.699999809265137,6.380000114440918,6.590000152587891,5.2758989334106445,87600,0.0,0.0,FIX
2004-11-12 00:00:00-05:00,6.599999904632568,6.599999904632568,6.460000038146973,6.550000190734863,5.243874549865723,70500,0.0,0.0,FIX
2004-11-15 00:00:00-05:00,6.539999961853027,6.699999809265137,6.369999885559082,6.659999847412109,5.3319411277771,84000,0.0,0.0,FIX
2004-11-16 00:00:00-05:00,6.599999904632568,6.730000019073486,6.53000020980835,6.619999885559082,5.299918174743652,74700,0.0,0.0,FIX
2004-11-17 00:00:00-05:00,6.690000057220459,7.0,6.690000057220459,6.829999923706055,5.468038558959961,52200,0.0,0.0,FIX
2004-11-18 00:00:00-05:00,6.849999904632568,6.920000076293945,6.760000228881836,6.849999904632568,5.4840521812438965,60500,0.0,0.0,FIX
2004-11-19 00:00:00-05:00,6.849999904632568,7.0,6.75,6.900000095367432,5.524080276489258,100000,0.0,0.0,FIX
2004-11-22 00:00:00-05:00,6.820000171661377,7.0,6.800000190734863,7.0,5.604143142700195,74900,0.0,0.0,FIX
2004-11-23 00:00:00-05:00,6.980000019073486,7.139999866485596,6.869999885559082,7.019999980926514,5.620153427124023,112700,0.0,0.0,FIX
2004-11-24 00:00:00-05:00,7.050000190734863,7.190000057220459,7.019999980926514,7.190000057220459,5.756252288818359,46200,0.0,0.0,FIX
2004-11-26 00:00:00-05:00,7.21999979019165,7.28000020980835,7.199999809265137,7.199999809265137,5.7642598152160645,8600,0.0,0.0,FIX
2004-11-29 00:00:00-05:00,7.099999904632568,7.300000190734863,7.050000190734863,7.199999809265137,5.7642598152160645,55500,0.0,0.0,FIX
2004-11-30 00:00:00-05:00,7.139999866485596,7.300000190734863,7.019999980926514,7.199999809265137,5.7642598152160645,74800,0.0,0.0,FIX
2004-12-01 00:00:00-05:00,7.28000020980835,7.5,7.199999809265137,7.449999809265137,5.964408874511719,161200,0.0,0.0,FIX
2004-12-02 00:00:00-05:00,7.400000095367432,7.510000228881836,7.360000133514404,7.460000038146973,5.972411632537842,123100,0.0,0.0,FIX
2004-12-03 00:00:00-05:00,7.480000019073486,7.5,7.349999904632568,7.449999809265137,5.964408874511719,62000,0.0,0.0,FIX
2004-12-06 00:00:00-05:00,7.21999979019165,7.480000019073486,7.119999885559082,7.119999885559082,5.7002129554748535,128100,0.0,0.0,FIX
2004-12-07 00:00:00-05:00,7.099999904632568,7.179999828338623,7.010000228881836,7.059999942779541,5.652178764343262,85700,0.0,0.0,FIX
2004-12-08 00:00:00-05:00,7.0,7.449999809265137,7.0,7.449999809265137,5.964408874511719,67500,0.0,0.0,FIX
2004-12-09 00:00:00-05:00,7.400000095367432,7.440000057220459,7.21999979019165,7.380000114440918,5.908365726470947,52700,0.0,0.0,FIX
2004-12-10 00:00:00-05:00,7.349999904632568,7.5,7.230000019073486,7.480000019073486,5.988423824310303,35300,0.0,0.0,FIX
2004-12-13 00:00:00-05:00,7.489999771118164,7.590000152587891,7.320000171661377,7.590000152587891,6.0764899253845215,69900,0.0,0.0,FIX
2004-12-14 00:00:00-05:00,7.550000190734863,7.949999809265137,7.550000190734863,7.809999942779541,6.252620697021484,241800,0.0,0.0,FIX
2004-12-15 00:00:00-05:00,7.909999847412109,7.920000076293945,7.699999809265137,7.710000038146973,6.172562122344971,166600,0.0,0.0,FIX
2004-12-16 00:00:00-05:00,7.710000038146973,7.75,7.329999923706055,7.489999771118164,5.996428966522217,99800,0.0,0.0,FIX
2004-12-17 00:00:00-05:00,7.46999979019165,7.489999771118164,7.119999885559082,7.329999923706055,5.868335247039795,86600,0.0,0.0,FIX
2004-12-20 00:00:00-05:00,7.300000190734863,7.550000190734863,7.300000190734863,7.420000076293945,5.940389156341553,83900,0.0,0.0,FIX
2004-12-21 00:00:00-05:00,7.420000076293945,7.590000152587891,7.329999923706055,7.480000019073486,5.988423824310303,88600,0.0,0.0,FIX
2004-12-22 00:00:00-05:00,7.5,7.699999809265137,7.5,7.590000152587891,6.0764899253845215,122500,0.0,0.0,FIX
2004-12-23 00:00:00-05:00,7.679999828338623,7.699999809265137,7.630000114440918,7.679999828338623,6.148542881011963,37000,0.0,0.0,FIX
2004-12-27 00:00:00-05:00,7.679999828338623,7.699999809265137,7.510000228881836,7.690000057220459,6.156548023223877,81800,0.0,0.0,FIX
2004-12-28 00:00:00-05:00,7.659999847412109,7.829999923706055,7.650000095367432,7.800000190734863,6.244615077972412,107800,0.0,0.0,FIX
2004-12-29 00:00:00-05:00,7.78000020980835,7.880000114440918,7.730000019073486,7.829999923706055,6.2686333656311035,47300,0.0,0.0,FIX
2004-12-30 00:00:00-05:00,7.769999980926514,7.809999942779541,7.539999961853027,7.639999866485596,6.116519927978516,39900,0.0,0.0,FIX
2004-12-31 00:00:00-05:00,7.639999866485596,7.710000038146973,7.449999809265137,7.679999828338623,6.148542881011963,66100,0.0,0.0,FIX
2005-01-03 00:00:00-05:00,7.840000152587891,7.900000095367432,7.320000171661377,7.420000076293945,5.940389156341553,221800,0.0,0.0,FIX
2005-01-04 00:00:00-05:00,7.5,7.550000190734863,6.920000076293945,6.949999809265137,5.564109802246094,144200,0.0,0.0,FIX
2005-01-05 00:00:00-05:00,6.949999809265137,7.300000190734863,6.900000095367432,7.010000228881836,5.612147331237793,101400,0.0,0.0,FIX
2005-01-06 00:00:00-05:00,7.059999942779541,7.099999904632568,6.960000038146973,7.0,5.604143142700195,69000,0.0,0.0,FIX
2005-01-07 00:00:00-05:00,7.03000020980835,7.03000020980835,6.869999885559082,6.920000076293945,5.540095806121826,79300,0.0,0.0,FIX
2005-01-10 00:00:00-05:00,6.920000076293945,7.309999942779541,6.920000076293945,7.130000114440918,5.708217144012451,50100,0.0,0.0,FIX
2005-01-11 00:00:00-05:00,7.099999904632568,7.21999979019165,6.949999809265137,6.960000038146973,5.572117328643799,50400,0.0,0.0,FIX
2005-01-12 00:00:00-05:00,7.010000228881836,7.139999866485596,6.889999866485596,7.099999904632568,5.684201717376709,50300,0.0,0.0,FIX
2005-01-13 00:00:00-05:00,7.099999904632568,7.099999904632568,6.920000076293945,7.0,5.604143142700195,46800,0.0,0.0,FIX
2005-01-14 00:00:00-05:00,7.050000190734863,7.130000114440918,6.940000057220459,7.119999885559082,5.7002129554748535,35200,0.0,0.0,FIX
2005-01-18 00:00:00-05:00,7.170000076293945,7.400000095367432,6.989999771118164,7.380000114440918,5.908365726470947,44600,0.0,0.0,FIX
2005-01-19 00:00:00-05:00,7.28000020980835,7.300000190734863,7.03000020980835,7.070000171661377,5.660182476043701,295500,0.0,0.0,FIX
2005-01-20 00:00:00-05:00,7.0,7.010000228881836,6.670000076293945,6.679999828338623,5.347951889038086,163500,0.0,0.0,FIX
2005-01-21 00:00:00-05:00,6.699999809265137,7.059999942779541,6.699999809265137,6.96999979019165,5.5801239013671875,132700,0.0,0.0,FIX
2005-01-24 00:00:00-05:00,6.949999809265137,7.099999904632568,6.920000076293945,6.960000038146973,5.572117328643799,85500,0.0,0.0,FIX
2005-01-25 00:00:00-05:00,7.039999961853027,7.050000190734863,6.75,6.980000019073486,5.588129043579102,81900,0.0,0.0,FIX
2005-01-26 00:00:00-05:00,6.980000019073486,7.0,6.849999904632568,6.989999771118164,5.59613561630249,66700,0.0,0.0,FIX
2005-01-27 00:00:00-05:00,6.940000057220459,7.0,6.900000095367432,7.0,5.604143142700195,52000,0.0,0.0,FIX
2005-01-28 00:00:00-05:00,6.960000038146973,6.960000038146973,6.710000038146973,6.789999961853027,5.436018466949463,61700,0.0,0.0,FIX
2005-01-31 00:00:00-05:00,7.0,7.0,6.71999979019165,6.809999942779541,5.452030658721924,151100,0.0,0.0,FIX
2005-02-01 00:00:00-05:00,6.760000228881836,7.170000076293945,6.71999979019165,7.170000076293945,5.7402424812316895,742000,0.0,0.0,FIX
2005-02-02 00:00:00-05:00,7.119999885559082,7.400000095367432,7.119999885559082,7.360000133514404,5.8923540115356445,196000,0.0,0.0,FIX
2005-02-03 00:00:00-05:00,7.360000133514404,7.360000133514404,7.179999828338623,7.210000038146973,5.772266864776611,94000,0.0,0.0,FIX
2005-02-04 00:00:00-05:00,7.110000133514404,7.329999923706055,7.019999980926514,7.289999961853027,5.8363118171691895,139900,0.0,0.0,FIX
2005-02-07 00:00:00-05:00,7.360000133514404,7.380000114440918,7.170000076293945,7.28000020980835,5.828306198120117,58700,0.0,0.0,FIX
2005-02-08 00:00:00-05:00,7.179999828338623,7.230000019073486,7.0,7.139999866485596,5.716220855712891,30400,0.0,0.0,FIX
2005-02-09 00:00:00-05:00,7.03000020980835,7.269999980926514,7.03000020980835,7.199999809265137,5.7642598152160645,86300,0.0,0.0,FIX
2005-02-10 00:00:00-05:00,7.139999866485596,7.21999979019165,7.019999980926514,7.139999866485596,5.716220855712891,52300,0.0,0.0,FIX
2005-02-11 00:00:00-05:00,7.099999904632568,7.400000095367432,7.0,7.400000095367432,5.924378871917725,57100,0.0,0.0,FIX
2005-02-14 00:00:00-05:00,7.300000190734863,7.389999866485596,7.25,7.380000114440918,5.908365726470947,69600,0.0,0.0,FIX
2005-02-15 00:00:00-05:00,7.300000190734863,7.5,7.179999828338623,7.489999771118164,5.996428966522217,900700,0.0,0.0,FIX
2005-02-16 00:00:00-05:00,7.489999771118164,7.679999828338623,7.300000190734863,7.639999866485596,6.116519927978516,191400,0.0,0.0,FIX
2005-02-17 00:00:00-05:00,7.630000114440918,7.679999828338623,7.53000020980835,7.550000190734863,6.044466972351074,722900,0.0,0.0,FIX
2005-02-18 00:00:00-05:00,7.590000152587891,7.630000114440918,7.46999979019165,7.559999942779541,6.052473068237305,204800,0.0,0.0,FIX
2005-02-22 00:00:00-05:00,7.460000038146973,7.5,7.179999828338623,7.210000038146973,5.772266864776611,471000,0.0,0.0,FIX
2005-02-23 00:00:00-05:00,7.309999942779541,7.380000114440918,7.159999847412109,7.159999847412109,5.732237339019775,91800,0.0,0.0,FIX
2005-02-24 00:00:00-05:00,7.170000076293945,7.21999979019165,7.0,7.139999866485596,5.716220855712891,72400,0.0,0.0,FIX
2005-02-25 00:00:00-05:00,7.190000057220459,7.539999961853027,7.179999828338623,7.489999771118164,5.996428966522217,106600,0.0,0.0,FIX
2005-02-28 00:00:00-05:00,7.5,7.75,7.400000095367432,7.71999979019165,6.180565357208252,208100,0.0,0.0,FIX
2005-03-01 00:00:00-05:00,7.699999809265137,7.96999979019165,7.699999809265137,7.889999866485596,6.316667556762695,241600,0.0,0.0,FIX
2005-03-02 00:00:00-05:00,7.75,7.900000095367432,7.639999866485596,7.860000133514404,6.292651653289795,417100,0.0,0.0,FIX
2005-03-03 00:00:00-05:00,7.900000095367432,8.550000190734863,7.900000095367432,8.210000038146973,6.572856903076172,1135100,0.0,0.0,FIX
2005-03-04 00:00:00-05:00,8.149999618530273,8.199999809265137,7.880000114440918,8.029999732971191,6.428751468658447,251700,0.0,0.0,FIX
2005-03-07 00:00:00-05:00,7.980000019073486,8.100000381469727,7.940000057220459,8.0,6.404733180999756,225400,0.0,0.0,FIX
2005-03-08 00:00:00-05:00,7.949999809265137,8.09000015258789,7.889999866485596,7.889999866485596,6.316667556762695,157000,0.0,0.0,FIX
2005-03-09 00:00:00-05:00,7.900000095367432,8.050000190734863,7.869999885559082,7.869999885559082,6.300657272338867,110000,0.0,0.0,FIX
2005-03-10 00:00:00-05:00,7.920000076293945,7.989999771118164,7.760000228881836,7.849999904632568,6.284644603729248,126800,0.0,0.0,FIX
2005-03-11 00:00:00-05:00,7.800000190734863,7.800000190734863,7.519999980926514,7.599999904632568,6.0844950675964355,88000,0.0,0.0,FIX
2005-03-14 00:00:00-05:00,7.599999904632568,7.809999942779541,7.579999923706055,7.800000190734863,6.244615077972412,85000,0.0,0.0,FIX
2005-03-15 00:00:00-05:00,7.849999904632568,7.849999904632568,7.579999923706055,7.789999961853027,6.236608505249023,121700,0.0,0.0,FIX
2005-03-16 00:00:00-05:00,7.71999979019165,7.800000190734863,7.550000190734863,7.690000057220459,6.156548023223877,147200,0.0,0.0,FIX
2005-03-17 00:00:00-05:00,7.769999980926514,7.840000152587891,7.599999904632568,7.840000152587891,6.27664041519165,51700,0.0,0.0,FIX
2005-03-18 00:00:00-05:00,7.929999828338623,7.929999828338623,7.570000171661377,7.699999809265137,6.164557933807373,219000,0.0,0.0,FIX
2005-03-21 00:00:00-05:00,7.699999809265137,7.699999809265137,7.46999979019165,7.570000171661377,6.06048059463501,107400,0.0,0.0,FIX
2005-03-22 00:00:00-05:00,7.599999904632568,7.75,7.46999979019165,7.5,6.00443696975708,64700,0.0,0.0,FIX
2005-03-23 00:00:00-05:00,7.460000038146973,7.650000095367432,7.460000038146973,7.480000019073486,5.988423824310303,113600,0.0,0.0,FIX
2005-03-24 00:00:00-05:00,7.510000228881836,7.889999866485596,7.5,7.829999923706055,6.2686333656311035,92100,0.0,0.0,FIX
2005-03-28 00:00:00-05:00,7.849999904632568,7.860000133514404,7.71999979019165,7.800000190734863,6.244615077972412,84600,0.0,0.0,FIX
2005-03-29 00:00:00-05:00,7.800000190734863,7.889999866485596,7.699999809265137,7.800000190734863,6.244615077972412,141900,0.0,0.0,FIX
2005-03-30 00:00:00-05:00,7.829999923706055,7.940000057220459,7.590000152587891,7.940000057220459,6.3566999435424805,81500,0.0,0.0,FIX
2005-03-31 00:00:00-05:00,7.900000095367432,7.900000095367432,7.630000114440918,7.75,6.204586505889893,161200,0.0,0.0,FIX
2005-04-01 00:00:00-05:00,7.75,7.840000152587891,7.429999828338623,7.519999980926514,6.020449638366699,167900,0.0,0.0,FIX
2005-04-04 00:00:00-04:00,7.449999809265137,7.949999809265137,7.449999809265137,7.929999828338623,6.348689079284668,145400,0.0,0.0,FIX
2005-04-05 00:00:00-04:00,7.829999923706055,7.949999809265137,7.800000190734863,7.949999809265137,6.364704132080078,79200,0.0,0.0,FIX
2005-04-06 00:00:00-04:00,7.949999809265137,8.0,7.849999904632568,7.929999828338623,6.348689079284668,106000,0.0,0.0,FIX
2005-04-07 00:00:00-04:00,7.909999847412109,7.989999771118164,7.800000190734863,7.96999979019165,6.3807172775268555,53500,0.0,0.0,FIX
2005-04-08 00:00:00-04:00,7.96999979019165,7.980000019073486,7.619999885559082,7.630000114440918,6.108513832092285,80700,0.0,0.0,FIX
2005-04-11 00:00:00-04:00,7.670000076293945,7.679999828338623,7.510000228881836,7.539999961853027,6.036459922790527,78300,0.0,0.0,FIX
2005-04-12 00:00:00-04:00,7.5,7.800000190734863,7.320000171661377,7.769999980926514,6.220597267150879,135900,0.0,0.0,FIX
2005-04-13 00:00:00-04:00,7.769999980926514,8.050000190734863,7.650000095367432,7.980000019073486,6.388721466064453,262100,0.0,0.0,FIX
2005-04-14 00:00:00-04:00,8.0,8.039999961853027,7.699999809265137,7.710000038146973,6.172562122344971,134000,0.0,0.0,FIX
2005-04-15 00:00:00-04:00,7.710000038146973,7.75,7.28000020980835,7.440000057220459,5.956401824951172,94600,0.0,0.0,FIX
2005-04-18 00:00:00-04:00,7.369999885559082,7.900000095367432,7.369999885559082,7.670000076293945,6.140538692474365,106400,0.0,0.0,FIX
2005-04-19 00:00:00-04:00,7.739999771118164,7.75,7.460000038146973,7.5,6.00443696975708,99200,0.0,0.0,FIX
2005-04-20 00:00:00-04:00,7.510000228881836,7.550000190734863,7.230000019073486,7.409999847412109,5.932384967803955,131900,0.0,0.0,FIX
2005-04-21 00:00:00-04:00,7.510000228881836,7.889999866485596,7.400000095367432,7.829999923706055,6.2686333656311035,98900,0.0,0.0,FIX
2005-04-22 00:00:00-04:00,7.760000228881836,7.889999866485596,7.309999942779541,7.360000133514404,5.8923540115356445,165600,0.0,0.0,FIX
2005-04-25 00:00:00-04:00,7.460000038146973,7.599999904632568,7.03000020980835,7.210000038146973,5.772266864776611,134800,0.0,0.0,FIX
2005-04-26 00:00:00-04:00,7.110000133514404,7.579999923706055,7.050000190734863,7.079999923706055,5.668189525604248,109600,0.0,0.0,FIX
2005-04-27 00:00:00-04:00,7.090000152587891,7.420000076293945,6.940000057220459,7.130000114440918,5.708217144012451,87500,0.0,0.0,FIX
2005-04-28 00:00:00-04:00,7.130000114440918,7.349999904632568,7.03000020980835,7.170000076293945,5.7402424812316895,107300,0.0,0.0,FIX
2005-04-29 00:00:00-04:00,7.190000057220459,7.25,7.0,7.139999866485596,5.716220855712891,69300,0.0,0.0,FIX
2005-05-02 00:00:00-04:00,7.139999866485596,7.230000019073486,7.03000020980835,7.150000095367432,5.724230766296387,72100,0.0,0.0,FIX
2005-05-03 00:00:00-04:00,7.159999847412109,7.230000019073486,6.610000133514404,6.639999866485596,5.315925598144531,88600,0.0,0.0,FIX
2005-05-04 00:00:00-04:00,6.739999771118164,6.880000114440918,6.619999885559082,6.800000190734863,5.444024085998535,128200,0.0,0.0,FIX
2005-05-05 00:00:00-04:00,6.75,6.760000228881836,6.25,6.349999904632568,5.083756446838379,244700,0.0,0.0,FIX
2005-05-06 00:00:00-04:00,6.400000095367432,6.489999771118164,6.199999809265137,6.260000228881836,5.011703968048096,256200,0.0,0.0,FIX
2005-05-09 00:00:00-04:00,6.25,6.760000228881836,6.25,6.679999828338623,5.347951889038086,387900,0.0,0.0,FIX
2005-05-10 00:00:00-04:00,6.579999923706055,6.679999828338623,6.5,6.639999866485596,5.315925598144531,220700,0.0,0.0,FIX
2005-05-11 00:00:00-04:00,6.690000057220459,6.739999771118164,6.570000171661377,6.579999923706055,5.2678937911987305,268400,0.0,0.0,FIX
2005-05-12 00:00:00-04:00,6.619999885559082,6.639999866485596,6.449999809265137,6.489999771118164,5.195838928222656,167100,0.0,0.0,FIX
2005-05-13 00:00:00-04:00,6.5,6.570000171661377,6.199999809265137,6.25,5.003696441650391,188600,0.0,0.0,FIX
2005-05-16 00:00:00-04:00,6.25,6.489999771118164,6.25,6.460000038146973,5.171821117401123,106400,0.0,0.0,FIX
2005-05-17 00:00:00-04:00,6.46999979019165,6.46999979019165,6.170000076293945,6.320000171661377,5.059741020202637,138600,0.0,0.0,FIX
2005-05-18 00:00:00-04:00,6.420000076293945,6.599999904632568,6.230000019073486,6.380000114440918,5.10777473449707,113600,0.0,0.0,FIX
2005-05-19 00:00:00-04:00,6.28000020980835,6.699999809265137,6.28000020980835,6.489999771118164,5.195838928222656,110900,0.0,0.0,FIX
2005-05-20 00:00:00-04:00,6.519999980926514,6.650000095367432,6.329999923706055,6.489999771118164,5.195838928222656,59400,0.0,0.0,FIX
2005-05-23 00:00:00-04:00,6.460000038146973,6.619999885559082,6.440000057220459,6.480000019073486,5.187832355499268,90000,0.0,0.0,FIX
2005-05-24 00:00:00-04:00,6.449999809265137,6.46999979019165,6.21999979019165,6.289999961853027,5.035720348358154,115200,0.0,0.0,FIX
2005-05-25 00:00:00-04:00,6.300000190734863,6.449999809265137,6.150000095367432,6.260000228881836,5.011703968048096,84800,0.0,0.0,FIX
2005-05-26 00:00:00-04:00,6.28000020980835,6.429999828338623,6.21999979019165,6.309999942779541,5.051734924316406,95500,0.0,0.0,FIX
2005-05-27 00:00:00-04:00,6.309999942779541,6.349999904632568,6.25,6.28000020980835,5.027714252471924,51600,0.0,0.0,FIX
2005-05-31 00:00:00-04:00,6.269999980926514,6.400000095367432,6.269999980926514,6.289999961853027,5.035720348358154,62300,0.0,0.0,FIX
2005-06-01 00:00:00-04:00,6.289999961853027,6.420000076293945,6.28000020980835,6.389999866485596,5.115780353546143,66600,0.0,0.0,FIX
2005-06-02 00:00:00-04:00,6.400000095367432,6.449999809265137,6.320000171661377,6.420000076293945,5.139798641204834,126100,0.0,0.0,FIX
2005-06-03 00:00:00-04:00,6.420000076293945,6.460000038146973,6.28000020980835,6.300000190734863,5.043727397918701,62900,0.0,0.0,FIX
2005-06-06 00:00:00-04:00,6.349999904632568,6.349999904632568,6.199999809265137,6.289999961853027,5.035720348358154,94900,0.0,0.0,FIX
2005-06-07 00:00:00-04:00,6.300000190734863,6.400000095367432,6.199999809265137,6.320000171661377,5.059741020202637,69100,0.0,0.0,FIX
2005-06-08 00:00:00-04:00,6.309999942779541,6.449999809265137,6.260000228881836,6.320000171661377,5.059741020202637,80800,0.0,0.0,FIX
2005-06-09 00:00:00-04:00,6.300000190734863,6.440000057220459,6.28000020980835,6.369999885559082,5.099769115447998,100800,0.0,0.0,FIX
2005-06-10 00:00:00-04:00,6.400000095367432,6.409999847412109,6.260000228881836,6.329999923706055,5.067745685577393,97200,0.0,0.0,FIX
2005-06-13 00:00:00-04:00,6.340000152587891,6.489999771118164,6.28000020980835,6.420000076293945,5.139798641204834,155800,0.0,0.0,FIX
2005-06-14 00:00:00-04:00,6.429999828338623,6.489999771118164,6.340000152587891,6.429999828338623,5.147805690765381,69900,0.0,0.0,FIX
2005-06-15 00:00:00-04:00,6.5,6.53000020980835,6.300000190734863,6.46999979019165,5.1798295974731445,76400,0.0,0.0,FIX
2005-06-16 00:00:00-04:00,6.480000019073486,6.71999979019165,6.380000114440918,6.710000038146973,5.3719706535339355,70900,0.0,0.0,FIX
2005-06-17 00:00:00-04:00,6.699999809265137,6.699999809265137,6.539999961853027,6.650000095367432,5.3239336013793945,247300,0.0,0.0,FIX
2005-06-20 00:00:00-04:00,6.639999866485596,6.670000076293945,6.510000228881836,6.559999942779541,5.251882076263428,43700,0.0,0.0,FIX
2005-06-21 00:00:00-04:00,6.570000171661377,6.670000076293945,6.550000190734863,6.639999866485596,5.315925598144531,87500,0.0,0.0,FIX
2005-06-22 00:00:00-04:00,6.650000095367432,6.75,6.550000190734863,6.650000095367432,5.3239336013793945,116800,0.0,0.0,FIX
2005-06-23 00:00:00-04:00,6.619999885559082,6.639999866485596,6.559999942779541,6.570000171661377,5.259886264801025,111300,0.0,0.0,FIX
2005-06-24 00:00:00-04:00,6.559999942779541,6.599999904632568,6.400000095367432,6.599999904632568,5.283904075622559,160800,0.0,0.0,FIX
2005-06-27 00:00:00-04:00,6.559999942779541,6.559999942779541,6.380000114440918,6.420000076293945,5.139798641204834,93300,0.0,0.0,FIX
2005-06-28 00:00:00-04:00,6.449999809265137,6.599999904632568,6.369999885559082,6.599999904632568,5.283904075622559,76200,0.0,0.0,FIX
2005-06-29 00:00:00-04:00,6.590000152587891,6.599999904632568,6.449999809265137,6.599999904632568,5.283904075622559,80100,0.0,0.0,FIX
2005-06-30 00:00:00-04:00,6.599999904632568,6.599999904632568,6.400000095367432,6.579999923706055,5.2678937911987305,113900,0.0,0.0,FIX
2005-07-01 00:00:00-04:00,6.519999980926514,6.550000190734863,6.409999847412109,6.5,5.203845500946045,35200,0.0,0.0,FIX
2005-07-05 00:00:00-04:00,6.5,6.599999904632568,6.46999979019165,6.550000190734863,5.243874549865723,69000,0.0,0.0,FIX
2005-07-06 00:00:00-04:00,6.539999961853027,6.570000171661377,6.400000095367432,6.420000076293945,5.139798641204834,69900,0.0,0.0,FIX
2005-07-07 00:00:00-04:00,6.349999904632568,6.53000020980835,6.21999979019165,6.46999979019165,5.1798295974731445,89700,0.0,0.0,FIX
2005-07-08 00:00:00-04:00,6.46999979019165,6.900000095367432,6.400000095367432,6.800000190734863,5.444024085998535,65600,0.0,0.0,FIX
2005-07-11 00:00:00-04:00,6.800000190734863,7.150000095367432,6.800000190734863,7.059999942779541,5.652178764343262,169000,0.0,0.0,FIX
2005-07-12 00:00:00-04:00,7.039999961853027,7.440000057220459,6.920000076293945,7.25,5.804289817810059,99800,0.0,0.0,FIX
2005-07-13 00:00:00-04:00,7.25,7.429999828338623,7.199999809265137,7.300000190734863,5.844320774078369,91400,0.0,0.0,FIX
2005-07-14 00:00:00-04:00,7.360000133514404,7.46999979019165,7.25,7.260000228881836,5.812295913696289,87600,0.0,0.0,FIX
2005-07-15 00:00:00-04:00,7.25,7.389999866485596,7.099999904632568,7.289999961853027,5.8363118171691895,112800,0.0,0.0,FIX
2005-07-18 00:00:00-04:00,7.269999980926514,7.320000171661377,6.96999979019165,7.059999942779541,5.652178764343262,113700,0.0,0.0,FIX
2005-07-19 00:00:00-04:00,7.110000133514404,7.389999866485596,7.010000228881836,7.289999961853027,5.8363118171691895,75300,0.0,0.0,FIX
2005-07-20 00:00:00-04:00,7.25,7.460000038146973,7.090000152587891,7.380000114440918,5.908365726470947,67800,0.0,0.0,FIX
2005-07-21 00:00:00-04:00,7.389999866485596,7.449999809265137,7.150000095367432,7.21999979019165,5.780269622802734,46100,0.0,0.0,FIX
2005-07-22 00:00:00-04:00,7.25,7.519999980926514,7.25,7.519999980926514,6.020449638366699,59500,0.0,0.0,FIX
2005-07-25 00:00:00-04:00,7.550000190734863,7.630000114440918,7.289999961853027,7.289999961853027,5.8363118171691895,60400,0.0,0.0,FIX
2005-07-26 00:00:00-04:00,7.300000190734863,7.599999904632568,7.199999809265137,7.429999828338623,5.948394775390625,98200,0.0,0.0,FIX
2005-07-27 00:00:00-04:00,7.429999828338623,7.599999904632568,7.400000095367432,7.599999904632568,6.0844950675964355,60900,0.0,0.0,FIX
2005-07-28 00:00:00-04:00,7.630000114440918,7.679999828338623,7.480000019073486,7.679999828338623,6.148542881011963,119800,0.0,0.0,FIX
2005-07-29 00:00:00-04:00,7.670000076293945,7.880000114440918,7.599999904632568,7.75,6.204586505889893,159100,0.0,0.0,FIX
2005-08-01 00:00:00-04:00,7.769999980926514,7.949999809265137,7.650000095367432,7.949999809265137,6.364704132080078,167300,0.0,0.0,FIX
2005-08-02 00:00:00-04:00,7.900000095367432,7.909999847412109,7.670000076293945,7.809999942779541,6.252620697021484,137800,0.0,0.0,FIX
2005-08-03 00:00:00-04:00,7.809999942779541,8.0,7.739999771118164,8.0,6.404733180999756,156300,0.0,0.0,FIX
2005-08-04 00:00:00-04:00,7.900000095367432,8.239999771118164,7.809999942779541,8.079999923706055,6.46877908706665,244400,0.0,0.0,FIX
2005-08-05 00:00:00-04:00,8.0,8.130000114440918,7.829999923706055,8.029999732971191,6.428751468658447,190900,0.0,0.0,FIX
2005-08-08 00:00:00-04:00,8.069999694824219,8.25,7.949999809265137,8.15999984741211,6.532827854156494,132800,0.0,0.0,FIX
2005-08-09 00:00:00-04:00,8.149999618530273,8.279999732971191,8.039999961853027,8.109999656677246,6.492798328399658,119400,0.0,0.0,FIX
2005-08-10 00:00:00-04:00,8.15999984741211,8.239999771118164,7.75,7.940000057220459,6.3566999435424805,110300,0.0,0.0,FIX
2005-08-11 00:00:00-04:00,7.940000057220459,8.079999923706055,7.909999847412109,8.050000190734863,6.444764614105225,47900,0.0,0.0,FIX
2005-08-12 00:00:00-04:00,7.949999809265137,8.100000381469727,7.789999961853027,8.039999961853027,6.436755657196045,69000,0.0,0.0,FIX
2005-08-15 00:00:00-04:00,8.050000190734863,8.199999809265137,7.820000171661377,8.15999984741211,6.532827854156494,101300,0.0,0.0,FIX
2005-08-16 00:00:00-04:00,8.109999656677246,8.109999656677246,7.949999809265137,8.029999732971191,6.428751468658447,86800,0.0,0.0,FIX
2005-08-17 00:00:00-04:00,7.96999979019165,8.140000343322754,7.78000020980835,8.020000457763672,6.420744895935059,128600,0.0,0.0,FIX
2005-08-18 00:00:00-04:00,8.020000457763672,8.020000457763672,7.599999904632568,7.840000152587891,6.27664041519165,79000,0.0,0.0,FIX
2005-08-19 00:00:00-04:00,7.849999904632568,7.849999904632568,7.480000019073486,7.579999923706055,6.068483829498291,92000,0.0,0.0,FIX
2005-08-22 00:00:00-04:00,7.630000114440918,7.989999771118164,7.630000114440918,7.809999942779541,6.252620697021484,82600,0.0,0.0,FIX
2005-08-23 00:00:00-04:00,7.809999942779541,7.929999828338623,7.650000095367432,7.679999828338623,6.148542881011963,52800,0.0,0.0,FIX
2005-08-24 00:00:00-04:00,7.659999847412109,8.0,7.659999847412109,7.710000038146973,6.172562122344971,75000,0.0,0.0,FIX
2005-08-25 00:00:00-04:00,8.0,8.1899995803833,7.940000057220459,8.029999732971191,6.428751468658447,165800,0.0,0.0,FIX
2005-08-26 00:00:00-04:00,8.029999732971191,8.039999961853027,7.739999771118164,7.829999923706055,6.2686333656311035,61200,0.0,0.0,FIX
2005-08-29 00:00:00-04:00,7.820000171661377,7.880000114440918,7.639999866485596,7.809999942779541,6.252620697021484,56400,0.0,0.0,FIX
2005-08-30 00:00:00-04:00,7.820000171661377,7.829999923706055,7.679999828338623,7.800000190734863,6.244615077972412,79000,0.0,0.0,FIX
2005-08-31 00:00:00-04:00,7.769999980926514,8.239999771118164,7.690000057220459,8.229999542236328,6.588869571685791,247900,0.0,0.0,FIX
2005-09-01 00:00:00-04:00,8.239999771118164,8.5,8.109999656677246,8.399999618530273,6.724970817565918,228400,0.0,0.0,FIX
2005-09-02 00:00:00-04:00,8.449999809265137,8.479999542236328,7.980000019073486,8.069999694824219,6.460773944854736,95200,0.0,0.0,FIX
2005-09-06 00:00:00-04:00,8.119999885559082,8.369999885559082,8.029999732971191,8.260000228881836,6.612884998321533,132900,0.0,0.0,FIX
2005-09-07 00:00:00-04:00,8.239999771118164,8.279999732971191,8.130000114440918,8.260000228881836,6.612884998321533,53300,0.0,0.0,FIX
2005-09-08 00:00:00-04:00,8.170000076293945,8.180000305175781,7.929999828338623,8.039999961853027,6.436755657196045,62900,0.0,0.0,FIX
2005-09-09 00:00:00-04:00,8.050000190734863,8.119999885559082,8.039999961853027,8.079999923706055,6.46877908706665,15200,0.0,0.0,FIX
2005-09-12 00:00:00-04:00,8.0,8.25,7.929999828338623,8.100000381469727,6.484792709350586,77200,0.0,0.0,FIX
2005-09-13 00:00:00-04:00,8.039999961853027,8.260000228881836,7.96999979019165,8.220000267028809,6.580864429473877,78700,0.0,0.0,FIX
2005-09-14 00:00:00-04:00,8.119999885559082,8.1899995803833,7.909999847412109,7.909999847412109,6.3326802253723145,51300,0.0,0.0,FIX
2005-09-15 00:00:00-04:00,7.949999809265137,8.079999923706055,7.909999847412109,8.079999923706055,6.46877908706665,67100,0.0,0.0,FIX
2005-09-16 00:00:00-04:00,8.149999618530273,8.1899995803833,7.989999771118164,8.149999618530273,6.5248212814331055,215000,0.0,0.0,FIX
2005-09-19 00:00:00-04:00,8.130000114440918,8.220000267028809,8.050000190734863,8.170000076293945,6.540835857391357,54900,0.0,0.0,FIX
2005-09-20 00:00:00-04:00,8.199999809265137,8.300000190734863,8.050000190734863,8.300000190734863,6.644912242889404,206200,0.0,0.0,FIX
2005-09-21 00:00:00-04:00,8.300000190734863,8.300000190734863,8.050000190734863,8.149999618530273,6.5248212814331055,135300,0.0,0.0,FIX
2005-09-22 00:00:00-04:00,8.100000381469727,8.5,8.029999732971191,8.3100004196167,6.65291690826416,206300,0.0,0.0,FIX
2005-09-23 00:00:00-04:00,8.3100004196167,8.670000076293945,8.279999732971191,8.649999618530273,6.925113201141357,186500,0.0,0.0,FIX
2005-09-26 00:00:00-04:00,8.670000076293945,8.6899995803833,8.449999809265137,8.550000190734863,6.845057964324951,144400,0.0,0.0,FIX
2005-09-27 00:00:00-04:00,8.550000190734863,8.739999771118164,8.380000114440918,8.680000305175781,6.949132442474365,134400,0.0,0.0,FIX
2005-09-28 00:00:00-04:00,8.649999618530273,8.649999618530273,8.460000038146973,8.5,6.805027008056641,160200,0.0,0.0,FIX
2005-09-29 00:00:00-04:00,8.489999771118164,8.699999809265137,8.399999618530273,8.649999618530273,6.925113201141357,100800,0.0,0.0,FIX
2005-09-30 00:00:00-04:00,8.65999984741211,8.8100004196167,8.510000228881836,8.8100004196167,7.053213119506836,83600,0.0,0.0,FIX
2005-10-03 00:00:00-04:00,8.829999923706055,9.430000305175781,8.829999923706055,9.390000343322754,7.517556667327881,355900,0.0,0.0,FIX
2005-10-04 00:00:00-04:00,9.5,9.59000015258789,9.34000015258789,9.569999694824219,7.661663055419922,359000,0.0,0.0,FIX
2005-10-05 00:00:00-04:00,9.470000267028809,9.489999771118164,8.930000305175781,9.15999984741211,7.333420753479004,223500,0.0,0.0,FIX
2005-10-06 00:00:00-04:00,9.119999885559082,9.279999732971191,8.9399995803833,9.100000381469727,7.285383701324463,232900,0.0,0.0,FIX
2005-10-07 00:00:00-04:00,9.119999885559082,9.289999961853027,8.970000267028809,9.029999732971191,7.229340076446533,147500,0.0,0.0,FIX
2005-10-10 00:00:00-04:00,9.079999923706055,9.079999923706055,8.800000190734863,8.979999542236328,7.189310550689697,79600,0.0,0.0,FIX
2005-10-11 00:00:00-04:00,9.0,9.020000457763672,8.600000381469727,8.609999656677246,6.893093109130859,101200,0.0,0.0,FIX
2005-10-12 00:00:00-04:00,8.609999656677246,8.649999618530273,8.300000190734863,8.529999732971191,6.829047679901123,121500,0.0,0.0,FIX
2005-10-13 00:00:00-04:00,8.449999809265137,8.699999809265137,8.300000190734863,8.65999984741211,6.933122634887695,61300,0.0,0.0,FIX
2005-10-14 00:00:00-04:00,8.760000228881836,8.829999923706055,8.460000038146973,8.819999694824219,7.061219692230225,79100,0.0,0.0,FIX
2005-10-17 00:00:00-04:00,8.800000190734863,8.8100004196167,8.350000381469727,8.539999961853027,6.837051868438721,95900,0.0,0.0,FIX
2005-10-18 00:00:00-04:00,8.489999771118164,8.600000381469727,8.100000381469727,8.270000457763672,6.6208930015563965,147600,0.0,0.0,FIX
2005-10-19 00:00:00-04:00,8.220000267028809,8.899999618530273,8.069999694824219,8.779999732971191,7.029192924499512,156900,0.0,0.0,FIX
2005-10-20 00:00:00-04:00,8.729999542236328,8.8100004196167,8.300000190734863,8.399999618530273,6.724970817565918,82600,0.0,0.0,FIX
2005-10-21 00:00:00-04:00,8.40999984741211,8.5600004196167,8.359999656677246,8.489999771118164,6.797024726867676,198800,0.0,0.0,FIX
2005-10-24 00:00:00-04:00,8.510000228881836,8.989999771118164,8.510000228881836,8.760000228881836,7.013181686401367,79400,0.0,0.0,FIX
2005-10-25 00:00:00-04:00,8.770000457763672,9.0,8.100000381469727,8.470000267028809,6.781012058258057,221800,0.0,0.0,FIX
2005-10-26 00:00:00-04:00,8.420000076293945,8.720000267028809,8.369999885559082,8.680000305175781,6.949132442474365,88900,0.0,0.0,FIX
2005-10-27 00:00:00-04:00,8.649999618530273,8.699999809265137,8.300000190734863,8.59000015258789,6.877085208892822,79900,0.0,0.0,FIX
2005-10-28 00:00:00-04:00,8.640000343322754,8.75,8.59000015258789,8.670000076293945,6.941131114959717,60900,0.0,0.0,FIX
2005-10-31 00:00:00-05:00,8.6899995803833,8.789999961853027,8.40999984741211,8.5,6.805027008056641,129500,0.0,0.0,FIX
2005-11-01 00:00:00-05:00,8.5,8.539999961853027,8.399999618530273,8.5,6.805027008056641,49400,0.0,0.0,FIX
2005-11-02 00:00:00-05:00,8.5,8.569999694824219,8.369999885559082,8.550000190734863,6.845057964324951,99800,0.0,0.0,FIX
2005-11-03 00:00:00-05:00,8.649999618530273,9.109999656677246,8.550000190734863,9.079999923706055,7.269373416900635,255900,0.0,0.0,FIX
2005-11-04 00:00:00-05:00,9.0,9.130000114440918,9.0,9.109999656677246,7.293388366699219,100100,0.0,0.0,FIX
2005-11-07 00:00:00-05:00,9.170000076293945,9.359999656677246,9.140000343322754,9.3100004196167,7.453509330749512,186500,0.0,0.0,FIX
2005-11-08 00:00:00-05:00,9.300000190734863,9.350000381469727,9.119999885559082,9.300000190734863,7.445504665374756,120900,0.0,0.0,FIX
2005-11-09 00:00:00-05:00,9.300000190734863,9.479999542236328,9.199999809265137,9.449999809265137,7.565587520599365,158300,0.0,0.0,FIX
2005-11-10 00:00:00-05:00,9.449999809265137,9.65999984741211,9.3100004196167,9.550000190734863,7.645654201507568,325200,0.0,0.0,FIX
2005-11-11 00:00:00-05:00,9.5600004196167,9.779999732971191,9.430000305175781,9.600000381469727,7.685678482055664,211900,0.0,0.0,FIX
2005-11-14 00:00:00-05:00,9.670000076293945,9.75,9.569999694824219,9.649999618530273,7.725708484649658,106100,0.0,0.0,FIX
2005-11-15 00:00:00-05:00,9.65999984741211,9.670000076293945,9.40999984741211,9.5,7.605623245239258,155700,0.0,0.0,FIX
2005-11-16 00:00:00-05:00,9.449999809265137,9.470000267028809,9.039999961853027,9.199999809265137,7.365443706512451,131600,0.0,0.0,FIX
2005-11-17 00:00:00-05:00,9.220000267028809,9.5,9.210000038146973,9.319999694824219,7.461516380310059,154600,0.0,0.0,FIX
2005-11-18 00:00:00-05:00,9.420000076293945,9.670000076293945,9.329999923706055,9.579999923706055,7.669668197631836,211800,0.0,0.0,FIX
2005-11-21 00:00:00-05:00,9.579999923706055,9.789999961853027,9.579999923706055,9.649999618530273,7.725708484649658,143300,0.0,0.0,FIX
2005-11-22 00:00:00-05:00,9.65999984741211,9.819999694824219,9.640000343322754,9.779999732971191,7.829784393310547,157100,0.0,0.0,FIX
2005-11-23 00:00:00-05:00,9.770000457763672,9.949999809265137,9.609999656677246,9.720000267028809,7.781750202178955,90200,0.0,0.0,FIX
2005-11-25 00:00:00-05:00,9.680000305175781,9.819999694824219,9.640000343322754,9.800000190734863,7.845798969268799,30300,0.0,0.0,FIX
2005-11-28 00:00:00-05:00,9.729999542236328,9.800000190734863,9.329999923706055,9.420000076293945,7.560861587524414,146200,0.025,0.0,FIX
2005-11-29 00:00:00-05:00,9.470000267028809,9.539999961853027,9.300000190734863,9.369999885559082,7.520725727081299,132600,0.0,0.0,FIX
2005-11-30 00:00:00-05:00,9.40999984741211,9.539999961853027,9.350000381469727,9.390000343322754,7.536783695220947,132200,0.0,0.0,FIX
2005-12-01 00:00:00-05:00,9.449999809265137,9.550000190734863,9.399999618530273,9.399999618530273,7.54480504989624,170700,0.0,0.0,FIX
2005-12-02 00:00:00-05:00,9.350000381469727,9.550000190734863,9.270000457763672,9.5,7.625072479248047,184800,0.0,0.0,FIX
2005-12-05 00:00:00-05:00,9.5,9.5,9.130000114440918,9.300000190734863,7.464542388916016,107800,0.0,0.0,FIX
2005-12-06 00:00:00-05:00,9.350000381469727,9.600000381469727,9.350000381469727,9.470000267028809,7.6009955406188965,195700,0.0,0.0,FIX
2005-12-07 00:00:00-05:00,9.5,9.5,9.279999732971191,9.390000343322754,7.536783695220947,76400,0.0,0.0,FIX
2005-12-08 00:00:00-05:00,9.430000305175781,9.59000015258789,9.430000305175781,9.5,7.625072479248047,151500,0.0,0.0,FIX
2005-12-09 00:00:00-05:00,9.5,9.600000381469727,9.359999656677246,9.5,7.625072479248047,90000,0.0,0.0,FIX
2005-12-12 00:00:00-05:00,9.489999771118164,9.520000457763672,9.279999732971191,9.300000190734863,7.464542388916016,130700,0.0,0.0,FIX
2005-12-13 00:00:00-05:00,9.25,9.520000457763672,9.210000038146973,9.3100004196167,7.472572326660156,260100,0.0,0.0,FIX
2005-12-14 00:00:00-05:00,9.399999618530273,9.619999885559082,9.399999618530273,9.449999809265137,7.584941387176514,84900,0.0,0.0,FIX
2005-12-15 00:00:00-05:00,9.449999809265137,9.470000267028809,9.25,9.300000190734863,7.464542388916016,201500,0.0,0.0,FIX
2005-12-16 00:00:00-05:00,9.300000190734863,9.399999618530273,9.210000038146973,9.3100004196167,7.472572326660156,298200,0.0,0.0,FIX
2005-12-19 00:00:00-05:00,9.329999923706055,9.649999618530273,9.170000076293945,9.529999732971191,7.6491475105285645,346000,0.0,0.0,FIX
2005-12-20 00:00:00-05:00,9.529999732971191,9.529999732971191,9.350000381469727,9.350000381469727,7.504674434661865,83200,0.0,0.0,FIX
2005-12-21 00:00:00-05:00,9.350000381469727,9.510000228881836,9.3100004196167,9.390000343322754,7.536783695220947,73400,0.0,0.0,FIX
2005-12-22 00:00:00-05:00,9.420000076293945,9.729999542236328,9.420000076293945,9.5,7.625072479248047,99100,0.0,0.0,FIX
2005-12-23 00:00:00-05:00,9.489999771118164,9.510000228881836,9.399999618530273,9.5,7.625072479248047,14800,0.0,0.0,FIX
2005-12-27 00:00:00-05:00,9.5,9.539999961853027,9.359999656677246,9.390000343322754,7.536783695220947,75700,0.0,0.0,FIX
2005-12-28 00:00:00-05:00,9.449999809265137,9.5,9.289999961853027,9.479999542236328,7.6090192794799805,93400,0.0,0.0,FIX
2005-12-29 00:00:00-05:00,9.479999542236328,9.510000228881836,9.180000305175781,9.350000381469727,7.504674434661865,178000,0.0,0.0,FIX
2005-12-30 00:00:00-05:00,9.270000457763672,9.319999694824219,9.050000190734863,9.199999809265137,7.384279727935791,111000,0.0,0.0,FIX
2006-01-03 00:00:00-05:00,9.239999771118164,9.40999984741211,8.880000114440918,9.390000343322754,7.536783695220947,169900,0.0,0.0,FIX
2006-01-04 00:00:00-05:00,9.390000343322754,9.550000190734863,9.380000114440918,9.460000038146973,7.592970848083496,171600,0.0,0.0,FIX
2006-01-05 00:00:00-05:00,9.5,9.600000381469727,9.4399995803833,9.449999809265137,7.584941387176514,384800,0.0,0.0,FIX
2006-01-06 00:00:00-05:00,9.489999771118164,9.550000190734863,9.399999618530273,9.4399995803833,7.576914310455322,91100,0.0,0.0,FIX
2006-01-09 00:00:00-05:00,9.449999809265137,9.600000381469727,9.449999809265137,9.600000381469727,7.705337047576904,417500,0.0,0.0,FIX
2006-01-10 00:00:00-05:00,9.600000381469727,10.350000381469727,9.460000038146973,10.149999618530273,8.146787643432617,493100,0.0,0.0,FIX
2006-01-11 00:00:00-05:00,10.15999984741211,10.479999542236328,9.649999618530273,9.979999542236328,8.010336875915527,243300,0.0,0.0,FIX
2006-01-12 00:00:00-05:00,9.949999809265137,10.180000305175781,9.850000381469727,10.050000190734863,8.066521644592285,104400,0.0,0.0,FIX
2006-01-13 00:00:00-05:00,10.039999961853027,10.220000267028809,10.039999961853027,10.140000343322754,8.138763427734375,92200,0.0,0.0,FIX
2006-01-17 00:00:00-05:00,10.0600004196167,10.220000267028809,9.579999923706055,10.170000076293945,8.162841796875,161800,0.0,0.0,FIX
2006-01-18 00:00:00-05:00,10.069999694824219,10.199999809265137,9.920000076293945,10.170000076293945,8.162841796875,127400,0.0,0.0,FIX
2006-01-19 00:00:00-05:00,10.140000343322754,10.399999618530273,10.0600004196167,10.390000343322754,8.339423179626465,173600,0.0,0.0,FIX
2006-01-20 00:00:00-05:00,10.399999618530273,10.399999618530273,9.90999984741211,10.180000305175781,8.170866012573242,102500,0.0,0.0,FIX
2006-01-23 00:00:00-05:00,10.210000038146973,10.649999618530273,10.210000038146973,10.399999618530273,8.347451210021973,77600,0.0,0.0,FIX
2006-01-24 00:00:00-05:00,10.399999618530273,10.569999694824219,10.130000114440918,10.529999732971191,8.451794624328613,110500,0.0,0.0,FIX
2006-01-25 00:00:00-05:00,10.479999542236328,10.59000015258789,10.34000015258789,10.59000015258789,8.499950408935547,109800,0.0,0.0,FIX
2006-01-26 00:00:00-05:00,10.5600004196167,10.989999771118164,10.5600004196167,10.989999771118164,8.821006774902344,141700,0.0,0.0,FIX
2006-01-27 00:00:00-05:00,10.899999618530273,11.0,10.760000228881836,10.819999694824219,8.684551239013672,93600,0.0,0.0,FIX
2006-01-30 00:00:00-05:00,10.739999771118164,10.829999923706055,10.510000228881836,10.520000457763672,8.443764686584473,85800,0.0,0.0,FIX
2006-01-31 00:00:00-05:00,10.489999771118164,10.680000305175781,10.199999809265137,10.510000228881836,8.435736656188965,264400,0.0,0.0,FIX
2006-02-01 00:00:00-05:00,10.399999618530273,10.680000305175781,10.380000114440918,10.489999771118164,8.419684410095215,334400,0.0,0.0,FIX
2006-02-02 00:00:00-05:00,10.489999771118164,10.5600004196167,10.279999732971191,10.489999771118164,8.419684410095215,182400,0.0,0.0,FIX
2006-02-03 00:00:00-05:00,10.510000228881836,10.699999809265137,10.460000038146973,10.59000015258789,8.499950408935547,330300,0.0,0.0,FIX
2006-02-06 00:00:00-05:00,10.600000381469727,10.640000343322754,10.4399995803833,10.550000190734863,8.467845916748047,213200,0.0,0.0,FIX
2006-02-07 00:00:00-05:00,10.550000190734863,10.800000190734863,10.229999542236328,10.5600004196167,8.475870132446289,284600,0.0,0.0,FIX
2006-02-08 00:00:00-05:00,10.569999694824219,10.600000381469727,10.270000457763672,10.539999961853027,8.459820747375488,109400,0.0,0.0,FIX
2006-02-09 00:00:00-05:00,10.5,10.65999984741211,10.420000076293945,10.550000190734863,8.467845916748047,175200,0.0,0.0,FIX
2006-02-10 00:00:00-05:00,10.520000457763672,10.550000190734863,10.25,10.4399995803833,8.37955379486084,105600,0.0,0.0,FIX
2006-02-13 00:00:00-05:00,10.390000343322754,10.5,10.25,10.40999984741211,8.35547161102295,80200,0.0,0.0,FIX
2006-02-14 00:00:00-05:00,10.420000076293945,10.5,10.100000381469727,10.5,8.427712440490723,131000,0.0,0.0,FIX
2006-02-15 00:00:00-05:00,10.479999542236328,10.5,10.359999656677246,10.5,8.427712440490723,255000,0.0,0.0,FIX
2006-02-16 00:00:00-05:00,10.5,10.5,10.34000015258789,10.449999809265137,8.38757610321045,218300,0.0,0.0,FIX
2006-02-17 00:00:00-05:00,10.470000267028809,10.5,10.350000381469727,10.359999656677246,8.315338134765625,151800,0.0,0.0,FIX
2006-02-21 00:00:00-05:00,10.34000015258789,10.5,10.149999618530273,10.239999771118164,8.219025611877441,223800,0.0,0.0,FIX
2006-02-22 00:00:00-05:00,10.229999542236328,10.369999885559082,10.130000114440918,10.239999771118164,8.219025611877441,170200,0.0,0.0,FIX
2006-02-23 00:00:00-05:00,10.010000228881836,10.399999618530273,10.010000228881836,10.220000267028809,8.202971458435059,330900,0.0,0.0,FIX
2006-02-24 00:00:00-05:00,10.199999809265137,10.600000381469727,9.960000038146973,10.5,8.427712440490723,271100,0.0,0.0,FIX
2006-02-27 00:00:00-05:00,10.600000381469727,11.479999542236328,10.600000381469727,11.180000305175781,8.973504066467285,377000,0.0,0.0,FIX
2006-02-28 00:00:00-05:00,11.180000305175781,11.25,10.630000114440918,10.989999771118164,8.821006774902344,247900,0.0,0.0,FIX
2006-03-01 00:00:00-05:00,10.989999771118164,11.350000381469727,10.9399995803833,11.300000190734863,9.06982421875,334900,0.0,0.0,FIX
2006-03-02 00:00:00-05:00,11.300000190734863,11.5,11.180000305175781,11.399999618530273,9.150084495544434,295700,0.0,0.0,FIX
2006-03-03 00:00:00-05:00,11.399999618530273,12.050000190734863,11.34000015258789,11.90999984741211,9.559432983398438,250700,0.0,0.0,FIX
2006-03-06 00:00:00-05:00,11.989999771118164,12.0,11.380000114440918,11.420000076293945,9.166136741638184,244900,0.0,0.0,FIX
2006-03-07 00:00:00-05:00,11.369999885559082,11.380000114440918,11.010000228881836,11.100000381469727,8.909296989440918,266400,0.0,0.0,FIX
2006-03-08 00:00:00-05:00,10.899999618530273,11.649999618530273,10.890000343322754,11.550000190734863,9.299803733825684,171300,0.035,0.0,FIX
2006-03-09 00:00:00-05:00,11.5600004196167,12.069999694824219,11.550000190734863,11.979999542236328,9.646032333374023,255700,0.0,0.0,FIX
2006-03-10 00:00:00-05:00,11.979999542236328,12.229999542236328,11.739999771118164,12.050000190734863,9.702392578125,269100,0.0,0.0,FIX
2006-03-13 00:00:00-05:00,12.199999809265137,12.329999923706055,12.0,12.100000381469727,9.742652893066406,362700,0.0,0.0,FIX
2006-03-14 00:00:00-05:00,12.229999542236328,12.479999542236328,12.149999618530273,12.229999542236328,9.847325325012207,395800,0.0,0.0,FIX
2006-03-15 00:00:00-05:00,12.279999732971191,12.6899995803833,12.100000381469727,12.680000305175781,10.20965576171875,326200,0.0,0.0,FIX
2006-03-16 00:00:00-05:00,12.720000267028809,13.079999923706055,12.720000267028809,13.0,10.467313766479492,270200,0.0,0.0,FIX
2006-03-17 00:00:00-05:00,13.0,13.149999618530273,12.609999656677246,12.75,10.266020774841309,582500,0.0,0.0,FIX
2006-03-20 00:00:00-05:00,12.609999656677246,12.739999771118164,12.420000076293945,12.59000015258789,10.137188911437988,158300,0.0,0.0,FIX
2006-03-21 00:00:00-05:00,12.5600004196167,12.699999809265137,12.25,12.319999694824219,9.919791221618652,237400,0.0,0.0,FIX
2006-03-22 00:00:00-05:00,12.319999694824219,12.470000267028809,12.140000343322754,12.350000381469727,9.943947792053223,332800,0.0,0.0,FIX
2006-03-23 00:00:00-05:00,12.350000381469727,13.25,12.350000381469727,13.25,10.668609619140625,1185000,0.0,0.0,FIX
2006-03-24 00:00:00-05:00,13.289999961853027,13.579999923706055,13.25,13.449999809265137,10.829645156860352,812500,0.0,0.0,FIX
2006-03-27 00:00:00-05:00,13.449999809265137,13.5,13.260000228881836,13.390000343322754,10.781332015991211,508500,0.0,0.0,FIX
2006-03-28 00:00:00-05:00,13.390000343322754,13.470000267028809,13.140000343322754,13.359999656677246,10.757177352905273,311900,0.0,0.0,FIX
2006-03-29 00:00:00-05:00,13.350000381469727,13.600000381469727,13.220000267028809,13.59000015258789,10.942370414733887,205200,0.0,0.0,FIX
2006-03-30 00:00:00-05:00,13.649999618530273,13.65999984741211,13.329999923706055,13.4399995803833,10.821596145629883,305000,0.0,0.0,FIX
2006-03-31 00:00:00-05:00,13.479999542236328,13.510000228881836,13.25,13.5,10.869902610778809,344700,0.0,0.0,FIX
2006-04-03 00:00:00-04:00,13.5,13.720000267028809,13.319999694824219,13.5,10.869902610778809,260100,0.0,0.0,FIX
2006-04-04 00:00:00-04:00,13.510000228881836,13.920000076293945,13.350000381469727,13.850000381469727,11.151719093322754,321300,0.0,0.0,FIX
2006-04-05 00:00:00-04:00,13.789999961853027,14.100000381469727,13.619999885559082,13.970000267028809,11.248337745666504,281600,0.0,0.0,FIX
2006-04-06 00:00:00-04:00,13.970000267028809,13.970000267028809,13.460000038146973,13.699999809265137,11.030935287475586,177900,0.0,0.0,FIX
2006-04-07 00:00:00-04:00,13.710000038146973,13.960000038146973,13.510000228881836,13.720000267028809,11.047041893005371,266200,0.0,0.0,FIX
2006-04-10 00:00:00-04:00,13.779999732971191,14.25,13.6899995803833,14.149999618530273,11.393266677856445,384300,0.0,0.0,FIX
2006-04-11 00:00:00-04:00,14.170000076293945,14.170000076293945,13.529999732971191,13.600000381469727,10.950423240661621,275000,0.0,0.0,FIX
2006-04-12 00:00:00-04:00,13.5,13.90999984741211,13.149999618530273,13.899999618530273,11.191972732543945,196400,0.0,0.0,FIX
2006-04-13 00:00:00-04:00,13.869999885559082,14.149999618530273,13.630000114440918,14.029999732971191,11.296646118164062,294700,0.0,0.0,FIX
2006-04-17 00:00:00-04:00,14.079999923706055,14.319999694824219,13.850000381469727,14.270000457763672,11.48989200592041,228300,0.0,0.0,FIX
2006-04-18 00:00:00-04:00,14.319999694824219,14.779999732971191,14.270000457763672,14.75,11.876378059387207,307600,0.0,0.0,FIX
2006-04-19 00:00:00-04:00,14.800000190734863,15.15999984741211,14.640000343322754,14.979999542236328,12.061566352844238,337600,0.0,0.0,FIX
2006-04-20 00:00:00-04:00,14.979999542236328,15.069999694824219,14.619999885559082,14.920000076293945,12.013251304626465,199100,0.0,0.0,FIX
2006-04-21 00:00:00-04:00,15.149999618530273,15.1899995803833,14.649999618530273,14.65999984741211,11.803911209106445,217600,0.0,0.0,FIX
2006-04-24 00:00:00-04:00,14.850000381469727,14.850000381469727,14.399999618530273,14.75,11.876378059387207,217600,0.0,0.0,FIX
2006-04-25 00:00:00-04:00,14.949999809265137,14.949999809265137,14.529999732971191,14.65999984741211,11.803911209106445,294900,0.0,0.0,FIX
2006-04-26 00:00:00-04:00,15.239999771118164,15.239999771118164,14.880000114440918,14.949999809265137,12.037412643432617,1010500,0.0,0.0,FIX
2006-04-27 00:00:00-04:00,14.899999618530273,15.010000228881836,14.600000381469727,14.720000267028809,11.852218627929688,392600,0.0,0.0,FIX
2006-04-28 00:00:00-04:00,14.619999885559082,15.289999961853027,14.600000381469727,15.260000228881836,12.28701114654541,374200,0.0,0.0,FIX
2006-05-01 00:00:00-04:00,15.199999809265137,15.350000381469727,14.930000305175781,15.100000381469727,12.158186912536621,344800,0.0,0.0,FIX
2006-05-02 00:00:00-04:00,15.109999656677246,15.529999732971191,14.90999984741211,15.300000190734863,12.31922435760498,224500,0.0,0.0,FIX
2006-05-03 00:00:00-04:00,15.350000381469727,15.720000267028809,15.149999618530273,15.539999961853027,12.512467384338379,325200,0.0,0.0,FIX
2006-05-04 00:00:00-04:00,15.300000190734863,15.380000114440918,14.510000228881836,14.869999885559082,11.97299861907959,450000,0.0,0.0,FIX
2006-05-05 00:00:00-04:00,14.890000343322754,15.25,14.890000343322754,14.979999542236328,12.061566352844238,372300,0.0,0.0,FIX
2006-05-08 00:00:00-04:00,14.920000076293945,15.15999984741211,14.6899995803833,14.960000038146973,12.045463562011719,293400,0.0,0.0,FIX
2006-05-09 00:00:00-04:00,14.970000267028809,15.149999618530273,14.8100004196167,15.020000457763672,12.093771934509277,413300,0.0,0.0,FIX
2006-05-10 00:00:00-04:00,15.039999961853027,15.170000076293945,14.899999618530273,15.039999961853027,12.109878540039062,326100,0.0,0.0,FIX
2006-05-11 00:00:00-04:00,14.970000267028809,15.0,14.59000015258789,14.619999885559082,11.771702766418457,348700,0.0,0.0,FIX
2006-05-12 00:00:00-04:00,14.520000457763672,14.520000457763672,13.59000015258789,14.279999732971191,11.497941970825195,445100,0.0,0.0,FIX
2006-05-15 00:00:00-04:00,14.100000381469727,14.100000381469727,13.380000114440918,13.619999885559082,10.966525077819824,308200,0.0,0.0,FIX
2006-05-16 00:00:00-04:00,13.520000457763672,14.420000076293945,13.520000457763672,14.210000038146973,11.441581726074219,474700,0.0,0.0,FIX
2006-05-17 00:00:00-04:00,13.960000038146973,13.960000038146973,13.300000190734863,13.470000267028809,10.845747947692871,395600,0.0,0.0,FIX
2006-05-18 00:00:00-04:00,13.300000190734863,13.739999771118164,12.75,12.899999618530273,10.386795997619629,345700,0.0,0.0,FIX
2006-05-19 00:00:00-04:00,12.880000114440918,13.5,12.579999923706055,13.420000076293945,10.80549430847168,369500,0.0,0.0,FIX
2006-05-22 00:00:00-04:00,13.199999809265137,13.579999923706055,12.5,13.270000457763672,10.684713363647461,681800,0.0,0.0,FIX
2006-05-23 00:00:00-04:00,13.270000457763672,13.680000305175781,12.789999961853027,12.890000343322754,10.378744125366211,567700,0.0,0.0,FIX
2006-05-24 00:00:00-04:00,12.850000381469727,12.960000038146973,12.5,12.800000190734863,10.306283950805664,271700,0.0,0.0,FIX
2006-05-25 00:00:00-04:00,12.949999809265137,13.15999984741211,12.800000190734863,13.069999694824219,10.523674011230469,250300,0.0,0.0,FIX
2006-05-26 00:00:00-04:00,13.109999656677246,13.170000076293945,12.899999618530273,13.0600004196167,10.543861389160156,151300,0.035,0.0,FIX
2006-05-30 00:00:00-04:00,13.3100004196167,13.5600004196167,12.800000190734863,12.869999885559082,10.390471458435059,468600,0.0,0.0,FIX
2006-05-31 00:00:00-04:00,12.850000381469727,13.100000381469727,12.75,13.0,10.495421409606934,337300,0.0,0.0,FIX
2006-06-01 00:00:00-04:00,13.0,13.399999618530273,12.960000038146973,13.180000305175781,10.640740394592285,292100,0.0,0.0,FIX
2006-06-02 00:00:00-04:00,13.25,13.5600004196167,12.9399995803833,13.4399995803833,10.8506498336792,256000,0.0,0.0,FIX
2006-06-05 00:00:00-04:00,13.449999809265137,13.449999809265137,12.649999618530273,12.65999984741211,10.220924377441406,207100,0.0,0.0,FIX
2006-06-06 00:00:00-04:00,12.619999885559082,12.630000114440918,12.069999694824219,12.329999923706055,9.954501152038574,330000,0.0,0.0,FIX
2006-06-07 00:00:00-04:00,12.199999809265137,12.739999771118164,12.170000076293945,12.380000114440918,9.99487018585205,239600,0.0,0.0,FIX
2006-06-08 00:00:00-04:00,12.300000190734863,12.930000305175781,12.069999694824219,12.8100004196167,10.34202766418457,385700,0.0,0.0,FIX
2006-06-09 00:00:00-04:00,12.829999923706055,13.260000228881836,12.170000076293945,12.170000076293945,9.825323104858398,253500,0.0,0.0,FIX
2006-06-12 00:00:00-04:00,12.199999809265137,12.3100004196167,11.899999618530273,11.899999618530273,9.607348442077637,299300,0.0,0.0,FIX
2006-06-13 00:00:00-04:00,11.899999618530273,12.34000015258789,11.819999694824219,11.829999923706055,9.550833702087402,301200,0.0,0.0,FIX
2006-06-14 00:00:00-04:00,11.819999694824219,12.25,11.819999694824219,12.010000228881836,9.696152687072754,199200,0.0,0.0,FIX
2006-06-15 00:00:00-04:00,12.100000381469727,13.029999732971191,12.100000381469727,12.920000076293945,10.43083381652832,262300,0.0,0.0,FIX
2006-06-16 00:00:00-04:00,12.970000267028809,13.300000190734863,12.5,12.670000076293945,10.228998184204102,807800,0.0,0.0,FIX
2006-06-19 00:00:00-04:00,12.649999618530273,12.699999809265137,12.050000190734863,12.149999618530273,9.80918025970459,385300,0.0,0.0,FIX
2006-06-20 00:00:00-04:00,12.100000381469727,12.520000457763672,12.010000228881836,12.3100004196167,9.938355445861816,276200,0.0,0.0,FIX
2006-06-21 00:00:00-04:00,12.279999732971191,13.100000381469727,12.279999732971191,12.9399995803833,10.446978569030762,237400,0.0,0.0,FIX
2006-06-22 00:00:00-04:00,12.979999542236328,12.979999542236328,12.600000381469727,12.8100004196167,10.34202766418457,259100,0.0,0.0,FIX
2006-06-23 00:00:00-04:00,12.770000457763672,13.1899995803833,12.649999618530273,13.100000381469727,10.576150894165039,207200,0.0,0.0,FIX
2006-06-26 00:00:00-04:00,13.239999771118164,13.850000381469727,13.170000076293945,13.680000305175781,11.044412612915039,384700,0.0,0.0,FIX
2006-06-27 00:00:00-04:00,13.720000267028809,13.9399995803833,13.220000267028809,13.319999694824219,10.75377082824707,308300,0.0,0.0,FIX
2006-06-28 00:00:00-04:00,13.329999923706055,13.329999923706055,12.670000076293945,12.829999923706055,10.358171463012695,302600,0.0,0.0,FIX
2006-06-29 00:00:00-04:00,13.029999732971191,13.9399995803833,12.970000267028809,13.829999923706055,11.165510177612305,367400,0.0,0.0,FIX
2006-06-30 00:00:00-04:00,13.930000305175781,14.3100004196167,13.65999984741211,14.289999961853027,11.53688907623291,474700,0.0,0.0,FIX
2006-07-03 00:00:00-04:00,14.390000343322754,14.5,14.220000267028809,14.289999961853027,11.53688907623291,80800,0.0,0.0,FIX
2006-07-05 00:00:00-04:00,14.1899995803833,14.25,13.800000190734863,13.9399995803833,11.254323959350586,196100,0.0,0.0,FIX
2006-07-06 00:00:00-04:00,13.9399995803833,14.15999984741211,13.859999656677246,14.050000190734863,11.343127250671387,139600,0.0,0.0,FIX
2006-07-07 00:00:00-04:00,14.020000457763672,14.020000457763672,13.5,13.510000228881836,10.907161712646484,91600,0.0,0.0,FIX
2006-07-10 00:00:00-04:00,13.529999732971191,13.970000267028809,13.5,13.630000114440918,11.004048347473145,153200,0.0,0.0,FIX
2006-07-11 00:00:00-04:00,13.579999923706055,13.90999984741211,13.1899995803833,13.90999984741211,11.2301025390625,145600,0.0,0.0,FIX
2006-07-12 00:00:00-04:00,13.850000381469727,13.850000381469727,13.15999984741211,13.170000076293945,10.63266658782959,131000,0.0,0.0,FIX
2006-07-13 00:00:00-04:00,13.069999694824219,13.069999694824219,12.640000343322754,12.789999961853027,10.32588005065918,207700,0.0,0.0,FIX
2006-07-14 00:00:00-04:00,12.6899995803833,12.720000267028809,12.100000381469727,12.579999923706055,10.156338691711426,199700,0.0,0.0,FIX
2006-07-17 00:00:00-04:00,12.399999618530273,12.699999809265137,12.329999923706055,12.649999618530273,10.212848663330078,236100,0.0,0.0,FIX
2006-07-18 00:00:00-04:00,12.680000305175781,12.800000190734863,12.289999961853027,12.579999923706055,10.156338691711426,187600,0.0,0.0,FIX
2006-07-19 00:00:00-04:00,12.619999885559082,13.300000190734863,12.619999885559082,13.079999923706055,10.560007095336914,191000,0.0,0.0,FIX
2006-07-20 00:00:00-04:00,13.170000076293945,13.25,12.470000267028809,12.5,10.09174633026123,239700,0.0,0.0,FIX
2006-07-21 00:00:00-04:00,12.5,12.5,11.739999771118164,12.119999885559082,9.784958839416504,154500,0.0,0.0,FIX
2006-07-24 00:00:00-04:00,12.369999885559082,13.15999984741211,12.279999732971191,12.960000038146973,10.463126182556152,230400,0.0,0.0,FIX
2006-07-25 00:00:00-04:00,12.989999771118164,13.399999618530273,12.9399995803833,13.130000114440918,10.60037612915039,283700,0.0,0.0,FIX
2006-07-26 00:00:00-04:00,13.029999732971191,13.1899995803833,12.649999618530273,13.010000228881836,10.503493309020996,149400,0.0,0.0,FIX
2006-07-27 00:00:00-04:00,13.100000381469727,13.260000228881836,12.609999656677246,12.760000228881836,10.30165958404541,185700,0.0,0.0,FIX
2006-07-28 00:00:00-04:00,12.75,13.59000015258789,12.75,13.510000228881836,10.907161712646484,178500,0.0,0.0,FIX
2006-07-31 00:00:00-04:00,13.460000038146973,13.84000015258789,13.149999618530273,13.84000015258789,11.173584938049316,206800,0.0,0.0,FIX
2006-08-01 00:00:00-04:00,13.699999809265137,13.699999809265137,13.279999732971191,13.470000267028809,10.874868392944336,172600,0.0,0.0,FIX
2006-08-02 00:00:00-04:00,13.569999694824219,14.130000114440918,13.529999732971191,13.899999618530273,11.222024917602539,266600,0.0,0.0,FIX
2006-08-03 00:00:00-04:00,13.850000381469727,13.970000267028809,13.350000381469727,13.4399995803833,10.8506498336792,401000,0.0,0.0,FIX
2006-08-04 00:00:00-04:00,13.449999809265137,13.449999809265137,12.449999809265137,13.029999732971191,10.519640922546387,468300,0.0,0.0,FIX
2006-08-07 00:00:00-04:00,12.979999542236328,13.350000381469727,12.850000381469727,13.279999732971191,10.721477508544922,146800,0.0,0.0,FIX
2006-08-08 00:00:00-04:00,13.279999732971191,13.279999732971191,12.300000190734863,12.369999885559082,9.986795425415039,207000,0.0,0.0,FIX
2006-08-09 00:00:00-04:00,12.600000381469727,12.670000076293945,12.199999809265137,12.289999961853027,9.922207832336426,282200,0.0,0.0,FIX
2006-08-10 00:00:00-04:00,12.199999809265137,12.520000457763672,12.100000381469727,12.380000114440918,9.99487018585205,203000,0.0,0.0,FIX
2006-08-11 00:00:00-04:00,12.279999732971191,12.59000015258789,12.220000267028809,12.460000038146973,10.059456825256348,142200,0.0,0.0,FIX
2006-08-14 00:00:00-04:00,12.520000457763672,13.050000190734863,12.5,12.710000038146973,10.261289596557617,312200,0.0,0.0,FIX
2006-08-15 00:00:00-04:00,12.75,12.899999618530273,12.529999732971191,12.600000381469727,10.172483444213867,209800,0.0,0.0,FIX
2006-08-16 00:00:00-04:00,12.640000343322754,13.100000381469727,12.579999923706055,12.75,10.293582916259766,205100,0.0,0.0,FIX
2006-08-17 00:00:00-04:00,12.739999771118164,12.819999694824219,12.649999618530273,12.770000457763672,10.309733390808105,140300,0.0,0.0,FIX
2006-08-18 00:00:00-04:00,12.770000457763672,12.800000190734863,12.5,12.75,10.293582916259766,96000,0.0,0.0,FIX
2006-08-21 00:00:00-04:00,12.75,12.75,12.25,12.609999656677246,10.180558204650879,252600,0.0,0.0,FIX
2006-08-22 00:00:00-04:00,12.5600004196167,12.850000381469727,12.510000228881836,12.710000038146973,10.261289596557617,85200,0.0,0.0,FIX
2006-08-23 00:00:00-04:00,12.800000190734863,12.850000381469727,12.399999618530273,12.420000076293945,10.027161598205566,122100,0.0,0.0,FIX
2006-08-24 00:00:00-04:00,12.449999809265137,12.600000381469727,12.170000076293945,12.34000015258789,9.96257495880127,113800,0.0,0.0,FIX
2006-08-25 00:00:00-04:00,12.34000015258789,12.600000381469727,12.229999542236328,12.550000190734863,10.132122039794922,96900,0.0,0.0,FIX
2006-08-28 00:00:00-04:00,12.600000381469727,13.25,12.479999542236328,12.569999694824219,10.148261070251465,164700,0.0,0.0,FIX
2006-08-29 00:00:00-04:00,12.520000457763672,12.890000343322754,12.3100004196167,12.890000343322754,10.4356689453125,194300,0.035,0.0,FIX
2006-08-30 00:00:00-04:00,12.920000076293945,13.270000457763672,12.729999542236328,13.149999618530273,10.646167755126953,128100,0.0,0.0,FIX
2006-08-31 00:00:00-04:00,13.15999984741211,13.319999694824219,13.020000457763672,13.029999732971191,10.549013137817383,149600,0.0,0.0,FIX
2006-09-01 00:00:00-04:00,13.050000190734863,13.210000038146973,12.880000114440918,13.0600004196167,10.573301315307617,80100,0.0,0.0,FIX
2006-09-05 00:00:00-04:00,13.109999656677246,13.5,12.949999809265137,13.100000381469727,10.605681419372559,169000,0.0,0.0,FIX
2006-09-06 00:00:00-04:00,13.0,13.010000228881836,12.5,12.699999809265137,10.281846046447754,167700,0.0,0.0,FIX
2006-09-07 00:00:00-04:00,12.600000381469727,12.770000457763672,12.399999618530273,12.710000038146973,10.28994083404541,189200,0.0,0.0,FIX
2006-09-08 00:00:00-04:00,12.699999809265137,12.75,12.399999618530273,12.449999809265137,10.079447746276855,189700,0.0,0.0,FIX
2006-09-11 00:00:00-04:00,12.300000190734863,12.380000114440918,12.069999694824219,12.210000038146973,9.885146141052246,143400,0.0,0.0,FIX
2006-09-12 00:00:00-04:00,12.3100004196167,12.34000015258789,12.100000381469727,12.239999771118164,9.90943717956543,149500,0.0,0.0,FIX
2006-09-13 00:00:00-04:00,12.279999732971191,12.350000381469727,12.0,12.069999694824219,9.771801948547363,360800,0.0,0.0,FIX
2006-09-14 00:00:00-04:00,12.0600004196167,12.699999809265137,12.0600004196167,12.539999961853027,10.152314186096191,135700,0.0,0.0,FIX
2006-09-15 00:00:00-04:00,12.670000076293945,12.699999809265137,12.25,12.300000190734863,9.958003997802734,277900,0.0,0.0,FIX
2006-09-18 00:00:00-04:00,12.210000038146973,12.34000015258789,11.850000381469727,12.270000457763672,9.933717727661133,155800,0.0,0.0,FIX
2006-09-19 00:00:00-04:00,12.239999771118164,12.260000228881836,12.0,12.170000076293945,9.852758407592773,158800,0.0,0.0,FIX
2006-09-20 00:00:00-04:00,12.270000457763672,12.350000381469727,12.079999923706055,12.210000038146973,9.885146141052246,135200,0.0,0.0,FIX
2006-09-21 00:00:00-04:00,12.25,12.3100004196167,11.850000381469727,11.930000305175781,9.65846061706543,117200,0.0,0.0,FIX
2006-09-22 00:00:00-04:00,11.869999885559082,11.9399995803833,11.800000190734863,11.84000015258789,9.58559513092041,221600,0.0,0.0,FIX
2006-09-25 00:00:00-04:00,11.84000015258789,12.199999809265137,11.649999618530273,12.130000114440918,9.820379257202148,136900,0.0,0.0,FIX
2006-09-26 00:00:00-04:00,12.130000114440918,12.229999542236328,11.949999809265137,12.029999732971191,9.739418983459473,250300,0.0,0.0,FIX
2006-09-27 00:00:00-04:00,11.930000305175781,12.0600004196167,11.890000343322754,11.970000267028809,9.690844535827637,186900,0.0,0.0,FIX
2006-09-28 00:00:00-04:00,11.970000267028809,12.079999923706055,11.8100004196167,11.899999618530273,9.634173393249512,102300,0.0,0.0,FIX
2006-09-29 00:00:00-04:00,11.859999656677246,11.869999885559082,11.420000076293945,11.460000038146973,9.277949333190918,175100,0.0,0.0,FIX
2006-10-02 00:00:00-04:00,11.359999656677246,11.359999656677246,10.520000457763672,10.609999656677246,8.58979320526123,799700,0.0,0.0,FIX
2006-10-03 00:00:00-04:00,10.609999656677246,10.84000015258789,10.420000076293945,10.479999542236328,8.48454761505127,685500,0.0,0.0,FIX
2006-10-04 00:00:00-04:00,10.489999771118164,10.890000343322754,10.489999771118164,10.819999694824219,8.759809494018555,711100,0.0,0.0,FIX
2006-10-05 00:00:00-04:00,10.850000381469727,11.210000038146973,10.770000457763672,11.149999618530273,9.02697467803955,344000,0.0,0.0,FIX
2006-10-06 00:00:00-04:00,11.100000381469727,11.170000076293945,10.890000343322754,11.0,8.905537605285645,169200,0.0,0.0,FIX
2006-10-09 00:00:00-04:00,10.920000076293945,11.25,10.800000190734863,11.140000343322754,9.018876075744629,200500,0.0,0.0,FIX
2006-10-10 00:00:00-04:00,11.1899995803833,11.329999923706055,11.039999961853027,11.3100004196167,9.156508445739746,291800,0.0,0.0,FIX
2006-10-11 00:00:00-04:00,11.300000190734863,11.350000381469727,10.970000267028809,11.1899995803833,9.059358596801758,154600,0.0,0.0,FIX
2006-10-12 00:00:00-04:00,11.25,11.5,11.25,11.399999618530273,9.229375839233398,183300,0.0,0.0,FIX
2006-10-13 00:00:00-04:00,11.399999618530273,11.460000038146973,11.319999694824219,11.329999923706055,9.172704696655273,137800,0.0,0.0,FIX
2006-10-16 00:00:00-04:00,11.329999923706055,11.5600004196167,11.329999923706055,11.489999771118164,9.302236557006836,155200,0.0,0.0,FIX
2006-10-17 00:00:00-04:00,11.350000381469727,11.449999809265137,11.170000076293945,11.390000343322754,9.22127914428711,524000,0.0,0.0,FIX
2006-10-18 00:00:00-04:00,11.5,11.600000381469727,11.300000190734863,11.300000190734863,9.148416519165039,85000,0.0,0.0,FIX
2006-10-19 00:00:00-04:00,11.25,11.449999809265137,11.229999542236328,11.300000190734863,9.148416519165039,130800,0.0,0.0,FIX
2006-10-20 00:00:00-04:00,11.350000381469727,11.350000381469727,11.119999885559082,11.199999809265137,9.067459106445312,145900,0.0,0.0,FIX
2006-10-23 00:00:00-04:00,11.1899995803833,11.289999961853027,11.0,11.069999694824219,8.962207794189453,92600,0.0,0.0,FIX
2006-10-24 00:00:00-04:00,11.039999961853027,11.25,11.029999732971191,11.0600004196167,8.954115867614746,85600,0.0,0.0,FIX
2006-10-25 00:00:00-04:00,11.029999732971191,11.369999885559082,11.029999732971191,11.199999809265137,9.067459106445312,134200,0.0,0.0,FIX
2006-10-26 00:00:00-04:00,11.319999694824219,11.449999809265137,11.029999732971191,11.350000381469727,9.188898086547852,170600,0.0,0.0,FIX
2006-10-27 00:00:00-04:00,11.34000015258789,11.449999809265137,11.0600004196167,11.130000114440918,9.010781288146973,130800,0.0,0.0,FIX
2006-10-30 00:00:00-05:00,11.050000190734863,11.5,10.979999542236328,11.449999809265137,9.269850730895996,292800,0.0,0.0,FIX
2006-10-31 00:00:00-05:00,11.489999771118164,11.739999771118164,11.489999771118164,11.609999656677246,9.399393081665039,261100,0.0,0.0,FIX
2006-11-01 00:00:00-05:00,11.609999656677246,11.680000305175781,11.329999923706055,11.420000076293945,9.245565414428711,242400,0.0,0.0,FIX
2006-11-02 00:00:00-05:00,12.0,13.069999694824219,11.979999542236328,12.949999809265137,10.484248161315918,867200,0.0,0.0,FIX
2006-11-03 00:00:00-05:00,12.899999618530273,12.949999809265137,12.520000457763672,12.550000190734863,10.16041374206543,308500,0.0,0.0,FIX
2006-11-06 00:00:00-05:00,12.600000381469727,12.729999542236328,12.420000076293945,12.479999542236328,10.103737831115723,199300,0.0,0.0,FIX
2006-11-07 00:00:00-05:00,12.460000038146973,12.710000038146973,12.40999984741211,12.550000190734863,10.16041374206543,241200,0.0,0.0,FIX
2006-11-08 00:00:00-05:00,12.539999961853027,13.279999732971191,12.5,13.260000228881836,10.735218048095703,311600,0.0,0.0,FIX
2006-11-09 00:00:00-05:00,13.319999694824219,13.319999694824219,12.930000305175781,13.09000015258789,10.597590446472168,389400,0.0,0.0,FIX
2006-11-10 00:00:00-05:00,13.100000381469727,13.300000190734863,13.0600004196167,13.260000228881836,10.735218048095703,255000,0.0,0.0,FIX
2006-11-13 00:00:00-05:00,13.229999542236328,13.359999656677246,13.079999923706055,13.09000015258789,10.597590446472168,314600,0.0,0.0,FIX
2006-11-14 00:00:00-05:00,13.100000381469727,13.380000114440918,13.0,13.279999732971191,10.751413345336914,255000,0.0,0.0,FIX
2006-11-15 00:00:00-05:00,13.279999732971191,13.489999771118164,13.25,13.4399995803833,10.88094711303711,222100,0.0,0.0,FIX
2006-11-16 00:00:00-05:00,13.40999984741211,13.539999961853027,13.199999809265137,13.279999732971191,10.751413345336914,107900,0.0,0.0,FIX
2006-11-17 00:00:00-05:00,13.399999618530273,13.850000381469727,13.319999694824219,13.720000267028809,11.10762882232666,333100,0.0,0.0,FIX
2006-11-20 00:00:00-05:00,13.649999618530273,13.9399995803833,13.600000381469727,13.720000267028809,11.10762882232666,185700,0.0,0.0,FIX
2006-11-21 00:00:00-05:00,13.800000190734863,14.029999732971191,13.789999961853027,13.949999809265137,11.293839454650879,152500,0.0,0.0,FIX
2006-11-22 00:00:00-05:00,14.020000457763672,14.079999923706055,13.829999923706055,13.850000381469727,11.212884902954102,97300,0.0,0.0,FIX
2006-11-24 00:00:00-05:00,13.800000190734863,13.9399995803833,13.800000190734863,13.800000190734863,11.172401428222656,34800,0.0,0.0,FIX
2006-11-27 00:00:00-05:00,13.75,13.800000190734863,13.449999809265137,13.720000267028809,11.10762882232666,343600,0.0,0.0,FIX
2006-11-28 00:00:00-05:00,13.670000076293945,13.920000076293945,13.510000228881836,13.699999809265137,11.119811058044434,252300,0.035,0.0,FIX
2006-11-29 00:00:00-05:00,13.779999732971191,14.079999923706055,13.420000076293945,13.520000457763672,10.973708152770996,412500,0.0,0.0,FIX
2006-11-30 00:00:00-05:00,13.5,13.649999618530273,13.40999984741211,13.489999771118164,10.949357986450195,311200,0.0,0.0,FIX
2006-12-01 00:00:00-05:00,13.420000076293945,13.449999809265137,13.119999885559082,13.279999732971191,10.778905868530273,240600,0.0,0.0,FIX
2006-12-04 00:00:00-05:00,13.329999923706055,13.680000305175781,13.210000038146973,13.369999885559082,10.851958274841309,351700,0.0,0.0,FIX
2006-12-05 00:00:00-05:00,13.430000305175781,13.649999618530273,13.329999923706055,13.579999923706055,11.022408485412598,236300,0.0,0.0,FIX
2006-12-06 00:00:00-05:00,13.479999542236328,13.479999542236328,13.220000267028809,13.270000457763672,10.770790100097656,280200,0.0,0.0,FIX
2006-12-07 00:00:00-05:00,13.25,13.399999618530273,13.020000457763672,13.239999771118164,10.746445655822754,335100,0.0,0.0,FIX
2006-12-08 00:00:00-05:00,13.180000305175781,13.239999771118164,12.979999542236328,13.0,10.55164623260498,178800,0.0,0.0,FIX
2006-12-11 00:00:00-05:00,13.0,13.09000015258789,12.84000015258789,13.0,10.55164623260498,227900,0.0,0.0,FIX
2006-12-12 00:00:00-05:00,13.0,13.0,12.739999771118164,12.819999694824219,10.40554141998291,243500,0.0,0.0,FIX
2006-12-13 00:00:00-05:00,12.920000076293945,13.0,12.800000190734863,12.949999809265137,10.511061668395996,254000,0.0,0.0,FIX
2006-12-14 00:00:00-05:00,12.9399995803833,13.359999656677246,12.9399995803833,13.270000457763672,10.770790100097656,260100,0.0,0.0,FIX
2006-12-15 00:00:00-05:00,13.75,14.0,12.640000343322754,12.640000343322754,10.259444236755371,292000,0.0,0.0,FIX
2006-12-18 00:00:00-05:00,12.649999618530273,12.789999961853027,12.510000228881836,12.5600004196167,10.194513320922852,377100,0.0,0.0,FIX
2006-12-19 00:00:00-05:00,12.5,12.770000457763672,12.390000343322754,12.729999542236328,10.332491874694824,177800,0.0,0.0,FIX
2006-12-20 00:00:00-05:00,12.729999542236328,12.880000114440918,12.65999984741211,12.699999809265137,10.308144569396973,171400,0.0,0.0,FIX
2006-12-21 00:00:00-05:00,12.729999542236328,12.949999809265137,12.039999961853027,12.079999923706055,9.80490779876709,323300,0.0,0.0,FIX
2006-12-22 00:00:00-05:00,12.130000114440918,12.449999809265137,12.0600004196167,12.220000267028809,9.918545722961426,279700,0.0,0.0,FIX
2006-12-26 00:00:00-05:00,12.0,12.220000267028809,12.0,12.119999885559082,9.83737564086914,284200,0.0,0.0,FIX
2006-12-27 00:00:00-05:00,12.100000381469727,12.489999771118164,12.100000381469727,12.399999618530273,10.064644813537598,216500,0.0,0.0,FIX
2006-12-28 00:00:00-05:00,12.430000305175781,12.84000015258789,12.399999618530273,12.65999984741211,10.275674819946289,291600,0.0,0.0,FIX
2006-12-29 00:00:00-05:00,12.640000343322754,12.75,12.510000228881836,12.640000343322754,10.259444236755371,209500,0.0,0.0,FIX
2007-01-03 00:00:00-05:00,12.779999732971191,12.949999809265137,12.5,12.680000305175781,10.291913986206055,441100,0.0,0.0,FIX
2007-01-04 00:00:00-05:00,12.619999885559082,12.920000076293945,12.460000038146973,12.779999732971191,10.37307071685791,290500,0.0,0.0,FIX
2007-01-05 00:00:00-05:00,12.300000190734863,12.739999771118164,12.300000190734863,12.369999885559082,10.040292739868164,268000,0.0,0.0,FIX
2007-01-08 00:00:00-05:00,12.369999885559082,12.739999771118164,12.300000190734863,12.520000457763672,10.162042617797852,222900,0.0,0.0,FIX
2007-01-09 00:00:00-05:00,12.600000381469727,12.600000381469727,12.4399995803833,12.520000457763672,10.162042617797852,145900,0.0,0.0,FIX
2007-01-10 00:00:00-05:00,12.449999809265137,12.520000457763672,11.960000038146973,12.079999923706055,9.80490779876709,146900,0.0,0.0,FIX
2007-01-11 00:00:00-05:00,12.079999923706055,12.539999961853027,12.020000457763672,12.329999923706055,10.007824897766113,236900,0.0,0.0,FIX
2007-01-12 00:00:00-05:00,12.329999923706055,12.569999694824219,12.199999809265137,12.350000381469727,10.024066925048828,135600,0.0,0.0,FIX
2007-01-16 00:00:00-05:00,12.430000305175781,12.449999809265137,12.109999656677246,12.15999984741211,9.869848251342773,228400,0.0,0.0,FIX
2007-01-17 00:00:00-05:00,12.109999656677246,12.199999809265137,12.0600004196167,12.149999618530273,9.861729621887207,150700,0.0,0.0,FIX
2007-01-18 00:00:00-05:00,12.119999885559082,12.119999885559082,11.899999618530273,12.029999732971191,9.764328002929688,200400,0.0,0.0,FIX
2007-01-19 00:00:00-05:00,12.010000228881836,12.34000015258789,11.949999809265137,12.319999694824219,9.999710083007812,220300,0.0,0.0,FIX
2007-01-22 00:00:00-05:00,12.270000457763672,12.319999694824219,12.0,12.100000381469727,9.821146011352539,210900,0.0,0.0,FIX
2007-01-23 00:00:00-05:00,12.0600004196167,12.479999542236328,11.949999809265137,12.40999984741211,10.072761535644531,135900,0.0,0.0,FIX
2007-01-24 00:00:00-05:00,12.390000343322754,12.59000015258789,12.3100004196167,12.529999732971191,10.170160293579102,122500,0.0,0.0,FIX
2007-01-25 00:00:00-05:00,12.5600004196167,12.600000381469727,12.149999618530273,12.289999961853027,9.975360870361328,172100,0.0,0.0,FIX
2007-01-26 00:00:00-05:00,12.279999732971191,12.449999809265137,11.979999542236328,12.329999923706055,10.007824897766113,170600,0.0,0.0,FIX
2007-01-29 00:00:00-05:00,12.319999694824219,12.600000381469727,12.180000305175781,12.449999809265137,10.105226516723633,209900,0.0,0.0,FIX
2007-01-30 00:00:00-05:00,12.449999809265137,12.5600004196167,12.260000228881836,12.359999656677246,10.032182693481445,96600,0.0,0.0,FIX
2007-01-31 00:00:00-05:00,12.319999694824219,12.430000305175781,12.029999732971191,12.25,9.942893028259277,194100,0.0,0.0,FIX
2007-02-01 00:00:00-05:00,12.300000190734863,12.399999618530273,12.199999809265137,12.390000343322754,10.05652904510498,133100,0.0,0.0,FIX
2007-02-02 00:00:00-05:00,12.4399995803833,13.100000381469727,12.399999618530273,12.989999771118164,10.543527603149414,346200,0.0,0.0,FIX
2007-02-05 00:00:00-05:00,12.930000305175781,12.930000305175781,12.550000190734863,12.75,10.348730087280273,217800,0.0,0.0,FIX
2007-02-06 00:00:00-05:00,12.8100004196167,12.84000015258789,12.649999618530273,12.800000190734863,10.38930892944336,101900,0.0,0.0,FIX
2007-02-07 00:00:00-05:00,12.819999694824219,12.920000076293945,12.779999732971191,12.899999618530273,10.470474243164062,157900,0.0,0.0,FIX
2007-02-08 00:00:00-05:00,12.899999618530273,12.899999618530273,12.699999809265137,12.869999885559082,10.446127891540527,99200,0.0,0.0,FIX
2007-02-09 00:00:00-05:00,12.850000381469727,13.069999694824219,12.75,12.760000228881836,10.356846809387207,196300,0.0,0.0,FIX
2007-02-12 00:00:00-05:00,12.800000190734863,12.920000076293945,12.699999809265137,12.760000228881836,10.356846809387207,91700,0.0,0.0,FIX
2007-02-13 00:00:00-05:00,12.829999923706055,13.229999542236328,12.829999923706055,13.15999984741211,10.681507110595703,196500,0.0,0.0,FIX
2007-02-14 00:00:00-05:00,13.130000114440918,13.4399995803833,13.119999885559082,13.270000457763672,10.770790100097656,146200,0.0,0.0,FIX
2007-02-15 00:00:00-05:00,13.300000190734863,13.460000038146973,13.140000343322754,13.329999923706055,10.81949234008789,186400,0.0,0.0,FIX
2007-02-16 00:00:00-05:00,13.329999923706055,13.489999771118164,12.979999542236328,13.430000305175781,10.900654792785645,191500,0.0,0.0,FIX
2007-02-20 00:00:00-05:00,13.359999656677246,13.5,13.020000457763672,13.5,10.957473754882812,159500,0.0,0.0,FIX
2007-02-21 00:00:00-05:00,13.40999984741211,13.600000381469727,13.300000190734863,13.460000038146973,10.925006866455078,216000,0.0,0.0,FIX
2007-02-22 00:00:00-05:00,13.9399995803833,14.0,13.399999618530273,13.989999771118164,11.355196952819824,349900,0.0,0.0,FIX
2007-02-23 00:00:00-05:00,13.989999771118164,13.989999771118164,13.75,13.90999984741211,11.290260314941406,279600,0.0,0.0,FIX
2007-02-26 00:00:00-05:00,13.949999809265137,13.949999809265137,13.729999542236328,13.779999732971191,11.184739112854004,306300,0.0,0.0,FIX
2007-02-27 00:00:00-05:00,13.449999809265137,13.699999809265137,13.199999809265137,13.319999694824219,10.811375617980957,402200,0.0,0.0,FIX
2007-02-28 00:00:00-05:00,13.319999694824219,13.640000343322754,12.989999771118164,13.609999656677246,11.046759605407715,286000,0.0,0.0,FIX
2007-03-01 00:00:00-05:00,12.609999656677246,13.199999809265137,11.800000190734863,13.130000114440918,10.6571626663208,695100,0.0,0.0,FIX
2007-03-02 00:00:00-05:00,12.930000305175781,12.979999542236328,12.550000190734863,12.899999618530273,10.470474243164062,560900,0.0,0.0,FIX
2007-03-05 00:00:00-05:00,12.699999809265137,12.960000038146973,12.399999618530273,12.470000267028809,10.121460914611816,460400,0.0,0.0,FIX
2007-03-06 00:00:00-05:00,12.800000190734863,13.199999809265137,12.550000190734863,12.619999885559082,10.243210792541504,323700,0.0,0.0,FIX
2007-03-07 00:00:00-05:00,12.619999885559082,13.109999656677246,12.479999542236328,13.029999732971191,10.605408668518066,353600,0.035,0.0,FIX
2007-03-08 00:00:00-05:00,13.180000305175781,13.420000076293945,12.789999961853027,13.09000015258789,10.654242515563965,293700,0.0,0.0,FIX
2007-03-09 00:00:00-05:00,13.1899995803833,13.25,12.90999984741211,13.029999732971191,10.605408668518066,344000,0.0,0.0,FIX
2007-03-12 00:00:00-04:00,13.09000015258789,13.199999809265137,12.90999984741211,12.949999809265137,10.540291786193848,184400,0.0,0.0,FIX
2007-03-13 00:00:00-04:00,12.850000381469727,12.979999542236328,12.539999961853027,12.6899995803833,10.328666687011719,241600,0.0,0.0,FIX
2007-03-14 00:00:00-04:00,12.649999618530273,12.970000267028809,12.5,12.899999618530273,10.49959945678711,180800,0.0,0.0,FIX
2007-03-15 00:00:00-04:00,12.850000381469727,13.220000267028809,12.710000038146973,13.079999923706055,10.646101951599121,126400,0.0,0.0,FIX
2007-03-16 00:00:00-04:00,13.09000015258789,13.09000015258789,12.739999771118164,12.789999961853027,10.410065650939941,317400,0.0,0.0,FIX
2007-03-19 00:00:00-04:00,12.6899995803833,12.6899995803833,12.0,12.100000381469727,9.848456382751465,687500,0.0,0.0,FIX
2007-03-20 00:00:00-04:00,12.0600004196167,12.25,12.0,12.149999618530273,9.889156341552734,267900,0.0,0.0,FIX
2007-03-21 00:00:00-04:00,12.149999618530273,12.420000076293945,12.050000190734863,12.34000015258789,10.043802261352539,320200,0.0,0.0,FIX
2007-03-22 00:00:00-04:00,12.430000305175781,12.449999809265137,12.289999961853027,12.34000015258789,10.043802261352539,337000,0.0,0.0,FIX
2007-03-23 00:00:00-04:00,12.380000114440918,12.5,12.229999542236328,12.350000381469727,10.0519437789917,256200,0.0,0.0,FIX
2007-03-26 00:00:00-04:00,12.350000381469727,12.40999984741211,12.15999984741211,12.300000190734863,10.011240005493164,616200,0.0,0.0,FIX
2007-03-27 00:00:00-04:00,12.279999732971191,12.279999732971191,11.90999984741211,11.989999771118164,9.758928298950195,402400,0.0,0.0,FIX
2007-03-28 00:00:00-04:00,11.949999809265137,12.09000015258789,11.850000381469727,11.9399995803833,9.718229293823242,469700,0.0,0.0,FIX
2007-03-29 00:00:00-04:00,12.0,12.0,11.729999542236328,11.859999656677246,9.653117179870605,232600,0.0,0.0,FIX
2007-03-30 00:00:00-04:00,11.850000381469727,12.100000381469727,11.850000381469727,11.979999542236328,9.750787734985352,312500,0.0,0.0,FIX
2007-04-02 00:00:00-04:00,11.979999542236328,12.1899995803833,11.920000076293945,12.109999656677246,9.856596946716309,209400,0.0,0.0,FIX
2007-04-03 00:00:00-04:00,12.119999885559082,12.319999694824219,12.010000228881836,12.130000114440918,9.872876167297363,193300,0.0,0.0,FIX
2007-04-04 00:00:00-04:00,12.0600004196167,12.119999885559082,12.010000228881836,12.0600004196167,9.815896987915039,267500,0.0,0.0,FIX
2007-04-05 00:00:00-04:00,12.0,12.199999809265137,11.970000267028809,12.140000343322754,9.88101577758789,107500,0.0,0.0,FIX
2007-04-09 00:00:00-04:00,12.130000114440918,12.140000343322754,11.949999809265137,12.020000457763672,9.783344268798828,404100,0.0,0.0,FIX
2007-04-10 00:00:00-04:00,12.039999961853027,12.149999618530273,11.899999618530273,11.920000076293945,9.70195484161377,317900,0.0,0.0,FIX
2007-04-11 00:00:00-04:00,11.899999618530273,12.010000228881836,11.75,11.859999656677246,9.653117179870605,743300,0.0,0.0,FIX
2007-04-12 00:00:00-04:00,11.800000190734863,11.989999771118164,11.75,11.779999732971191,9.588003158569336,377000,0.0,0.0,FIX
2007-04-13 00:00:00-04:00,11.779999732971191,12.050000190734863,11.75,12.020000457763672,9.783344268798828,336400,0.0,0.0,FIX
2007-04-16 00:00:00-04:00,12.100000381469727,12.25,12.020000457763672,12.1899995803833,9.921709060668945,182600,0.0,0.0,FIX
2007-04-17 00:00:00-04:00,12.210000038146973,12.359999656677246,12.149999618530273,12.350000381469727,10.0519437789917,309600,0.0,0.0,FIX
2007-04-18 00:00:00-04:00,12.289999961853027,12.4399995803833,12.25,12.359999656677246,10.060079574584961,252000,0.0,0.0,FIX
2007-04-19 00:00:00-04:00,12.260000228881836,12.460000038146973,12.199999809265137,12.420000076293945,10.108911514282227,312100,0.0,0.0,FIX
2007-04-20 00:00:00-04:00,12.550000190734863,12.600000381469727,12.430000305175781,12.510000228881836,10.182169914245605,230500,0.0,0.0,FIX
2007-04-23 00:00:00-04:00,12.449999809265137,12.630000114440918,12.449999809265137,12.479999542236328,10.157747268676758,150400,0.0,0.0,FIX
2007-04-24 00:00:00-04:00,12.5,12.569999694824219,12.289999961853027,12.369999885559082,10.068217277526855,177600,0.0,0.0,FIX
2007-04-25 00:00:00-04:00,12.4399995803833,12.550000190734863,12.350000381469727,12.520000457763672,10.19030475616455,188800,0.0,0.0,FIX
2007-04-26 00:00:00-04:00,12.5,12.720000267028809,12.40999984741211,12.6899995803833,10.328666687011719,135600,0.0,0.0,FIX
2007-04-27 00:00:00-04:00,12.699999809265137,12.720000267028809,12.449999809265137,12.520000457763672,10.19030475616455,192100,0.0,0.0,FIX
2007-04-30 00:00:00-04:00,12.510000228881836,12.619999885559082,12.380000114440918,12.489999771118164,10.165888786315918,319300,0.0,0.0,FIX
2007-05-01 00:00:00-04:00,12.460000038146973,12.630000114440918,12.399999618530273,12.510000228881836,10.182169914245605,354900,0.0,0.0,FIX
2007-05-02 00:00:00-04:00,12.899999618530273,13.279999732971191,12.710000038146973,12.890000343322754,10.491455078125,804200,0.0,0.0,FIX
2007-05-03 00:00:00-04:00,12.899999618530273,13.180000305175781,12.600000381469727,12.899999618530273,10.49959945678711,877700,0.0,0.0,FIX
2007-05-04 00:00:00-04:00,12.90999984741211,13.420000076293945,12.880000114440918,13.220000267028809,10.760051727294922,403600,0.0,0.0,FIX
2007-05-07 00:00:00-04:00,13.319999694824219,13.319999694824219,13.170000076293945,13.3100004196167,10.833308219909668,243800,0.0,0.0,FIX
2007-05-08 00:00:00-04:00,13.229999542236328,13.319999694824219,13.109999656677246,13.3100004196167,10.833308219909668,362900,0.0,0.0,FIX
2007-05-09 00:00:00-04:00,13.300000190734863,13.479999542236328,13.25,13.350000381469727,10.865859985351562,280700,0.0,0.0,FIX
2007-05-10 00:00:00-04:00,13.300000190734863,13.329999923706055,13.010000228881836,13.069999694824219,10.637962341308594,317600,0.0,0.0,FIX
2007-05-11 00:00:00-04:00,13.100000381469727,13.739999771118164,13.100000381469727,13.739999771118164,11.1832914352417,525800,0.0,0.0,FIX
2007-05-14 00:00:00-04:00,13.739999771118164,13.75,13.630000114440918,13.65999984741211,11.118176460266113,358900,0.0,0.0,FIX
2007-05-15 00:00:00-04:00,13.609999656677246,13.8100004196167,13.579999923706055,13.600000381469727,11.069342613220215,560200,0.0,0.0,FIX
2007-05-16 00:00:00-04:00,13.600000381469727,13.789999961853027,13.550000190734863,13.789999961853027,11.22398567199707,531000,0.0,0.0,FIX
2007-05-17 00:00:00-04:00,13.710000038146973,13.779999732971191,13.449999809265137,13.510000228881836,10.99609088897705,210800,0.0,0.0,FIX
2007-05-18 00:00:00-04:00,13.510000228881836,13.739999771118164,13.449999809265137,13.640000343322754,11.101901054382324,234600,0.0,0.0,FIX
2007-05-21 00:00:00-04:00,13.609999656677246,14.069999694824219,13.609999656677246,13.9399995803833,11.346074104309082,209800,0.0,0.0,FIX
2007-05-22 00:00:00-04:00,13.899999618530273,13.930000305175781,13.65999984741211,13.829999923706055,11.256545066833496,156800,0.0,0.0,FIX
2007-05-23 00:00:00-04:00,13.84000015258789,13.979999542236328,13.779999732971191,13.90999984741211,11.321659088134766,168700,0.0,0.0,FIX
2007-05-24 00:00:00-04:00,13.859999656677246,13.989999771118164,13.670000076293945,13.760000228881836,11.199566841125488,237500,0.0,0.0,FIX
2007-05-25 00:00:00-04:00,13.789999961853027,13.84000015258789,13.729999542236328,13.779999732971191,11.215846061706543,282000,0.0,0.0,FIX
2007-05-29 00:00:00-04:00,13.800000190734863,13.949999809265137,13.760000228881836,13.829999923706055,11.285207748413086,193800,0.035,0.0,FIX
2007-05-30 00:00:00-04:00,13.729999542236328,14.069999694824219,13.65999984741211,14.039999961853027,11.45656681060791,250300,0.0,0.0,FIX
2007-05-31 00:00:00-04:00,14.039999961853027,14.25,14.0,14.0,11.423929214477539,548700,0.0,0.0,FIX
2007-06-01 00:00:00-04:00,14.100000381469727,14.210000038146973,13.930000305175781,13.9399995803833,11.374966621398926,423100,0.0,0.0,FIX
2007-06-04 00:00:00-04:00,13.819999694824219,14.010000228881836,13.819999694824219,13.979999542236328,11.407604217529297,338000,0.0,0.0,FIX
2007-06-05 00:00:00-04:00,13.9399995803833,14.020000457763672,13.779999732971191,13.869999885559082,11.31784725189209,172400,0.0,0.0,FIX
2007-06-06 00:00:00-04:00,13.739999771118164,13.75,13.579999923706055,13.630000114440918,11.122013092041016,393800,0.0,0.0,FIX
2007-06-07 00:00:00-04:00,14.470000267028809,14.470000267028809,13.4399995803833,13.449999809265137,10.975127220153809,360400,0.0,0.0,FIX
2007-06-08 00:00:00-04:00,13.5,14.020000457763672,13.4399995803833,13.869999885559082,11.31784725189209,266800,0.0,0.0,FIX
2007-06-11 00:00:00-04:00,13.819999694824219,13.920000076293945,13.630000114440918,13.920000076293945,11.358644485473633,228000,0.0,0.0,FIX
2007-06-12 00:00:00-04:00,13.819999694824219,13.819999694824219,13.619999885559082,13.6899995803833,11.170967102050781,312100,0.0,0.0,FIX
2007-06-13 00:00:00-04:00,13.699999809265137,14.079999923706055,13.65999984741211,14.0600004196167,11.472885131835938,110600,0.0,0.0,FIX
2007-06-14 00:00:00-04:00,14.0600004196167,14.270000457763672,14.0,14.029999732971191,11.448405265808105,111600,0.0,0.0,FIX
2007-06-15 00:00:00-04:00,14.5,14.539999961853027,14.010000228881836,14.109999656677246,11.51368522644043,270000,0.0,0.0,FIX
2007-06-18 00:00:00-04:00,14.109999656677246,14.1899995803833,13.890000343322754,14.09000015258789,11.497366905212402,142900,0.0,0.0,FIX
2007-06-19 00:00:00-04:00,13.989999771118164,13.989999771118164,13.630000114440918,13.869999885559082,11.31784725189209,239900,0.0,0.0,FIX
2007-06-20 00:00:00-04:00,13.859999656677246,13.859999656677246,13.609999656677246,13.729999542236328,11.203606605529785,225800,0.0,0.0,FIX
2007-06-21 00:00:00-04:00,13.65999984741211,13.880000114440918,13.430000305175781,13.84000015258789,11.293366432189941,262500,0.0,0.0,FIX
2007-06-22 00:00:00-04:00,13.84000015258789,13.890000343322754,13.699999809265137,13.880000114440918,11.326009750366211,321600,0.0,0.0,FIX
2007-06-25 00:00:00-04:00,13.880000114440918,13.979999542236328,13.619999885559082,13.75,11.219924926757812,297800,0.0,0.0,FIX
2007-06-26 00:00:00-04:00,13.770000457763672,13.850000381469727,13.630000114440918,13.6899995803833,11.170967102050781,197700,0.0,0.0,FIX
2007-06-27 00:00:00-04:00,13.59000015258789,13.9399995803833,13.5,13.90999984741211,11.350488662719727,165200,0.0,0.0,FIX
2007-06-28 00:00:00-04:00,13.9399995803833,14.399999618530273,13.9399995803833,14.25,11.62792682647705,144100,0.0,0.0,FIX
2007-06-29 00:00:00-04:00,14.319999694824219,14.430000305175781,14.170000076293945,14.180000305175781,11.570802688598633,264200,0.0,0.0,FIX
2007-07-02 00:00:00-04:00,14.279999732971191,14.300000190734863,14.130000114440918,14.25,11.62792682647705,118800,0.0,0.0,FIX
2007-07-03 00:00:00-04:00,14.25,14.34000015258789,14.100000381469727,14.100000381469727,11.505523681640625,84300,0.0,0.0,FIX
2007-07-05 00:00:00-04:00,14.0600004196167,14.140000343322754,13.9399995803833,14.109999656677246,11.51368522644043,93500,0.0,0.0,FIX
2007-07-06 00:00:00-04:00,14.079999923706055,14.270000457763672,14.010000228881836,14.140000343322754,11.538162231445312,79900,0.0,0.0,FIX
2007-07-09 00:00:00-04:00,14.130000114440918,14.149999618530273,13.920000076293945,14.079999923706055,11.489208221435547,130900,0.0,0.0,FIX
2007-07-10 00:00:00-04:00,13.9399995803833,14.270000457763672,13.9399995803833,14.149999618530273,11.546327590942383,238200,0.0,0.0,FIX
2007-07-11 00:00:00-04:00,14.109999656677246,14.130000114440918,13.850000381469727,14.100000381469727,11.505523681640625,105000,0.0,0.0,FIX
2007-07-12 00:00:00-04:00,14.210000038146973,14.510000228881836,14.140000343322754,14.510000228881836,11.84008502960205,107000,0.0,0.0,FIX
2007-07-13 00:00:00-04:00,14.470000267028809,14.470000267028809,14.220000267028809,14.380000114440918,11.734002113342285,114700,0.0,0.0,FIX
2007-07-16 00:00:00-04:00,14.319999694824219,14.760000228881836,14.319999694824219,14.59000015258789,11.905364990234375,170200,0.0,0.0,FIX
2007-07-17 00:00:00-04:00,14.5600004196167,14.699999809265137,14.399999618530273,14.5600004196167,11.880885124206543,204600,0.0,0.0,FIX
2007-07-18 00:00:00-04:00,14.520000457763672,14.539999961853027,14.140000343322754,14.470000267028809,11.80744743347168,229500,0.0,0.0,FIX
2007-07-19 00:00:00-04:00,14.609999656677246,14.729999542236328,14.4399995803833,14.4399995803833,11.782963752746582,105400,0.0,0.0,FIX
2007-07-20 00:00:00-04:00,14.40999984741211,14.40999984741211,13.819999694824219,14.029999732971191,11.448405265808105,229400,0.0,0.0,FIX
2007-07-23 00:00:00-04:00,14.029999732971191,14.390000343322754,13.800000190734863,13.989999771118164,11.415767669677734,186900,0.0,0.0,FIX
2007-07-24 00:00:00-04:00,13.75,13.84000015258789,13.489999771118164,13.649999618530273,11.138328552246094,247200,0.0,0.0,FIX
2007-07-25 00:00:00-04:00,13.699999809265137,13.75,13.210000038146973,13.479999542236328,10.999610900878906,310200,0.0,0.0,FIX
2007-07-26 00:00:00-04:00,13.1899995803833,13.529999732971191,12.819999694824219,13.239999771118164,10.8037748336792,315400,0.0,0.0,FIX
2007-07-27 00:00:00-04:00,13.149999618530273,13.300000190734863,12.699999809265137,12.90999984741211,10.534493446350098,299800,0.0,0.0,FIX
2007-07-30 00:00:00-04:00,13.800000190734863,13.800000190734863,12.600000381469727,13.079999923706055,10.673210144042969,265100,0.0,0.0,FIX
2007-07-31 00:00:00-04:00,13.210000038146973,13.359999656677246,12.920000076293945,12.9399995803833,10.558974266052246,244600,0.0,0.0,FIX
2007-08-01 00:00:00-04:00,12.829999923706055,13.199999809265137,12.510000228881836,12.960000038146973,10.575292587280273,211200,0.0,0.0,FIX
2007-08-02 00:00:00-04:00,13.109999656677246,18.299999237060547,12.140000343322754,14.800000190734863,12.07672119140625,1049900,0.0,0.0,FIX
2007-08-03 00:00:00-04:00,14.75,14.949999809265137,14.0,14.220000267028809,11.603445053100586,475800,0.0,0.0,FIX
2007-08-06 00:00:00-04:00,14.210000038146973,15.140000343322754,13.859999656677246,15.020000457763672,12.256240844726562,747500,0.0,0.0,FIX
2007-08-07 00:00:00-04:00,14.869999885559082,15.0,14.010000228881836,14.449999809265137,11.791119575500488,357600,0.0,0.0,FIX
2007-08-08 00:00:00-04:00,14.609999656677246,15.039999961853027,13.609999656677246,14.569999694824219,11.889045715332031,669700,0.0,0.0,FIX
2007-08-09 00:00:00-04:00,14.279999732971191,14.649999618530273,13.779999732971191,14.130000114440918,11.530007362365723,633900,0.0,0.0,FIX
2007-08-10 00:00:00-04:00,14.180000305175781,15.0600004196167,13.899999618530273,14.850000381469727,12.117522239685059,481500,0.0,0.0,FIX
2007-08-13 00:00:00-04:00,15.100000381469727,15.100000381469727,14.369999885559082,14.720000267028809,12.011445999145508,290400,0.0,0.0,FIX
2007-08-14 00:00:00-04:00,14.640000343322754,14.739999771118164,14.260000228881836,14.319999694824219,11.68504524230957,186200,0.0,0.0,FIX
2007-08-15 00:00:00-04:00,14.210000038146973,15.0,14.010000228881836,14.119999885559082,11.521845817565918,229800,0.0,0.0,FIX
2007-08-16 00:00:00-04:00,14.0,14.930000305175781,13.8100004196167,14.300000190734863,11.668728828430176,572100,0.0,0.0,FIX
2007-08-17 00:00:00-04:00,14.300000190734863,14.989999771118164,14.109999656677246,14.569999694824219,11.889045715332031,395600,0.0,0.0,FIX
2007-08-20 00:00:00-04:00,14.75,14.880000114440918,14.380000114440918,14.5600004196167,11.880885124206543,163100,0.0,0.0,FIX
2007-08-21 00:00:00-04:00,14.420000076293945,15.149999618530273,14.300000190734863,14.470000267028809,11.80744743347168,189500,0.0,0.0,FIX
2007-08-22 00:00:00-04:00,14.670000076293945,15.09000015258789,14.59000015258789,15.029999732971191,12.264403343200684,166400,0.0,0.0,FIX
2007-08-23 00:00:00-04:00,15.0,15.039999961853027,14.600000381469727,14.600000381469727,11.913525581359863,127900,0.0,0.0,FIX
2007-08-24 00:00:00-04:00,14.640000343322754,15.369999885559082,14.619999885559082,15.220000267028809,12.419442176818848,240400,0.0,0.0,FIX
2007-08-27 00:00:00-04:00,15.229999542236328,15.279999732971191,14.930000305175781,15.079999923706055,12.30520248413086,304800,0.0,0.0,FIX
2007-08-28 00:00:00-04:00,15.039999961853027,15.100000381469727,14.800000190734863,14.859999656677246,12.125683784484863,227800,0.0,0.0,FIX
2007-08-29 00:00:00-04:00,15.0,15.0,14.329999923706055,14.529999732971191,11.884390830993652,238500,0.035,0.0,FIX
2007-08-30 00:00:00-04:00,14.359999656677246,15.100000381469727,14.359999656677246,14.729999542236328,12.04797649383545,142600,0.0,0.0,FIX
2007-08-31 00:00:00-04:00,14.930000305175781,14.930000305175781,14.5,14.550000190734863,11.90075397491455,121600,0.0,0.0,FIX
2007-09-04 00:00:00-04:00,14.59000015258789,15.300000190734863,14.59000015258789,15.020000457763672,12.285176277160645,384800,0.0,0.0,FIX
2007-09-05 00:00:00-04:00,15.100000381469727,15.100000381469727,14.510000228881836,14.680000305175781,12.007081985473633,266600,0.0,0.0,FIX
2007-09-06 00:00:00-04:00,14.75,14.979999542236328,14.420000076293945,14.90999984741211,12.19520378112793,138700,0.0,0.0,FIX
2007-09-07 00:00:00-04:00,14.609999656677246,14.6899995803833,14.399999618530273,14.489999771118164,11.85168170928955,304800,0.0,0.0,FIX
2007-09-10 00:00:00-04:00,14.479999542236328,14.479999542236328,13.630000114440918,14.029999732971191,11.475434303283691,201000,0.0,0.0,FIX
2007-09-11 00:00:00-04:00,14.050000190734863,14.319999694824219,13.960000038146973,14.260000228881836,11.663557052612305,203900,0.0,0.0,FIX
2007-09-12 00:00:00-04:00,14.210000038146973,14.380000114440918,13.670000076293945,13.770000457763672,11.262778282165527,146800,0.0,0.0,FIX
2007-09-13 00:00:00-04:00,13.8100004196167,13.850000381469727,13.5,13.65999984741211,11.172806739807129,179000,0.0,0.0,FIX
2007-09-14 00:00:00-04:00,13.470000267028809,13.899999618530273,13.300000190734863,13.5600004196167,11.091009140014648,161900,0.0,0.0,FIX
2007-09-17 00:00:00-04:00,13.670000076293945,14.010000228881836,13.5,13.579999923706055,11.107370376586914,426800,0.0,0.0,FIX
2007-09-18 00:00:00-04:00,13.609999656677246,14.949999809265137,13.609999656677246,14.920000076293945,12.203384399414062,328200,0.0,0.0,FIX
2007-09-19 00:00:00-04:00,15.0,15.430000305175781,14.9399995803833,15.0,12.268821716308594,326500,0.0,0.0,FIX
2007-09-20 00:00:00-04:00,15.020000457763672,15.350000381469727,14.989999771118164,15.270000457763672,12.489659309387207,235400,0.0,0.0,FIX
2007-09-21 00:00:00-04:00,15.399999618530273,15.399999618530273,15.100000381469727,15.180000305175781,12.416046142578125,279500,0.0,0.0,FIX
2007-09-24 00:00:00-04:00,15.079999923706055,15.4399995803833,14.630000114440918,15.149999618530273,12.391504287719727,361000,0.0,0.0,FIX
2007-09-25 00:00:00-04:00,15.020000457763672,15.020000457763672,14.109999656677246,14.300000190734863,11.696276664733887,255200,0.0,0.0,FIX
2007-09-26 00:00:00-04:00,14.420000076293945,14.65999984741211,14.300000190734863,14.369999885559082,11.753524780273438,281600,0.0,0.0,FIX
2007-09-27 00:00:00-04:00,14.460000038146973,14.680000305175781,14.069999694824219,14.119999885559082,11.549047470092773,146800,0.0,0.0,FIX
2007-09-28 00:00:00-04:00,14.140000343322754,14.520000457763672,13.720000267028809,14.199999809265137,11.614481925964355,178800,0.0,0.0,FIX
2007-10-01 00:00:00-04:00,14.0600004196167,14.529999732971191,13.869999885559082,14.529999732971191,11.884390830993652,305700,0.0,0.0,FIX
2007-10-02 00:00:00-04:00,14.529999732971191,14.710000038146973,14.460000038146973,14.569999694824219,11.917113304138184,195800,0.0,0.0,FIX
2007-10-03 00:00:00-04:00,14.4399995803833,14.710000038146973,14.369999885559082,14.489999771118164,11.85168170928955,145600,0.0,0.0,FIX
2007-10-04 00:00:00-04:00,14.520000457763672,14.75,14.260000228881836,14.609999656677246,11.949831008911133,120100,0.0,0.0,FIX
2007-10-05 00:00:00-04:00,14.710000038146973,15.100000381469727,14.579999923706055,14.84000015258789,12.13794994354248,458100,0.0,0.0,FIX
2007-10-08 00:00:00-04:00,14.65999984741211,14.9399995803833,14.5,14.899999618530273,12.187024116516113,174100,0.0,0.0,FIX
2007-10-09 00:00:00-04:00,15.029999732971191,15.25,14.630000114440918,15.100000381469727,12.350614547729492,220600,0.0,0.0,FIX
2007-10-10 00:00:00-04:00,15.09000015258789,15.5,14.920000076293945,15.420000076293945,12.612348556518555,203400,0.0,0.0,FIX
2007-10-11 00:00:00-04:00,15.5,15.5,14.760000228881836,15.170000076293945,12.407865524291992,314100,0.0,0.0,FIX
2007-10-12 00:00:00-04:00,15.170000076293945,15.539999961853027,15.149999618530273,15.1899995803833,12.424222946166992,198100,0.0,0.0,FIX
2007-10-15 00:00:00-04:00,15.0,15.100000381469727,14.670000076293945,14.930000305175781,12.211565971374512,190700,0.0,0.0,FIX
2007-10-16 00:00:00-04:00,14.9399995803833,15.199999809265137,14.720000267028809,15.029999732971191,12.293356895446777,150900,0.0,0.0,FIX
2007-10-17 00:00:00-04:00,15.220000267028809,15.449999809265137,15.050000190734863,15.239999771118164,12.465120315551758,146300,0.0,0.0,FIX
2007-10-18 00:00:00-04:00,15.199999809265137,15.210000038146973,14.90999984741211,15.079999923706055,12.33425235748291,209600,0.0,0.0,FIX
2007-10-19 00:00:00-04:00,15.050000190734863,15.239999771118164,14.25,14.319999694824219,11.712634086608887,218000,0.0,0.0,FIX
2007-10-22 00:00:00-04:00,14.119999885559082,14.5,14.0,14.289999961853027,11.688092231750488,285300,0.0,0.0,FIX
2007-10-23 00:00:00-04:00,14.399999618530273,14.739999771118164,14.300000190734863,14.680000305175781,12.007081985473633,245900,0.0,0.0,FIX
2007-10-24 00:00:00-04:00,14.539999961853027,14.859999656677246,14.260000228881836,14.670000076293945,11.998908996582031,197000,0.0,0.0,FIX
2007-10-25 00:00:00-04:00,14.779999732971191,14.859999656677246,14.5,14.670000076293945,11.998908996582031,200800,0.0,0.0,FIX
2007-10-26 00:00:00-04:00,14.90999984741211,15.020000457763672,14.5600004196167,14.819999694824219,12.121590614318848,140200,0.0,0.0,FIX
2007-10-29 00:00:00-04:00,14.869999885559082,14.960000038146973,14.449999809265137,14.640000343322754,11.974364280700684,307400,0.0,0.0,FIX
2007-10-30 00:00:00-04:00,14.600000381469727,14.619999885559082,14.399999618530273,14.579999923706055,11.92529296875,217300,0.0,0.0,FIX
2007-10-31 00:00:00-04:00,14.520000457763672,15.0,14.350000381469727,14.619999885559082,11.9580078125,347400,0.0,0.0,FIX
2007-11-01 00:00:00-04:00,14.5,14.75,13.180000305175781,13.949999809265137,11.410000801086426,821600,0.0,0.0,FIX
2007-11-02 00:00:00-04:00,14.0,14.0,13.079999923706055,13.229999542236328,10.8211030960083,452100,0.0,0.0,FIX
2007-11-05 00:00:00-05:00,13.239999771118164,13.779999732971191,12.949999809265137,13.65999984741211,11.172806739807129,368200,0.0,0.0,FIX
2007-11-06 00:00:00-05:00,13.65999984741211,13.729999542236328,13.380000114440918,13.449999809265137,11.001039505004883,356700,0.0,0.0,FIX
2007-11-07 00:00:00-05:00,13.350000381469727,13.5600004196167,13.0,13.279999732971191,10.861992835998535,297800,0.0,0.0,FIX
2007-11-08 00:00:00-05:00,13.420000076293945,13.420000076293945,12.989999771118164,13.210000038146973,10.804741859436035,269500,0.0,0.0,FIX
2007-11-09 00:00:00-05:00,13.199999809265137,13.300000190734863,12.850000381469727,12.960000038146973,10.600258827209473,354800,0.0,0.0,FIX
2007-11-12 00:00:00-05:00,12.9399995803833,13.119999885559082,12.579999923706055,12.6899995803833,10.379415512084961,426000,0.0,0.0,FIX
2007-11-13 00:00:00-05:00,12.779999732971191,12.949999809265137,12.550000190734863,12.59000015258789,10.297626495361328,418500,0.0,0.0,FIX
2007-11-14 00:00:00-05:00,12.609999656677246,13.020000457763672,12.59000015258789,12.699999809265137,10.387600898742676,478900,0.0,0.0,FIX
2007-11-15 00:00:00-05:00,12.680000305175781,12.859999656677246,12.600000381469727,12.75,10.428502082824707,425300,0.0,0.0,FIX
2007-11-16 00:00:00-05:00,12.699999809265137,12.699999809265137,12.239999771118164,12.5,10.224013328552246,350300,0.0,0.0,FIX
2007-11-19 00:00:00-05:00,12.420000076293945,13.140000343322754,12.350000381469727,12.8100004196167,10.477570533752441,640100,0.0,0.0,FIX
2007-11-20 00:00:00-05:00,12.84000015258789,12.850000381469727,12.0,12.220000267028809,9.994997024536133,595500,0.0,0.0,FIX
2007-11-21 00:00:00-05:00,12.170000076293945,12.25,11.890000343322754,11.920000076293945,9.749621391296387,371500,0.0,0.0,FIX
2007-11-23 00:00:00-05:00,12.039999961853027,12.220000267028809,12.039999961853027,12.149999618530273,9.937744140625,104800,0.0,0.0,FIX
2007-11-26 00:00:00-05:00,12.140000343322754,12.4399995803833,11.989999771118164,12.020000457763672,9.831414222717285,385900,0.0,0.0,FIX
2007-11-27 00:00:00-05:00,12.039999961853027,12.140000343322754,11.739999771118164,11.800000190734863,9.651471138000488,254500,0.0,0.0,FIX
2007-11-28 00:00:00-05:00,11.800000190734863,12.180000305175781,11.720000267028809,11.779999732971191,9.671996116638184,359100,0.045,0.0,FIX
2007-11-29 00:00:00-05:00,11.789999961853027,12.1899995803833,11.739999771118164,12.069999694824219,9.910103797912598,198100,0.0,0.0,FIX
2007-11-30 00:00:00-05:00,12.239999771118164,12.25,11.739999771118164,11.75,9.647359848022461,391000,0.0,0.0,FIX
2007-12-03 00:00:00-05:00,11.8100004196167,12.180000305175781,11.25,11.25,9.236838340759277,483400,0.0,0.0,FIX
2007-12-04 00:00:00-05:00,11.109999656677246,11.380000114440918,10.899999618530273,11.15999984741211,9.162942886352539,454100,0.0,0.0,FIX
2007-12-05 00:00:00-05:00,11.390000343322754,11.529999732971191,11.34000015258789,11.489999771118164,9.433889389038086,301300,0.0,0.0,FIX
2007-12-06 00:00:00-05:00,11.5,11.789999961853027,11.359999656677246,11.600000381469727,9.52420711517334,753600,0.0,0.0,FIX
2007-12-07 00:00:00-05:00,11.600000381469727,12.109999656677246,11.449999809265137,12.0600004196167,9.901891708374023,541100,0.0,0.0,FIX
2007-12-10 00:00:00-05:00,12.109999656677246,12.270000457763672,12.020000457763672,12.229999542236328,10.04146957397461,298700,0.0,0.0,FIX
2007-12-11 00:00:00-05:00,12.25,12.279999732971191,11.630000114440918,11.770000457763672,9.66378116607666,522700,0.0,0.0,FIX
2007-12-12 00:00:00-05:00,12.079999923706055,12.220000267028809,11.59000015258789,11.640000343322754,9.557048797607422,293800,0.0,0.0,FIX
2007-12-13 00:00:00-05:00,11.520000457763672,11.859999656677246,11.520000457763672,11.789999961853027,9.68021011352539,263900,0.0,0.0,FIX
2007-12-14 00:00:00-05:00,11.619999885559082,11.920000076293945,11.520000457763672,11.520000457763672,9.458525657653809,160800,0.0,0.0,FIX
2007-12-17 00:00:00-05:00,11.40999984741211,11.609999656677246,11.199999809265137,11.489999771118164,9.433889389038086,389000,0.0,0.0,FIX
2007-12-18 00:00:00-05:00,11.65999984741211,11.989999771118164,11.579999923706055,11.920000076293945,9.786942481994629,216500,0.0,0.0,FIX
2007-12-19 00:00:00-05:00,11.859999656677246,12.180000305175781,11.800000190734863,12.149999618530273,9.975789070129395,272700,0.0,0.0,FIX
2007-12-20 00:00:00-05:00,12.25,12.710000038146973,12.180000305175781,12.710000038146973,10.435579299926758,444100,0.0,0.0,FIX
2007-12-21 00:00:00-05:00,12.9399995803833,13.130000114440918,12.890000343322754,13.130000114440918,10.780418395996094,580600,0.0,0.0,FIX
2007-12-24 00:00:00-05:00,13.029999732971191,13.289999961853027,13.0,13.289999961853027,10.911787033081055,93900,0.0,0.0,FIX
2007-12-26 00:00:00-05:00,13.229999542236328,13.229999542236328,13.029999732971191,13.140000343322754,10.788623809814453,133600,0.0,0.0,FIX
2007-12-27 00:00:00-05:00,13.199999809265137,13.390000343322754,13.100000381469727,13.199999809265137,10.837892532348633,222700,0.0,0.0,FIX
2007-12-28 00:00:00-05:00,13.199999809265137,13.369999885559082,13.1899995803833,13.3100004196167,10.92821216583252,273100,0.0,0.0,FIX
2007-12-31 00:00:00-05:00,13.270000457763672,13.300000190734863,12.600000381469727,12.779999732971191,10.493042945861816,224400,0.0,0.0,FIX
2008-01-02 00:00:00-05:00,12.789999961853027,12.789999961853027,12.180000305175781,12.319999694824219,10.115363121032715,259500,0.0,0.0,FIX
2008-01-03 00:00:00-05:00,12.460000038146973,12.520000457763672,11.970000267028809,11.970000267028809,9.82800006866455,225300,0.0,0.0,FIX
2008-01-04 00:00:00-05:00,11.829999923706055,11.890000343322754,11.369999885559082,11.4399995803833,9.392840385437012,175400,0.0,0.0,FIX
2008-01-07 00:00:00-05:00,11.470000267028809,11.920000076293945,11.3100004196167,11.680000305175781,9.58989429473877,196400,0.0,0.0,FIX
2008-01-08 00:00:00-05:00,11.720000267028809,12.0,11.010000228881836,11.09000015258789,9.105469703674316,283700,0.0,0.0,FIX
2008-01-09 00:00:00-05:00,11.0,11.380000114440918,10.819999694824219,11.380000114440918,9.34357738494873,202400,0.0,0.0,FIX
2008-01-10 00:00:00-05:00,11.25,11.640000343322754,11.119999885559082,11.460000038146973,9.409261703491211,183000,0.0,0.0,FIX
2008-01-11 00:00:00-05:00,11.350000381469727,11.5,11.069999694824219,11.079999923706055,9.097256660461426,192500,0.0,0.0,FIX
2008-01-14 00:00:00-05:00,11.180000305175781,11.520000457763672,11.130000114440918,11.449999809265137,9.401049613952637,107900,0.0,0.0,FIX
2008-01-15 00:00:00-05:00,11.3100004196167,11.319999694824219,10.739999771118164,11.15999984741211,9.162942886352539,182100,0.0,0.0,FIX
2008-01-16 00:00:00-05:00,11.180000305175781,11.359999656677246,10.5,10.609999656677246,8.71136474609375,429100,0.0,0.0,FIX
2008-01-17 00:00:00-05:00,10.600000381469727,10.739999771118164,10.039999961853027,10.119999885559082,8.309050559997559,241900,0.0,0.0,FIX
2008-01-18 00:00:00-05:00,10.149999618530273,10.270000457763672,9.529999732971191,9.779999732971191,8.029892921447754,303400,0.0,0.0,FIX
2008-01-22 00:00:00-05:00,9.380000114440918,10.279999732971191,9.34000015258789,10.1899995803833,8.366523742675781,413900,0.0,0.0,FIX
2008-01-23 00:00:00-05:00,9.930000305175781,10.75,9.520000457763672,10.680000305175781,8.768842697143555,356200,0.0,0.0,FIX
2008-01-24 00:00:00-05:00,10.729999542236328,10.960000038146973,10.430000305175781,10.8100004196167,8.875574111938477,232600,0.0,0.0,FIX
2008-01-25 00:00:00-05:00,10.960000038146973,11.119999885559082,10.699999809265137,11.100000381469727,9.113678932189941,300200,0.0,0.0,FIX
2008-01-28 00:00:00-05:00,11.09000015258789,11.609999656677246,10.789999961853027,11.5,9.442100524902344,330500,0.0,0.0,FIX
2008-01-29 00:00:00-05:00,11.550000190734863,11.850000381469727,11.270000457763672,11.550000190734863,9.483154296875,190700,0.0,0.0,FIX
2008-01-30 00:00:00-05:00,11.4399995803833,12.270000457763672,11.40999984741211,11.619999885559082,9.540627479553223,271900,0.0,0.0,FIX
2008-01-31 00:00:00-05:00,11.380000114440918,12.289999961853027,11.25,12.270000457763672,10.074312210083008,306500,0.0,0.0,FIX
2008-02-01 00:00:00-05:00,12.300000190734863,12.300000190734863,11.420000076293945,11.789999961853027,9.68021011352539,322200,0.0,0.0,FIX
2008-02-04 00:00:00-05:00,11.789999961853027,12.239999771118164,11.550000190734863,12.109999656677246,9.942943572998047,279000,0.0,0.0,FIX
2008-02-05 00:00:00-05:00,11.850000381469727,12.100000381469727,11.40999984741211,11.460000038146973,9.409261703491211,253500,0.0,0.0,FIX
2008-02-06 00:00:00-05:00,11.569999694824219,11.729999542236328,11.130000114440918,11.260000228881836,9.245046615600586,197300,0.0,0.0,FIX
2008-02-07 00:00:00-05:00,11.239999771118164,11.6899995803833,11.0600004196167,11.680000305175781,9.58989429473877,265400,0.0,0.0,FIX
2008-02-08 00:00:00-05:00,11.640000343322754,11.640000343322754,10.6899995803833,11.0,9.031576156616211,247500,0.0,0.0,FIX
2008-02-11 00:00:00-05:00,11.0600004196167,11.390000343322754,10.859999656677246,11.09000015258789,9.105469703674316,132600,0.0,0.0,FIX
2008-02-12 00:00:00-05:00,11.130000114440918,11.3100004196167,10.890000343322754,11.039999961853027,9.064422607421875,125300,0.0,0.0,FIX
2008-02-13 00:00:00-05:00,11.210000038146973,11.710000038146973,11.210000038146973,11.619999885559082,9.540627479553223,168500,0.0,0.0,FIX
2008-02-14 00:00:00-05:00,11.670000076293945,11.670000076293945,11.039999961853027,11.109999656677246,9.121893882751465,99100,0.0,0.0,FIX
2008-02-15 00:00:00-05:00,11.039999961853027,11.109999656677246,10.779999732971191,11.069999694824219,9.089048385620117,150900,0.0,0.0,FIX
2008-02-19 00:00:00-05:00,11.239999771118164,11.4399995803833,11.130000114440918,11.199999809265137,9.195788383483887,101100,0.0,0.0,FIX
2008-02-20 00:00:00-05:00,11.109999656677246,11.350000381469727,10.979999542236328,11.210000038146973,9.203997611999512,162200,0.0,0.0,FIX
2008-02-21 00:00:00-05:00,11.369999885559082,11.6899995803833,10.960000038146973,11.0,9.031576156616211,135000,0.0,0.0,FIX
2008-02-22 00:00:00-05:00,10.989999771118164,11.100000381469727,10.670000076293945,11.029999732971191,9.056207656860352,131600,0.0,0.0,FIX
2008-02-25 00:00:00-05:00,11.010000228881836,11.489999771118164,10.850000381469727,11.380000114440918,9.34357738494873,119700,0.0,0.0,FIX
2008-02-26 00:00:00-05:00,11.319999694824219,12.0600004196167,11.300000190734863,11.930000305175781,9.795158386230469,239200,0.0,0.0,FIX
2008-02-27 00:00:00-05:00,11.829999923706055,12.220000267028809,11.149999618530273,11.149999618530273,9.15473747253418,464600,0.0,0.0,FIX
2008-02-28 00:00:00-05:00,11.6899995803833,11.779999732971191,11.359999656677246,11.609999656677246,9.532419204711914,702700,0.0,0.0,FIX
2008-02-29 00:00:00-05:00,11.520000457763672,12.430000305175781,11.430000305175781,11.899999618530273,9.77051830291748,401100,0.0,0.0,FIX
2008-03-03 00:00:00-05:00,11.949999809265137,12.899999618530273,11.800000190734863,12.880000114440918,10.575157165527344,617700,0.0,0.0,FIX
2008-03-04 00:00:00-05:00,12.760000228881836,13.34000015258789,12.460000038146973,12.470000267028809,10.238525390625,511500,0.0,0.0,FIX
2008-03-05 00:00:00-05:00,12.699999809265137,12.960000038146973,12.510000228881836,12.680000305175781,10.41094970703125,610200,0.0,0.0,FIX
2008-03-06 00:00:00-05:00,12.649999618530273,13.0,12.460000038146973,12.489999771118164,10.291470527648926,205400,0.045,0.0,FIX
2008-03-07 00:00:00-05:00,12.890000343322754,12.930000305175781,12.0,12.649999618530273,10.42330265045166,238900,0.0,0.0,FIX
2008-03-10 00:00:00-04:00,12.75,12.970000267028809,12.100000381469727,12.149999618530273,10.011316299438477,242500,0.0,0.0,FIX
2008-03-11 00:00:00-04:00,12.529999732971191,12.8100004196167,11.979999542236328,12.600000381469727,10.382104873657227,420700,0.0,0.0,FIX
2008-03-12 00:00:00-04:00,12.65999984741211,13.300000190734863,12.40999984741211,13.119999885559082,10.810572624206543,521100,0.0,0.0,FIX
2008-03-13 00:00:00-04:00,12.9399995803833,13.25,12.760000228881836,13.100000381469727,10.794096946716309,279200,0.0,0.0,FIX
2008-03-14 00:00:00-04:00,13.239999771118164,13.239999771118164,12.449999809265137,12.65999984741211,10.431546211242676,154600,0.0,0.0,FIX
2008-03-17 00:00:00-04:00,12.289999961853027,12.399999618530273,12.010000228881836,12.010000228881836,9.89595890045166,269900,0.0,0.0,FIX
2008-03-18 00:00:00-04:00,12.359999656677246,12.460000038146973,11.960000038146973,12.449999809265137,10.25851058959961,407500,0.0,0.0,FIX
2008-03-19 00:00:00-04:00,12.539999961853027,13.050000190734863,12.100000381469727,12.149999618530273,10.011316299438477,257800,0.0,0.0,FIX
2008-03-20 00:00:00-04:00,12.699999809265137,13.050000190734863,11.850000381469727,12.930000305175781,10.654017448425293,630300,0.0,0.0,FIX
2008-03-24 00:00:00-04:00,13.119999885559082,13.199999809265137,12.880000114440918,13.039999961853027,10.744654655456543,700800,0.0,0.0,FIX
2008-03-25 00:00:00-04:00,13.050000190734863,13.09000015258789,12.869999885559082,13.050000190734863,10.75289535522461,375400,0.0,0.0,FIX
2008-03-26 00:00:00-04:00,13.039999961853027,13.270000457763672,12.989999771118164,13.149999618530273,10.83529281616211,443100,0.0,0.0,FIX
2008-03-27 00:00:00-04:00,13.119999885559082,13.40999984741211,12.979999542236328,13.199999809265137,10.876493453979492,401100,0.0,0.0,FIX
2008-03-28 00:00:00-04:00,13.1899995803833,13.34000015258789,12.989999771118164,13.079999923706055,10.77761173248291,523500,0.0,0.0,FIX
2008-03-31 00:00:00-04:00,13.100000381469727,13.479999542236328,12.890000343322754,13.010000228881836,10.71993637084961,429400,0.0,0.0,FIX
2008-04-01 00:00:00-04:00,13.050000190734863,13.6899995803833,12.960000038146973,13.6899995803833,11.280241012573242,530000,0.0,0.0,FIX
2008-04-02 00:00:00-04:00,13.600000381469727,14.0,13.449999809265137,13.720000267028809,11.304959297180176,370400,0.0,0.0,FIX
2008-04-03 00:00:00-04:00,13.619999885559082,13.770000457763672,13.300000190734863,13.75,11.329676628112793,228300,0.0,0.0,FIX
2008-04-04 00:00:00-04:00,13.649999618530273,13.770000457763672,13.390000343322754,13.479999542236328,11.10720443725586,319200,0.0,0.0,FIX
2008-04-07 00:00:00-04:00,13.5600004196167,13.739999771118164,13.460000038146973,13.489999771118164,11.115445137023926,300800,0.0,0.0,FIX
2008-04-08 00:00:00-04:00,13.329999923706055,13.680000305175781,13.1899995803833,13.59000015258789,11.197843551635742,258200,0.0,0.0,FIX
2008-04-09 00:00:00-04:00,13.649999618530273,13.819999694824219,13.40999984741211,13.529999732971191,11.148401260375977,303500,0.0,0.0,FIX
2008-04-10 00:00:00-04:00,13.369999885559082,13.8100004196167,13.369999885559082,13.619999885559082,11.22256088256836,282300,0.0,0.0,FIX
2008-04-11 00:00:00-04:00,13.430000305175781,13.430000305175781,12.989999771118164,13.029999732971191,10.736419677734375,190500,0.0,0.0,FIX
2008-04-14 00:00:00-04:00,13.0,13.220000267028809,12.90999984741211,12.989999771118164,10.703460693359375,193400,0.0,0.0,FIX
2008-04-15 00:00:00-04:00,13.0600004196167,13.380000114440918,12.949999809265137,13.380000114440918,11.024809837341309,361000,0.0,0.0,FIX
2008-04-16 00:00:00-04:00,13.539999961853027,13.84000015258789,13.390000343322754,13.8100004196167,11.379117012023926,417500,0.0,0.0,FIX
2008-04-17 00:00:00-04:00,13.800000190734863,13.880000114440918,13.579999923706055,13.649999618530273,11.247282028198242,240400,0.0,0.0,FIX
2008-04-18 00:00:00-04:00,13.880000114440918,14.069999694824219,13.670000076293945,14.069999694824219,11.593351364135742,275300,0.0,0.0,FIX
2008-04-21 00:00:00-04:00,13.979999542236328,14.039999961853027,13.520000457763672,13.829999923706055,11.395596504211426,168700,0.0,0.0,FIX
2008-04-22 00:00:00-04:00,13.729999542236328,13.829999923706055,12.739999771118164,13.0600004196167,10.761128425598145,410000,0.0,0.0,FIX
2008-04-23 00:00:00-04:00,13.130000114440918,13.430000305175781,12.989999771118164,13.229999542236328,10.901215553283691,151500,0.0,0.0,FIX
2008-04-24 00:00:00-04:00,13.279999732971191,13.880000114440918,13.020000457763672,13.600000381469727,11.206082344055176,301900,0.0,0.0,FIX
2008-04-25 00:00:00-04:00,13.680000305175781,13.729999542236328,13.5600004196167,13.65999984741211,11.255522727966309,370200,0.0,0.0,FIX
2008-04-28 00:00:00-04:00,13.670000076293945,14.239999771118164,13.670000076293945,14.09000015258789,11.609831809997559,262300,0.0,0.0,FIX
2008-04-29 00:00:00-04:00,14.149999618530273,14.170000076293945,13.800000190734863,13.890000343322754,11.44503402709961,178300,0.0,0.0,FIX
2008-04-30 00:00:00-04:00,13.869999885559082,13.949999809265137,13.460000038146973,13.600000381469727,11.206082344055176,346400,0.0,0.0,FIX
2008-05-01 00:00:00-04:00,13.470000267028809,13.850000381469727,13.470000267028809,13.75,11.329676628112793,339200,0.0,0.0,FIX
2008-05-02 00:00:00-04:00,14.619999885559082,14.619999885559082,13.1899995803833,13.449999809265137,11.082483291625977,589900,0.0,0.0,FIX
2008-05-05 00:00:00-04:00,13.550000190734863,13.640000343322754,12.970000267028809,13.1899995803833,10.86825180053711,376100,0.0,0.0,FIX
2008-05-06 00:00:00-04:00,13.180000305175781,13.90999984741211,13.020000457763672,13.739999771118164,11.321438789367676,452400,0.0,0.0,FIX
2008-05-07 00:00:00-04:00,13.779999732971191,14.09000015258789,13.399999618530273,13.479999542236328,11.10720443725586,522800,0.0,0.0,FIX
2008-05-08 00:00:00-04:00,13.510000228881836,13.779999732971191,13.390000343322754,13.729999542236328,11.313199043273926,377300,0.0,0.0,FIX
2008-05-09 00:00:00-04:00,13.630000114440918,13.880000114440918,13.600000381469727,13.75,11.329676628112793,332000,0.0,0.0,FIX
2008-05-12 00:00:00-04:00,13.800000190734863,13.949999809265137,13.710000038146973,13.75,11.329676628112793,299400,0.0,0.0,FIX
2008-05-13 00:00:00-04:00,13.8100004196167,14.029999732971191,13.680000305175781,13.850000381469727,11.412075996398926,263800,0.0,0.0,FIX
2008-05-14 00:00:00-04:00,13.84000015258789,13.880000114440918,13.569999694824219,13.630000114440918,11.230803489685059,311800,0.0,0.0,FIX
2008-05-15 00:00:00-04:00,13.59000015258789,13.970000267028809,13.510000228881836,13.9399995803833,11.48623275756836,241500,0.0,0.0,FIX
2008-05-16 00:00:00-04:00,13.9399995803833,14.109999656677246,13.600000381469727,13.970000267028809,11.510955810546875,370900,0.0,0.0,FIX
2008-05-19 00:00:00-04:00,13.989999771118164,14.069999694824219,13.430000305175781,13.4399995803833,11.074246406555176,308700,0.0,0.0,FIX
2008-05-20 00:00:00-04:00,13.510000228881836,13.850000381469727,13.510000228881836,13.699999809265137,11.288482666015625,376600,0.0,0.0,FIX
2008-05-21 00:00:00-04:00,13.8100004196167,14.029999732971191,13.600000381469727,13.699999809265137,11.288482666015625,397900,0.0,0.0,FIX
2008-05-22 00:00:00-04:00,13.770000457763672,14.010000228881836,13.649999618530273,13.779999732971191,11.35439682006836,320600,0.0,0.0,FIX
2008-05-23 00:00:00-04:00,13.600000381469727,13.729999542236328,13.15999984741211,13.460000038146973,11.090723991394043,325000,0.0,0.0,FIX
2008-05-27 00:00:00-04:00,13.539999961853027,13.579999923706055,13.239999771118164,13.449999809265137,11.082483291625977,261900,0.0,0.0,FIX
2008-05-28 00:00:00-04:00,13.520000457763672,13.640000343322754,13.359999656677246,13.5,11.161023139953613,186300,0.045,0.0,FIX
2008-05-29 00:00:00-04:00,13.489999771118164,13.539999961853027,13.270000457763672,13.329999923706055,11.020479202270508,234300,0.0,0.0,FIX
2008-05-30 00:00:00-04:00,13.329999923706055,13.539999961853027,13.270000457763672,13.399999618530273,11.078351974487305,299500,0.0,0.0,FIX
2008-06-02 00:00:00-04:00,13.25,13.59000015258789,13.0,13.029999732971191,10.772455215454102,209900,0.0,0.0,FIX
2008-06-03 00:00:00-04:00,13.119999885559082,13.399999618530273,13.029999732971191,13.289999961853027,10.987409591674805,223300,0.0,0.0,FIX
2008-06-04 00:00:00-04:00,13.260000228881836,13.670000076293945,13.109999656677246,13.550000190734863,11.202363967895508,311000,0.0,0.0,FIX
2008-06-05 00:00:00-04:00,13.569999694824219,14.130000114440918,13.550000190734863,14.0,11.5743989944458,318600,0.0,0.0,FIX
2008-06-06 00:00:00-04:00,13.930000305175781,14.039999961853027,13.609999656677246,13.75,11.367714881896973,308900,0.0,0.0,FIX
2008-06-09 00:00:00-04:00,13.710000038146973,14.029999732971191,13.489999771118164,13.5600004196167,11.21063232421875,342100,0.0,0.0,FIX
2008-06-10 00:00:00-04:00,13.489999771118164,13.699999809265137,13.350000381469727,13.539999961853027,11.194095611572266,314800,0.0,0.0,FIX
2008-06-11 00:00:00-04:00,13.5,13.670000076293945,13.40999984741211,13.40999984741211,11.086621284484863,289000,0.0,0.0,FIX
2008-06-12 00:00:00-04:00,13.640000343322754,13.670000076293945,13.420000076293945,13.529999732971191,11.185826301574707,300500,0.0,0.0,FIX
2008-06-13 00:00:00-04:00,13.649999618530273,13.930000305175781,13.4399995803833,13.550000190734863,11.202363967895508,499200,0.0,0.0,FIX
2008-06-16 00:00:00-04:00,13.449999809265137,13.770000457763672,13.390000343322754,13.539999961853027,11.194095611572266,510200,0.0,0.0,FIX
2008-06-17 00:00:00-04:00,13.489999771118164,13.59000015258789,13.430000305175781,13.489999771118164,11.152759552001953,376800,0.0,0.0,FIX
2008-06-18 00:00:00-04:00,13.40999984741211,13.479999542236328,12.9399995803833,13.220000267028809,10.929540634155273,667900,0.0,0.0,FIX
2008-06-19 00:00:00-04:00,13.220000267028809,13.380000114440918,13.079999923706055,13.25,10.954339027404785,207200,0.0,0.0,FIX
2008-06-20 00:00:00-04:00,13.25,13.5600004196167,12.460000038146973,13.029999732971191,10.772455215454102,616700,0.0,0.0,FIX
2008-06-23 00:00:00-04:00,13.0600004196167,13.1899995803833,13.020000457763672,13.050000190734863,10.788990020751953,328000,0.0,0.0,FIX
2008-06-24 00:00:00-04:00,13.0,13.0600004196167,12.739999771118164,12.859999656677246,10.631909370422363,230000,0.0,0.0,FIX
2008-06-25 00:00:00-04:00,12.859999656677246,13.180000305175781,12.850000381469727,13.100000381469727,10.830330848693848,575400,0.0,0.0,FIX
2008-06-26 00:00:00-04:00,12.90999984741211,13.510000228881836,12.90999984741211,13.1899995803833,10.904736518859863,630000,0.0,0.0,FIX
2008-06-27 00:00:00-04:00,13.1899995803833,13.479999542236328,13.079999923706055,13.34000015258789,11.028751373291016,594200,0.0,0.0,FIX
2008-06-30 00:00:00-04:00,13.380000114440918,13.600000381469727,13.34000015258789,13.4399995803833,11.111420631408691,376200,0.0,0.0,FIX
2008-07-01 00:00:00-04:00,13.350000381469727,13.5,12.890000343322754,13.140000343322754,10.863391876220703,552100,0.0,0.0,FIX
2008-07-02 00:00:00-04:00,13.170000076293945,13.170000076293945,12.770000457763672,12.819999694824219,10.59883975982666,410800,0.0,0.0,FIX
2008-07-03 00:00:00-04:00,12.84000015258789,12.869999885559082,12.239999771118164,12.579999923706055,10.400428771972656,224900,0.0,0.0,FIX
2008-07-07 00:00:00-04:00,12.569999694824219,12.829999923706055,12.279999732971191,12.529999732971191,10.359084129333496,255900,0.0,0.0,FIX
2008-07-08 00:00:00-04:00,12.569999694824219,12.970000267028809,12.479999542236328,12.800000190734863,10.582304954528809,369700,0.0,0.0,FIX
2008-07-09 00:00:00-04:00,12.829999923706055,12.989999771118164,12.510000228881836,12.539999961853027,10.367352485656738,375500,0.0,0.0,FIX
2008-07-10 00:00:00-04:00,12.5,13.050000190734863,12.350000381469727,12.5,10.334283828735352,776900,0.0,0.0,FIX
2008-07-11 00:00:00-04:00,12.399999618530273,12.430000305175781,11.6899995803833,12.069999694824219,9.978784561157227,794200,0.0,0.0,FIX
2008-07-14 00:00:00-04:00,12.100000381469727,12.789999961853027,12.100000381469727,12.420000076293945,10.268142700195312,749300,0.0,0.0,FIX
2008-07-15 00:00:00-04:00,12.239999771118164,12.6899995803833,11.949999809265137,12.390000343322754,10.2433443069458,588200,0.0,0.0,FIX
2008-07-16 00:00:00-04:00,12.520000457763672,12.760000228881836,12.350000381469727,12.539999961853027,10.367352485656738,352800,0.0,0.0,FIX
2008-07-17 00:00:00-04:00,12.619999885559082,12.770000457763672,12.199999809265137,12.399999618530273,10.251612663269043,395100,0.0,0.0,FIX
2008-07-18 00:00:00-04:00,12.390000343322754,12.65999984741211,12.279999732971191,12.479999542236328,10.317747116088867,220800,0.0,0.0,FIX
2008-07-21 00:00:00-04:00,12.550000190734863,12.619999885559082,12.359999656677246,12.510000228881836,10.342554092407227,162000,0.0,0.0,FIX
2008-07-22 00:00:00-04:00,12.520000457763672,12.850000381469727,12.4399995803833,12.819999694824219,10.59883975982666,239200,0.0,0.0,FIX
2008-07-23 00:00:00-04:00,12.8100004196167,13.050000190734863,12.720000267028809,12.819999694824219,10.59883975982666,149400,0.0,0.0,FIX
2008-07-24 00:00:00-04:00,12.880000114440918,13.0600004196167,12.5,12.920000076293945,10.681511878967285,414100,0.0,0.0,FIX
2008-07-25 00:00:00-04:00,13.0600004196167,13.369999885559082,12.90999984741211,13.010000228881836,10.755921363830566,318800,0.0,0.0,FIX
2008-07-28 00:00:00-04:00,13.0,13.050000190734863,12.720000267028809,12.979999542236328,10.731120109558105,305900,0.0,0.0,FIX
2008-07-29 00:00:00-04:00,13.119999885559082,13.5,12.960000038146973,13.470000267028809,11.136229515075684,424900,0.0,0.0,FIX
2008-07-30 00:00:00-04:00,13.5,13.819999694824219,13.319999694824219,13.510000228881836,11.169293403625488,246600,0.0,0.0,FIX
2008-07-31 00:00:00-04:00,13.34000015258789,13.630000114440918,13.170000076293945,13.260000228881836,10.962608337402344,288800,0.0,0.0,FIX
2008-08-01 00:00:00-04:00,13.5,14.609999656677246,13.319999694824219,14.039999961853027,11.607467651367188,846100,0.0,0.0,FIX
2008-08-04 00:00:00-04:00,13.449999809265137,13.449999809265137,12.520000457763672,13.199999809265137,10.913004875183105,624600,0.0,0.0,FIX
2008-08-05 00:00:00-04:00,13.390000343322754,13.899999618530273,13.369999885559082,13.5600004196167,11.21063232421875,488000,0.0,0.0,FIX
2008-08-06 00:00:00-04:00,13.630000114440918,13.75,12.6899995803833,13.630000114440918,11.26850414276123,307600,0.0,0.0,FIX
2008-08-07 00:00:00-04:00,13.529999732971191,13.529999732971191,13.0,13.039999961853027,10.780723571777344,322000,0.0,0.0,FIX
2008-08-08 00:00:00-04:00,13.109999656677246,13.9399995803833,13.039999961853027,13.899999618530273,11.491719245910645,283000,0.0,0.0,FIX
2008-08-11 00:00:00-04:00,13.989999771118164,14.260000228881836,13.710000038146973,14.25,11.781083106994629,286600,0.0,0.0,FIX
2008-08-12 00:00:00-04:00,14.229999542236328,14.239999771118164,13.850000381469727,14.229999542236328,11.764545440673828,276300,0.0,0.0,FIX
2008-08-13 00:00:00-04:00,14.25,14.3100004196167,13.75,14.050000190734863,11.615734100341797,253200,0.0,0.0,FIX
2008-08-14 00:00:00-04:00,13.789999961853027,14.350000381469727,13.789999961853027,14.140000343322754,11.690138816833496,205700,0.0,0.0,FIX
2008-08-15 00:00:00-04:00,14.319999694824219,14.319999694824219,13.029999732971191,13.289999961853027,10.987409591674805,397800,0.0,0.0,FIX
2008-08-18 00:00:00-04:00,13.369999885559082,13.710000038146973,13.289999961853027,13.40999984741211,11.086621284484863,174900,0.0,0.0,FIX
2008-08-19 00:00:00-04:00,13.600000381469727,14.050000190734863,13.380000114440918,13.819999694824219,11.42558479309082,289300,0.0,0.0,FIX
2008-08-20 00:00:00-04:00,13.90999984741211,14.399999618530273,13.649999618530273,14.180000305175781,11.723212242126465,338100,0.0,0.0,FIX
2008-08-21 00:00:00-04:00,14.220000267028809,14.550000190734863,13.899999618530273,14.420000076293945,11.921627044677734,354400,0.0,0.0,FIX
2008-08-22 00:00:00-04:00,14.470000267028809,14.880000114440918,14.4399995803833,14.5600004196167,12.037374496459961,388100,0.0,0.0,FIX
2008-08-25 00:00:00-04:00,14.670000076293945,14.699999809265137,14.1899995803833,14.260000228881836,11.789349555969238,372900,0.0,0.0,FIX
2008-08-26 00:00:00-04:00,14.279999732971191,14.619999885559082,14.180000305175781,14.520000457763672,12.004302024841309,215400,0.0,0.0,FIX
2008-08-27 00:00:00-04:00,14.489999771118164,15.34000015258789,14.34000015258789,14.989999771118164,12.431402206420898,486600,0.045,0.0,FIX
2008-08-28 00:00:00-04:00,15.069999694824219,15.369999885559082,15.0,15.25,12.647021293640137,315100,0.0,0.0,FIX
2008-08-29 00:00:00-04:00,15.289999961853027,15.5,15.210000038146973,15.239999771118164,12.638729095458984,239600,0.0,0.0,FIX
2008-09-02 00:00:00-04:00,15.15999984741211,15.819999694824219,14.979999542236328,15.479999542236328,12.837762832641602,617800,0.0,0.0,FIX
2008-09-03 00:00:00-04:00,15.649999618530273,15.649999618530273,14.569999694824219,14.850000381469727,12.31529712677002,953600,0.0,0.0,FIX
2008-09-04 00:00:00-04:00,14.630000114440918,14.850000381469727,14.3100004196167,14.739999771118164,12.224069595336914,402000,0.0,0.0,FIX
2008-09-05 00:00:00-04:00,14.699999809265137,14.899999618530273,14.25,14.699999809265137,12.190896987915039,354300,0.0,0.0,FIX
2008-09-08 00:00:00-04:00,15.109999656677246,15.140000343322754,14.760000228881836,15.130000114440918,12.547503471374512,427400,0.0,0.0,FIX
2008-09-09 00:00:00-04:00,15.079999923706055,15.100000381469727,14.430000305175781,14.5,12.02503490447998,307300,0.0,0.0,FIX
2008-09-10 00:00:00-04:00,14.470000267028809,14.960000038146973,14.210000038146973,14.739999771118164,12.224069595336914,350700,0.0,0.0,FIX
2008-09-11 00:00:00-04:00,14.600000381469727,14.989999771118164,14.359999656677246,14.899999618530273,12.356761932373047,258900,0.0,0.0,FIX
2008-09-12 00:00:00-04:00,14.75,15.0,14.600000381469727,14.850000381469727,12.31529712677002,230700,0.0,0.0,FIX
2008-09-15 00:00:00-04:00,14.760000228881836,14.989999771118164,14.390000343322754,14.510000228881836,12.03332805633545,296300,0.0,0.0,FIX
2008-09-16 00:00:00-04:00,14.050000190734863,14.65999984741211,13.5,14.630000114440918,12.132844924926758,415100,0.0,0.0,FIX
2008-09-17 00:00:00-04:00,14.609999656677246,15.390000343322754,13.869999885559082,13.869999885559082,11.502570152282715,915700,0.0,0.0,FIX
2008-09-18 00:00:00-04:00,14.1899995803833,14.420000076293945,12.779999732971191,14.039999961853027,11.64355182647705,773700,0.0,0.0,FIX
2008-09-19 00:00:00-04:00,15.479999542236328,15.479999542236328,14.59000015258789,15.010000228881836,12.447988510131836,1050200,0.0,0.0,FIX
2008-09-22 00:00:00-04:00,15.010000228881836,15.40999984741211,14.65999984741211,14.710000038146973,12.199189186096191,326300,0.0,0.0,FIX
2008-09-23 00:00:00-04:00,14.479999542236328,14.680000305175781,14.350000381469727,14.5600004196167,12.074796676635742,494400,0.0,0.0,FIX
2008-09-24 00:00:00-04:00,14.600000381469727,14.6899995803833,13.789999961853027,14.029999732971191,11.635257720947266,409900,0.0,0.0,FIX
2008-09-25 00:00:00-04:00,13.75,14.449999809265137,13.75,14.130000114440918,11.718193054199219,213900,0.0,0.0,FIX
2008-09-26 00:00:00-04:00,13.890000343322754,14.109999656677246,13.6899995803833,14.039999961853027,11.64355182647705,245500,0.0,0.0,FIX
2008-09-29 00:00:00-04:00,13.800000190734863,13.800000190734863,13.0,13.470000267028809,11.17084789276123,443800,0.0,0.0,FIX
2008-09-30 00:00:00-04:00,13.5600004196167,13.5600004196167,12.890000343322754,13.359999656677246,11.079623222351074,350900,0.0,0.0,FIX
2008-10-01 00:00:00-04:00,13.350000381469727,13.350000381469727,12.75,12.949999809265137,10.739603042602539,272900,0.0,0.0,FIX
2008-10-02 00:00:00-04:00,12.949999809265137,12.949999809265137,12.4399995803833,12.4399995803833,10.316648483276367,380500,0.0,0.0,FIX
2008-10-03 00:00:00-04:00,12.609999656677246,12.75,11.770000457763672,11.850000381469727,9.82735824584961,378800,0.0,0.0,FIX
2008-10-06 00:00:00-04:00,11.609999656677246,11.869999885559082,11.199999809265137,11.680000305175781,9.686375617980957,564500,0.0,0.0,FIX
2008-10-07 00:00:00-04:00,11.899999618530273,11.989999771118164,11.420000076293945,11.489999771118164,9.528806686401367,555600,0.0,0.0,FIX
2008-10-08 00:00:00-04:00,11.399999618530273,11.649999618530273,10.829999923706055,11.239999771118164,9.321475982666016,944500,0.0,0.0,FIX
2008-10-09 00:00:00-04:00,11.140000343322754,11.649999618530273,10.5600004196167,10.630000114440918,8.815595626831055,515400,0.0,0.0,FIX
2008-10-10 00:00:00-04:00,10.25,11.359999656677246,10.0600004196167,10.989999771118164,9.114148139953613,1082600,0.0,0.0,FIX
2008-10-13 00:00:00-04:00,11.449999809265137,11.710000038146973,11.069999694824219,11.6899995803833,9.694666862487793,213100,0.0,0.0,FIX
2008-10-14 00:00:00-04:00,11.75,11.859999656677246,11.09000015258789,11.359999656677246,9.420991897583008,250100,0.0,0.0,FIX
2008-10-15 00:00:00-04:00,11.350000381469727,11.760000228881836,10.619999885559082,10.630000114440918,8.815595626831055,219700,0.0,0.0,FIX
2008-10-16 00:00:00-04:00,10.619999885559082,11.460000038146973,10.390000343322754,11.350000381469727,9.412698745727539,598000,0.0,0.0,FIX
2008-10-17 00:00:00-04:00,10.989999771118164,11.609999656677246,10.789999961853027,10.930000305175781,9.0643949508667,434900,0.0,0.0,FIX
2008-10-20 00:00:00-04:00,11.210000038146973,11.270000457763672,10.760000228881836,11.239999771118164,9.321475982666016,217200,0.0,0.0,FIX
2008-10-21 00:00:00-04:00,11.100000381469727,11.4399995803833,10.949999809265137,11.140000343322754,9.238545417785645,220200,0.0,0.0,FIX
2008-10-22 00:00:00-04:00,11.050000190734863,11.260000228881836,10.600000381469727,10.84000015258789,8.989750862121582,309500,0.0,0.0,FIX
2008-10-23 00:00:00-04:00,10.9399995803833,10.970000267028809,9.75,10.0600004196167,8.342891693115234,451800,0.0,0.0,FIX
2008-10-24 00:00:00-04:00,9.430000305175781,9.979999542236328,9.239999771118164,9.619999885559082,7.977989673614502,453100,0.0,0.0,FIX
2008-10-27 00:00:00-04:00,9.510000228881836,9.619999885559082,8.84000015258789,8.84000015258789,7.331125259399414,366200,0.0,0.0,FIX
2008-10-28 00:00:00-04:00,8.970000267028809,9.279999732971191,8.479999542236328,9.1899995803833,7.6213884353637695,401800,0.0,0.0,FIX
2008-10-29 00:00:00-04:00,9.279999732971191,9.369999885559082,9.029999732971191,9.0600004196167,7.513576984405518,324400,0.0,0.0,FIX
2008-10-30 00:00:00-04:00,9.130000114440918,9.140000343322754,8.210000038146973,8.390000343322754,6.95793342590332,686100,0.0,0.0,FIX
2008-10-31 00:00:00-04:00,8.199999809265137,9.350000381469727,7.159999847412109,9.329999923706055,7.737488746643066,1776400,0.0,0.0,FIX
2008-11-03 00:00:00-05:00,9.239999771118164,9.470000267028809,8.649999618530273,8.819999694824219,7.314539909362793,564900,0.0,0.0,FIX
2008-11-04 00:00:00-05:00,8.920000076293945,9.180000305175781,8.75,8.970000267028809,7.438937187194824,406600,0.0,0.0,FIX
2008-11-05 00:00:00-05:00,8.779999732971191,8.9399995803833,8.399999618530273,8.4399995803833,6.999401092529297,446100,0.0,0.0,FIX
2008-11-06 00:00:00-05:00,8.260000228881836,8.75,8.260000228881836,8.489999771118164,7.040866374969482,264800,0.0,0.0,FIX
2008-11-07 00:00:00-05:00,8.520000457763672,8.600000381469727,8.109999656677246,8.350000381469727,6.924762725830078,553600,0.0,0.0,FIX
2008-11-10 00:00:00-05:00,8.34000015258789,8.600000381469727,8.300000190734863,8.399999618530273,6.966226100921631,349300,0.0,0.0,FIX
2008-11-11 00:00:00-05:00,8.34000015258789,8.479999542236328,8.119999885559082,8.229999542236328,6.825244903564453,466000,0.0,0.0,FIX
2008-11-12 00:00:00-05:00,8.079999923706055,8.260000228881836,7.739999771118164,7.75,6.4271745681762695,357100,0.0,0.0,FIX
2008-11-13 00:00:00-05:00,7.769999980926514,7.849999904632568,7.119999885559082,7.800000190734863,6.4686408042907715,578400,0.0,0.0,FIX
2008-11-14 00:00:00-05:00,7.699999809265137,7.820000171661377,7.099999904632568,7.099999904632568,5.888122081756592,460200,0.0,0.0,FIX
2008-11-17 00:00:00-05:00,7.21999979019165,7.730000019073486,6.940000057220459,7.46999979019165,6.194967746734619,325900,0.0,0.0,FIX
2008-11-18 00:00:00-05:00,7.519999980926514,7.78000020980835,7.239999771118164,7.590000152587891,6.294486045837402,335000,0.0,0.0,FIX
2008-11-19 00:00:00-05:00,7.570000171661377,7.690000057220459,6.920000076293945,6.929999828338623,5.747138500213623,269100,0.0,0.0,FIX
2008-11-20 00:00:00-05:00,6.78000020980835,7.099999904632568,6.539999961853027,6.650000095367432,5.51492977142334,606400,0.0,0.0,FIX
2008-11-21 00:00:00-05:00,6.730000019073486,7.260000228881836,6.170000076293945,7.190000057220459,5.962758541107178,727100,0.0,0.0,FIX
2008-11-24 00:00:00-05:00,7.199999809265137,7.949999809265137,7.039999961853027,7.590000152587891,6.294486045837402,714400,0.0,0.0,FIX
2008-11-25 00:00:00-05:00,7.670000076293945,7.75,7.369999885559082,7.559999942779541,6.307000637054443,387100,0.045,0.0,FIX
2008-11-26 00:00:00-05:00,7.369999885559082,8.430000305175781,7.300000190734863,8.40999984741211,7.016119003295898,253600,0.0,0.0,FIX
2008-11-28 00:00:00-05:00,8.289999961853027,8.4399995803833,8.15999984741211,8.350000381469727,6.966063499450684,138300,0.0,0.0,FIX
2008-12-01 00:00:00-05:00,8.09000015258789,8.329999923706055,7.090000152587891,7.119999885559082,5.9399237632751465,433700,0.0,0.0,FIX
2008-12-02 00:00:00-05:00,7.070000171661377,7.849999904632568,6.96999979019165,7.809999942779541,6.515562534332275,316900,0.0,0.0,FIX
2008-12-03 00:00:00-05:00,7.630000114440918,8.569999694824219,7.579999923706055,8.4399995803833,7.041146755218506,428700,0.0,0.0,FIX
2008-12-04 00:00:00-05:00,8.319999694824219,8.8100004196167,8.050000190734863,8.279999732971191,6.907664775848389,351600,0.0,0.0,FIX
2008-12-05 00:00:00-05:00,8.199999809265137,8.84000015258789,8.119999885559082,8.84000015258789,7.374850749969482,315500,0.0,0.0,FIX
2008-12-08 00:00:00-05:00,9.079999923706055,9.890000343322754,8.979999542236328,9.6899995803833,8.08397102355957,531100,0.0,0.0,FIX
2008-12-09 00:00:00-05:00,9.800000190734863,10.079999923706055,9.210000038146973,9.279999732971191,7.741921424865723,570300,0.0,0.0,FIX
2008-12-10 00:00:00-05:00,9.329999923706055,9.770000457763672,9.1899995803833,9.619999885559082,8.025566101074219,336500,0.0,0.0,FIX
2008-12-11 00:00:00-05:00,9.579999923706055,9.770000457763672,9.069999694824219,9.229999542236328,7.700211524963379,394100,0.0,0.0,FIX
2008-12-12 00:00:00-05:00,9.010000228881836,9.869999885559082,8.890000343322754,9.760000228881836,8.142369270324707,357700,0.0,0.0,FIX
2008-12-15 00:00:00-05:00,9.960000038146973,10.09000015258789,9.520000457763672,9.770000457763672,8.150713920593262,363600,0.0,0.0,FIX
2008-12-16 00:00:00-05:00,9.899999618530273,10.390000343322754,9.600000381469727,10.350000381469727,8.634580612182617,421700,0.0,0.0,FIX
2008-12-17 00:00:00-05:00,10.25,10.25,9.670000076293945,9.850000381469727,8.217453956604004,484300,0.0,0.0,FIX
2008-12-18 00:00:00-05:00,9.829999923706055,10.039999961853027,9.550000190734863,9.869999885559082,8.234135627746582,264100,0.0,0.0,FIX
2008-12-19 00:00:00-05:00,10.1899995803833,10.539999961853027,9.930000305175781,10.399999618530273,8.67629623413086,608900,0.0,0.0,FIX
2008-12-22 00:00:00-05:00,10.359999656677246,10.390000343322754,9.430000305175781,9.84000015258789,8.2091064453125,258100,0.0,0.0,FIX
2008-12-23 00:00:00-05:00,9.930000305175781,10.3100004196167,9.680000305175781,9.770000457763672,8.150713920593262,162200,0.0,0.0,FIX
2008-12-24 00:00:00-05:00,9.739999771118164,9.869999885559082,9.529999732971191,9.529999732971191,7.950489044189453,169000,0.0,0.0,FIX
2008-12-26 00:00:00-05:00,9.59000015258789,10.020000457763672,9.510000228881836,10.0,8.342588424682617,147900,0.0,0.0,FIX
2008-12-29 00:00:00-05:00,9.960000038146973,9.960000038146973,9.09000015258789,9.390000343322754,7.83369255065918,254700,0.0,0.0,FIX
2008-12-30 00:00:00-05:00,9.520000457763672,10.260000228881836,9.369999885559082,10.25,8.55116081237793,412200,0.0,0.0,FIX
2008-12-31 00:00:00-05:00,10.3100004196167,10.75,10.210000038146973,10.65999984741211,8.893199920654297,340500,0.0,0.0,FIX
2009-01-02 00:00:00-05:00,10.680000305175781,11.079999923706055,10.449999809265137,11.020000457763672,9.193533897399902,173800,0.0,0.0,FIX
2009-01-05 00:00:00-05:00,11.079999923706055,11.270000457763672,10.770000457763672,10.970000267028809,9.151823997497559,299800,0.0,0.0,FIX
2009-01-06 00:00:00-05:00,11.039999961853027,11.550000190734863,10.699999809265137,11.4399995803833,9.543925285339355,330700,0.0,0.0,FIX
2009-01-07 00:00:00-05:00,11.109999656677246,11.260000228881836,10.670000076293945,10.84000015258789,9.043367385864258,282400,0.0,0.0,FIX
2009-01-08 00:00:00-05:00,10.779999732971191,11.470000267028809,10.670000076293945,11.40999984741211,9.51889419555664,269500,0.0,0.0,FIX
2009-01-09 00:00:00-05:00,11.380000114440918,11.380000114440918,10.550000190734863,10.619999885559082,8.859829902648926,223400,0.0,0.0,FIX
2009-01-12 00:00:00-05:00,10.569999694824219,10.569999694824219,10.069999694824219,10.270000457763672,8.567839622497559,251800,0.0,0.0,FIX
2009-01-13 00:00:00-05:00,10.020000457763672,10.619999885559082,10.0,10.5,8.759718894958496,167300,0.0,0.0,FIX
2009-01-14 00:00:00-05:00,10.34000015258789,10.5600004196167,10.0,10.239999771118164,8.542813301086426,348500,0.0,0.0,FIX
2009-01-15 00:00:00-05:00,10.149999618530273,10.649999618530273,9.760000228881836,10.420000076293945,8.69297981262207,330000,0.0,0.0,FIX
2009-01-16 00:00:00-05:00,10.5,10.609999656677246,10.0,10.539999961853027,8.793088912963867,235200,0.0,0.0,FIX
2009-01-20 00:00:00-05:00,10.369999885559082,10.420000076293945,9.979999542236328,10.100000381469727,8.426015853881836,296500,0.0,0.0,FIX
2009-01-21 00:00:00-05:00,10.109999656677246,10.489999771118164,9.720000267028809,10.420000076293945,8.69297981262207,462500,0.0,0.0,FIX
2009-01-22 00:00:00-05:00,10.15999984741211,10.420000076293945,9.930000305175781,10.199999809265137,8.509441375732422,301200,0.0,0.0,FIX
2009-01-23 00:00:00-05:00,10.100000381469727,10.369999885559082,9.760000228881836,10.109999656677246,8.434357643127441,164000,0.0,0.0,FIX
2009-01-26 00:00:00-05:00,10.119999885559082,10.579999923706055,9.930000305175781,10.260000228881836,8.559496879577637,147100,0.0,0.0,FIX
2009-01-27 00:00:00-05:00,10.25,10.640000343322754,10.15999984741211,10.479999542236328,8.743034362792969,169200,0.0,0.0,FIX
2009-01-28 00:00:00-05:00,10.680000305175781,11.069999694824219,10.510000228881836,10.880000114440918,9.076735496520996,208600,0.0,0.0,FIX
2009-01-29 00:00:00-05:00,10.800000190734863,10.829999923706055,10.380000114440918,10.550000190734863,8.801436424255371,207300,0.0,0.0,FIX
2009-01-30 00:00:00-05:00,10.680000305175781,10.680000305175781,9.989999771118164,10.229999542236328,8.534469604492188,313100,0.0,0.0,FIX
2009-02-02 00:00:00-05:00,10.119999885559082,10.720000267028809,10.010000228881836,10.670000076293945,8.901545524597168,221100,0.0,0.0,FIX
2009-02-03 00:00:00-05:00,10.789999961853027,10.920000076293945,10.449999809265137,10.720000267028809,8.943257331848145,285100,0.0,0.0,FIX
2009-02-04 00:00:00-05:00,10.720000267028809,11.050000190734863,10.449999809265137,10.6899995803833,8.918231964111328,315200,0.0,0.0,FIX
2009-02-05 00:00:00-05:00,10.649999618530273,10.9399995803833,10.399999618530273,10.59000015258789,8.83480453491211,339500,0.0,0.0,FIX
2009-02-06 00:00:00-05:00,10.529999732971191,11.010000228881836,10.5,10.930000305175781,9.118453979492188,244000,0.0,0.0,FIX
2009-02-09 00:00:00-05:00,10.979999542236328,11.180000305175781,10.649999618530273,11.069999694824219,9.235244750976562,306800,0.0,0.0,FIX
2009-02-10 00:00:00-05:00,11.0600004196167,11.380000114440918,10.729999542236328,10.899999618530273,9.093422889709473,350600,0.0,0.0,FIX
2009-02-11 00:00:00-05:00,10.920000076293945,11.09000015258789,10.760000228881836,10.949999809265137,9.135135650634766,160100,0.0,0.0,FIX
2009-02-12 00:00:00-05:00,10.770000457763672,11.050000190734863,10.470000267028809,10.979999542236328,9.160161972045898,157900,0.0,0.0,FIX
2009-02-13 00:00:00-05:00,11.039999961853027,11.25,10.75,11.0,9.176849365234375,205200,0.0,0.0,FIX
2009-02-17 00:00:00-05:00,10.550000190734863,10.789999961853027,10.25,10.34000015258789,8.626236915588379,313800,0.0,0.0,FIX
2009-02-18 00:00:00-05:00,10.460000038146973,10.539999961853027,9.649999618530273,9.729999542236328,8.117339134216309,340700,0.0,0.0,FIX
2009-02-19 00:00:00-05:00,9.760000228881836,10.199999809265137,9.760000228881836,9.819999694824219,8.192425727844238,228900,0.0,0.0,FIX
2009-02-20 00:00:00-05:00,9.529999732971191,10.0,9.229999542236328,9.390000343322754,7.83369255065918,354800,0.0,0.0,FIX
2009-02-23 00:00:00-05:00,9.5,9.569999694824219,8.989999771118164,9.020000457763672,7.525016784667969,260500,0.0,0.0,FIX
2009-02-24 00:00:00-05:00,9.170000076293945,9.619999885559082,9.170000076293945,9.479999542236328,7.908778667449951,442900,0.0,0.0,FIX
2009-02-25 00:00:00-05:00,9.40999984741211,9.40999984741211,8.729999542236328,8.920000076293945,7.44158935546875,307500,0.0,0.0,FIX
2009-02-26 00:00:00-05:00,9.109999656677246,9.119999885559082,8.5,8.529999732971191,7.116229057312012,569900,0.0,0.0,FIX
2009-02-27 00:00:00-05:00,8.899999618530273,10.0600004196167,8.880000114440918,9.520000457763672,7.9421467781066895,827900,0.0,0.0,FIX
2009-03-02 00:00:00-05:00,9.399999618530273,9.800000190734863,9.119999885559082,9.15999984741211,7.6418137550354,590000,0.0,0.0,FIX
2009-03-03 00:00:00-05:00,9.270000457763672,9.489999771118164,8.9399995803833,9.0600004196167,7.558387279510498,462700,0.0,0.0,FIX
2009-03-04 00:00:00-05:00,9.1899995803833,9.470000267028809,9.100000381469727,9.350000381469727,7.800322532653809,251100,0.0,0.0,FIX
2009-03-05 00:00:00-05:00,9.15999984741211,9.479999542236328,8.960000038146973,9.020000457763672,7.525016784667969,204800,0.0,0.0,FIX
2009-03-06 00:00:00-05:00,9.170000076293945,9.319999694824219,8.90999984741211,9.140000343322754,7.663360595703125,213900,0.045,0.0,FIX
2009-03-09 00:00:00-04:00,9.0,9.09000015258789,8.039999961853027,8.199999809265137,6.8752217292785645,420900,0.0,0.0,FIX
2009-03-10 00:00:00-04:00,8.420000076293945,8.640000343322754,8.270000457763672,8.489999771118164,7.118370056152344,348800,0.0,0.0,FIX
2009-03-11 00:00:00-04:00,8.569999694824219,9.289999961853027,8.5600004196167,9.069999694824219,7.604666709899902,317700,0.0,0.0,FIX
2009-03-12 00:00:00-04:00,9.0,9.420000076293945,8.899999618530273,9.329999923706055,7.822664737701416,273400,0.0,0.0,FIX
2009-03-13 00:00:00-04:00,9.350000381469727,9.739999771118164,9.3100004196167,9.729999542236328,8.158040046691895,209900,0.0,0.0,FIX
2009-03-16 00:00:00-04:00,9.829999923706055,9.9399995803833,9.579999923706055,9.770000457763672,8.191579818725586,308200,0.0,0.0,FIX
2009-03-17 00:00:00-04:00,9.789999961853027,10.0,9.529999732971191,9.949999809265137,8.342499732971191,210100,0.0,0.0,FIX
2009-03-18 00:00:00-04:00,9.9399995803833,10.489999771118164,9.720000267028809,10.319999694824219,8.65272045135498,308900,0.0,0.0,FIX
2009-03-19 00:00:00-04:00,10.399999618530273,10.520000457763672,10.130000114440918,10.260000228881836,8.60241413116455,188100,0.0,0.0,FIX
2009-03-20 00:00:00-04:00,10.229999542236328,10.350000381469727,9.949999809265137,10.010000228881836,8.392803192138672,225900,0.0,0.0,FIX
2009-03-23 00:00:00-04:00,10.260000228881836,10.420000076293945,9.920000076293945,10.40999984741211,8.728178977966309,250300,0.0,0.0,FIX
2009-03-24 00:00:00-04:00,10.229999542236328,10.550000190734863,10.1899995803833,10.300000190734863,8.635950088500977,300900,0.0,0.0,FIX
2009-03-25 00:00:00-04:00,10.40999984741211,10.770000457763672,9.930000305175781,10.520000457763672,8.82041072845459,262400,0.0,0.0,FIX
2009-03-26 00:00:00-04:00,10.5600004196167,11.270000457763672,10.510000228881836,11.0,9.222862243652344,295100,0.0,0.0,FIX
2009-03-27 00:00:00-04:00,10.829999923706055,11.0,10.710000038146973,10.899999618530273,9.139017105102539,221000,0.0,0.0,FIX
2009-03-30 00:00:00-04:00,10.649999618530273,10.649999618530273,10.0,10.399999618530273,8.719799041748047,282400,0.0,0.0,FIX
2009-03-31 00:00:00-04:00,10.5600004196167,10.59000015258789,10.100000381469727,10.369999885559082,8.694642066955566,265300,0.0,0.0,FIX
2009-04-01 00:00:00-04:00,10.4399995803833,10.739999771118164,10.25,10.5600004196167,8.853947639465332,334900,0.0,0.0,FIX
2009-04-02 00:00:00-04:00,10.829999923706055,11.319999694824219,10.619999885559082,11.050000190734863,9.264785766601562,358100,0.0,0.0,FIX
2009-04-03 00:00:00-04:00,11.0,11.470000267028809,10.949999809265137,11.470000267028809,9.616929054260254,253200,0.0,0.0,FIX
2009-04-06 00:00:00-04:00,11.380000114440918,11.380000114440918,10.6899995803833,10.890000343322754,9.130632400512695,179800,0.0,0.0,FIX
2009-04-07 00:00:00-04:00,10.789999961853027,11.0,10.399999618530273,10.609999656677246,8.895870208740234,263400,0.0,0.0,FIX
2009-04-08 00:00:00-04:00,10.65999984741211,11.039999961853027,10.449999809265137,10.770000457763672,9.030017852783203,139500,0.0,0.0,FIX
2009-04-09 00:00:00-04:00,11.0,11.3100004196167,10.84000015258789,11.029999732971191,9.24801254272461,261700,0.0,0.0,FIX
2009-04-13 00:00:00-04:00,10.869999885559082,11.050000190734863,10.479999542236328,10.819999694824219,9.071940422058105,189700,0.0,0.0,FIX
2009-04-14 00:00:00-04:00,10.600000381469727,10.6899995803833,9.800000190734863,10.1899995803833,8.54372501373291,315300,0.0,0.0,FIX
2009-04-15 00:00:00-04:00,10.149999618530273,10.600000381469727,10.010000228881836,10.479999542236328,8.786869049072266,149200,0.0,0.0,FIX
2009-04-16 00:00:00-04:00,10.600000381469727,10.789999961853027,10.319999694824219,10.729999542236328,8.996482849121094,308400,0.0,0.0,FIX
2009-04-17 00:00:00-04:00,10.739999771118164,10.819999694824219,10.630000114440918,10.770000457763672,9.030017852783203,188300,0.0,0.0,FIX
2009-04-20 00:00:00-04:00,10.520000457763672,10.569999694824219,10.010000228881836,10.239999771118164,8.585643768310547,177600,0.0,0.0,FIX
2009-04-21 00:00:00-04:00,10.279999732971191,10.84000015258789,10.119999885559082,10.819999694824219,9.071940422058105,219900,0.0,0.0,FIX
2009-04-22 00:00:00-04:00,10.640000343322754,11.239999771118164,10.619999885559082,10.8100004196167,9.063557624816895,303800,0.0,0.0,FIX
2009-04-23 00:00:00-04:00,10.850000381469727,10.850000381469727,10.279999732971191,10.739999771118164,9.004866600036621,255200,0.0,0.0,FIX
2009-04-24 00:00:00-04:00,10.8100004196167,10.930000305175781,10.420000076293945,10.699999809265137,8.971328735351562,236000,0.0,0.0,FIX
2009-04-27 00:00:00-04:00,10.520000457763672,10.6899995803833,10.130000114440918,10.300000190734863,8.635950088500977,282400,0.0,0.0,FIX
2009-04-28 00:00:00-04:00,10.279999732971191,11.09000015258789,10.140000343322754,10.789999961853027,9.046789169311523,201000,0.0,0.0,FIX
2009-04-29 00:00:00-04:00,10.90999984741211,11.600000381469727,10.880000114440918,11.34000015258789,9.507935523986816,264400,0.0,0.0,FIX
2009-04-30 00:00:00-04:00,11.380000114440918,11.4399995803833,10.779999732971191,10.789999961853027,9.046789169311523,273800,0.0,0.0,FIX
2009-05-01 00:00:00-04:00,10.789999961853027,10.850000381469727,9.520000457763672,9.779999732971191,8.199966430664062,651800,0.0,0.0,FIX
2009-05-04 00:00:00-04:00,9.729999542236328,9.960000038146973,9.520000457763672,9.710000038146973,8.141271591186523,580400,0.0,0.0,FIX
2009-05-05 00:00:00-04:00,9.699999809265137,10.149999618530273,9.5600004196167,9.989999771118164,8.3760347366333,461300,0.0,0.0,FIX
2009-05-06 00:00:00-04:00,10.130000114440918,10.25,9.829999923706055,10.149999618530273,8.5101900100708,328300,0.0,0.0,FIX
2009-05-07 00:00:00-04:00,10.109999656677246,10.180000305175781,9.800000190734863,10.050000190734863,8.426347732543945,343900,0.0,0.0,FIX
2009-05-08 00:00:00-04:00,10.130000114440918,10.59000015258789,10.109999656677246,10.539999961853027,8.837175369262695,418400,0.0,0.0,FIX
2009-05-11 00:00:00-04:00,10.359999656677246,10.359999656677246,9.630000114440918,9.729999542236328,8.158040046691895,289200,0.0,0.0,FIX
2009-05-12 00:00:00-04:00,9.739999771118164,9.8100004196167,9.289999961853027,9.3100004196167,7.805896759033203,367800,0.0,0.0,FIX
2009-05-13 00:00:00-04:00,9.1899995803833,9.300000190734863,8.680000305175781,8.979999542236328,7.529208660125732,341000,0.0,0.0,FIX
2009-05-14 00:00:00-04:00,9.050000190734863,9.289999961853027,8.800000190734863,9.109999656677246,7.638206481933594,328400,0.0,0.0,FIX
2009-05-15 00:00:00-04:00,9.050000190734863,9.220000267028809,8.90999984741211,8.949999809265137,7.504059314727783,253200,0.0,0.0,FIX
2009-05-18 00:00:00-04:00,9.050000190734863,9.5,8.890000343322754,9.460000038146973,7.931666374206543,248800,0.0,0.0,FIX
2009-05-19 00:00:00-04:00,9.380000114440918,9.569999694824219,9.15999984741211,9.210000038146973,7.722053527832031,262500,0.0,0.0,FIX
2009-05-20 00:00:00-04:00,9.300000190734863,9.539999961853027,9.140000343322754,9.229999542236328,7.738818168640137,310000,0.0,0.0,FIX
2009-05-21 00:00:00-04:00,9.140000343322754,9.1899995803833,9.0,9.100000381469727,7.629821300506592,446200,0.0,0.0,FIX
2009-05-22 00:00:00-04:00,9.199999809265137,9.399999618530273,8.899999618530273,8.930000305175781,7.487286567687988,393000,0.0,0.0,FIX
2009-05-26 00:00:00-04:00,8.890000343322754,9.399999618530273,8.859999656677246,9.0600004196167,7.596281051635742,685300,0.0,0.0,FIX
2009-05-27 00:00:00-04:00,9.050000190734863,9.25,8.819999694824219,8.890000343322754,7.490957736968994,600700,0.045,0.0,FIX
2009-05-28 00:00:00-04:00,8.859999656677246,9.130000114440918,8.619999885559082,9.079999923706055,7.651057720184326,253000,0.0,0.0,FIX
2009-05-29 00:00:00-04:00,9.079999923706055,9.40999984741211,9.079999923706055,9.329999923706055,7.861709117889404,393100,0.0,0.0,FIX
2009-06-01 00:00:00-04:00,9.630000114440918,9.829999923706055,9.5,9.720000267028809,8.190337181091309,375000,0.0,0.0,FIX
2009-06-02 00:00:00-04:00,9.720000267028809,10.1899995803833,9.699999809265137,10.130000114440918,8.535812377929688,437200,0.0,0.0,FIX
2009-06-03 00:00:00-04:00,10.069999694824219,10.130000114440918,9.920000076293945,10.079999923706055,8.493684768676758,281900,0.0,0.0,FIX
2009-06-04 00:00:00-04:00,10.109999656677246,10.25,9.960000038146973,10.109999656677246,8.518959045410156,284100,0.0,0.0,FIX
2009-06-05 00:00:00-04:00,10.119999885559082,10.15999984741211,9.9399995803833,10.0,8.426273345947266,175900,0.0,0.0,FIX
2009-06-08 00:00:00-04:00,9.880000114440918,10.279999732971191,9.760000228881836,10.029999732971191,8.451550483703613,388700,0.0,0.0,FIX
2009-06-09 00:00:00-04:00,10.109999656677246,10.3100004196167,10.029999732971191,10.149999618530273,8.552666664123535,183400,0.0,0.0,FIX
2009-06-10 00:00:00-04:00,10.199999809265137,10.359999656677246,10.050000190734863,10.329999923706055,8.704338073730469,221500,0.0,0.0,FIX
2009-06-11 00:00:00-04:00,10.3100004196167,10.640000343322754,10.210000038146973,10.390000343322754,8.754898071289062,275400,0.0,0.0,FIX
2009-06-12 00:00:00-04:00,10.460000038146973,10.569999694824219,10.130000114440918,10.5,8.847585678100586,290300,0.0,0.0,FIX
2009-06-15 00:00:00-04:00,10.239999771118164,10.390000343322754,10.020000457763672,10.079999923706055,8.493684768676758,240300,0.0,0.0,FIX
2009-06-16 00:00:00-04:00,10.1899995803833,10.3100004196167,10.029999732971191,10.15999984741211,8.561088562011719,245900,0.0,0.0,FIX
2009-06-17 00:00:00-04:00,10.079999923706055,10.399999618530273,9.979999542236328,10.229999542236328,8.620076179504395,195500,0.0,0.0,FIX
2009-06-18 00:00:00-04:00,10.15999984741211,10.34000015258789,10.0,10.229999542236328,8.620076179504395,386900,0.0,0.0,FIX
2009-06-19 00:00:00-04:00,10.289999961853027,10.380000114440918,9.949999809265137,10.020000457763672,8.44312572479248,570300,0.0,0.0,FIX
2009-06-22 00:00:00-04:00,9.920000076293945,9.9399995803833,9.729999542236328,9.75,8.215619087219238,402900,0.0,0.0,FIX
2009-06-23 00:00:00-04:00,9.760000228881836,9.890000343322754,9.609999656677246,9.739999771118164,8.207186698913574,420800,0.0,0.0,FIX
2009-06-24 00:00:00-04:00,9.699999809265137,10.029999732971191,9.699999809265137,9.9399995803833,8.375718116760254,585300,0.0,0.0,FIX
2009-06-25 00:00:00-04:00,9.899999618530273,10.420000076293945,9.710000038146973,10.420000076293945,8.780177116394043,555300,0.0,0.0,FIX
2009-06-26 00:00:00-04:00,10.479999542236328,10.479999542236328,10.069999694824219,10.220000267028809,8.611650466918945,489000,0.0,0.0,FIX
2009-06-29 00:00:00-04:00,10.390000343322754,10.430000305175781,10.119999885559082,10.25,8.63692855834961,293800,0.0,0.0,FIX
2009-06-30 00:00:00-04:00,10.229999542236328,10.359999656677246,10.199999809265137,10.25,8.63692855834961,316600,0.0,0.0,FIX
2009-07-01 00:00:00-04:00,10.350000381469727,10.550000190734863,10.220000267028809,10.369999885559082,8.738041877746582,157300,0.0,0.0,FIX
2009-07-02 00:00:00-04:00,10.039999961853027,10.289999961853027,10.029999732971191,10.289999961853027,8.670636177062988,248700,0.0,0.0,FIX
2009-07-06 00:00:00-04:00,10.199999809265137,10.300000190734863,9.899999618530273,10.010000228881836,8.434699058532715,247500,0.0,0.0,FIX
2009-07-07 00:00:00-04:00,10.039999961853027,10.039999961853027,9.739999771118164,9.770000457763672,8.232464790344238,286700,0.0,0.0,FIX
2009-07-08 00:00:00-04:00,9.84000015258789,10.039999961853027,9.59000015258789,9.75,8.215619087219238,282400,0.0,0.0,FIX
2009-07-09 00:00:00-04:00,9.789999961853027,9.9399995803833,9.579999923706055,9.729999542236328,8.19876766204834,174200,0.0,0.0,FIX
2009-07-10 00:00:00-04:00,9.649999618530273,9.819999694824219,9.569999694824219,9.760000228881836,8.224040985107422,168300,0.0,0.0,FIX
2009-07-13 00:00:00-04:00,9.770000457763672,9.84000015258789,9.449999809265137,9.8100004196167,8.2661714553833,177400,0.0,0.0,FIX
2009-07-14 00:00:00-04:00,9.779999732971191,10.069999694824219,9.720000267028809,10.020000457763672,8.44312572479248,207900,0.0,0.0,FIX
2009-07-15 00:00:00-04:00,10.130000114440918,10.869999885559082,10.130000114440918,10.779999732971191,9.083520889282227,275000,0.0,0.0,FIX
2009-07-16 00:00:00-04:00,10.760000228881836,10.789999961853027,10.449999809265137,10.569999694824219,8.906570434570312,192300,0.0,0.0,FIX
2009-07-17 00:00:00-04:00,10.59000015258789,10.850000381469727,10.520000457763672,10.75,9.05824089050293,187000,0.0,0.0,FIX
2009-07-20 00:00:00-04:00,10.770000457763672,10.960000038146973,10.670000076293945,10.779999732971191,9.083520889282227,110800,0.0,0.0,FIX
2009-07-21 00:00:00-04:00,10.869999885559082,10.949999809265137,10.6899995803833,10.869999885559082,9.159358024597168,85700,0.0,0.0,FIX
2009-07-22 00:00:00-04:00,10.8100004196167,11.050000190734863,10.739999771118164,10.90999984741211,9.193062782287598,91900,0.0,0.0,FIX
2009-07-23 00:00:00-04:00,10.850000381469727,11.350000381469727,10.850000381469727,11.1899995803833,9.428997993469238,180700,0.0,0.0,FIX
2009-07-24 00:00:00-04:00,11.069999694824219,11.220000267028809,10.819999694824219,11.220000267028809,9.454279899597168,105300,0.0,0.0,FIX
2009-07-27 00:00:00-04:00,11.239999771118164,11.289999961853027,11.069999694824219,11.289999961853027,9.513262748718262,139900,0.0,0.0,FIX
2009-07-28 00:00:00-04:00,11.260000228881836,11.399999618530273,11.119999885559082,11.300000190734863,9.521689414978027,127400,0.0,0.0,FIX
2009-07-29 00:00:00-04:00,11.25,11.390000343322754,11.079999923706055,11.239999771118164,9.471128463745117,114300,0.0,0.0,FIX
2009-07-30 00:00:00-04:00,11.34000015258789,11.869999885559082,11.180000305175781,11.630000114440918,9.799752235412598,221300,0.0,0.0,FIX
2009-07-31 00:00:00-04:00,10.710000038146973,11.920000076293945,10.710000038146973,11.779999732971191,9.926146507263184,337900,0.0,0.0,FIX
2009-08-03 00:00:00-04:00,11.0600004196167,11.420000076293945,10.65999984741211,11.390000343322754,9.597524642944336,473500,0.0,0.0,FIX
2009-08-04 00:00:00-04:00,11.270000457763672,11.4399995803833,11.149999618530273,11.319999694824219,9.538537979125977,223700,0.0,0.0,FIX
2009-08-05 00:00:00-04:00,11.289999961853027,11.34000015258789,11.050000190734863,11.289999961853027,9.513262748718262,170700,0.0,0.0,FIX
2009-08-06 00:00:00-04:00,11.300000190734863,11.449999809265137,10.890000343322754,11.0600004196167,9.319459915161133,159900,0.0,0.0,FIX
2009-08-07 00:00:00-04:00,11.239999771118164,12.130000114440918,11.210000038146973,12.020000457763672,10.128381729125977,221500,0.0,0.0,FIX
2009-08-10 00:00:00-04:00,12.0,12.029999732971191,11.65999984741211,11.989999771118164,10.103097915649414,157400,0.0,0.0,FIX
2009-08-11 00:00:00-04:00,11.899999618530273,12.470000267028809,11.859999656677246,12.239999771118164,10.31375503540039,334300,0.0,0.0,FIX
2009-08-12 00:00:00-04:00,12.300000190734863,12.729999542236328,12.270000457763672,12.5,10.532842636108398,288500,0.0,0.0,FIX
2009-08-13 00:00:00-04:00,12.5,12.6899995803833,12.289999961853027,12.34000015258789,10.39802360534668,138800,0.0,0.0,FIX
2009-08-14 00:00:00-04:00,12.3100004196167,12.3100004196167,12.020000457763672,12.100000381469727,10.195786476135254,286000,0.0,0.0,FIX
2009-08-17 00:00:00-04:00,11.90999984741211,12.100000381469727,11.630000114440918,11.829999923706055,9.968278884887695,168600,0.0,0.0,FIX
2009-08-18 00:00:00-04:00,12.90999984741211,12.90999984741211,11.829999923706055,12.550000190734863,10.574972152709961,361000,0.0,0.0,FIX
2009-08-19 00:00:00-04:00,12.4399995803833,12.449999809265137,12.130000114440918,12.399999618530273,10.448576927185059,161200,0.0,0.0,FIX
2009-08-20 00:00:00-04:00,12.489999771118164,12.640000343322754,12.229999542236328,12.529999732971191,10.558116912841797,174200,0.0,0.0,FIX
2009-08-21 00:00:00-04:00,12.720000267028809,13.119999885559082,12.380000114440918,12.619999885559082,10.633955955505371,313900,0.0,0.0,FIX
2009-08-24 00:00:00-04:00,12.779999732971191,12.789999961853027,12.479999542236328,12.630000114440918,10.642385482788086,156600,0.0,0.0,FIX
2009-08-25 00:00:00-04:00,12.779999732971191,12.779999732971191,12.390000343322754,12.399999618530273,10.448576927185059,171900,0.0,0.0,FIX
2009-08-26 00:00:00-04:00,12.430000305175781,12.520000457763672,12.170000076293945,12.380000114440918,10.431724548339844,220200,0.0,0.0,FIX
2009-08-27 00:00:00-04:00,12.380000114440918,12.380000114440918,11.850000381469727,12.079999923706055,10.22021484375,90000,0.05,0.0,FIX
2009-08-28 00:00:00-04:00,12.239999771118164,12.239999771118164,11.800000190734863,11.960000038146973,10.118687629699707,108900,0.0,0.0,FIX
2009-08-31 00:00:00-04:00,11.899999618530273,12.09000015258789,11.720000267028809,11.869999885559082,10.0425443649292,164000,0.0,0.0,FIX
2009-09-01 00:00:00-04:00,11.760000228881836,11.800000190734863,10.779999732971191,11.180000305175781,9.45877742767334,629600,0.0,0.0,FIX
2009-09-02 00:00:00-04:00,11.180000305175781,11.180000305175781,10.399999618530273,10.619999885559082,8.98498821258545,515000,0.0,0.0,FIX
2009-09-03 00:00:00-04:00,10.710000038146973,11.0600004196167,10.649999618530273,11.020000457763672,9.323406219482422,290000,0.0,0.0,FIX
2009-09-04 00:00:00-04:00,10.989999771118164,11.300000190734863,10.90999984741211,11.239999771118164,9.509537696838379,170000,0.0,0.0,FIX
2009-09-08 00:00:00-04:00,11.289999961853027,11.5,11.029999732971191,11.050000190734863,9.34879207611084,159200,0.0,0.0,FIX
2009-09-09 00:00:00-04:00,11.0600004196167,11.369999885559082,11.0600004196167,11.270000457763672,9.534917831420898,149600,0.0,0.0,FIX
2009-09-10 00:00:00-04:00,11.239999771118164,11.34000015258789,10.960000038146973,11.0600004196167,9.357251167297363,186200,0.0,0.0,FIX
2009-09-11 00:00:00-04:00,11.050000190734863,11.369999885559082,11.020000457763672,11.239999771118164,9.509537696838379,191300,0.0,0.0,FIX
2009-09-14 00:00:00-04:00,11.170000076293945,11.3100004196167,11.130000114440918,11.289999961853027,9.55184268951416,109700,0.0,0.0,FIX
2009-09-15 00:00:00-04:00,11.390000343322754,11.399999618530273,11.149999618530273,11.34000015258789,9.59414291381836,158800,0.0,0.0,FIX
2009-09-16 00:00:00-04:00,11.34000015258789,11.619999885559082,11.1899995803833,11.579999923706055,9.797191619873047,115000,0.0,0.0,FIX
2009-09-17 00:00:00-04:00,11.600000381469727,11.850000381469727,11.479999542236328,11.739999771118164,9.932560920715332,175800,0.0,0.0,FIX
2009-09-18 00:00:00-04:00,11.770000457763672,12.0,11.40999984741211,11.979999542236328,10.135605812072754,278600,0.0,0.0,FIX
2009-09-21 00:00:00-04:00,11.890000343322754,12.010000228881836,11.699999809265137,11.800000190734863,9.98332405090332,187400,0.0,0.0,FIX
2009-09-22 00:00:00-04:00,11.84000015258789,11.930000305175781,11.40999984741211,11.630000114440918,9.83949089050293,310600,0.0,0.0,FIX
2009-09-23 00:00:00-04:00,12.300000190734863,12.600000381469727,12.270000457763672,12.34000015258789,10.440186500549316,1169000,0.0,0.0,FIX
2009-09-24 00:00:00-04:00,12.329999923706055,12.520000457763672,12.199999809265137,12.380000114440918,10.474026679992676,367700,0.0,0.0,FIX
2009-09-25 00:00:00-04:00,12.380000114440918,12.640000343322754,12.239999771118164,12.319999694824219,10.423263549804688,398400,0.0,0.0,FIX
2009-09-28 00:00:00-04:00,12.34000015258789,12.640000343322754,12.319999694824219,12.460000038146973,10.541709899902344,259800,0.0,0.0,FIX
2009-09-29 00:00:00-04:00,12.510000228881836,12.6899995803833,12.199999809265137,12.220000267028809,10.338662147521973,4882400,0.0,0.0,FIX
2009-09-30 00:00:00-04:00,12.140000343322754,12.199999809265137,11.569999694824219,11.59000015258789,9.805654525756836,454500,0.0,0.0,FIX
2009-10-01 00:00:00-04:00,11.5,11.720000267028809,11.350000381469727,11.40999984741211,9.653363227844238,291500,0.0,0.0,FIX
2009-10-02 00:00:00-04:00,11.279999732971191,11.470000267028809,11.210000038146973,11.25,9.51799488067627,190700,0.0,0.0,FIX
2009-10-05 00:00:00-04:00,11.270000457763672,11.430000305175781,11.109999656677246,11.140000343322754,9.424928665161133,268300,0.0,0.0,FIX
2009-10-06 00:00:00-04:00,11.260000228881836,11.460000038146973,11.239999771118164,11.449999809265137,9.687206268310547,139400,0.0,0.0,FIX
2009-10-07 00:00:00-04:00,11.4399995803833,11.520000457763672,11.350000381469727,11.449999809265137,9.687206268310547,176700,0.0,0.0,FIX
2009-10-08 00:00:00-04:00,11.5,11.609999656677246,11.119999885559082,11.130000114440918,9.416470527648926,265800,0.0,0.0,FIX
2009-10-09 00:00:00-04:00,11.109999656677246,11.3100004196167,11.069999694824219,11.1899995803833,9.467235565185547,235000,0.0,0.0,FIX
2009-10-12 00:00:00-04:00,11.199999809265137,11.449999809265137,11.0600004196167,11.100000381469727,9.39108657836914,445800,0.0,0.0,FIX
2009-10-13 00:00:00-04:00,11.140000343322754,11.220000267028809,10.9399995803833,11.210000038146973,9.484156608581543,252200,0.0,0.0,FIX
2009-10-14 00:00:00-04:00,11.300000190734863,11.5,11.300000190734863,11.399999618530273,9.64490032196045,198900,0.0,0.0,FIX
2009-10-15 00:00:00-04:00,11.369999885559082,11.449999809265137,11.25,11.3100004196167,9.568763732910156,302700,0.0,0.0,FIX
2009-10-16 00:00:00-04:00,11.260000228881836,11.460000038146973,11.149999618530273,11.34000015258789,9.59414291381836,171300,0.0,0.0,FIX
2009-10-19 00:00:00-04:00,11.40999984741211,11.619999885559082,11.359999656677246,11.470000267028809,9.704127311706543,112800,0.0,0.0,FIX
2009-10-20 00:00:00-04:00,11.510000228881836,11.510000228881836,11.289999961853027,11.399999618530273,9.64490032196045,118900,0.0,0.0,FIX
2009-10-21 00:00:00-04:00,11.34000015258789,11.630000114440918,11.130000114440918,11.149999618530273,9.433390617370605,236300,0.0,0.0,FIX
2009-10-22 00:00:00-04:00,11.149999618530273,11.609999656677246,11.0600004196167,11.489999771118164,9.721047401428223,161000,0.0,0.0,FIX
2009-10-23 00:00:00-04:00,11.489999771118164,11.65999984741211,11.170000076293945,11.260000228881836,9.52645492553711,161100,0.0,0.0,FIX
2009-10-26 00:00:00-04:00,11.270000457763672,11.550000190734863,11.029999732971191,11.079999923706055,9.374168395996094,244400,0.0,0.0,FIX
2009-10-27 00:00:00-04:00,11.0600004196167,11.380000114440918,10.899999618530273,11.100000381469727,9.39108657836914,119200,0.0,0.0,FIX
2009-10-28 00:00:00-04:00,11.109999656677246,11.149999618530273,10.8100004196167,10.819999694824219,9.154197692871094,205400,0.0,0.0,FIX
2009-10-29 00:00:00-04:00,10.899999618530273,11.100000381469727,10.899999618530273,11.100000381469727,9.39108657836914,185100,0.0,0.0,FIX
2009-10-30 00:00:00-04:00,10.989999771118164,11.050000190734863,10.720000267028809,10.899999618530273,9.221879005432129,424300,0.0,0.0,FIX
2009-11-02 00:00:00-05:00,10.930000305175781,11.220000267028809,10.670000076293945,10.899999618530273,9.221879005432129,273500,0.0,0.0,FIX
2009-11-03 00:00:00-05:00,10.880000114440918,11.180000305175781,10.729999542236328,11.079999923706055,9.374168395996094,233300,0.0,0.0,FIX
2009-11-04 00:00:00-05:00,11.170000076293945,11.4399995803833,10.680000305175781,10.6899995803833,9.044211387634277,292200,0.0,0.0,FIX
2009-11-05 00:00:00-05:00,10.729999542236328,11.510000228881836,10.729999542236328,11.5,9.729507446289062,432700,0.0,0.0,FIX
2009-11-06 00:00:00-05:00,11.40999984741211,11.420000076293945,10.920000076293945,11.0,9.306482315063477,245300,0.0,0.0,FIX
2009-11-09 00:00:00-05:00,11.079999923706055,11.470000267028809,11.039999961853027,11.4399995803833,9.678746223449707,317000,0.0,0.0,FIX
2009-11-10 00:00:00-05:00,11.420000076293945,11.989999771118164,11.420000076293945,11.779999732971191,9.966400146484375,333900,0.0,0.0,FIX
2009-11-11 00:00:00-05:00,11.850000381469727,11.850000381469727,11.5600004196167,11.6899995803833,9.890254020690918,371900,0.0,0.0,FIX
2009-11-12 00:00:00-05:00,11.630000114440918,11.739999771118164,11.260000228881836,11.34000015258789,9.59414291381836,184500,0.0,0.0,FIX
2009-11-13 00:00:00-05:00,11.40999984741211,11.460000038146973,11.010000228881836,11.239999771118164,9.509537696838379,259600,0.0,0.0,FIX
2009-11-16 00:00:00-05:00,11.270000457763672,11.739999771118164,11.25,11.630000114440918,9.83949089050293,291100,0.0,0.0,FIX
2009-11-17 00:00:00-05:00,11.609999656677246,11.609999656677246,11.420000076293945,11.479999542236328,9.712589263916016,196000,0.0,0.0,FIX
2009-11-18 00:00:00-05:00,11.479999542236328,11.479999542236328,11.170000076293945,11.229999542236328,9.501072883605957,148600,0.0,0.0,FIX
2009-11-19 00:00:00-05:00,11.109999656677246,11.1899995803833,10.90999984741211,11.130000114440918,9.416470527648926,156200,0.0,0.0,FIX
2009-11-20 00:00:00-05:00,11.079999923706055,11.149999618530273,10.920000076293945,11.039999961853027,9.34033203125,154700,0.0,0.0,FIX
2009-11-23 00:00:00-05:00,11.229999542236328,11.619999885559082,11.229999542236328,11.5,9.729507446289062,249200,0.0,0.0,FIX
2009-11-24 00:00:00-05:00,11.5,11.5600004196167,11.350000381469727,11.479999542236328,9.754996299743652,221800,0.05,0.0,FIX
2009-11-25 00:00:00-05:00,11.510000228881836,11.800000190734863,11.430000305175781,11.65999984741211,9.907953262329102,213700,0.0,0.0,FIX
2009-11-27 00:00:00-05:00,11.350000381469727,11.609999656677246,11.34000015258789,11.350000381469727,9.644536018371582,120200,0.0,0.0,FIX
2009-11-30 00:00:00-05:00,11.350000381469727,11.460000038146973,11.319999694824219,11.390000343322754,9.678523063659668,325300,0.0,0.0,FIX
2009-12-01 00:00:00-05:00,11.539999961853027,11.729999542236328,11.470000267028809,11.630000114440918,9.882463455200195,195100,0.0,0.0,FIX
2009-12-02 00:00:00-05:00,11.670000076293945,11.850000381469727,11.539999961853027,11.600000381469727,9.856969833374023,148100,0.0,0.0,FIX
2009-12-03 00:00:00-05:00,11.670000076293945,11.75,11.550000190734863,11.65999984741211,9.907953262329102,226500,0.0,0.0,FIX
2009-12-04 00:00:00-05:00,11.770000457763672,11.949999809265137,11.600000381469727,11.789999961853027,10.018417358398438,188300,0.0,0.0,FIX
2009-12-07 00:00:00-05:00,11.819999694824219,11.859999656677246,11.649999618530273,11.710000038146973,9.950441360473633,121100,0.0,0.0,FIX
2009-12-08 00:00:00-05:00,11.6899995803833,11.84000015258789,11.600000381469727,11.789999961853027,10.018417358398438,191600,0.0,0.0,FIX
2009-12-09 00:00:00-05:00,11.829999923706055,11.90999984741211,11.579999923706055,11.819999694824219,10.043909072875977,118500,0.0,0.0,FIX
2009-12-10 00:00:00-05:00,11.899999618530273,12.0,11.789999961853027,12.0,10.196866035461426,523600,0.0,0.0,FIX
2009-12-11 00:00:00-05:00,11.989999771118164,12.050000190734863,11.779999732971191,12.020000457763672,10.213860511779785,232600,0.0,0.0,FIX
2009-12-14 00:00:00-05:00,12.119999885559082,12.479999542236328,12.050000190734863,12.40999984741211,10.545254707336426,294600,0.0,0.0,FIX
2009-12-15 00:00:00-05:00,12.430000305175781,12.489999771118164,12.350000381469727,12.399999618530273,10.536757469177246,419600,0.0,0.0,FIX
2009-12-16 00:00:00-05:00,12.460000038146973,12.600000381469727,12.34000015258789,12.4399995803833,10.570749282836914,252500,0.0,0.0,FIX
2009-12-17 00:00:00-05:00,12.399999618530273,12.470000267028809,12.119999885559082,12.239999771118164,10.400801658630371,229900,0.0,0.0,FIX
2009-12-18 00:00:00-05:00,12.380000114440918,12.479999542236328,12.100000381469727,12.479999542236328,10.604735374450684,497200,0.0,0.0,FIX
2009-12-21 00:00:00-05:00,12.5600004196167,12.680000305175781,12.430000305175781,12.59000015258789,10.698210716247559,218500,0.0,0.0,FIX
2009-12-22 00:00:00-05:00,12.649999618530273,12.699999809265137,12.510000228881836,12.539999961853027,10.65572452545166,265100,0.0,0.0,FIX
2009-12-23 00:00:00-05:00,12.640000343322754,12.6899995803833,12.579999923706055,12.630000114440918,10.732199668884277,77600,0.0,0.0,FIX
2009-12-24 00:00:00-05:00,12.710000038146973,12.779999732971191,12.670000076293945,12.760000228881836,10.842669486999512,26900,0.0,0.0,FIX
2009-12-28 00:00:00-05:00,12.760000228881836,12.760000228881836,12.619999885559082,12.720000267028809,10.808679580688477,87700,0.0,0.0,FIX
2009-12-29 00:00:00-05:00,12.760000228881836,12.760000228881836,12.59000015258789,12.600000381469727,10.706707000732422,111600,0.0,0.0,FIX
2009-12-30 00:00:00-05:00,12.609999656677246,12.680000305175781,12.449999809265137,12.600000381469727,10.706707000732422,105600,0.0,0.0,FIX
2009-12-31 00:00:00-05:00,12.630000114440918,12.670000076293945,12.329999923706055,12.34000015258789,10.48577880859375,156500,0.0,0.0,FIX
2010-01-04 00:00:00-05:00,12.529999732971191,12.729999542236328,12.430000305175781,12.720000267028809,10.808679580688477,108500,0.0,0.0,FIX
2010-01-05 00:00:00-05:00,12.739999771118164,12.739999771118164,12.430000305175781,12.579999923706055,10.68971061706543,162300,0.0,0.0,FIX
2010-01-06 00:00:00-05:00,12.600000381469727,12.880000114440918,12.520000457763672,12.770000457763672,10.851162910461426,346300,0.0,0.0,FIX
2010-01-07 00:00:00-05:00,12.779999732971191,13.25,12.729999542236328,13.239999771118164,11.250543594360352,187100,0.0,0.0,FIX
2010-01-08 00:00:00-05:00,13.15999984741211,13.34000015258789,13.109999656677246,13.15999984741211,11.182560920715332,178500,0.0,0.0,FIX
2010-01-11 00:00:00-05:00,13.220000267028809,13.220000267028809,12.930000305175781,12.979999542236328,11.029606819152832,141100,0.0,0.0,FIX
2010-01-12 00:00:00-05:00,12.930000305175781,13.020000457763672,12.699999809265137,12.960000038146973,11.012616157531738,83300,0.0,0.0,FIX
2010-01-13 00:00:00-05:00,12.970000267028809,13.100000381469727,12.90999984741211,12.989999771118164,11.038105010986328,223000,0.0,0.0,FIX
2010-01-14 00:00:00-05:00,13.010000228881836,13.289999961853027,12.8100004196167,13.260000228881836,11.267538070678711,138300,0.0,0.0,FIX
2010-01-15 00:00:00-05:00,13.289999961853027,13.300000190734863,12.710000038146973,13.09000015258789,11.12308120727539,256200,0.0,0.0,FIX
2010-01-19 00:00:00-05:00,13.140000343322754,13.149999618530273,12.899999618530273,13.0,11.046603202819824,179300,0.0,0.0,FIX
2010-01-20 00:00:00-05:00,12.869999885559082,12.920000076293945,12.449999809265137,12.489999771118164,10.613234519958496,243600,0.0,0.0,FIX
2010-01-21 00:00:00-05:00,12.539999961853027,12.720000267028809,12.199999809265137,12.279999732971191,10.434792518615723,181300,0.0,0.0,FIX
2010-01-22 00:00:00-05:00,12.25,12.390000343322754,11.960000038146973,12.079999923706055,10.264845848083496,133200,0.0,0.0,FIX
2010-01-25 00:00:00-05:00,12.1899995803833,12.199999809265137,12.0,12.119999885559082,10.298828125,59200,0.0,0.0,FIX
2010-01-26 00:00:00-05:00,12.100000381469727,12.130000114440918,11.979999542236328,12.020000457763672,10.213860511779785,109500,0.0,0.0,FIX
2010-01-27 00:00:00-05:00,11.9399995803833,12.0600004196167,11.890000343322754,12.010000228881836,10.205361366271973,143100,0.0,0.0,FIX
2010-01-28 00:00:00-05:00,12.020000457763672,12.020000457763672,11.720000267028809,11.819999694824219,10.043909072875977,124500,0.0,0.0,FIX
2010-01-29 00:00:00-05:00,11.880000114440918,12.069999694824219,11.729999542236328,11.729999542236328,9.967435836791992,159500,0.0,0.0,FIX
2010-02-01 00:00:00-05:00,11.760000228881836,11.890000343322754,11.470000267028809,11.859999656677246,10.077899932861328,136300,0.0,0.0,FIX
2010-02-02 00:00:00-05:00,11.829999923706055,12.010000228881836,11.729999542236328,11.84000015258789,10.060905456542969,114300,0.0,0.0,FIX
2010-02-03 00:00:00-05:00,11.8100004196167,12.010000228881836,11.699999809265137,11.880000114440918,10.094895362854004,92800,0.0,0.0,FIX
2010-02-04 00:00:00-05:00,11.8100004196167,11.859999656677246,11.40999984741211,11.460000038146973,9.738008499145508,126700,0.0,0.0,FIX
2010-02-05 00:00:00-05:00,11.470000267028809,11.59000015258789,11.229999542236328,11.59000015258789,9.848472595214844,125500,0.0,0.0,FIX
2010-02-08 00:00:00-05:00,11.550000190734863,11.649999618530273,11.210000038146973,11.229999542236328,9.542564392089844,235000,0.0,0.0,FIX
2010-02-09 00:00:00-05:00,11.380000114440918,11.489999771118164,11.220000267028809,11.40999984741211,9.695520401000977,140200,0.0,0.0,FIX
2010-02-10 00:00:00-05:00,11.430000305175781,11.430000305175781,11.1899995803833,11.25,9.559562683105469,132600,0.0,0.0,FIX
2010-02-11 00:00:00-05:00,11.210000038146973,11.390000343322754,11.170000076293945,11.380000114440918,9.670026779174805,328700,0.0,0.0,FIX
2010-02-12 00:00:00-05:00,11.260000228881836,11.479999542236328,11.260000228881836,11.4399995803833,9.721010208129883,289700,0.0,0.0,FIX
2010-02-16 00:00:00-05:00,11.489999771118164,11.569999694824219,11.319999694824219,11.449999809265137,9.72950553894043,243500,0.0,0.0,FIX
2010-02-17 00:00:00-05:00,11.520000457763672,11.59000015258789,11.40999984741211,11.539999961853027,9.805980682373047,315800,0.0,0.0,FIX
2010-02-18 00:00:00-05:00,11.569999694824219,11.800000190734863,11.539999961853027,11.770000457763672,10.001422882080078,134600,0.0,0.0,FIX
2010-02-19 00:00:00-05:00,11.779999732971191,11.90999984741211,11.720000267028809,11.829999923706055,10.052409172058105,206300,0.0,0.0,FIX
2010-02-22 00:00:00-05:00,11.829999923706055,12.0,11.8100004196167,11.960000038146973,10.16287612915039,274900,0.0,0.0,FIX
2010-02-23 00:00:00-05:00,11.90999984741211,11.989999771118164,11.65999984741211,11.859999656677246,10.077899932861328,178300,0.0,0.0,FIX
2010-02-24 00:00:00-05:00,11.859999656677246,11.949999809265137,11.739999771118164,11.800000190734863,10.026920318603516,132100,0.0,0.0,FIX
2010-02-25 00:00:00-05:00,11.649999618530273,11.800000190734863,11.430000305175781,11.789999961853027,10.018417358398438,179200,0.0,0.0,FIX
2010-02-26 00:00:00-05:00,11.800000190734863,11.869999885559082,11.649999618530273,11.720000267028809,9.958937644958496,179400,0.0,0.0,FIX
2010-03-01 00:00:00-05:00,11.8100004196167,12.170000076293945,11.8100004196167,12.130000114440918,10.307328224182129,402500,0.0,0.0,FIX
2010-03-02 00:00:00-05:00,12.180000305175781,12.399999618530273,11.729999542236328,11.9399995803833,10.145877838134766,648800,0.0,0.0,FIX
2010-03-03 00:00:00-05:00,11.930000305175781,12.050000190734863,11.739999771118164,11.779999732971191,10.009923934936523,432300,0.0,0.0,FIX
2010-03-04 00:00:00-05:00,11.880000114440918,11.920000076293945,11.75,11.819999694824219,10.043909072875977,194200,0.0,0.0,FIX
2010-03-05 00:00:00-05:00,11.84000015258789,12.020000457763672,11.84000015258789,11.949999809265137,10.154374122619629,205100,0.0,0.0,FIX
2010-03-08 00:00:00-05:00,11.9399995803833,12.09000015258789,11.75,11.770000457763672,10.043453216552734,293000,0.05,0.0,FIX
2010-03-09 00:00:00-05:00,11.75,11.859999656677246,11.649999618530273,11.699999809265137,9.98371410369873,332900,0.0,0.0,FIX
2010-03-10 00:00:00-05:00,11.670000076293945,11.890000343322754,11.649999618530273,11.770000457763672,10.043453216552734,179500,0.0,0.0,FIX
2010-03-11 00:00:00-05:00,11.710000038146973,12.3100004196167,11.65999984741211,12.3100004196167,10.504234313964844,260400,0.0,0.0,FIX
2010-03-12 00:00:00-05:00,12.329999923706055,12.4399995803833,12.199999809265137,12.40999984741211,10.589569091796875,241300,0.0,0.0,FIX
2010-03-15 00:00:00-04:00,12.430000305175781,12.4399995803833,12.260000228881836,12.359999656677246,10.546895980834961,185000,0.0,0.0,FIX
2010-03-16 00:00:00-04:00,12.369999885559082,12.4399995803833,12.289999961853027,12.369999885559082,10.555431365966797,143300,0.0,0.0,FIX
2010-03-17 00:00:00-04:00,12.359999656677246,12.4399995803833,12.25,12.300000190734863,10.495701789855957,264200,0.0,0.0,FIX
2010-03-18 00:00:00-04:00,12.329999923706055,12.5,12.329999923706055,12.460000038146973,10.632229804992676,125300,0.0,0.0,FIX
2010-03-19 00:00:00-04:00,12.680000305175781,12.6899995803833,12.5,12.680000305175781,10.819957733154297,307600,0.0,0.0,FIX
2010-03-22 00:00:00-04:00,12.569999694824219,12.960000038146973,12.550000190734863,12.9399995803833,11.041820526123047,153000,0.0,0.0,FIX
2010-03-23 00:00:00-04:00,12.90999984741211,13.239999771118164,12.710000038146973,13.220000267028809,11.280747413635254,199700,0.0,0.0,FIX
2010-03-24 00:00:00-04:00,13.130000114440918,13.220000267028809,12.949999809265137,12.979999542236328,11.075952529907227,266700,0.0,0.0,FIX
2010-03-25 00:00:00-04:00,13.020000457763672,13.020000457763672,12.449999809265137,12.460000038146973,10.632229804992676,160100,0.0,0.0,FIX
2010-03-26 00:00:00-04:00,12.539999961853027,12.550000190734863,12.300000190734863,12.359999656677246,10.546895980834961,152900,0.0,0.0,FIX
2010-03-29 00:00:00-04:00,12.359999656677246,12.420000076293945,12.270000457763672,12.359999656677246,10.546895980834961,103200,0.0,0.0,FIX
2010-03-30 00:00:00-04:00,12.420000076293945,12.640000343322754,12.300000190734863,12.539999961853027,10.700491905212402,128300,0.0,0.0,FIX
2010-03-31 00:00:00-04:00,12.460000038146973,12.789999961853027,12.460000038146973,12.489999771118164,10.657829284667969,224300,0.0,0.0,FIX
2010-04-01 00:00:00-04:00,12.65999984741211,12.84000015258789,12.5,12.579999923706055,10.734622955322266,153100,0.0,0.0,FIX
2010-04-05 00:00:00-04:00,12.579999923706055,13.0,12.510000228881836,13.0,11.093018531799316,137400,0.0,0.0,FIX
2010-04-06 00:00:00-04:00,12.890000343322754,13.020000457763672,12.800000190734863,12.829999923706055,10.947957992553711,120700,0.0,0.0,FIX
2010-04-07 00:00:00-04:00,12.75,13.079999923706055,12.699999809265137,13.0600004196167,11.14421558380127,154700,0.0,0.0,FIX
2010-04-08 00:00:00-04:00,12.979999542236328,13.010000228881836,12.899999618530273,12.90999984741211,11.016218185424805,79600,0.0,0.0,FIX
2010-04-09 00:00:00-04:00,12.890000343322754,13.020000457763672,12.890000343322754,12.930000305175781,11.033284187316895,75300,0.0,0.0,FIX
2010-04-12 00:00:00-04:00,12.90999984741211,13.050000190734863,12.869999885559082,12.979999542236328,11.075952529907227,198100,0.0,0.0,FIX
2010-04-13 00:00:00-04:00,12.90999984741211,12.960000038146973,12.800000190734863,12.84000015258789,10.956490516662598,190500,0.0,0.0,FIX
2010-04-14 00:00:00-04:00,12.869999885559082,12.979999542236328,12.800000190734863,12.949999809265137,11.050352096557617,183900,0.0,0.0,FIX
2010-04-15 00:00:00-04:00,12.890000343322754,13.09000015258789,12.869999885559082,13.0600004196167,11.14421558380127,424900,0.0,0.0,FIX
2010-04-16 00:00:00-04:00,13.079999923706055,13.149999618530273,12.890000343322754,13.079999923706055,11.161282539367676,172600,0.0,0.0,FIX
2010-04-19 00:00:00-04:00,12.989999771118164,13.149999618530273,12.800000190734863,13.010000228881836,11.101548194885254,156700,0.0,0.0,FIX
2010-04-20 00:00:00-04:00,12.979999542236328,13.300000190734863,12.979999542236328,13.25,11.306344032287598,142500,0.0,0.0,FIX
2010-04-21 00:00:00-04:00,13.239999771118164,13.300000190734863,13.09000015258789,13.279999732971191,11.33194637298584,119800,0.0,0.0,FIX
2010-04-22 00:00:00-04:00,13.119999885559082,13.399999618530273,13.119999885559082,13.359999656677246,11.400211334228516,208800,0.0,0.0,FIX
2010-04-23 00:00:00-04:00,13.359999656677246,13.920000076293945,13.350000381469727,13.899999618530273,11.860997200012207,202600,0.0,0.0,FIX
2010-04-26 00:00:00-04:00,13.920000076293945,13.960000038146973,13.720000267028809,13.920000076293945,11.878060340881348,252300,0.0,0.0,FIX
2010-04-27 00:00:00-04:00,13.899999618530273,14.289999961853027,13.800000190734863,13.960000038146973,11.912195205688477,296000,0.0,0.0,FIX
2010-04-28 00:00:00-04:00,14.010000228881836,14.15999984741211,13.899999618530273,14.079999923706055,12.014589309692383,169800,0.0,0.0,FIX
2010-04-29 00:00:00-04:00,14.210000038146973,14.479999542236328,14.069999694824219,14.479999542236328,12.355913162231445,167900,0.0,0.0,FIX
2010-04-30 00:00:00-04:00,14.4399995803833,14.5,14.069999694824219,14.079999923706055,12.014589309692383,352800,0.0,0.0,FIX
2010-05-03 00:00:00-04:00,14.210000038146973,14.40999984741211,14.039999961853027,14.380000114440918,12.27058219909668,180600,0.0,0.0,FIX
2010-05-04 00:00:00-04:00,14.149999618530273,14.380000114440918,13.949999809265137,14.199999809265137,12.116989135742188,445400,0.0,0.0,FIX
2010-05-05 00:00:00-04:00,13.380000114440918,13.380000114440918,11.75,12.100000381469727,10.325042724609375,1227800,0.0,0.0,FIX
2010-05-06 00:00:00-04:00,11.850000381469727,11.9399995803833,11.140000343322754,11.300000190734863,9.6423921585083,741300,0.0,0.0,FIX
2010-05-07 00:00:00-04:00,11.1899995803833,11.5600004196167,10.859999656677246,10.930000305175781,9.326668739318848,659700,0.0,0.0,FIX
2010-05-10 00:00:00-04:00,11.34000015258789,11.449999809265137,11.0,11.100000381469727,9.471729278564453,430100,0.0,0.0,FIX
2010-05-11 00:00:00-04:00,10.960000038146973,11.420000076293945,10.899999618530273,11.210000038146973,9.565598487854004,471000,0.0,0.0,FIX
2010-05-12 00:00:00-04:00,11.229999542236328,12.039999961853027,11.119999885559082,11.960000038146973,10.205574989318848,303500,0.0,0.0,FIX
2010-05-13 00:00:00-04:00,11.869999885559082,12.020000457763672,11.489999771118164,11.6899995803833,9.97518253326416,177100,0.0,0.0,FIX
2010-05-14 00:00:00-04:00,11.630000114440918,11.630000114440918,11.15999984741211,11.479999542236328,9.795987129211426,323000,0.0,0.0,FIX
2010-05-17 00:00:00-04:00,11.579999923706055,11.920000076293945,11.359999656677246,11.890000343322754,10.145844459533691,314400,0.0,0.0,FIX
2010-05-18 00:00:00-04:00,12.069999694824219,12.149999618530273,11.479999542236328,11.529999732971191,9.83864974975586,188500,0.0,0.0,FIX
2010-05-19 00:00:00-04:00,11.460000038146973,11.579999923706055,11.109999656677246,11.229999542236328,9.582662582397461,218600,0.0,0.0,FIX
2010-05-20 00:00:00-04:00,11.010000228881836,11.15999984741211,10.789999961853027,10.84000015258789,9.249873161315918,345900,0.0,0.0,FIX
2010-05-21 00:00:00-04:00,10.729999542236328,11.100000381469727,10.640000343322754,10.899999618530273,9.301067352294922,344100,0.0,0.0,FIX
2010-05-24 00:00:00-04:00,10.859999656677246,10.960000038146973,10.59000015258789,10.619999885559082,9.062142372131348,116200,0.0,0.0,FIX
2010-05-25 00:00:00-04:00,10.420000076293945,10.579999923706055,10.229999542236328,10.539999961853027,8.993878364562988,130100,0.0,0.0,FIX
2010-05-26 00:00:00-04:00,10.520000457763672,10.75,10.279999732971191,10.319999694824219,8.848124504089355,201800,0.05,0.0,FIX
2010-05-27 00:00:00-04:00,10.5600004196167,11.0600004196167,10.489999771118164,11.020000457763672,9.448286056518555,245600,0.0,0.0,FIX
2010-05-28 00:00:00-04:00,10.930000305175781,11.15999984741211,10.829999923706055,11.020000457763672,9.448286056518555,212200,0.0,0.0,FIX
2010-06-01 00:00:00-04:00,10.75,10.880000114440918,10.369999885559082,10.390000343322754,8.908140182495117,405000,0.0,0.0,FIX
2010-06-02 00:00:00-04:00,10.369999885559082,10.529999732971191,10.25,10.359999656677246,8.882418632507324,600500,0.0,0.0,FIX
2010-06-03 00:00:00-04:00,10.460000038146973,10.670000076293945,10.329999923706055,10.4399995803833,8.951010704040527,310300,0.0,0.0,FIX
2010-06-04 00:00:00-04:00,10.3100004196167,10.3100004196167,9.869999885559082,9.920000076293945,8.505168914794922,234700,0.0,0.0,FIX
2010-06-07 00:00:00-04:00,9.899999618530273,10.09000015258789,9.65999984741211,9.65999984741211,8.282254219055176,210700,0.0,0.0,FIX
2010-06-08 00:00:00-04:00,9.75,10.270000457763672,9.670000076293945,10.0600004196167,8.625204086303711,617200,0.0,0.0,FIX
2010-06-09 00:00:00-04:00,10.199999809265137,10.3100004196167,9.989999771118164,10.100000381469727,8.659500122070312,518500,0.0,0.0,FIX
2010-06-10 00:00:00-04:00,10.3100004196167,10.390000343322754,10.079999923706055,10.359999656677246,8.882418632507324,181500,0.0,0.0,FIX
2010-06-11 00:00:00-04:00,10.229999542236328,10.6899995803833,10.229999542236328,10.609999656677246,9.096761703491211,189400,0.0,0.0,FIX
2010-06-14 00:00:00-04:00,10.670000076293945,10.84000015258789,10.369999885559082,10.40999984741211,8.925287246704102,128000,0.0,0.0,FIX
2010-06-15 00:00:00-04:00,10.40999984741211,10.800000190734863,10.359999656677246,10.75,9.216796875,143500,0.0,0.0,FIX
2010-06-16 00:00:00-04:00,10.619999885559082,10.729999542236328,10.529999732971191,10.59000015258789,9.079612731933594,86500,0.0,0.0,FIX
2010-06-17 00:00:00-04:00,10.59000015258789,10.609999656677246,10.34000015258789,10.460000038146973,8.968152046203613,662800,0.0,0.0,FIX
2010-06-18 00:00:00-04:00,10.550000190734863,10.710000038146973,10.449999809265137,10.550000190734863,9.045323371887207,211200,0.0,0.0,FIX
2010-06-21 00:00:00-04:00,10.720000267028809,10.789999961853027,10.369999885559082,10.5,9.00245189666748,351200,0.0,0.0,FIX
2010-06-22 00:00:00-04:00,10.5,10.640000343322754,10.300000190734863,10.350000381469727,8.873846054077148,456000,0.0,0.0,FIX
2010-06-23 00:00:00-04:00,10.300000190734863,10.630000114440918,10.210000038146973,10.5,9.00245189666748,291500,0.0,0.0,FIX
2010-06-24 00:00:00-04:00,10.380000114440918,10.5600004196167,10.109999656677246,10.119999885559082,8.676648139953613,191800,0.0,0.0,FIX
2010-06-25 00:00:00-04:00,10.170000076293945,10.59000015258789,9.930000305175781,10.40999984741211,8.925287246704102,443700,0.0,0.0,FIX
2010-06-28 00:00:00-04:00,10.399999618530273,10.529999732971191,10.220000267028809,10.319999694824219,8.848124504089355,154400,0.0,0.0,FIX
2010-06-29 00:00:00-04:00,10.130000114440918,10.130000114440918,9.84000015258789,9.9399995803833,8.522323608398438,168100,0.0,0.0,FIX
2010-06-30 00:00:00-04:00,9.949999809265137,10.100000381469727,9.59000015258789,9.65999984741211,8.282254219055176,249500,0.0,0.0,FIX
2010-07-01 00:00:00-04:00,9.680000305175781,9.859999656677246,9.510000228881836,9.800000190734863,8.4022855758667,210500,0.0,0.0,FIX
2010-07-02 00:00:00-04:00,9.859999656677246,9.949999809265137,9.699999809265137,9.850000381469727,8.445154190063477,138100,0.0,0.0,FIX
2010-07-06 00:00:00-04:00,9.930000305175781,10.09000015258789,9.640000343322754,9.6899995803833,8.30797290802002,192800,0.0,0.0,FIX
2010-07-07 00:00:00-04:00,9.770000457763672,10.069999694824219,9.75,10.069999694824219,8.633774757385254,184200,0.0,0.0,FIX
2010-07-08 00:00:00-04:00,10.180000305175781,10.289999961853027,10.020000457763672,10.260000228881836,8.79667854309082,72300,0.0,0.0,FIX
2010-07-09 00:00:00-04:00,10.210000038146973,10.380000114440918,10.100000381469727,10.359999656677246,8.882418632507324,77000,0.0,0.0,FIX
2010-07-12 00:00:00-04:00,10.289999961853027,10.489999771118164,10.069999694824219,10.1899995803833,8.736663818359375,80900,0.0,0.0,FIX
2010-07-13 00:00:00-04:00,10.359999656677246,10.510000228881836,10.270000457763672,10.449999809265137,8.95958423614502,172000,0.0,0.0,FIX
2010-07-14 00:00:00-04:00,10.380000114440918,10.380000114440918,10.149999618530273,10.289999961853027,8.822402000427246,59000,0.0,0.0,FIX
2010-07-15 00:00:00-04:00,10.3100004196167,10.319999694824219,10.0,10.25,8.788107872009277,105700,0.0,0.0,FIX
2010-07-16 00:00:00-04:00,10.229999542236328,10.25,9.760000228881836,9.779999732971191,8.385141372680664,177800,0.0,0.0,FIX
2010-07-19 00:00:00-04:00,9.800000190734863,10.020000457763672,9.6899995803833,9.989999771118164,8.565190315246582,139700,0.0,0.0,FIX
2010-07-20 00:00:00-04:00,9.850000381469727,10.180000305175781,9.800000190734863,10.15999984741211,8.710939407348633,128400,0.0,0.0,FIX
2010-07-21 00:00:00-04:00,10.260000228881836,10.270000457763672,10.039999961853027,10.180000305175781,8.728093147277832,165500,0.0,0.0,FIX
2010-07-22 00:00:00-04:00,10.350000381469727,10.630000114440918,10.34000015258789,10.600000381469727,9.088186264038086,189700,0.0,0.0,FIX
2010-07-23 00:00:00-04:00,10.520000457763672,10.989999771118164,10.510000228881836,10.970000267028809,9.405416488647461,242300,0.0,0.0,FIX
2010-07-26 00:00:00-04:00,11.039999961853027,11.369999885559082,11.0,11.270000457763672,9.66263198852539,217500,0.0,0.0,FIX
2010-07-27 00:00:00-04:00,11.390000343322754,11.710000038146973,11.300000190734863,11.520000457763672,9.87697696685791,253300,0.0,0.0,FIX
2010-07-28 00:00:00-04:00,11.510000228881836,11.59000015258789,11.430000305175781,11.520000457763672,9.87697696685791,196900,0.0,0.0,FIX
2010-07-29 00:00:00-04:00,11.649999618530273,11.649999618530273,11.380000114440918,11.460000038146973,9.825533866882324,165200,0.0,0.0,FIX
2010-07-30 00:00:00-04:00,11.239999771118164,11.5600004196167,11.199999809265137,11.40999984741211,9.782662391662598,152000,0.0,0.0,FIX
2010-08-02 00:00:00-04:00,11.59000015258789,11.760000228881836,11.449999809265137,11.760000228881836,10.082747459411621,190800,0.0,0.0,FIX
2010-08-03 00:00:00-04:00,11.739999771118164,11.9399995803833,11.319999694824219,11.680000305175781,10.01416015625,211100,0.0,0.0,FIX
2010-08-04 00:00:00-04:00,11.739999771118164,11.829999923706055,11.510000228881836,11.619999885559082,9.962709426879883,202500,0.0,0.0,FIX
2010-08-05 00:00:00-04:00,11.520000457763672,11.609999656677246,11.449999809265137,11.470000267028809,9.8341064453125,112600,0.0,0.0,FIX
2010-08-06 00:00:00-04:00,11.270000457763672,11.520000457763672,11.109999656677246,11.350000381469727,9.731221199035645,154100,0.0,0.0,FIX
2010-08-09 00:00:00-04:00,11.390000343322754,11.539999961853027,11.319999694824219,11.5,9.859827041625977,110100,0.0,0.0,FIX
2010-08-10 00:00:00-04:00,11.329999923706055,11.34000015258789,10.9399995803833,11.130000114440918,9.542594909667969,111200,0.0,0.0,FIX
2010-08-11 00:00:00-04:00,10.880000114440918,10.890000343322754,10.449999809265137,10.520000457763672,9.019599914550781,193300,0.0,0.0,FIX
2010-08-12 00:00:00-04:00,10.289999961853027,10.579999923706055,10.210000038146973,10.5,9.00245189666748,145800,0.0,0.0,FIX
2010-08-13 00:00:00-04:00,10.430000305175781,10.430000305175781,10.130000114440918,10.229999542236328,8.77095890045166,126900,0.0,0.0,FIX
2010-08-16 00:00:00-04:00,10.149999618530273,10.510000228881836,10.0,10.510000228881836,9.011024475097656,166900,0.0,0.0,FIX
2010-08-17 00:00:00-04:00,10.65999984741211,10.84000015258789,10.640000343322754,10.6899995803833,9.165349960327148,216500,0.0,0.0,FIX
2010-08-18 00:00:00-04:00,10.65999984741211,10.880000114440918,10.59000015258789,10.739999771118164,9.208223342895508,99700,0.0,0.0,FIX
2010-08-19 00:00:00-04:00,10.670000076293945,10.670000076293945,10.420000076293945,10.470000267028809,8.976728439331055,131000,0.0,0.0,FIX
2010-08-20 00:00:00-04:00,10.390000343322754,10.489999771118164,10.239999771118164,10.479999542236328,8.98530101776123,168600,0.0,0.0,FIX
2010-08-23 00:00:00-04:00,10.550000190734863,10.6899995803833,10.34000015258789,10.369999885559082,8.890989303588867,191100,0.0,0.0,FIX
2010-08-24 00:00:00-04:00,10.199999809265137,10.539999961853027,10.180000305175781,10.380000114440918,8.899566650390625,224200,0.0,0.0,FIX
2010-08-25 00:00:00-04:00,10.300000190734863,10.520000457763672,10.289999961853027,10.5,9.00245189666748,165500,0.0,0.0,FIX
2010-08-26 00:00:00-04:00,10.529999732971191,10.579999923706055,10.350000381469727,10.399999618530273,8.916711807250977,103500,0.0,0.0,FIX
2010-08-27 00:00:00-04:00,10.5,10.720000267028809,10.380000114440918,10.720000267028809,9.23547649383545,99600,0.05,0.0,FIX
2010-08-30 00:00:00-04:00,10.680000305175781,10.710000038146973,10.520000457763672,10.550000190734863,9.089018821716309,134600,0.0,0.0,FIX
2010-08-31 00:00:00-04:00,10.510000228881836,10.739999771118164,10.369999885559082,10.430000305175781,8.985635757446289,126800,0.0,0.0,FIX
2010-09-01 00:00:00-04:00,10.619999885559082,10.920000076293945,10.460000038146973,10.920000076293945,9.4077787399292,150600,0.0,0.0,FIX
2010-09-02 00:00:00-04:00,10.869999885559082,10.930000305175781,10.729999542236328,10.859999656677246,9.356085777282715,77500,0.0,0.0,FIX
2010-09-03 00:00:00-04:00,11.010000228881836,11.069999694824219,10.779999732971191,11.010000228881836,9.485320091247559,100400,0.0,0.0,FIX
2010-09-07 00:00:00-04:00,10.970000267028809,11.069999694824219,10.789999961853027,10.8100004196167,9.313014030456543,93400,0.0,0.0,FIX
2010-09-08 00:00:00-04:00,10.819999694824219,10.979999542236328,10.680000305175781,10.770000457763672,9.278547286987305,163000,0.0,0.0,FIX
2010-09-09 00:00:00-04:00,10.949999809265137,10.949999809265137,10.550000190734863,10.75,9.261322975158691,115400,0.0,0.0,FIX
2010-09-10 00:00:00-04:00,10.819999694824219,10.880000114440918,10.600000381469727,10.699999809265137,9.218242645263672,84400,0.0,0.0,FIX
2010-09-13 00:00:00-04:00,10.770000457763672,11.0,10.6899995803833,10.960000038146973,9.442242622375488,157200,0.0,0.0,FIX
2010-09-14 00:00:00-04:00,10.90999984741211,10.989999771118164,10.760000228881836,10.920000076293945,9.4077787399292,96400,0.0,0.0,FIX
2010-09-15 00:00:00-04:00,10.850000381469727,11.0,10.84000015258789,10.90999984741211,9.399162292480469,136700,0.0,0.0,FIX
2010-09-16 00:00:00-04:00,10.869999885559082,10.869999885559082,10.5600004196167,10.600000381469727,9.13209056854248,171200,0.0,0.0,FIX
2010-09-17 00:00:00-04:00,10.65999984741211,10.65999984741211,10.380000114440918,10.5,9.045939445495605,279500,0.0,0.0,FIX
2010-09-20 00:00:00-04:00,10.5,10.710000038146973,10.399999618530273,10.600000381469727,9.13209056854248,290800,0.0,0.0,FIX
2010-09-21 00:00:00-04:00,10.609999656677246,10.640000343322754,10.539999961853027,10.539999961853027,9.080402374267578,198100,0.0,0.0,FIX
2010-09-22 00:00:00-04:00,10.529999732971191,10.579999923706055,10.449999809265137,10.510000228881836,9.054558753967285,256800,0.0,0.0,FIX
2010-09-23 00:00:00-04:00,10.399999618530273,10.5,10.34000015258789,10.399999618530273,8.959790229797363,282500,0.0,0.0,FIX
2010-09-24 00:00:00-04:00,10.579999923706055,10.579999923706055,10.5,10.579999923706055,9.114862442016602,194200,0.0,0.0,FIX
2010-09-27 00:00:00-04:00,10.600000381469727,10.619999885559082,10.4399995803833,10.479999542236328,9.02871322631836,127100,0.0,0.0,FIX
2010-09-28 00:00:00-04:00,10.539999961853027,10.619999885559082,10.319999694824219,10.609999656677246,9.140707015991211,316200,0.0,0.0,FIX
2010-09-29 00:00:00-04:00,10.539999961853027,10.729999542236328,10.539999961853027,10.720000267028809,9.23547649383545,124200,0.0,0.0,FIX
2010-09-30 00:00:00-04:00,10.829999923706055,10.880000114440918,10.550000190734863,10.729999542236328,9.24409008026123,110100,0.0,0.0,FIX
2010-10-01 00:00:00-04:00,10.84000015258789,10.859999656677246,10.680000305175781,10.800000190734863,9.304396629333496,149500,0.0,0.0,FIX
2010-10-04 00:00:00-04:00,10.75,10.819999694824219,10.649999618530273,10.6899995803833,9.209628105163574,153000,0.0,0.0,FIX
2010-10-05 00:00:00-04:00,10.829999923706055,10.90999984741211,10.6899995803833,10.859999656677246,9.356085777282715,185800,0.0,0.0,FIX
2010-10-06 00:00:00-04:00,10.8100004196167,10.960000038146973,10.789999961853027,10.960000038146973,9.442242622375488,114800,0.0,0.0,FIX
2010-10-07 00:00:00-04:00,11.020000457763672,11.09000015258789,10.930000305175781,10.970000267028809,9.450850486755371,118800,0.0,0.0,FIX
2010-10-08 00:00:00-04:00,11.010000228881836,11.260000228881836,10.880000114440918,11.210000038146973,9.65761947631836,110100,0.0,0.0,FIX
2010-10-11 00:00:00-04:00,11.199999809265137,11.239999771118164,11.069999694824219,11.15999984741211,9.614543914794922,118500,0.0,0.0,FIX
2010-10-12 00:00:00-04:00,11.09000015258789,11.199999809265137,10.930000305175781,11.15999984741211,9.614543914794922,203300,0.0,0.0,FIX
2010-10-13 00:00:00-04:00,11.229999542236328,11.359999656677246,11.079999923706055,11.149999618530273,9.605927467346191,244600,0.0,0.0,FIX
2010-10-14 00:00:00-04:00,11.170000076293945,11.260000228881836,11.100000381469727,11.25,9.692081451416016,144500,0.0,0.0,FIX
2010-10-15 00:00:00-04:00,11.390000343322754,11.399999618530273,11.170000076293945,11.239999771118164,9.683467864990234,133900,0.0,0.0,FIX
2010-10-18 00:00:00-04:00,11.270000457763672,11.380000114440918,11.210000038146973,11.359999656677246,9.786847114562988,59200,0.0,0.0,FIX
2010-10-19 00:00:00-04:00,11.15999984741211,11.399999618530273,10.930000305175781,10.979999542236328,9.459471702575684,99100,0.0,0.0,FIX
2010-10-20 00:00:00-04:00,11.0600004196167,11.229999542236328,11.0,11.079999923706055,9.545624732971191,72200,0.0,0.0,FIX
2010-10-21 00:00:00-04:00,11.15999984741211,11.420000076293945,10.920000076293945,11.40999984741211,9.82992172241211,164000,0.0,0.0,FIX
2010-10-22 00:00:00-04:00,11.460000038146973,11.539999961853027,11.34000015258789,11.40999984741211,9.82992172241211,107200,0.0,0.0,FIX
2010-10-25 00:00:00-04:00,11.510000228881836,11.65999984741211,11.380000114440918,11.449999809265137,9.864380836486816,143800,0.0,0.0,FIX
2010-10-26 00:00:00-04:00,11.350000381469727,11.479999542236328,11.220000267028809,11.40999984741211,9.82992172241211,100500,0.0,0.0,FIX
2010-10-27 00:00:00-04:00,11.300000190734863,11.350000381469727,11.140000343322754,11.300000190734863,9.735154151916504,132100,0.0,0.0,FIX
2010-10-28 00:00:00-04:00,11.399999618530273,11.40999984741211,11.180000305175781,11.380000114440918,9.804079055786133,102600,0.0,0.0,FIX
2010-10-29 00:00:00-04:00,11.319999694824219,11.510000228881836,11.279999732971191,11.449999809265137,9.864380836486816,88900,0.0,0.0,FIX
2010-11-01 00:00:00-04:00,11.460000038146973,11.680000305175781,11.15999984741211,11.359999656677246,9.786847114562988,133000,0.0,0.0,FIX
2010-11-02 00:00:00-04:00,11.510000228881836,11.65999984741211,11.479999542236328,11.579999923706055,9.976380348205566,120100,0.0,0.0,FIX
2010-11-03 00:00:00-04:00,11.630000114440918,11.680000305175781,10.569999694824219,10.680000305175781,9.201016426086426,642800,0.0,0.0,FIX
2010-11-04 00:00:00-04:00,10.859999656677246,11.199999809265137,10.850000381469727,11.130000114440918,9.58869743347168,247200,0.0,0.0,FIX
2010-11-05 00:00:00-04:00,11.180000305175781,11.399999618530273,11.069999694824219,11.369999885559082,9.795462608337402,178100,0.0,0.0,FIX
2010-11-08 00:00:00-05:00,11.15999984741211,11.279999732971191,11.069999694824219,11.229999542236328,9.67485237121582,122000,0.0,0.0,FIX
2010-11-09 00:00:00-05:00,11.260000228881836,11.350000381469727,11.130000114440918,11.270000457763672,9.70931339263916,143400,0.0,0.0,FIX
2010-11-10 00:00:00-05:00,11.319999694824219,11.529999732971191,11.180000305175781,11.510000228881836,9.9160737991333,179600,0.0,0.0,FIX
2010-11-11 00:00:00-05:00,11.359999656677246,11.569999694824219,11.34000015258789,11.460000038146973,9.872997283935547,204300,0.0,0.0,FIX
2010-11-12 00:00:00-05:00,11.319999694824219,11.350000381469727,11.15999984741211,11.260000228881836,9.70069408416748,86700,0.0,0.0,FIX
2010-11-15 00:00:00-05:00,11.319999694824219,11.479999542236328,11.180000305175781,11.350000381469727,9.77823257446289,124700,0.0,0.0,FIX
2010-11-16 00:00:00-05:00,11.279999732971191,11.289999961853027,10.960000038146973,11.050000190734863,9.519781112670898,131100,0.0,0.0,FIX
2010-11-17 00:00:00-05:00,11.069999694824219,11.069999694824219,10.850000381469727,10.880000114440918,9.373316764831543,68000,0.0,0.0,FIX
2010-11-18 00:00:00-05:00,11.029999732971191,11.180000305175781,10.960000038146973,11.0600004196167,9.528389930725098,79100,0.0,0.0,FIX
2010-11-19 00:00:00-05:00,11.0,11.25,10.970000267028809,11.210000038146973,9.65761947631836,70100,0.0,0.0,FIX
2010-11-22 00:00:00-05:00,11.15999984741211,11.1899995803833,10.899999618530273,11.109999656677246,9.57146167755127,50200,0.0,0.0,FIX
2010-11-23 00:00:00-05:00,10.9399995803833,11.199999809265137,10.890000343322754,11.130000114440918,9.58869743347168,62200,0.0,0.0,FIX
2010-11-24 00:00:00-05:00,11.260000228881836,11.489999771118164,11.239999771118164,11.380000114440918,9.804079055786133,102500,0.0,0.0,FIX
2010-11-26 00:00:00-05:00,11.239999771118164,11.420000076293945,11.199999809265137,11.350000381469727,9.821385383605957,18300,0.05,0.0,FIX
2010-11-29 00:00:00-05:00,11.260000228881836,11.430000305175781,11.050000190734863,11.390000343322754,9.855996131896973,60900,0.0,0.0,FIX
2010-11-30 00:00:00-05:00,11.239999771118164,11.239999771118164,11.069999694824219,11.149999618530273,9.648320198059082,137200,0.0,0.0,FIX
2010-12-01 00:00:00-05:00,11.380000114440918,11.710000038146973,11.329999923706055,11.710000038146973,10.132903099060059,127200,0.0,0.0,FIX
2010-12-02 00:00:00-05:00,11.699999809265137,11.920000076293945,11.630000114440918,11.90999984741211,10.305961608886719,120600,0.0,0.0,FIX
2010-12-03 00:00:00-05:00,11.8100004196167,12.100000381469727,11.75,12.0600004196167,10.435761451721191,154600,0.0,0.0,FIX
2010-12-06 00:00:00-05:00,12.010000228881836,12.180000305175781,11.890000343322754,12.170000076293945,10.530943870544434,86500,0.0,0.0,FIX
2010-12-07 00:00:00-05:00,12.270000457763672,12.399999618530273,12.09000015258789,12.170000076293945,10.530943870544434,111200,0.0,0.0,FIX
2010-12-08 00:00:00-05:00,12.210000038146973,12.390000343322754,12.210000038146973,12.25,10.600172996520996,86700,0.0,0.0,FIX
2010-12-09 00:00:00-05:00,12.369999885559082,12.380000114440918,12.180000305175781,12.270000457763672,10.61748218536377,112800,0.0,0.0,FIX
2010-12-10 00:00:00-05:00,12.319999694824219,12.5,12.15999984741211,12.359999656677246,10.695355415344238,88700,0.0,0.0,FIX
2010-12-13 00:00:00-05:00,12.399999618530273,12.430000305175781,12.130000114440918,12.229999542236328,10.582864761352539,155000,0.0,0.0,FIX
2010-12-14 00:00:00-05:00,12.300000190734863,12.479999542236328,12.289999961853027,12.390000343322754,10.721318244934082,109200,0.0,0.0,FIX
2010-12-15 00:00:00-05:00,12.399999618530273,12.550000190734863,12.329999923706055,12.420000076293945,10.747273445129395,135200,0.0,0.0,FIX
2010-12-16 00:00:00-05:00,12.430000305175781,12.649999618530273,12.350000381469727,12.569999694824219,10.877074241638184,98900,0.0,0.0,FIX
2010-12-17 00:00:00-05:00,12.569999694824219,12.8100004196167,12.489999771118164,12.8100004196167,11.084750175476074,286000,0.0,0.0,FIX
2010-12-20 00:00:00-05:00,12.850000381469727,12.989999771118164,12.729999542236328,12.8100004196167,11.084750175476074,117900,0.0,0.0,FIX
2010-12-21 00:00:00-05:00,12.890000343322754,12.989999771118164,12.819999694824219,12.989999771118164,11.240509986877441,62500,0.0,0.0,FIX
2010-12-22 00:00:00-05:00,13.0,13.15999984741211,12.880000114440918,13.0600004196167,11.301081657409668,76600,0.0,0.0,FIX
2010-12-23 00:00:00-05:00,13.039999961853027,13.3100004196167,13.039999961853027,13.1899995803833,11.413572311401367,57600,0.0,0.0,FIX
2010-12-27 00:00:00-05:00,13.199999809265137,13.5,13.149999618530273,13.390000343322754,11.586636543273926,40000,0.0,0.0,FIX
2010-12-28 00:00:00-05:00,13.4399995803833,13.4399995803833,13.220000267028809,13.359999656677246,11.56067943572998,56500,0.0,0.0,FIX
2010-12-29 00:00:00-05:00,13.380000114440918,13.4399995803833,13.260000228881836,13.3100004196167,11.517411231994629,25100,0.0,0.0,FIX
2010-12-30 00:00:00-05:00,13.279999732971191,13.899999618530273,13.279999732971191,13.319999694824219,11.526065826416016,93300,0.0,0.0,FIX
2010-12-31 00:00:00-05:00,13.260000228881836,13.420000076293945,13.140000343322754,13.170000076293945,11.39626693725586,80700,0.0,0.0,FIX
2011-01-03 00:00:00-05:00,13.260000228881836,13.65999984741211,13.0600004196167,13.489999771118164,11.673171043395996,114200,0.0,0.0,FIX
2011-01-04 00:00:00-05:00,13.489999771118164,13.489999771118164,12.90999984741211,13.029999732971191,11.275121688842773,87700,0.0,0.0,FIX
2011-01-05 00:00:00-05:00,12.989999771118164,13.149999618530273,12.869999885559082,13.140000343322754,11.370306968688965,68000,0.0,0.0,FIX
2011-01-06 00:00:00-05:00,13.170000076293945,13.170000076293945,12.789999961853027,13.010000228881836,11.257814407348633,123100,0.0,0.0,FIX
2011-01-07 00:00:00-05:00,13.0600004196167,13.100000381469727,12.630000114440918,12.850000381469727,11.119364738464355,52100,0.0,0.0,FIX
2011-01-10 00:00:00-05:00,12.739999771118164,12.850000381469727,12.569999694824219,12.65999984741211,10.954952239990234,96500,0.0,0.0,FIX
2011-01-11 00:00:00-05:00,12.729999542236328,13.0,12.670000076293945,12.75,11.032830238342285,39500,0.0,0.0,FIX
2011-01-12 00:00:00-05:00,12.90999984741211,13.1899995803833,12.829999923706055,13.079999923706055,11.31838607788086,57900,0.0,0.0,FIX
2011-01-13 00:00:00-05:00,13.100000381469727,13.100000381469727,12.890000343322754,13.029999732971191,11.275121688842773,57800,0.0,0.0,FIX
2011-01-14 00:00:00-05:00,13.020000457763672,13.380000114440918,12.960000038146973,13.319999694824219,11.526065826416016,51200,0.0,0.0,FIX
2011-01-18 00:00:00-05:00,13.260000228881836,13.3100004196167,13.050000190734863,13.229999542236328,11.448183059692383,65500,0.0,0.0,FIX
2011-01-19 00:00:00-05:00,13.1899995803833,13.289999961853027,12.579999923706055,12.59000015258789,10.894379615783691,92100,0.0,0.0,FIX
2011-01-20 00:00:00-05:00,12.510000228881836,12.630000114440918,12.279999732971191,12.289999961853027,10.634782791137695,117600,0.0,0.0,FIX
2011-01-21 00:00:00-05:00,12.350000381469727,12.390000343322754,12.079999923706055,12.119999885559082,10.487678527832031,122700,0.0,0.0,FIX
2011-01-24 00:00:00-05:00,12.09000015258789,12.65999984741211,12.09000015258789,12.640000343322754,10.937649726867676,48400,0.0,0.0,FIX
2011-01-25 00:00:00-05:00,12.520000457763672,12.819999694824219,12.449999809265137,12.8100004196167,11.084750175476074,94300,0.0,0.0,FIX
2011-01-26 00:00:00-05:00,12.880000114440918,13.470000267028809,12.880000114440918,13.369999885559082,11.569331169128418,96900,0.0,0.0,FIX
2011-01-27 00:00:00-05:00,13.319999694824219,13.34000015258789,13.119999885559082,13.15999984741211,11.387613296508789,91600,0.0,0.0,FIX
2011-01-28 00:00:00-05:00,13.100000381469727,13.15999984741211,12.65999984741211,12.75,11.032830238342285,190200,0.0,0.0,FIX
2011-01-31 00:00:00-05:00,12.819999694824219,12.890000343322754,12.680000305175781,12.729999542236328,11.015527725219727,158500,0.0,0.0,FIX
2011-02-01 00:00:00-05:00,12.819999694824219,12.989999771118164,12.739999771118164,12.970000267028809,11.223199844360352,210700,0.0,0.0,FIX
2011-02-02 00:00:00-05:00,12.899999618530273,13.020000457763672,12.899999618530273,13.010000228881836,11.257814407348633,74500,0.0,0.0,FIX
2011-02-03 00:00:00-05:00,13.029999732971191,13.029999732971191,12.670000076293945,12.920000076293945,11.179938316345215,65400,0.0,0.0,FIX
2011-02-04 00:00:00-05:00,12.90999984741211,13.0,12.779999732971191,12.90999984741211,11.171281814575195,88800,0.0,0.0,FIX
2011-02-07 00:00:00-05:00,12.880000114440918,13.180000305175781,12.880000114440918,13.100000381469727,11.335695266723633,98900,0.0,0.0,FIX
2011-02-08 00:00:00-05:00,13.050000190734863,13.109999656677246,12.949999809265137,13.020000457763672,11.266468048095703,87700,0.0,0.0,FIX
2011-02-09 00:00:00-05:00,12.930000305175781,13.079999923706055,12.84000015258789,12.949999809265137,11.205896377563477,157500,0.0,0.0,FIX
2011-02-10 00:00:00-05:00,12.829999923706055,12.960000038146973,12.720000267028809,12.770000457763672,11.050139427185059,78200,0.0,0.0,FIX
2011-02-11 00:00:00-05:00,12.729999542236328,12.819999694824219,12.59000015258789,12.819999694824219,11.093406677246094,62500,0.0,0.0,FIX
2011-02-14 00:00:00-05:00,12.779999732971191,12.920000076293945,12.779999732971191,12.890000343322754,11.153976440429688,52200,0.0,0.0,FIX
2011-02-15 00:00:00-05:00,12.859999656677246,13.0,12.720000267028809,12.720000267028809,11.006875991821289,132000,0.0,0.0,FIX
2011-02-16 00:00:00-05:00,12.789999961853027,13.010000228881836,12.789999961853027,12.949999809265137,11.205896377563477,57200,0.0,0.0,FIX
2011-02-17 00:00:00-05:00,12.930000305175781,12.970000267028809,12.680000305175781,12.899999618530273,11.162627220153809,74400,0.0,0.0,FIX
2011-02-18 00:00:00-05:00,12.970000267028809,12.989999771118164,12.84000015258789,12.989999771118164,11.240509986877441,79800,0.0,0.0,FIX
2011-02-22 00:00:00-05:00,12.829999923706055,12.920000076293945,12.75,12.800000190734863,11.076096534729004,82100,0.0,0.0,FIX
2011-02-23 00:00:00-05:00,12.770000457763672,12.770000457763672,12.319999694824219,12.399999618530273,10.72996997833252,113000,0.0,0.0,FIX
2011-02-24 00:00:00-05:00,12.4399995803833,12.609999656677246,12.34000015258789,12.5,10.816500663757324,139400,0.0,0.0,FIX
2011-02-25 00:00:00-05:00,12.5600004196167,12.819999694824219,12.470000267028809,12.800000190734863,11.076096534729004,97600,0.0,0.0,FIX
2011-02-28 00:00:00-05:00,12.930000305175781,13.5,12.930000305175781,13.270000457763672,11.482800483703613,191300,0.0,0.0,FIX
2011-03-01 00:00:00-05:00,13.3100004196167,13.449999809265137,12.859999656677246,12.989999771118164,11.240509986877441,237800,0.0,0.0,FIX
2011-03-02 00:00:00-05:00,13.369999885559082,14.25,13.369999885559082,13.75,11.898152351379395,379700,0.0,0.0,FIX
2011-03-03 00:00:00-05:00,13.930000305175781,14.039999961853027,13.84000015258789,13.9399995803833,12.06256103515625,249800,0.0,0.0,FIX
2011-03-04 00:00:00-05:00,13.979999542236328,14.119999885559082,13.779999732971191,13.90999984741211,12.036601066589355,135900,0.0,0.0,FIX
2011-03-07 00:00:00-05:00,13.829999923706055,13.880000114440918,13.350000381469727,13.460000038146973,11.647208213806152,113400,0.0,0.0,FIX
2011-03-08 00:00:00-05:00,13.4399995803833,13.880000114440918,13.369999885559082,13.770000457763672,11.915459632873535,286200,0.0,0.0,FIX
2011-03-09 00:00:00-05:00,13.710000038146973,14.050000190734863,13.680000305175781,14.010000228881836,12.167313575744629,165700,0.05,0.0,FIX
2011-03-10 00:00:00-05:00,13.779999732971191,13.789999961853027,13.34000015258789,13.430000305175781,11.663599014282227,126300,0.0,0.0,FIX
2011-03-11 00:00:00-05:00,13.329999923706055,13.550000190734863,13.210000038146973,13.4399995803833,11.672285079956055,74100,0.0,0.0,FIX
2011-03-14 00:00:00-04:00,13.210000038146973,13.529999732971191,12.949999809265137,13.449999809265137,11.68096923828125,68200,0.0,0.0,FIX
2011-03-15 00:00:00-04:00,13.09000015258789,13.260000228881836,13.039999961853027,13.180000305175781,11.446481704711914,113800,0.0,0.0,FIX
2011-03-16 00:00:00-04:00,13.149999618530273,13.199999809265137,12.829999923706055,12.850000381469727,11.159886360168457,116700,0.0,0.0,FIX
2011-03-17 00:00:00-04:00,13.130000114440918,13.140000343322754,12.90999984741211,12.930000305175781,11.229362487792969,54200,0.0,0.0,FIX
2011-03-18 00:00:00-04:00,13.050000190734863,13.220000267028809,12.9399995803833,13.210000038146973,11.47253704071045,137800,0.0,0.0,FIX
2011-03-21 00:00:00-04:00,13.40999984741211,13.800000190734863,13.40999984741211,13.789999961853027,11.9762544631958,80900,0.0,0.0,FIX
2011-03-22 00:00:00-04:00,13.789999961853027,14.069999694824219,13.720000267028809,14.050000190734863,12.202054977416992,134600,0.0,0.0,FIX
2011-03-23 00:00:00-04:00,14.010000228881836,14.100000381469727,13.789999961853027,14.069999694824219,12.219422340393066,57300,0.0,0.0,FIX
2011-03-24 00:00:00-04:00,14.119999885559082,14.130000114440918,13.800000190734863,13.869999885559082,12.045726776123047,72200,0.0,0.0,FIX
2011-03-25 00:00:00-04:00,13.9399995803833,14.0600004196167,13.720000267028809,13.739999771118164,11.93282699584961,97900,0.0,0.0,FIX
2011-03-28 00:00:00-04:00,13.770000457763672,13.800000190734863,13.489999771118164,13.489999771118164,11.715709686279297,45800,0.0,0.0,FIX
2011-03-29 00:00:00-04:00,13.510000228881836,13.619999885559082,13.09000015258789,13.59000015258789,11.802556991577148,67000,0.0,0.0,FIX
2011-03-30 00:00:00-04:00,13.699999809265137,14.09000015258789,13.619999885559082,14.0,12.158631324768066,83400,0.0,0.0,FIX
2011-03-31 00:00:00-04:00,13.930000305175781,14.069999694824219,13.899999618530273,14.069999694824219,12.219422340393066,133100,0.0,0.0,FIX
2011-04-01 00:00:00-04:00,14.09000015258789,14.229999542236328,13.949999809265137,13.989999771118164,12.149941444396973,224800,0.0,0.0,FIX
2011-04-04 00:00:00-04:00,14.029999732971191,14.210000038146973,13.920000076293945,14.1899995803833,12.323639869689941,94200,0.0,0.0,FIX
2011-04-05 00:00:00-04:00,14.119999885559082,14.399999618530273,14.050000190734863,14.15999984741211,12.297587394714355,79500,0.0,0.0,FIX
2011-04-06 00:00:00-04:00,14.260000228881836,14.359999656677246,14.119999885559082,14.300000190734863,12.419175148010254,49000,0.0,0.0,FIX
2011-04-07 00:00:00-04:00,14.270000457763672,14.40999984741211,14.140000343322754,14.140000343322754,12.280219078063965,43900,0.0,0.0,FIX
2011-04-08 00:00:00-04:00,14.270000457763672,14.270000457763672,13.819999694824219,13.84000015258789,12.01967716217041,59400,0.0,0.0,FIX
2011-04-11 00:00:00-04:00,13.760000228881836,13.770000457763672,13.140000343322754,13.1899995803833,11.455172538757324,318100,0.0,0.0,FIX
2011-04-12 00:00:00-04:00,13.0600004196167,13.100000381469727,12.729999542236328,12.739999771118164,11.064352989196777,143500,0.0,0.0,FIX
2011-04-13 00:00:00-04:00,12.789999961853027,12.789999961853027,12.350000381469727,12.569999694824219,10.916712760925293,141300,0.0,0.0,FIX
2011-04-14 00:00:00-04:00,12.460000038146973,12.90999984741211,12.430000305175781,12.800000190734863,11.116461753845215,67700,0.0,0.0,FIX
2011-04-15 00:00:00-04:00,12.770000457763672,12.84000015258789,12.600000381469727,12.789999961853027,11.107772827148438,159200,0.0,0.0,FIX
2011-04-18 00:00:00-04:00,12.5600004196167,12.640000343322754,12.380000114440918,12.489999771118164,10.847230911254883,66600,0.0,0.0,FIX
2011-04-19 00:00:00-04:00,12.569999694824219,12.65999984741211,12.399999618530273,12.510000228881836,10.864606857299805,49800,0.0,0.0,FIX
2011-04-20 00:00:00-04:00,11.3100004196167,12.420000076293945,11.3100004196167,12.420000076293945,10.786443710327148,427600,0.0,0.0,FIX
2011-04-21 00:00:00-04:00,12.5,12.5,11.90999984741211,11.979999542236328,10.404314994812012,217400,0.0,0.0,FIX
2011-04-25 00:00:00-04:00,12.010000228881836,12.130000114440918,11.979999542236328,12.0,10.421687126159668,65500,0.0,0.0,FIX
2011-04-26 00:00:00-04:00,12.029999732971191,12.390000343322754,12.029999732971191,12.199999809265137,10.595376014709473,94900,0.0,0.0,FIX
2011-04-27 00:00:00-04:00,12.1899995803833,12.1899995803833,11.84000015258789,11.930000305175781,10.360889434814453,241800,0.0,0.0,FIX
2011-04-28 00:00:00-04:00,11.899999618530273,12.020000457763672,11.850000381469727,11.970000267028809,10.39562702178955,95200,0.0,0.0,FIX
2011-04-29 00:00:00-04:00,12.020000457763672,12.329999923706055,12.020000457763672,12.210000038146973,10.604063034057617,119000,0.0,0.0,FIX
2011-05-02 00:00:00-04:00,12.210000038146973,12.220000267028809,11.729999542236328,11.899999618530273,10.334831237792969,117000,0.0,0.0,FIX
2011-05-03 00:00:00-04:00,11.819999694824219,11.979999542236328,11.699999809265137,11.75,10.204567909240723,186000,0.0,0.0,FIX
2011-05-04 00:00:00-04:00,11.619999885559082,11.649999618530273,11.199999809265137,11.34000015258789,9.848493576049805,237000,0.0,0.0,FIX
2011-05-05 00:00:00-04:00,11.199999809265137,11.390000343322754,10.850000381469727,11.100000381469727,9.640060424804688,189900,0.0,0.0,FIX
2011-05-06 00:00:00-04:00,11.270000457763672,11.300000190734863,10.770000457763672,10.789999961853027,9.370828628540039,118700,0.0,0.0,FIX
2011-05-09 00:00:00-04:00,10.8100004196167,10.829999923706055,10.5600004196167,10.65999984741211,9.257926940917969,100000,0.0,0.0,FIX
2011-05-10 00:00:00-04:00,10.680000305175781,11.289999961853027,10.670000076293945,11.229999542236328,9.752957344055176,151800,0.0,0.0,FIX
2011-05-11 00:00:00-04:00,11.15999984741211,11.15999984741211,10.880000114440918,11.029999732971191,9.579265594482422,317700,0.0,0.0,FIX
2011-05-12 00:00:00-04:00,10.949999809265137,11.329999923706055,10.949999809265137,11.199999809265137,9.72690486907959,130000,0.0,0.0,FIX
2011-05-13 00:00:00-04:00,11.1899995803833,11.229999542236328,11.010000228881836,11.039999961853027,9.5879487991333,142000,0.0,0.0,FIX
2011-05-16 00:00:00-04:00,11.0,11.130000114440918,10.920000076293945,10.949999809265137,9.50978946685791,118500,0.0,0.0,FIX
2011-05-17 00:00:00-04:00,11.0,11.100000381469727,10.729999542236328,10.760000228881836,9.344773292541504,305800,0.0,0.0,FIX
2011-05-18 00:00:00-04:00,10.819999694824219,10.949999809265137,10.779999732971191,10.899999618530273,9.466361999511719,77200,0.0,0.0,FIX
2011-05-19 00:00:00-04:00,10.989999771118164,11.079999923706055,10.75,10.899999618530273,9.466361999511719,114500,0.0,0.0,FIX
2011-05-20 00:00:00-04:00,10.829999923706055,10.979999542236328,10.760000228881836,10.850000381469727,9.422937393188477,108000,0.0,0.0,FIX
2011-05-23 00:00:00-04:00,10.600000381469727,10.829999923706055,10.529999732971191,10.649999618530273,9.249242782592773,81400,0.0,0.0,FIX
2011-05-24 00:00:00-04:00,10.710000038146973,10.710000038146973,10.130000114440918,10.140000343322754,8.80632495880127,180200,0.0,0.0,FIX
2011-05-25 00:00:00-04:00,10.0600004196167,10.369999885559082,10.0600004196167,10.270000457763672,8.963421821594238,146700,0.05,0.0,FIX
2011-05-26 00:00:00-04:00,10.220000267028809,10.539999961853027,10.149999618530273,10.470000267028809,9.137977600097656,116600,0.0,0.0,FIX
2011-05-27 00:00:00-04:00,10.5,10.569999694824219,10.319999694824219,10.329999923706055,9.015790939331055,69500,0.0,0.0,FIX
2011-05-31 00:00:00-04:00,10.430000305175781,10.520000457763672,10.260000228881836,10.369999885559082,9.050701141357422,224200,0.0,0.0,FIX
2011-06-01 00:00:00-04:00,10.329999923706055,10.40999984741211,10.09000015258789,10.289999961853027,8.980878829956055,404600,0.0,0.0,FIX
2011-06-02 00:00:00-04:00,10.279999732971191,10.430000305175781,10.260000228881836,10.359999656677246,9.041974067687988,145000,0.0,0.0,FIX
2011-06-03 00:00:00-04:00,10.149999618530273,10.420000076293945,10.119999885559082,10.390000343322754,9.068154335021973,186600,0.0,0.0,FIX
2011-06-06 00:00:00-04:00,10.369999885559082,10.579999923706055,10.260000228881836,10.430000305175781,9.103066444396973,188500,0.0,0.0,FIX
2011-06-07 00:00:00-04:00,10.539999961853027,10.579999923706055,10.380000114440918,10.390000343322754,9.068154335021973,62200,0.0,0.0,FIX
2011-06-08 00:00:00-04:00,10.319999694824219,10.420000076293945,10.300000190734863,10.350000381469727,9.033245086669922,92600,0.0,0.0,FIX
2011-06-09 00:00:00-04:00,10.380000114440918,10.390000343322754,10.300000190734863,10.329999923706055,9.015790939331055,87100,0.0,0.0,FIX
2011-06-10 00:00:00-04:00,10.229999542236328,10.270000457763672,10.029999732971191,10.0600004196167,8.780137062072754,91100,0.0,0.0,FIX
2011-06-13 00:00:00-04:00,10.09000015258789,10.180000305175781,10.010000228881836,10.069999694824219,8.788866996765137,74300,0.0,0.0,FIX
2011-06-14 00:00:00-04:00,10.199999809265137,10.34000015258789,10.199999809265137,10.289999961853027,8.980878829956055,105200,0.0,0.0,FIX
2011-06-15 00:00:00-04:00,10.149999618530273,10.279999732971191,10.0600004196167,10.239999771118164,8.937243461608887,112600,0.0,0.0,FIX
2011-06-16 00:00:00-04:00,10.229999542236328,10.260000228881836,10.020000457763672,10.100000381469727,8.81505012512207,140200,0.0,0.0,FIX
2011-06-17 00:00:00-04:00,10.149999618530273,10.300000190734863,10.010000228881836,10.050000190734863,8.771411895751953,188500,0.0,0.0,FIX
2011-06-20 00:00:00-04:00,10.039999961853027,10.25,9.979999542236328,10.149999618530273,8.858691215515137,66000,0.0,0.0,FIX
2011-06-21 00:00:00-04:00,10.25,10.420000076293945,10.199999809265137,10.399999618530273,9.076884269714355,103200,0.0,0.0,FIX
2011-06-22 00:00:00-04:00,10.319999694824219,10.430000305175781,10.3100004196167,10.369999885559082,9.050701141357422,68100,0.0,0.0,FIX
2011-06-23 00:00:00-04:00,10.220000267028809,10.5600004196167,10.199999809265137,10.539999961853027,9.199075698852539,105000,0.0,0.0,FIX
2011-06-24 00:00:00-04:00,10.5600004196167,10.59000015258789,10.350000381469727,10.399999618530273,9.076884269714355,318000,0.0,0.0,FIX
2011-06-27 00:00:00-04:00,10.40999984741211,10.520000457763672,10.329999923706055,10.430000305175781,9.103066444396973,95300,0.0,0.0,FIX
2011-06-28 00:00:00-04:00,10.460000038146973,10.489999771118164,10.390000343322754,10.460000038146973,9.129252433776855,91000,0.0,0.0,FIX
2011-06-29 00:00:00-04:00,10.5,10.5,10.350000381469727,10.449999809265137,9.120524406433105,72800,0.0,0.0,FIX
2011-06-30 00:00:00-04:00,10.449999809265137,10.680000305175781,10.40999984741211,10.609999656677246,9.260165214538574,96000,0.0,0.0,FIX
2011-07-01 00:00:00-04:00,10.640000343322754,10.90999984741211,10.630000114440918,10.869999885559082,9.48708438873291,195800,0.0,0.0,FIX
2011-07-05 00:00:00-04:00,10.850000381469727,10.970000267028809,10.75,10.9399995803833,9.54818344116211,100800,0.0,0.0,FIX
2011-07-06 00:00:00-04:00,10.880000114440918,11.010000228881836,10.859999656677246,10.920000076293945,9.530729293823242,104800,0.0,0.0,FIX
2011-07-07 00:00:00-04:00,11.0600004196167,11.300000190734863,11.010000228881836,11.25,9.818744659423828,74600,0.0,0.0,FIX
2011-07-08 00:00:00-04:00,11.069999694824219,11.119999885559082,10.970000267028809,11.0600004196167,9.652917861938477,94300,0.0,0.0,FIX
2011-07-11 00:00:00-04:00,10.890000343322754,10.90999984741211,10.710000038146973,10.800000190734863,9.425994873046875,55700,0.0,0.0,FIX
2011-07-12 00:00:00-04:00,10.770000457763672,10.869999885559082,10.6899995803833,10.729999542236328,9.364903450012207,70100,0.0,0.0,FIX
2011-07-13 00:00:00-04:00,10.779999732971191,10.949999809265137,10.699999809265137,10.760000228881836,9.391082763671875,86100,0.0,0.0,FIX
2011-07-14 00:00:00-04:00,10.8100004196167,10.8100004196167,10.680000305175781,10.720000267028809,9.356176376342773,99400,0.0,0.0,FIX
2011-07-15 00:00:00-04:00,10.739999771118164,10.770000457763672,10.630000114440918,10.699999809265137,9.338719367980957,99500,0.0,0.0,FIX
2011-07-18 00:00:00-04:00,10.640000343322754,10.670000076293945,10.5,10.529999732971191,9.190348625183105,81100,0.0,0.0,FIX
2011-07-19 00:00:00-04:00,10.619999885559082,10.869999885559082,10.470000267028809,10.850000381469727,9.46962833404541,168500,0.0,0.0,FIX
2011-07-20 00:00:00-04:00,10.84000015258789,10.84000015258789,10.550000190734863,10.729999542236328,9.364903450012207,176800,0.0,0.0,FIX
2011-07-21 00:00:00-04:00,10.8100004196167,11.010000228881836,10.75,10.970000267028809,9.57436752319336,110100,0.0,0.0,FIX
2011-07-22 00:00:00-04:00,10.960000038146973,10.960000038146973,10.640000343322754,10.6899995803833,9.329986572265625,71100,0.0,0.0,FIX
2011-07-25 00:00:00-04:00,10.529999732971191,10.729999542236328,10.489999771118164,10.5600004196167,9.216526985168457,67200,0.0,0.0,FIX
2011-07-26 00:00:00-04:00,10.529999732971191,10.720000267028809,10.399999618530273,10.479999542236328,9.146703720092773,144600,0.0,0.0,FIX
2011-07-27 00:00:00-04:00,10.460000038146973,10.510000228881836,10.239999771118164,10.25,8.945968627929688,202400,0.0,0.0,FIX
2011-07-28 00:00:00-04:00,10.220000267028809,10.420000076293945,10.100000381469727,10.239999771118164,8.937243461608887,79200,0.0,0.0,FIX
2011-07-29 00:00:00-04:00,10.079999923706055,10.470000267028809,10.079999923706055,10.4399995803833,9.111791610717773,123400,0.0,0.0,FIX
2011-08-01 00:00:00-04:00,10.539999961853027,10.699999809265137,10.09000015258789,10.359999656677246,9.041974067687988,319000,0.0,0.0,FIX
2011-08-02 00:00:00-04:00,10.300000190734863,10.479999542236328,9.960000038146973,9.970000267028809,8.701591491699219,162900,0.0,0.0,FIX
2011-08-03 00:00:00-04:00,11.350000381469727,12.529999732971191,11.180000305175781,11.880000114440918,10.368592262268066,624700,0.0,0.0,FIX
2011-08-04 00:00:00-04:00,11.699999809265137,11.9399995803833,11.199999809265137,11.210000038146973,9.783832550048828,254000,0.0,0.0,FIX
2011-08-05 00:00:00-04:00,11.319999694824219,11.359999656677246,10.550000190734863,10.609999656677246,9.260165214538574,379400,0.0,0.0,FIX
2011-08-08 00:00:00-04:00,10.329999923706055,10.579999923706055,9.600000381469727,9.600000381469727,8.378663063049316,328800,0.0,0.0,FIX
2011-08-09 00:00:00-04:00,9.880000114440918,10.100000381469727,9.149999618530273,10.0,8.727771759033203,306100,0.0,0.0,FIX
2011-08-10 00:00:00-04:00,9.680000305175781,9.819999694824219,9.130000114440918,9.199999809265137,8.029547691345215,246800,0.0,0.0,FIX
2011-08-11 00:00:00-04:00,9.279999732971191,9.920000076293945,9.25,9.75,8.509577751159668,264300,0.0,0.0,FIX
2011-08-12 00:00:00-04:00,9.8100004196167,9.899999618530273,9.470000267028809,9.760000228881836,8.518306732177734,115500,0.0,0.0,FIX
2011-08-15 00:00:00-04:00,9.850000381469727,10.0600004196167,9.739999771118164,9.979999542236328,8.71031665802002,70600,0.0,0.0,FIX
2011-08-16 00:00:00-04:00,9.850000381469727,9.960000038146973,9.729999542236328,9.829999923706055,8.579400062561035,126700,0.0,0.0,FIX
2011-08-17 00:00:00-04:00,9.90999984741211,10.020000457763672,9.640000343322754,9.670000076293945,8.4397554397583,91500,0.0,0.0,FIX
2011-08-18 00:00:00-04:00,9.319999694824219,9.430000305175781,8.880000114440918,8.949999809265137,7.811357021331787,250500,0.0,0.0,FIX
2011-08-19 00:00:00-04:00,8.779999732971191,9.109999656677246,8.779999732971191,8.970000267028809,7.828812599182129,233200,0.0,0.0,FIX
2011-08-22 00:00:00-04:00,9.239999771118164,9.239999771118164,8.90999984741211,8.960000038146973,7.82008171081543,97100,0.0,0.0,FIX
2011-08-23 00:00:00-04:00,8.949999809265137,9.170000076293945,8.880000114440918,9.170000076293945,8.00336742401123,185600,0.0,0.0,FIX
2011-08-24 00:00:00-04:00,9.069999694824219,9.329999923706055,9.0600004196167,9.300000190734863,8.161330223083496,117400,0.05,0.0,FIX
2011-08-25 00:00:00-04:00,9.369999885559082,9.4399995803833,8.979999542236328,8.989999771118164,7.889286041259766,110100,0.0,0.0,FIX
2011-08-26 00:00:00-04:00,8.920000076293945,9.380000114440918,8.850000381469727,9.369999885559082,8.222761154174805,96800,0.0,0.0,FIX
2011-08-29 00:00:00-04:00,9.510000228881836,9.699999809265137,9.380000114440918,9.6899995803833,8.503581047058105,133400,0.0,0.0,FIX
2011-08-30 00:00:00-04:00,9.609999656677246,9.869999885559082,9.4399995803833,9.770000457763672,8.573782920837402,110900,0.0,0.0,FIX
2011-08-31 00:00:00-04:00,9.829999923706055,9.930000305175781,9.489999771118164,9.5600004196167,8.38949203491211,161500,0.0,0.0,FIX
2011-09-01 00:00:00-04:00,9.579999923706055,9.739999771118164,9.279999732971191,9.40999984741211,8.25786018371582,237400,0.0,0.0,FIX
2011-09-02 00:00:00-04:00,9.180000305175781,9.300000190734863,8.989999771118164,9.0,7.898059368133545,201700,0.0,0.0,FIX
2011-09-06 00:00:00-04:00,8.739999771118164,9.149999618530273,8.739999771118164,9.130000114440918,8.012145042419434,152100,0.0,0.0,FIX
2011-09-07 00:00:00-04:00,9.289999961853027,9.720000267028809,9.279999732971191,9.609999656677246,8.433370590209961,167500,0.0,0.0,FIX
2011-09-08 00:00:00-04:00,9.529999732971191,9.699999809265137,9.399999618530273,9.489999771118164,8.3280611038208,125800,0.0,0.0,FIX
2011-09-09 00:00:00-04:00,9.359999656677246,9.600000381469727,9.229999542236328,9.329999923706055,8.187655448913574,199600,0.0,0.0,FIX
2011-09-12 00:00:00-04:00,9.149999618530273,9.470000267028809,9.109999656677246,9.279999732971191,8.14377498626709,84800,0.0,0.0,FIX
2011-09-13 00:00:00-04:00,9.329999923706055,9.640000343322754,9.25,9.550000190734863,8.380718231201172,73400,0.0,0.0,FIX
2011-09-14 00:00:00-04:00,9.630000114440918,9.90999984741211,9.359999656677246,9.789999961853027,8.591336250305176,131600,0.0,0.0,FIX
2011-09-15 00:00:00-04:00,9.859999656677246,10.039999961853027,9.710000038146973,9.970000267028809,8.749297142028809,96000,0.0,0.0,FIX
2011-09-16 00:00:00-04:00,10.050000190734863,10.149999618530273,9.869999885559082,9.869999885559082,8.661540031433105,223900,0.0,0.0,FIX
2011-09-19 00:00:00-04:00,9.6899995803833,9.789999961853027,9.470000267028809,9.600000381469727,8.42459774017334,62900,0.0,0.0,FIX
2011-09-20 00:00:00-04:00,9.569999694824219,9.729999542236328,9.210000038146973,9.210000038146973,8.082345962524414,91300,0.0,0.0,FIX
2011-09-21 00:00:00-04:00,9.229999542236328,9.319999694824219,8.619999885559082,8.640000343322754,7.58213472366333,151800,0.0,0.0,FIX
2011-09-22 00:00:00-04:00,8.399999618530273,8.6899995803833,8.350000381469727,8.510000228881836,7.468055248260498,176400,0.0,0.0,FIX
2011-09-23 00:00:00-04:00,8.539999961853027,8.829999923706055,8.539999961853027,8.670000076293945,7.608462810516357,163100,0.0,0.0,FIX
2011-09-26 00:00:00-04:00,8.770000457763672,8.850000381469727,8.529999732971191,8.770000457763672,7.696220397949219,132900,0.0,0.0,FIX
2011-09-27 00:00:00-04:00,9.0,9.260000228881836,8.880000114440918,8.979999542236328,7.880505084991455,172900,0.0,0.0,FIX
2011-09-28 00:00:00-04:00,8.970000267028809,8.970000267028809,8.5600004196167,8.5600004196167,7.511934280395508,117400,0.0,0.0,FIX
2011-09-29 00:00:00-04:00,8.770000457763672,8.859999656677246,8.539999961853027,8.789999961853027,7.713772773742676,81500,0.0,0.0,FIX
2011-09-30 00:00:00-04:00,8.609999656677246,8.779999732971191,8.3100004196167,8.319999694824219,7.30131721496582,152200,0.0,0.0,FIX
2011-10-03 00:00:00-04:00,8.279999732971191,8.420000076293945,7.849999904632568,7.880000114440918,6.91519021987915,226500,0.0,0.0,FIX
2011-10-04 00:00:00-04:00,7.829999923706055,8.899999618530273,7.809999942779541,8.84000015258789,7.757652759552002,297500,0.0,0.0,FIX
2011-10-05 00:00:00-04:00,8.890000343322754,9.069999694824219,8.670000076293945,8.970000267028809,7.871734619140625,129300,0.0,0.0,FIX
2011-10-06 00:00:00-04:00,8.899999618530273,9.5,8.859999656677246,9.489999771118164,8.3280611038208,132000,0.0,0.0,FIX
2011-10-07 00:00:00-04:00,9.460000038146973,9.460000038146973,8.890000343322754,8.960000038146973,7.862957954406738,82600,0.0,0.0,FIX
2011-10-10 00:00:00-04:00,9.1899995803833,9.729999542236328,9.15999984741211,9.720000267028809,8.5299072265625,143700,0.0,0.0,FIX
2011-10-11 00:00:00-04:00,9.579999923706055,9.90999984741211,9.569999694824219,9.800000190734863,8.600111961364746,100300,0.0,0.0,FIX
2011-10-12 00:00:00-04:00,9.899999618530273,10.220000267028809,9.720000267028809,10.119999885559082,8.880929946899414,102800,0.0,0.0,FIX
2011-10-13 00:00:00-04:00,10.0,10.020000457763672,9.770000457763672,9.970000267028809,8.749297142028809,59800,0.0,0.0,FIX
2011-10-14 00:00:00-04:00,10.100000381469727,10.180000305175781,9.949999809265137,10.170000076293945,8.924808502197266,72100,0.0,0.0,FIX
2011-10-17 00:00:00-04:00,10.029999732971191,10.100000381469727,9.6899995803833,9.710000038146973,8.521130561828613,74700,0.0,0.0,FIX
2011-10-18 00:00:00-04:00,9.789999961853027,10.0,9.59000015258789,9.949999809265137,8.731745719909668,146900,0.0,0.0,FIX
2011-10-19 00:00:00-04:00,9.90999984741211,9.949999809265137,9.539999961853027,9.59000015258789,8.415822982788086,70800,0.0,0.0,FIX
2011-10-20 00:00:00-04:00,9.59000015258789,9.65999984741211,9.199999809265137,9.649999618530273,8.468476295471191,58700,0.0,0.0,FIX
2011-10-21 00:00:00-04:00,9.880000114440918,9.890000343322754,9.569999694824219,9.84000015258789,8.635214805603027,104000,0.0,0.0,FIX
2011-10-24 00:00:00-04:00,9.850000381469727,10.3100004196167,9.800000190734863,10.25,8.995016098022461,101000,0.0,0.0,FIX
2011-10-25 00:00:00-04:00,10.100000381469727,10.220000267028809,9.869999885559082,10.0,8.775625228881836,109900,0.0,0.0,FIX
2011-10-26 00:00:00-04:00,10.239999771118164,10.25,9.850000381469727,10.130000114440918,8.889708518981934,115200,0.0,0.0,FIX
2011-10-27 00:00:00-04:00,10.539999961853027,11.319999694824219,10.420000076293945,11.270000457763672,9.890129089355469,226700,0.0,0.0,FIX
2011-10-28 00:00:00-04:00,11.25,11.59000015258789,11.210000038146973,11.220000267028809,9.8462495803833,141700,0.0,0.0,FIX
2011-10-31 00:00:00-04:00,11.020000457763672,11.15999984741211,10.819999694824219,11.0,9.653182983398438,164800,0.0,0.0,FIX
2011-11-01 00:00:00-04:00,10.510000228881836,10.859999656677246,10.3100004196167,10.550000190734863,9.258281707763672,212300,0.0,0.0,FIX
2011-11-02 00:00:00-04:00,10.760000228881836,11.149999618530273,10.680000305175781,11.119999885559082,9.758491516113281,218800,0.0,0.0,FIX
2011-11-03 00:00:00-04:00,11.300000190734863,11.829999923706055,11.0600004196167,11.75,10.311358451843262,190500,0.0,0.0,FIX
2011-11-04 00:00:00-04:00,12.0,12.0,10.5600004196167,10.670000076293945,9.36358642578125,88300,0.0,0.0,FIX
2011-11-07 00:00:00-05:00,10.640000343322754,10.8100004196167,10.069999694824219,10.15999984741211,8.916034698486328,152600,0.0,0.0,FIX
2011-11-08 00:00:00-05:00,10.279999732971191,10.329999923706055,9.800000190734863,10.109999656677246,8.872150421142578,140800,0.0,0.0,FIX
2011-11-09 00:00:00-05:00,9.779999732971191,9.970000267028809,9.380000114440918,9.420000076293945,8.266636848449707,154400,0.0,0.0,FIX
2011-11-10 00:00:00-05:00,9.640000343322754,9.699999809265137,9.329999923706055,9.399999618530273,8.24908447265625,174100,0.0,0.0,FIX
2011-11-11 00:00:00-05:00,9.550000190734863,9.680000305175781,9.420000076293945,9.579999923706055,8.407045364379883,166300,0.0,0.0,FIX
2011-11-14 00:00:00-05:00,9.5,9.65999984741211,9.220000267028809,9.369999885559082,8.222761154174805,134200,0.0,0.0,FIX
2011-11-15 00:00:00-05:00,9.3100004196167,9.739999771118164,8.960000038146973,9.680000305175781,8.494799613952637,330000,0.0,0.0,FIX
2011-11-16 00:00:00-05:00,9.600000381469727,9.979999542236328,9.600000381469727,9.729999542236328,8.538679122924805,110600,0.0,0.0,FIX
2011-11-17 00:00:00-05:00,9.710000038146973,9.8100004196167,9.5,9.649999618530273,8.468476295471191,87400,0.0,0.0,FIX
2011-11-18 00:00:00-05:00,9.649999618530273,9.890000343322754,9.649999618530273,9.850000381469727,8.643990516662598,101000,0.0,0.0,FIX
2011-11-21 00:00:00-05:00,9.619999885559082,9.6899995803833,9.489999771118164,9.529999732971191,8.36316967010498,98500,0.0,0.0,FIX
2011-11-22 00:00:00-05:00,9.5600004196167,9.850000381469727,9.430000305175781,9.600000381469727,8.42459774017334,110900,0.0,0.0,FIX
2011-11-23 00:00:00-05:00,9.449999809265137,9.449999809265137,8.970000267028809,9.0,7.939413070678711,83800,0.05,0.0,FIX
2011-11-25 00:00:00-05:00,8.930000305175781,9.130000114440918,8.600000381469727,8.600000381469727,7.586548805236816,64400,0.0,0.0,FIX
2011-11-28 00:00:00-05:00,8.90999984741211,9.520000457763672,8.90999984741211,9.489999771118164,8.37166690826416,166800,0.0,0.0,FIX
2011-11-29 00:00:00-05:00,9.479999542236328,9.640000343322754,9.399999618530273,9.539999961853027,8.415775299072266,155700,0.0,0.0,FIX
2011-11-30 00:00:00-05:00,10.050000190734863,10.5,10.039999961853027,10.430000305175781,9.200895309448242,300800,0.0,0.0,FIX
2011-12-01 00:00:00-05:00,10.369999885559082,10.600000381469727,10.270000457763672,10.399999618530273,9.174427032470703,158400,0.0,0.0,FIX
2011-12-02 00:00:00-05:00,10.59000015258789,10.8100004196167,10.4399995803833,10.510000228881836,9.27147102355957,73100,0.0,0.0,FIX
2011-12-05 00:00:00-05:00,10.710000038146973,11.0,10.609999656677246,10.859999656677246,9.58022403717041,129400,0.0,0.0,FIX
2011-12-06 00:00:00-05:00,10.84000015258789,11.010000228881836,10.770000457763672,10.949999809265137,9.659616470336914,146400,0.0,0.0,FIX
2011-12-07 00:00:00-05:00,10.859999656677246,11.149999618530273,10.699999809265137,11.109999656677246,9.800763130187988,97800,0.0,0.0,FIX
2011-12-08 00:00:00-05:00,10.970000267028809,10.970000267028809,10.600000381469727,10.640000343322754,9.386149406433105,119900,0.0,0.0,FIX
2011-12-09 00:00:00-05:00,10.699999809265137,11.3100004196167,10.630000114440918,11.119999885559082,9.809585571289062,144000,0.0,0.0,FIX
2011-12-12 00:00:00-05:00,10.9399995803833,11.020000457763672,10.760000228881836,10.979999542236328,9.686079978942871,87000,0.0,0.0,FIX
2011-12-13 00:00:00-05:00,11.140000343322754,11.329999923706055,10.579999923706055,10.6899995803833,9.430255889892578,128700,0.0,0.0,FIX
2011-12-14 00:00:00-05:00,10.5,10.5,10.079999923706055,10.119999885559082,8.927424430847168,167800,0.0,0.0,FIX
2011-12-15 00:00:00-05:00,10.319999694824219,10.350000381469727,10.140000343322754,10.289999961853027,9.077393531799316,74300,0.0,0.0,FIX
2011-12-16 00:00:00-05:00,10.40999984741211,10.819999694824219,10.260000228881836,10.359999656677246,9.139144897460938,289200,0.0,0.0,FIX
2011-12-19 00:00:00-05:00,10.479999542236328,10.680000305175781,10.09000015258789,10.119999885559082,8.927424430847168,77800,0.0,0.0,FIX
2011-12-20 00:00:00-05:00,10.40999984741211,10.760000228881836,10.369999885559082,10.729999542236328,9.465546607971191,119200,0.0,0.0,FIX
2011-12-21 00:00:00-05:00,10.670000076293945,11.050000190734863,10.479999542236328,11.029999732971191,9.73018741607666,59200,0.0,0.0,FIX
2011-12-22 00:00:00-05:00,11.09000015258789,11.300000190734863,10.970000267028809,11.010000228881836,9.712550163269043,69900,0.0,0.0,FIX
2011-12-23 00:00:00-05:00,11.079999923706055,11.119999885559082,10.819999694824219,10.960000038146973,9.668437957763672,26500,0.0,0.0,FIX
2011-12-27 00:00:00-05:00,10.869999885559082,11.119999885559082,10.869999885559082,11.039999961853027,9.739006996154785,27700,0.0,0.0,FIX
2011-12-28 00:00:00-05:00,11.010000228881836,11.029999732971191,10.460000038146973,10.539999961853027,9.297932624816895,66400,0.0,0.0,FIX
2011-12-29 00:00:00-05:00,10.59000015258789,10.949999809265137,10.59000015258789,10.760000228881836,9.492003440856934,70400,0.0,0.0,FIX
2011-12-30 00:00:00-05:00,10.699999809265137,10.84000015258789,10.699999809265137,10.720000267028809,9.456721305847168,85700,0.0,0.0,FIX
2012-01-03 00:00:00-05:00,11.079999923706055,11.15999984741211,10.920000076293945,11.020000457763672,9.721364974975586,107400,0.0,0.0,FIX
2012-01-04 00:00:00-05:00,10.90999984741211,11.020000457763672,10.800000190734863,10.930000305175781,9.641973495483398,49200,0.0,0.0,FIX
2012-01-05 00:00:00-05:00,10.8100004196167,11.0600004196167,10.600000381469727,11.020000457763672,9.721364974975586,54600,0.0,0.0,FIX
2012-01-06 00:00:00-05:00,11.029999732971191,11.029999732971191,10.75,10.869999885559082,9.589043617248535,57800,0.0,0.0,FIX
2012-01-09 00:00:00-05:00,10.970000267028809,10.970000267028809,10.65999984741211,10.680000305175781,9.42143726348877,59200,0.0,0.0,FIX
2012-01-10 00:00:00-05:00,10.890000343322754,11.029999732971191,10.859999656677246,11.0,9.703726768493652,59400,0.0,0.0,FIX
2012-01-11 00:00:00-05:00,10.90999984741211,11.210000038146973,10.90999984741211,11.069999694824219,9.765475273132324,92900,0.0,0.0,FIX
2012-01-12 00:00:00-05:00,11.140000343322754,11.4399995803833,11.0,11.399999618530273,10.056591033935547,65800,0.0,0.0,FIX
2012-01-13 00:00:00-05:00,11.239999771118164,11.300000190734863,11.029999732971191,11.069999694824219,9.765475273132324,53900,0.0,0.0,FIX
2012-01-17 00:00:00-05:00,11.15999984741211,11.170000076293945,10.869999885559082,10.989999771118164,9.694902420043945,83400,0.0,0.0,FIX
2012-01-18 00:00:00-05:00,10.979999542236328,11.369999885559082,10.949999809265137,11.359999656677246,10.02130126953125,47500,0.0,0.0,FIX
2012-01-19 00:00:00-05:00,11.359999656677246,11.569999694824219,11.329999923706055,11.550000190734863,10.188910484313965,44900,0.0,0.0,FIX
2012-01-20 00:00:00-05:00,11.539999961853027,11.770000457763672,11.510000228881836,11.65999984741211,10.28594970703125,41700,0.0,0.0,FIX
2012-01-23 00:00:00-05:00,11.609999656677246,11.8100004196167,11.430000305175781,11.5,10.144803047180176,34800,0.0,0.0,FIX
2012-01-24 00:00:00-05:00,11.420000076293945,11.770000457763672,11.420000076293945,11.720000267028809,10.33888053894043,66700,0.0,0.0,FIX
2012-01-25 00:00:00-05:00,11.65999984741211,11.989999771118164,11.529999732971191,11.979999542236328,10.568236351013184,55100,0.0,0.0,FIX
2012-01-26 00:00:00-05:00,12.0,12.1899995803833,11.779999732971191,12.069999694824219,10.647628784179688,111300,0.0,0.0,FIX
2012-01-27 00:00:00-05:00,12.010000228881836,12.3100004196167,12.010000228881836,12.25,10.806419372558594,72400,0.0,0.0,FIX
2012-01-30 00:00:00-05:00,12.130000114440918,12.420000076293945,12.010000228881836,12.329999923706055,10.87698745727539,64300,0.0,0.0,FIX
2012-01-31 00:00:00-05:00,12.420000076293945,12.420000076293945,11.899999618530273,11.960000038146973,10.5505952835083,110200,0.0,0.0,FIX
2012-02-01 00:00:00-05:00,12.079999923706055,12.649999618530273,11.949999809265137,12.569999694824219,11.088711738586426,171200,0.0,0.0,FIX
2012-02-02 00:00:00-05:00,12.579999923706055,12.880000114440918,12.489999771118164,12.75,11.247498512268066,97300,0.0,0.0,FIX
2012-02-03 00:00:00-05:00,12.9399995803833,13.050000190734863,12.869999885559082,12.9399995803833,11.41511058807373,450800,0.0,0.0,FIX
2012-02-06 00:00:00-05:00,12.880000114440918,12.949999809265137,12.609999656677246,12.920000076293945,11.397464752197266,58100,0.0,0.0,FIX
2012-02-07 00:00:00-05:00,12.90999984741211,12.90999984741211,12.539999961853027,12.680000305175781,11.185749053955078,42300,0.0,0.0,FIX
2012-02-08 00:00:00-05:00,12.75,12.789999961853027,12.609999656677246,12.75,11.247498512268066,76500,0.0,0.0,FIX
2012-02-09 00:00:00-05:00,12.819999694824219,12.819999694824219,12.649999618530273,12.670000076293945,11.176928520202637,19100,0.0,0.0,FIX
2012-02-10 00:00:00-05:00,12.470000267028809,12.640000343322754,12.199999809265137,12.220000267028809,10.779955863952637,224200,0.0,0.0,FIX
2012-02-13 00:00:00-05:00,12.4399995803833,12.479999542236328,12.270000457763672,12.350000381469727,10.894637107849121,68500,0.0,0.0,FIX
2012-02-14 00:00:00-05:00,12.300000190734863,12.350000381469727,12.029999732971191,12.130000114440918,10.70056438446045,84900,0.0,0.0,FIX
2012-02-15 00:00:00-05:00,12.229999542236328,12.229999542236328,11.84000015258789,11.90999984741211,10.506488800048828,150200,0.0,0.0,FIX
2012-02-16 00:00:00-05:00,11.920000076293945,12.180000305175781,11.920000076293945,12.15999984741211,10.727030754089355,77500,0.0,0.0,FIX
2012-02-17 00:00:00-05:00,12.100000381469727,12.180000305175781,11.84000015258789,12.100000381469727,10.674097061157227,97300,0.0,0.0,FIX
2012-02-21 00:00:00-05:00,12.140000343322754,12.289999961853027,12.010000228881836,12.079999923706055,10.656455039978027,61100,0.0,0.0,FIX
2012-02-22 00:00:00-05:00,12.010000228881836,12.079999923706055,11.619999885559082,11.880000114440918,10.480023384094238,73400,0.0,0.0,FIX
2012-02-23 00:00:00-05:00,11.9399995803833,12.359999656677246,11.930000305175781,12.319999694824219,10.868168830871582,118900,0.0,0.0,FIX
2012-02-24 00:00:00-05:00,12.279999732971191,12.300000190734863,12.020000457763672,12.079999923706055,10.656455039978027,50100,0.0,0.0,FIX
2012-02-27 00:00:00-05:00,11.930000305175781,12.119999885559082,11.640000343322754,11.960000038146973,10.5505952835083,48200,0.0,0.0,FIX
2012-02-28 00:00:00-05:00,11.9399995803833,11.9399995803833,11.65999984741211,11.770000457763672,10.38298511505127,92700,0.0,0.0,FIX
2012-02-29 00:00:00-05:00,11.859999656677246,11.880000114440918,11.359999656677246,11.4399995803833,10.091872215270996,146400,0.0,0.0,FIX
2012-03-01 00:00:00-05:00,11.550000190734863,11.550000190734863,10.930000305175781,10.930000305175781,9.641973495483398,174000,0.0,0.0,FIX
2012-03-02 00:00:00-05:00,10.949999809265137,10.960000038146973,10.09000015258789,10.180000305175781,8.980356216430664,226500,0.0,0.0,FIX
2012-03-05 00:00:00-05:00,10.170000076293945,10.390000343322754,10.170000076293945,10.270000457763672,9.059749603271484,175300,0.0,0.0,FIX
2012-03-06 00:00:00-05:00,10.100000381469727,10.149999618530273,9.970000267028809,9.970000267028809,8.795104026794434,148300,0.0,0.0,FIX
2012-03-07 00:00:00-05:00,9.989999771118164,10.130000114440918,9.989999771118164,10.100000381469727,8.909783363342285,73100,0.0,0.0,FIX
2012-03-08 00:00:00-05:00,10.15999984741211,10.210000038146973,9.970000267028809,10.170000076293945,9.016168594360352,249800,0.05,0.0,FIX
2012-03-09 00:00:00-05:00,10.149999618530273,10.529999732971191,10.149999618530273,10.34000015258789,9.16688346862793,147700,0.0,0.0,FIX
2012-03-12 00:00:00-04:00,10.329999923706055,10.479999542236328,10.3100004196167,10.449999809265137,9.264402389526367,398000,0.0,0.0,FIX
2012-03-13 00:00:00-04:00,10.569999694824219,10.75,10.470000267028809,10.739999771118164,9.521500587463379,138700,0.0,0.0,FIX
2012-03-14 00:00:00-04:00,10.729999542236328,10.789999961853027,10.680000305175781,10.699999809265137,9.48603630065918,101100,0.0,0.0,FIX
2012-03-15 00:00:00-04:00,10.710000038146973,10.859999656677246,10.59000015258789,10.84000015258789,9.610156059265137,66600,0.0,0.0,FIX
2012-03-16 00:00:00-04:00,10.890000343322754,10.949999809265137,10.819999694824219,10.869999885559082,9.636750221252441,180800,0.0,0.0,FIX
2012-03-19 00:00:00-04:00,10.8100004196167,11.210000038146973,10.770000457763672,11.029999732971191,9.77860164642334,102800,0.0,0.0,FIX
2012-03-20 00:00:00-04:00,10.890000343322754,10.890000343322754,10.670000076293945,10.710000038146973,9.494906425476074,110300,0.0,0.0,FIX
2012-03-21 00:00:00-04:00,10.779999732971191,10.869999885559082,10.680000305175781,10.6899995803833,9.47717571258545,45500,0.0,0.0,FIX
2012-03-22 00:00:00-04:00,10.520000457763672,10.520000457763672,10.329999923706055,10.460000038146973,9.273266792297363,82700,0.0,0.0,FIX
2012-03-23 00:00:00-04:00,10.4399995803833,10.829999923706055,10.350000381469727,10.779999732971191,9.556963920593262,105400,0.0,0.0,FIX
2012-03-26 00:00:00-04:00,10.949999809265137,11.229999542236328,10.899999618530273,11.210000038146973,9.938176155090332,90000,0.0,0.0,FIX
2012-03-27 00:00:00-04:00,11.1899995803833,11.369999885559082,11.0600004196167,11.0600004196167,9.805191993713379,92800,0.0,0.0,FIX
2012-03-28 00:00:00-04:00,11.069999694824219,11.1899995803833,10.850000381469727,11.180000305175781,9.911582946777344,97700,0.0,0.0,FIX
2012-03-29 00:00:00-04:00,11.050000190734863,11.279999732971191,10.989999771118164,11.199999809265137,9.92931079864502,107100,0.0,0.0,FIX
2012-03-30 00:00:00-04:00,11.329999923706055,11.350000381469727,10.899999618530273,10.90999984741211,9.67221450805664,86300,0.0,0.0,FIX
2012-04-02 00:00:00-04:00,10.84000015258789,11.25,10.789999961853027,11.25,9.973637580871582,177900,0.0,0.0,FIX
2012-04-03 00:00:00-04:00,11.210000038146973,11.329999923706055,10.8100004196167,10.9399995803833,9.698811531066895,98100,0.0,0.0,FIX
2012-04-04 00:00:00-04:00,10.739999771118164,10.779999732971191,10.390000343322754,10.449999809265137,9.264402389526367,84600,0.0,0.0,FIX
2012-04-05 00:00:00-04:00,10.369999885559082,10.489999771118164,10.319999694824219,10.40999984741211,9.228940963745117,81600,0.0,0.0,FIX
2012-04-09 00:00:00-04:00,10.140000343322754,10.170000076293945,9.960000038146973,10.0,8.865459442138672,81800,0.0,0.0,FIX
2012-04-10 00:00:00-04:00,9.960000038146973,10.020000457763672,9.609999656677246,9.729999542236328,8.626091003417969,118300,0.0,0.0,FIX
2012-04-11 00:00:00-04:00,9.399999618530273,9.869999885559082,9.399999618530273,9.789999961853027,8.679281234741211,110100,0.0,0.0,FIX
2012-04-12 00:00:00-04:00,9.770000457763672,10.180000305175781,9.739999771118164,10.09000015258789,8.945241928100586,123700,0.0,0.0,FIX
2012-04-13 00:00:00-04:00,10.039999961853027,10.039999961853027,9.8100004196167,9.859999656677246,8.741337776184082,104500,0.0,0.0,FIX
2012-04-16 00:00:00-04:00,9.9399995803833,10.020000457763672,9.739999771118164,9.859999656677246,8.741337776184082,52100,0.0,0.0,FIX
2012-04-17 00:00:00-04:00,9.979999542236328,10.170000076293945,9.979999542236328,10.050000190734863,8.909782409667969,69300,0.0,0.0,FIX
2012-04-18 00:00:00-04:00,9.9399995803833,9.989999771118164,9.6899995803833,9.819999694824219,8.705876350402832,54700,0.0,0.0,FIX
2012-04-19 00:00:00-04:00,9.829999923706055,9.880000114440918,9.59000015258789,9.800000190734863,8.688152313232422,154100,0.0,0.0,FIX
2012-04-20 00:00:00-04:00,9.9399995803833,10.260000228881836,9.899999618530273,10.109999656677246,8.96297550201416,82200,0.0,0.0,FIX
2012-04-23 00:00:00-04:00,9.869999885559082,10.020000457763672,9.760000228881836,9.979999542236328,8.847723960876465,131400,0.0,0.0,FIX
2012-04-24 00:00:00-04:00,10.010000228881836,10.279999732971191,9.9399995803833,10.279999732971191,9.113687515258789,104100,0.0,0.0,FIX
2012-04-25 00:00:00-04:00,10.460000038146973,10.65999984741211,10.359999656677246,10.529999732971191,9.335328102111816,121900,0.0,0.0,FIX
2012-04-26 00:00:00-04:00,10.489999771118164,10.550000190734863,10.430000305175781,10.489999771118164,9.299861907958984,47300,0.0,0.0,FIX
2012-04-27 00:00:00-04:00,10.520000457763672,10.859999656677246,10.420000076293945,10.819999694824219,9.592421531677246,86000,0.0,0.0,FIX
2012-04-30 00:00:00-04:00,10.770000457763672,10.770000457763672,10.5600004196167,10.579999923706055,9.37965202331543,86000,0.0,0.0,FIX
2012-05-01 00:00:00-04:00,10.59000015258789,10.899999618530273,10.329999923706055,10.359999656677246,9.184613227844238,120300,0.0,0.0,FIX
2012-05-02 00:00:00-04:00,10.25,10.65999984741211,10.09000015258789,10.630000114440918,9.423978805541992,93000,0.0,0.0,FIX
2012-05-03 00:00:00-04:00,10.5600004196167,10.600000381469727,10.100000381469727,10.180000305175781,9.025033950805664,149900,0.0,0.0,FIX
2012-05-04 00:00:00-04:00,10.100000381469727,10.100000381469727,9.800000190734863,9.800000190734863,8.688152313232422,136600,0.0,0.0,FIX
2012-05-07 00:00:00-04:00,9.760000228881836,9.9399995803833,9.760000228881836,9.819999694824219,8.705876350402832,59000,0.0,0.0,FIX
2012-05-08 00:00:00-04:00,9.75,10.010000228881836,9.600000381469727,9.949999809265137,8.821128845214844,86200,0.0,0.0,FIX
2012-05-09 00:00:00-04:00,9.779999732971191,9.949999809265137,9.75,9.75,8.643818855285645,56000,0.0,0.0,FIX
2012-05-10 00:00:00-04:00,9.800000190734863,9.850000381469727,9.6899995803833,9.770000457763672,8.706198692321777,52500,0.05,0.0,FIX
2012-05-11 00:00:00-04:00,9.680000305175781,9.829999923706055,9.609999656677246,9.699999809265137,8.643821716308594,64000,0.0,0.0,FIX
2012-05-14 00:00:00-04:00,9.550000190734863,9.680000305175781,9.489999771118164,9.59000015258789,8.545798301696777,105300,0.0,0.0,FIX
2012-05-15 00:00:00-04:00,9.579999923706055,9.880000114440918,9.5,9.600000381469727,8.554707527160645,69000,0.0,0.0,FIX
2012-05-16 00:00:00-04:00,9.630000114440918,9.789999961853027,9.600000381469727,9.619999885559082,8.572528839111328,59600,0.0,0.0,FIX
2012-05-17 00:00:00-04:00,9.630000114440918,9.640000343322754,9.329999923706055,9.34000015258789,8.323016166687012,72200,0.0,0.0,FIX
2012-05-18 00:00:00-04:00,9.3100004196167,9.5,9.260000228881836,9.350000381469727,8.331930160522461,99500,0.0,0.0,FIX
2012-05-21 00:00:00-04:00,9.40999984741211,9.59000015258789,9.15999984741211,9.529999732971191,8.492330551147461,78700,0.0,0.0,FIX
2012-05-22 00:00:00-04:00,9.510000228881836,9.649999618530273,9.130000114440918,9.180000305175781,8.180442810058594,107000,0.0,0.0,FIX
2012-05-23 00:00:00-04:00,9.069999694824219,9.359999656677246,8.979999542236328,9.319999694824219,8.305193901062012,87000,0.0,0.0,FIX
2012-05-24 00:00:00-04:00,9.3100004196167,9.460000038146973,8.989999771118164,9.289999961853027,8.278461456298828,49400,0.0,0.0,FIX
2012-05-25 00:00:00-04:00,9.3100004196167,9.350000381469727,9.15999984741211,9.300000190734863,8.287373542785645,57200,0.0,0.0,FIX
2012-05-29 00:00:00-04:00,9.210000038146973,9.420000076293945,8.970000267028809,9.210000038146973,8.207173347473145,128600,0.0,0.0,FIX
2012-05-30 00:00:00-04:00,9.079999923706055,9.079999923706055,8.90999984741211,8.9399995803833,7.966569900512695,191800,0.0,0.0,FIX
2012-05-31 00:00:00-04:00,8.979999542236328,9.140000343322754,8.819999694824219,9.079999923706055,8.091330528259277,154000,0.0,0.0,FIX
2012-06-01 00:00:00-04:00,8.8100004196167,9.180000305175781,8.8100004196167,9.0,8.020037651062012,148000,0.0,0.0,FIX
2012-06-04 00:00:00-04:00,9.050000190734863,9.180000305175781,8.989999771118164,9.039999961853027,8.055681228637695,90700,0.0,0.0,FIX
2012-06-05 00:00:00-04:00,9.010000228881836,9.260000228881836,8.979999542236328,9.020000457763672,8.037863731384277,91600,0.0,0.0,FIX
2012-06-06 00:00:00-04:00,9.130000114440918,9.289999961853027,9.100000381469727,9.289999961853027,8.278461456298828,107200,0.0,0.0,FIX
2012-06-07 00:00:00-04:00,9.460000038146973,9.539999961853027,9.270000457763672,9.3100004196167,8.296289443969727,93400,0.0,0.0,FIX
2012-06-08 00:00:00-04:00,9.260000228881836,9.600000381469727,9.15999984741211,9.5600004196167,8.519063949584961,93600,0.0,0.0,FIX
2012-06-11 00:00:00-04:00,9.720000267028809,9.720000267028809,9.130000114440918,9.15999984741211,8.162613868713379,133300,0.0,0.0,FIX
2012-06-12 00:00:00-04:00,9.25,9.369999885559082,9.069999694824219,9.359999656677246,8.340839385986328,54800,0.0,0.0,FIX
2012-06-13 00:00:00-04:00,9.350000381469727,9.5,9.25,9.3100004196167,8.296289443969727,99200,0.0,0.0,FIX
2012-06-14 00:00:00-04:00,9.350000381469727,9.539999961853027,9.350000381469727,9.449999809265137,8.421040534973145,69600,0.0,0.0,FIX
2012-06-15 00:00:00-04:00,9.4399995803833,9.899999618530273,9.369999885559082,9.850000381469727,8.777491569519043,145300,0.0,0.0,FIX
2012-06-18 00:00:00-04:00,9.729999542236328,9.880000114440918,9.670000076293945,9.699999809265137,8.643821716308594,65100,0.0,0.0,FIX
2012-06-19 00:00:00-04:00,9.720000267028809,10.09000015258789,9.710000038146973,10.039999961853027,8.94680118560791,71100,0.0,0.0,FIX
2012-06-20 00:00:00-04:00,10.0600004196167,10.09000015258789,9.8100004196167,9.850000381469727,8.777491569519043,55200,0.0,0.0,FIX
2012-06-21 00:00:00-04:00,9.8100004196167,9.9399995803833,9.279999732971191,9.300000190734863,8.287373542785645,63900,0.0,0.0,FIX
2012-06-22 00:00:00-04:00,9.390000343322754,9.449999809265137,9.180000305175781,9.300000190734863,8.287373542785645,397300,0.0,0.0,FIX
2012-06-25 00:00:00-04:00,9.149999618530273,9.329999923706055,9.140000343322754,9.199999809265137,8.198261260986328,77800,0.0,0.0,FIX
2012-06-26 00:00:00-04:00,9.1899995803833,9.369999885559082,9.100000381469727,9.279999732971191,8.269552230834961,53500,0.0,0.0,FIX
2012-06-27 00:00:00-04:00,9.300000190734863,9.40999984741211,9.279999732971191,9.380000114440918,8.35866641998291,67300,0.0,0.0,FIX
2012-06-28 00:00:00-04:00,9.270000457763672,9.569999694824219,9.220000267028809,9.569999694824219,8.527976036071777,55700,0.0,0.0,FIX
2012-06-29 00:00:00-04:00,9.84000015258789,10.079999923706055,9.789999961853027,10.020000457763672,8.92897891998291,104400,0.0,0.0,FIX
2012-07-02 00:00:00-04:00,10.0,10.430000305175781,9.960000038146973,10.399999618530273,9.267596244812012,161700,0.0,0.0,FIX
2012-07-03 00:00:00-04:00,10.4399995803833,10.75,10.390000343322754,10.729999542236328,9.561668395996094,62300,0.0,0.0,FIX
2012-07-05 00:00:00-04:00,10.680000305175781,10.899999618530273,10.59000015258789,10.770000457763672,9.597315788269043,76200,0.0,0.0,FIX
2012-07-06 00:00:00-04:00,10.609999656677246,10.699999809265137,10.119999885559082,10.170000076293945,9.062644958496094,83500,0.0,0.0,FIX
2012-07-09 00:00:00-04:00,10.149999618530273,10.279999732971191,10.0,10.149999618530273,9.044821739196777,116400,0.0,0.0,FIX
2012-07-10 00:00:00-04:00,10.260000228881836,10.260000228881836,9.880000114440918,9.949999809265137,8.866601943969727,46300,0.0,0.0,FIX
2012-07-11 00:00:00-04:00,10.0,10.050000190734863,9.869999885559082,9.989999771118164,8.902243614196777,61000,0.0,0.0,FIX
2012-07-12 00:00:00-04:00,9.920000076293945,10.460000038146973,9.859999656677246,10.390000343322754,9.258689880371094,58900,0.0,0.0,FIX
2012-07-13 00:00:00-04:00,10.40999984741211,10.699999809265137,10.40999984741211,10.59000015258789,9.436912536621094,88800,0.0,0.0,FIX
2012-07-16 00:00:00-04:00,10.539999961853027,10.699999809265137,10.4399995803833,10.479999542236328,9.338890075683594,73700,0.0,0.0,FIX
2012-07-17 00:00:00-04:00,10.600000381469727,10.600000381469727,10.229999542236328,10.4399995803833,9.303242683410645,40400,0.0,0.0,FIX
2012-07-18 00:00:00-04:00,10.449999809265137,10.65999984741211,10.369999885559082,10.460000038146973,9.32106876373291,93900,0.0,0.0,FIX
2012-07-19 00:00:00-04:00,10.520000457763672,10.5600004196167,10.390000343322754,10.460000038146973,9.32106876373291,32100,0.0,0.0,FIX
2012-07-20 00:00:00-04:00,10.319999694824219,10.350000381469727,10.100000381469727,10.119999885559082,9.018086433410645,93700,0.0,0.0,FIX
2012-07-23 00:00:00-04:00,9.899999618530273,10.1899995803833,9.859999656677246,10.069999694824219,8.973532676696777,43900,0.0,0.0,FIX
2012-07-24 00:00:00-04:00,10.119999885559082,10.180000305175781,9.630000114440918,9.670000076293945,8.617086410522461,45300,0.0,0.0,FIX
2012-07-25 00:00:00-04:00,9.760000228881836,9.829999923706055,9.430000305175781,9.4399995803833,8.412132263183594,40700,0.0,0.0,FIX
2012-07-26 00:00:00-04:00,9.649999618530273,9.720000267028809,9.430000305175781,9.5,8.465599060058594,32600,0.0,0.0,FIX
2012-07-27 00:00:00-04:00,9.550000190734863,10.25,9.289999961853027,10.180000305175781,9.071558952331543,68500,0.0,0.0,FIX
2012-07-30 00:00:00-04:00,10.220000267028809,10.279999732971191,9.960000038146973,9.979999542236328,8.893332481384277,30700,0.0,0.0,FIX
2012-07-31 00:00:00-04:00,9.90999984741211,10.15999984741211,9.779999732971191,9.789999961853027,8.724023818969727,53000,0.0,0.0,FIX
2012-08-01 00:00:00-04:00,9.880000114440918,10.100000381469727,8.979999542236328,9.100000381469727,8.109153747558594,168300,0.0,0.0,FIX
2012-08-02 00:00:00-04:00,9.550000190734863,10.350000381469727,9.550000190734863,10.029999732971191,8.937882423400879,118800,0.0,0.0,FIX
2012-08-03 00:00:00-04:00,10.260000228881836,10.75,10.229999542236328,10.75,9.579490661621094,92300,0.0,0.0,FIX
2012-08-06 00:00:00-04:00,10.789999961853027,10.800000190734863,10.479999542236328,10.670000076293945,9.508199691772461,79200,0.0,0.0,FIX
2012-08-07 00:00:00-04:00,10.800000190734863,10.869999885559082,10.680000305175781,10.729999542236328,9.561668395996094,98000,0.0,0.0,FIX
2012-08-08 00:00:00-04:00,10.670000076293945,10.789999961853027,10.619999885559082,10.739999771118164,9.570582389831543,53000,0.0,0.0,FIX
2012-08-09 00:00:00-04:00,10.6899995803833,10.819999694824219,10.670000076293945,10.710000038146973,9.588484764099121,46100,0.05,0.0,FIX
2012-08-10 00:00:00-04:00,10.6899995803833,10.710000038146973,10.489999771118164,10.619999885559082,9.507911682128906,68300,0.0,0.0,FIX
2012-08-13 00:00:00-04:00,10.630000114440918,10.8100004196167,10.600000381469727,10.8100004196167,9.678014755249023,45900,0.0,0.0,FIX
2012-08-14 00:00:00-04:00,10.930000305175781,10.930000305175781,10.359999656677246,10.430000305175781,9.337807655334473,106200,0.0,0.0,FIX
2012-08-15 00:00:00-04:00,10.420000076293945,10.720000267028809,10.420000076293945,10.670000076293945,9.552674293518066,64600,0.0,0.0,FIX
2012-08-16 00:00:00-04:00,10.640000343322754,10.960000038146973,10.5,10.930000305175781,9.785449981689453,55100,0.0,0.0,FIX
2012-08-17 00:00:00-04:00,10.789999961853027,11.050000190734863,10.729999542236328,10.970000267028809,9.821263313293457,82900,0.0,0.0,FIX
2012-08-20 00:00:00-04:00,10.90999984741211,11.020000457763672,10.779999732971191,11.020000457763672,9.866022109985352,44200,0.0,0.0,FIX
2012-08-21 00:00:00-04:00,11.100000381469727,11.460000038146973,10.979999542236328,11.039999961853027,9.883926391601562,68300,0.0,0.0,FIX
2012-08-22 00:00:00-04:00,11.039999961853027,11.039999961853027,10.670000076293945,10.75,9.624297142028809,74800,0.0,0.0,FIX
2012-08-23 00:00:00-04:00,10.770000457763672,10.770000457763672,10.630000114440918,10.680000305175781,9.561628341674805,20900,0.0,0.0,FIX
2012-08-24 00:00:00-04:00,10.619999885559082,10.829999923706055,10.600000381469727,10.829999923706055,9.695921897888184,28700,0.0,0.0,FIX
2012-08-27 00:00:00-04:00,10.869999885559082,10.920000076293945,10.619999885559082,10.90999984741211,9.767541885375977,34100,0.0,0.0,FIX
2012-08-28 00:00:00-04:00,10.880000114440918,11.100000381469727,10.84000015258789,11.0,9.848114967346191,59000,0.0,0.0,FIX
2012-08-29 00:00:00-04:00,11.050000190734863,11.0600004196167,10.920000076293945,10.9399995803833,9.794402122497559,64600,0.0,0.0,FIX
2012-08-30 00:00:00-04:00,10.850000381469727,10.850000381469727,10.649999618530273,10.680000305175781,9.561628341674805,27900,0.0,0.0,FIX
2012-08-31 00:00:00-04:00,10.829999923706055,10.829999923706055,10.260000228881836,10.319999694824219,9.239324569702148,125700,0.0,0.0,FIX
2012-09-04 00:00:00-04:00,10.300000190734863,10.380000114440918,10.170000076293945,10.329999923706055,9.24828052520752,107000,0.0,0.0,FIX
2012-09-05 00:00:00-04:00,10.359999656677246,10.390000343322754,10.140000343322754,10.180000305175781,9.11398696899414,112700,0.0,0.0,FIX
2012-09-06 00:00:00-04:00,10.300000190734863,11.09000015258789,10.300000190734863,11.020000457763672,9.866022109985352,86100,0.0,0.0,FIX
2012-09-07 00:00:00-04:00,11.119999885559082,11.149999618530273,10.9399995803833,11.029999732971191,9.874977111816406,44200,0.0,0.0,FIX
2012-09-10 00:00:00-04:00,11.050000190734863,11.380000114440918,11.050000190734863,11.210000038146973,10.036124229431152,45700,0.0,0.0,FIX
2012-09-11 00:00:00-04:00,11.25,11.420000076293945,11.130000114440918,11.300000190734863,10.116703987121582,37700,0.0,0.0,FIX
2012-09-12 00:00:00-04:00,11.380000114440918,11.380000114440918,11.050000190734863,11.229999542236328,10.054031372070312,49500,0.0,0.0,FIX
2012-09-13 00:00:00-04:00,11.279999732971191,11.630000114440918,11.050000190734863,11.520000457763672,10.313663482666016,99700,0.0,0.0,FIX
2012-09-14 00:00:00-04:00,11.609999656677246,11.729999542236328,11.40999984741211,11.539999961853027,10.33156967163086,122900,0.0,0.0,FIX
2012-09-17 00:00:00-04:00,11.5,11.6899995803833,11.170000076293945,11.670000076293945,10.447956085205078,48500,0.0,0.0,FIX
2012-09-18 00:00:00-04:00,11.649999618530273,11.649999618530273,11.430000305175781,11.489999771118164,10.286805152893066,98700,0.0,0.0,FIX
2012-09-19 00:00:00-04:00,11.520000457763672,11.520000457763672,11.300000190734863,11.420000076293945,10.224136352539062,48500,0.0,0.0,FIX
2012-09-20 00:00:00-04:00,11.359999656677246,11.510000228881836,11.25,11.460000038146973,10.259949684143066,29300,0.0,0.0,FIX
2012-09-21 00:00:00-04:00,11.649999618530273,11.829999923706055,11.630000114440918,11.819999694824219,10.582250595092773,194000,0.0,0.0,FIX
2012-09-24 00:00:00-04:00,11.729999542236328,11.869999885559082,11.569999694824219,11.670000076293945,10.447956085205078,87400,0.0,0.0,FIX
2012-09-25 00:00:00-04:00,11.789999961853027,11.880000114440918,11.3100004196167,11.329999923706055,10.143561363220215,102800,0.0,0.0,FIX
2012-09-26 00:00:00-04:00,11.40999984741211,11.5,11.09000015258789,11.170000076293945,10.000313758850098,53800,0.0,0.0,FIX
2012-09-27 00:00:00-04:00,11.229999542236328,11.289999961853027,11.039999961853027,11.25,10.071937561035156,73200,0.0,0.0,FIX
2012-09-28 00:00:00-04:00,11.170000076293945,11.199999809265137,10.90999984741211,10.930000305175781,9.785449981689453,59000,0.0,0.0,FIX
2012-10-01 00:00:00-04:00,11.020000457763672,11.140000343322754,10.84000015258789,10.920000076293945,9.776493072509766,63900,0.0,0.0,FIX
2012-10-02 00:00:00-04:00,11.0,11.0,10.859999656677246,10.949999809265137,9.803353309631348,39800,0.0,0.0,FIX
2012-10-03 00:00:00-04:00,10.960000038146973,10.960000038146973,10.779999732971191,10.789999961853027,9.66010856628418,32200,0.0,0.0,FIX
2012-10-04 00:00:00-04:00,10.850000381469727,10.890000343322754,10.539999961853027,10.890000343322754,9.749635696411133,41300,0.0,0.0,FIX
2012-10-05 00:00:00-04:00,10.920000076293945,11.199999809265137,10.920000076293945,11.09000015258789,9.928691864013672,25600,0.0,0.0,FIX
2012-10-08 00:00:00-04:00,10.989999771118164,11.0,10.770000457763672,10.779999732971191,9.651156425476074,27200,0.0,0.0,FIX
2012-10-09 00:00:00-04:00,10.760000228881836,10.760000228881836,10.1899995803833,10.25,9.176652908325195,103100,0.0,0.0,FIX
2012-10-10 00:00:00-04:00,10.270000457763672,10.369999885559082,10.100000381469727,10.329999923706055,9.24828052520752,54400,0.0,0.0,FIX
2012-10-11 00:00:00-04:00,10.470000267028809,10.569999694824219,10.319999694824219,10.329999923706055,9.24828052520752,42100,0.0,0.0,FIX
2012-10-12 00:00:00-04:00,10.359999656677246,10.5,10.220000267028809,10.319999694824219,9.239324569702148,56000,0.0,0.0,FIX
2012-10-15 00:00:00-04:00,10.359999656677246,10.5600004196167,10.1899995803833,10.539999961853027,9.436286926269531,52300,0.0,0.0,FIX
2012-10-16 00:00:00-04:00,10.59000015258789,10.829999923706055,10.59000015258789,10.699999809265137,9.579530715942383,40700,0.0,0.0,FIX
2012-10-17 00:00:00-04:00,10.75,10.829999923706055,10.569999694824219,10.829999923706055,9.695921897888184,48400,0.0,0.0,FIX
2012-10-18 00:00:00-04:00,10.850000381469727,11.029999732971191,10.84000015258789,10.880000114440918,9.74068546295166,44000,0.0,0.0,FIX
2012-10-19 00:00:00-04:00,10.75,10.75,10.140000343322754,10.25,9.176652908325195,77000,0.0,0.0,FIX
2012-10-22 00:00:00-04:00,10.229999542236328,10.300000190734863,10.119999885559082,10.220000267028809,9.149795532226562,41600,0.0,0.0,FIX
2012-10-23 00:00:00-04:00,10.140000343322754,10.3100004196167,10.100000381469727,10.260000228881836,9.185609817504883,42500,0.0,0.0,FIX
2012-10-24 00:00:00-04:00,10.34000015258789,10.5600004196167,10.229999542236328,10.550000190734863,9.445242881774902,130300,0.0,0.0,FIX
2012-10-25 00:00:00-04:00,10.680000305175781,10.819999694824219,10.529999732971191,10.8100004196167,9.678014755249023,65300,0.0,0.0,FIX
2012-10-26 00:00:00-04:00,10.829999923706055,10.979999542236328,10.65999984741211,10.729999542236328,9.606393814086914,83300,0.0,0.0,FIX
2012-10-31 00:00:00-04:00,10.770000457763672,10.930000305175781,10.720000267028809,10.899999618530273,9.758584022521973,46100,0.0,0.0,FIX
2012-11-01 00:00:00-04:00,10.960000038146973,10.970000267028809,10.770000457763672,10.800000190734863,9.669061660766602,66700,0.0,0.0,FIX
2012-11-02 00:00:00-04:00,10.84000015258789,10.970000267028809,10.5,10.640000343322754,9.525819778442383,87200,0.0,0.0,FIX
2012-11-05 00:00:00-05:00,10.619999885559082,11.010000228881836,10.619999885559082,10.720000267028809,9.597439765930176,47200,0.0,0.0,FIX
2012-11-06 00:00:00-05:00,10.800000190734863,10.930000305175781,10.65999984741211,10.920000076293945,9.776493072509766,46300,0.0,0.0,FIX
2012-11-07 00:00:00-05:00,10.670000076293945,10.770000457763672,10.270000457763672,10.270000457763672,9.236855506896973,59600,0.05,0.0,FIX
2012-11-08 00:00:00-05:00,10.210000038146973,10.210000038146973,9.899999618530273,9.899999618530273,8.904073715209961,79600,0.0,0.0,FIX
2012-11-09 00:00:00-05:00,9.850000381469727,10.449999809265137,9.850000381469727,10.220000267028809,9.191883087158203,54200,0.0,0.0,FIX
2012-11-12 00:00:00-05:00,10.300000190734863,10.369999885559082,10.130000114440918,10.210000038146973,9.182890892028809,24300,0.0,0.0,FIX
2012-11-13 00:00:00-05:00,10.15999984741211,10.329999923706055,9.989999771118164,10.010000228881836,9.003006935119629,36900,0.0,0.0,FIX
2012-11-14 00:00:00-05:00,10.069999694824219,10.069999694824219,9.569999694824219,9.609999656677246,8.64324951171875,92300,0.0,0.0,FIX
2012-11-15 00:00:00-05:00,9.630000114440918,9.819999694824219,9.520000457763672,9.6899995803833,8.715200424194336,67800,0.0,0.0,FIX
2012-11-16 00:00:00-05:00,9.630000114440918,10.109999656677246,9.5,10.020000457763672,9.012007713317871,108800,0.0,0.0,FIX
2012-11-19 00:00:00-05:00,10.1899995803833,10.390000343322754,10.079999923706055,10.380000114440918,9.33578872680664,40100,0.0,0.0,FIX
2012-11-20 00:00:00-05:00,10.319999694824219,10.420000076293945,10.170000076293945,10.199999809265137,9.173894882202148,44400,0.0,0.0,FIX
2012-11-21 00:00:00-05:00,10.210000038146973,10.420000076293945,9.979999542236328,10.369999885559082,9.326796531677246,48300,0.0,0.0,FIX
2012-11-23 00:00:00-05:00,10.390000343322754,10.520000457763672,10.380000114440918,10.510000228881836,9.452714920043945,26500,0.0,0.0,FIX
2012-11-26 00:00:00-05:00,10.460000038146973,10.699999809265137,10.449999809265137,10.6899995803833,9.614605903625488,56400,0.0,0.0,FIX
2012-11-27 00:00:00-05:00,10.6899995803833,10.850000381469727,10.670000076293945,10.770000457763672,9.686554908752441,38700,0.0,0.0,FIX
2012-11-28 00:00:00-05:00,10.670000076293945,10.75,10.5,10.6899995803833,9.614605903625488,57100,0.0,0.0,FIX
2012-11-29 00:00:00-05:00,10.649999618530273,10.930000305175781,10.449999809265137,10.890000343322754,9.794483184814453,74500,0.0,0.0,FIX
2012-11-30 00:00:00-05:00,10.949999809265137,10.949999809265137,10.649999618530273,10.8100004196167,9.722533226013184,109100,0.0,0.0,FIX
2012-12-03 00:00:00-05:00,10.90999984741211,11.0,10.800000190734863,10.979999542236328,9.875429153442383,40500,0.0,0.0,FIX
2012-12-04 00:00:00-05:00,11.0,11.180000305175781,10.880000114440918,11.15999984741211,10.037322044372559,66000,0.0,0.0,FIX
2012-12-05 00:00:00-05:00,11.1899995803833,11.220000267028809,11.050000190734863,11.140000343322754,10.019335746765137,50400,0.0,0.0,FIX
2012-12-06 00:00:00-05:00,11.149999618530273,11.1899995803833,10.960000038146973,11.15999984741211,10.037322044372559,78800,0.0,0.0,FIX
2012-12-07 00:00:00-05:00,11.069999694824219,11.069999694824219,10.680000305175781,10.739999771118164,9.659570693969727,65400,0.0,0.0,FIX
2012-12-10 00:00:00-05:00,10.8100004196167,10.979999542236328,10.739999771118164,10.9399995803833,9.83945369720459,45800,0.0,0.0,FIX
2012-12-11 00:00:00-05:00,11.069999694824219,11.470000267028809,11.020000457763672,11.4399995803833,10.289156913757324,112300,0.0,0.0,FIX
2012-12-12 00:00:00-05:00,11.449999809265137,11.710000038146973,11.329999923706055,11.4399995803833,10.289156913757324,183800,0.0,0.0,FIX
2012-12-13 00:00:00-05:00,11.470000267028809,11.5,11.279999732971191,11.399999618530273,10.253181457519531,45500,0.0,0.0,FIX
2012-12-14 00:00:00-05:00,11.329999923706055,11.479999542236328,11.199999809265137,11.350000381469727,10.208210945129395,57200,0.0,0.0,FIX
2012-12-17 00:00:00-05:00,11.40999984741211,11.84000015258789,11.319999694824219,11.819999694824219,10.630927085876465,292500,0.0,0.0,FIX
2012-12-18 00:00:00-05:00,11.829999923706055,11.869999885559082,11.710000038146973,11.859999656677246,10.66690444946289,148300,0.0,0.0,FIX
2012-12-19 00:00:00-05:00,11.859999656677246,11.890000343322754,11.6899995803833,11.770000457763672,10.585957527160645,84900,0.0,0.0,FIX
2012-12-20 00:00:00-05:00,11.770000457763672,11.800000190734863,11.65999984741211,11.739999771118164,10.55897331237793,88400,0.0,0.0,FIX
2012-12-21 00:00:00-05:00,11.579999923706055,11.8100004196167,11.510000228881836,11.75,10.567970275878906,339200,0.0,0.0,FIX
2012-12-24 00:00:00-05:00,11.739999771118164,11.850000381469727,11.460000038146973,11.8100004196167,10.62193489074707,68600,0.0,0.0,FIX
2012-12-26 00:00:00-05:00,11.859999656677246,12.039999961853027,11.710000038146973,11.920000076293945,10.720871925354004,101800,0.0,0.0,FIX
2012-12-27 00:00:00-05:00,11.960000038146973,11.970000267028809,11.579999923706055,11.8100004196167,10.62193489074707,73600,0.0,0.0,FIX
2012-12-28 00:00:00-05:00,11.729999542236328,11.970000267028809,11.680000305175781,11.720000267028809,10.540987014770508,80000,0.0,0.0,FIX
2012-12-31 00:00:00-05:00,11.770000457763672,12.210000038146973,11.630000114440918,12.15999984741211,10.936726570129395,124200,0.0,0.0,FIX
2013-01-02 00:00:00-05:00,12.510000228881836,12.680000305175781,12.239999771118164,12.449999809265137,11.197551727294922,263100,0.0,0.0,FIX
2013-01-03 00:00:00-05:00,12.5,12.619999885559082,12.420000076293945,12.550000190734863,11.287490844726562,73500,0.0,0.0,FIX
2013-01-04 00:00:00-05:00,12.65999984741211,12.960000038146973,12.59000015258789,12.779999732971191,11.49434757232666,102600,0.0,0.0,FIX
2013-01-07 00:00:00-05:00,12.6899995803833,12.699999809265137,12.59000015258789,12.65999984741211,11.386421203613281,39600,0.0,0.0,FIX
2013-01-08 00:00:00-05:00,12.640000343322754,12.770000457763672,12.460000038146973,12.539999961853027,11.278494834899902,32500,0.0,0.0,FIX
2013-01-09 00:00:00-05:00,12.619999885559082,12.680000305175781,12.529999732971191,12.600000381469727,11.3324613571167,81600,0.0,0.0,FIX
2013-01-10 00:00:00-05:00,12.699999809265137,12.75,12.579999923706055,12.680000305175781,11.404413223266602,78900,0.0,0.0,FIX
2013-01-11 00:00:00-05:00,12.680000305175781,12.680000305175781,12.399999618530273,12.59000015258789,11.323467254638672,253800,0.0,0.0,FIX
2013-01-14 00:00:00-05:00,12.539999961853027,12.84000015258789,12.529999732971191,12.649999618530273,11.377429008483887,259800,0.0,0.0,FIX
2013-01-15 00:00:00-05:00,12.520000457763672,12.720000267028809,12.479999542236328,12.630000114440918,11.359441757202148,92000,0.0,0.0,FIX
2013-01-16 00:00:00-05:00,12.59000015258789,12.59000015258789,12.369999885559082,12.430000305175781,11.179561614990234,67200,0.0,0.0,FIX
2013-01-17 00:00:00-05:00,12.550000190734863,12.619999885559082,12.430000305175781,12.489999771118164,11.233525276184082,110400,0.0,0.0,FIX
2013-01-18 00:00:00-05:00,12.510000228881836,12.59000015258789,12.479999542236328,12.529999732971191,11.269503593444824,87900,0.0,0.0,FIX
2013-01-22 00:00:00-05:00,12.5,12.859999656677246,12.449999809265137,12.829999923706055,11.539323806762695,131200,0.0,0.0,FIX
2013-01-23 00:00:00-05:00,12.859999656677246,12.869999885559082,12.729999542236328,12.859999656677246,11.566307067871094,97000,0.0,0.0,FIX
2013-01-24 00:00:00-05:00,12.899999618530273,12.970000267028809,12.6899995803833,12.720000267028809,11.440388679504395,168100,0.0,0.0,FIX
2013-01-25 00:00:00-05:00,12.829999923706055,12.829999923706055,12.630000114440918,12.8100004196167,11.521333694458008,77300,0.0,0.0,FIX
2013-01-28 00:00:00-05:00,12.829999923706055,13.020000457763672,12.670000076293945,12.930000305175781,11.62926197052002,113200,0.0,0.0,FIX
2013-01-29 00:00:00-05:00,12.920000076293945,13.140000343322754,12.850000381469727,12.979999542236328,11.674235343933105,85900,0.0,0.0,FIX
2013-01-30 00:00:00-05:00,13.0,13.0,12.569999694824219,12.640000343322754,11.368435859680176,67300,0.0,0.0,FIX
2013-01-31 00:00:00-05:00,12.640000343322754,12.930000305175781,12.619999885559082,12.90999984741211,11.611272811889648,79900,0.0,0.0,FIX
2013-02-01 00:00:00-05:00,13.010000228881836,13.050000190734863,12.949999809265137,13.010000228881836,11.701213836669922,115700,0.0,0.0,FIX
2013-02-04 00:00:00-05:00,12.430000305175781,12.430000305175781,11.899999618530273,12.09000015258789,10.873766899108887,162500,0.0,0.0,FIX
2013-02-05 00:00:00-05:00,12.149999618530273,12.300000190734863,12.100000381469727,12.25,11.017667770385742,130100,0.0,0.0,FIX
2013-02-06 00:00:00-05:00,12.149999618530273,12.15999984741211,11.829999923706055,11.899999618530273,10.702880859375,113000,0.0,0.0,FIX
2013-02-07 00:00:00-05:00,11.920000076293945,12.050000190734863,11.739999771118164,11.949999809265137,10.747848510742188,102800,0.0,0.0,FIX
2013-02-08 00:00:00-05:00,12.010000228881836,12.100000381469727,11.930000305175781,12.029999732971191,10.819798469543457,33400,0.0,0.0,FIX
2013-02-11 00:00:00-05:00,12.0600004196167,12.069999694824219,11.890000343322754,11.989999771118164,10.783825874328613,59300,0.0,0.0,FIX
2013-02-12 00:00:00-05:00,12.039999961853027,12.25,12.029999732971191,12.140000343322754,10.918732643127441,66900,0.0,0.0,FIX
2013-02-13 00:00:00-05:00,12.199999809265137,12.319999694824219,12.039999961853027,12.170000076293945,10.945716857910156,86700,0.0,0.0,FIX
2013-02-14 00:00:00-05:00,12.119999885559082,12.279999732971191,12.100000381469727,12.199999809265137,10.972698211669922,58800,0.0,0.0,FIX
2013-02-15 00:00:00-05:00,12.25,12.649999618530273,12.1899995803833,12.449999809265137,11.197551727294922,82800,0.0,0.0,FIX
2013-02-19 00:00:00-05:00,12.5,12.84000015258789,12.5,12.829999923706055,11.539323806762695,155700,0.0,0.0,FIX
2013-02-20 00:00:00-05:00,12.880000114440918,12.920000076293945,12.399999618530273,12.399999618530273,11.152578353881836,107000,0.0,0.0,FIX
2013-02-21 00:00:00-05:00,12.390000343322754,12.619999885559082,12.359999656677246,12.550000190734863,11.287490844726562,48400,0.0,0.0,FIX
2013-02-22 00:00:00-05:00,12.680000305175781,12.789999961853027,12.489999771118164,12.770000457763672,11.485357284545898,59900,0.0,0.0,FIX
2013-02-25 00:00:00-05:00,12.850000381469727,12.850000381469727,12.229999542236328,12.260000228881836,11.02666187286377,98600,0.0,0.0,FIX
2013-02-26 00:00:00-05:00,12.350000381469727,12.65999984741211,12.1899995803833,12.430000305175781,11.179561614990234,36900,0.0,0.0,FIX
2013-02-27 00:00:00-05:00,12.449999809265137,12.829999923706055,12.449999809265137,12.619999885559082,11.350446701049805,68400,0.0,0.0,FIX
2013-02-28 00:00:00-05:00,12.630000114440918,12.75,12.4399995803833,12.479999542236328,11.224536895751953,77600,0.0,0.0,FIX
2013-03-01 00:00:00-05:00,12.279999732971191,12.850000381469727,12.079999923706055,12.779999732971191,11.49434757232666,92800,0.0,0.0,FIX
2013-03-04 00:00:00-05:00,12.6899995803833,12.729999542236328,12.020000457763672,12.149999618530273,10.927730560302734,171200,0.0,0.0,FIX
2013-03-05 00:00:00-05:00,12.289999961853027,12.380000114440918,12.15999984741211,12.239999771118164,11.008676528930664,152500,0.0,0.0,FIX
2013-03-06 00:00:00-05:00,12.289999961853027,12.829999923706055,12.289999961853027,12.819999694824219,11.530328750610352,66700,0.0,0.0,FIX
2013-03-07 00:00:00-05:00,12.739999771118164,12.75,12.430000305175781,12.449999809265137,11.241393089294434,65400,0.05,0.0,FIX
2013-03-08 00:00:00-05:00,12.619999885559082,12.90999984741211,12.4399995803833,12.880000114440918,11.62965202331543,128600,0.0,0.0,FIX
2013-03-11 00:00:00-04:00,12.8100004196167,12.949999809265137,12.65999984741211,12.729999542236328,11.494211196899414,57800,0.0,0.0,FIX
2013-03-12 00:00:00-04:00,12.760000228881836,12.829999923706055,12.5600004196167,12.789999961853027,11.548386573791504,61900,0.0,0.0,FIX
2013-03-13 00:00:00-04:00,12.789999961853027,12.989999771118164,12.680000305175781,12.869999885559082,11.620622634887695,48600,0.0,0.0,FIX
2013-03-14 00:00:00-04:00,12.930000305175781,13.390000343322754,12.859999656677246,13.300000190734863,12.008875846862793,71000,0.0,0.0,FIX
2013-03-15 00:00:00-04:00,13.239999771118164,13.65999984741211,13.229999542236328,13.609999656677246,12.288787841796875,143800,0.0,0.0,FIX
2013-03-18 00:00:00-04:00,13.399999618530273,13.6899995803833,13.399999618530273,13.609999656677246,12.288787841796875,60300,0.0,0.0,FIX
2013-03-19 00:00:00-04:00,13.670000076293945,13.739999771118164,13.449999809265137,13.65999984741211,12.333930015563965,108400,0.0,0.0,FIX
2013-03-20 00:00:00-04:00,13.890000343322754,13.960000038146973,13.680000305175781,13.859999656677246,12.514511108398438,90900,0.0,0.0,FIX
2013-03-21 00:00:00-04:00,13.850000381469727,13.850000381469727,13.449999809265137,13.779999732971191,12.442283630371094,149300,0.0,0.0,FIX
2013-03-22 00:00:00-04:00,13.899999618530273,14.0,13.800000190734863,13.970000267028809,12.613838195800781,76600,0.0,0.0,FIX
2013-03-25 00:00:00-04:00,14.0,14.180000305175781,13.829999923706055,14.100000381469727,12.731215476989746,101500,0.0,0.0,FIX
2013-03-26 00:00:00-04:00,14.239999771118164,14.270000457763672,13.970000267028809,14.1899995803833,12.81247615814209,59700,0.0,0.0,FIX
2013-03-27 00:00:00-04:00,14.09000015258789,14.180000305175781,14.020000457763672,14.109999656677246,12.740246772766113,54700,0.0,0.0,FIX
2013-03-28 00:00:00-04:00,14.1899995803833,14.199999809265137,14.020000457763672,14.09000015258789,12.722186088562012,84600,0.0,0.0,FIX
2013-04-01 00:00:00-04:00,14.069999694824219,14.15999984741211,13.520000457763672,13.649999618530273,12.32490062713623,122600,0.0,0.0,FIX
2013-04-02 00:00:00-04:00,13.819999694824219,13.869999885559082,13.260000228881836,13.319999694824219,12.026933670043945,50900,0.0,0.0,FIX
2013-04-03 00:00:00-04:00,13.329999923706055,13.460000038146973,13.109999656677246,13.239999771118164,11.954702377319336,90800,0.0,0.0,FIX
2013-04-04 00:00:00-04:00,13.260000228881836,13.420000076293945,13.260000228881836,13.380000114440918,12.08111572265625,37300,0.0,0.0,FIX
2013-04-05 00:00:00-04:00,13.119999885559082,13.279999732971191,12.899999618530273,13.069999694824219,11.80120849609375,106900,0.0,0.0,FIX
2013-04-08 00:00:00-04:00,13.149999618530273,13.329999923706055,13.069999694824219,13.289999961853027,11.999848365783691,50400,0.0,0.0,FIX
2013-04-09 00:00:00-04:00,13.3100004196167,13.380000114440918,13.050000190734863,13.069999694824219,11.80120849609375,57600,0.0,0.0,FIX
2013-04-10 00:00:00-04:00,13.069999694824219,13.670000076293945,13.069999694824219,13.520000457763672,12.207521438598633,89600,0.0,0.0,FIX
2013-04-11 00:00:00-04:00,13.479999542236328,13.699999809265137,13.40999984741211,13.520000457763672,12.207521438598633,39500,0.0,0.0,FIX
2013-04-12 00:00:00-04:00,13.420000076293945,13.529999732971191,13.3100004196167,13.479999542236328,12.171402931213379,42100,0.0,0.0,FIX
2013-04-15 00:00:00-04:00,13.3100004196167,13.369999885559082,12.279999732971191,12.399999618530273,11.196247100830078,109300,0.0,0.0,FIX
2013-04-16 00:00:00-04:00,12.579999923706055,12.670000076293945,12.399999618530273,12.550000190734863,11.331684112548828,82400,0.0,0.0,FIX
2013-04-17 00:00:00-04:00,12.4399995803833,12.550000190734863,11.949999809265137,12.199999809265137,11.01566219329834,142100,0.0,0.0,FIX
2013-04-18 00:00:00-04:00,12.260000228881836,12.329999923706055,11.979999542236328,12.050000190734863,10.880224227905273,81300,0.0,0.0,FIX
2013-04-19 00:00:00-04:00,12.069999694824219,12.260000228881836,11.930000305175781,12.229999542236328,11.042750358581543,70500,0.0,0.0,FIX
2013-04-22 00:00:00-04:00,12.3100004196167,12.630000114440918,11.869999885559082,12.489999771118164,11.277511596679688,104800,0.0,0.0,FIX
2013-04-23 00:00:00-04:00,12.640000343322754,12.800000190734863,12.460000038146973,12.760000228881836,11.521297454833984,51800,0.0,0.0,FIX
2013-04-24 00:00:00-04:00,12.789999961853027,12.90999984741211,12.609999656677246,12.670000076293945,11.440035820007324,47000,0.0,0.0,FIX
2013-04-25 00:00:00-04:00,12.6899995803833,13.069999694824219,12.6899995803833,12.729999542236328,11.494211196899414,52000,0.0,0.0,FIX
2013-04-26 00:00:00-04:00,12.710000038146973,12.710000038146973,12.479999542236328,12.600000381469727,11.37683391571045,88100,0.0,0.0,FIX
2013-04-29 00:00:00-04:00,12.720000267028809,12.779999732971191,12.569999694824219,12.640000343322754,11.412951469421387,53600,0.0,0.0,FIX
2013-04-30 00:00:00-04:00,12.670000076293945,12.899999618530273,12.460000038146973,12.829999923706055,11.584505081176758,146100,0.0,0.0,FIX
2013-05-01 00:00:00-04:00,12.720000267028809,12.739999771118164,11.65999984741211,11.699999809265137,10.564202308654785,157000,0.0,0.0,FIX
2013-05-02 00:00:00-04:00,12.300000190734863,13.25,12.300000190734863,12.869999885559082,11.620622634887695,386100,0.0,0.0,FIX
2013-05-03 00:00:00-04:00,13.140000343322754,13.699999809265137,12.8100004196167,13.40999984741211,12.108197212219238,209900,0.0,0.0,FIX
2013-05-06 00:00:00-04:00,13.449999809265137,13.539999961853027,13.3100004196167,13.479999542236328,12.171402931213379,52900,0.0,0.0,FIX
2013-05-07 00:00:00-04:00,13.550000190734863,13.789999961853027,13.4399995803833,13.489999771118164,12.18043327331543,66800,0.0,0.0,FIX
2013-05-08 00:00:00-04:00,13.479999542236328,13.5600004196167,13.3100004196167,13.5,12.189457893371582,140400,0.0,0.0,FIX
2013-05-09 00:00:00-04:00,13.460000038146973,13.510000228881836,13.079999923706055,13.09000015258789,11.863203048706055,130600,0.05,0.0,FIX
2013-05-10 00:00:00-04:00,13.15999984741211,13.390000343322754,13.09000015258789,13.350000381469727,12.098836898803711,62000,0.0,0.0,FIX
2013-05-13 00:00:00-04:00,13.359999656677246,13.479999542236328,13.210000038146973,13.319999694824219,12.071642875671387,39500,0.0,0.0,FIX
2013-05-14 00:00:00-04:00,13.3100004196167,13.550000190734863,13.1899995803833,13.5,12.234772682189941,92200,0.0,0.0,FIX
2013-05-15 00:00:00-04:00,13.40999984741211,13.489999771118164,13.279999732971191,13.449999809265137,12.189464569091797,69800,0.0,0.0,FIX
2013-05-16 00:00:00-04:00,13.369999885559082,13.520000457763672,13.270000457763672,13.319999694824219,12.071642875671387,38800,0.0,0.0,FIX
2013-05-17 00:00:00-04:00,13.449999809265137,13.550000190734863,13.3100004196167,13.510000228881836,12.243841171264648,126000,0.0,0.0,FIX
2013-05-20 00:00:00-04:00,13.479999542236328,13.539999961853027,13.369999885559082,13.5,12.234772682189941,80100,0.0,0.0,FIX
2013-05-21 00:00:00-04:00,13.520000457763672,13.75,13.40999984741211,13.569999694824219,12.298218727111816,102900,0.0,0.0,FIX
2013-05-22 00:00:00-04:00,13.5600004196167,13.880000114440918,13.369999885559082,13.479999542236328,12.21664810180664,108700,0.0,0.0,FIX
2013-05-23 00:00:00-04:00,13.289999961853027,13.720000267028809,13.289999961853027,13.59000015258789,12.316340446472168,145700,0.0,0.0,FIX
2013-05-24 00:00:00-04:00,13.520000457763672,13.649999618530273,13.430000305175781,13.579999923706055,12.30727767944336,61400,0.0,0.0,FIX
2013-05-28 00:00:00-04:00,13.850000381469727,14.300000190734863,13.850000381469727,14.0,12.687917709350586,212300,0.0,0.0,FIX
2013-05-29 00:00:00-04:00,13.899999618530273,13.970000267028809,13.59000015258789,13.760000228881836,12.470409393310547,237600,0.0,0.0,FIX
2013-05-30 00:00:00-04:00,13.850000381469727,13.9399995803833,13.630000114440918,13.899999618530273,12.597289085388184,52200,0.0,0.0,FIX
2013-05-31 00:00:00-04:00,13.75,14.079999923706055,13.75,13.819999694824219,12.524788856506348,71100,0.0,0.0,FIX
2013-06-03 00:00:00-04:00,14.130000114440918,14.630000114440918,13.979999542236328,14.59000015258789,13.222625732421875,335500,0.0,0.0,FIX
2013-06-04 00:00:00-04:00,14.649999618530273,14.869999885559082,14.510000228881836,14.600000381469727,13.231681823730469,775600,0.0,0.0,FIX
2013-06-05 00:00:00-04:00,14.609999656677246,14.65999984741211,14.329999923706055,14.529999732971191,13.168243408203125,150200,0.0,0.0,FIX
2013-06-06 00:00:00-04:00,14.5,14.899999618530273,14.390000343322754,14.869999885559082,13.4763822555542,148700,0.0,0.0,FIX
2013-06-07 00:00:00-04:00,14.880000114440918,14.979999542236328,14.600000381469727,14.75,13.367629051208496,335100,0.0,0.0,FIX
2013-06-10 00:00:00-04:00,14.880000114440918,14.960000038146973,14.680000305175781,14.869999885559082,13.4763822555542,123900,0.0,0.0,FIX
2013-06-11 00:00:00-04:00,14.59000015258789,14.8100004196167,14.489999771118164,14.6899995803833,13.313250541687012,93300,0.0,0.0,FIX
2013-06-12 00:00:00-04:00,14.880000114440918,14.880000114440918,14.25,14.380000114440918,13.032303810119629,121800,0.0,0.0,FIX
2013-06-13 00:00:00-04:00,14.420000076293945,14.949999809265137,14.369999885559082,14.869999885559082,13.4763822555542,38200,0.0,0.0,FIX
2013-06-14 00:00:00-04:00,14.869999885559082,14.869999885559082,14.329999923706055,14.369999885559082,13.02324104309082,48600,0.0,0.0,FIX
2013-06-17 00:00:00-04:00,14.520000457763672,14.550000190734863,14.34000015258789,14.479999542236328,13.122933387756348,47400,0.0,0.0,FIX
2013-06-18 00:00:00-04:00,14.569999694824219,14.960000038146973,14.489999771118164,14.949999809265137,13.5488862991333,135500,0.0,0.0,FIX
2013-06-19 00:00:00-04:00,14.899999618530273,15.029999732971191,14.59000015258789,14.670000076293945,13.295124053955078,94200,0.0,0.0,FIX
2013-06-20 00:00:00-04:00,14.300000190734863,14.380000114440918,14.069999694824219,14.170000076293945,12.8419828414917,73100,0.0,0.0,FIX
2013-06-21 00:00:00-04:00,14.149999618530273,14.40999984741211,13.9399995803833,14.3100004196167,12.968862533569336,232800,0.0,0.0,FIX
2013-06-24 00:00:00-04:00,14.109999656677246,14.199999809265137,13.899999618530273,13.960000038146973,12.651665687561035,79600,0.0,0.0,FIX
2013-06-25 00:00:00-04:00,14.180000305175781,14.239999771118164,14.050000190734863,14.130000114440918,12.805733680725098,70800,0.0,0.0,FIX
2013-06-26 00:00:00-04:00,14.630000114440918,14.90999984741211,14.449999809265137,14.640000343322754,13.267935752868652,177800,0.0,0.0,FIX
2013-06-27 00:00:00-04:00,14.819999694824219,15.350000381469727,14.710000038146973,15.329999923706055,13.893272399902344,141600,0.0,0.0,FIX
2013-06-28 00:00:00-04:00,15.319999694824219,15.420000076293945,14.920000076293945,14.920000076293945,13.521697044372559,390000,0.0,0.0,FIX
2013-07-01 00:00:00-04:00,15.149999618530273,15.430000305175781,15.100000381469727,15.329999923706055,13.893272399902344,128700,0.0,0.0,FIX
2013-07-02 00:00:00-04:00,15.359999656677246,15.460000038146973,14.920000076293945,15.170000076293945,13.74826431274414,84500,0.0,0.0,FIX
2013-07-03 00:00:00-04:00,15.15999984741211,15.399999618530273,15.149999618530273,15.390000343322754,13.947644233703613,42500,0.0,0.0,FIX
2013-07-05 00:00:00-04:00,15.5,15.5600004196167,15.260000228881836,15.5600004196167,14.101714134216309,65300,0.0,0.0,FIX
2013-07-08 00:00:00-04:00,15.6899995803833,15.729999542236328,15.470000267028809,15.609999656677246,14.147027015686035,83100,0.0,0.0,FIX
2013-07-09 00:00:00-04:00,15.789999961853027,15.970000267028809,15.65999984741211,15.949999809265137,14.455159187316895,156400,0.0,0.0,FIX
2013-07-10 00:00:00-04:00,15.979999542236328,16.079999923706055,15.75,15.960000038146973,14.464229583740234,100800,0.0,0.0,FIX
2013-07-11 00:00:00-04:00,16.25,16.260000228881836,15.949999809265137,16.010000228881836,14.509540557861328,131200,0.0,0.0,FIX
2013-07-12 00:00:00-04:00,15.979999542236328,16.049999237060547,15.859999656677246,15.949999809265137,14.455159187316895,82200,0.0,0.0,FIX
2013-07-15 00:00:00-04:00,15.869999885559082,16.040000915527344,15.8100004196167,15.90999984741211,14.418912887573242,92700,0.0,0.0,FIX
2013-07-16 00:00:00-04:00,15.979999542236328,16.030000686645508,15.859999656677246,15.890000343322754,14.400784492492676,88600,0.0,0.0,FIX
2013-07-17 00:00:00-04:00,16.0,16.0,15.8100004196167,15.890000343322754,14.400784492492676,167700,0.0,0.0,FIX
2013-07-18 00:00:00-04:00,15.970000267028809,16.34000015258789,15.899999618530273,16.1299991607666,14.618294715881348,188700,0.0,0.0,FIX
2013-07-19 00:00:00-04:00,16.1299991607666,16.229999542236328,15.989999771118164,16.190000534057617,14.67266845703125,176700,0.0,0.0,FIX
2013-07-22 00:00:00-04:00,16.260000228881836,16.440000534057617,16.15999984741211,16.360000610351562,14.826738357543945,115200,0.0,0.0,FIX
2013-07-23 00:00:00-04:00,16.5,16.579999923706055,16.049999237060547,16.09000015258789,14.582042694091797,150700,0.0,0.0,FIX
2013-07-24 00:00:00-04:00,16.18000030517578,16.299999237060547,15.789999961853027,15.800000190734863,14.319222450256348,106600,0.0,0.0,FIX
2013-07-25 00:00:00-04:00,15.75,16.1299991607666,15.75,16.110000610351562,14.600165367126465,129900,0.0,0.0,FIX
2013-07-26 00:00:00-04:00,15.899999618530273,16.1200008392334,15.84000015258789,15.979999542236328,14.482346534729004,89000,0.0,0.0,FIX
2013-07-29 00:00:00-04:00,15.970000267028809,16.049999237060547,15.350000381469727,15.380000114440918,13.93858528137207,60900,0.0,0.0,FIX
2013-07-30 00:00:00-04:00,15.539999961853027,15.539999961853027,15.199999809265137,15.470000267028809,14.020149230957031,104500,0.0,0.0,FIX
2013-07-31 00:00:00-04:00,15.550000190734863,15.619999885559082,15.260000228881836,15.449999809265137,14.00202465057373,137700,0.0,0.0,FIX
2013-08-01 00:00:00-04:00,15.829999923706055,17.219999313354492,15.829999923706055,16.209999084472656,14.69079303741455,223400,0.0,0.0,FIX
2013-08-02 00:00:00-04:00,16.15999984741211,16.389999389648438,16.049999237060547,16.309999465942383,14.78142261505127,165300,0.0,0.0,FIX
2013-08-05 00:00:00-04:00,16.31999969482422,16.399999618530273,16.079999923706055,16.389999389648438,14.853923797607422,189200,0.0,0.0,FIX
2013-08-06 00:00:00-04:00,16.260000228881836,16.260000228881836,15.989999771118164,16.1299991607666,14.618294715881348,118100,0.0,0.0,FIX
2013-08-07 00:00:00-04:00,16.09000015258789,16.229999542236328,15.760000228881836,16.139999389648438,14.627354621887207,187600,0.0,0.0,FIX
2013-08-08 00:00:00-04:00,16.309999465942383,16.309999465942383,15.890000343322754,16.0,14.55005931854248,188000,0.055,0.0,FIX
2013-08-09 00:00:00-04:00,15.970000267028809,16.110000610351562,15.649999618530273,16.09000015258789,14.631903648376465,89300,0.0,0.0,FIX
2013-08-12 00:00:00-04:00,16.010000228881836,16.260000228881836,15.960000038146973,16.1200008392334,14.65918254852295,116500,0.0,0.0,FIX
2013-08-13 00:00:00-04:00,16.190000534057617,16.420000076293945,15.930000305175781,16.360000610351562,14.877435684204102,100800,0.0,0.0,FIX
2013-08-14 00:00:00-04:00,16.43000030517578,16.459999084472656,16.229999542236328,16.270000457763672,14.79559326171875,107200,0.0,0.0,FIX
2013-08-15 00:00:00-04:00,15.880000114440918,16.219999313354492,15.779999732971191,15.899999618530273,14.459120750427246,90700,0.0,0.0,FIX
2013-08-16 00:00:00-04:00,15.75,16.1299991607666,15.6899995803833,15.829999923706055,14.395464897155762,129300,0.0,0.0,FIX
2013-08-19 00:00:00-04:00,15.850000381469727,16.25,15.670000076293945,15.729999542236328,14.304527282714844,170300,0.0,0.0,FIX
2013-08-20 00:00:00-04:00,15.710000038146973,16.309999465942383,15.710000038146973,16.25,14.7774019241333,184700,0.0,0.0,FIX
2013-08-21 00:00:00-04:00,16.139999389648438,16.350000381469727,16.030000686645508,16.200000762939453,14.731937408447266,47500,0.0,0.0,FIX
2013-08-22 00:00:00-04:00,16.239999771118164,16.540000915527344,16.239999771118164,16.479999542236328,14.986557960510254,111200,0.0,0.0,FIX
2013-08-23 00:00:00-04:00,16.510000228881836,16.56999969482422,16.290000915527344,16.459999084472656,14.968371391296387,73800,0.0,0.0,FIX
2013-08-26 00:00:00-04:00,16.510000228881836,16.510000228881836,16.059999465942383,16.190000534057617,14.722838401794434,70800,0.0,0.0,FIX
2013-08-27 00:00:00-04:00,15.899999618530273,16.030000686645508,15.59000015258789,15.619999885559082,14.204497337341309,85600,0.0,0.0,FIX
2013-08-28 00:00:00-04:00,15.649999618530273,15.680000305175781,15.4399995803833,15.4399995803833,14.040802955627441,91600,0.0,0.0,FIX
2013-08-29 00:00:00-04:00,15.449999809265137,15.779999732971191,15.40999984741211,15.59000015258789,14.177212715148926,52700,0.0,0.0,FIX
2013-08-30 00:00:00-04:00,15.529999732971191,15.609999656677246,15.010000228881836,15.100000381469727,13.731618881225586,126400,0.0,0.0,FIX
2013-09-03 00:00:00-04:00,15.399999618530273,15.649999618530273,15.229999542236328,15.420000076293945,14.022619247436523,116900,0.0,0.0,FIX
2013-09-04 00:00:00-04:00,15.430000305175781,15.539999961853027,15.149999618530273,15.199999809265137,13.822553634643555,190600,0.0,0.0,FIX
2013-09-05 00:00:00-04:00,15.210000038146973,15.449999809265137,15.210000038146973,15.279999732971191,13.895305633544922,89000,0.0,0.0,FIX
2013-09-06 00:00:00-04:00,15.4399995803833,15.729999542236328,15.220000267028809,15.6899995803833,14.26815414428711,220200,0.0,0.0,FIX
2013-09-09 00:00:00-04:00,15.75,16.040000915527344,15.729999542236328,15.949999809265137,14.504587173461914,93500,0.0,0.0,FIX
2013-09-10 00:00:00-04:00,16.1299991607666,16.15999984741211,15.850000381469727,15.970000267028809,14.52277660369873,89700,0.0,0.0,FIX
2013-09-11 00:00:00-04:00,15.890000343322754,16.139999389648438,15.859999656677246,15.989999771118164,14.54096508026123,147700,0.0,0.0,FIX
2013-09-12 00:00:00-04:00,15.9399995803833,16.1200008392334,15.75,15.779999732971191,14.349993705749512,56900,0.0,0.0,FIX
2013-09-13 00:00:00-04:00,15.880000114440918,16.1299991607666,15.770000457763672,16.040000915527344,14.586433410644531,49800,0.0,0.0,FIX
2013-09-16 00:00:00-04:00,16.219999313354492,16.299999237060547,15.949999809265137,16.079999923706055,14.622806549072266,95200,0.0,0.0,FIX
2013-09-17 00:00:00-04:00,16.079999923706055,16.239999771118164,16.079999923706055,16.170000076293945,14.704652786254883,81100,0.0,0.0,FIX
2013-09-18 00:00:00-04:00,16.15999984741211,16.770000457763672,16.079999923706055,16.469999313354492,14.977461814880371,105700,0.0,0.0,FIX
2013-09-19 00:00:00-04:00,16.549999237060547,16.690000534057617,16.450000762939453,16.6200008392334,15.113875389099121,129500,0.0,0.0,FIX
2013-09-20 00:00:00-04:00,16.56999969482422,16.739999771118164,16.440000534057617,16.700000762939453,15.186624526977539,290600,0.0,0.0,FIX
2013-09-23 00:00:00-04:00,16.700000762939453,16.770000457763672,16.450000762939453,16.709999084472656,15.195720672607422,107200,0.0,0.0,FIX
2013-09-24 00:00:00-04:00,16.739999771118164,16.959999084472656,16.469999313354492,16.729999542236328,15.21390438079834,88900,0.0,0.0,FIX
2013-09-25 00:00:00-04:00,16.809999465942383,17.100000381469727,16.610000610351562,16.969999313354492,15.432154655456543,74900,0.0,0.0,FIX
2013-09-26 00:00:00-04:00,17.049999237060547,17.100000381469727,16.709999084472656,16.979999542236328,15.441246032714844,84000,0.0,0.0,FIX
2013-09-27 00:00:00-04:00,16.809999465942383,16.969999313354492,16.799999237060547,16.81999969482422,15.295744895935059,55200,0.0,0.0,FIX
2013-09-30 00:00:00-04:00,16.59000015258789,16.90999984741211,16.489999771118164,16.809999465942383,15.286656379699707,150800,0.0,0.0,FIX
2013-10-01 00:00:00-04:00,16.790000915527344,17.360000610351562,16.760000228881836,17.34000015258789,15.768624305725098,293900,0.0,0.0,FIX
2013-10-02 00:00:00-04:00,17.18000030517578,17.350000381469727,16.719999313354492,16.81999969482422,15.295744895935059,106000,0.0,0.0,FIX
2013-10-03 00:00:00-04:00,16.81999969482422,16.81999969482422,16.309999465942383,16.639999389648438,15.132064819335938,93200,0.0,0.0,FIX
2013-10-04 00:00:00-04:00,16.600000381469727,16.989999771118164,16.530000686645508,16.81999969482422,15.295744895935059,40000,0.0,0.0,FIX
2013-10-07 00:00:00-04:00,16.6200008392334,16.65999984741211,16.350000381469727,16.399999618530273,14.913812637329102,63900,0.0,0.0,FIX
2013-10-08 00:00:00-04:00,16.440000534057617,16.530000686645508,16.059999465942383,16.15999984741211,14.695558547973633,87400,0.0,0.0,FIX
2013-10-09 00:00:00-04:00,16.25,16.610000610351562,16.040000915527344,16.290000915527344,14.8137788772583,202800,0.0,0.0,FIX
2013-10-10 00:00:00-04:00,16.59000015258789,16.799999237060547,16.59000015258789,16.760000228881836,15.24118423461914,110700,0.0,0.0,FIX
2013-10-11 00:00:00-04:00,16.6299991607666,17.459999084472656,16.610000610351562,17.3799991607666,15.805004119873047,109100,0.0,0.0,FIX
2013-10-14 00:00:00-04:00,17.290000915527344,17.59000015258789,17.290000915527344,17.520000457763672,15.932307243347168,67100,0.0,0.0,FIX
2013-10-15 00:00:00-04:00,17.399999618530273,17.399999618530273,17.020000457763672,17.09000015258789,15.541282653808594,94200,0.0,0.0,FIX
2013-10-16 00:00:00-04:00,17.200000762939453,17.209999084472656,17.0,17.15999984741211,15.604939460754395,100900,0.0,0.0,FIX
2013-10-17 00:00:00-04:00,17.100000381469727,17.479999542236328,17.100000381469727,17.479999542236328,15.895941734313965,186000,0.0,0.0,FIX
2013-10-18 00:00:00-04:00,17.690000534057617,17.850000381469727,17.440000534057617,17.84000015258789,16.223318099975586,172300,0.0,0.0,FIX
2013-10-21 00:00:00-04:00,17.950000762939453,18.049999237060547,17.809999465942383,18.040000915527344,16.405197143554688,94600,0.0,0.0,FIX
2013-10-22 00:00:00-04:00,18.049999237060547,18.43000030517578,18.049999237060547,18.350000381469727,16.687103271484375,107500,0.0,0.0,FIX
2013-10-23 00:00:00-04:00,18.25,18.729999542236328,18.25,18.469999313354492,16.796218872070312,107800,0.0,0.0,FIX
2013-10-24 00:00:00-04:00,18.56999969482422,18.610000610351562,18.290000915527344,18.530000686645508,16.85078239440918,160500,0.0,0.0,FIX
2013-10-25 00:00:00-04:00,18.600000381469727,18.649999618530273,18.34000015258789,18.469999313354492,16.796218872070312,70100,0.0,0.0,FIX
2013-10-28 00:00:00-04:00,18.450000762939453,18.469999313354492,18.309999465942383,18.469999313354492,16.796218872070312,118600,0.0,0.0,FIX
2013-10-29 00:00:00-04:00,18.540000915527344,18.649999618530273,18.360000610351562,18.530000686645508,16.85078239440918,164600,0.0,0.0,FIX
2013-10-30 00:00:00-04:00,18.600000381469727,18.610000610351562,18.190000534057617,18.34000015258789,16.678007125854492,199400,0.0,0.0,FIX
2013-10-31 00:00:00-04:00,19.440000534057617,19.799999237060547,18.6200008392334,18.6299991607666,16.941715240478516,368800,0.0,0.0,FIX
2013-11-01 00:00:00-04:00,18.5,19.09000015258789,18.260000228881836,18.90999984741211,17.196346282958984,298200,0.0,0.0,FIX
2013-11-04 00:00:00-05:00,19.110000610351562,19.8700008392334,19.110000610351562,19.75,17.960233688354492,400400,0.0,0.0,FIX
2013-11-05 00:00:00-05:00,19.700000762939453,20.0,19.389999389648438,19.969999313354492,18.160289764404297,325200,0.0,0.0,FIX
2013-11-06 00:00:00-05:00,20.0,20.149999618530273,19.639999389648438,19.950000762939453,18.192209243774414,380700,0.055,0.0,FIX
2013-11-07 00:00:00-05:00,20.139999389648438,20.299999237060547,19.600000381469727,19.6200008392334,17.891284942626953,269300,0.0,0.0,FIX
2013-11-08 00:00:00-05:00,19.610000610351562,20.030000686645508,19.5,19.850000381469727,18.10101890563965,225000,0.0,0.0,FIX
2013-11-11 00:00:00-05:00,19.850000381469727,19.950000762939453,19.6299991607666,19.649999618530273,17.91864585876465,237000,0.0,0.0,FIX
2013-11-12 00:00:00-05:00,19.639999389648438,20.34000015258789,19.59000015258789,20.239999771118164,18.456655502319336,392800,0.0,0.0,FIX
2013-11-13 00:00:00-05:00,20.059999465942383,20.059999465942383,19.729999542236328,19.93000030517578,18.173973083496094,150400,0.0,0.0,FIX
2013-11-14 00:00:00-05:00,19.969999313354492,20.1200008392334,19.719999313354492,19.90999984741211,18.155733108520508,155300,0.0,0.0,FIX
2013-11-15 00:00:00-05:00,19.8700008392334,19.940000534057617,19.649999618530273,19.729999542236328,17.991594314575195,114600,0.0,0.0,FIX
2013-11-18 00:00:00-05:00,19.8700008392334,20.18000030517578,19.600000381469727,19.790000915527344,18.04630470275879,232700,0.0,0.0,FIX
2013-11-19 00:00:00-05:00,19.760000228881836,20.0,19.540000915527344,19.6299991607666,17.900400161743164,80400,0.0,0.0,FIX
2013-11-20 00:00:00-05:00,19.700000762939453,19.75,19.309999465942383,19.40999984741211,17.69978904724121,132800,0.0,0.0,FIX
2013-11-21 00:00:00-05:00,19.559999465942383,20.950000762939453,19.530000686645508,20.579999923706055,18.766698837280273,552100,0.0,0.0,FIX
2013-11-22 00:00:00-05:00,20.709999084472656,20.920000076293945,20.479999542236328,20.5,18.693750381469727,333700,0.0,0.0,FIX
2013-11-25 00:00:00-05:00,20.209999084472656,20.350000381469727,19.56999969482422,19.770000457763672,18.0280704498291,320400,0.0,0.0,FIX
2013-11-26 00:00:00-05:00,19.760000228881836,20.25,19.600000381469727,20.139999389648438,18.365467071533203,352600,0.0,0.0,FIX
2013-11-27 00:00:00-05:00,20.229999542236328,20.809999465942383,20.229999542236328,20.43000030517578,18.629919052124023,265600,0.0,0.0,FIX
2013-11-29 00:00:00-05:00,20.5,20.719999313354492,20.450000762939453,20.5,18.693750381469727,132500,0.0,0.0,FIX
2013-12-02 00:00:00-05:00,20.40999984741211,20.530000686645508,19.940000534057617,20.219999313354492,18.438419342041016,210400,0.0,0.0,FIX
2013-12-03 00:00:00-05:00,20.229999542236328,20.559999465942383,20.059999465942383,20.309999465942383,18.52049446105957,431900,0.0,0.0,FIX
2013-12-04 00:00:00-05:00,20.290000915527344,20.389999389648438,19.850000381469727,19.940000534057617,18.18309783935547,378200,0.0,0.0,FIX
2013-12-05 00:00:00-05:00,20.010000228881836,20.299999237060547,19.940000534057617,20.149999618530273,18.374584197998047,264000,0.0,0.0,FIX
2013-12-06 00:00:00-05:00,20.360000610351562,20.360000610351562,20.040000915527344,20.06999969482422,18.301637649536133,291000,0.0,0.0,FIX
2013-12-09 00:00:00-05:00,20.149999618530273,20.190000534057617,19.899999618530273,20.110000610351562,18.338109970092773,156300,0.0,0.0,FIX
2013-12-10 00:00:00-05:00,20.139999389648438,20.450000762939453,19.989999771118164,20.0,18.23780632019043,268800,0.0,0.0,FIX
2013-12-11 00:00:00-05:00,19.989999771118164,20.010000228881836,19.020000457763672,19.260000228881836,17.563007354736328,286300,0.0,0.0,FIX
2013-12-12 00:00:00-05:00,19.239999771118164,19.260000228881836,18.84000015258789,18.979999542236328,17.307674407958984,342500,0.0,0.0,FIX
2013-12-13 00:00:00-05:00,19.100000381469727,19.200000762939453,18.81999969482422,18.8799991607666,17.216487884521484,194300,0.0,0.0,FIX
2013-12-16 00:00:00-05:00,18.93000030517578,19.139999389648438,18.920000076293945,19.059999465942383,17.380626678466797,345600,0.0,0.0,FIX
2013-12-17 00:00:00-05:00,19.110000610351562,19.149999618530273,18.84000015258789,18.860000610351562,17.1982479095459,314700,0.0,0.0,FIX
2013-12-18 00:00:00-05:00,18.940000534057617,18.950000762939453,18.520000457763672,18.8700008392334,17.207365036010742,310200,0.0,0.0,FIX
2013-12-19 00:00:00-05:00,18.889999389648438,18.969999313354492,18.540000915527344,18.65999984741211,17.015865325927734,245900,0.0,0.0,FIX
2013-12-20 00:00:00-05:00,18.670000076293945,18.799999237060547,18.5,18.59000015258789,16.952045440673828,786200,0.0,0.0,FIX
2013-12-23 00:00:00-05:00,18.700000762939453,19.59000015258789,18.649999618530273,19.459999084472656,17.745386123657227,236100,0.0,0.0,FIX
2013-12-24 00:00:00-05:00,19.450000762939453,19.510000228881836,19.299999237060547,19.329999923706055,17.626840591430664,126400,0.0,0.0,FIX
2013-12-26 00:00:00-05:00,19.43000030517578,19.75,19.350000381469727,19.600000381469727,17.8730411529541,150200,0.0,0.0,FIX
2013-12-27 00:00:00-05:00,19.690000534057617,19.690000534057617,19.190000534057617,19.309999465942383,17.60859489440918,144400,0.0,0.0,FIX
2013-12-30 00:00:00-05:00,19.239999771118164,19.520000457763672,19.229999542236328,19.34000015258789,17.635953903198242,128500,0.0,0.0,FIX
2013-12-31 00:00:00-05:00,19.440000534057617,19.520000457763672,19.34000015258789,19.389999389648438,17.681549072265625,221200,0.0,0.0,FIX
2014-01-02 00:00:00-05:00,19.40999984741211,19.469999313354492,18.989999771118164,19.100000381469727,17.417098999023438,137200,0.0,0.0,FIX
2014-01-03 00:00:00-05:00,19.1299991607666,19.1299991607666,18.799999237060547,18.93000030517578,17.26207733154297,161400,0.0,0.0,FIX
2014-01-06 00:00:00-05:00,19.030000686645508,19.030000686645508,18.639999389648438,18.649999618530273,17.006746292114258,214500,0.0,0.0,FIX
2014-01-07 00:00:00-05:00,18.760000228881836,19.06999969482422,18.6200008392334,18.850000381469727,17.189125061035156,211500,0.0,0.0,FIX
2014-01-08 00:00:00-05:00,18.8799991607666,19.0,18.709999084472656,18.780000686645508,17.12529945373535,274400,0.0,0.0,FIX
2014-01-09 00:00:00-05:00,18.899999618530273,19.200000762939453,18.739999771118164,18.959999084472656,17.289438247680664,302400,0.0,0.0,FIX
2014-01-10 00:00:00-05:00,18.950000762939453,19.100000381469727,18.780000686645508,18.950000762939453,17.28032112121582,257900,0.0,0.0,FIX
2014-01-13 00:00:00-05:00,18.809999465942383,18.81999969482422,17.969999313354492,18.270000457763672,16.66023063659668,330100,0.0,0.0,FIX
2014-01-14 00:00:00-05:00,18.440000534057617,18.790000915527344,18.399999618530273,18.670000076293945,17.024986267089844,194900,0.0,0.0,FIX
2014-01-15 00:00:00-05:00,18.739999771118164,19.0,18.6200008392334,18.760000228881836,17.107051849365234,194800,0.0,0.0,FIX
2014-01-16 00:00:00-05:00,18.780000686645508,19.15999984741211,18.719999313354492,19.139999389648438,17.453575134277344,390000,0.0,0.0,FIX
2014-01-17 00:00:00-05:00,19.139999389648438,19.3700008392334,18.989999771118164,19.1200008392334,17.435340881347656,123300,0.0,0.0,FIX
2014-01-21 00:00:00-05:00,19.299999237060547,19.469999313354492,19.030000686645508,19.420000076293945,17.70890235900879,167500,0.0,0.0,FIX
2014-01-22 00:00:00-05:00,19.389999389648438,19.690000534057617,19.290000915527344,19.6200008392334,17.891284942626953,122400,0.0,0.0,FIX
2014-01-23 00:00:00-05:00,19.559999465942383,19.6200008392334,19.219999313354492,19.329999923706055,17.626840591430664,179300,0.0,0.0,FIX
2014-01-24 00:00:00-05:00,19.15999984741211,19.229999542236328,18.360000610351562,18.530000686645508,16.897327423095703,135600,0.0,0.0,FIX
2014-01-27 00:00:00-05:00,18.520000457763672,18.540000915527344,17.809999465942383,18.139999389648438,16.541685104370117,138100,0.0,0.0,FIX
2014-01-28 00:00:00-05:00,18.139999389648438,18.3799991607666,17.860000610351562,17.959999084472656,16.377546310424805,149500,0.0,0.0,FIX
2014-01-29 00:00:00-05:00,17.700000762939453,17.799999237060547,17.299999237060547,17.399999618530273,15.866888046264648,167000,0.0,0.0,FIX
2014-01-30 00:00:00-05:00,17.5,17.670000076293945,17.139999389648438,17.469999313354492,15.930724143981934,159600,0.0,0.0,FIX
2014-01-31 00:00:00-05:00,17.079999923706055,17.260000228881836,16.979999542236328,17.040000915527344,15.538602828979492,244000,0.0,0.0,FIX
2014-02-03 00:00:00-05:00,17.030000686645508,17.030000686645508,16.079999923706055,16.40999984741211,14.964118003845215,202900,0.0,0.0,FIX
2014-02-04 00:00:00-05:00,16.450000762939453,16.600000381469727,16.09000015258789,16.290000915527344,14.854691505432129,208700,0.0,0.0,FIX
2014-02-05 00:00:00-05:00,16.239999771118164,16.3700008392334,15.920000076293945,16.25,14.818211555480957,189600,0.0,0.0,FIX
2014-02-06 00:00:00-05:00,16.280000686645508,16.68000030517578,16.280000686645508,16.440000534057617,14.991473197937012,184700,0.0,0.0,FIX
2014-02-07 00:00:00-05:00,16.5,16.649999618530273,16.280000686645508,16.600000381469727,15.137378692626953,176800,0.0,0.0,FIX
2014-02-10 00:00:00-05:00,16.600000381469727,16.600000381469727,16.149999618530273,16.209999084472656,14.781736373901367,204500,0.0,0.0,FIX
2014-02-11 00:00:00-05:00,16.190000534057617,16.190000534057617,15.449999809265137,15.5600004196167,14.189011573791504,391400,0.0,0.0,FIX
2014-02-12 00:00:00-05:00,15.630000114440918,15.65999984741211,15.5,15.579999923706055,14.207250595092773,235100,0.0,0.0,FIX
2014-02-13 00:00:00-05:00,15.390000343322754,15.90999984741211,15.390000343322754,15.890000343322754,14.4899320602417,166700,0.0,0.0,FIX
2014-02-14 00:00:00-05:00,15.880000114440918,15.949999809265137,15.4399995803833,15.859999656677246,14.462576866149902,139000,0.0,0.0,FIX
2014-02-18 00:00:00-05:00,15.859999656677246,16.290000915527344,15.760000228881836,16.200000762939453,14.772623062133789,304100,0.0,0.0,FIX
2014-02-19 00:00:00-05:00,16.18000030517578,16.440000534057617,16.010000228881836,16.079999923706055,14.663191795349121,137600,0.0,0.0,FIX
2014-02-20 00:00:00-05:00,16.139999389648438,16.5,16.06999969482422,16.3700008392334,14.927642822265625,119800,0.0,0.0,FIX
2014-02-21 00:00:00-05:00,16.450000762939453,16.559999465942383,16.309999465942383,16.540000915527344,15.082663536071777,235700,0.0,0.0,FIX
2014-02-24 00:00:00-05:00,16.510000228881836,16.799999237060547,16.43000030517578,16.700000762939453,15.22856330871582,195100,0.0,0.0,FIX
2014-02-25 00:00:00-05:00,16.739999771118164,16.739999771118164,16.440000534057617,16.5,15.04619026184082,192900,0.0,0.0,FIX
2014-02-26 00:00:00-05:00,16.540000915527344,16.8799991607666,16.420000076293945,16.56999969482422,15.110015869140625,199600,0.0,0.0,FIX
2014-02-27 00:00:00-05:00,16.540000915527344,16.950000762939453,16.399999618530273,16.93000030517578,15.438302993774414,212500,0.0,0.0,FIX
2014-02-28 00:00:00-05:00,16.899999618530273,17.0,16.030000686645508,16.43000030517578,14.9823579788208,721300,0.0,0.0,FIX
2014-03-03 00:00:00-05:00,16.190000534057617,16.200000762939453,15.850000381469727,16.010000228881836,14.599360466003418,383900,0.0,0.0,FIX
2014-03-04 00:00:00-05:00,16.25,16.68000030517578,16.209999084472656,16.610000610351562,15.146491050720215,867500,0.0,0.0,FIX
2014-03-05 00:00:00-05:00,16.6200008392334,16.719999313354492,16.5,16.610000610351562,15.146491050720215,234200,0.0,0.0,FIX
2014-03-06 00:00:00-05:00,16.649999618530273,16.940000534057617,16.610000610351562,16.81999969482422,15.388945579528809,215200,0.055,0.0,FIX
2014-03-07 00:00:00-05:00,16.969999313354492,17.09000015258789,16.770000457763672,17.030000686645508,15.581083297729492,203600,0.0,0.0,FIX
2014-03-10 00:00:00-04:00,17.049999237060547,17.239999771118164,16.81999969482422,16.860000610351562,15.425541877746582,149000,0.0,0.0,FIX
2014-03-11 00:00:00-04:00,16.860000610351562,16.860000610351562,16.229999542236328,16.459999084472656,15.059575080871582,394100,0.0,0.0,FIX
2014-03-12 00:00:00-04:00,16.399999618530273,16.549999237060547,16.079999923706055,16.530000686645508,15.123625755310059,185800,0.0,0.0,FIX
2014-03-13 00:00:00-04:00,16.639999389648438,16.639999389648438,16.3799991607666,16.450000762939453,15.05042552947998,170700,0.0,0.0,FIX
2014-03-14 00:00:00-04:00,16.40999984741211,16.639999389648438,16.309999465942383,16.540000915527344,15.13277530670166,119900,0.0,0.0,FIX
2014-03-17 00:00:00-04:00,16.65999984741211,16.65999984741211,16.010000228881836,16.059999465942383,14.693610191345215,275100,0.0,0.0,FIX
2014-03-18 00:00:00-04:00,16.100000381469727,16.200000762939453,16.020000457763672,16.139999389648438,14.766801834106445,465800,0.0,0.0,FIX
2014-03-19 00:00:00-04:00,16.139999389648438,16.200000762939453,16.010000228881836,16.149999618530273,14.775951385498047,320200,0.0,0.0,FIX
2014-03-20 00:00:00-04:00,16.190000534057617,16.299999237060547,16.079999923706055,16.219999313354492,14.839999198913574,170900,0.0,0.0,FIX
2014-03-21 00:00:00-04:00,16.25,16.540000915527344,16.219999313354492,16.299999237060547,14.913192749023438,221500,0.0,0.0,FIX
2014-03-24 00:00:00-04:00,16.350000381469727,16.459999084472656,15.819999694824219,15.949999809265137,14.592970848083496,228300,0.0,0.0,FIX
2014-03-25 00:00:00-04:00,16.110000610351562,16.209999084472656,15.949999809265137,16.030000686645508,14.66616153717041,163100,0.0,0.0,FIX
2014-03-26 00:00:00-04:00,16.190000534057617,16.200000762939453,15.680000305175781,15.680000305175781,14.345939636230469,156600,0.0,0.0,FIX
2014-03-27 00:00:00-04:00,15.670000076293945,15.789999961853027,15.380000114440918,15.390000343322754,14.080612182617188,137200,0.0,0.0,FIX
2014-03-28 00:00:00-04:00,15.470000267028809,15.5600004196167,15.210000038146973,15.329999923706055,14.025720596313477,151600,0.0,0.0,FIX
2014-03-31 00:00:00-04:00,15.380000114440918,15.470000267028809,15.229999542236328,15.239999771118164,13.943376541137695,264100,0.0,0.0,FIX
2014-04-01 00:00:00-04:00,15.270000457763672,15.390000343322754,15.260000228881836,15.359999656677246,14.053167343139648,182100,0.0,0.0,FIX
2014-04-02 00:00:00-04:00,15.350000381469727,15.460000038146973,15.229999542236328,15.319999694824219,14.016570091247559,177700,0.0,0.0,FIX
2014-04-03 00:00:00-04:00,15.369999885559082,15.729999542236328,15.300000190734863,15.600000381469727,14.272746086120605,319000,0.0,0.0,FIX
2014-04-04 00:00:00-04:00,15.699999809265137,15.979999542236328,15.239999771118164,15.25,13.952526092529297,369700,0.0,0.0,FIX
2014-04-07 00:00:00-04:00,15.270000457763672,15.34000015258789,14.789999961853027,15.100000381469727,13.815288543701172,263900,0.0,0.0,FIX
2014-04-08 00:00:00-04:00,15.0600004196167,15.220000267028809,15.039999961853027,15.140000343322754,13.851885795593262,175700,0.0,0.0,FIX
2014-04-09 00:00:00-04:00,15.270000457763672,15.5,15.170000076293945,15.399999618530273,14.089765548706055,298800,0.0,0.0,FIX
2014-04-10 00:00:00-04:00,15.4399995803833,15.579999923706055,14.9399995803833,15.029999732971191,13.751246452331543,205400,0.0,0.0,FIX
2014-04-11 00:00:00-04:00,14.859999656677246,15.050000190734863,14.680000305175781,14.789999961853027,13.53166389465332,245800,0.0,0.0,FIX
2014-04-14 00:00:00-04:00,14.90999984741211,15.0,14.65999984741211,14.729999542236328,13.476767539978027,253800,0.0,0.0,FIX
2014-04-15 00:00:00-04:00,14.75,14.779999732971191,14.380000114440918,14.609999656677246,13.366978645324707,137400,0.0,0.0,FIX
2014-04-16 00:00:00-04:00,14.739999771118164,14.84000015258789,14.619999885559082,14.65999984741211,13.412721633911133,94100,0.0,0.0,FIX
2014-04-17 00:00:00-04:00,14.640000343322754,14.960000038146973,14.569999694824219,14.890000343322754,13.62315559387207,229800,0.0,0.0,FIX
2014-04-21 00:00:00-04:00,15.569999694824219,15.930000305175781,15.210000038146973,15.4399995803833,14.126358985900879,303100,0.0,0.0,FIX
2014-04-22 00:00:00-04:00,15.529999732971191,15.890000343322754,15.369999885559082,15.84000015258789,14.492327690124512,335800,0.0,0.0,FIX
2014-04-23 00:00:00-04:00,15.770000457763672,15.989999771118164,15.6899995803833,15.720000267028809,14.382534980773926,234100,0.0,0.0,FIX
2014-04-24 00:00:00-04:00,15.869999885559082,15.869999885559082,15.539999961853027,15.649999618530273,14.318493843078613,174700,0.0,0.0,FIX
2014-04-25 00:00:00-04:00,15.640000343322754,15.640000343322754,15.420000076293945,15.479999542236328,14.162954330444336,200800,0.0,0.0,FIX
2014-04-28 00:00:00-04:00,15.479999542236328,15.600000381469727,14.9399995803833,15.119999885559082,13.833587646484375,244200,0.0,0.0,FIX
2014-04-29 00:00:00-04:00,15.15999984741211,15.239999771118164,14.890000343322754,14.979999542236328,13.705497741699219,115600,0.0,0.0,FIX
2014-04-30 00:00:00-04:00,14.989999771118164,15.079999923706055,14.609999656677246,15.0,13.723795890808105,172800,0.0,0.0,FIX
2014-05-01 00:00:00-04:00,14.239999771118164,15.1899995803833,14.039999961853027,14.90999984741211,13.641451835632324,441100,0.0,0.0,FIX
2014-05-02 00:00:00-04:00,14.960000038146973,16.049999237060547,14.920000076293945,15.789999961853027,14.446581840515137,274300,0.0,0.0,FIX
2014-05-05 00:00:00-04:00,15.609999656677246,15.710000038146973,14.979999542236328,15.279999732971191,13.979972839355469,181700,0.0,0.0,FIX
2014-05-06 00:00:00-04:00,15.300000190734863,15.529999732971191,15.109999656677246,15.300000190734863,13.998271942138672,283800,0.0,0.0,FIX
2014-05-07 00:00:00-04:00,15.270000457763672,15.399999618530273,15.100000381469727,15.390000343322754,14.080612182617188,159900,0.0,0.0,FIX
2014-05-08 00:00:00-04:00,15.300000190734863,15.539999961853027,14.979999542236328,15.010000228881836,13.782200813293457,179800,0.055,0.0,FIX
2014-05-09 00:00:00-04:00,14.890000343322754,15.229999542236328,14.859999656677246,15.220000267028809,13.975020408630371,93400,0.0,0.0,FIX
2014-05-12 00:00:00-04:00,15.380000114440918,16.260000228881836,15.279999732971191,16.260000228881836,14.929952621459961,294500,0.0,0.0,FIX
2014-05-13 00:00:00-04:00,16.209999084472656,16.270000457763672,15.829999923706055,15.960000038146973,14.654491424560547,350400,0.0,0.0,FIX
2014-05-14 00:00:00-04:00,15.880000114440918,15.880000114440918,15.5,15.569999694824219,14.296391487121582,273800,0.0,0.0,FIX
2014-05-15 00:00:00-04:00,15.449999809265137,15.449999809265137,15.010000228881836,15.329999923706055,14.076021194458008,184300,0.0,0.0,FIX
2014-05-16 00:00:00-04:00,15.289999961853027,15.600000381469727,15.210000038146973,15.579999923706055,14.305574417114258,125500,0.0,0.0,FIX
2014-05-19 00:00:00-04:00,15.609999656677246,16.010000228881836,15.520000457763672,15.710000038146973,14.424938201904297,109800,0.0,0.0,FIX
2014-05-20 00:00:00-04:00,15.630000114440918,15.770000457763672,15.420000076293945,15.609999656677246,14.333117485046387,321500,0.0,0.0,FIX
2014-05-21 00:00:00-04:00,15.640000343322754,15.760000228881836,15.449999809265137,15.539999961853027,14.268842697143555,146100,0.0,0.0,FIX
2014-05-22 00:00:00-04:00,15.539999961853027,15.649999618530273,15.449999809265137,15.520000457763672,14.250481605529785,85300,0.0,0.0,FIX
2014-05-23 00:00:00-04:00,15.479999542236328,15.90999984741211,15.470000267028809,15.899999618530273,14.599396705627441,101100,0.0,0.0,FIX
2014-05-27 00:00:00-04:00,15.979999542236328,16.3799991607666,15.899999618530273,16.260000228881836,14.929952621459961,81700,0.0,0.0,FIX
2014-05-28 00:00:00-04:00,16.18000030517578,16.260000228881836,15.75,15.779999732971191,14.489211082458496,157800,0.0,0.0,FIX
2014-05-29 00:00:00-04:00,15.890000343322754,15.890000343322754,15.680000305175781,15.869999885559082,14.571849822998047,57600,0.0,0.0,FIX
2014-05-30 00:00:00-04:00,16.09000015258789,16.530000686645508,16.079999923706055,16.5,15.150322914123535,273400,0.0,0.0,FIX
2014-06-02 00:00:00-04:00,16.43000030517578,16.479999542236328,15.920000076293945,16.010000228881836,14.700400352478027,129700,0.0,0.0,FIX
2014-06-03 00:00:00-04:00,15.989999771118164,16.15999984741211,15.649999618530273,15.770000457763672,14.48003101348877,134100,0.0,0.0,FIX
2014-06-04 00:00:00-04:00,15.770000457763672,15.930000305175781,15.600000381469727,15.710000038146973,14.424938201904297,115600,0.0,0.0,FIX
2014-06-05 00:00:00-04:00,15.710000038146973,16.290000915527344,15.640000343322754,16.280000686645508,14.948314666748047,158600,0.0,0.0,FIX
2014-06-06 00:00:00-04:00,16.43000030517578,16.719999313354492,16.260000228881836,16.6299991607666,15.269682884216309,152700,0.0,0.0,FIX
2014-06-09 00:00:00-04:00,16.579999923706055,17.190000534057617,16.559999465942383,17.139999389648438,15.737967491149902,185800,0.0,0.0,FIX
2014-06-10 00:00:00-04:00,17.010000228881836,17.229999542236328,16.950000762939453,17.139999389648438,15.737967491149902,107300,0.0,0.0,FIX
2014-06-11 00:00:00-04:00,17.020000457763672,17.040000915527344,16.469999313354492,16.610000610351562,15.251319885253906,163800,0.0,0.0,FIX
2014-06-12 00:00:00-04:00,16.579999923706055,16.579999923706055,16.149999618530273,16.229999542236328,14.902402877807617,81100,0.0,0.0,FIX
2014-06-13 00:00:00-04:00,16.229999542236328,16.229999542236328,15.930000305175781,15.9399995803833,14.636125564575195,133000,0.0,0.0,FIX
2014-06-16 00:00:00-04:00,15.979999542236328,15.989999771118164,15.579999923706055,15.880000114440918,14.581034660339355,83600,0.0,0.0,FIX
2014-06-17 00:00:00-04:00,15.800000190734863,16.15999984741211,15.760000228881836,15.930000305175781,14.626945495605469,139700,0.0,0.0,FIX
2014-06-18 00:00:00-04:00,15.930000305175781,16.010000228881836,15.739999771118164,16.0,14.691222190856934,85400,0.0,0.0,FIX
2014-06-19 00:00:00-04:00,15.989999771118164,16.110000610351562,15.720000267028809,15.960000038146973,14.654491424560547,84100,0.0,0.0,FIX
2014-06-20 00:00:00-04:00,15.9399995803833,16.079999923706055,15.890000343322754,15.970000267028809,14.66367244720459,243300,0.0,0.0,FIX
2014-06-23 00:00:00-04:00,15.979999542236328,15.979999542236328,15.569999694824219,15.739999771118164,14.452483177185059,88600,0.0,0.0,FIX
2014-06-24 00:00:00-04:00,15.6899995803833,15.880000114440918,15.430000305175781,15.470000267028809,14.204566955566406,144000,0.0,0.0,FIX
2014-06-25 00:00:00-04:00,15.420000076293945,15.569999694824219,15.1899995803833,15.539999961853027,14.268842697143555,87200,0.0,0.0,FIX
2014-06-26 00:00:00-04:00,15.600000381469727,15.670000076293945,15.279999732971191,15.609999656677246,14.333117485046387,101900,0.0,0.0,FIX
2014-06-27 00:00:00-04:00,15.520000457763672,16.0,15.479999542236328,15.90999984741211,14.608579635620117,210600,0.0,0.0,FIX
2014-06-30 00:00:00-04:00,15.850000381469727,15.920000076293945,15.649999618530273,15.800000190734863,14.507580757141113,140900,0.0,0.0,FIX
2014-07-01 00:00:00-04:00,15.90999984741211,16.600000381469727,15.899999618530273,16.3799991607666,15.040133476257324,223500,0.0,0.0,FIX
2014-07-02 00:00:00-04:00,16.329999923706055,16.479999542236328,16.15999984741211,16.18000030517578,14.85649585723877,115700,0.0,0.0,FIX
2014-07-03 00:00:00-04:00,16.209999084472656,16.459999084472656,16.190000534057617,16.329999923706055,14.994226455688477,60200,0.0,0.0,FIX
2014-07-07 00:00:00-04:00,16.299999237060547,16.299999237060547,15.880000114440918,15.970000267028809,14.66367244720459,142300,0.0,0.0,FIX
2014-07-08 00:00:00-04:00,15.880000114440918,15.960000038146973,15.6899995803833,15.899999618530273,14.599396705627441,240100,0.0,0.0,FIX
2014-07-09 00:00:00-04:00,15.970000267028809,16.270000457763672,15.930000305175781,15.960000038146973,14.654491424560547,146700,0.0,0.0,FIX
2014-07-10 00:00:00-04:00,15.619999885559082,15.739999771118164,15.460000038146973,15.550000190734863,14.278027534484863,113500,0.0,0.0,FIX
2014-07-11 00:00:00-04:00,15.510000228881836,15.649999618530273,15.369999885559082,15.550000190734863,14.278027534484863,99600,0.0,0.0,FIX
2014-07-14 00:00:00-04:00,15.779999732971191,15.90999984741211,15.729999542236328,15.770000457763672,14.48003101348877,63300,0.0,0.0,FIX
2014-07-15 00:00:00-04:00,15.720000267028809,15.90999984741211,15.420000076293945,15.550000190734863,14.278027534484863,108500,0.0,0.0,FIX
2014-07-16 00:00:00-04:00,15.579999923706055,15.710000038146973,15.329999923706055,15.630000114440918,14.351482391357422,129600,0.0,0.0,FIX
2014-07-17 00:00:00-04:00,15.449999809265137,15.619999885559082,15.449999809265137,15.489999771118164,14.222935676574707,128600,0.0,0.0,FIX
2014-07-18 00:00:00-04:00,15.5,15.90999984741211,15.5,15.880000114440918,14.581034660339355,140900,0.0,0.0,FIX
2014-07-21 00:00:00-04:00,15.739999771118164,15.859999656677246,15.609999656677246,15.75,14.461670875549316,125800,0.0,0.0,FIX
2014-07-22 00:00:00-04:00,15.819999694824219,16.06999969482422,15.819999694824219,15.850000381469727,14.553482055664062,73100,0.0,0.0,FIX
2014-07-23 00:00:00-04:00,15.880000114440918,16.110000610351562,15.800000190734863,15.979999542236328,14.672853469848633,105800,0.0,0.0,FIX
2014-07-24 00:00:00-04:00,15.9399995803833,15.960000038146973,15.680000305175781,15.729999542236328,14.4433012008667,116600,0.0,0.0,FIX
2014-07-25 00:00:00-04:00,15.5600004196167,15.670000076293945,15.479999542236328,15.520000457763672,14.250481605529785,128600,0.0,0.0,FIX
2014-07-28 00:00:00-04:00,15.510000228881836,15.529999732971191,15.279999732971191,15.5,14.232117652893066,121400,0.0,0.0,FIX
2014-07-29 00:00:00-04:00,15.510000228881836,15.739999771118164,15.510000228881836,15.609999656677246,14.333117485046387,122600,0.0,0.0,FIX
2014-07-30 00:00:00-04:00,15.6899995803833,15.770000457763672,15.520000457763672,15.65999984741211,14.3790283203125,144900,0.0,0.0,FIX
2014-07-31 00:00:00-04:00,14.630000114440918,15.079999923706055,13.279999732971191,14.899999618530273,13.681195259094238,652700,0.0,0.0,FIX
2014-08-01 00:00:00-04:00,14.819999694824219,14.829999923706055,14.25,14.3100004196167,13.139455795288086,241300,0.0,0.0,FIX
2014-08-04 00:00:00-04:00,14.329999923706055,14.489999771118164,14.220000267028809,14.4399995803833,13.258822441101074,200100,0.0,0.0,FIX
2014-08-05 00:00:00-04:00,14.3100004196167,14.739999771118164,14.3100004196167,14.630000114440918,13.433281898498535,190000,0.0,0.0,FIX
2014-08-06 00:00:00-04:00,14.600000381469727,14.760000228881836,14.59000015258789,14.649999618530273,13.45164680480957,219300,0.0,0.0,FIX
2014-08-07 00:00:00-04:00,14.619999885559082,14.760000228881836,14.5,14.59000015258789,13.396556854248047,289900,0.0,0.0,FIX
2014-08-08 00:00:00-04:00,14.510000228881836,14.970000267028809,14.510000228881836,14.789999961853027,13.631582260131836,258100,0.055,0.0,FIX
2014-08-11 00:00:00-04:00,14.859999656677246,15.050000190734863,14.75,14.84000015258789,13.677667617797852,89600,0.0,0.0,FIX
2014-08-12 00:00:00-04:00,14.729999542236328,14.9399995803833,14.579999923706055,14.710000038146973,13.557845115661621,178500,0.0,0.0,FIX
2014-08-13 00:00:00-04:00,14.75,14.960000038146973,14.6899995803833,14.699999809265137,13.548628807067871,68300,0.0,0.0,FIX
2014-08-14 00:00:00-04:00,14.680000305175781,14.859999656677246,14.640000343322754,14.75,13.594714164733887,72000,0.0,0.0,FIX
2014-08-15 00:00:00-04:00,14.930000305175781,15.0,14.449999809265137,14.649999618530273,13.502549171447754,151800,0.0,0.0,FIX
2014-08-18 00:00:00-04:00,14.84000015258789,15.100000381469727,14.75,15.100000381469727,13.9173002243042,123100,0.0,0.0,FIX
2014-08-19 00:00:00-04:00,15.180000305175781,15.220000267028809,14.930000305175781,14.960000038146973,13.788262367248535,83800,0.0,0.0,FIX
2014-08-20 00:00:00-04:00,14.960000038146973,15.130000114440918,14.8100004196167,14.890000343322754,13.723751068115234,108000,0.0,0.0,FIX
2014-08-21 00:00:00-04:00,14.869999885559082,15.220000267028809,14.75,15.149999618530273,13.963382720947266,111700,0.0,0.0,FIX
2014-08-22 00:00:00-04:00,15.09000015258789,15.239999771118164,14.90999984741211,15.15999984741211,13.972599983215332,76100,0.0,0.0,FIX
2014-08-25 00:00:00-04:00,15.239999771118164,15.329999923706055,15.029999732971191,15.119999885559082,13.935733795166016,50200,0.0,0.0,FIX
2014-08-26 00:00:00-04:00,15.119999885559082,15.380000114440918,15.050000190734863,15.239999771118164,14.046338081359863,133700,0.0,0.0,FIX
2014-08-27 00:00:00-04:00,15.229999542236328,15.300000190734863,15.100000381469727,15.1899995803833,14.000250816345215,63400,0.0,0.0,FIX
2014-08-28 00:00:00-04:00,15.149999618530273,15.170000076293945,14.850000381469727,15.069999694824219,13.8896484375,50000,0.0,0.0,FIX
2014-08-29 00:00:00-04:00,15.069999694824219,15.229999542236328,14.949999809265137,15.199999809265137,14.009469032287598,55200,0.0,0.0,FIX
2014-09-02 00:00:00-04:00,15.289999961853027,15.390000343322754,15.09000015258789,15.319999694824219,14.120072364807129,86800,0.0,0.0,FIX
2014-09-03 00:00:00-04:00,15.4399995803833,15.529999732971191,15.0,15.100000381469727,13.9173002243042,115000,0.0,0.0,FIX
2014-09-04 00:00:00-04:00,15.09000015258789,15.300000190734863,14.829999923706055,14.899999618530273,13.732962608337402,161100,0.0,0.0,FIX
2014-09-05 00:00:00-04:00,14.869999885559082,15.039999961853027,14.670000076293945,14.859999656677246,13.696094512939453,152700,0.0,0.0,FIX
2014-09-08 00:00:00-04:00,14.819999694824219,15.109999656677246,14.770000457763672,14.920000076293945,13.751397132873535,118500,0.0,0.0,FIX
2014-09-09 00:00:00-04:00,14.829999923706055,14.949999809265137,14.710000038146973,14.739999771118164,13.585497856140137,109700,0.0,0.0,FIX
2014-09-10 00:00:00-04:00,14.699999809265137,14.960000038146973,14.609999656677246,14.90999984741211,13.742181777954102,154000,0.0,0.0,FIX
2014-09-11 00:00:00-04:00,14.819999694824219,15.09000015258789,14.819999694824219,15.0,13.825135231018066,86600,0.0,0.0,FIX
2014-09-12 00:00:00-04:00,15.020000457763672,15.079999923706055,14.890000343322754,14.989999771118164,13.815916061401367,98900,0.0,0.0,FIX
2014-09-15 00:00:00-04:00,14.930000305175781,14.930000305175781,14.600000381469727,14.760000228881836,13.60392951965332,83900,0.0,0.0,FIX
2014-09-16 00:00:00-04:00,14.6899995803833,14.789999961853027,14.5600004196167,14.600000381469727,13.456464767456055,117600,0.0,0.0,FIX
2014-09-17 00:00:00-04:00,14.569999694824219,14.779999732971191,14.380000114440918,14.550000190734863,13.410383224487305,187500,0.0,0.0,FIX
2014-09-18 00:00:00-04:00,14.579999923706055,14.779999732971191,14.579999923706055,14.670000076293945,13.520980834960938,121700,0.0,0.0,FIX
2014-09-19 00:00:00-04:00,14.729999542236328,14.880000114440918,14.539999961853027,14.609999656677246,13.465681076049805,251400,0.0,0.0,FIX
2014-09-22 00:00:00-04:00,14.5600004196167,14.5600004196167,14.34000015258789,14.380000114440918,13.253692626953125,110700,0.0,0.0,FIX
2014-09-23 00:00:00-04:00,14.300000190734863,14.40999984741211,14.0600004196167,14.140000343322754,13.032492637634277,111100,0.0,0.0,FIX
2014-09-24 00:00:00-04:00,14.130000114440918,14.220000267028809,13.859999656677246,13.970000267028809,12.875804901123047,155900,0.0,0.0,FIX
2014-09-25 00:00:00-04:00,13.90999984741211,14.010000228881836,13.710000038146973,13.779999732971191,12.700690269470215,110300,0.0,0.0,FIX
2014-09-26 00:00:00-04:00,13.800000190734863,13.989999771118164,13.800000190734863,13.9399995803833,12.848159790039062,97400,0.0,0.0,FIX
2014-09-29 00:00:00-04:00,13.779999732971191,13.989999771118164,13.779999732971191,13.869999885559082,12.783638954162598,91800,0.0,0.0,FIX
2014-09-30 00:00:00-04:00,13.850000381469727,13.949999809265137,13.550000190734863,13.550000190734863,12.4887056350708,146200,0.0,0.0,FIX
2014-10-01 00:00:00-04:00,13.489999771118164,13.59000015258789,13.199999809265137,13.399999618530273,12.350451469421387,147400,0.0,0.0,FIX
2014-10-02 00:00:00-04:00,13.399999618530273,13.640000343322754,13.350000381469727,13.550000190734863,12.4887056350708,147500,0.0,0.0,FIX
2014-10-03 00:00:00-04:00,13.65999984741211,13.819999694824219,13.479999542236328,13.489999771118164,12.433402061462402,125800,0.0,0.0,FIX
2014-10-06 00:00:00-04:00,13.5,13.619999885559082,13.1899995803833,13.229999542236328,12.193770408630371,120100,0.0,0.0,FIX
2014-10-07 00:00:00-04:00,13.09000015258789,13.1899995803833,12.9399995803833,12.979999542236328,11.963350296020508,102400,0.0,0.0,FIX
2014-10-08 00:00:00-04:00,12.90999984741211,13.239999771118164,12.819999694824219,13.069999694824219,12.046297073364258,140100,0.0,0.0,FIX
2014-10-09 00:00:00-04:00,13.029999732971191,13.029999732971191,12.760000228881836,12.8100004196167,11.806665420532227,113000,0.0,0.0,FIX
2014-10-10 00:00:00-04:00,12.699999809265137,13.09000015258789,12.630000114440918,12.989999771118164,11.972564697265625,159300,0.0,0.0,FIX
2014-10-13 00:00:00-04:00,13.0,13.260000228881836,12.979999542236328,13.149999618530273,12.120034217834473,156700,0.0,0.0,FIX
2014-10-14 00:00:00-04:00,13.25,13.670000076293945,13.15999984741211,13.25,12.212199211120605,166900,0.0,0.0,FIX
2014-10-15 00:00:00-04:00,13.050000190734863,13.829999923706055,12.989999771118164,13.739999771118164,12.66382122039795,235400,0.0,0.0,FIX
2014-10-16 00:00:00-04:00,13.470000267028809,14.100000381469727,13.420000076293945,13.850000381469727,12.765209197998047,284200,0.0,0.0,FIX
2014-10-17 00:00:00-04:00,14.0,14.149999618530273,13.84000015258789,13.930000305175781,12.83894157409668,295400,0.0,0.0,FIX
2014-10-20 00:00:00-04:00,13.850000381469727,14.15999984741211,13.850000381469727,14.140000343322754,13.032492637634277,135500,0.0,0.0,FIX
2014-10-21 00:00:00-04:00,14.180000305175781,14.449999809265137,14.130000114440918,14.449999809265137,13.31821060180664,126700,0.0,0.0,FIX
2014-10-22 00:00:00-04:00,14.529999732971191,14.579999923706055,14.319999694824219,14.369999885559082,13.244478225708008,140500,0.0,0.0,FIX
2014-10-23 00:00:00-04:00,14.489999771118164,14.789999961853027,14.390000343322754,14.59000015258789,13.447247505187988,105800,0.0,0.0,FIX
2014-10-24 00:00:00-04:00,14.640000343322754,14.739999771118164,14.430000305175781,14.720000267028809,13.56706428527832,81900,0.0,0.0,FIX
2014-10-27 00:00:00-04:00,14.6899995803833,14.850000381469727,14.510000228881836,14.829999923706055,13.668448448181152,118500,0.0,0.0,FIX
2014-10-28 00:00:00-04:00,14.850000381469727,15.640000343322754,14.760000228881836,15.640000343322754,14.415005683898926,195200,0.0,0.0,FIX
2014-10-29 00:00:00-04:00,15.699999809265137,15.75,15.329999923706055,15.600000381469727,14.37813949584961,109600,0.0,0.0,FIX
2014-10-30 00:00:00-04:00,13.84000015258789,15.260000228881836,13.84000015258789,15.1899995803833,14.000250816345215,204400,0.0,0.0,FIX
2014-10-31 00:00:00-04:00,15.4399995803833,15.449999809265137,15.220000267028809,15.359999656677246,14.156938552856445,211400,0.0,0.0,FIX
2014-11-03 00:00:00-05:00,15.430000305175781,15.550000190734863,15.020000457763672,15.140000343322754,13.954167366027832,196300,0.0,0.0,FIX
2014-11-04 00:00:00-05:00,15.130000114440918,15.539999961853027,15.130000114440918,15.300000190734863,14.101635932922363,173900,0.0,0.0,FIX
2014-11-05 00:00:00-05:00,15.359999656677246,15.40999984741211,14.920000076293945,14.979999542236328,13.806696891784668,160200,0.0,0.0,FIX
2014-11-06 00:00:00-05:00,14.960000038146973,15.050000190734863,14.779999732971191,14.899999618530273,13.788189888000488,179600,0.06,0.0,FIX
2014-11-07 00:00:00-05:00,14.829999923706055,14.979999542236328,14.829999923706055,14.960000038146973,13.843713760375977,113900,0.0,0.0,FIX
2014-11-10 00:00:00-05:00,14.970000267028809,15.210000038146973,14.949999809265137,15.109999656677246,13.982522010803223,76700,0.0,0.0,FIX
2014-11-11 00:00:00-05:00,15.050000190734863,15.109999656677246,14.84000015258789,15.020000457763672,13.89924144744873,108500,0.0,0.0,FIX
2014-11-12 00:00:00-05:00,14.899999618530273,15.25,14.8100004196167,15.170000076293945,14.038042068481445,73000,0.0,0.0,FIX
2014-11-13 00:00:00-05:00,15.130000114440918,15.329999923706055,14.880000114440918,14.899999618530273,13.788189888000488,50100,0.0,0.0,FIX
2014-11-14 00:00:00-05:00,14.949999809265137,15.0,14.850000381469727,14.899999618530273,13.788189888000488,57600,0.0,0.0,FIX
2014-11-17 00:00:00-05:00,14.8100004196167,14.90999984741211,14.239999771118164,14.279999732971191,13.214456558227539,97000,0.0,0.0,FIX
2014-11-18 00:00:00-05:00,14.25,14.529999732971191,14.220000267028809,14.350000381469727,13.279233932495117,92000,0.0,0.0,FIX
2014-11-19 00:00:00-05:00,14.380000114440918,14.380000114440918,13.989999771118164,14.170000076293945,13.112661361694336,68400,0.0,0.0,FIX
2014-11-20 00:00:00-05:00,14.130000114440918,14.569999694824219,14.130000114440918,14.479999542236328,13.399531364440918,95100,0.0,0.0,FIX
2014-11-21 00:00:00-05:00,14.6899995803833,14.890000343322754,14.619999885559082,14.720000267028809,13.621623039245605,104800,0.0,0.0,FIX
2014-11-24 00:00:00-05:00,14.789999961853027,15.039999961853027,14.619999885559082,15.010000228881836,13.889986038208008,178400,0.0,0.0,FIX
2014-11-25 00:00:00-05:00,15.020000457763672,15.09000015258789,14.890000343322754,15.0600004196167,13.93625259399414,76500,0.0,0.0,FIX
2014-11-26 00:00:00-05:00,15.069999694824219,15.09000015258789,14.899999618530273,15.029999732971191,13.908491134643555,81700,0.0,0.0,FIX
2014-11-28 00:00:00-05:00,14.960000038146973,14.960000038146973,14.300000190734863,14.369999885559082,13.297739028930664,96800,0.0,0.0,FIX
2014-12-01 00:00:00-05:00,14.420000076293945,14.859999656677246,14.350000381469727,14.710000038146973,13.612370491027832,146200,0.0,0.0,FIX
2014-12-02 00:00:00-05:00,14.819999694824219,15.270000457763672,14.819999694824219,15.119999885559082,13.99177360534668,204300,0.0,0.0,FIX
2014-12-03 00:00:00-05:00,15.0600004196167,15.720000267028809,15.0600004196167,15.670000076293945,14.500738143920898,231200,0.0,0.0,FIX
2014-12-04 00:00:00-05:00,15.619999885559082,15.920000076293945,15.529999732971191,15.850000381469727,14.667304992675781,146500,0.0,0.0,FIX
2014-12-05 00:00:00-05:00,15.84000015258789,16.34000015258789,15.84000015258789,16.299999237060547,15.083727836608887,168100,0.0,0.0,FIX
2014-12-08 00:00:00-05:00,16.25,16.34000015258789,15.949999809265137,15.960000038146973,14.769096374511719,259600,0.0,0.0,FIX
2014-12-09 00:00:00-05:00,15.760000228881836,16.3700008392334,15.680000305175781,16.34000015258789,15.120743751525879,214000,0.0,0.0,FIX
2014-12-10 00:00:00-05:00,16.229999542236328,16.25,15.779999732971191,15.800000190734863,14.621036529541016,217500,0.0,0.0,FIX
2014-12-11 00:00:00-05:00,15.819999694824219,16.299999237060547,15.819999694824219,15.84000015258789,14.658048629760742,127900,0.0,0.0,FIX
2014-12-12 00:00:00-05:00,15.569999694824219,15.770000457763672,15.470000267028809,15.529999732971191,14.371177673339844,153100,0.0,0.0,FIX
2014-12-15 00:00:00-05:00,15.579999923706055,15.850000381469727,15.5,15.5600004196167,14.398942947387695,114700,0.0,0.0,FIX
2014-12-16 00:00:00-05:00,15.5600004196167,15.989999771118164,15.5600004196167,15.760000228881836,14.584014892578125,166800,0.0,0.0,FIX
2014-12-17 00:00:00-05:00,15.789999961853027,16.5,15.640000343322754,16.399999618530273,15.176264762878418,209300,0.0,0.0,FIX
2014-12-18 00:00:00-05:00,16.639999389648438,16.81999969482422,16.43000030517578,16.75,15.500146865844727,115100,0.0,0.0,FIX
2014-12-19 00:00:00-05:00,16.75,17.190000534057617,16.690000534057617,17.1299991607666,15.85179615020752,647800,0.0,0.0,FIX
2014-12-22 00:00:00-05:00,17.170000076293945,17.239999771118164,16.799999237060547,17.040000915527344,15.768513679504395,125000,0.0,0.0,FIX
2014-12-23 00:00:00-05:00,17.170000076293945,17.420000076293945,17.06999969482422,17.1200008392334,15.842533111572266,133100,0.0,0.0,FIX
2014-12-24 00:00:00-05:00,17.06999969482422,17.260000228881836,16.889999389648438,17.18000030517578,15.898049354553223,73600,0.0,0.0,FIX
2014-12-26 00:00:00-05:00,17.280000686645508,17.5,17.149999618530273,17.420000076293945,16.120153427124023,45300,0.0,0.0,FIX
2014-12-29 00:00:00-05:00,17.25,17.600000381469727,17.110000610351562,17.399999618530273,16.10164451599121,106200,0.0,0.0,FIX
2014-12-30 00:00:00-05:00,17.399999618530273,17.579999923706055,17.18000030517578,17.299999237060547,16.00910186767578,67700,0.0,0.0,FIX
2014-12-31 00:00:00-05:00,17.389999389648438,17.5,17.110000610351562,17.1200008392334,15.842533111572266,113600,0.0,0.0,FIX
2015-01-02 00:00:00-05:00,17.15999984741211,17.18000030517578,16.600000381469727,16.8799991607666,15.620447158813477,119300,0.0,0.0,FIX
2015-01-05 00:00:00-05:00,16.75,16.81999969482422,16.450000762939453,16.600000381469727,15.361339569091797,132400,0.0,0.0,FIX
2015-01-06 00:00:00-05:00,16.600000381469727,16.709999084472656,16.209999084472656,16.299999237060547,15.083727836608887,208000,0.0,0.0,FIX
2015-01-07 00:00:00-05:00,16.360000610351562,16.450000762939453,16.239999771118164,16.440000534057617,15.21328067779541,118300,0.0,0.0,FIX
2015-01-08 00:00:00-05:00,16.610000610351562,16.93000030517578,16.489999771118164,16.790000915527344,15.537162780761719,269100,0.0,0.0,FIX
2015-01-09 00:00:00-05:00,16.739999771118164,16.8700008392334,16.440000534057617,16.6200008392334,15.379852294921875,133900,0.0,0.0,FIX
2015-01-12 00:00:00-05:00,16.6200008392334,16.84000015258789,16.43000030517578,16.790000915527344,15.537162780761719,168000,0.0,0.0,FIX
2015-01-13 00:00:00-05:00,16.969999313354492,17.049999237060547,16.440000534057617,16.84000015258789,15.5834321975708,209200,0.0,0.0,FIX
2015-01-14 00:00:00-05:00,16.600000381469727,16.850000381469727,16.510000228881836,16.780000686645508,15.527910232543945,85000,0.0,0.0,FIX
2015-01-15 00:00:00-05:00,16.8700008392334,16.8799991607666,16.149999618530273,16.15999984741211,14.954170227050781,127100,0.0,0.0,FIX
2015-01-16 00:00:00-05:00,16.06999969482422,16.290000915527344,15.880000114440918,16.209999084472656,15.000439643859863,161000,0.0,0.0,FIX
2015-01-20 00:00:00-05:00,16.170000076293945,16.209999084472656,15.579999923706055,15.869999885559082,14.685811042785645,153300,0.0,0.0,FIX
2015-01-21 00:00:00-05:00,15.800000190734863,15.899999618530273,15.640000343322754,15.869999885559082,14.685811042785645,147000,0.0,0.0,FIX
2015-01-22 00:00:00-05:00,15.970000267028809,16.43000030517578,15.670000076293945,16.309999465942383,15.092978477478027,100800,0.0,0.0,FIX
2015-01-23 00:00:00-05:00,16.309999465942383,16.450000762939453,16.100000381469727,16.3799991607666,15.157756805419922,83800,0.0,0.0,FIX
2015-01-26 00:00:00-05:00,16.31999969482422,16.729999542236328,16.25,16.610000610351562,15.370593070983887,68500,0.0,0.0,FIX
2015-01-27 00:00:00-05:00,16.350000381469727,16.600000381469727,16.260000228881836,16.540000915527344,15.305815696716309,57600,0.0,0.0,FIX
2015-01-28 00:00:00-05:00,16.700000762939453,16.790000915527344,16.219999313354492,16.450000762939453,15.222530364990234,154300,0.0,0.0,FIX
2015-01-29 00:00:00-05:00,16.479999542236328,16.989999771118164,16.420000076293945,16.979999542236328,15.71298885345459,96700,0.0,0.0,FIX
2015-01-30 00:00:00-05:00,16.809999465942383,16.950000762939453,16.6299991607666,16.649999618530273,15.407617568969727,172600,0.0,0.0,FIX
2015-02-02 00:00:00-05:00,16.729999542236328,17.299999237060547,16.59000015258789,17.260000228881836,15.972089767456055,133300,0.0,0.0,FIX
2015-02-03 00:00:00-05:00,17.329999923706055,18.170000076293945,17.329999923706055,18.110000610351562,16.7586669921875,211900,0.0,0.0,FIX
2015-02-04 00:00:00-05:00,17.969999313354492,18.1200008392334,17.600000381469727,17.709999084472656,16.38851547241211,90300,0.0,0.0,FIX
2015-02-05 00:00:00-05:00,17.719999313354492,17.899999618530273,17.719999313354492,17.81999969482422,16.490304946899414,113200,0.0,0.0,FIX
2015-02-06 00:00:00-05:00,17.399999618530273,17.68000030517578,17.059999465942383,17.25,15.962837219238281,181100,0.0,0.0,FIX
2015-02-09 00:00:00-05:00,17.239999771118164,17.450000762939453,16.969999313354492,17.059999465942383,15.787017822265625,98100,0.0,0.0,FIX
2015-02-10 00:00:00-05:00,17.110000610351562,17.110000610351562,16.559999465942383,16.809999465942383,15.555672645568848,90200,0.0,0.0,FIX
2015-02-11 00:00:00-05:00,16.790000915527344,16.860000610351562,16.3799991607666,16.68000030517578,15.435371398925781,85700,0.0,0.0,FIX
2015-02-12 00:00:00-05:00,16.899999618530273,16.989999771118164,16.649999618530273,16.920000076293945,15.657463073730469,96600,0.0,0.0,FIX
2015-02-13 00:00:00-05:00,16.93000030517578,17.110000610351562,16.700000762939453,16.959999084472656,15.694472312927246,99400,0.0,0.0,FIX
2015-02-17 00:00:00-05:00,16.899999618530273,17.100000381469727,16.719999313354492,16.989999771118164,15.722245216369629,57100,0.0,0.0,FIX
2015-02-18 00:00:00-05:00,16.90999984741211,17.299999237060547,16.68000030517578,17.229999542236328,15.944334030151367,111100,0.0,0.0,FIX
2015-02-19 00:00:00-05:00,17.110000610351562,17.260000228881836,16.93000030517578,16.940000534057617,15.6759672164917,60900,0.0,0.0,FIX
2015-02-20 00:00:00-05:00,16.860000610351562,16.979999542236328,16.610000610351562,16.65999984741211,15.416866302490234,148300,0.0,0.0,FIX
2015-02-23 00:00:00-05:00,16.56999969482422,16.780000686645508,16.399999618530273,16.760000228881836,15.509405136108398,84400,0.0,0.0,FIX
2015-02-24 00:00:00-05:00,16.75,17.059999465942383,16.75,16.850000381469727,15.592683792114258,66100,0.0,0.0,FIX
2015-02-25 00:00:00-05:00,16.850000381469727,16.959999084472656,16.68000030517578,16.770000457763672,15.518657684326172,98000,0.0,0.0,FIX
2015-02-26 00:00:00-05:00,16.709999084472656,16.950000762939453,16.649999618530273,16.8799991607666,15.620447158813477,69100,0.0,0.0,FIX
2015-02-27 00:00:00-05:00,18.5,19.239999771118164,18.030000686645508,18.700000762939453,17.304649353027344,478900,0.0,0.0,FIX
2015-03-02 00:00:00-05:00,18.6299991607666,19.389999389648438,18.459999084472656,18.739999771118164,17.341655731201172,342200,0.0,0.0,FIX
2015-03-03 00:00:00-05:00,18.65999984741211,18.979999542236328,18.559999465942383,18.75,17.35091209411621,134200,0.0,0.0,FIX
2015-03-04 00:00:00-05:00,18.739999771118164,18.739999771118164,18.399999618530273,18.649999618530273,17.25836753845215,174700,0.0,0.0,FIX
2015-03-05 00:00:00-05:00,18.700000762939453,19.290000915527344,18.600000381469727,18.989999771118164,17.573007583618164,330500,0.0,0.0,FIX
2015-03-06 00:00:00-05:00,18.760000228881836,19.139999389648438,18.690000534057617,18.850000381469727,17.443450927734375,148100,0.0,0.0,FIX
2015-03-09 00:00:00-04:00,18.84000015258789,19.18000030517578,18.799999237060547,18.940000534057617,17.526731491088867,508300,0.0,0.0,FIX
2015-03-10 00:00:00-04:00,18.719999313354492,19.06999969482422,18.700000762939453,18.84000015258789,17.48961067199707,245800,0.06,0.0,FIX
2015-03-11 00:00:00-04:00,18.90999984741211,19.030000686645508,18.709999084472656,18.969999313354492,17.61028480529785,254600,0.0,0.0,FIX
2015-03-12 00:00:00-04:00,19.079999923706055,19.75,18.979999542236328,19.65999984741211,18.250825881958008,368400,0.0,0.0,FIX
2015-03-13 00:00:00-04:00,19.729999542236328,19.760000228881836,19.260000228881836,19.420000076293945,18.028032302856445,236300,0.0,0.0,FIX
2015-03-16 00:00:00-04:00,19.420000076293945,19.510000228881836,19.290000915527344,19.34000015258789,17.953771591186523,177500,0.0,0.0,FIX
2015-03-17 00:00:00-04:00,19.139999389648438,19.700000762939453,19.100000381469727,19.559999465942383,18.15799903869629,208600,0.0,0.0,FIX
2015-03-18 00:00:00-04:00,19.520000457763672,19.940000534057617,19.280000686645508,19.860000610351562,18.436492919921875,112200,0.0,0.0,FIX
2015-03-19 00:00:00-04:00,19.700000762939453,19.770000457763672,19.600000381469727,19.709999084472656,18.297243118286133,74800,0.0,0.0,FIX
2015-03-20 00:00:00-04:00,19.84000015258789,20.0,19.68000030517578,19.739999771118164,18.325103759765625,227400,0.0,0.0,FIX
2015-03-23 00:00:00-04:00,19.700000762939453,19.979999542236328,19.649999618530273,19.829999923706055,18.40864372253418,144200,0.0,0.0,FIX
2015-03-24 00:00:00-04:00,19.860000610351562,20.170000076293945,19.709999084472656,20.010000228881836,18.575740814208984,174500,0.0,0.0,FIX
2015-03-25 00:00:00-04:00,20.149999618530273,20.18000030517578,19.639999389648438,19.670000076293945,18.26011085510254,176500,0.0,0.0,FIX
2015-03-26 00:00:00-04:00,19.670000076293945,20.34000015258789,19.530000686645508,20.290000915527344,18.835670471191406,252600,0.0,0.0,FIX
2015-03-27 00:00:00-04:00,20.329999923706055,20.540000915527344,20.049999237060547,20.309999465942383,18.854238510131836,300400,0.0,0.0,FIX
2015-03-30 00:00:00-04:00,20.510000228881836,21.440000534057617,20.420000076293945,21.18000030517578,19.661880493164062,447200,0.0,0.0,FIX
2015-03-31 00:00:00-04:00,21.030000686645508,21.100000381469727,20.829999923706055,21.040000915527344,19.531911849975586,232000,0.0,0.0,FIX
2015-04-01 00:00:00-04:00,20.989999771118164,21.18000030517578,20.889999389648438,21.040000915527344,19.531911849975586,254100,0.0,0.0,FIX
2015-04-02 00:00:00-04:00,21.020000457763672,21.3700008392334,20.940000534057617,21.1299991607666,19.615467071533203,184900,0.0,0.0,FIX
2015-04-06 00:00:00-04:00,20.969999313354492,21.100000381469727,19.959999084472656,20.299999237060547,18.84494972229004,341300,0.0,0.0,FIX
2015-04-07 00:00:00-04:00,20.209999084472656,20.440000534057617,20.079999923706055,20.139999389648438,18.69641876220703,261000,0.0,0.0,FIX
2015-04-08 00:00:00-04:00,20.1299991607666,20.40999984741211,20.040000915527344,20.299999237060547,18.84494972229004,359200,0.0,0.0,FIX
2015-04-09 00:00:00-04:00,20.360000610351562,20.489999771118164,20.100000381469727,20.350000381469727,18.89137077331543,107000,0.0,0.0,FIX
2015-04-10 00:00:00-04:00,20.399999618530273,20.780000686645508,20.260000228881836,20.760000228881836,19.271982192993164,302600,0.0,0.0,FIX
2015-04-13 00:00:00-04:00,20.719999313354492,21.020000457763672,20.549999237060547,20.969999313354492,19.46693229675293,166700,0.0,0.0,FIX
2015-04-14 00:00:00-04:00,20.959999084472656,21.25,20.8700008392334,21.209999084472656,19.689725875854492,221400,0.0,0.0,FIX
2015-04-15 00:00:00-04:00,21.399999618530273,21.399999618530273,21.0,21.170000076293945,19.652589797973633,140400,0.0,0.0,FIX
2015-04-16 00:00:00-04:00,21.030000686645508,21.049999237060547,20.690000534057617,20.770000457763672,19.28126335144043,139100,0.0,0.0,FIX
2015-04-17 00:00:00-04:00,20.600000381469727,20.600000381469727,20.100000381469727,20.110000610351562,18.668577194213867,116600,0.0,0.0,FIX
2015-04-20 00:00:00-04:00,20.219999313354492,20.31999969482422,19.979999542236328,20.149999618530273,18.705703735351562,142600,0.0,0.0,FIX
2015-04-21 00:00:00-04:00,20.18000030517578,20.450000762939453,19.979999542236328,20.34000015258789,18.882089614868164,91300,0.0,0.0,FIX
2015-04-22 00:00:00-04:00,20.290000915527344,20.40999984741211,19.969999313354492,20.40999984741211,18.947065353393555,142400,0.0,0.0,FIX
2015-04-23 00:00:00-04:00,20.399999618530273,20.719999313354492,20.3700008392334,20.540000915527344,19.0677547454834,103700,0.0,0.0,FIX
2015-04-24 00:00:00-04:00,20.579999923706055,20.579999923706055,20.350000381469727,20.440000534057617,18.974916458129883,67200,0.0,0.0,FIX
2015-04-27 00:00:00-04:00,20.59000015258789,21.170000076293945,20.59000015258789,20.700000762939453,19.216283798217773,274700,0.0,0.0,FIX
2015-04-28 00:00:00-04:00,20.739999771118164,20.8700008392334,20.559999465942383,20.649999618530273,19.16986656188965,150400,0.0,0.0,FIX
2015-04-29 00:00:00-04:00,20.59000015258789,20.809999465942383,20.440000534057617,20.600000381469727,19.123451232910156,175000,0.0,0.0,FIX
2015-04-30 00:00:00-04:00,21.0,21.68000030517578,20.40999984741211,20.690000534057617,19.207002639770508,417700,0.0,0.0,FIX
2015-05-01 00:00:00-04:00,20.84000015258789,21.239999771118164,20.799999237060547,21.1200008392334,19.606182098388672,316800,0.0,0.0,FIX
2015-05-04 00:00:00-04:00,21.25,21.479999542236328,21.149999618530273,21.31999969482422,19.791847229003906,331400,0.0,0.0,FIX
2015-05-05 00:00:00-04:00,21.3799991607666,21.690000534057617,21.31999969482422,21.399999618530273,19.866104125976562,246700,0.0,0.0,FIX
2015-05-06 00:00:00-04:00,21.5,21.56999969482422,21.260000228881836,21.34000015258789,19.8104190826416,196900,0.0,0.0,FIX
2015-05-07 00:00:00-04:00,21.43000030517578,21.799999237060547,21.18000030517578,21.690000534057617,20.135326385498047,356000,0.0,0.0,FIX
2015-05-08 00:00:00-04:00,21.8700008392334,22.0,21.610000610351562,21.81999969482422,20.25600814819336,272400,0.0,0.0,FIX
2015-05-11 00:00:00-04:00,21.899999618530273,22.200000762939453,21.8700008392334,21.950000762939453,20.37668800354004,438300,0.0,0.0,FIX
2015-05-12 00:00:00-04:00,21.860000610351562,22.139999389648438,21.459999084472656,22.0,20.479080200195312,283100,0.06,0.0,FIX
2015-05-13 00:00:00-04:00,22.110000610351562,22.450000762939453,21.969999313354492,22.260000228881836,20.721107482910156,224600,0.0,0.0,FIX
2015-05-14 00:00:00-04:00,22.34000015258789,22.770000457763672,22.309999465942383,22.5,20.94451141357422,196700,0.0,0.0,FIX
2015-05-15 00:00:00-04:00,22.549999237060547,22.81999969482422,22.329999923706055,22.399999618530273,20.851425170898438,171100,0.0,0.0,FIX
2015-05-18 00:00:00-04:00,22.399999618530273,22.450000762939453,22.15999984741211,22.229999542236328,20.693180084228516,417900,0.0,0.0,FIX
2015-05-19 00:00:00-04:00,22.219999313354492,22.639999389648438,22.1299991607666,22.450000762939453,20.89797592163086,659100,0.0,0.0,FIX
2015-05-20 00:00:00-04:00,22.600000381469727,22.959999084472656,22.25,22.790000915527344,21.21446990966797,532900,0.0,0.0,FIX
2015-05-21 00:00:00-04:00,22.799999237060547,23.010000228881836,22.700000762939453,22.790000915527344,21.21446990966797,227500,0.0,0.0,FIX
2015-05-22 00:00:00-04:00,22.780000686645508,23.1200008392334,22.549999237060547,22.6299991607666,21.065526962280273,216900,0.0,0.0,FIX
2015-05-26 00:00:00-04:00,22.600000381469727,22.600000381469727,22.1200008392334,22.200000762939453,20.665254592895508,181800,0.0,0.0,FIX
2015-05-27 00:00:00-04:00,22.200000762939453,22.329999923706055,21.899999618530273,22.209999084472656,20.674558639526367,274900,0.0,0.0,FIX
2015-05-28 00:00:00-04:00,22.170000076293945,22.510000228881836,22.1200008392334,22.399999618530273,20.851425170898438,243200,0.0,0.0,FIX
2015-05-29 00:00:00-04:00,22.3700008392334,22.56999969482422,22.15999984741211,22.450000762939453,20.89797592163086,279700,0.0,0.0,FIX
2015-06-01 00:00:00-04:00,22.610000610351562,23.1200008392334,22.389999389648438,22.860000610351562,21.279630661010742,544000,0.0,0.0,FIX
2015-06-02 00:00:00-04:00,22.719999313354492,23.030000686645508,22.610000610351562,22.850000381469727,21.270315170288086,364700,0.0,0.0,FIX
2015-06-03 00:00:00-04:00,22.989999771118164,23.559999465942383,22.809999465942383,23.489999771118164,21.866073608398438,283300,0.0,0.0,FIX
2015-06-04 00:00:00-04:00,23.459999084472656,23.479999542236328,23.030000686645508,23.06999969482422,21.47511100769043,151100,0.0,0.0,FIX
2015-06-05 00:00:00-04:00,23.020000457763672,23.270000457763672,22.770000457763672,23.15999984741211,21.55889320373535,155200,0.0,0.0,FIX
2015-06-08 00:00:00-04:00,23.170000076293945,23.190000534057617,22.790000915527344,22.799999237060547,21.223773956298828,143300,0.0,0.0,FIX
2015-06-09 00:00:00-04:00,22.84000015258789,23.0,22.739999771118164,22.940000534057617,21.354097366333008,207600,0.0,0.0,FIX
2015-06-10 00:00:00-04:00,23.200000762939453,23.770000457763672,23.170000076293945,23.649999618530273,22.015016555786133,361100,0.0,0.0,FIX
2015-06-11 00:00:00-04:00,23.690000534057617,23.950000762939453,23.520000457763672,23.65999984741211,22.024324417114258,192600,0.0,0.0,FIX
2015-06-12 00:00:00-04:00,23.59000015258789,23.959999084472656,23.360000610351562,23.899999618530273,22.247730255126953,221800,0.0,0.0,FIX
2015-06-15 00:00:00-04:00,23.920000076293945,23.920000076293945,22.93000030517578,23.049999237060547,21.456491470336914,356200,0.0,0.0,FIX
2015-06-16 00:00:00-04:00,23.059999465942383,23.25,22.6299991607666,22.68000030517578,21.112075805664062,357100,0.0,0.0,FIX
2015-06-17 00:00:00-04:00,22.739999771118164,22.979999542236328,22.59000015258789,22.799999237060547,21.223773956298828,191400,0.0,0.0,FIX
2015-06-18 00:00:00-04:00,22.959999084472656,23.420000076293945,22.799999237060547,23.399999618530273,21.78229331970215,224600,0.0,0.0,FIX
2015-06-19 00:00:00-04:00,23.5,23.5,23.170000076293945,23.200000762939453,21.596128463745117,231300,0.0,0.0,FIX
2015-06-22 00:00:00-04:00,23.290000915527344,23.489999771118164,23.219999313354492,23.399999618530273,21.78229331970215,164300,0.0,0.0,FIX
2015-06-23 00:00:00-04:00,23.40999984741211,23.65999984741211,23.309999465942383,23.43000030517578,21.810226440429688,149100,0.0,0.0,FIX
2015-06-24 00:00:00-04:00,23.3700008392334,23.3700008392334,22.8799991607666,23.040000915527344,21.44718360900879,160300,0.0,0.0,FIX
2015-06-25 00:00:00-04:00,23.18000030517578,23.18000030517578,22.8799991607666,22.979999542236328,21.391326904296875,201600,0.0,0.0,FIX
2015-06-26 00:00:00-04:00,23.010000228881836,23.31999969482422,23.010000228881836,23.260000228881836,21.6519718170166,721200,0.0,0.0,FIX
2015-06-29 00:00:00-04:00,23.1299991607666,23.549999237060547,22.850000381469727,22.889999389648438,21.307552337646484,228400,0.0,0.0,FIX
2015-06-30 00:00:00-04:00,23.09000015258789,23.190000534057617,22.81999969482422,22.950000762939453,21.3634090423584,210000,0.0,0.0,FIX
2015-07-01 00:00:00-04:00,23.139999389648438,23.450000762939453,23.0,23.270000457763672,21.66128158569336,217000,0.0,0.0,FIX
2015-07-02 00:00:00-04:00,23.280000686645508,23.3700008392334,22.639999389648438,23.079999923706055,21.484413146972656,133900,0.0,0.0,FIX
2015-07-06 00:00:00-04:00,22.809999465942383,23.239999771118164,22.809999465942383,23.18000030517578,21.57750129699707,134000,0.0,0.0,FIX
2015-07-07 00:00:00-04:00,23.139999389648438,23.190000534057617,22.639999389648438,23.110000610351562,21.512348175048828,262400,0.0,0.0,FIX
2015-07-08 00:00:00-04:00,22.90999984741211,23.25,22.770000457763672,23.09000015258789,21.493724822998047,160600,0.0,0.0,FIX
2015-07-09 00:00:00-04:00,23.329999923706055,23.5,23.100000381469727,23.15999984741211,21.55889320373535,219300,0.0,0.0,FIX
2015-07-10 00:00:00-04:00,23.40999984741211,23.729999542236328,23.31999969482422,23.469999313354492,21.847450256347656,126100,0.0,0.0,FIX
2015-07-13 00:00:00-04:00,23.59000015258789,23.649999618530273,23.34000015258789,23.450000762939453,21.828840255737305,290800,0.0,0.0,FIX
2015-07-14 00:00:00-04:00,23.420000076293945,23.8799991607666,23.18000030517578,23.739999771118164,22.098785400390625,316100,0.0,0.0,FIX
2015-07-15 00:00:00-04:00,23.68000030517578,23.780000686645508,22.90999984741211,22.979999542236328,21.391326904296875,341400,0.0,0.0,FIX
2015-07-16 00:00:00-04:00,23.18000030517578,23.3799991607666,22.989999771118164,23.110000610351562,21.512348175048828,267200,0.0,0.0,FIX
2015-07-17 00:00:00-04:00,23.06999969482422,23.75,22.959999084472656,23.360000610351562,21.74506378173828,509000,0.0,0.0,FIX
2015-07-20 00:00:00-04:00,23.43000030517578,23.639999389648438,23.110000610351562,23.6299991607666,21.99639129638672,313500,0.0,0.0,FIX
2015-07-21 00:00:00-04:00,23.709999084472656,24.459999084472656,23.709999084472656,24.219999313354492,22.545604705810547,544100,0.0,0.0,FIX
2015-07-22 00:00:00-04:00,24.219999313354492,25.510000228881836,24.149999618530273,25.450000762939453,23.690580368041992,550300,0.0,0.0,FIX
2015-07-23 00:00:00-04:00,25.549999237060547,25.559999465942383,24.93000030517578,25.5,23.737117767333984,444600,0.0,0.0,FIX
2015-07-24 00:00:00-04:00,25.389999389648438,25.6200008392334,24.68000030517578,24.8700008392334,23.150671005249023,434900,0.0,0.0,FIX
2015-07-27 00:00:00-04:00,24.81999969482422,24.81999969482422,23.979999542236328,24.540000915527344,22.84348487854004,264700,0.0,0.0,FIX
2015-07-28 00:00:00-04:00,24.600000381469727,24.600000381469727,24.100000381469727,24.200000762939453,22.52698516845703,326300,0.0,0.0,FIX
2015-07-29 00:00:00-04:00,24.25,24.450000762939453,24.049999237060547,24.389999389648438,22.703855514526367,248700,0.0,0.0,FIX
2015-07-30 00:00:00-04:00,24.309999465942383,24.739999771118164,24.25,24.479999542236328,22.78763198852539,214000,0.0,0.0,FIX
2015-07-31 00:00:00-04:00,26.0,28.139999389648438,25.790000915527344,27.639999389648438,25.729171752929688,830500,0.0,0.0,FIX
2015-08-03 00:00:00-04:00,27.899999618530273,27.950000762939453,27.3700008392334,27.6200008392334,25.710554122924805,489200,0.0,0.0,FIX
2015-08-04 00:00:00-04:00,27.850000381469727,28.799999237060547,27.799999237060547,28.790000915527344,26.799667358398438,639400,0.0,0.0,FIX
2015-08-05 00:00:00-04:00,28.959999084472656,29.459999084472656,28.780000686645508,29.450000762939453,27.41404151916504,475000,0.0,0.0,FIX
2015-08-06 00:00:00-04:00,29.510000228881836,30.010000228881836,28.40999984741211,29.229999542236328,27.20924949645996,457000,0.0,0.0,FIX
2015-08-07 00:00:00-04:00,29.079999923706055,29.579999923706055,27.979999542236328,28.450000762939453,26.483171463012695,512700,0.0,0.0,FIX
2015-08-10 00:00:00-04:00,28.700000762939453,30.31999969482422,28.5,30.1200008392334,28.037729263305664,814900,0.0,0.0,FIX
2015-08-11 00:00:00-04:00,29.170000076293945,29.559999465942383,27.350000381469727,27.93000030517578,25.999126434326172,920800,0.0,0.0,FIX
2015-08-12 00:00:00-04:00,27.75,28.459999084472656,27.469999313354492,28.43000030517578,26.526294708251953,590800,0.065,0.0,FIX
2015-08-13 00:00:00-04:00,28.579999923706055,29.649999618530273,28.459999084472656,29.350000381469727,27.384687423706055,870400,0.0,0.0,FIX
2015-08-14 00:00:00-04:00,29.3799991607666,29.469999313354492,29.079999923706055,29.329999923706055,27.366025924682617,284200,0.0,0.0,FIX
2015-08-17 00:00:00-04:00,29.299999237060547,29.3700008392334,28.8799991607666,29.290000915527344,27.328704833984375,404300,0.0,0.0,FIX
2015-08-18 00:00:00-04:00,29.3700008392334,29.700000762939453,29.049999237060547,29.18000030517578,27.22607421875,342900,0.0,0.0,FIX
2015-08-19 00:00:00-04:00,29.06999969482422,29.790000915527344,29.0,29.450000762939453,27.477991104125977,460900,0.0,0.0,FIX
2015-08-20 00:00:00-04:00,29.260000228881836,29.579999923706055,29.0,29.260000228881836,27.300716400146484,332100,0.0,0.0,FIX
2015-08-21 00:00:00-04:00,28.739999771118164,29.440000534057617,28.18000030517578,28.75,26.824861526489258,381000,0.0,0.0,FIX
2015-08-24 00:00:00-04:00,27.25,28.719999313354492,26.149999618530273,27.600000381469727,25.75187110900879,600400,0.0,0.0,FIX
2015-08-25 00:00:00-04:00,28.280000686645508,28.3700008392334,26.989999771118164,27.010000228881836,25.20137596130371,472500,0.0,0.0,FIX
2015-08-26 00:00:00-04:00,27.700000762939453,27.75,26.829999923706055,27.3799991607666,25.546607971191406,576900,0.0,0.0,FIX
2015-08-27 00:00:00-04:00,27.739999771118164,27.93000030517578,27.1299991607666,27.760000228881836,25.90115737915039,384400,0.0,0.0,FIX
2015-08-28 00:00:00-04:00,27.700000762939453,28.059999465942383,27.469999313354492,27.65999984741211,25.807851791381836,348900,0.0,0.0,FIX
2015-08-31 00:00:00-04:00,27.450000762939453,27.959999084472656,27.299999237060547,27.719999313354492,25.863832473754883,383200,0.0,0.0,FIX
2015-09-01 00:00:00-04:00,27.200000762939453,28.0,27.200000762939453,27.5,25.658565521240234,486400,0.0,0.0,FIX
2015-09-02 00:00:00-04:00,27.860000610351562,28.149999618530273,27.649999618530273,28.059999465942383,26.181062698364258,678500,0.0,0.0,FIX
2015-09-03 00:00:00-04:00,28.139999389648438,28.700000762939453,27.729999542236328,28.059999465942383,26.181062698364258,523500,0.0,0.0,FIX
2015-09-04 00:00:00-04:00,27.639999389648438,28.149999618530273,27.639999389648438,28.020000457763672,26.14374351501465,214900,0.0,0.0,FIX
2015-09-08 00:00:00-04:00,28.489999771118164,28.639999389648438,28.3799991607666,28.489999771118164,26.582275390625,509400,0.0,0.0,FIX
2015-09-09 00:00:00-04:00,28.649999618530273,28.850000381469727,28.420000076293945,28.489999771118164,26.582275390625,513800,0.0,0.0,FIX
2015-09-10 00:00:00-04:00,28.459999084472656,28.790000915527344,28.309999465942383,28.440000534057617,26.53563117980957,332600,0.0,0.0,FIX
2015-09-11 00:00:00-04:00,28.299999237060547,28.520000457763672,28.270000457763672,28.40999984741211,26.507631301879883,387900,0.0,0.0,FIX
2015-09-14 00:00:00-04:00,28.420000076293945,28.860000610351562,28.3700008392334,28.739999771118164,26.815532684326172,539800,0.0,0.0,FIX
2015-09-15 00:00:00-04:00,28.899999618530273,29.190000534057617,28.84000015258789,28.950000762939453,27.011472702026367,550300,0.0,0.0,FIX
2015-09-16 00:00:00-04:00,29.0,29.209999084472656,28.719999313354492,28.940000534057617,27.00214195251465,293500,0.0,0.0,FIX
2015-09-17 00:00:00-04:00,28.899999618530273,29.299999237060547,28.84000015258789,28.899999618530273,26.964826583862305,329600,0.0,0.0,FIX
2015-09-18 00:00:00-04:00,28.5,28.989999771118164,28.299999237060547,28.440000534057617,26.53563117980957,469600,0.0,0.0,FIX
2015-09-21 00:00:00-04:00,28.68000030517578,29.059999465942383,28.559999465942383,28.700000762939453,26.77821922302246,286400,0.0,0.0,FIX
2015-09-22 00:00:00-04:00,28.440000534057617,28.489999771118164,27.520000457763672,28.0,26.125083923339844,564500,0.0,0.0,FIX
2015-09-23 00:00:00-04:00,28.059999465942383,28.299999237060547,27.600000381469727,27.829999923706055,25.96646499633789,309200,0.0,0.0,FIX
2015-09-24 00:00:00-04:00,27.670000076293945,27.739999771118164,26.969999313354492,27.209999084472656,25.38798713684082,354900,0.0,0.0,FIX
2015-09-25 00:00:00-04:00,27.34000015258789,27.389999389648438,26.600000381469727,26.799999237060547,25.00543785095215,436000,0.0,0.0,FIX
2015-09-28 00:00:00-04:00,26.6299991607666,26.90999984741211,25.559999465942383,25.700000762939453,23.979095458984375,383600,0.0,0.0,FIX
2015-09-29 00:00:00-04:00,25.65999984741211,26.280000686645508,25.450000762939453,26.18000030517578,24.426952362060547,519200,0.0,0.0,FIX
2015-09-30 00:00:00-04:00,26.420000076293945,27.31999969482422,26.420000076293945,27.260000228881836,25.434635162353516,495800,0.0,0.0,FIX
2015-10-01 00:00:00-04:00,27.31999969482422,27.549999237060547,26.950000762939453,27.469999313354492,25.63057518005371,297300,0.0,0.0,FIX
2015-10-02 00:00:00-04:00,27.1200008392334,27.649999618530273,26.709999084472656,27.649999618530273,25.798521041870117,250900,0.0,0.0,FIX
2015-10-05 00:00:00-04:00,27.860000610351562,28.469999313354492,27.68000030517578,28.229999542236328,26.339685440063477,233300,0.0,0.0,FIX
2015-10-06 00:00:00-04:00,28.299999237060547,28.440000534057617,27.6200008392334,27.700000762939453,25.845176696777344,181700,0.0,0.0,FIX
2015-10-07 00:00:00-04:00,27.780000686645508,28.760000228881836,27.719999313354492,28.600000381469727,26.684907913208008,378300,0.0,0.0,FIX
2015-10-08 00:00:00-04:00,28.56999969482422,29.280000686645508,28.260000228881836,29.079999923706055,27.132768630981445,473400,0.0,0.0,FIX
2015-10-09 00:00:00-04:00,29.149999618530273,29.850000381469727,29.0,29.489999771118164,27.51531219482422,439700,0.0,0.0,FIX
2015-10-12 00:00:00-04:00,29.459999084472656,30.209999084472656,29.34000015258789,30.030000686645508,28.019155502319336,321200,0.0,0.0,FIX
2015-10-13 00:00:00-04:00,29.860000610351562,30.889999389648438,29.700000762939453,30.239999771118164,28.2150936126709,507700,0.0,0.0,FIX
2015-10-14 00:00:00-04:00,30.1200008392334,30.31999969482422,29.459999084472656,29.520000457763672,27.543306350708008,321900,0.0,0.0,FIX
2015-10-15 00:00:00-04:00,29.5,29.729999542236328,29.209999084472656,29.5,27.524641036987305,390600,0.0,0.0,FIX
2015-10-16 00:00:00-04:00,29.600000381469727,29.6299991607666,28.989999771118164,29.329999923706055,27.366025924682617,231800,0.0,0.0,FIX
2015-10-19 00:00:00-04:00,29.25,29.799999237060547,28.899999618530273,29.770000457763672,27.77657127380371,409700,0.0,0.0,FIX
2015-10-20 00:00:00-04:00,29.84000015258789,30.219999313354492,29.799999237060547,30.100000381469727,28.084468841552734,219800,0.0,0.0,FIX
2015-10-21 00:00:00-04:00,30.170000076293945,30.459999084472656,29.40999984741211,29.649999618530273,27.664602279663086,189600,0.0,0.0,FIX
2015-10-22 00:00:00-04:00,29.739999771118164,30.610000610351562,29.489999771118164,30.489999771118164,28.448352813720703,271700,0.0,0.0,FIX
2015-10-23 00:00:00-04:00,30.6299991607666,30.799999237060547,29.860000610351562,30.100000381469727,28.084468841552734,378500,0.0,0.0,FIX
2015-10-26 00:00:00-04:00,30.059999465942383,30.6299991607666,29.889999389648438,30.56999969482422,28.522998809814453,382700,0.0,0.0,FIX
2015-10-27 00:00:00-04:00,30.399999618530273,30.530000686645508,29.700000762939453,29.889999389648438,27.88852882385254,332600,0.0,0.0,FIX
2015-10-28 00:00:00-04:00,30.059999465942383,30.540000915527344,29.860000610351562,30.440000534057617,28.40169906616211,418300,0.0,0.0,FIX
2015-10-29 00:00:00-04:00,30.280000686645508,30.280000686645508,29.459999084472656,29.799999237060547,27.804550170898438,250100,0.0,0.0,FIX
2015-10-30 00:00:00-04:00,31.190000534057617,35.0,31.190000534057617,31.93000030517578,29.791934967041016,1512800,0.0,0.0,FIX
2015-11-02 00:00:00-05:00,32.189998626708984,32.29999923706055,30.34000015258789,31.280000686645508,29.185457229614258,662100,0.0,0.0,FIX
2015-11-03 00:00:00-05:00,31.309999465942383,31.989999771118164,31.010000228881836,31.489999771118164,29.381389617919922,398100,0.0,0.0,FIX
2015-11-04 00:00:00-05:00,31.649999618530273,32.45000076293945,31.489999771118164,31.979999542236328,29.838581085205078,465000,0.0,0.0,FIX
2015-11-05 00:00:00-05:00,31.920000076293945,32.060001373291016,31.68000030517578,31.8799991607666,29.745275497436523,337000,0.0,0.0,FIX
2015-11-06 00:00:00-05:00,31.639999389648438,31.899999618530273,31.100000381469727,31.309999465942383,29.273128509521484,398800,0.065,0.0,FIX
2015-11-09 00:00:00-05:00,31.309999465942383,31.3700008392334,30.34000015258789,30.520000457763672,28.53451919555664,328200,0.0,0.0,FIX
2015-11-10 00:00:00-05:00,30.700000762939453,31.739999771118164,30.700000762939453,31.399999618530273,29.357269287109375,420900,0.0,0.0,FIX
2015-11-11 00:00:00-05:00,31.420000076293945,31.489999771118164,30.709999084472656,30.950000762939453,28.936552047729492,262000,0.0,0.0,FIX
2015-11-12 00:00:00-05:00,30.809999465942383,30.940000534057617,29.649999618530273,29.850000381469727,27.908109664916992,235200,0.0,0.0,FIX
2015-11-13 00:00:00-05:00,29.81999969482422,30.469999313354492,29.459999084472656,29.899999618530273,27.95485496520996,214000,0.0,0.0,FIX
2015-11-16 00:00:00-05:00,29.899999618530273,30.889999389648438,29.790000915527344,30.760000228881836,28.7589054107666,439500,0.0,0.0,FIX
2015-11-17 00:00:00-05:00,31.049999237060547,31.049999237060547,29.889999389648438,29.920000076293945,27.973560333251953,211300,0.0,0.0,FIX
2015-11-18 00:00:00-05:00,29.950000762939453,30.68000030517578,29.719999313354492,30.5,28.515830993652344,302400,0.0,0.0,FIX
2015-11-19 00:00:00-05:00,30.5,30.690000534057617,29.959999084472656,30.649999618530273,28.656064987182617,289900,0.0,0.0,FIX
2015-11-20 00:00:00-05:00,30.969999313354492,31.399999618530273,30.850000381469727,31.18000030517578,29.15158462524414,413800,0.0,0.0,FIX
2015-11-23 00:00:00-05:00,31.09000015258789,31.59000015258789,31.040000915527344,31.56999969482422,29.51621437072754,301800,0.0,0.0,FIX
2015-11-24 00:00:00-05:00,31.459999084472656,32.529998779296875,31.209999084472656,32.459999084472656,30.348310470581055,360200,0.0,0.0,FIX
2015-11-25 00:00:00-05:00,32.459999084472656,32.70000076293945,32.0099983215332,32.06999969482422,29.983692169189453,164900,0.0,0.0,FIX
2015-11-27 00:00:00-05:00,32.040000915527344,32.560001373291016,31.950000762939453,32.41999816894531,30.31092071533203,94300,0.0,0.0,FIX
2015-11-30 00:00:00-05:00,32.47999954223633,32.47999954223633,31.719999313354492,31.739999771118164,29.675151824951172,275100,0.0,0.0,FIX
2015-12-01 00:00:00-05:00,31.790000915527344,32.09000015258789,31.559999465942383,32.060001373291016,29.97434425354004,364900,0.0,0.0,FIX
2015-12-02 00:00:00-05:00,31.940000534057617,33.150001525878906,31.940000534057617,32.34000015258789,30.236116409301758,343500,0.0,0.0,FIX
2015-12-03 00:00:00-05:00,32.54999923706055,33.16999816894531,32.040000915527344,32.189998626708984,30.095870971679688,398100,0.0,0.0,FIX
2015-12-04 00:00:00-05:00,32.209999084472656,33.16999816894531,32.11000061035156,33.130001068115234,30.974733352661133,298500,0.0,0.0,FIX
2015-12-07 00:00:00-05:00,33.04999923706055,34.0,32.369998931884766,33.61000061035156,31.423498153686523,646900,0.0,0.0,FIX
2015-12-08 00:00:00-05:00,33.22999954223633,33.97999954223633,32.400001525878906,33.709999084472656,31.516990661621094,584000,0.0,0.0,FIX
2015-12-09 00:00:00-05:00,33.68000030517578,33.93000030517578,32.5,32.61000061035156,30.488563537597656,453200,0.0,0.0,FIX
2015-12-10 00:00:00-05:00,32.619998931884766,32.77000045776367,32.130001068115234,32.36000061035156,30.254819869995117,224900,0.0,0.0,FIX
2015-12-11 00:00:00-05:00,31.920000076293945,32.189998626708984,31.170000076293945,31.329999923706055,29.291828155517578,265600,0.0,0.0,FIX
2015-12-14 00:00:00-05:00,31.260000228881836,31.489999771118164,30.290000915527344,30.729999542236328,28.730859756469727,454600,0.0,0.0,FIX
2015-12-15 00:00:00-05:00,30.950000762939453,31.09000015258789,30.309999465942383,30.93000030517578,28.9178524017334,334100,0.0,0.0,FIX
2015-12-16 00:00:00-05:00,31.049999237060547,31.350000381469727,30.65999984741211,31.100000381469727,29.0767879486084,267900,0.0,0.0,FIX
2015-12-17 00:00:00-05:00,31.229999542236328,31.239999771118164,29.420000076293945,29.530000686645508,27.608928680419922,483300,0.0,0.0,FIX
2015-12-18 00:00:00-05:00,29.329999923706055,29.65999984741211,28.729999542236328,29.030000686645508,27.14145851135254,1407100,0.0,0.0,FIX
2015-12-21 00:00:00-05:00,29.030000686645508,29.040000915527344,27.889999389648438,28.219999313354492,26.384151458740234,594400,0.0,0.0,FIX
2015-12-22 00:00:00-05:00,28.350000381469727,28.540000915527344,28.170000076293945,28.3799991607666,26.533740997314453,500000,0.0,0.0,FIX
2015-12-23 00:00:00-05:00,28.65999984741211,28.690000534057617,28.229999542236328,28.40999984741211,26.561784744262695,253800,0.0,0.0,FIX
2015-12-24 00:00:00-05:00,28.329999923706055,29.020000457763672,28.329999923706055,28.739999771118164,26.87031364440918,140500,0.0,0.0,FIX
2015-12-28 00:00:00-05:00,28.479999542236328,28.780000686645508,28.350000381469727,28.610000610351562,26.748775482177734,204500,0.0,0.0,FIX
2015-12-29 00:00:00-05:00,28.90999984741211,29.510000228881836,28.770000457763672,29.440000534057617,27.524784088134766,250900,0.0,0.0,FIX
2015-12-30 00:00:00-05:00,29.350000381469727,29.579999923706055,28.790000915527344,28.799999237060547,26.92641830444336,165000,0.0,0.0,FIX
2015-12-31 00:00:00-05:00,28.829999923706055,28.940000534057617,28.40999984741211,28.420000076293945,26.57114028930664,240600,0.0,0.0,FIX
2016-01-04 00:00:00-05:00,27.979999542236328,28.1299991607666,27.020000457763672,27.170000076293945,25.4024658203125,389200,0.0,0.0,FIX
2016-01-05 00:00:00-05:00,27.3799991607666,27.950000762939453,27.18000030517578,27.84000015258789,26.02886199951172,308700,0.0,0.0,FIX
2016-01-06 00:00:00-05:00,27.3799991607666,28.190000534057617,27.3799991607666,27.610000610351562,25.813833236694336,643400,0.0,0.0,FIX
2016-01-07 00:00:00-05:00,27.030000686645508,27.489999771118164,26.6200008392334,26.950000762939453,25.196773529052734,488400,0.0,0.0,FIX
2016-01-08 00:00:00-05:00,27.8700008392334,29.309999465942383,27.8700008392334,28.219999313354492,26.384151458740234,923600,0.0,0.0,FIX
2016-01-11 00:00:00-05:00,28.510000228881836,29.5,28.309999465942383,28.6200008392334,26.758127212524414,568700,0.0,0.0,FIX
2016-01-12 00:00:00-05:00,29.040000915527344,29.3799991607666,28.790000915527344,29.280000686645508,27.37519073486328,436800,0.0,0.0,FIX
2016-01-13 00:00:00-05:00,29.280000686645508,29.40999984741211,28.190000534057617,28.31999969482422,26.477643966674805,360700,0.0,0.0,FIX
2016-01-14 00:00:00-05:00,28.450000762939453,28.950000762939453,28.049999237060547,28.5,26.645925521850586,280700,0.0,0.0,FIX
2016-01-15 00:00:00-05:00,27.829999923706055,28.40999984741211,27.739999771118164,28.09000015258789,26.262609481811523,635700,0.0,0.0,FIX
2016-01-19 00:00:00-05:00,28.34000015258789,28.399999618530273,27.06999969482422,27.440000534057617,25.65489387512207,352800,0.0,0.0,FIX
2016-01-20 00:00:00-05:00,27.020000457763672,27.969999313354492,26.510000228881836,27.639999389648438,25.841880798339844,349500,0.0,0.0,FIX
2016-01-21 00:00:00-05:00,27.639999389648438,27.850000381469727,26.950000762939453,27.040000915527344,25.280912399291992,519600,0.0,0.0,FIX
2016-01-22 00:00:00-05:00,27.520000457763672,27.799999237060547,27.190000534057617,27.760000228881836,25.95407485961914,328200,0.0,0.0,FIX
2016-01-25 00:00:00-05:00,27.600000381469727,27.809999465942383,27.43000030517578,27.479999542236328,25.692289352416992,183100,0.0,0.0,FIX
2016-01-26 00:00:00-05:00,27.649999618530273,28.270000457763672,27.389999389648438,28.270000457763672,26.430898666381836,204000,0.0,0.0,FIX
2016-01-27 00:00:00-05:00,28.229999542236328,28.309999465942383,27.6200008392334,27.700000762939453,25.897981643676758,189800,0.0,0.0,FIX
2016-01-28 00:00:00-05:00,28.010000228881836,28.18000030517578,27.700000762939453,27.959999084472656,26.14106559753418,174900,0.0,0.0,FIX
2016-01-29 00:00:00-05:00,28.09000015258789,28.420000076293945,27.799999237060547,28.34000015258789,26.496341705322266,380300,0.0,0.0,FIX
2016-02-01 00:00:00-05:00,28.280000686645508,28.489999771118164,28.030000686645508,28.389999389648438,26.543087005615234,387000,0.0,0.0,FIX
2016-02-02 00:00:00-05:00,28.239999771118164,28.6299991607666,27.399999618530273,27.799999237060547,25.991477966308594,234300,0.0,0.0,FIX
2016-02-03 00:00:00-05:00,27.959999084472656,27.959999084472656,26.18000030517578,26.290000915527344,24.579710006713867,355200,0.0,0.0,FIX
2016-02-04 00:00:00-05:00,26.290000915527344,26.40999984741211,25.559999465942383,25.809999465942383,24.130929946899414,346600,0.0,0.0,FIX
2016-02-05 00:00:00-05:00,25.829999923706055,25.959999084472656,24.940000534057617,25.25,23.60736083984375,390500,0.0,0.0,FIX
2016-02-08 00:00:00-05:00,24.899999618530273,24.899999618530273,24.219999313354492,24.670000076293945,23.065093994140625,285300,0.0,0.0,FIX
2016-02-09 00:00:00-05:00,24.329999923706055,25.0,24.239999771118164,24.700000762939453,23.0931396484375,218300,0.0,0.0,FIX
2016-02-10 00:00:00-05:00,24.90999984741211,25.489999771118164,24.780000686645508,25.270000457763672,23.62606430053711,204800,0.0,0.0,FIX
2016-02-11 00:00:00-05:00,24.959999084472656,25.420000076293945,24.84000015258789,25.280000686645508,23.635412216186523,344300,0.0,0.0,FIX
2016-02-12 00:00:00-05:00,25.600000381469727,25.639999389648438,25.260000228881836,25.549999237060547,23.887842178344727,310400,0.0,0.0,FIX
2016-02-16 00:00:00-05:00,25.780000686645508,26.049999237060547,25.25,25.56999969482422,23.90654945373535,204200,0.0,0.0,FIX
2016-02-17 00:00:00-05:00,25.670000076293945,26.299999237060547,25.59000015258789,26.200000762939453,24.495561599731445,300400,0.0,0.0,FIX
2016-02-18 00:00:00-05:00,26.229999542236328,26.3799991607666,25.399999618530273,25.639999389648438,23.971996307373047,166000,0.0,0.0,FIX
2016-02-19 00:00:00-05:00,25.610000610351562,26.770000457763672,25.450000762939453,26.770000457763672,25.02847671508789,301000,0.0,0.0,FIX
2016-02-22 00:00:00-05:00,27.020000457763672,27.260000228881836,26.8799991607666,27.1299991607666,25.365053176879883,289000,0.0,0.0,FIX
2016-02-23 00:00:00-05:00,27.0,27.809999465942383,26.889999389648438,27.049999237060547,25.290266036987305,427000,0.0,0.0,FIX
2016-02-24 00:00:00-05:00,27.729999542236328,29.049999237060547,26.510000228881836,28.440000534057617,26.5898380279541,595100,0.0,0.0,FIX
2016-02-25 00:00:00-05:00,28.450000762939453,28.649999618530273,28.040000915527344,28.469999313354492,26.617889404296875,302200,0.0,0.0,FIX
2016-02-26 00:00:00-05:00,28.690000534057617,29.290000915527344,28.5,28.65999984741211,26.79551887512207,269100,0.0,0.0,FIX
2016-02-29 00:00:00-05:00,28.729999542236328,28.93000030517578,28.010000228881836,28.049999237060547,26.225208282470703,276700,0.0,0.0,FIX
2016-03-01 00:00:00-05:00,28.389999389648438,29.059999465942383,28.049999237060547,29.049999237060547,27.160152435302734,220400,0.0,0.0,FIX
2016-03-02 00:00:00-05:00,28.93000030517578,29.3700008392334,28.6299991607666,29.360000610351562,27.44998550415039,215900,0.0,0.0,FIX
2016-03-03 00:00:00-05:00,29.489999771118164,29.969999313354492,29.3700008392334,29.959999084472656,28.01095199584961,220700,0.0,0.0,FIX
2016-03-04 00:00:00-05:00,30.0,30.56999969482422,29.889999389648438,30.530000686645508,28.54388427734375,391900,0.0,0.0,FIX
2016-03-07 00:00:00-05:00,30.459999084472656,30.6200008392334,30.100000381469727,30.40999984741211,28.431678771972656,196200,0.0,0.0,FIX
2016-03-08 00:00:00-05:00,30.299999237060547,30.729999542236328,30.1200008392334,30.34000015258789,28.366233825683594,237400,0.0,0.0,FIX
2016-03-09 00:00:00-05:00,30.31999969482422,30.670000076293945,30.040000915527344,30.270000457763672,28.361547470092773,268100,0.065,0.0,FIX
2016-03-10 00:00:00-05:00,30.3799991607666,30.389999389648438,29.239999771118164,29.399999618530273,27.54640007019043,180000,0.0,0.0,FIX
2016-03-11 00:00:00-05:00,29.579999923706055,29.729999542236328,29.350000381469727,29.670000076293945,27.799373626708984,159500,0.0,0.0,FIX
2016-03-14 00:00:00-04:00,29.540000915527344,29.6200008392334,29.219999313354492,29.43000030517578,27.574506759643555,131800,0.0,0.0,FIX
2016-03-15 00:00:00-04:00,29.15999984741211,29.229999542236328,28.649999618530273,28.829999923706055,27.0123348236084,187600,0.0,0.0,FIX
2016-03-16 00:00:00-04:00,28.790000915527344,29.329999923706055,28.420000076293945,28.889999389648438,27.068552017211914,240700,0.0,0.0,FIX
2016-03-17 00:00:00-04:00,28.899999618530273,30.170000076293945,28.81999969482422,30.059999465942383,28.16478729248047,346800,0.0,0.0,FIX
2016-03-18 00:00:00-04:00,30.200000762939453,30.420000076293945,29.940000534057617,30.280000686645508,28.37092399597168,289000,0.0,0.0,FIX
2016-03-21 00:00:00-04:00,30.170000076293945,30.399999618530273,29.8700008392334,30.25,28.342805862426758,161400,0.0,0.0,FIX
2016-03-22 00:00:00-04:00,30.059999465942383,30.549999237060547,30.040000915527344,30.40999984741211,28.492717742919922,118200,0.0,0.0,FIX
2016-03-23 00:00:00-04:00,30.239999771118164,30.6200008392334,30.09000015258789,30.360000610351562,28.445877075195312,194400,0.0,0.0,FIX
2016-03-24 00:00:00-04:00,30.219999313354492,30.420000076293945,30.0,30.31999969482422,28.40839195251465,147500,0.0,0.0,FIX
2016-03-28 00:00:00-04:00,30.459999084472656,30.729999542236328,30.34000015258789,30.549999237060547,28.62389373779297,153400,0.0,0.0,FIX
2016-03-29 00:00:00-04:00,30.479999542236328,32.08000183105469,30.329999923706055,31.899999618530273,29.88877296447754,362400,0.0,0.0,FIX
2016-03-30 00:00:00-04:00,32.0,32.400001525878906,31.93000030517578,32.27000045776367,30.235458374023438,284200,0.0,0.0,FIX
2016-03-31 00:00:00-04:00,32.209999084472656,32.43000030517578,31.600000381469727,31.770000457763672,29.76697540283203,344500,0.0,0.0,FIX
2016-04-01 00:00:00-04:00,31.56999969482422,32.380001068115234,31.3799991607666,32.369998931884766,30.329145431518555,186600,0.0,0.0,FIX
2016-04-04 00:00:00-04:00,32.369998931884766,32.369998931884766,30.979999542236328,31.329999923706055,29.354721069335938,259300,0.0,0.0,FIX
2016-04-05 00:00:00-04:00,31.1200008392334,32.63999938964844,31.0,32.61000061035156,30.55402183532715,496800,0.0,0.0,FIX
2016-04-06 00:00:00-04:00,32.650001525878906,32.86000061035156,31.93000030517578,32.33000183105469,30.29166603088379,209400,0.0,0.0,FIX
2016-04-07 00:00:00-04:00,32.08000183105469,32.290000915527344,31.579999923706055,31.959999084472656,29.944995880126953,261100,0.0,0.0,FIX
2016-04-08 00:00:00-04:00,32.15999984741211,32.81999969482422,32.099998474121094,32.58000183105469,30.525903701782227,220300,0.0,0.0,FIX
2016-04-11 00:00:00-04:00,32.810001373291016,33.33000183105469,32.61000061035156,32.75,30.685182571411133,268400,0.0,0.0,FIX
2016-04-12 00:00:00-04:00,32.7400016784668,33.18000030517578,32.560001373291016,32.880001068115234,30.806987762451172,145700,0.0,0.0,FIX
2016-04-13 00:00:00-04:00,33.18000030517578,33.2400016784668,32.63999938964844,33.18000030517578,31.088092803955078,200400,0.0,0.0,FIX
2016-04-14 00:00:00-04:00,32.95000076293945,33.220001220703125,32.65999984741211,33.04999923706055,30.966279983520508,133700,0.0,0.0,FIX
2016-04-15 00:00:00-04:00,32.88999938964844,33.130001068115234,32.52000045776367,32.810001373291016,30.741405487060547,225800,0.0,0.0,FIX
2016-04-18 00:00:00-04:00,32.77000045776367,33.619998931884766,32.59000015258789,33.29999923706055,31.200517654418945,199200,0.0,0.0,FIX
2016-04-19 00:00:00-04:00,33.4900016784668,33.709999084472656,33.29999923706055,33.59000015258789,31.472230911254883,208200,0.0,0.0,FIX
2016-04-20 00:00:00-04:00,33.47999954223633,33.47999954223633,33.0,33.16999816894531,31.078706741333008,217400,0.0,0.0,FIX
2016-04-21 00:00:00-04:00,33.08000183105469,33.7599983215332,33.0,33.18000030517578,31.088092803955078,156300,0.0,0.0,FIX
2016-04-22 00:00:00-04:00,33.119998931884766,33.470001220703125,32.970001220703125,33.2599983215332,31.16303253173828,224000,0.0,0.0,FIX
2016-04-25 00:00:00-04:00,33.119998931884766,33.119998931884766,32.189998626708984,32.41999816894531,30.375999450683594,253800,0.0,0.0,FIX
2016-04-26 00:00:00-04:00,32.54999923706055,33.34000015258789,32.40999984741211,33.16999816894531,31.078706741333008,270100,0.0,0.0,FIX
2016-04-27 00:00:00-04:00,33.16999816894531,33.45000076293945,32.61000061035156,32.84000015258789,30.769514083862305,194300,0.0,0.0,FIX
2016-04-28 00:00:00-04:00,32.38999938964844,32.400001525878906,30.469999313354492,30.649999618530273,28.717586517333984,695900,0.0,0.0,FIX
2016-04-29 00:00:00-04:00,30.649999618530273,30.649999618530273,29.139999389648438,29.489999771118164,27.630725860595703,407400,0.0,0.0,FIX
2016-05-02 00:00:00-04:00,29.68000030517578,31.190000534057617,29.579999923706055,31.190000534057617,29.223546981811523,350500,0.0,0.0,FIX
2016-05-03 00:00:00-04:00,30.93000030517578,31.190000534057617,30.6200008392334,30.719999313354492,28.783180236816406,233900,0.0,0.0,FIX
2016-05-04 00:00:00-04:00,30.65999984741211,30.850000381469727,30.25,30.68000030517578,28.74569320678711,158200,0.0,0.0,FIX
2016-05-05 00:00:00-04:00,30.75,31.15999984741211,30.399999618530273,30.600000381469727,28.67074203491211,179100,0.0,0.0,FIX
2016-05-06 00:00:00-04:00,30.510000228881836,31.18000030517578,30.420000076293945,31.15999984741211,29.195436477661133,179900,0.0,0.0,FIX
2016-05-09 00:00:00-04:00,31.110000610351562,31.34000015258789,30.739999771118164,31.1200008392334,29.157957077026367,223400,0.0,0.0,FIX
2016-05-10 00:00:00-04:00,31.43000030517578,31.81999969482422,31.34000015258789,31.440000534057617,29.457782745361328,148900,0.0,0.0,FIX
2016-05-11 00:00:00-04:00,31.299999237060547,31.540000915527344,31.030000686645508,31.079999923706055,29.18546485900879,84100,0.07,0.0,FIX
2016-05-12 00:00:00-04:00,31.110000610351562,31.6299991607666,31.100000381469727,31.239999771118164,29.335704803466797,141900,0.0,0.0,FIX
2016-05-13 00:00:00-04:00,31.18000030517578,31.280000686645508,30.700000762939453,30.899999618530273,29.01643180847168,141000,0.0,0.0,FIX
2016-05-16 00:00:00-04:00,31.040000915527344,31.280000686645508,30.790000915527344,31.010000228881836,29.119720458984375,156100,0.0,0.0,FIX
2016-05-17 00:00:00-04:00,30.979999542236328,30.979999542236328,30.31999969482422,30.520000457763672,28.659591674804688,250700,0.0,0.0,FIX
2016-05-18 00:00:00-04:00,30.399999618530273,30.790000915527344,30.1200008392334,30.479999542236328,28.622032165527344,189400,0.0,0.0,FIX
2016-05-19 00:00:00-04:00,30.280000686645508,30.479999542236328,29.649999618530273,30.010000228881836,28.180679321289062,148800,0.0,0.0,FIX
2016-05-20 00:00:00-04:00,30.15999984741211,31.100000381469727,30.059999465942383,31.09000015258789,29.19485092163086,228900,0.0,0.0,FIX
2016-05-23 00:00:00-04:00,31.469999313354492,31.850000381469727,30.59000015258789,31.0,29.110336303710938,254700,0.0,0.0,FIX
2016-05-24 00:00:00-04:00,31.100000381469727,32.0,31.100000381469727,31.829999923706055,29.889745712280273,134600,0.0,0.0,FIX
2016-05-25 00:00:00-04:00,32.0,32.2400016784668,31.3799991607666,31.799999237060547,29.861570358276367,238900,0.0,0.0,FIX
2016-05-26 00:00:00-04:00,31.780000686645508,31.889999389648438,30.850000381469727,31.350000381469727,29.439002990722656,271600,0.0,0.0,FIX
2016-05-27 00:00:00-04:00,31.530000686645508,31.690000534057617,31.1299991607666,31.540000915527344,29.617412567138672,170100,0.0,0.0,FIX
2016-05-31 00:00:00-04:00,31.600000381469727,32.04999923706055,31.489999771118164,32.0,30.04938316345215,222400,0.0,0.0,FIX
2016-06-01 00:00:00-04:00,31.65999984741211,32.290000915527344,31.6200008392334,32.040000915527344,30.086942672729492,234400,0.0,0.0,FIX
2016-06-02 00:00:00-04:00,32.02000045776367,32.33000183105469,31.899999618530273,32.13999938964844,30.180843353271484,158000,0.0,0.0,FIX
2016-06-03 00:00:00-04:00,32.099998474121094,32.349998474121094,31.950000762939453,32.20000076293945,30.237194061279297,119700,0.0,0.0,FIX
2016-06-06 00:00:00-04:00,32.25,32.439998626708984,32.040000915527344,32.220001220703125,30.255964279174805,124800,0.0,0.0,FIX
2016-06-07 00:00:00-04:00,32.04999923706055,32.220001220703125,31.40999984741211,31.760000228881836,29.824012756347656,695600,0.0,0.0,FIX
2016-06-08 00:00:00-04:00,31.760000228881836,32.93000030517578,31.760000228881836,32.79999923706055,30.800609588623047,170600,0.0,0.0,FIX
2016-06-09 00:00:00-04:00,32.650001525878906,32.97999954223633,32.4900016784668,32.84000015258789,30.83817481994629,142600,0.0,0.0,FIX
2016-06-10 00:00:00-04:00,32.58000183105469,32.88999938964844,32.34000015258789,32.56999969482422,30.58462905883789,165700,0.0,0.0,FIX
2016-06-13 00:00:00-04:00,32.5099983215332,32.54999923706055,31.719999313354492,31.829999923706055,29.889745712280273,149400,0.0,0.0,FIX
2016-06-14 00:00:00-04:00,31.649999618530273,31.93000030517578,31.43000030517578,31.860000610351562,29.917909622192383,125400,0.0,0.0,FIX
2016-06-15 00:00:00-04:00,31.90999984741211,32.099998474121094,31.56999969482422,32.0,30.04938316345215,185100,0.0,0.0,FIX
2016-06-16 00:00:00-04:00,31.709999084472656,32.25,31.600000381469727,32.2400016784668,30.27474594116211,303200,0.0,0.0,FIX
2016-06-17 00:00:00-04:00,32.15999984741211,32.15999984741211,31.6200008392334,31.899999618530273,29.955469131469727,412400,0.0,0.0,FIX
2016-06-20 00:00:00-04:00,32.2599983215332,32.31999969482422,32.029998779296875,32.18000030517578,30.218406677246094,228600,0.0,0.0,FIX
2016-06-21 00:00:00-04:00,32.18000030517578,32.18000030517578,31.520000457763672,31.790000915527344,29.852174758911133,162600,0.0,0.0,FIX
2016-06-22 00:00:00-04:00,31.940000534057617,31.940000534057617,31.559999465942383,31.81999969482422,29.88035774230957,151000,0.0,0.0,FIX
2016-06-23 00:00:00-04:00,32.150001525878906,32.369998931884766,32.04999923706055,32.18000030517578,30.218406677246094,118200,0.0,0.0,FIX
2016-06-24 00:00:00-04:00,30.729999542236328,31.540000915527344,30.5,31.239999771118164,29.335704803466797,603900,0.0,0.0,FIX
2016-06-27 00:00:00-04:00,30.770000457763672,31.149999618530273,30.540000915527344,31.0,29.110336303710938,270800,0.0,0.0,FIX
2016-06-28 00:00:00-04:00,31.06999969482422,31.239999771118164,30.56999969482422,30.920000076293945,29.03521156311035,289600,0.0,0.0,FIX
2016-06-29 00:00:00-04:00,31.260000228881836,31.56999969482422,31.15999984741211,31.530000686645508,29.608028411865234,282500,0.0,0.0,FIX
2016-06-30 00:00:00-04:00,31.530000686645508,32.59000015258789,31.510000228881836,32.56999969482422,30.58462905883789,182400,0.0,0.0,FIX
2016-07-01 00:00:00-04:00,32.5099983215332,32.869998931884766,32.33000183105469,32.470001220703125,30.4907283782959,113700,0.0,0.0,FIX
2016-07-05 00:00:00-04:00,32.04999923706055,32.25,31.739999771118164,32.150001525878906,30.19023323059082,161700,0.0,0.0,FIX
2016-07-06 00:00:00-04:00,32.029998779296875,32.34000015258789,31.8799991607666,32.279998779296875,30.312307357788086,138400,0.0,0.0,FIX
2016-07-07 00:00:00-04:00,32.439998626708984,32.709999084472656,32.290000915527344,32.68000030517578,30.687925338745117,160400,0.0,0.0,FIX
2016-07-08 00:00:00-04:00,33.0,33.599998474121094,32.869998931884766,33.43000030517578,31.3922119140625,174400,0.0,0.0,FIX
2016-07-11 00:00:00-04:00,33.58000183105469,33.849998474121094,33.400001525878906,33.47999954223633,31.43915557861328,199400,0.0,0.0,FIX
2016-07-12 00:00:00-04:00,32.56999969482422,32.77000045776367,31.25,31.40999984741211,29.495342254638672,642800,0.0,0.0,FIX
2016-07-13 00:00:00-04:00,31.329999923706055,31.65999984741211,31.059999465942383,31.530000686645508,29.608028411865234,339000,0.0,0.0,FIX
2016-07-14 00:00:00-04:00,31.530000686645508,32.25,31.219999313354492,32.099998474121094,30.14328384399414,491000,0.0,0.0,FIX
2016-07-15 00:00:00-04:00,32.349998474121094,32.349998474121094,31.739999771118164,31.93000030517578,29.983644485473633,266000,0.0,0.0,FIX
2016-07-18 00:00:00-04:00,31.8700008392334,32.11000061035156,31.59000015258789,31.770000457763672,29.833404541015625,243700,0.0,0.0,FIX
2016-07-19 00:00:00-04:00,31.75,31.850000381469727,31.06999969482422,31.079999923706055,29.18546485900879,222000,0.0,0.0,FIX
2016-07-20 00:00:00-04:00,31.309999465942383,31.790000915527344,30.989999771118164,31.489999771118164,29.57046890258789,163000,0.0,0.0,FIX
2016-07-21 00:00:00-04:00,31.510000228881836,31.639999389648438,31.049999237060547,31.260000228881836,29.3544864654541,144800,0.0,0.0,FIX
2016-07-22 00:00:00-04:00,31.1299991607666,31.290000915527344,30.790000915527344,31.170000076293945,29.269969940185547,268300,0.0,0.0,FIX
2016-07-25 00:00:00-04:00,31.209999084472656,31.579999923706055,31.09000015258789,31.389999389648438,29.476564407348633,306000,0.0,0.0,FIX
2016-07-26 00:00:00-04:00,31.389999389648438,31.56999969482422,31.209999084472656,31.549999237060547,29.62680435180664,207100,0.0,0.0,FIX
2016-07-27 00:00:00-04:00,31.56999969482422,32.04999923706055,31.540000915527344,31.889999389648438,29.946083068847656,169300,0.0,0.0,FIX
2016-07-28 00:00:00-04:00,31.700000762939453,32.16999816894531,31.700000762939453,31.920000076293945,29.974254608154297,169400,0.0,0.0,FIX
2016-07-29 00:00:00-04:00,31.760000228881836,31.969999313354492,29.610000610351562,30.3799991607666,28.528127670288086,1010700,0.0,0.0,FIX
2016-08-01 00:00:00-04:00,30.309999465942383,30.489999771118164,29.969999313354492,30.290000915527344,28.443613052368164,311700,0.0,0.0,FIX
2016-08-02 00:00:00-04:00,30.15999984741211,30.170000076293945,29.1299991607666,29.139999389648438,27.363712310791016,343900,0.0,0.0,FIX
2016-08-03 00:00:00-04:00,29.149999618530273,29.34000015258789,28.40999984741211,28.549999237060547,26.809677124023438,480200,0.0,0.0,FIX
2016-08-04 00:00:00-04:00,28.719999313354492,29.31999969482422,28.719999313354492,29.020000457763672,27.25102996826172,304900,0.0,0.0,FIX
2016-08-05 00:00:00-04:00,29.049999237060547,29.309999465942383,28.93000030517578,28.959999084472656,27.194686889648438,312400,0.0,0.0,FIX
2016-08-08 00:00:00-04:00,28.950000762939453,29.110000610351562,28.40999984741211,28.40999984741211,26.6782169342041,250700,0.0,0.0,FIX
2016-08-09 00:00:00-04:00,28.40999984741211,28.90999984741211,28.3700008392334,28.81999969482422,27.063222885131836,293600,0.0,0.0,FIX
2016-08-10 00:00:00-04:00,28.420000076293945,28.639999389648438,27.979999542236328,28.149999618530273,26.498424530029297,341400,0.07,0.0,FIX
2016-08-11 00:00:00-04:00,28.190000534057617,28.479999542236328,27.850000381469727,27.8700008392334,26.2348575592041,308900,0.0,0.0,FIX
2016-08-12 00:00:00-04:00,28.989999771118164,29.90999984741211,28.5,29.200000762939453,27.4868221282959,396000,0.0,0.0,FIX
2016-08-15 00:00:00-04:00,29.270000457763672,29.600000381469727,29.200000762939453,29.209999084472656,27.496232986450195,315500,0.0,0.0,FIX
2016-08-16 00:00:00-04:00,29.079999923706055,29.100000381469727,28.15999984741211,28.15999984741211,26.50783348083496,286700,0.0,0.0,FIX
2016-08-17 00:00:00-04:00,28.43000030517578,28.790000915527344,28.170000076293945,28.65999984741211,26.978500366210938,319900,0.0,0.0,FIX
2016-08-18 00:00:00-04:00,28.719999313354492,28.780000686645508,28.40999984741211,28.639999389648438,26.959674835205078,126400,0.0,0.0,FIX
2016-08-19 00:00:00-04:00,28.6200008392334,28.709999084472656,28.420000076293945,28.639999389648438,26.959674835205078,174400,0.0,0.0,FIX
2016-08-22 00:00:00-04:00,28.579999923706055,29.030000686645508,28.3799991607666,29.030000686645508,27.326791763305664,236900,0.0,0.0,FIX
2016-08-23 00:00:00-04:00,29.040000915527344,29.149999618530273,28.93000030517578,29.0,27.29854965209961,211300,0.0,0.0,FIX
2016-08-24 00:00:00-04:00,28.90999984741211,29.059999465942383,28.700000762939453,29.020000457763672,27.317384719848633,211000,0.0,0.0,FIX
2016-08-25 00:00:00-04:00,28.969999313354492,29.229999542236328,28.969999313354492,29.1200008392334,27.41151237487793,141900,0.0,0.0,FIX
2016-08-26 00:00:00-04:00,29.040000915527344,29.270000457763672,28.6299991607666,28.700000762939453,27.016159057617188,231500,0.0,0.0,FIX
2016-08-29 00:00:00-04:00,28.81999969482422,28.81999969482422,28.459999084472656,28.549999237060547,26.87494659423828,148200,0.0,0.0,FIX
2016-08-30 00:00:00-04:00,28.690000534057617,28.860000610351562,28.540000915527344,28.739999771118164,27.053802490234375,221500,0.0,0.0,FIX
2016-08-31 00:00:00-04:00,28.6299991607666,28.639999389648438,28.1200008392334,28.389999389648438,26.72433853149414,214600,0.0,0.0,FIX
2016-09-01 00:00:00-04:00,28.3700008392334,28.559999465942383,27.920000076293945,28.530000686645508,26.856128692626953,152300,0.0,0.0,FIX
2016-09-02 00:00:00-04:00,28.639999389648438,28.899999618530273,28.610000610351562,28.889999389648438,27.195005416870117,108300,0.0,0.0,FIX
2016-09-06 00:00:00-04:00,28.93000030517578,28.979999542236328,28.440000534057617,28.549999237060547,26.87494659423828,226100,0.0,0.0,FIX
2016-09-07 00:00:00-04:00,28.579999923706055,28.850000381469727,28.579999923706055,28.84000015258789,27.14793586730957,170700,0.0,0.0,FIX
2016-09-08 00:00:00-04:00,28.81999969482422,28.959999084472656,28.6200008392334,28.739999771118164,27.053802490234375,208200,0.0,0.0,FIX
2016-09-09 00:00:00-04:00,28.459999084472656,28.670000076293945,27.780000686645508,27.969999313354492,26.328981399536133,434600,0.0,0.0,FIX
2016-09-12 00:00:00-04:00,27.8700008392334,27.90999984741211,26.81999969482422,26.899999618530273,25.32176971435547,479100,0.0,0.0,FIX
2016-09-13 00:00:00-04:00,26.739999771118164,26.739999771118164,26.200000762939453,26.290000915527344,24.7475528717041,293300,0.0,0.0,FIX
2016-09-14 00:00:00-04:00,26.280000686645508,26.520000457763672,26.149999618530273,26.260000228881836,24.719316482543945,379400,0.0,0.0,FIX
2016-09-15 00:00:00-04:00,26.049999237060547,26.649999618530273,26.049999237060547,26.6200008392334,25.058189392089844,494200,0.0,0.0,FIX
2016-09-16 00:00:00-04:00,26.649999618530273,30.139999389648438,26.649999618530273,30.1299991607666,28.36225700378418,1605500,0.0,0.0,FIX
2016-09-19 00:00:00-04:00,30.43000030517578,30.559999465942383,29.799999237060547,30.389999389648438,28.60700035095215,786000,0.0,0.0,FIX
2016-09-20 00:00:00-04:00,30.469999313354492,30.469999313354492,29.84000015258789,30.260000228881836,28.484628677368164,473600,0.0,0.0,FIX
2016-09-21 00:00:00-04:00,30.479999542236328,30.479999542236328,29.729999542236328,29.940000534057617,28.18340301513672,436900,0.0,0.0,FIX
2016-09-22 00:00:00-04:00,29.940000534057617,30.219999313354492,29.649999618530273,29.860000610351562,28.108102798461914,540700,0.0,0.0,FIX
2016-09-23 00:00:00-04:00,29.860000610351562,29.899999618530273,28.90999984741211,29.299999237060547,27.580957412719727,396900,0.0,0.0,FIX
2016-09-26 00:00:00-04:00,29.15999984741211,29.510000228881836,29.040000915527344,29.260000228881836,27.54330062866211,242000,0.0,0.0,FIX
2016-09-27 00:00:00-04:00,29.1299991607666,29.190000534057617,28.780000686645508,29.09000015258789,27.383277893066406,392600,0.0,0.0,FIX
2016-09-28 00:00:00-04:00,29.190000534057617,29.190000534057617,28.860000610351562,29.149999618530273,27.43974494934082,275400,0.0,0.0,FIX
2016-09-29 00:00:00-04:00,29.219999313354492,29.219999313354492,28.81999969482422,28.959999084472656,27.260902404785156,390500,0.0,0.0,FIX
2016-09-30 00:00:00-04:00,29.309999465942383,29.690000534057617,29.010000228881836,29.309999465942383,27.590368270874023,466400,0.0,0.0,FIX
2016-10-03 00:00:00-04:00,29.059999465942383,29.270000457763672,28.81999969482422,29.010000228881836,27.30797004699707,510800,0.0,0.0,FIX
2016-10-04 00:00:00-04:00,28.950000762939453,29.290000915527344,28.899999618530273,29.229999542236328,27.51506233215332,324600,0.0,0.0,FIX
2016-10-05 00:00:00-04:00,29.309999465942383,30.049999237060547,29.229999542236328,29.84000015258789,28.08926773071289,255300,0.0,0.0,FIX
2016-10-06 00:00:00-04:00,29.75,30.0,29.530000686645508,29.889999389648438,28.136333465576172,208800,0.0,0.0,FIX
2016-10-07 00:00:00-04:00,29.829999923706055,29.940000534057617,28.049999237060547,28.530000686645508,26.856128692626953,1092900,0.0,0.0,FIX
2016-10-10 00:00:00-04:00,28.610000610351562,29.389999389648438,28.610000610351562,29.100000381469727,27.392690658569336,280000,0.0,0.0,FIX
2016-10-11 00:00:00-04:00,29.1200008392334,29.309999465942383,27.959999084472656,28.09000015258789,26.44194793701172,361000,0.0,0.0,FIX
2016-10-12 00:00:00-04:00,28.06999969482422,28.350000381469727,27.899999618530273,28.200000762939453,26.54549217224121,154700,0.0,0.0,FIX
2016-10-13 00:00:00-04:00,28.030000686645508,28.059999465942383,27.549999237060547,27.600000381469727,25.980693817138672,393400,0.0,0.0,FIX
2016-10-14 00:00:00-04:00,27.729999542236328,27.959999084472656,27.600000381469727,27.700000762939453,26.074832916259766,256700,0.0,0.0,FIX
2016-10-17 00:00:00-04:00,27.719999313354492,28.219999313354492,27.649999618530273,27.899999618530273,26.263090133666992,289000,0.0,0.0,FIX
2016-10-18 00:00:00-04:00,28.139999389648438,28.280000686645508,27.969999313354492,28.030000686645508,26.385467529296875,173100,0.0,0.0,FIX
2016-10-19 00:00:00-04:00,28.15999984741211,28.15999984741211,27.6299991607666,27.850000381469727,26.216022491455078,192800,0.0,0.0,FIX
2016-10-20 00:00:00-04:00,27.84000015258789,27.84000015258789,27.43000030517578,27.459999084472656,25.848907470703125,294000,0.0,0.0,FIX
2016-10-21 00:00:00-04:00,27.110000610351562,27.40999984741211,27.040000915527344,27.209999084472656,25.61357307434082,399800,0.0,0.0,FIX
2016-10-24 00:00:00-04:00,27.5,27.700000762939453,27.149999618530273,27.25,25.651226043701172,321600,0.0,0.0,FIX
2016-10-25 00:00:00-04:00,27.350000381469727,27.399999618530273,26.899999618530273,27.25,25.651226043701172,232500,0.0,0.0,FIX
2016-10-26 00:00:00-04:00,27.0,27.649999618530273,26.950000762939453,27.25,25.651226043701172,223700,0.0,0.0,FIX
2016-10-27 00:00:00-04:00,27.25,28.0,27.149999618530273,27.299999237060547,25.698293685913086,397100,0.0,0.0,FIX
2016-10-28 00:00:00-04:00,28.25,29.25,27.149999618530273,28.75,27.06322479248047,407100,0.0,0.0,FIX
2016-10-31 00:00:00-04:00,29.049999237060547,29.049999237060547,28.450000762939453,28.850000381469727,27.157352447509766,276400,0.0,0.0,FIX
2016-11-01 00:00:00-04:00,28.799999237060547,28.799999237060547,27.600000381469727,28.0,26.35722541809082,384200,0.0,0.0,FIX
2016-11-02 00:00:00-04:00,28.049999237060547,28.450000762939453,28.0,28.350000381469727,26.686687469482422,339500,0.0,0.0,FIX
2016-11-03 00:00:00-04:00,28.450000762939453,28.899999618530273,28.200000762939453,28.549999237060547,26.87494659423828,244100,0.0,0.0,FIX
2016-11-04 00:00:00-04:00,28.450000762939453,28.899999618530273,28.100000381469727,28.75,27.06322479248047,361700,0.0,0.0,FIX
2016-11-07 00:00:00-05:00,29.149999618530273,29.350000381469727,28.700000762939453,28.799999237060547,27.110292434692383,238000,0.0,0.0,FIX
2016-11-08 00:00:00-05:00,28.549999237060547,28.979999542236328,28.399999618530273,28.700000762939453,27.08198356628418,182900,0.07,0.0,FIX
2016-11-09 00:00:00-05:00,28.549999237060547,30.450000762939453,28.549999237060547,30.25,28.544599533081055,294300,0.0,0.0,FIX
2016-11-10 00:00:00-05:00,30.649999618530273,31.649999618530273,30.5,31.299999237060547,29.535396575927734,359300,0.0,0.0,FIX
2016-11-11 00:00:00-05:00,31.450000762939453,32.45000076293945,31.329999923706055,31.899999618530273,30.101566314697266,537400,0.0,0.0,FIX
2016-11-14 00:00:00-05:00,32.20000076293945,32.5,31.799999237060547,32.29999923706055,30.479022979736328,312400,0.0,0.0,FIX
2016-11-15 00:00:00-05:00,32.45000076293945,32.599998474121094,31.75,32.0,30.195938110351562,217400,0.0,0.0,FIX
2016-11-16 00:00:00-05:00,32.04999923706055,32.650001525878906,31.950000762939453,32.349998474121094,30.526203155517578,194200,0.0,0.0,FIX
2016-11-17 00:00:00-05:00,32.349998474121094,32.75,32.08000183105469,32.29999923706055,30.479022979736328,194500,0.0,0.0,FIX
2016-11-18 00:00:00-05:00,32.29999923706055,32.45000076293945,32.150001525878906,32.349998474121094,30.526203155517578,155100,0.0,0.0,FIX
2016-11-21 00:00:00-05:00,32.20000076293945,33.45000076293945,32.20000076293945,33.25,31.375465393066406,285000,0.0,0.0,FIX
2016-11-22 00:00:00-05:00,33.29999923706055,33.349998474121094,32.5,33.20000076293945,31.32828140258789,241800,0.0,0.0,FIX
2016-11-23 00:00:00-05:00,33.25,33.79999923706055,33.099998474121094,33.650001525878906,31.752918243408203,145000,0.0,0.0,FIX
2016-11-25 00:00:00-05:00,33.900001525878906,34.20000076293945,33.599998474121094,34.099998474121094,32.177547454833984,100600,0.0,0.0,FIX
2016-11-28 00:00:00-05:00,34.099998474121094,34.099998474121094,32.95000076293945,33.0,31.139558792114258,182300,0.0,0.0,FIX
2016-11-29 00:00:00-05:00,33.150001525878906,33.79999923706055,33.099998474121094,33.20000076293945,31.32828140258789,175300,0.0,0.0,FIX
2016-11-30 00:00:00-05:00,33.45000076293945,33.45000076293945,32.150001525878906,32.20000076293945,30.384668350219727,225000,0.0,0.0,FIX
2016-12-01 00:00:00-05:00,32.349998474121094,32.5,32.0,32.20000076293945,30.384668350219727,215400,0.0,0.0,FIX
2016-12-02 00:00:00-05:00,32.25,32.400001525878906,31.799999237060547,32.04999923706055,30.243114471435547,146300,0.0,0.0,FIX
2016-12-05 00:00:00-05:00,32.25,33.25,32.20000076293945,33.099998474121094,31.233917236328125,212400,0.0,0.0,FIX
2016-12-06 00:00:00-05:00,33.099998474121094,33.54999923706055,32.650001525878906,33.54999923706055,31.65854263305664,182600,0.0,0.0,FIX
2016-12-07 00:00:00-05:00,33.599998474121094,34.0,33.150001525878906,33.95000076293945,32.0360107421875,170900,0.0,0.0,FIX
2016-12-08 00:00:00-05:00,34.0,34.79999923706055,33.849998474121094,34.70000076293945,32.743717193603516,187900,0.0,0.0,FIX
2016-12-09 00:00:00-05:00,34.849998474121094,34.849998474121094,34.20000076293945,34.349998474121094,32.4134635925293,214900,0.0,0.0,FIX
2016-12-12 00:00:00-05:00,34.25,34.900001525878906,34.20000076293945,34.599998474121094,32.64935302734375,378200,0.0,0.0,FIX
2016-12-13 00:00:00-05:00,34.849998474121094,34.95000076293945,34.150001525878906,34.70000076293945,32.743717193603516,270100,0.0,0.0,FIX
2016-12-14 00:00:00-05:00,34.5,34.75,34.099998474121094,34.150001525878906,32.2247200012207,221600,0.0,0.0,FIX
2016-12-15 00:00:00-05:00,34.29999923706055,34.66999816894531,33.75,34.20000076293945,32.271907806396484,216900,0.0,0.0,FIX
2016-12-16 00:00:00-05:00,34.400001525878906,34.900001525878906,33.900001525878906,34.29999923706055,32.36627960205078,1767600,0.0,0.0,FIX
2016-12-19 00:00:00-05:00,34.5,34.650001525878906,33.79999923706055,34.25,32.319095611572266,230600,0.0,0.0,FIX
2016-12-20 00:00:00-05:00,34.54999923706055,34.95000076293945,34.20000076293945,34.349998474121094,32.4134635925293,259800,0.0,0.0,FIX
2016-12-21 00:00:00-05:00,34.400001525878906,34.75,34.29999923706055,34.349998474121094,32.4134635925293,150100,0.0,0.0,FIX
2016-12-22 00:00:00-05:00,34.400001525878906,34.599998474121094,33.75,33.79999923706055,31.894472122192383,162900,0.0,0.0,FIX
2016-12-23 00:00:00-05:00,33.849998474121094,34.0,33.529998779296875,33.70000076293945,31.80008316040039,157000,0.0,0.0,FIX
2016-12-27 00:00:00-05:00,33.95000076293945,35.25,33.900001525878906,34.599998474121094,32.64935302734375,200100,0.0,0.0,FIX
2016-12-28 00:00:00-05:00,34.599998474121094,34.650001525878906,33.5,33.599998474121094,31.705738067626953,125400,0.0,0.0,FIX
2016-12-29 00:00:00-05:00,33.70000076293945,34.0,33.349998474121094,33.650001525878906,31.752918243408203,144200,0.0,0.0,FIX
2016-12-30 00:00:00-05:00,33.75,33.959999084472656,33.150001525878906,33.29999923706055,31.42264747619629,132200,0.0,0.0,FIX
2017-01-03 00:00:00-05:00,33.45000076293945,33.650001525878906,32.75,33.20000076293945,31.32828140258789,266300,0.0,0.0,FIX
2017-01-04 00:00:00-05:00,33.04999923706055,34.04999923706055,33.04999923706055,34.0,32.083187103271484,281600,0.0,0.0,FIX
2017-01-05 00:00:00-05:00,34.0,34.099998474121094,33.349998474121094,33.45000076293945,31.56419563293457,112800,0.0,0.0,FIX
2017-01-06 00:00:00-05:00,33.599998474121094,33.630001068115234,32.79999923706055,32.79999923706055,30.95083236694336,207900,0.0,0.0,FIX
2017-01-09 00:00:00-05:00,32.70000076293945,32.849998474121094,32.150001525878906,32.29999923706055,30.479022979736328,244100,0.0,0.0,FIX
2017-01-10 00:00:00-05:00,32.25,32.79999923706055,32.25,32.5,30.66774559020996,285100,0.0,0.0,FIX
2017-01-11 00:00:00-05:00,32.45000076293945,32.95000076293945,32.349998474121094,32.95000076293945,31.09238052368164,287600,0.0,0.0,FIX
2017-01-12 00:00:00-05:00,33.0,33.0,32.25,32.650001525878906,30.809293746948242,133000,0.0,0.0,FIX
2017-01-13 00:00:00-05:00,33.0,34.0,33.0,33.79999923706055,31.894472122192383,175900,0.0,0.0,FIX
2017-01-17 00:00:00-05:00,33.75,33.75,32.79999923706055,32.900001525878906,31.045204162597656,158900,0.0,0.0,FIX
2017-01-18 00:00:00-05:00,33.04999923706055,33.099998474121094,32.599998474121094,33.04999923706055,31.186742782592773,207100,0.0,0.0,FIX
2017-01-19 00:00:00-05:00,33.0,33.099998474121094,32.72999954223633,33.0,31.139558792114258,237600,0.0,0.0,FIX
2017-01-20 00:00:00-05:00,33.04999923706055,33.29999923706055,32.79999923706055,33.25,31.375465393066406,182000,0.0,0.0,FIX
2017-01-23 00:00:00-05:00,33.20000076293945,33.400001525878906,32.599998474121094,32.849998474121094,30.998018264770508,160200,0.0,0.0,FIX
2017-01-24 00:00:00-05:00,32.900001525878906,33.900001525878906,32.900001525878906,33.70000076293945,31.80008316040039,169100,0.0,0.0,FIX
2017-01-25 00:00:00-05:00,33.900001525878906,34.25,33.79999923706055,34.04999923706055,32.13035583496094,173200,0.0,0.0,FIX
2017-01-26 00:00:00-05:00,33.900001525878906,34.349998474121094,33.900001525878906,34.04999923706055,32.13035583496094,181800,0.0,0.0,FIX
2017-01-27 00:00:00-05:00,34.20000076293945,34.20000076293945,33.75,33.95000076293945,32.0360107421875,151900,0.0,0.0,FIX
2017-01-30 00:00:00-05:00,33.70000076293945,33.849998474121094,33.209999084472656,33.650001525878906,31.752918243408203,122300,0.0,0.0,FIX
2017-01-31 00:00:00-05:00,33.45000076293945,33.849998474121094,33.099998474121094,33.849998474121094,31.941631317138672,175700,0.0,0.0,FIX
2017-02-01 00:00:00-05:00,34.099998474121094,34.20000076293945,33.599998474121094,33.75,31.847259521484375,153300,0.0,0.0,FIX
2017-02-02 00:00:00-05:00,33.70000076293945,33.849998474121094,33.150001525878906,33.70000076293945,31.80008316040039,257200,0.0,0.0,FIX
2017-02-03 00:00:00-05:00,34.04999923706055,34.45000076293945,33.849998474121094,34.400001525878906,32.46063995361328,148300,0.0,0.0,FIX
2017-02-06 00:00:00-05:00,34.25,34.400001525878906,33.45000076293945,33.54999923706055,31.65854263305664,85200,0.0,0.0,FIX
2017-02-07 00:00:00-05:00,33.70000076293945,33.79999923706055,33.29999923706055,33.650001525878906,31.752918243408203,114000,0.0,0.0,FIX
2017-02-08 00:00:00-05:00,33.45000076293945,33.45000076293945,32.66999816894531,32.900001525878906,31.045204162597656,115500,0.0,0.0,FIX
2017-02-09 00:00:00-05:00,32.95000076293945,33.70000076293945,32.5,33.5,31.611379623413086,122500,0.0,0.0,FIX
2017-02-10 00:00:00-05:00,33.650001525878906,34.150001525878906,33.20000076293945,34.04999923706055,32.13035583496094,142200,0.0,0.0,FIX
2017-02-13 00:00:00-05:00,34.400001525878906,34.5,33.79999923706055,34.099998474121094,32.177547454833984,85400,0.0,0.0,FIX
2017-02-14 00:00:00-05:00,33.900001525878906,34.25,33.29999923706055,34.25,32.319095611572266,138100,0.0,0.0,FIX
2017-02-15 00:00:00-05:00,34.04999923706055,34.45000076293945,33.70000076293945,34.0,32.083187103271484,115200,0.0,0.0,FIX
2017-02-16 00:00:00-05:00,34.0,34.099998474121094,33.599998474121094,34.04999923706055,32.13035583496094,116800,0.0,0.0,FIX
2017-02-17 00:00:00-05:00,34.099998474121094,34.099998474121094,33.400001525878906,33.650001525878906,31.752918243408203,132900,0.0,0.0,FIX
2017-02-21 00:00:00-05:00,33.79999923706055,34.45000076293945,33.75,34.349998474121094,32.4134635925293,84600,0.0,0.0,FIX
2017-02-22 00:00:00-05:00,34.25,34.2599983215332,33.630001068115234,33.70000076293945,31.80008316040039,82600,0.0,0.0,FIX
2017-02-23 00:00:00-05:00,33.900001525878906,33.900001525878906,32.650001525878906,32.849998474121094,30.998018264770508,189400,0.0,0.0,FIX
2017-02-24 00:00:00-05:00,34.400001525878906,38.849998474121094,34.400001525878906,38.650001525878906,36.47102355957031,686800,0.0,0.0,FIX
2017-02-27 00:00:00-05:00,38.75,39.66999816894531,38.529998779296875,38.650001525878906,36.47102355957031,333500,0.0,0.0,FIX
2017-02-28 00:00:00-05:00,38.54999923706055,38.650001525878906,37.70000076293945,38.150001525878906,35.99921417236328,261500,0.0,0.0,FIX
2017-03-01 00:00:00-05:00,39.0,39.29999923706055,38.25,38.45000076293945,36.282310485839844,308900,0.0,0.0,FIX
2017-03-02 00:00:00-05:00,38.349998474121094,38.599998474121094,38.04999923706055,38.400001525878906,36.235130310058594,173200,0.0,0.0,FIX
2017-03-03 00:00:00-05:00,38.400001525878906,38.54999923706055,37.29999923706055,37.599998474121094,35.4802131652832,273400,0.0,0.0,FIX
2017-03-06 00:00:00-05:00,37.599998474121094,37.599998474121094,36.70000076293945,36.95000076293945,34.86687088012695,336200,0.0,0.0,FIX
2017-03-07 00:00:00-05:00,37.0,37.400001525878906,36.599998474121094,36.70000076293945,34.63096618652344,163300,0.0,0.0,FIX
2017-03-08 00:00:00-05:00,36.849998474121094,37.150001525878906,36.25,36.25,34.271705627441406,127700,0.07,0.0,FIX
2017-03-09 00:00:00-05:00,36.150001525878906,36.349998474121094,35.349998474121094,35.650001525878906,33.7044563293457,177300,0.0,0.0,FIX
2017-03-10 00:00:00-05:00,35.79999923706055,36.380001068115234,35.79999923706055,36.150001525878906,34.177162170410156,114300,0.0,0.0,FIX
2017-03-13 00:00:00-04:00,36.0,36.400001525878906,35.900001525878906,36.099998474121094,34.1298942565918,138700,0.0,0.0,FIX
2017-03-14 00:00:00-04:00,36.0,36.0,35.400001525878906,35.79999923706055,33.846256256103516,93100,0.0,0.0,FIX
2017-03-15 00:00:00-04:00,36.0,36.45000076293945,35.79999923706055,36.20000076293945,34.224430084228516,131000,0.0,0.0,FIX
2017-03-16 00:00:00-04:00,36.54999923706055,36.650001525878906,35.79999923706055,36.150001525878906,34.177162170410156,99100,0.0,0.0,FIX
2017-03-17 00:00:00-04:00,36.20000076293945,36.54999923706055,35.599998474121094,36.400001525878906,34.41352081298828,367500,0.0,0.0,FIX
2017-03-20 00:00:00-04:00,36.400001525878906,36.400001525878906,35.79999923706055,36.099998474121094,34.1298942565918,114300,0.0,0.0,FIX
2017-03-21 00:00:00-04:00,36.20000076293945,36.25,35.0,35.099998474121094,33.18447494506836,145900,0.0,0.0,FIX
2017-03-22 00:00:00-04:00,34.95000076293945,35.5,34.599998474121094,35.099998474121094,33.18447494506836,105000,0.0,0.0,FIX
2017-03-23 00:00:00-04:00,35.04999923706055,35.54999923706055,34.849998474121094,35.0,33.089927673339844,79300,0.0,0.0,FIX
2017-03-24 00:00:00-04:00,35.099998474121094,35.400001525878906,34.70000076293945,34.95000076293945,33.04265594482422,109200,0.0,0.0,FIX
2017-03-27 00:00:00-04:00,34.5,35.20000076293945,33.95000076293945,35.0,33.089927673339844,125500,0.0,0.0,FIX
2017-03-28 00:00:00-04:00,34.95000076293945,35.349998474121094,34.650001525878906,35.25,33.32628631591797,82100,0.0,0.0,FIX
2017-03-29 00:00:00-04:00,35.099998474121094,35.70000076293945,34.95000076293945,35.45000076293945,33.51536560058594,92700,0.0,0.0,FIX
2017-03-30 00:00:00-04:00,35.45000076293945,35.95000076293945,35.45000076293945,35.900001525878906,33.9407958984375,141600,0.0,0.0,FIX
2017-03-31 00:00:00-04:00,35.599998474121094,36.95000076293945,35.599998474121094,36.650001525878906,34.64987564086914,401800,0.0,0.0,FIX
2017-04-03 00:00:00-04:00,36.75,36.79999923706055,35.13999938964844,35.5,33.562644958496094,290800,0.0,0.0,FIX
2017-04-04 00:00:00-04:00,35.5,35.75,35.150001525878906,35.400001525878906,33.46809387207031,203900,0.0,0.0,FIX
2017-04-05 00:00:00-04:00,35.650001525878906,36.20000076293945,35.04999923706055,35.349998474121094,33.42082214355469,171200,0.0,0.0,FIX
2017-04-06 00:00:00-04:00,35.349998474121094,35.45000076293945,34.849998474121094,35.25,33.32628631591797,179800,0.0,0.0,FIX
2017-04-07 00:00:00-04:00,35.0,35.349998474121094,34.900001525878906,35.150001525878906,33.231746673583984,225700,0.0,0.0,FIX
2017-04-10 00:00:00-04:00,35.04999923706055,35.400001525878906,34.66999816894531,34.95000076293945,33.04265594482422,140600,0.0,0.0,FIX
2017-04-11 00:00:00-04:00,35.150001525878906,36.650001525878906,35.099998474121094,36.400001525878906,34.41352081298828,249000,0.0,0.0,FIX
2017-04-12 00:00:00-04:00,36.400001525878906,36.400001525878906,35.58000183105469,35.650001525878906,33.7044563293457,127200,0.0,0.0,FIX
2017-04-13 00:00:00-04:00,35.70000076293945,35.79999923706055,34.900001525878906,34.95000076293945,33.04265594482422,106800,0.0,0.0,FIX
2017-04-17 00:00:00-04:00,34.95000076293945,35.70000076293945,34.95000076293945,35.54999923706055,33.60991287231445,102900,0.0,0.0,FIX
2017-04-18 00:00:00-04:00,35.400001525878906,35.650001525878906,35.0,35.45000076293945,33.51536560058594,182700,0.0,0.0,FIX
2017-04-19 00:00:00-04:00,35.599998474121094,36.029998779296875,35.29999923706055,35.45000076293945,33.51536560058594,170700,0.0,0.0,FIX
2017-04-20 00:00:00-04:00,35.599998474121094,35.900001525878906,35.29999923706055,35.75,33.79899215698242,172700,0.0,0.0,FIX
2017-04-21 00:00:00-04:00,35.54999923706055,35.650001525878906,35.099998474121094,35.150001525878906,33.231746673583984,280000,0.0,0.0,FIX
2017-04-24 00:00:00-04:00,35.75,36.29999923706055,35.349998474121094,35.900001525878906,33.9407958984375,355800,0.0,0.0,FIX
2017-04-25 00:00:00-04:00,36.29999923706055,36.79999923706055,36.150001525878906,36.45000076293945,34.46080017089844,196200,0.0,0.0,FIX
2017-04-26 00:00:00-04:00,36.349998474121094,37.150001525878906,36.04999923706055,37.04999923706055,35.028045654296875,254700,0.0,0.0,FIX
2017-04-27 00:00:00-04:00,36.95000076293945,37.099998474121094,35.349998474121094,36.650001525878906,34.64987564086914,469600,0.0,0.0,FIX
2017-04-28 00:00:00-04:00,36.54999923706055,37.150001525878906,36.220001220703125,36.70000076293945,34.697147369384766,265600,0.0,0.0,FIX
2017-05-01 00:00:00-04:00,36.79999923706055,37.849998474121094,35.900001525878906,37.04999923706055,35.028045654296875,418700,0.0,0.0,FIX
2017-05-02 00:00:00-04:00,37.0,37.29999923706055,36.0,36.20000076293945,34.224430084228516,251300,0.0,0.0,FIX
2017-05-03 00:00:00-04:00,35.900001525878906,35.95000076293945,35.20000076293945,35.650001525878906,33.7044563293457,199500,0.0,0.0,FIX
2017-05-04 00:00:00-04:00,35.95000076293945,36.25,35.54999923706055,36.04999923706055,34.082611083984375,137800,0.0,0.0,FIX
2017-05-05 00:00:00-04:00,36.150001525878906,36.150001525878906,35.20000076293945,35.599998474121094,33.65716552734375,173600,0.0,0.0,FIX
2017-05-08 00:00:00-04:00,35.45000076293945,35.79999923706055,35.16999816894531,35.29999923706055,33.37355041503906,100100,0.0,0.0,FIX
2017-05-09 00:00:00-04:00,35.25,36.0,35.20000076293945,35.5,33.562644958496094,179000,0.0,0.0,FIX
2017-05-10 00:00:00-04:00,35.45000076293945,35.54999923706055,35.04999923706055,35.349998474121094,33.491580963134766,231700,0.075,0.0,FIX
2017-05-11 00:00:00-04:00,35.29999923706055,35.58000183105469,34.79999923706055,35.20000076293945,33.34946060180664,181200,0.0,0.0,FIX
2017-05-12 00:00:00-04:00,35.150001525878906,35.150001525878906,34.5,34.650001525878906,32.82838439941406,196200,0.0,0.0,FIX
2017-05-15 00:00:00-04:00,34.75,35.20000076293945,34.70000076293945,35.099998474121094,33.254730224609375,172600,0.0,0.0,FIX
2017-05-16 00:00:00-04:00,35.099998474121094,35.349998474121094,34.599998474121094,35.099998474121094,33.254730224609375,383200,0.0,0.0,FIX
2017-05-17 00:00:00-04:00,35.099998474121094,35.400001525878906,34.599998474121094,35.349998474121094,33.491580963134766,433700,0.0,0.0,FIX
2017-05-18 00:00:00-04:00,35.25,35.650001525878906,34.83000183105469,35.0,33.15998840332031,345900,0.0,0.0,FIX
2017-05-19 00:00:00-04:00,35.0,35.400001525878906,34.75,34.79999923706055,32.970489501953125,316400,0.0,0.0,FIX
2017-05-22 00:00:00-04:00,34.79999923706055,35.0,34.599998474121094,34.79999923706055,32.970489501953125,122500,0.0,0.0,FIX
2017-05-23 00:00:00-04:00,34.849998474121094,35.08000183105469,34.599998474121094,34.900001525878906,33.06523513793945,188900,0.0,0.0,FIX
2017-05-24 00:00:00-04:00,34.900001525878906,35.099998474121094,34.599998474121094,34.79999923706055,32.970489501953125,155600,0.0,0.0,FIX
2017-05-25 00:00:00-04:00,35.0,35.349998474121094,34.650001525878906,34.900001525878906,33.06523513793945,148500,0.0,0.0,FIX
2017-05-26 00:00:00-04:00,34.849998474121094,34.95000076293945,34.70000076293945,34.900001525878906,33.06523513793945,128300,0.0,0.0,FIX
2017-05-30 00:00:00-04:00,34.75,34.95000076293945,34.349998474121094,34.45000076293945,32.6389045715332,174300,0.0,0.0,FIX
2017-05-31 00:00:00-04:00,34.45000076293945,34.70000076293945,33.95000076293945,34.45000076293945,32.6389045715332,304800,0.0,0.0,FIX
2017-06-01 00:00:00-04:00,34.54999923706055,34.54999923706055,33.95000076293945,34.54999923706055,32.7336311340332,304600,0.0,0.0,FIX
2017-06-02 00:00:00-04:00,34.45000076293945,35.45000076293945,34.400001525878906,34.900001525878906,33.06523513793945,248200,0.0,0.0,FIX
2017-06-05 00:00:00-04:00,34.849998474121094,34.849998474121094,34.04999923706055,34.29999923706055,32.496788024902344,211600,0.0,0.0,FIX
2017-06-06 00:00:00-04:00,34.0,34.599998474121094,33.900001525878906,34.400001525878906,32.59151840209961,257000,0.0,0.0,FIX
2017-06-07 00:00:00-04:00,34.400001525878906,34.400001525878906,34.0,34.29999923706055,32.496788024902344,187900,0.0,0.0,FIX
2017-06-08 00:00:00-04:00,34.349998474121094,35.279998779296875,34.189998626708984,35.0,33.15998840332031,191400,0.0,0.0,FIX
2017-06-09 00:00:00-04:00,35.0,36.29999923706055,34.95000076293945,36.29999923706055,34.39162063598633,188200,0.0,0.0,FIX
2017-06-12 00:00:00-04:00,36.400001525878906,36.70000076293945,35.83000183105469,35.95000076293945,34.06003189086914,286400,0.0,0.0,FIX
2017-06-13 00:00:00-04:00,36.0,36.41999816894531,35.79999923706055,36.099998474121094,34.20214080810547,171900,0.0,0.0,FIX
2017-06-14 00:00:00-04:00,36.150001525878906,36.20000076293945,35.79999923706055,35.849998474121094,33.965301513671875,127100,0.0,0.0,FIX
2017-06-15 00:00:00-04:00,35.75,36.0,35.45000076293945,35.70000076293945,33.823177337646484,106400,0.0,0.0,FIX
2017-06-16 00:00:00-04:00,35.5,35.900001525878906,35.349998474121094,35.650001525878906,33.77580261230469,320500,0.0,0.0,FIX
2017-06-19 00:00:00-04:00,35.599998474121094,35.900001525878906,35.54999923706055,35.70000076293945,33.823177337646484,168100,0.0,0.0,FIX
2017-06-20 00:00:00-04:00,35.5,35.650001525878906,35.0,35.099998474121094,33.254730224609375,162300,0.0,0.0,FIX
2017-06-21 00:00:00-04:00,35.099998474121094,35.25,34.79999923706055,34.95000076293945,33.112606048583984,278100,0.0,0.0,FIX
2017-06-22 00:00:00-04:00,34.95000076293945,35.279998779296875,34.900001525878906,35.099998474121094,33.254730224609375,122500,0.0,0.0,FIX
2017-06-23 00:00:00-04:00,35.099998474121094,35.5,34.95000076293945,35.400001525878906,33.53894805908203,252200,0.0,0.0,FIX
2017-06-26 00:00:00-04:00,35.400001525878906,36.33000183105469,35.349998474121094,36.20000076293945,34.29688262939453,362400,0.0,0.0,FIX
2017-06-27 00:00:00-04:00,36.150001525878906,36.5,35.5,36.04999923706055,34.15476608276367,343300,0.0,0.0,FIX
2017-06-28 00:00:00-04:00,36.349998474121094,36.849998474121094,36.150001525878906,36.75,34.817970275878906,181500,0.0,0.0,FIX
2017-06-29 00:00:00-04:00,36.900001525878906,36.900001525878906,36.5,36.849998474121094,34.91270446777344,176500,0.0,0.0,FIX
2017-06-30 00:00:00-04:00,36.95000076293945,37.279998779296875,36.650001525878906,37.099998474121094,35.149574279785156,147900,0.0,0.0,FIX
2017-07-03 00:00:00-04:00,37.04999923706055,37.25,36.900001525878906,37.150001525878906,35.19694519042969,110900,0.0,0.0,FIX
2017-07-05 00:00:00-04:00,37.099998474121094,37.25,36.25,36.70000076293945,34.77060317993164,243800,0.0,0.0,FIX
2017-07-06 00:00:00-04:00,36.45000076293945,36.54999923706055,35.91999816894531,36.0,34.10740661621094,229800,0.0,0.0,FIX
2017-07-07 00:00:00-04:00,36.20000076293945,36.349998474121094,35.5,36.29999923706055,34.39162063598633,251900,0.0,0.0,FIX
2017-07-10 00:00:00-04:00,36.0,36.20000076293945,35.5,35.599998474121094,33.728424072265625,250700,0.0,0.0,FIX
2017-07-11 00:00:00-04:00,35.54999923706055,36.349998474121094,35.5,35.650001525878906,33.77580261230469,401000,0.0,0.0,FIX
2017-07-12 00:00:00-04:00,36.0,36.45000076293945,35.75,36.150001525878906,34.24951934814453,137000,0.0,0.0,FIX
2017-07-13 00:00:00-04:00,36.099998474121094,36.650001525878906,36.04999923706055,36.599998474121094,34.67585372924805,212400,0.0,0.0,FIX
2017-07-14 00:00:00-04:00,36.45000076293945,36.900001525878906,36.45000076293945,36.70000076293945,34.77060317993164,168700,0.0,0.0,FIX
2017-07-17 00:00:00-04:00,36.70000076293945,36.75,36.25,36.599998474121094,34.67585372924805,137600,0.0,0.0,FIX
2017-07-18 00:00:00-04:00,36.400001525878906,36.599998474121094,36.099998474121094,36.150001525878906,34.24951934814453,154400,0.0,0.0,FIX
2017-07-19 00:00:00-04:00,36.150001525878906,36.70000076293945,36.04999923706055,36.54999923706055,34.62848663330078,211500,0.0,0.0,FIX
2017-07-20 00:00:00-04:00,36.5,36.849998474121094,36.29999923706055,36.75,34.817970275878906,130900,0.0,0.0,FIX
2017-07-21 00:00:00-04:00,37.099998474121094,37.099998474121094,36.099998474121094,36.54999923706055,34.62848663330078,403400,0.0,0.0,FIX
2017-07-24 00:00:00-04:00,36.45000076293945,36.5,35.900001525878906,36.150001525878906,34.24951934814453,159200,0.0,0.0,FIX
2017-07-25 00:00:00-04:00,36.349998474121094,36.849998474121094,36.29999923706055,36.45000076293945,34.533756256103516,182900,0.0,0.0,FIX
2017-07-26 00:00:00-04:00,36.45000076293945,36.45000076293945,35.900001525878906,36.400001525878906,34.48637390136719,122700,0.0,0.0,FIX
2017-07-27 00:00:00-04:00,36.54999923706055,37.349998474121094,36.400001525878906,36.70000076293945,34.77060317993164,199600,0.0,0.0,FIX
2017-07-28 00:00:00-04:00,35.849998474121094,35.849998474121094,33.70000076293945,33.75,31.97568702697754,476300,0.0,0.0,FIX
2017-07-31 00:00:00-04:00,33.650001525878906,33.79999923706055,32.61000061035156,33.29999923706055,31.549341201782227,492500,0.0,0.0,FIX
2017-08-01 00:00:00-04:00,33.70000076293945,34.20000076293945,33.5,33.5,31.73883628845215,215100,0.0,0.0,FIX
2017-08-02 00:00:00-04:00,33.5,33.54999923706055,32.75,33.04999923706055,31.31248664855957,189100,0.0,0.0,FIX
2017-08-03 00:00:00-04:00,33.04999923706055,33.349998474121094,32.70000076293945,32.900001525878906,31.170377731323242,178600,0.0,0.0,FIX
2017-08-04 00:00:00-04:00,32.900001525878906,33.45000076293945,32.900001525878906,33.20000076293945,31.454608917236328,185500,0.0,0.0,FIX
2017-08-07 00:00:00-04:00,33.150001525878906,33.5,33.0,33.349998474121094,31.596723556518555,174500,0.0,0.0,FIX
2017-08-08 00:00:00-04:00,33.349998474121094,34.29999923706055,33.349998474121094,33.95000076293945,32.1651725769043,259500,0.0,0.0,FIX
2017-08-09 00:00:00-04:00,33.70000076293945,33.95000076293945,33.400001525878906,33.599998474121094,31.833574295043945,157900,0.0,0.0,FIX
2017-08-10 00:00:00-04:00,33.29999923706055,33.349998474121094,32.54999923706055,32.54999923706055,30.90777015686035,133200,0.075,0.0,FIX
2017-08-11 00:00:00-04:00,32.29999923706055,32.79999923706055,31.899999618530273,32.54999923706055,30.90777015686035,154100,0.0,0.0,FIX
2017-08-14 00:00:00-04:00,32.95000076293945,33.400001525878906,32.95000076293945,33.04999923706055,31.382543563842773,144400,0.0,0.0,FIX
2017-08-15 00:00:00-04:00,33.099998474121094,33.2400016784668,32.599998474121094,32.599998474121094,30.955242156982422,135000,0.0,0.0,FIX
2017-08-16 00:00:00-04:00,32.70000076293945,32.900001525878906,32.599998474121094,32.79999923706055,31.145153045654297,112500,0.0,0.0,FIX
2017-08-17 00:00:00-04:00,32.54999923706055,33.150001525878906,32.45000076293945,32.79999923706055,31.145153045654297,186700,0.0,0.0,FIX
2017-08-18 00:00:00-04:00,32.599998474121094,32.97999954223633,32.5,32.900001525878906,31.2401123046875,301100,0.0,0.0,FIX
2017-08-21 00:00:00-04:00,32.95000076293945,32.95000076293945,32.650001525878906,32.79999923706055,31.145153045654297,236300,0.0,0.0,FIX
2017-08-22 00:00:00-04:00,32.79999923706055,33.22999954223633,32.79999923706055,33.150001525878906,31.47749900817871,168700,0.0,0.0,FIX
2017-08-23 00:00:00-04:00,32.900001525878906,33.029998779296875,32.79999923706055,32.95000076293945,31.287588119506836,123300,0.0,0.0,FIX
2017-08-24 00:00:00-04:00,33.0,33.20000076293945,32.900001525878906,32.95000076293945,31.287588119506836,93900,0.0,0.0,FIX
2017-08-25 00:00:00-04:00,33.099998474121094,33.400001525878906,32.95000076293945,33.0,31.335063934326172,135900,0.0,0.0,FIX
2017-08-28 00:00:00-04:00,33.04999923706055,33.54999923706055,33.04999923706055,33.25,31.572450637817383,127200,0.0,0.0,FIX
2017-08-29 00:00:00-04:00,33.099998474121094,33.45000076293945,33.099998474121094,33.349998474121094,31.667407989501953,116600,0.0,0.0,FIX
2017-08-30 00:00:00-04:00,33.400001525878906,33.72999954223633,33.20000076293945,33.70000076293945,31.999757766723633,110800,0.0,0.0,FIX
2017-08-31 00:00:00-04:00,33.849998474121094,34.29999923706055,33.79999923706055,34.04999923706055,32.33208465576172,99900,0.0,0.0,FIX
2017-09-01 00:00:00-04:00,34.20000076293945,34.349998474121094,34.0,34.349998474121094,32.6169548034668,90000,0.0,0.0,FIX
2017-09-05 00:00:00-04:00,34.20000076293945,34.400001525878906,33.70000076293945,34.0,32.28461837768555,167800,0.0,0.0,FIX
2017-09-06 00:00:00-04:00,34.099998474121094,34.45000076293945,33.849998474121094,34.099998474121094,32.37955856323242,151900,0.0,0.0,FIX
2017-09-07 00:00:00-04:00,34.150001525878906,34.150001525878906,33.29999923706055,33.400001525878906,31.714889526367188,225200,0.0,0.0,FIX
2017-09-08 00:00:00-04:00,33.45000076293945,34.150001525878906,33.349998474121094,34.0,32.28461837768555,167800,0.0,0.0,FIX
2017-09-11 00:00:00-04:00,34.25,34.29999923706055,34.0,34.04999923706055,32.33208465576172,101000,0.0,0.0,FIX
2017-09-12 00:00:00-04:00,34.150001525878906,34.5,34.04999923706055,34.04999923706055,32.33208465576172,126700,0.0,0.0,FIX
2017-09-13 00:00:00-04:00,34.04999923706055,34.380001068115234,34.04999923706055,34.25,32.52200698852539,182600,0.0,0.0,FIX
2017-09-14 00:00:00-04:00,34.20000076293945,34.29999923706055,33.849998474121094,34.0,32.28461837768555,123900,0.0,0.0,FIX
2017-09-15 00:00:00-04:00,34.04999923706055,34.650001525878906,33.849998474121094,34.599998474121094,32.854339599609375,291300,0.0,0.0,FIX
2017-09-18 00:00:00-04:00,34.650001525878906,35.0,34.45000076293945,34.650001525878906,32.90182113647461,245600,0.0,0.0,FIX
2017-09-19 00:00:00-04:00,34.650001525878906,34.75,34.25,34.29999923706055,32.569480895996094,135200,0.0,0.0,FIX
2017-09-20 00:00:00-04:00,34.20000076293945,34.599998474121094,34.150001525878906,34.349998474121094,32.6169548034668,135500,0.0,0.0,FIX
2017-09-21 00:00:00-04:00,34.29999923706055,34.599998474121094,34.150001525878906,34.400001525878906,32.664432525634766,207700,0.0,0.0,FIX
2017-09-22 00:00:00-04:00,34.29999923706055,34.91999816894531,34.279998779296875,34.75,32.996768951416016,151700,0.0,0.0,FIX
2017-09-25 00:00:00-04:00,34.75,34.97999954223633,34.650001525878906,34.849998474121094,33.09172821044922,150600,0.0,0.0,FIX
2017-09-26 00:00:00-04:00,34.95000076293945,36.099998474121094,34.849998474121094,35.79999923706055,33.993797302246094,148400,0.0,0.0,FIX
2017-09-27 00:00:00-04:00,35.95000076293945,36.70000076293945,35.75,36.54999923706055,34.70595169067383,209400,0.0,0.0,FIX
2017-09-28 00:00:00-04:00,36.45000076293945,36.5,35.650001525878906,35.75,33.94632339477539,202700,0.0,0.0,FIX
2017-09-29 00:00:00-04:00,35.650001525878906,35.900001525878906,35.5,35.70000076293945,33.89883804321289,202700,0.0,0.0,FIX
2017-10-02 00:00:00-04:00,35.849998474121094,36.79999923706055,35.849998474121094,36.79999923706055,34.94334030151367,132200,0.0,0.0,FIX
2017-10-03 00:00:00-04:00,36.79999923706055,36.849998474121094,36.5,36.849998474121094,34.990821838378906,123500,0.0,0.0,FIX
2017-10-04 00:00:00-04:00,36.900001525878906,37.0,36.529998779296875,36.75,34.8958625793457,121300,0.0,0.0,FIX
2017-10-05 00:00:00-04:00,36.849998474121094,37.099998474121094,36.650001525878906,36.79999923706055,34.94334030151367,136400,0.0,0.0,FIX
2017-10-06 00:00:00-04:00,36.70000076293945,37.099998474121094,36.70000076293945,37.0,35.13325881958008,89700,0.0,0.0,FIX
2017-10-09 00:00:00-04:00,37.0,37.349998474121094,36.95000076293945,37.25,35.37063217163086,162300,0.0,0.0,FIX
2017-10-10 00:00:00-04:00,37.5,37.5,37.20000076293945,37.29999923706055,35.41810989379883,145300,0.0,0.0,FIX
2017-10-11 00:00:00-04:00,37.29999923706055,37.70000076293945,37.29999923706055,37.400001525878906,35.51307678222656,120700,0.0,0.0,FIX
2017-10-12 00:00:00-04:00,37.400001525878906,37.75,37.29999923706055,37.400001525878906,35.51307678222656,112900,0.0,0.0,FIX
2017-10-13 00:00:00-04:00,37.70000076293945,37.75,37.45000076293945,37.54999923706055,35.6555061340332,128600,0.0,0.0,FIX
2017-10-16 00:00:00-04:00,37.650001525878906,37.79999923706055,36.650001525878906,36.79999923706055,34.94334030151367,146900,0.0,0.0,FIX
2017-10-17 00:00:00-04:00,36.849998474121094,36.95000076293945,36.099998474121094,36.29999923706055,34.46856689453125,134200,0.0,0.0,FIX
2017-10-18 00:00:00-04:00,36.29999923706055,36.5,36.060001373291016,36.29999923706055,34.46856689453125,137800,0.0,0.0,FIX
2017-10-19 00:00:00-04:00,36.20000076293945,36.20000076293945,35.5,35.70000076293945,33.89883804321289,161000,0.0,0.0,FIX
2017-10-20 00:00:00-04:00,36.04999923706055,36.650001525878906,35.70000076293945,36.349998474121094,34.51605224609375,185500,0.0,0.0,FIX
2017-10-23 00:00:00-04:00,36.349998474121094,36.77000045776367,36.150001525878906,36.25,34.42108917236328,119200,0.0,0.0,FIX
2017-10-24 00:00:00-04:00,36.29999923706055,36.599998474121094,35.95000076293945,36.45000076293945,34.61101150512695,78100,0.0,0.0,FIX
2017-10-25 00:00:00-04:00,36.29999923706055,36.72999954223633,35.849998474121094,36.70000076293945,34.84839630126953,135000,0.0,0.0,FIX
2017-10-26 00:00:00-04:00,36.75,37.650001525878906,36.75,37.5,35.60801696777344,147500,0.0,0.0,FIX
2017-10-27 00:00:00-04:00,38.400001525878906,42.58000183105469,37.900001525878906,42.45000076293945,40.30828094482422,361000,0.0,0.0,FIX
2017-10-30 00:00:00-04:00,42.5,44.04999923706055,42.29999923706055,42.650001525878906,40.498191833496094,344800,0.0,0.0,FIX
2017-10-31 00:00:00-04:00,42.900001525878906,44.68000030517578,42.599998474121094,44.29999923706055,42.06495666503906,370900,0.0,0.0,FIX
2017-11-01 00:00:00-04:00,44.400001525878906,44.5,42.099998474121094,42.45000076293945,40.30828094482422,286900,0.0,0.0,FIX
2017-11-02 00:00:00-04:00,42.5,42.70000076293945,41.68000030517578,41.95000076293945,39.83351516723633,263500,0.0,0.0,FIX
2017-11-03 00:00:00-04:00,41.95000076293945,42.45000076293945,41.849998474121094,42.25,40.118377685546875,156800,0.0,0.0,FIX
2017-11-06 00:00:00-05:00,42.349998474121094,42.75,42.0099983215332,42.5,40.35576629638672,192300,0.0,0.0,FIX
2017-11-07 00:00:00-05:00,42.650001525878906,42.900001525878906,42.25,42.54999923706055,40.40324783325195,179400,0.0,0.0,FIX
2017-11-08 00:00:00-05:00,42.29999923706055,43.0,41.900001525878906,42.95000076293945,40.78307342529297,161700,0.0,0.0,FIX
2017-11-09 00:00:00-05:00,42.54999923706055,42.599998474121094,41.54999923706055,41.95000076293945,39.903194427490234,132300,0.075,0.0,FIX
2017-11-10 00:00:00-05:00,40.400001525878906,41.5,40.25,41.150001525878906,39.14222717285156,437900,0.0,0.0,FIX
2017-11-13 00:00:00-05:00,40.849998474121094,41.0,40.25,40.45000076293945,38.476383209228516,294100,0.0,0.0,FIX
2017-11-14 00:00:00-05:00,40.099998474121094,40.45000076293945,39.650001525878906,40.25,38.286136627197266,187900,0.0,0.0,FIX
2017-11-15 00:00:00-05:00,40.150001525878906,40.849998474121094,39.81999969482422,40.70000076293945,38.71418380737305,407600,0.0,0.0,FIX
2017-11-16 00:00:00-05:00,41.04999923706055,41.400001525878906,41.0,41.349998474121094,39.33246994018555,107500,0.0,0.0,FIX
2017-11-17 00:00:00-05:00,41.04999923706055,41.5,40.95000076293945,41.400001525878906,39.380027770996094,97600,0.0,0.0,FIX
2017-11-20 00:00:00-05:00,41.400001525878906,41.900001525878906,41.400001525878906,41.79999923706055,39.76050567626953,214500,0.0,0.0,FIX
2017-11-21 00:00:00-05:00,42.0,43.099998474121094,42.0,42.849998474121094,40.7592887878418,157100,0.0,0.0,FIX
2017-11-22 00:00:00-05:00,42.849998474121094,43.08000183105469,41.95000076293945,42.0,39.950740814208984,96600,0.0,0.0,FIX
2017-11-24 00:00:00-05:00,42.04999923706055,42.45000076293945,41.70000076293945,42.150001525878906,40.09343338012695,58400,0.0,0.0,FIX
2017-11-27 00:00:00-05:00,42.150001525878906,42.349998474121094,41.70000076293945,41.849998474121094,39.80807113647461,131800,0.0,0.0,FIX
2017-11-28 00:00:00-05:00,41.900001525878906,42.79999923706055,41.650001525878906,42.75,40.66415786743164,132000,0.0,0.0,FIX
2017-11-29 00:00:00-05:00,42.70000076293945,43.20000076293945,42.68000030517578,43.150001525878906,41.044647216796875,94500,0.0,0.0,FIX
2017-11-30 00:00:00-05:00,43.400001525878906,43.650001525878906,42.650001525878906,42.95000076293945,40.854408264160156,147500,0.0,0.0,FIX
2017-12-01 00:00:00-05:00,43.099998474121094,43.099998474121094,41.099998474121094,42.54999923706055,40.47392654418945,103200,0.0,0.0,FIX
2017-12-04 00:00:00-05:00,43.20000076293945,43.79999923706055,42.650001525878906,43.25,41.13976287841797,108400,0.0,0.0,FIX
2017-12-05 00:00:00-05:00,43.25,43.5,42.79999923706055,43.04999923706055,40.94951629638672,101100,0.0,0.0,FIX
2017-12-06 00:00:00-05:00,43.0,43.599998474121094,42.79999923706055,43.04999923706055,40.94951629638672,108500,0.0,0.0,FIX
2017-12-07 00:00:00-05:00,42.95000076293945,43.400001525878906,42.599998474121094,42.849998474121094,40.7592887878418,300900,0.0,0.0,FIX
2017-12-08 00:00:00-05:00,43.20000076293945,43.5,42.650001525878906,43.29999923706055,41.18732452392578,95200,0.0,0.0,FIX
2017-12-11 00:00:00-05:00,43.45000076293945,43.45000076293945,42.70000076293945,43.04999923706055,40.94951629638672,266800,0.0,0.0,FIX
2017-12-12 00:00:00-05:00,43.25,43.79999923706055,42.900001525878906,42.900001525878906,40.80684280395508,121400,0.0,0.0,FIX
2017-12-13 00:00:00-05:00,42.900001525878906,43.5,42.900001525878906,43.20000076293945,41.09220886230469,138200,0.0,0.0,FIX
2017-12-14 00:00:00-05:00,43.150001525878906,43.150001525878906,42.45000076293945,42.54999923706055,40.47392654418945,186400,0.0,0.0,FIX
2017-12-15 00:00:00-05:00,42.75,43.95000076293945,42.75,43.54999923706055,41.42512130737305,826900,0.0,0.0,FIX
2017-12-18 00:00:00-05:00,44.0,44.25,43.54999923706055,44.0,41.853172302246094,111600,0.0,0.0,FIX
2017-12-19 00:00:00-05:00,44.0,44.20000076293945,43.54999923706055,43.75,41.61536407470703,133000,0.0,0.0,FIX
2017-12-20 00:00:00-05:00,44.04999923706055,44.5,43.849998474121094,44.150001525878906,41.995849609375,112700,0.0,0.0,FIX
2017-12-21 00:00:00-05:00,44.349998474121094,44.79999923706055,43.849998474121094,44.650001525878906,42.47145462036133,116700,0.0,0.0,FIX
2017-12-22 00:00:00-05:00,44.70000076293945,44.70000076293945,44.099998474121094,44.29999923706055,42.13854217529297,96400,0.0,0.0,FIX
2017-12-26 00:00:00-05:00,44.400001525878906,44.599998474121094,43.79999923706055,43.900001525878906,41.758060455322266,69300,0.0,0.0,FIX
2017-12-27 00:00:00-05:00,43.900001525878906,44.0,43.599998474121094,43.79999923706055,41.662925720214844,69500,0.0,0.0,FIX
2017-12-28 00:00:00-05:00,43.900001525878906,44.150001525878906,43.70000076293945,43.849998474121094,41.710479736328125,60800,0.0,0.0,FIX
2017-12-29 00:00:00-05:00,44.0,44.25,43.54999923706055,43.650001525878906,41.52024841308594,135700,0.0,0.0,FIX
2018-01-02 00:00:00-05:00,43.849998474121094,44.29999923706055,43.04999923706055,43.5,41.37757110595703,113900,0.0,0.0,FIX
2018-01-03 00:00:00-05:00,43.45000076293945,43.45000076293945,42.95000076293945,43.0,40.90195846557617,111700,0.0,0.0,FIX
2018-01-04 00:00:00-05:00,43.150001525878906,43.349998474121094,42.75,42.95000076293945,40.854408264160156,140500,0.0,0.0,FIX
2018-01-05 00:00:00-05:00,43.0,43.0,41.880001068115234,42.25,40.188560485839844,195200,0.0,0.0,FIX
2018-01-08 00:00:00-05:00,42.099998474121094,42.45000076293945,41.70000076293945,42.25,40.188560485839844,276600,0.0,0.0,FIX
2018-01-09 00:00:00-05:00,42.349998474121094,42.79999923706055,41.95000076293945,42.0,39.950740814208984,194600,0.0,0.0,FIX
2018-01-10 00:00:00-05:00,42.099998474121094,42.45000076293945,41.599998474121094,42.349998474121094,40.28367233276367,92700,0.0,0.0,FIX
2018-01-11 00:00:00-05:00,42.400001525878906,43.75,42.099998474121094,43.70000076293945,41.567806243896484,230200,0.0,0.0,FIX
2018-01-12 00:00:00-05:00,43.75,44.650001525878906,43.45000076293945,44.099998474121094,41.94830322265625,103300,0.0,0.0,FIX
2018-01-16 00:00:00-05:00,44.45000076293945,44.70000076293945,43.0,43.099998474121094,40.997093200683594,135200,0.0,0.0,FIX
2018-01-17 00:00:00-05:00,43.400001525878906,43.599998474121094,43.0,43.54999923706055,41.42512130737305,199500,0.0,0.0,FIX
2018-01-18 00:00:00-05:00,43.5,43.599998474121094,42.970001220703125,43.04999923706055,40.94951629638672,62200,0.0,0.0,FIX
2018-01-19 00:00:00-05:00,42.95000076293945,43.95000076293945,42.95000076293945,43.95000076293945,41.805606842041016,136600,0.0,0.0,FIX
2018-01-22 00:00:00-05:00,43.900001525878906,43.900001525878906,43.25,43.5,41.37757110595703,55800,0.0,0.0,FIX
2018-01-23 00:00:00-05:00,43.5,43.54999923706055,42.95000076293945,43.54999923706055,41.42512130737305,51900,0.0,0.0,FIX
2018-01-24 00:00:00-05:00,43.849998474121094,43.880001068115234,43.279998779296875,43.29999923706055,41.18732452392578,82800,0.0,0.0,FIX
2018-01-25 00:00:00-05:00,43.54999923706055,44.45000076293945,42.95000076293945,44.45000076293945,42.28121566772461,172100,0.0,0.0,FIX
2018-01-26 00:00:00-05:00,44.599998474121094,44.650001525878906,43.20000076293945,43.79999923706055,41.662925720214844,146200,0.0,0.0,FIX
2018-01-29 00:00:00-05:00,43.79999923706055,44.20000076293945,43.70000076293945,43.900001525878906,41.758060455322266,81100,0.0,0.0,FIX
2018-01-30 00:00:00-05:00,43.54999923706055,44.099998474121094,43.25,43.599998474121094,41.47269058227539,218900,0.0,0.0,FIX
2018-01-31 00:00:00-05:00,43.849998474121094,44.099998474121094,42.54999923706055,42.599998474121094,40.52147674560547,137600,0.0,0.0,FIX
2018-02-01 00:00:00-05:00,42.45000076293945,43.04999923706055,42.150001525878906,43.0,40.90195846557617,217300,0.0,0.0,FIX
2018-02-02 00:00:00-05:00,42.79999923706055,42.95000076293945,42.400001525878906,42.599998474121094,40.52147674560547,120400,0.0,0.0,FIX
2018-02-05 00:00:00-05:00,42.150001525878906,42.5,40.849998474121094,40.900001525878906,38.904422760009766,221600,0.0,0.0,FIX
2018-02-06 00:00:00-05:00,40.04999923706055,41.45000076293945,40.04999923706055,40.95000076293945,38.951988220214844,188200,0.0,0.0,FIX
2018-02-07 00:00:00-05:00,40.95000076293945,41.25,40.54999923706055,40.70000076293945,38.71418380737305,159900,0.0,0.0,FIX
2018-02-08 00:00:00-05:00,40.849998474121094,40.95000076293945,39.900001525878906,39.900001525878906,37.95322799682617,170500,0.0,0.0,FIX
2018-02-09 00:00:00-05:00,40.349998474121094,41.0,39.650001525878906,40.599998474121094,38.61907958984375,162500,0.0,0.0,FIX
2018-02-12 00:00:00-05:00,40.650001525878906,41.0,39.900001525878906,40.5,38.52395248413086,141800,0.0,0.0,FIX
2018-02-13 00:00:00-05:00,40.29999923706055,41.0,40.29999923706055,40.849998474121094,38.85686111450195,63300,0.0,0.0,FIX
2018-02-14 00:00:00-05:00,40.349998474121094,41.20000076293945,40.25,41.099998474121094,39.09466552734375,139000,0.0,0.0,FIX
2018-02-15 00:00:00-05:00,41.25,41.5,40.650001525878906,41.45000076293945,39.427589416503906,62500,0.0,0.0,FIX
2018-02-16 00:00:00-05:00,41.25,41.900001525878906,41.25,41.400001525878906,39.380027770996094,119200,0.0,0.0,FIX
2018-02-20 00:00:00-05:00,41.25,41.5,40.54999923706055,40.599998474121094,38.61907958984375,185600,0.0,0.0,FIX
2018-02-21 00:00:00-05:00,40.650001525878906,41.45000076293945,40.599998474121094,40.79999923706055,38.80930709838867,149000,0.0,0.0,FIX
2018-02-22 00:00:00-05:00,40.95000076293945,42.04999923706055,40.599998474121094,42.0,39.950740814208984,189700,0.0,0.0,FIX
2018-02-23 00:00:00-05:00,40.400001525878906,42.0,39.400001525878906,41.0,38.999549865722656,236500,0.0,0.0,FIX
2018-02-26 00:00:00-05:00,41.45000076293945,42.5,41.099998474121094,42.45000076293945,40.3787841796875,124600,0.0,0.0,FIX
2018-02-27 00:00:00-05:00,42.400001525878906,43.25,41.25,41.349998474121094,39.33246994018555,230400,0.0,0.0,FIX
2018-02-28 00:00:00-05:00,41.5,42.20000076293945,40.95000076293945,41.04999923706055,39.04709243774414,323600,0.0,0.0,FIX
2018-03-01 00:00:00-05:00,41.0,41.400001525878906,40.45000076293945,40.45000076293945,38.476383209228516,151900,0.0,0.0,FIX
2018-03-02 00:00:00-05:00,40.099998474121094,41.0,39.849998474121094,40.900001525878906,38.904422760009766,172200,0.0,0.0,FIX
2018-03-05 00:00:00-05:00,40.75,40.95000076293945,40.400001525878906,40.650001525878906,38.6666145324707,137100,0.0,0.0,FIX
2018-03-06 00:00:00-05:00,40.900001525878906,41.599998474121094,40.529998779296875,41.45000076293945,39.427589416503906,167400,0.0,0.0,FIX
2018-03-07 00:00:00-05:00,41.20000076293945,42.70000076293945,41.20000076293945,42.5,40.42635726928711,340800,0.0,0.0,FIX
2018-03-08 00:00:00-05:00,42.650001525878906,42.650001525878906,41.29999923706055,41.70000076293945,39.6653938293457,154800,0.0,0.0,FIX
2018-03-09 00:00:00-05:00,41.79999923706055,42.650001525878906,41.75,42.599998474121094,40.594486236572266,76000,0.075,0.0,FIX
2018-03-12 00:00:00-04:00,42.75,43.099998474121094,42.400001525878906,42.599998474121094,40.594486236572266,128600,0.0,0.0,FIX
2018-03-13 00:00:00-04:00,42.79999923706055,43.400001525878906,42.29999923706055,42.45000076293945,40.45154571533203,119300,0.0,0.0,FIX
2018-03-14 00:00:00-04:00,42.54999923706055,42.599998474121094,42.150001525878906,42.349998474121094,40.35624694824219,143700,0.0,0.0,FIX
2018-03-15 00:00:00-04:00,42.5,42.650001525878906,42.150001525878906,42.349998474121094,40.35624694824219,271600,0.0,0.0,FIX
2018-03-16 00:00:00-04:00,42.29999923706055,42.900001525878906,42.29999923706055,42.849998474121094,40.83272933959961,379200,0.0,0.0,FIX
2018-03-19 00:00:00-04:00,42.70000076293945,42.70000076293945,41.5,42.150001525878906,40.16566848754883,250500,0.0,0.0,FIX
2018-03-20 00:00:00-04:00,42.20000076293945,42.45000076293945,41.95000076293945,42.099998474121094,40.1180305480957,150600,0.0,0.0,FIX
2018-03-21 00:00:00-04:00,42.0,42.5,41.95000076293945,42.04999923706055,40.07038116455078,70600,0.0,0.0,FIX
2018-03-22 00:00:00-04:00,41.79999923706055,41.95000076293945,40.75,40.79999923706055,38.879241943359375,156500,0.0,0.0,FIX
2018-03-23 00:00:00-04:00,40.900001525878906,40.900001525878906,39.849998474121094,39.849998474121094,37.97394943237305,158800,0.0,0.0,FIX
2018-03-26 00:00:00-04:00,40.54999923706055,41.0,39.95000076293945,40.54999923706055,38.641014099121094,155900,0.0,0.0,FIX
2018-03-27 00:00:00-04:00,40.599998474121094,40.650001525878906,39.900001525878906,40.04999923706055,38.1645393371582,149400,0.0,0.0,FIX
2018-03-28 00:00:00-04:00,40.099998474121094,40.599998474121094,39.900001525878906,40.54999923706055,38.641014099121094,146800,0.0,0.0,FIX
2018-03-29 00:00:00-04:00,40.70000076293945,41.54999923706055,40.54999923706055,41.25,39.30804443359375,158400,0.0,0.0,FIX
2018-04-02 00:00:00-04:00,41.150001525878906,41.400001525878906,39.95000076293945,40.400001525878906,38.49806213378906,293900,0.0,0.0,FIX
2018-04-03 00:00:00-04:00,40.54999923706055,41.349998474121094,40.45000076293945,41.29999923706055,39.355682373046875,200100,0.0,0.0,FIX
2018-04-04 00:00:00-04:00,40.650001525878906,41.08000183105469,40.150001525878906,41.04999923706055,39.11744689941406,179000,0.0,0.0,FIX
2018-04-05 00:00:00-04:00,41.20000076293945,41.54999923706055,41.0,41.5,39.5462760925293,105400,0.0,0.0,FIX
2018-04-06 00:00:00-04:00,41.20000076293945,41.54999923706055,40.380001068115234,40.5,38.593353271484375,173300,0.0,0.0,FIX
2018-04-09 00:00:00-04:00,40.650001525878906,40.75,40.04999923706055,40.150001525878906,38.259822845458984,125300,0.0,0.0,FIX
2018-04-10 00:00:00-04:00,40.650001525878906,41.099998474121094,40.5,40.95000076293945,39.02217483520508,82000,0.0,0.0,FIX
2018-04-11 00:00:00-04:00,40.900001525878906,41.0,40.54999923706055,40.95000076293945,39.02217483520508,77500,0.0,0.0,FIX
2018-04-12 00:00:00-04:00,41.150001525878906,41.45000076293945,40.95000076293945,41.04999923706055,39.11744689941406,56100,0.0,0.0,FIX
2018-04-13 00:00:00-04:00,41.150001525878906,41.150001525878906,40.599998474121094,40.650001525878906,38.736297607421875,71000,0.0,0.0,FIX
2018-04-16 00:00:00-04:00,40.849998474121094,41.900001525878906,40.849998474121094,41.650001525878906,39.689212799072266,261400,0.0,0.0,FIX
2018-04-17 00:00:00-04:00,41.75,42.400001525878906,41.5,41.650001525878906,39.689212799072266,189600,0.0,0.0,FIX
2018-04-18 00:00:00-04:00,41.900001525878906,42.95000076293945,41.83000183105469,42.849998474121094,40.83272933959961,154900,0.0,0.0,FIX
2018-04-19 00:00:00-04:00,42.599998474121094,42.79999923706055,42.0,42.150001525878906,40.16566848754883,160500,0.0,0.0,FIX
2018-04-20 00:00:00-04:00,42.099998474121094,42.29999923706055,41.5,41.75,39.78450393676758,69400,0.0,0.0,FIX
2018-04-23 00:00:00-04:00,41.75,42.099998474121094,41.54999923706055,41.849998474121094,39.87980270385742,83100,0.0,0.0,FIX
2018-04-24 00:00:00-04:00,42.04999923706055,42.150001525878906,41.349998474121094,41.70000076293945,39.73686218261719,98700,0.0,0.0,FIX
2018-04-25 00:00:00-04:00,41.70000076293945,41.880001068115234,41.20000076293945,41.650001525878906,39.689212799072266,105000,0.0,0.0,FIX
2018-04-26 00:00:00-04:00,41.95000076293945,41.95000076293945,41.22999954223633,41.54999923706055,39.59392166137695,106100,0.0,0.0,FIX
2018-04-27 00:00:00-04:00,48.70000076293945,48.95000076293945,43.349998474121094,43.75,41.69034957885742,238800,0.0,0.0,FIX
2018-04-30 00:00:00-04:00,43.45000076293945,43.599998474121094,41.95000076293945,42.20000076293945,40.213314056396484,254000,0.0,0.0,FIX
2018-05-01 00:00:00-04:00,42.0,42.0,41.29999923706055,42.0,40.02273178100586,152600,0.0,0.0,FIX
2018-05-02 00:00:00-04:00,42.0,42.25,41.45000076293945,42.0,40.02273178100586,123700,0.0,0.0,FIX
2018-05-03 00:00:00-04:00,41.95000076293945,42.599998474121094,41.400001525878906,42.45000076293945,40.45154571533203,131600,0.0,0.0,FIX
2018-05-04 00:00:00-04:00,42.25,42.93000030517578,41.70000076293945,42.75,40.737422943115234,114800,0.0,0.0,FIX
2018-05-07 00:00:00-04:00,43.0,43.20000076293945,42.45000076293945,42.95000076293945,40.92802429199219,188400,0.0,0.0,FIX
2018-05-08 00:00:00-04:00,43.099998474121094,44.45000076293945,42.95000076293945,44.400001525878906,42.30974197387695,130100,0.0,0.0,FIX
2018-05-09 00:00:00-04:00,44.650001525878906,45.150001525878906,44.25,44.900001525878906,42.78622817993164,195600,0.0,0.0,FIX
2018-05-10 00:00:00-04:00,45.0,45.54999923706055,44.70000076293945,45.5,43.35795593261719,141600,0.0,0.0,FIX
2018-05-11 00:00:00-04:00,45.349998474121094,45.650001525878906,44.75,45.150001525878906,43.100223541259766,117700,0.08,0.0,FIX
2018-05-14 00:00:00-04:00,45.20000076293945,45.25,44.70000076293945,44.75,42.71839141845703,94900,0.0,0.0,FIX
2018-05-15 00:00:00-04:00,44.54999923706055,44.849998474121094,44.400001525878906,44.75,42.71839141845703,83800,0.0,0.0,FIX
2018-05-16 00:00:00-04:00,44.900001525878906,46.099998474121094,44.779998779296875,45.70000076293945,43.625247955322266,229600,0.0,0.0,FIX
2018-05-17 00:00:00-04:00,45.75,46.349998474121094,45.75,46.099998474121094,44.0070915222168,117800,0.0,0.0,FIX
2018-05-18 00:00:00-04:00,46.29999923706055,46.349998474121094,45.95000076293945,46.04999923706055,43.95936584472656,137200,0.0,0.0,FIX
2018-05-21 00:00:00-04:00,46.20000076293945,46.650001525878906,45.95000076293945,46.599998474121094,44.48439025878906,136400,0.0,0.0,FIX
2018-05-22 00:00:00-04:00,46.75,46.75,45.900001525878906,46.0,43.9116325378418,95700,0.0,0.0,FIX
2018-05-23 00:00:00-04:00,45.849998474121094,46.25,45.5,45.75,43.67296600341797,209400,0.0,0.0,FIX
2018-05-24 00:00:00-04:00,45.650001525878906,46.400001525878906,45.29999923706055,46.25,44.15028381347656,170000,0.0,0.0,FIX
2018-05-25 00:00:00-04:00,46.099998474121094,46.5,45.54999923706055,46.45000076293945,44.34120559692383,167600,0.0,0.0,FIX
2018-05-29 00:00:00-04:00,46.20000076293945,46.79999923706055,45.93000030517578,46.400001525878906,44.29347229003906,234400,0.0,0.0,FIX
2018-05-30 00:00:00-04:00,46.900001525878906,47.650001525878906,46.900001525878906,47.54999923706055,45.39126968383789,162600,0.0,0.0,FIX
2018-05-31 00:00:00-04:00,47.54999923706055,47.70000076293945,46.79999923706055,46.849998474121094,44.72304916381836,130900,0.0,0.0,FIX
2018-06-01 00:00:00-04:00,47.20000076293945,47.650001525878906,46.95000076293945,47.099998474121094,44.961692810058594,110800,0.0,0.0,FIX
2018-06-04 00:00:00-04:00,47.400001525878906,47.83000183105469,47.20000076293945,47.70000076293945,45.53446578979492,122400,0.0,0.0,FIX
2018-06-05 00:00:00-04:00,47.599998474121094,48.79999923706055,47.599998474121094,48.5,46.29814147949219,125900,0.0,0.0,FIX
2018-06-06 00:00:00-04:00,48.400001525878906,48.849998474121094,47.900001525878906,48.150001525878906,45.96402359008789,117500,0.0,0.0,FIX
2018-06-07 00:00:00-04:00,48.25,48.25,46.54999923706055,47.45000076293945,45.29581069946289,352600,0.0,0.0,FIX
2018-06-08 00:00:00-04:00,47.150001525878906,47.849998474121094,47.150001525878906,47.45000076293945,45.29581069946289,139300,0.0,0.0,FIX
2018-06-11 00:00:00-04:00,47.29999923706055,47.54999923706055,47.04999923706055,47.349998474121094,45.200340270996094,97200,0.0,0.0,FIX
2018-06-12 00:00:00-04:00,47.349998474121094,47.900001525878906,47.04999923706055,47.900001525878906,45.72538375854492,94800,0.0,0.0,FIX
2018-06-13 00:00:00-04:00,47.849998474121094,47.849998474121094,47.25,47.45000076293945,45.29581069946289,165100,0.0,0.0,FIX
2018-06-14 00:00:00-04:00,47.599998474121094,47.599998474121094,47.02000045776367,47.54999923706055,45.39126968383789,95400,0.0,0.0,FIX
2018-06-15 00:00:00-04:00,47.349998474121094,48.099998474121094,47.099998474121094,47.900001525878906,45.72538375854492,241300,0.0,0.0,FIX
2018-06-18 00:00:00-04:00,47.75,48.95000076293945,47.70000076293945,48.599998474121094,46.393592834472656,107400,0.0,0.0,FIX
2018-06-19 00:00:00-04:00,48.25,48.540000915527344,47.45000076293945,48.04999923706055,45.86857223510742,179600,0.0,0.0,FIX
2018-06-20 00:00:00-04:00,48.0,48.150001525878906,47.400001525878906,47.54999923706055,45.39126968383789,353700,0.0,0.0,FIX
2018-06-21 00:00:00-04:00,47.70000076293945,47.70000076293945,46.349998474121094,46.45000076293945,44.34120559692383,350800,0.0,0.0,FIX
2018-06-22 00:00:00-04:00,46.75,46.95000076293945,46.0,46.349998474121094,44.2457389831543,406900,0.0,0.0,FIX
2018-06-25 00:00:00-04:00,46.150001525878906,46.349998474121094,45.349998474121094,45.95000076293945,43.86389923095703,486600,0.0,0.0,FIX
2018-06-26 00:00:00-04:00,46.0,46.75,45.849998474121094,46.599998474121094,44.48439025878906,618600,0.0,0.0,FIX
2018-06-27 00:00:00-04:00,46.599998474121094,46.79999923706055,45.849998474121094,45.95000076293945,43.86389923095703,209100,0.0,0.0,FIX
2018-06-28 00:00:00-04:00,45.79999923706055,46.25,45.599998474121094,45.75,43.67296600341797,197300,0.0,0.0,FIX
2018-06-29 00:00:00-04:00,45.849998474121094,46.400001525878906,45.75,45.79999923706055,43.720703125,266600,0.0,0.0,FIX
2018-07-02 00:00:00-04:00,45.29999923706055,46.279998779296875,45.04999923706055,46.25,44.15028381347656,186100,0.0,0.0,FIX
2018-07-03 00:00:00-04:00,46.45000076293945,46.79999923706055,46.349998474121094,46.650001525878906,44.53212356567383,58400,0.0,0.0,FIX
2018-07-05 00:00:00-04:00,46.849998474121094,47.20000076293945,46.20000076293945,47.150001525878906,45.009429931640625,87500,0.0,0.0,FIX
2018-07-06 00:00:00-04:00,47.20000076293945,47.75,47.150001525878906,47.599998474121094,45.43899154663086,88700,0.0,0.0,FIX
2018-07-09 00:00:00-04:00,47.849998474121094,47.900001525878906,47.29999923706055,47.75,45.582183837890625,108000,0.0,0.0,FIX
2018-07-10 00:00:00-04:00,47.79999923706055,48.150001525878906,47.349998474121094,47.79999923706055,45.62991714477539,137800,0.0,0.0,FIX
2018-07-11 00:00:00-04:00,47.54999923706055,48.04999923706055,47.5,47.54999923706055,45.39126968383789,103500,0.0,0.0,FIX
2018-07-12 00:00:00-04:00,47.849998474121094,47.849998474121094,46.900001525878906,47.599998474121094,45.43899154663086,118500,0.0,0.0,FIX
2018-07-13 00:00:00-04:00,47.5,48.599998474121094,47.5,48.29999923706055,46.10721206665039,129100,0.0,0.0,FIX
2018-07-16 00:00:00-04:00,48.25,48.25,47.04999923706055,47.45000076293945,45.29581069946289,85200,0.0,0.0,FIX
2018-07-17 00:00:00-04:00,47.25,48.0,47.25,47.54999923706055,45.39126968383789,68200,0.0,0.0,FIX
2018-07-18 00:00:00-04:00,47.650001525878906,47.79999923706055,47.0,47.79999923706055,45.62991714477539,186300,0.0,0.0,FIX
2018-07-19 00:00:00-04:00,47.75,48.849998474121094,47.400001525878906,48.599998474121094,46.393592834472656,132500,0.0,0.0,FIX
2018-07-20 00:00:00-04:00,48.5,48.79999923706055,48.150001525878906,48.54999923706055,46.34585952758789,120100,0.0,0.0,FIX
2018-07-23 00:00:00-04:00,48.25,48.599998474121094,48.08000183105469,48.20000076293945,46.01176071166992,99300,0.0,0.0,FIX
2018-07-24 00:00:00-04:00,48.20000076293945,48.54999923706055,47.599998474121094,47.95000076293945,45.77310562133789,263700,0.0,0.0,FIX
2018-07-25 00:00:00-04:00,47.95000076293945,48.29999923706055,47.20000076293945,48.20000076293945,46.01176071166992,190400,0.0,0.0,FIX
2018-07-26 00:00:00-04:00,48.349998474121094,49.93000030517578,48.349998474121094,49.099998474121094,46.87089538574219,215900,0.0,0.0,FIX
2018-07-27 00:00:00-04:00,51.54999923706055,59.04999923706055,51.54999923706055,54.349998474121094,51.882545471191406,852500,0.0,0.0,FIX
2018-07-30 00:00:00-04:00,54.650001525878906,54.95000076293945,54.0,54.75,52.26439666748047,530500,0.0,0.0,FIX
2018-07-31 00:00:00-04:00,54.95000076293945,55.70000076293945,53.849998474121094,55.54999923706055,53.0280647277832,835400,0.0,0.0,FIX
2018-08-01 00:00:00-04:00,56.099998474121094,56.79999923706055,55.04999923706055,55.29999923706055,52.789405822753906,277400,0.0,0.0,FIX
2018-08-02 00:00:00-04:00,55.0,55.45000076293945,54.79999923706055,54.95000076293945,52.4553108215332,639200,0.0,0.0,FIX
2018-08-03 00:00:00-04:00,55.150001525878906,55.29999923706055,54.95000076293945,55.25,52.74168014526367,266400,0.0,0.0,FIX
2018-08-06 00:00:00-04:00,55.849998474121094,56.20000076293945,55.599998474121094,55.70000076293945,53.1712646484375,311300,0.0,0.0,FIX
2018-08-07 00:00:00-04:00,55.95000076293945,56.0,55.54999923706055,55.650001525878906,53.12352752685547,238600,0.0,0.0,FIX
2018-08-08 00:00:00-04:00,55.54999923706055,56.20000076293945,55.04999923706055,55.75,53.21900177001953,278100,0.0,0.0,FIX
2018-08-09 00:00:00-04:00,55.900001525878906,56.04999923706055,55.650001525878906,55.79999923706055,53.26671600341797,173800,0.0,0.0,FIX
2018-08-10 00:00:00-04:00,55.400001525878906,55.900001525878906,55.099998474121094,55.29999923706055,52.86994934082031,171500,0.085,0.0,FIX
2018-08-13 00:00:00-04:00,55.400001525878906,55.400001525878906,54.29999923706055,54.849998474121094,52.43973922729492,351500,0.0,0.0,FIX
2018-08-14 00:00:00-04:00,55.04999923706055,56.04999923706055,54.95000076293945,55.79999923706055,53.347984313964844,591600,0.0,0.0,FIX
2018-08-15 00:00:00-04:00,55.599998474121094,56.150001525878906,55.22999954223633,55.400001525878906,52.9655647277832,575300,0.0,0.0,FIX
2018-08-16 00:00:00-04:00,55.599998474121094,55.900001525878906,55.349998474121094,55.54999923706055,53.108970642089844,180400,0.0,0.0,FIX
2018-08-17 00:00:00-04:00,55.29999923706055,56.5,55.20000076293945,55.849998474121094,53.39578628540039,672700,0.0,0.0,FIX
2018-08-20 00:00:00-04:00,56.0,56.54999923706055,55.75,56.45000076293945,53.969425201416016,270500,0.0,0.0,FIX
2018-08-21 00:00:00-04:00,56.70000076293945,57.599998474121094,56.70000076293945,57.25,54.734283447265625,501700,0.0,0.0,FIX
2018-08-22 00:00:00-04:00,57.150001525878906,57.349998474121094,56.5,56.95000076293945,54.44744110107422,565900,0.0,0.0,FIX
2018-08-23 00:00:00-04:00,56.849998474121094,57.150001525878906,56.54999923706055,56.95000076293945,54.44744110107422,212500,0.0,0.0,FIX
2018-08-24 00:00:00-04:00,57.20000076293945,57.5,56.400001525878906,56.79999923706055,54.304039001464844,524700,0.0,0.0,FIX
2018-08-27 00:00:00-04:00,57.099998474121094,57.45000076293945,56.349998474121094,56.599998474121094,54.11282730102539,153300,0.0,0.0,FIX
2018-08-28 00:00:00-04:00,56.79999923706055,56.79999923706055,56.04999923706055,56.25,53.7782096862793,271300,0.0,0.0,FIX
2018-08-29 00:00:00-04:00,56.45000076293945,56.650001525878906,56.11000061035156,56.5,54.01722717285156,278700,0.0,0.0,FIX
2018-08-30 00:00:00-04:00,56.45000076293945,56.900001525878906,56.349998474121094,56.75,54.2562370300293,292000,0.0,0.0,FIX
2018-08-31 00:00:00-04:00,56.599998474121094,57.400001525878906,56.29999923706055,57.400001525878906,54.877681732177734,517200,0.0,0.0,FIX
2018-09-04 00:00:00-04:00,57.20000076293945,57.20000076293945,55.90999984741211,56.20000076293945,53.73041534423828,406800,0.0,0.0,FIX
2018-09-05 00:00:00-04:00,56.29999923706055,56.599998474121094,56.0,56.599998474121094,54.11282730102539,223300,0.0,0.0,FIX
2018-09-06 00:00:00-04:00,56.599998474121094,57.5,56.599998474121094,56.79999923706055,54.304039001464844,211300,0.0,0.0,FIX
2018-09-07 00:00:00-04:00,56.70000076293945,57.22999954223633,56.5,56.900001525878906,54.399662017822266,159000,0.0,0.0,FIX
2018-09-10 00:00:00-04:00,57.25,57.95000076293945,56.849998474121094,57.29999923706055,54.78206253051758,127300,0.0,0.0,FIX
2018-09-11 00:00:00-04:00,57.400001525878906,57.70000076293945,57.099998474121094,57.20000076293945,54.68647003173828,207400,0.0,0.0,FIX
2018-09-12 00:00:00-04:00,57.25,58.45000076293945,57.0,58.349998474121094,55.78592300415039,223700,0.0,0.0,FIX
2018-09-13 00:00:00-04:00,58.54999923706055,58.54999923706055,56.099998474121094,56.70000076293945,54.208438873291016,210100,0.0,0.0,FIX
2018-09-14 00:00:00-04:00,56.599998474121094,56.900001525878906,55.900001525878906,56.5,54.01722717285156,264100,0.0,0.0,FIX
2018-09-17 00:00:00-04:00,56.45000076293945,56.599998474121094,55.29999923706055,55.54999923706055,53.108970642089844,246000,0.0,0.0,FIX
2018-09-18 00:00:00-04:00,55.650001525878906,55.849998474121094,54.95000076293945,55.0,52.58314514160156,242400,0.0,0.0,FIX
2018-09-19 00:00:00-04:00,54.900001525878906,55.599998474121094,54.04999923706055,54.29999923706055,51.913902282714844,290600,0.0,0.0,FIX
2018-09-20 00:00:00-04:00,54.25,55.0,54.099998474121094,54.599998474121094,52.200714111328125,242300,0.0,0.0,FIX
2018-09-21 00:00:00-04:00,54.650001525878906,55.25,54.29999923706055,54.45000076293945,52.057308197021484,509700,0.0,0.0,FIX
2018-09-24 00:00:00-04:00,54.400001525878906,54.900001525878906,54.25,54.650001525878906,52.2485237121582,403800,0.0,0.0,FIX
2018-09-25 00:00:00-04:00,54.79999923706055,55.849998474121094,54.75,55.5,53.061161041259766,448900,0.0,0.0,FIX
2018-09-26 00:00:00-04:00,55.5,55.75,54.75,54.75,52.34413528442383,288900,0.0,0.0,FIX
2018-09-27 00:00:00-04:00,54.849998474121094,55.97999954223633,54.849998474121094,55.29999923706055,52.86994934082031,239600,0.0,0.0,FIX
2018-09-28 00:00:00-04:00,55.25,56.5,55.25,56.400001525878906,53.92162322998047,276500,0.0,0.0,FIX
2018-10-01 00:00:00-04:00,56.650001525878906,56.650001525878906,54.869998931884766,55.34000015258789,52.90819549560547,326300,0.0,0.0,FIX
2018-10-02 00:00:00-04:00,55.5,56.060001373291016,55.04999923706055,55.29999923706055,52.86994934082031,262200,0.0,0.0,FIX
2018-10-03 00:00:00-04:00,55.400001525878906,55.84000015258789,55.04999923706055,55.779998779296875,53.328861236572266,214500,0.0,0.0,FIX
2018-10-04 00:00:00-04:00,55.52000045776367,55.63999938964844,54.369998931884766,54.91999816894531,52.50665283203125,154100,0.0,0.0,FIX
2018-10-05 00:00:00-04:00,54.970001220703125,55.400001525878906,54.189998626708984,54.54999923706055,52.15291976928711,298900,0.0,0.0,FIX
2018-10-08 00:00:00-04:00,54.45000076293945,54.65999984741211,53.61000061035156,53.9900016784668,51.61753463745117,324500,0.0,0.0,FIX
2018-10-09 00:00:00-04:00,53.83000183105469,54.560001373291016,53.79999923706055,54.2400016784668,51.85654067993164,427700,0.0,0.0,FIX
2018-10-10 00:00:00-04:00,54.2599983215332,54.619998931884766,53.02000045776367,53.16999816894531,50.83354568481445,324800,0.0,0.0,FIX
2018-10-11 00:00:00-04:00,52.61000061035156,53.79999923706055,52.0099983215332,52.650001525878906,50.33639907836914,506600,0.0,0.0,FIX
2018-10-12 00:00:00-04:00,53.130001068115234,53.20000076293945,51.27000045776367,51.7400016784668,49.466400146484375,440500,0.0,0.0,FIX
2018-10-15 00:00:00-04:00,51.720001220703125,52.310001373291016,51.619998931884766,51.93000030517578,49.64804458618164,547500,0.0,0.0,FIX
2018-10-16 00:00:00-04:00,52.29999923706055,53.77000045776367,51.77000045776367,53.65999984741211,51.302032470703125,221800,0.0,0.0,FIX
2018-10-17 00:00:00-04:00,53.45000076293945,53.59000015258789,52.349998474121094,52.619998931884766,50.3077278137207,402600,0.0,0.0,FIX
2018-10-18 00:00:00-04:00,52.56999969482422,53.060001373291016,51.86000061035156,51.93000030517578,49.64804458618164,255700,0.0,0.0,FIX
2018-10-19 00:00:00-04:00,51.900001525878906,52.61000061035156,51.79999923706055,52.0,49.71497344970703,188600,0.0,0.0,FIX
2018-10-22 00:00:00-04:00,52.36000061035156,52.9900016784668,51.849998474121094,51.91999816894531,49.63847351074219,281100,0.0,0.0,FIX
2018-10-23 00:00:00-04:00,51.209999084472656,51.68000030517578,50.779998779296875,51.040000915527344,48.79715347290039,215400,0.0,0.0,FIX
2018-10-24 00:00:00-04:00,50.97999954223633,51.290000915527344,48.77000045776367,48.900001525878906,46.75120162963867,406400,0.0,0.0,FIX
2018-10-25 00:00:00-04:00,48.880001068115234,50.810001373291016,48.81999969482422,50.29999923706055,48.08967971801758,362400,0.0,0.0,FIX
2018-10-26 00:00:00-04:00,52.29999923706055,55.40999984741211,51.18000030517578,53.470001220703125,51.12037658691406,999400,0.0,0.0,FIX
2018-10-29 00:00:00-04:00,54.150001525878906,54.20000076293945,51.25,51.93000030517578,49.64804458618164,503700,0.0,0.0,FIX
2018-10-30 00:00:00-04:00,51.95000076293945,54.529998779296875,51.95000076293945,54.40999984741211,52.01906967163086,396900,0.0,0.0,FIX
2018-10-31 00:00:00-04:00,54.959999084472656,55.29999923706055,53.41999816894531,53.47999954223633,51.129940032958984,362900,0.0,0.0,FIX
2018-11-01 00:00:00-04:00,53.790000915527344,53.959999084472656,52.849998474121094,53.810001373291016,51.4454345703125,366700,0.0,0.0,FIX
2018-11-02 00:00:00-04:00,53.88999938964844,54.5099983215332,53.34000015258789,54.29999923706055,51.913902282714844,399900,0.0,0.0,FIX
2018-11-05 00:00:00-05:00,54.400001525878906,56.75,54.20000076293945,56.59000015258789,54.103267669677734,534600,0.0,0.0,FIX
2018-11-06 00:00:00-05:00,56.59000015258789,58.959999084472656,56.43000030517578,58.130001068115234,55.57560729980469,594800,0.0,0.0,FIX
2018-11-07 00:00:00-05:00,58.33000183105469,58.880001068115234,57.150001525878906,58.70000076293945,56.12057113647461,221900,0.0,0.0,FIX
2018-11-08 00:00:00-05:00,58.43000030517578,59.83000183105469,58.20000076293945,59.20000076293945,56.68550109863281,211100,0.09,0.0,FIX
2018-11-09 00:00:00-05:00,58.790000915527344,59.060001373291016,57.290000915527344,57.81999969482422,55.364105224609375,348300,0.0,0.0,FIX
2018-11-12 00:00:00-05:00,57.72999954223633,57.779998779296875,56.540000915527344,56.95000076293945,54.53105163574219,134000,0.0,0.0,FIX
2018-11-13 00:00:00-05:00,56.970001220703125,57.43000030517578,56.04999923706055,56.439998626708984,54.0427131652832,256300,0.0,0.0,FIX
2018-11-14 00:00:00-05:00,56.959999084472656,57.369998931884766,55.560001373291016,55.599998474121094,53.2384033203125,370200,0.0,0.0,FIX
2018-11-15 00:00:00-05:00,55.290000915527344,56.220001220703125,55.13999938964844,56.11000061035156,53.72673416137695,271600,0.0,0.0,FIX
2018-11-16 00:00:00-05:00,55.439998626708984,56.5099983215332,54.79999923706055,55.130001068115234,52.78835678100586,372100,0.0,0.0,FIX
2018-11-19 00:00:00-05:00,54.939998626708984,55.08000183105469,53.349998474121094,53.689998626708984,51.40952682495117,268300,0.0,0.0,FIX
2018-11-20 00:00:00-05:00,53.41999816894531,53.54999923706055,52.130001068115234,52.560001373291016,50.32752990722656,195500,0.0,0.0,FIX
2018-11-21 00:00:00-05:00,52.75,53.189998626708984,51.97999954223633,52.11000061035156,49.89664077758789,195100,0.0,0.0,FIX
2018-11-23 00:00:00-05:00,51.66999816894531,53.09000015258789,51.54999923706055,51.650001525878906,49.456172943115234,117300,0.0,0.0,FIX
2018-11-26 00:00:00-05:00,52.0099983215332,53.099998474121094,52.0099983215332,52.27000045776367,50.04984664916992,210800,0.0,0.0,FIX
2018-11-27 00:00:00-05:00,52.04999923706055,52.130001068115234,50.75,51.41999816894531,49.2359504699707,270400,0.0,0.0,FIX
2018-11-28 00:00:00-05:00,51.61000061035156,52.43000030517578,50.91999816894531,52.119998931884766,49.90620803833008,318900,0.0,0.0,FIX
2018-11-29 00:00:00-05:00,52.09000015258789,52.599998474121094,51.63999938964844,52.04999923706055,49.83918380737305,524300,0.0,0.0,FIX
2018-11-30 00:00:00-05:00,51.9900016784668,52.880001068115234,51.9900016784668,52.65999984741211,50.42328643798828,315700,0.0,0.0,FIX
2018-12-03 00:00:00-05:00,53.38999938964844,53.4900016784668,51.0099983215332,51.58000183105469,49.3891487121582,266400,0.0,0.0,FIX
2018-12-04 00:00:00-05:00,51.52000045776367,51.560001373291016,48.209999084472656,48.29999923706055,46.24846649169922,218100,0.0,0.0,FIX
2018-12-06 00:00:00-05:00,47.619998931884766,48.33000183105469,47.13999938964844,48.0099983215332,45.97077560424805,249300,0.0,0.0,FIX
2018-12-07 00:00:00-05:00,48.06999969482422,48.619998931884766,46.310001373291016,46.52000045776367,44.54407501220703,257100,0.0,0.0,FIX
2018-12-10 00:00:00-05:00,46.2599983215332,46.650001525878906,45.7599983215332,46.22999954223633,44.266387939453125,324800,0.0,0.0,FIX
2018-12-11 00:00:00-05:00,47.40999984741211,47.970001220703125,46.439998626708984,46.79999923706055,44.81217956542969,243100,0.0,0.0,FIX
2018-12-12 00:00:00-05:00,47.34000015258789,47.599998474121094,46.70000076293945,46.86000061035156,44.869632720947266,289800,0.0,0.0,FIX
2018-12-13 00:00:00-05:00,46.9900016784668,47.29999923706055,46.20000076293945,46.27000045776367,44.3046989440918,202600,0.0,0.0,FIX
2018-12-14 00:00:00-05:00,45.70000076293945,46.41999816894531,44.88999938964844,45.08000183105469,43.16522979736328,210600,0.0,0.0,FIX
2018-12-17 00:00:00-05:00,44.810001373291016,45.380001068115234,44.09000015258789,44.279998779296875,42.39921188354492,382300,0.0,0.0,FIX
2018-12-18 00:00:00-05:00,44.72999954223633,45.2599983215332,44.150001525878906,44.18000030517578,42.3034553527832,248300,0.0,0.0,FIX
2018-12-19 00:00:00-05:00,44.18000030517578,44.959999084472656,42.75,43.20000076293945,41.36509323120117,188300,0.0,0.0,FIX
2018-12-20 00:00:00-05:00,43.06999969482422,43.630001068115234,42.650001525878906,42.95000076293945,41.12570571899414,222600,0.0,0.0,FIX
2018-12-21 00:00:00-05:00,43.02000045776367,43.630001068115234,41.40999984741211,41.470001220703125,39.70857238769531,937400,0.0,0.0,FIX
2018-12-24 00:00:00-05:00,41.40999984741211,42.4900016784668,41.13999938964844,41.29999923706055,39.54576873779297,123500,0.0,0.0,FIX
2018-12-26 00:00:00-05:00,41.310001373291016,43.310001373291016,41.310001373291016,43.279998779296875,41.44169616699219,148500,0.0,0.0,FIX
2018-12-27 00:00:00-05:00,42.58000183105469,43.04999923706055,41.5,42.720001220703125,40.90547180175781,257400,0.0,0.0,FIX
2018-12-28 00:00:00-05:00,42.790000915527344,43.63999938964844,42.529998779296875,42.959999084472656,41.13528823852539,177400,0.0,0.0,FIX
2018-12-31 00:00:00-05:00,43.08000183105469,43.709999084472656,42.900001525878906,43.68000030517578,41.82469940185547,170800,0.0,0.0,FIX
2019-01-02 00:00:00-05:00,43.9900016784668,43.9900016784668,43.130001068115234,43.459999084472656,41.614044189453125,222600,0.0,0.0,FIX
2019-01-03 00:00:00-05:00,43.38999938964844,43.7599983215332,42.81999969482422,43.04999923706055,41.22146987915039,203100,0.0,0.0,FIX
2019-01-04 00:00:00-05:00,43.65999984741211,44.79999923706055,43.65999984741211,44.689998626708984,42.791805267333984,175900,0.0,0.0,FIX
2019-01-07 00:00:00-05:00,44.560001373291016,45.75,44.279998779296875,45.34000015258789,43.414188385009766,222400,0.0,0.0,FIX
2019-01-08 00:00:00-05:00,45.54999923706055,46.060001373291016,45.04999923706055,46.060001373291016,44.10360336303711,211200,0.0,0.0,FIX
2019-01-09 00:00:00-05:00,46.209999084472656,46.290000915527344,45.7400016784668,45.95000076293945,43.99828338623047,125400,0.0,0.0,FIX
2019-01-10 00:00:00-05:00,45.65999984741211,46.470001220703125,45.31999969482422,46.459999084472656,44.48662567138672,150600,0.0,0.0,FIX
2019-01-11 00:00:00-05:00,46.27000045776367,47.08000183105469,46.040000915527344,47.04999923706055,45.05155944824219,195300,0.0,0.0,FIX
2019-01-14 00:00:00-05:00,46.849998474121094,48.290000915527344,46.540000915527344,47.959999084472656,45.92291259765625,600800,0.0,0.0,FIX
2019-01-15 00:00:00-05:00,48.04999923706055,48.04999923706055,47.130001068115234,47.900001525878906,45.86545944213867,325800,0.0,0.0,FIX
2019-01-16 00:00:00-05:00,47.900001525878906,48.02000045776367,47.41999816894531,47.93000030517578,45.89418411254883,209900,0.0,0.0,FIX
2019-01-17 00:00:00-05:00,47.439998626708984,48.11000061035156,47.439998626708984,48.09000015258789,46.04738235473633,202700,0.0,0.0,FIX
2019-01-18 00:00:00-05:00,48.45000076293945,48.70000076293945,48.0099983215332,48.15999984741211,46.114402770996094,174500,0.0,0.0,FIX
2019-01-22 00:00:00-05:00,47.83000183105469,48.130001068115234,47.40999984741211,48.04999923706055,46.00908660888672,216700,0.0,0.0,FIX
2019-01-23 00:00:00-05:00,48.2599983215332,48.56999969482422,47.20000076293945,47.5,45.48244857788086,182600,0.0,0.0,FIX
2019-01-24 00:00:00-05:00,47.52000045776367,47.93000030517578,47.52000045776367,47.83000183105469,45.798431396484375,86600,0.0,0.0,FIX
2019-01-25 00:00:00-05:00,48.08000183105469,48.279998779296875,47.58000183105469,47.619998931884766,45.59733581542969,176200,0.0,0.0,FIX
2019-01-28 00:00:00-05:00,47.16999816894531,47.439998626708984,46.41999816894531,46.93000030517578,44.936668395996094,120000,0.0,0.0,FIX
2019-01-29 00:00:00-05:00,47.099998474121094,47.72999954223633,46.599998474121094,47.41999816894531,45.40583801269531,206700,0.0,0.0,FIX
2019-01-30 00:00:00-05:00,47.75,48.04999923706055,46.709999084472656,47.91999816894531,45.884613037109375,158300,0.0,0.0,FIX
2019-01-31 00:00:00-05:00,47.959999084472656,48.150001525878906,47.400001525878906,47.970001220703125,45.93247985839844,281900,0.0,0.0,FIX
2019-02-01 00:00:00-05:00,48.150001525878906,48.27000045776367,47.060001373291016,47.279998779296875,45.27180099487305,202500,0.0,0.0,FIX
2019-02-04 00:00:00-05:00,47.119998931884766,48.04999923706055,46.70000076293945,47.849998474121094,45.81758499145508,195000,0.0,0.0,FIX
2019-02-05 00:00:00-05:00,48.119998931884766,48.61000061035156,47.91999816894531,48.59000015258789,46.52614974975586,136300,0.0,0.0,FIX
2019-02-06 00:00:00-05:00,48.56999969482422,48.77000045776367,48.290000915527344,48.59000015258789,46.52614974975586,102500,0.0,0.0,FIX
2019-02-07 00:00:00-05:00,48.25,48.25,47.33000183105469,47.86000061035156,45.82715606689453,129200,0.0,0.0,FIX
2019-02-08 00:00:00-05:00,47.56999969482422,48.099998474121094,47.04999923706055,48.09000015258789,46.04738235473633,94800,0.0,0.0,FIX
2019-02-11 00:00:00-05:00,48.189998626708984,48.72999954223633,47.810001373291016,48.709999084472656,46.641048431396484,157200,0.0,0.0,FIX
2019-02-12 00:00:00-05:00,49.040000915527344,49.54999923706055,49.040000915527344,49.43000030517578,47.330467224121094,107300,0.0,0.0,FIX
2019-02-13 00:00:00-05:00,49.58000183105469,50.02000045776367,49.18000030517578,49.779998779296875,47.66560363769531,132600,0.0,0.0,FIX
2019-02-14 00:00:00-05:00,49.54999923706055,50.68000030517578,49.54999923706055,50.0,47.87625503540039,194200,0.0,0.0,FIX
2019-02-15 00:00:00-05:00,50.349998474121094,50.68000030517578,50.029998779296875,50.65999984741211,48.50823974609375,200700,0.0,0.0,FIX
2019-02-19 00:00:00-05:00,50.290000915527344,51.09000015258789,50.2400016784668,51.02000045776367,48.852935791015625,150600,0.0,0.0,FIX
2019-02-20 00:00:00-05:00,51.11000061035156,51.689998626708984,50.810001373291016,51.63999938964844,49.446590423583984,203400,0.0,0.0,FIX
2019-02-21 00:00:00-05:00,51.66999816894531,52.13999938964844,51.220001220703125,51.95000076293945,49.74343490600586,229200,0.0,0.0,FIX
2019-02-22 00:00:00-05:00,51.75,55.0,50.5,54.439998626708984,52.12765884399414,600100,0.0,0.0,FIX
2019-02-25 00:00:00-05:00,54.880001068115234,55.40999984741211,54.15999984741211,54.349998474121094,52.04148864746094,470400,0.0,0.0,FIX
2019-02-26 00:00:00-05:00,54.54999923706055,54.77000045776367,53.790000915527344,54.09000015258789,51.792545318603516,246200,0.0,0.0,FIX
2019-02-27 00:00:00-05:00,53.970001220703125,54.439998626708984,52.66999816894531,53.59000015258789,51.31378173828125,244100,0.0,0.0,FIX
2019-02-28 00:00:00-05:00,53.650001525878906,53.97999954223633,53.279998779296875,53.619998931884766,51.342498779296875,195800,0.0,0.0,FIX
2019-03-01 00:00:00-05:00,54.13999938964844,54.31999969482422,53.2400016784668,53.630001068115234,51.352073669433594,188000,0.0,0.0,FIX
2019-03-04 00:00:00-05:00,53.779998779296875,54.04999923706055,52.79999923706055,53.02000045776367,50.76797866821289,314700,0.0,0.0,FIX
2019-03-05 00:00:00-05:00,53.209999084472656,53.58000183105469,52.779998779296875,52.900001525878906,50.653079986572266,190400,0.0,0.0,FIX
2019-03-06 00:00:00-05:00,52.95000076293945,53.2400016784668,52.02000045776367,52.040000915527344,49.829612731933594,137300,0.0,0.0,FIX
2019-03-07 00:00:00-05:00,52.060001373291016,52.18000030517578,51.61000061035156,52.02000045776367,49.81046676635742,221900,0.0,0.0,FIX
2019-03-08 00:00:00-05:00,51.79999923706055,52.45000076293945,51.599998474121094,52.04999923706055,49.93036651611328,184900,0.095,0.0,FIX
2019-03-11 00:00:00-04:00,52.060001373291016,53.2400016784668,51.86000061035156,53.16999816894531,51.0047607421875,206000,0.0,0.0,FIX
2019-03-12 00:00:00-04:00,51.84000015258789,52.849998474121094,50.68000030517578,52.58000183105469,50.43879699707031,193300,0.0,0.0,FIX
2019-03-13 00:00:00-04:00,52.650001525878906,53.119998931884766,52.599998474121094,52.79999923706055,50.64983367919922,182900,0.0,0.0,FIX
2019-03-14 00:00:00-04:00,52.81999969482422,52.81999969482422,52.369998931884766,52.439998626708984,50.30447769165039,137900,0.0,0.0,FIX
2019-03-15 00:00:00-04:00,52.4900016784668,52.869998931884766,52.189998626708984,52.459999084472656,50.32366943359375,333100,0.0,0.0,FIX
2019-03-18 00:00:00-04:00,52.470001220703125,52.790000915527344,52.189998626708984,52.77000045776367,50.62105178833008,250900,0.0,0.0,FIX
2019-03-19 00:00:00-04:00,53.25,53.619998931884766,52.060001373291016,52.27000045776367,50.14141082763672,231200,0.0,0.0,FIX
2019-03-20 00:00:00-04:00,52.290000915527344,53.0099983215332,51.7599983215332,52.04999923706055,49.93036651611328,315600,0.0,0.0,FIX
2019-03-21 00:00:00-04:00,51.79999923706055,52.97999954223633,51.79999923706055,52.369998931884766,50.23734664916992,184500,0.0,0.0,FIX
2019-03-22 00:00:00-04:00,51.97999954223633,52.06999969482422,50.47999954223633,50.599998474121094,48.539424896240234,186700,0.0,0.0,FIX
2019-03-25 00:00:00-04:00,50.619998931884766,51.369998931884766,50.29999923706055,51.279998779296875,49.191734313964844,165600,0.0,0.0,FIX
2019-03-26 00:00:00-04:00,51.56999969482422,51.939998626708984,51.13999938964844,51.459999084472656,49.36439895629883,183200,0.0,0.0,FIX
2019-03-27 00:00:00-04:00,51.459999084472656,51.939998626708984,51.099998474121094,51.810001373291016,49.700130462646484,210800,0.0,0.0,FIX
2019-03-28 00:00:00-04:00,51.959999084472656,52.5,51.68000030517578,52.470001220703125,50.33326721191406,115200,0.0,0.0,FIX
2019-03-29 00:00:00-04:00,52.72999954223633,53.09000015258789,52.13999938964844,52.38999938964844,50.256534576416016,325700,0.0,0.0,FIX
2019-04-01 00:00:00-04:00,52.81999969482422,53.11000061035156,52.47999954223633,53.0099983215332,50.85127639770508,232800,0.0,0.0,FIX
2019-04-02 00:00:00-04:00,52.900001525878906,52.900001525878906,51.939998626708984,52.77000045776367,50.62105178833008,205300,0.0,0.0,FIX
2019-04-03 00:00:00-04:00,53.0,53.619998931884766,52.900001525878906,53.40999984741211,51.23499298095703,184800,0.0,0.0,FIX
2019-04-04 00:00:00-04:00,53.47999954223633,53.849998474121094,53.189998626708984,53.630001068115234,51.4460334777832,219700,0.0,0.0,FIX
2019-04-05 00:00:00-04:00,53.7400016784668,54.41999816894531,53.29999923706055,54.40999984741211,52.19426727294922,355800,0.0,0.0,FIX
2019-04-08 00:00:00-04:00,54.41999816894531,54.650001525878906,54.029998779296875,54.36000061035156,52.14631271362305,138900,0.0,0.0,FIX
2019-04-09 00:00:00-04:00,54.20000076293945,54.25,53.68000030517578,53.900001525878906,51.70505142211914,147700,0.0,0.0,FIX
2019-04-10 00:00:00-04:00,54.0,54.25,53.689998626708984,54.040000915527344,51.83934020996094,457200,0.0,0.0,FIX
2019-04-11 00:00:00-04:00,54.27000045776367,54.79999923706055,54.06999969482422,54.630001068115234,52.405296325683594,339400,0.0,0.0,FIX
2019-04-12 00:00:00-04:00,55.099998474121094,55.33000183105469,54.72999954223633,55.16999816894531,52.92332077026367,253000,0.0,0.0,FIX
2019-04-15 00:00:00-04:00,55.290000915527344,57.4900016784668,55.0099983215332,57.130001068115234,54.803497314453125,598200,0.0,0.0,FIX
2019-04-16 00:00:00-04:00,57.279998779296875,58.20000076293945,57.0,57.75,55.39825439453125,278400,0.0,0.0,FIX
2019-04-17 00:00:00-04:00,57.880001068115234,58.209999084472656,57.040000915527344,57.59000015258789,55.24476623535156,215900,0.0,0.0,FIX
2019-04-18 00:00:00-04:00,57.52000045776367,57.939998626708984,57.119998931884766,57.59000015258789,55.24476623535156,197200,0.0,0.0,FIX
2019-04-22 00:00:00-04:00,57.209999084472656,57.79999923706055,56.56999969482422,56.939998626708984,54.6212272644043,223900,0.0,0.0,FIX
2019-04-23 00:00:00-04:00,56.95000076293945,57.41999816894531,56.63999938964844,57.2599983215332,54.92819595336914,562900,0.0,0.0,FIX
2019-04-24 00:00:00-04:00,57.380001068115234,58.09000015258789,57.0099983215332,57.63999938964844,55.292728424072266,205200,0.0,0.0,FIX
2019-04-25 00:00:00-04:00,57.29999923706055,57.41999816894531,56.189998626708984,56.77000045776367,54.458152770996094,323300,0.0,0.0,FIX
2019-04-26 00:00:00-04:00,55.56999969482422,55.56999969482422,51.0099983215332,54.20000076293945,51.99281311035156,660400,0.0,0.0,FIX
2019-04-29 00:00:00-04:00,53.9900016784668,54.06999969482422,52.540000915527344,52.58000183105469,50.43879699707031,388200,0.0,0.0,FIX
2019-04-30 00:00:00-04:00,52.5099983215332,54.27000045776367,52.02000045776367,54.099998474121094,51.89689254760742,352400,0.0,0.0,FIX
2019-05-01 00:00:00-04:00,54.470001220703125,54.470001220703125,52.459999084472656,52.59000015258789,50.4483757019043,466100,0.0,0.0,FIX
2019-05-02 00:00:00-04:00,52.369998931884766,53.040000915527344,51.95000076293945,52.650001525878906,50.50593566894531,224000,0.0,0.0,FIX
2019-05-03 00:00:00-04:00,52.90999984741211,52.93000030517578,51.869998931884766,52.31999969482422,50.18938064575195,214800,0.0,0.0,FIX
2019-05-06 00:00:00-04:00,51.58000183105469,52.27000045776367,51.18000030517578,52.08000183105469,49.95915603637695,233200,0.0,0.0,FIX
2019-05-07 00:00:00-04:00,51.86000061035156,52.33000183105469,50.68000030517578,51.0,48.92312240600586,171000,0.0,0.0,FIX
2019-05-08 00:00:00-04:00,51.02000045776367,51.06999969482422,50.040000915527344,50.099998474121094,48.059791564941406,156100,0.0,0.0,FIX
2019-05-09 00:00:00-04:00,49.7599983215332,50.209999084472656,49.400001525878906,49.900001525878906,47.8679313659668,166200,0.0,0.0,FIX
2019-05-10 00:00:00-04:00,49.43000030517578,50.0,48.83000183105469,49.61000061035156,47.6852912902832,176900,0.1,0.0,FIX
2019-05-13 00:00:00-04:00,48.63999938964844,48.880001068115234,47.40999984741211,47.529998779296875,45.68598937988281,248300,0.0,0.0,FIX
2019-05-14 00:00:00-04:00,47.54999923706055,48.630001068115234,47.290000915527344,48.560001373291016,46.67604446411133,382700,0.0,0.0,FIX
2019-05-15 00:00:00-04:00,48.16999816894531,48.849998474121094,48.119998931884766,48.54999923706055,46.66642379760742,283300,0.0,0.0,FIX
2019-05-16 00:00:00-04:00,48.59000015258789,49.38999938964844,48.59000015258789,49.06999969482422,47.1662483215332,302600,0.0,0.0,FIX
2019-05-17 00:00:00-04:00,48.63999938964844,49.18000030517578,48.47999954223633,48.790000915527344,46.897117614746094,253000,0.0,0.0,FIX
2019-05-20 00:00:00-04:00,48.41999816894531,48.869998931884766,48.18000030517578,48.27000045776367,46.39727783203125,284000,0.0,0.0,FIX
2019-05-21 00:00:00-04:00,48.459999084472656,49.619998931884766,48.459999084472656,49.599998474121094,47.67567825317383,188600,0.0,0.0,FIX
2019-05-22 00:00:00-04:00,49.38999938964844,49.599998474121094,49.2400016784668,49.459999084472656,47.541114807128906,183300,0.0,0.0,FIX
2019-05-23 00:00:00-04:00,48.79999923706055,49.369998931884766,48.439998626708984,49.36000061035156,47.44499588012695,315500,0.0,0.0,FIX
2019-05-24 00:00:00-04:00,49.790000915527344,49.790000915527344,49.029998779296875,49.27000045776367,47.35848617553711,236300,0.0,0.0,FIX
2019-05-28 00:00:00-04:00,49.459999084472656,49.810001373291016,48.970001220703125,48.97999954223633,47.079734802246094,200900,0.0,0.0,FIX
2019-05-29 00:00:00-04:00,48.779998779296875,49.279998779296875,48.58000183105469,48.650001525878906,46.762542724609375,196500,0.0,0.0,FIX
2019-05-30 00:00:00-04:00,48.84000015258789,49.459999084472656,47.91999816894531,48.189998626708984,46.32039260864258,190500,0.0,0.0,FIX
2019-05-31 00:00:00-04:00,47.5,47.83000183105469,46.849998474121094,47.18000030517578,45.349578857421875,164800,0.0,0.0,FIX
2019-06-03 00:00:00-04:00,47.04999923706055,48.09000015258789,47.02000045776367,47.65999984741211,45.81095504760742,200500,0.0,0.0,FIX
2019-06-04 00:00:00-04:00,48.27000045776367,49.31999969482422,48.11000061035156,49.279998779296875,47.36808395385742,116500,0.0,0.0,FIX
2019-06-05 00:00:00-04:00,49.29999923706055,49.33000183105469,48.540000915527344,49.060001373291016,47.156639099121094,102800,0.0,0.0,FIX
2019-06-06 00:00:00-04:00,49.25,49.34000015258789,48.439998626708984,49.060001373291016,47.156639099121094,205400,0.0,0.0,FIX
2019-06-07 00:00:00-04:00,49.209999084472656,49.810001373291016,49.09000015258789,49.279998779296875,47.36808395385742,110700,0.0,0.0,FIX
2019-06-10 00:00:00-04:00,49.400001525878906,49.77000045776367,48.650001525878906,48.77000045776367,46.87788772583008,169000,0.0,0.0,FIX
2019-06-11 00:00:00-04:00,49.13999938964844,49.209999084472656,48.2400016784668,48.529998779296875,46.64720153808594,183500,0.0,0.0,FIX
2019-06-12 00:00:00-04:00,48.369998931884766,48.720001220703125,48.2599983215332,48.439998626708984,46.560691833496094,135300,0.0,0.0,FIX
2019-06-13 00:00:00-04:00,48.599998474121094,49.029998779296875,48.529998779296875,48.86000061035156,46.964393615722656,206100,0.0,0.0,FIX
2019-06-14 00:00:00-04:00,48.86000061035156,49.349998474121094,48.599998474121094,48.97999954223633,47.079734802246094,158400,0.0,0.0,FIX
2019-06-17 00:00:00-04:00,49.13999938964844,49.279998779296875,48.59000015258789,48.720001220703125,46.8298225402832,185700,0.0,0.0,FIX
2019-06-18 00:00:00-04:00,49.02000045776367,50.58000183105469,49.02000045776367,50.36000061035156,48.40620040893555,233400,0.0,0.0,FIX
2019-06-19 00:00:00-04:00,50.310001373291016,50.310001373291016,49.22999954223633,50.13999938964844,48.194725036621094,167100,0.0,0.0,FIX
2019-06-20 00:00:00-04:00,50.650001525878906,51.66999816894531,50.560001373291016,51.18000030517578,49.19438171386719,188900,0.0,0.0,FIX
2019-06-21 00:00:00-04:00,50.880001068115234,50.91999816894531,50.2400016784668,50.720001220703125,48.752227783203125,284800,0.0,0.0,FIX
2019-06-24 00:00:00-04:00,50.689998626708984,50.939998626708984,49.86000061035156,49.970001220703125,48.03133773803711,134000,0.0,0.0,FIX
2019-06-25 00:00:00-04:00,49.970001220703125,50.63999938964844,49.72999954223633,50.2400016784668,48.29085159301758,170800,0.0,0.0,FIX
2019-06-26 00:00:00-04:00,50.43000030517578,50.43000030517578,49.84000015258789,50.130001068115234,48.185123443603516,134900,0.0,0.0,FIX
2019-06-27 00:00:00-04:00,50.209999084472656,50.7599983215332,50.189998626708984,50.630001068115234,48.665714263916016,223300,0.0,0.0,FIX
2019-06-28 00:00:00-04:00,50.83000183105469,51.90999984741211,50.83000183105469,50.9900016784668,49.01175308227539,430600,0.0,0.0,FIX
2019-07-01 00:00:00-04:00,51.720001220703125,51.91999816894531,50.72999954223633,51.189998626708984,49.20399856567383,177800,0.0,0.0,FIX
2019-07-02 00:00:00-04:00,51.060001373291016,51.099998474121094,50.369998931884766,51.09000015258789,49.10787582397461,140300,0.0,0.0,FIX
2019-07-03 00:00:00-04:00,51.310001373291016,51.75,50.7599983215332,51.7400016784668,49.73265838623047,76400,0.0,0.0,FIX
2019-07-05 00:00:00-04:00,51.45000076293945,51.900001525878906,51.060001373291016,51.779998779296875,49.77111053466797,137100,0.0,0.0,FIX
2019-07-08 00:00:00-04:00,51.630001068115234,52.38999938964844,51.279998779296875,52.22999954223633,50.20364761352539,179500,0.0,0.0,FIX
2019-07-09 00:00:00-04:00,51.88999938964844,52.290000915527344,51.75,52.220001220703125,50.19403076171875,146300,0.0,0.0,FIX
2019-07-10 00:00:00-04:00,52.52000045776367,52.91999816894531,52.209999084472656,52.29999923706055,50.27094268798828,189600,0.0,0.0,FIX
2019-07-11 00:00:00-04:00,52.279998779296875,52.470001220703125,51.630001068115234,52.15999984741211,50.136348724365234,147400,0.0,0.0,FIX
2019-07-12 00:00:00-04:00,52.15999984741211,53.11000061035156,52.15999984741211,52.90999984741211,50.857269287109375,178000,0.0,0.0,FIX
2019-07-15 00:00:00-04:00,52.900001525878906,53.310001373291016,52.290000915527344,52.880001068115234,50.82844161987305,144100,0.0,0.0,FIX
2019-07-16 00:00:00-04:00,53.0,53.41999816894531,52.41999816894531,52.900001525878906,50.847652435302734,193400,0.0,0.0,FIX
2019-07-17 00:00:00-04:00,52.90999984741211,53.279998779296875,52.619998931884766,52.81999969482422,50.77075958251953,222400,0.0,0.0,FIX
2019-07-18 00:00:00-04:00,52.84000015258789,53.220001220703125,52.59000015258789,52.880001068115234,50.82844161987305,222800,0.0,0.0,FIX
2019-07-19 00:00:00-04:00,52.83000183105469,53.16999816894531,52.11000061035156,52.20000076293945,50.1748161315918,236600,0.0,0.0,FIX
2019-07-22 00:00:00-04:00,52.22999954223633,52.59000015258789,51.59000015258789,51.630001068115234,49.626930236816406,160600,0.0,0.0,FIX
2019-07-23 00:00:00-04:00,51.63999938964844,52.560001373291016,51.41999816894531,52.20000076293945,50.1748161315918,146400,0.0,0.0,FIX
2019-07-24 00:00:00-04:00,52.029998779296875,53.209999084472656,52.029998779296875,53.150001525878906,51.08797073364258,287400,0.0,0.0,FIX
2019-07-25 00:00:00-04:00,53.09000015258789,53.65999984741211,52.119998931884766,52.369998931884766,50.33822250366211,343700,0.0,0.0,FIX
2019-07-26 00:00:00-04:00,48.2400016784668,50.439998626708984,41.630001068115234,41.63999938964844,40.024513244628906,1429600,0.0,0.0,FIX
2019-07-29 00:00:00-04:00,43.27000045776367,43.29999923706055,40.13999938964844,40.470001220703125,38.899898529052734,988300,0.0,0.0,FIX
2019-07-30 00:00:00-04:00,40.70000076293945,42.849998474121094,40.619998931884766,42.77000045776367,41.11065673828125,577800,0.0,0.0,FIX
2019-07-31 00:00:00-04:00,42.779998779296875,42.97999954223633,41.70000076293945,42.0,40.37053680419922,504500,0.0,0.0,FIX
2019-08-01 00:00:00-04:00,41.959999084472656,42.11000061035156,40.349998474121094,40.939998626708984,39.351661682128906,347000,0.0,0.0,FIX
2019-08-02 00:00:00-04:00,40.630001068115234,41.65999984741211,40.209999084472656,41.31999969482422,39.716915130615234,458100,0.0,0.0,FIX
2019-08-05 00:00:00-04:00,40.47999954223633,40.7599983215332,39.029998779296875,39.650001525878906,38.111717224121094,586900,0.0,0.0,FIX
2019-08-06 00:00:00-04:00,39.77000045776367,40.099998474121094,39.2599983215332,39.66999816894531,38.13093566894531,380400,0.0,0.0,FIX
2019-08-07 00:00:00-04:00,39.20000076293945,39.79999923706055,38.790000915527344,39.119998931884766,37.60226821899414,392400,0.0,0.0,FIX
2019-08-08 00:00:00-04:00,39.2400016784668,40.959999084472656,39.09000015258789,40.810001373291016,39.226715087890625,454600,0.0,0.0,FIX
2019-08-09 00:00:00-04:00,40.630001068115234,40.84000015258789,39.72999954223633,40.29999923706055,38.83164978027344,335400,0.1,0.0,FIX
2019-08-12 00:00:00-04:00,39.79999923706055,39.95000076293945,38.540000915527344,38.93000030517578,37.511566162109375,362100,0.0,0.0,FIX
2019-08-13 00:00:00-04:00,38.630001068115234,39.91999816894531,38.58000183105469,39.040000915527344,37.6175537109375,241500,0.0,0.0,FIX
2019-08-14 00:00:00-04:00,38.470001220703125,38.63999938964844,37.22999954223633,37.7400016784668,36.364933013916016,577700,0.0,0.0,FIX
2019-08-15 00:00:00-04:00,37.81999969482422,38.20000076293945,37.380001068115234,37.970001220703125,36.586544036865234,334200,0.0,0.0,FIX
2019-08-16 00:00:00-04:00,38.34000015258789,39.0,38.06999969482422,38.45000076293945,37.0490608215332,269300,0.0,0.0,FIX
2019-08-19 00:00:00-04:00,39.02000045776367,39.150001525878906,38.29999923706055,38.40999984741211,37.0105094909668,280400,0.0,0.0,FIX
2019-08-20 00:00:00-04:00,38.290000915527344,38.31999969482422,37.59000015258789,37.79999923706055,36.4227294921875,365100,0.0,0.0,FIX
2019-08-21 00:00:00-04:00,38.22999954223633,38.52000045776367,38.0099983215332,38.13999938964844,36.75035095214844,378900,0.0,0.0,FIX
2019-08-22 00:00:00-04:00,38.310001373291016,38.540000915527344,37.77000045776367,38.38999938964844,36.99124526977539,554300,0.0,0.0,FIX
2019-08-23 00:00:00-04:00,38.11000061035156,38.31999969482422,36.72999954223633,36.790000915527344,35.44953918457031,305200,0.0,0.0,FIX
2019-08-26 00:00:00-04:00,37.209999084472656,37.310001373291016,36.58000183105469,37.04999923706055,35.70005416870117,391200,0.0,0.0,FIX
2019-08-27 00:00:00-04:00,37.36000061035156,37.61000061035156,36.5099983215332,36.56999969482422,35.237545013427734,303100,0.0,0.0,FIX
2019-08-28 00:00:00-04:00,36.43000030517578,37.2400016784668,36.27000045776367,37.0,35.65188217163086,411500,0.0,0.0,FIX
2019-08-29 00:00:00-04:00,37.439998626708984,38.25,37.439998626708984,38.04999923706055,36.66362380981445,561000,0.0,0.0,FIX
2019-08-30 00:00:00-04:00,38.29999923706055,39.22999954223633,38.2400016784668,38.65999984741211,37.251407623291016,320800,0.0,0.0,FIX
2019-09-03 00:00:00-04:00,38.470001220703125,38.599998474121094,37.54999923706055,37.59000015258789,36.220394134521484,392800,0.0,0.0,FIX
2019-09-04 00:00:00-04:00,38.0,38.13999938964844,36.9900016784668,37.38999938964844,36.027679443359375,263800,0.0,0.0,FIX
2019-09-05 00:00:00-04:00,37.900001525878906,38.650001525878906,37.61000061035156,38.38999938964844,36.99124526977539,388200,0.0,0.0,FIX
2019-09-06 00:00:00-04:00,38.400001525878906,38.68000030517578,37.93000030517578,37.97999954223633,36.596187591552734,214600,0.0,0.0,FIX
2019-09-09 00:00:00-04:00,38.16999816894531,39.63999938964844,37.79999923706055,39.36000061035156,37.925899505615234,521700,0.0,0.0,FIX
2019-09-10 00:00:00-04:00,39.439998626708984,41.04999923706055,39.2400016784668,41.029998779296875,39.53505325317383,406500,0.0,0.0,FIX
2019-09-11 00:00:00-04:00,41.369998931884766,41.88999938964844,40.81999969482422,41.869998931884766,40.34443283081055,397800,0.0,0.0,FIX
2019-09-12 00:00:00-04:00,41.7599983215332,41.7599983215332,40.400001525878906,40.40999984741211,38.93763732910156,319200,0.0,0.0,FIX
2019-09-13 00:00:00-04:00,40.959999084472656,42.349998474121094,40.849998474121094,42.31999969482422,40.778038024902344,441500,0.0,0.0,FIX
2019-09-16 00:00:00-04:00,42.06999969482422,43.0099983215332,41.9900016784668,42.900001525878906,41.336910247802734,385400,0.0,0.0,FIX
2019-09-17 00:00:00-04:00,42.52000045776367,42.720001220703125,42.13999938964844,42.59000015258789,41.038204193115234,318500,0.0,0.0,FIX
2019-09-18 00:00:00-04:00,42.47999954223633,42.72999954223633,42.06999969482422,42.5099983215332,40.96111297607422,394200,0.0,0.0,FIX
2019-09-19 00:00:00-04:00,42.52000045776367,43.349998474121094,42.52000045776367,43.04999923706055,41.4814453125,520600,0.0,0.0,FIX
2019-09-20 00:00:00-04:00,43.599998474121094,43.599998474121094,42.45000076293945,42.630001068115234,41.07674789428711,799000,0.0,0.0,FIX
2019-09-23 00:00:00-04:00,42.220001220703125,42.95000076293945,41.70000076293945,42.93000030517578,41.365821838378906,365100,0.0,0.0,FIX
2019-09-24 00:00:00-04:00,42.90999984741211,43.689998626708984,42.90999984741211,43.150001525878906,41.57780838012695,625000,0.0,0.0,FIX
2019-09-25 00:00:00-04:00,43.040000915527344,43.72999954223633,43.02000045776367,43.650001525878906,42.05958938598633,293000,0.0,0.0,FIX
2019-09-26 00:00:00-04:00,43.65999984741211,44.20000076293945,43.349998474121094,44.02000045776367,42.416107177734375,269800,0.0,0.0,FIX
2019-09-27 00:00:00-04:00,44.13999938964844,44.459999084472656,43.880001068115234,44.16999816894531,42.56062698364258,365300,0.0,0.0,FIX
2019-09-30 00:00:00-04:00,44.310001373291016,44.619998931884766,43.959999084472656,44.22999954223633,42.61845016479492,504400,0.0,0.0,FIX
2019-10-01 00:00:00-04:00,44.400001525878906,45.15999984741211,43.45000076293945,43.4900016784668,41.90542221069336,546200,0.0,0.0,FIX
2019-10-02 00:00:00-04:00,43.459999084472656,43.560001373291016,42.560001373291016,42.869998931884766,41.308006286621094,364000,0.0,0.0,FIX
2019-10-03 00:00:00-04:00,42.56999969482422,43.15999984741211,42.38999938964844,43.13999938964844,41.568172454833984,391300,0.0,0.0,FIX
2019-10-04 00:00:00-04:00,43.220001220703125,43.290000915527344,42.54999923706055,43.18000030517578,41.60672378540039,286800,0.0,0.0,FIX
2019-10-07 00:00:00-04:00,43.119998931884766,43.25,42.599998474121094,42.630001068115234,41.07674789428711,375200,0.0,0.0,FIX
2019-10-08 00:00:00-04:00,42.33000183105469,42.33000183105469,41.40999984741211,41.7400016784668,40.21917724609375,439800,0.0,0.0,FIX
2019-10-09 00:00:00-04:00,41.959999084472656,42.04999923706055,41.31999969482422,41.81999969482422,40.296260833740234,347300,0.0,0.0,FIX
2019-10-10 00:00:00-04:00,41.970001220703125,43.0099983215332,41.970001220703125,42.88999938964844,41.32728576660156,290800,0.0,0.0,FIX
2019-10-11 00:00:00-04:00,43.5,44.70000076293945,43.47999954223633,43.4900016784668,41.90542221069336,336900,0.0,0.0,FIX
2019-10-14 00:00:00-04:00,43.290000915527344,43.310001373291016,42.7400016784668,43.04999923706055,41.4814453125,262100,0.0,0.0,FIX
2019-10-15 00:00:00-04:00,43.2599983215332,43.77000045776367,42.720001220703125,43.31999969482422,41.74161148071289,315100,0.0,0.0,FIX
2019-10-16 00:00:00-04:00,43.25,43.77000045776367,43.0,43.310001373291016,41.731971740722656,267100,0.0,0.0,FIX
2019-10-17 00:00:00-04:00,43.5099983215332,44.47999954223633,43.380001068115234,44.16999816894531,42.56062698364258,395900,0.0,0.0,FIX
2019-10-18 00:00:00-04:00,43.91999816894531,45.2400016784668,43.91999816894531,45.150001525878906,43.50493621826172,477700,0.0,0.0,FIX
2019-10-21 00:00:00-04:00,45.540000915527344,45.91999816894531,45.36000061035156,45.41999816894531,43.76509094238281,246100,0.0,0.0,FIX
2019-10-22 00:00:00-04:00,45.380001068115234,46.18000030517578,44.79999923706055,46.11000061035156,44.429969787597656,273100,0.0,0.0,FIX
2019-10-23 00:00:00-04:00,46.099998474121094,46.88999938964844,45.90999984741211,46.849998474121094,45.14299774169922,251900,0.0,0.0,FIX
2019-10-24 00:00:00-04:00,46.83000183105469,47.66999816894531,46.459999084472656,47.08000183105469,45.36461639404297,481700,0.0,0.0,FIX
2019-10-25 00:00:00-04:00,48.709999084472656,53.290000915527344,48.709999084472656,51.56999969482422,49.69102478027344,786500,0.0,0.0,FIX
2019-10-28 00:00:00-04:00,52.0,52.41999816894531,50.790000915527344,50.790000915527344,48.9394416809082,492100,0.0,0.0,FIX
2019-10-29 00:00:00-04:00,51.029998779296875,51.869998931884766,50.79999923706055,51.52000045776367,49.64284896850586,499600,0.0,0.0,FIX
2019-10-30 00:00:00-04:00,51.459999084472656,51.70000076293945,50.220001220703125,50.9900016784668,49.13215255737305,231200,0.0,0.0,FIX
2019-10-31 00:00:00-04:00,50.779998779296875,51.0,49.790000915527344,50.40999984741211,48.573280334472656,316700,0.0,0.0,FIX
2019-11-01 00:00:00-04:00,50.56999969482422,51.7599983215332,50.439998626708984,51.68000030517578,49.79701232910156,266400,0.0,0.0,FIX
2019-11-04 00:00:00-05:00,52.0,52.56999969482422,50.83000183105469,52.29999923706055,50.3944206237793,338700,0.0,0.0,FIX
2019-11-05 00:00:00-05:00,52.540000915527344,52.849998474121094,51.29999923706055,51.31999969482422,49.45013427734375,241300,0.0,0.0,FIX
2019-11-06 00:00:00-05:00,51.33000183105469,51.34000015258789,50.5099983215332,50.97999954223633,49.12250518798828,193000,0.0,0.0,FIX
2019-11-07 00:00:00-05:00,51.380001068115234,51.86000061035156,50.86000061035156,51.029998779296875,49.267333984375,196400,0.1,0.0,FIX
2019-11-08 00:00:00-05:00,50.810001373291016,51.18000030517578,50.540000915527344,50.88999938964844,49.132164001464844,138700,0.0,0.0,FIX
2019-11-11 00:00:00-05:00,50.540000915527344,51.09000015258789,50.290000915527344,51.08000183105469,49.31560516357422,168500,0.0,0.0,FIX
2019-11-12 00:00:00-05:00,51.0099983215332,51.470001220703125,50.25,50.349998474121094,48.61081314086914,162400,0.0,0.0,FIX
2019-11-13 00:00:00-05:00,49.939998626708984,50.380001068115234,49.650001525878906,50.209999084472656,48.47565460205078,242700,0.0,0.0,FIX
2019-11-14 00:00:00-05:00,50.150001525878906,51.130001068115234,50.150001525878906,50.59000015258789,48.842525482177734,360000,0.0,0.0,FIX
2019-11-15 00:00:00-05:00,51.02000045776367,51.189998626708984,50.41999816894531,50.560001373291016,48.813560485839844,127300,0.0,0.0,FIX
2019-11-18 00:00:00-05:00,50.20000076293945,50.869998931884766,49.81999969482422,50.5099983215332,48.765281677246094,152600,0.0,0.0,FIX
2019-11-19 00:00:00-05:00,50.63999938964844,51.189998626708984,50.369998931884766,50.400001525878906,48.659095764160156,248000,0.0,0.0,FIX
2019-11-20 00:00:00-05:00,50.90999984741211,51.61000061035156,50.38999938964844,51.09000015258789,49.32526397705078,285500,0.0,0.0,FIX
2019-11-21 00:00:00-05:00,51.15999984741211,51.689998626708984,49.5099983215332,50.04999923706055,48.32117462158203,201700,0.0,0.0,FIX
2019-11-22 00:00:00-05:00,50.220001220703125,50.560001373291016,49.880001068115234,50.400001525878906,48.659095764160156,116900,0.0,0.0,FIX
2019-11-25 00:00:00-05:00,50.540000915527344,51.93000030517578,50.2599983215332,51.33000183105469,49.55697250366211,198500,0.0,0.0,FIX
2019-11-26 00:00:00-05:00,51.34000015258789,51.849998474121094,50.86000061035156,51.0,49.23836135864258,194800,0.0,0.0,FIX
2019-11-27 00:00:00-05:00,51.09000015258789,51.61000061035156,50.65999984741211,51.220001220703125,49.45077133178711,140000,0.0,0.0,FIX
2019-11-29 00:00:00-05:00,50.970001220703125,51.599998474121094,50.380001068115234,51.099998474121094,49.33490753173828,122600,0.0,0.0,FIX
2019-12-02 00:00:00-05:00,51.130001068115234,51.54999923706055,50.0099983215332,50.36000061035156,48.6204719543457,184400,0.0,0.0,FIX
2019-12-03 00:00:00-05:00,49.7400016784668,49.79999923706055,49.0099983215332,49.5099983215332,47.799835205078125,170600,0.0,0.0,FIX
2019-12-04 00:00:00-05:00,49.83000183105469,50.41999816894531,49.29999923706055,49.31999969482422,47.61640167236328,317800,0.0,0.0,FIX
2019-12-05 00:00:00-05:00,49.810001373291016,49.939998626708984,49.209999084472656,49.349998474121094,47.64536666870117,332900,0.0,0.0,FIX
2019-12-06 00:00:00-05:00,49.959999084472656,50.36000061035156,49.58000183105469,49.650001525878906,47.93499755859375,253400,0.0,0.0,FIX
2019-12-09 00:00:00-05:00,49.279998779296875,49.849998474121094,49.040000915527344,49.56999969482422,47.857757568359375,259600,0.0,0.0,FIX
2019-12-10 00:00:00-05:00,49.54999923706055,49.58000183105469,48.72999954223633,48.88999938964844,47.20124816894531,246900,0.0,0.0,FIX
2019-12-11 00:00:00-05:00,48.779998779296875,49.220001220703125,48.689998626708984,48.77000045776367,47.08539962768555,139800,0.0,0.0,FIX
2019-12-12 00:00:00-05:00,49.22999954223633,50.439998626708984,48.97999954223633,49.83000183105469,48.108787536621094,206100,0.0,0.0,FIX
2019-12-13 00:00:00-05:00,49.75,50.029998779296875,49.5,49.630001068115234,47.91569519042969,261600,0.0,0.0,FIX
2019-12-16 00:00:00-05:00,50.0099983215332,50.599998474121094,50.0099983215332,50.060001373291016,48.33083724975586,242900,0.0,0.0,FIX
2019-12-17 00:00:00-05:00,49.9900016784668,50.68000030517578,49.81999969482422,50.63999938964844,48.890804290771484,218900,0.0,0.0,FIX
2019-12-18 00:00:00-05:00,50.61000061035156,50.650001525878906,49.790000915527344,49.880001068115234,48.15705490112305,365900,0.0,0.0,FIX
2019-12-19 00:00:00-05:00,49.75,50.33000183105469,49.47999954223633,49.97999954223633,48.253597259521484,150800,0.0,0.0,FIX
2019-12-20 00:00:00-05:00,50.099998474121094,50.5099983215332,49.86000061035156,50.290000915527344,48.55289077758789,507000,0.0,0.0,FIX
2019-12-23 00:00:00-05:00,50.29999923706055,51.56999969482422,50.29999923706055,51.08000183105469,49.31560516357422,213500,0.0,0.0,FIX
2019-12-24 00:00:00-05:00,51.060001373291016,51.08000183105469,50.720001220703125,50.95000076293945,49.190093994140625,91000,0.0,0.0,FIX
2019-12-26 00:00:00-05:00,50.959999084472656,51.0099983215332,50.4900016784668,50.9900016784668,49.22871780395508,185800,0.0,0.0,FIX
2019-12-27 00:00:00-05:00,51.060001373291016,51.2400016784668,50.04999923706055,50.130001068115234,48.39841842651367,199500,0.0,0.0,FIX
2019-12-30 00:00:00-05:00,50.119998931884766,50.4900016784668,49.81999969482422,50.06999969482422,48.340492248535156,181100,0.0,0.0,FIX
2019-12-31 00:00:00-05:00,49.88999938964844,50.40999984741211,49.61000061035156,49.849998474121094,48.12808609008789,242700,0.0,0.0,FIX
2020-01-02 00:00:00-05:00,50.18000030517578,50.349998474121094,48.900001525878906,49.220001220703125,47.519859313964844,170900,0.0,0.0,FIX
2020-01-03 00:00:00-05:00,48.540000915527344,49.20000076293945,48.540000915527344,49.18000030517578,47.481231689453125,201400,0.0,0.0,FIX
2020-01-06 00:00:00-05:00,48.70000076293945,49.849998474121094,48.630001068115234,49.400001525878906,47.69363784790039,200100,0.0,0.0,FIX
2020-01-07 00:00:00-05:00,49.56999969482422,49.56999969482422,48.72999954223633,48.90999984741211,47.220550537109375,141900,0.0,0.0,FIX
2020-01-08 00:00:00-05:00,48.849998474121094,49.22999954223633,48.560001373291016,48.720001220703125,47.03712463378906,146000,0.0,0.0,FIX
2020-01-09 00:00:00-05:00,48.869998931884766,49.13999938964844,48.29999923706055,48.369998931884766,46.69921112060547,178300,0.0,0.0,FIX
2020-01-10 00:00:00-05:00,48.31999969482422,48.91999816894531,48.15999984741211,48.209999084472656,46.54473876953125,321300,0.0,0.0,FIX
2020-01-13 00:00:00-05:00,48.290000915527344,48.83000183105469,47.77000045776367,48.650001525878906,46.96954345703125,205700,0.0,0.0,FIX
2020-01-14 00:00:00-05:00,48.619998931884766,49.4900016784668,48.56999969482422,48.810001373291016,47.12400436401367,243100,0.0,0.0,FIX
2020-01-15 00:00:00-05:00,48.54999923706055,48.900001525878906,48.34000015258789,48.790000915527344,47.10470962524414,152800,0.0,0.0,FIX
2020-01-16 00:00:00-05:00,49.20000076293945,49.91999816894531,49.11000061035156,49.709999084472656,47.99292755126953,173900,0.0,0.0,FIX
2020-01-17 00:00:00-05:00,49.79999923706055,49.90999984741211,49.11000061035156,49.459999084472656,47.75155258178711,136100,0.0,0.0,FIX
2020-01-21 00:00:00-05:00,49.290000915527344,49.70000076293945,49.099998474121094,49.619998931884766,47.90604019165039,147900,0.0,0.0,FIX
2020-01-22 00:00:00-05:00,49.7599983215332,50.27000045776367,49.59000015258789,49.970001220703125,48.24394226074219,186300,0.0,0.0,FIX
2020-01-23 00:00:00-05:00,49.84000015258789,50.33000183105469,49.220001220703125,50.25,48.5142707824707,198900,0.0,0.0,FIX
2020-01-24 00:00:00-05:00,50.15999984741211,50.15999984741211,49.22999954223633,49.40999984741211,47.703285217285156,139800,0.0,0.0,FIX
2020-01-27 00:00:00-05:00,48.65999984741211,49.130001068115234,48.439998626708984,48.7599983215332,47.075740814208984,218200,0.0,0.0,FIX
2020-01-28 00:00:00-05:00,48.97999954223633,49.27000045776367,48.59000015258789,49.0,47.30746078491211,118700,0.0,0.0,FIX
2020-01-29 00:00:00-05:00,49.040000915527344,49.119998931884766,47.88999938964844,48.04999923706055,46.39026641845703,130000,0.0,0.0,FIX
2020-01-30 00:00:00-05:00,47.52000045776367,48.150001525878906,47.40999984741211,47.90999984741211,46.25510025024414,160300,0.0,0.0,FIX
2020-01-31 00:00:00-05:00,47.59000015258789,47.83000183105469,46.040000915527344,46.400001525878906,44.797264099121094,264400,0.0,0.0,FIX
2020-02-03 00:00:00-05:00,46.65999984741211,47.529998779296875,46.56999969482422,46.970001220703125,45.347572326660156,311200,0.0,0.0,FIX
2020-02-04 00:00:00-05:00,47.540000915527344,47.93000030517578,47.209999084472656,47.2400016784668,45.608238220214844,164500,0.0,0.0,FIX
2020-02-05 00:00:00-05:00,47.83000183105469,49.25,47.75,49.15999984741211,47.46192932128906,162900,0.0,0.0,FIX
2020-02-06 00:00:00-05:00,49.15999984741211,49.439998626708984,48.68000030517578,49.11000061035156,47.41365432739258,189100,0.0,0.0,FIX
2020-02-07 00:00:00-05:00,48.86000061035156,48.86000061035156,47.66999816894531,47.720001220703125,46.0716667175293,120000,0.0,0.0,FIX
2020-02-10 00:00:00-05:00,47.650001525878906,48.61000061035156,47.400001525878906,48.61000061035156,46.93092727661133,235200,0.0,0.0,FIX
2020-02-11 00:00:00-05:00,49.099998474121094,50.34000015258789,49.08000183105469,49.31999969482422,47.61640167236328,198800,0.0,0.0,FIX
2020-02-12 00:00:00-05:00,49.720001220703125,49.869998931884766,49.130001068115234,49.61000061035156,47.89639663696289,188300,0.0,0.0,FIX
2020-02-13 00:00:00-05:00,49.290000915527344,50.2400016784668,49.13999938964844,50.099998474121094,48.36946105957031,136400,0.0,0.0,FIX
2020-02-14 00:00:00-05:00,50.099998474121094,50.25,49.02000045776367,49.150001525878906,47.452274322509766,256700,0.0,0.0,FIX
2020-02-18 00:00:00-05:00,49.029998779296875,49.04999923706055,48.279998779296875,48.439998626708984,46.76679611206055,153000,0.0,0.0,FIX
2020-02-19 00:00:00-05:00,48.63999938964844,48.88999938964844,48.189998626708984,48.34000015258789,46.67024612426758,234900,0.0,0.0,FIX
2020-02-20 00:00:00-05:00,48.06999969482422,49.18000030517578,48.02000045776367,49.08000183105469,47.38469314575195,244400,0.0,0.0,FIX
2020-02-21 00:00:00-05:00,48.849998474121094,49.290000915527344,48.209999084472656,48.849998474121094,47.162628173828125,227200,0.0,0.0,FIX
2020-02-24 00:00:00-05:00,47.29999923706055,48.099998474121094,46.79999923706055,48.0099983215332,46.35165786743164,202900,0.0,0.0,FIX
2020-02-25 00:00:00-05:00,48.06999969482422,48.06999969482422,45.599998474121094,46.130001068115234,44.53659439086914,363100,0.0,0.0,FIX
2020-02-26 00:00:00-05:00,46.29999923706055,46.970001220703125,45.040000915527344,45.45000076293945,43.88007736206055,192400,0.0,0.0,FIX
2020-02-27 00:00:00-05:00,45.63999938964844,46.90999984741211,43.22999954223633,43.27000045776367,41.7753791809082,447400,0.0,0.0,FIX
2020-02-28 00:00:00-05:00,41.91999816894531,43.099998474121094,41.54999923706055,42.220001220703125,40.761653900146484,292300,0.0,0.0,FIX
2020-03-02 00:00:00-05:00,42.18000030517578,43.27000045776367,41.4900016784668,43.16999816894531,41.67882537841797,192700,0.0,0.0,FIX
2020-03-03 00:00:00-05:00,43.119998931884766,44.880001068115234,42.5099983215332,43.41999816894531,41.920188903808594,277700,0.0,0.0,FIX
2020-03-04 00:00:00-05:00,44.290000915527344,44.41999816894531,43.31999969482422,44.25,42.72153091430664,244200,0.0,0.0,FIX
2020-03-05 00:00:00-05:00,42.81999969482422,43.689998626708984,41.7400016784668,42.2400016784668,40.78095626831055,238200,0.0,0.0,FIX
2020-03-06 00:00:00-05:00,40.650001525878906,42.400001525878906,40.650001525878906,42.15999984741211,40.805145263671875,268200,0.105,0.0,FIX
2020-03-09 00:00:00-04:00,38.869998931884766,40.7400016784668,38.349998474121094,39.31999969482422,38.0564079284668,431100,0.0,0.0,FIX
2020-03-10 00:00:00-04:00,40.720001220703125,41.08000183105469,38.34000015258789,40.790000915527344,39.47918701171875,749900,0.0,0.0,FIX
2020-03-11 00:00:00-04:00,39.5,41.43000030517578,39.27000045776367,40.720001220703125,39.41142654418945,511900,0.0,0.0,FIX
2020-03-12 00:00:00-04:00,37.56999969482422,38.90999984741211,33.86000061035156,33.88999938964844,32.800926208496094,445500,0.0,0.0,FIX
2020-03-13 00:00:00-04:00,35.63999938964844,37.86000061035156,34.43000030517578,37.86000061035156,36.64333724975586,340100,0.0,0.0,FIX
2020-03-16 00:00:00-04:00,33.0,34.650001525878906,30.8700008392334,31.459999084472656,30.449003219604492,387400,0.0,0.0,FIX
2020-03-17 00:00:00-04:00,32.02000045776367,36.040000915527344,30.100000381469727,36.029998779296875,34.87214279174805,602100,0.0,0.0,FIX
2020-03-18 00:00:00-04:00,33.59000015258789,35.560001373291016,31.969999313354492,33.529998779296875,32.45248794555664,497100,0.0,0.0,FIX
2020-03-19 00:00:00-04:00,33.11000061035156,36.459999084472656,29.760000228881836,33.029998779296875,31.968549728393555,512400,0.0,0.0,FIX
2020-03-20 00:00:00-04:00,33.16999816894531,34.4900016784668,32.25,32.75,31.697553634643555,492000,0.0,0.0,FIX
2020-03-23 00:00:00-04:00,33.119998931884766,33.720001220703125,29.43000030517578,29.950000762939453,28.987531661987305,413400,0.0,0.0,FIX
2020-03-24 00:00:00-04:00,31.5,34.439998626708984,31.5,33.709999084472656,32.62670135498047,291100,0.0,0.0,FIX
2020-03-25 00:00:00-04:00,33.459999084472656,36.529998779296875,32.68000030517578,33.040000915527344,31.978235244750977,409900,0.0,0.0,FIX
2020-03-26 00:00:00-04:00,33.81999969482422,37.189998626708984,33.41999816894531,36.790000915527344,35.607723236083984,307700,0.0,0.0,FIX
2020-03-27 00:00:00-04:00,35.34000015258789,35.5,32.470001220703125,32.939998626708984,31.88144874572754,326300,0.0,0.0,FIX
2020-03-30 00:00:00-04:00,32.97999954223633,35.72999954223633,32.29999923706055,35.38999938964844,34.252708435058594,383300,0.0,0.0,FIX
2020-03-31 00:00:00-04:00,35.22999954223633,36.54999923706055,34.290000915527344,36.54999923706055,35.37542724609375,430900,0.0,0.0,FIX
2020-04-01 00:00:00-04:00,34.72999954223633,35.959999084472656,33.90999984741211,34.75,33.63328170776367,338000,0.0,0.0,FIX
2020-04-02 00:00:00-04:00,34.470001220703125,36.54999923706055,33.849998474121094,34.29999923706055,33.19774627685547,348200,0.0,0.0,FIX
2020-04-03 00:00:00-04:00,34.0,34.29999923706055,30.579999923706055,31.329999923706055,30.323184967041016,384900,0.0,0.0,FIX
2020-04-06 00:00:00-04:00,32.47999954223633,34.630001068115234,31.920000076293945,32.970001220703125,31.910484313964844,326900,0.0,0.0,FIX
2020-04-07 00:00:00-04:00,33.61000061035156,34.4900016784668,32.16999816894531,33.34000015258789,32.268592834472656,425400,0.0,0.0,FIX
2020-04-08 00:00:00-04:00,34.0,35.2400016784668,33.33000183105469,34.810001373291016,33.69135284423828,319100,0.0,0.0,FIX
2020-04-09 00:00:00-04:00,35.849998474121094,37.970001220703125,34.93000030517578,37.83000183105469,36.614288330078125,260200,0.0,0.0,FIX
2020-04-13 00:00:00-04:00,37.369998931884766,37.369998931884766,36.189998626708984,36.68000030517578,35.50125503540039,193300,0.0,0.0,FIX
2020-04-14 00:00:00-04:00,37.779998779296875,38.150001525878906,36.54999923706055,36.959999084472656,35.772254943847656,252800,0.0,0.0,FIX
2020-04-15 00:00:00-04:00,35.47999954223633,36.20000076293945,32.81999969482422,33.040000915527344,31.978235244750977,270600,0.0,0.0,FIX
2020-04-16 00:00:00-04:00,32.849998474121094,33.380001068115234,31.280000686645508,31.530000686645508,30.516752243041992,388600,0.0,0.0,FIX
2020-04-17 00:00:00-04:00,32.90999984741211,34.290000915527344,32.310001373291016,33.529998779296875,32.45248794555664,476900,0.0,0.0,FIX
2020-04-20 00:00:00-04:00,31.59000015258789,31.729999542236328,30.610000610351562,30.84000015258789,29.84893035888672,474300,0.0,0.0,FIX
2020-04-21 00:00:00-04:00,30.010000228881836,30.610000610351562,29.1299991607666,29.469999313354492,28.522958755493164,395300,0.0,0.0,FIX
2020-04-22 00:00:00-04:00,30.190000534057617,30.6299991607666,29.610000610351562,30.170000076293945,29.200458526611328,398100,0.0,0.0,FIX
2020-04-23 00:00:00-04:00,30.260000228881836,31.65999984741211,29.700000762939453,29.969999313354492,29.006887435913086,452100,0.0,0.0,FIX
2020-04-24 00:00:00-04:00,30.1200008392334,31.299999237060547,29.0,31.06999969482422,30.071537017822266,347400,0.0,0.0,FIX
2020-04-27 00:00:00-04:00,31.540000915527344,33.34000015258789,30.860000610351562,33.20000076293945,32.13309097290039,470200,0.0,0.0,FIX
2020-04-28 00:00:00-04:00,35.88999938964844,36.599998474121094,34.66999816894531,35.4900016784668,34.34950637817383,829900,0.0,0.0,FIX
2020-04-29 00:00:00-04:00,34.9900016784668,36.54999923706055,33.40999984741211,35.849998474121094,34.69792556762695,580100,0.0,0.0,FIX
2020-04-30 00:00:00-04:00,34.9900016784668,35.220001220703125,33.279998779296875,33.29999923706055,32.22987365722656,397200,0.0,0.0,FIX
2020-05-01 00:00:00-04:00,32.41999816894531,32.599998474121094,31.389999389648438,32.599998474121094,31.552371978759766,352000,0.0,0.0,FIX
2020-05-04 00:00:00-04:00,32.43000030517578,32.43000030517578,31.229999542236328,31.75,30.72968864440918,526200,0.0,0.0,FIX
2020-05-05 00:00:00-04:00,32.65999984741211,34.16999816894531,32.529998779296875,33.36000061035156,32.28794860839844,319000,0.0,0.0,FIX
2020-05-06 00:00:00-04:00,34.02000045776367,34.41999816894531,32.310001373291016,32.459999084472656,31.4168643951416,178600,0.0,0.0,FIX
2020-05-07 00:00:00-04:00,32.849998474121094,33.349998474121094,32.52000045776367,32.61000061035156,31.56205940246582,141400,0.0,0.0,FIX
2020-05-08 00:00:00-04:00,33.349998474121094,33.68000030517578,32.939998626708984,33.189998626708984,32.1234016418457,266700,0.0,0.0,FIX
2020-05-11 00:00:00-04:00,32.79999923706055,33.119998931884766,32.0,32.54999923706055,31.503978729248047,260300,0.0,0.0,FIX
2020-05-12 00:00:00-04:00,32.54999923706055,32.720001220703125,30.649999618530273,30.670000076293945,29.684396743774414,211400,0.0,0.0,FIX
2020-05-13 00:00:00-04:00,30.31999969482422,30.31999969482422,28.739999771118164,29.65999984741211,28.70685386657715,273700,0.0,0.0,FIX
2020-05-14 00:00:00-04:00,28.829999923706055,29.770000457763672,27.540000915527344,29.75,28.896255493164062,310300,0.105,0.0,FIX
2020-05-15 00:00:00-04:00,29.610000610351562,30.81999969482422,29.170000076293945,30.610000610351562,29.73158073425293,316300,0.0,0.0,FIX
2020-05-18 00:00:00-04:00,32.08000183105469,34.58000183105469,30.950000762939453,34.41999816894531,33.43223571777344,433200,0.0,0.0,FIX
2020-05-19 00:00:00-04:00,34.0099983215332,34.279998779296875,32.540000915527344,32.560001373291016,31.6256103515625,182000,0.0,0.0,FIX
2020-05-20 00:00:00-04:00,33.41999816894531,33.939998626708984,32.970001220703125,33.90999984741211,32.936885833740234,219600,0.0,0.0,FIX
2020-05-21 00:00:00-04:00,33.970001220703125,34.380001068115234,33.70000076293945,33.81999969482422,32.849456787109375,136900,0.0,0.0,FIX
2020-05-22 00:00:00-04:00,33.95000076293945,34.27000045776367,33.4900016784668,33.79999923706055,32.83003234863281,167200,0.0,0.0,FIX
2020-05-26 00:00:00-04:00,35.540000915527344,37.13999938964844,35.380001068115234,37.0099983215332,35.94791030883789,463700,0.0,0.0,FIX
2020-05-27 00:00:00-04:00,38.02000045776367,40.06999969482422,37.630001068115234,40.0,38.852108001708984,453500,0.0,0.0,FIX
2020-05-28 00:00:00-04:00,40.4900016784668,40.4900016784668,37.83000183105469,37.9900016784668,36.8997917175293,417600,0.0,0.0,FIX
2020-05-29 00:00:00-04:00,37.16999816894531,37.650001525878906,36.75,37.0,35.93818664550781,423800,0.0,0.0,FIX
2020-06-01 00:00:00-04:00,37.290000915527344,38.5,37.290000915527344,38.04999923706055,36.958065032958984,302000,0.0,0.0,FIX
2020-06-02 00:00:00-04:00,38.77000045776367,39.86000061035156,38.41999816894531,38.91999816894531,37.803096771240234,280100,0.0,0.0,FIX
2020-06-03 00:00:00-04:00,39.9900016784668,41.63999938964844,39.959999084472656,40.7400016784668,39.570865631103516,270000,0.0,0.0,FIX
2020-06-04 00:00:00-04:00,40.29999923706055,41.119998931884766,39.849998474121094,41.06999969482422,39.89140701293945,261500,0.0,0.0,FIX
2020-06-05 00:00:00-04:00,42.93000030517578,43.18000030517578,42.119998931884766,42.47999954223633,41.26094055175781,250100,0.0,0.0,FIX
2020-06-08 00:00:00-04:00,43.20000076293945,43.619998931884766,42.439998626708984,42.7400016784668,41.51347351074219,163600,0.0,0.0,FIX
2020-06-09 00:00:00-04:00,41.529998779296875,42.70000076293945,40.0099983215332,41.779998779296875,40.581024169921875,172300,0.0,0.0,FIX
2020-06-10 00:00:00-04:00,41.5099983215332,41.5099983215332,39.900001525878906,40.08000183105469,38.929805755615234,164700,0.0,0.0,FIX
2020-06-11 00:00:00-04:00,37.880001068115234,38.5,36.79999923706055,36.83000183105469,35.773075103759766,277100,0.0,0.0,FIX
2020-06-12 00:00:00-04:00,38.709999084472656,39.130001068115234,36.93000030517578,37.72999954223633,36.64725112915039,309800,0.0,0.0,FIX
2020-06-15 00:00:00-04:00,36.83000183105469,39.599998474121094,36.83000183105469,39.16999816894531,38.04592514038086,201000,0.0,0.0,FIX
2020-06-16 00:00:00-04:00,41.119998931884766,41.220001220703125,39.58000183105469,40.22999954223633,39.07551193237305,159500,0.0,0.0,FIX
2020-06-17 00:00:00-04:00,40.13999938964844,40.43000030517578,39.09000015258789,39.15999984741211,38.03622055053711,123300,0.0,0.0,FIX
2020-06-18 00:00:00-04:00,38.59000015258789,39.25,38.22999954223633,38.560001373291016,37.45343780517578,210900,0.0,0.0,FIX
2020-06-19 00:00:00-04:00,38.9900016784668,39.130001068115234,37.93000030517578,38.25,37.1523323059082,350000,0.0,0.0,FIX
2020-06-22 00:00:00-04:00,37.84000015258789,38.959999084472656,37.25,38.86000061035156,37.74482345581055,142600,0.0,0.0,FIX
2020-06-23 00:00:00-04:00,39.5099983215332,39.540000915527344,38.70000076293945,39.13999938964844,38.016780853271484,237700,0.0,0.0,FIX
2020-06-24 00:00:00-04:00,38.33000183105469,38.709999084472656,37.25,37.439998626708984,36.36558532714844,139500,0.0,0.0,FIX
2020-06-25 00:00:00-04:00,37.11000061035156,38.06999969482422,37.04999923706055,38.02000045776367,36.928932189941406,201100,0.0,0.0,FIX
2020-06-26 00:00:00-04:00,37.4900016784668,38.529998779296875,37.33000183105469,38.15999984741211,37.06491470336914,734900,0.0,0.0,FIX
2020-06-29 00:00:00-04:00,39.04999923706055,40.369998931884766,38.29999923706055,40.02000045776367,38.87153244018555,316800,0.0,0.0,FIX
2020-06-30 00:00:00-04:00,39.52000045776367,40.779998779296875,39.52000045776367,40.75,39.58058547973633,282600,0.0,0.0,FIX
2020-07-01 00:00:00-04:00,40.75,41.02000045776367,39.650001525878906,39.70000076293945,38.56071853637695,202900,0.0,0.0,FIX
2020-07-02 00:00:00-04:00,40.83000183105469,41.18000030517578,39.86000061035156,40.0099983215332,38.86180877685547,180900,0.0,0.0,FIX
2020-07-06 00:00:00-04:00,41.06999969482422,41.119998931884766,40.0,40.79999923706055,39.629150390625,245000,0.0,0.0,FIX
2020-07-07 00:00:00-04:00,40.279998779296875,40.33000183105469,39.13999938964844,39.38999938964844,38.25960922241211,263600,0.0,0.0,FIX
2020-07-08 00:00:00-04:00,39.150001525878906,40.040000915527344,38.400001525878906,39.08000183105469,37.95850372314453,166200,0.0,0.0,FIX
2020-07-09 00:00:00-04:00,38.86000061035156,38.959999084472656,37.369998931884766,37.75,36.66667175292969,241600,0.0,0.0,FIX
2020-07-10 00:00:00-04:00,37.70000076293945,39.08000183105469,37.70000076293945,38.880001068115234,37.764251708984375,125300,0.0,0.0,FIX
2020-07-13 00:00:00-04:00,39.529998779296875,39.91999816894531,38.79999923706055,38.97999954223633,37.86137771606445,185700,0.0,0.0,FIX
2020-07-14 00:00:00-04:00,39.09000015258789,40.650001525878906,38.86000061035156,40.560001373291016,39.39604187011719,241200,0.0,0.0,FIX
2020-07-15 00:00:00-04:00,41.59000015258789,42.77000045776367,41.59000015258789,42.439998626708984,41.22208786010742,227100,0.0,0.0,FIX
2020-07-16 00:00:00-04:00,42.439998626708984,42.91999816894531,41.709999084472656,42.0099983215332,40.80442810058594,182100,0.0,0.0,FIX
2020-07-17 00:00:00-04:00,42.029998779296875,42.779998779296875,41.7400016784668,41.88999938964844,40.687862396240234,160300,0.0,0.0,FIX
2020-07-20 00:00:00-04:00,41.29999923706055,41.650001525878906,40.31999969482422,40.77000045776367,39.60000228881836,143400,0.0,0.0,FIX
2020-07-21 00:00:00-04:00,41.34000015258789,42.119998931884766,41.16999816894531,41.560001373291016,40.36732864379883,161200,0.0,0.0,FIX
2020-07-22 00:00:00-04:00,41.22999954223633,42.15999984741211,41.150001525878906,41.88999938964844,40.687862396240234,149900,0.0,0.0,FIX
2020-07-23 00:00:00-04:00,41.970001220703125,42.29999923706055,41.77000045776367,42.02000045776367,40.81413650512695,207500,0.0,0.0,FIX
2020-07-24 00:00:00-04:00,42.02000045776367,42.02000045776367,41.0099983215332,41.08000183105469,39.9011116027832,134400,0.0,0.0,FIX
2020-07-27 00:00:00-04:00,40.880001068115234,43.310001373291016,40.31999969482422,43.0099983215332,41.77572250366211,274200,0.0,0.0,FIX
2020-07-28 00:00:00-04:00,47.63999938964844,52.400001525878906,47.08000183105469,48.0,46.622520446777344,1024000,0.0,0.0,FIX
2020-07-29 00:00:00-04:00,48.59000015258789,49.40999984741211,48.59000015258789,48.79999923706055,47.39957809448242,583300,0.0,0.0,FIX
2020-07-30 00:00:00-04:00,48.029998779296875,49.2599983215332,47.849998474121094,48.93000030517578,47.52583694458008,494100,0.0,0.0,FIX
2020-07-31 00:00:00-04:00,48.56999969482422,49.880001068115234,47.20000076293945,49.709999084472656,48.283451080322266,410500,0.0,0.0,FIX
2020-08-03 00:00:00-04:00,50.0,51.130001068115234,49.630001068115234,50.79999923706055,49.34217071533203,326700,0.0,0.0,FIX
2020-08-04 00:00:00-04:00,50.61000061035156,51.220001220703125,50.029998779296875,50.720001220703125,49.26448059082031,294100,0.0,0.0,FIX
2020-08-05 00:00:00-04:00,51.349998474121094,52.84000015258789,50.2400016784668,51.93000030517578,50.43974304199219,700100,0.0,0.0,FIX
2020-08-06 00:00:00-04:00,51.959999084472656,52.16999816894531,50.90999984741211,51.5,50.02207946777344,328000,0.0,0.0,FIX
2020-08-07 00:00:00-04:00,51.5099983215332,52.529998779296875,51.150001525878906,52.43000030517578,50.9254035949707,342500,0.0,0.0,FIX
2020-08-10 00:00:00-04:00,52.79999923706055,54.689998626708984,52.5099983215332,53.5,51.964691162109375,335200,0.0,0.0,FIX
2020-08-11 00:00:00-04:00,54.310001373291016,55.56999969482422,53.86000061035156,54.29999923706055,52.74174118041992,287000,0.0,0.0,FIX
2020-08-12 00:00:00-04:00,55.029998779296875,55.59000015258789,54.540000915527344,54.880001068115234,53.305091857910156,203600,0.0,0.0,FIX
2020-08-13 00:00:00-04:00,54.2400016784668,55.209999084472656,53.2599983215332,53.27000045776367,51.8404655456543,240100,0.105,0.0,FIX
2020-08-14 00:00:00-04:00,52.75,53.66999816894531,52.290000915527344,53.029998779296875,51.60691833496094,163000,0.0,0.0,FIX
2020-08-17 00:00:00-04:00,55.16999816894531,55.349998474121094,53.79999923706055,55.130001068115234,53.65056610107422,349000,0.0,0.0,FIX
2020-08-18 00:00:00-04:00,55.0,55.0099983215332,53.29999923706055,53.439998626708984,52.00591278076172,311300,0.0,0.0,FIX
2020-08-19 00:00:00-04:00,53.540000915527344,54.02000045776367,52.939998626708984,53.099998474121094,51.67503356933594,253900,0.0,0.0,FIX
2020-08-20 00:00:00-04:00,52.849998474121094,53.7400016784668,52.099998474121094,52.279998779296875,50.877037048339844,225600,0.0,0.0,FIX
2020-08-21 00:00:00-04:00,51.93000030517578,52.709999084472656,51.599998474121094,52.34000015258789,50.935428619384766,269600,0.0,0.0,FIX
2020-08-24 00:00:00-04:00,52.93000030517578,52.9900016784668,51.650001525878906,52.150001525878906,50.75054168701172,243900,0.0,0.0,FIX
2020-08-25 00:00:00-04:00,52.439998626708984,52.63999938964844,51.22999954223633,51.54999923706055,50.1666259765625,237300,0.0,0.0,FIX
2020-08-26 00:00:00-04:00,51.54999923706055,51.79999923706055,51.06999969482422,51.31999969482422,49.94280242919922,241200,0.0,0.0,FIX
2020-08-27 00:00:00-04:00,51.72999954223633,52.09000015258789,50.560001373291016,51.11000061035156,49.738441467285156,248300,0.0,0.0,FIX
2020-08-28 00:00:00-04:00,51.63999938964844,52.08000183105469,50.779998779296875,51.20000076293945,49.82603073120117,174400,0.0,0.0,FIX
2020-08-31 00:00:00-04:00,51.150001525878906,51.54999923706055,50.66999816894531,50.66999816894531,49.310245513916016,211700,0.0,0.0,FIX
2020-09-01 00:00:00-04:00,50.4900016784668,52.790000915527344,50.0,52.470001220703125,51.061954498291016,368400,0.0,0.0,FIX
2020-09-02 00:00:00-04:00,52.619998931884766,53.630001068115234,52.20000076293945,53.47999954223633,52.04484176635742,321400,0.0,0.0,FIX
2020-09-03 00:00:00-04:00,53.439998626708984,53.45000076293945,50.900001525878906,51.810001373291016,50.419647216796875,320400,0.0,0.0,FIX
2020-09-04 00:00:00-04:00,52.619998931884766,53.029998779296875,50.619998931884766,51.29999923706055,49.923343658447266,311700,0.0,0.0,FIX
2020-09-08 00:00:00-04:00,51.25,51.31999969482422,50.11000061035156,50.27000045776367,48.92097854614258,194900,0.0,0.0,FIX
2020-09-09 00:00:00-04:00,50.900001525878906,50.95000076293945,49.189998626708984,49.880001068115234,48.541439056396484,238100,0.0,0.0,FIX
2020-09-10 00:00:00-04:00,50.0,51.060001373291016,49.56999969482422,50.86000061035156,49.495155334472656,318700,0.0,0.0,FIX
2020-09-11 00:00:00-04:00,51.29999923706055,51.4900016784668,50.47999954223633,50.52000045776367,49.164283752441406,141500,0.0,0.0,FIX
2020-09-14 00:00:00-04:00,51.0099983215332,51.790000915527344,50.22999954223633,51.56999969482422,50.18609619140625,195400,0.0,0.0,FIX
2020-09-15 00:00:00-04:00,51.869998931884766,52.13999938964844,50.810001373291016,50.959999084472656,49.592472076416016,134200,0.0,0.0,FIX
2020-09-16 00:00:00-04:00,51.22999954223633,53.09000015258789,51.0,52.54999923706055,51.139801025390625,327300,0.0,0.0,FIX
2020-09-17 00:00:00-04:00,51.709999084472656,52.91999816894531,51.349998474121094,52.36000061035156,50.954898834228516,197100,0.0,0.0,FIX
2020-09-18 00:00:00-04:00,52.599998474121094,53.36000061035156,51.720001220703125,52.65999984741211,51.24684143066406,600600,0.0,0.0,FIX
2020-09-21 00:00:00-04:00,51.220001220703125,51.72999954223633,49.470001220703125,50.13999938964844,48.79448318481445,264100,0.0,0.0,FIX
2020-09-22 00:00:00-04:00,50.38999938964844,51.70000076293945,49.880001068115234,51.470001220703125,50.08878707885742,303800,0.0,0.0,FIX
2020-09-23 00:00:00-04:00,51.349998474121094,52.380001068115234,49.91999816894531,49.93000030517578,48.590110778808594,279100,0.0,0.0,FIX
2020-09-24 00:00:00-04:00,50.16999816894531,51.0,49.54999923706055,50.31999969482422,48.969642639160156,211600,0.0,0.0,FIX
2020-09-25 00:00:00-04:00,49.7599983215332,50.70000076293945,49.7599983215332,50.38999938964844,49.03776168823242,161700,0.0,0.0,FIX
2020-09-28 00:00:00-04:00,51.02000045776367,52.08000183105469,50.97999954223633,51.84000015258789,50.448848724365234,152600,0.0,0.0,FIX
2020-09-29 00:00:00-04:00,51.84000015258789,52.130001068115234,51.20000076293945,51.5099983215332,50.127708435058594,358800,0.0,0.0,FIX
2020-09-30 00:00:00-04:00,51.77000045776367,52.959999084472656,51.20000076293945,51.5099983215332,50.127708435058594,201300,0.0,0.0,FIX
2020-10-01 00:00:00-04:00,51.5,52.2400016784668,51.11000061035156,52.0,50.604557037353516,188100,0.0,0.0,FIX
2020-10-02 00:00:00-04:00,51.2400016784668,52.970001220703125,51.2400016784668,52.59000015258789,51.17872619628906,112900,0.0,0.0,FIX
2020-10-05 00:00:00-04:00,53.0,54.400001525878906,52.869998931884766,54.04999923706055,52.59954833984375,240600,0.0,0.0,FIX
2020-10-06 00:00:00-04:00,54.83000183105469,56.369998931884766,54.56999969482422,55.189998626708984,53.708946228027344,357600,0.0,0.0,FIX
2020-10-07 00:00:00-04:00,55.84000015258789,56.459999084472656,55.380001068115234,56.20000076293945,54.69185256958008,341500,0.0,0.0,FIX
2020-10-08 00:00:00-04:00,56.900001525878906,57.790000915527344,56.650001525878906,57.619998931884766,56.073734283447266,210200,0.0,0.0,FIX
2020-10-09 00:00:00-04:00,57.7400016784668,58.11000061035156,56.779998779296875,57.63999938964844,56.09320068359375,136200,0.0,0.0,FIX
2020-10-12 00:00:00-04:00,57.81999969482422,58.13999938964844,57.189998626708984,57.97999954223633,56.42407989501953,194800,0.0,0.0,FIX
2020-10-13 00:00:00-04:00,57.29999923706055,57.459999084472656,56.040000915527344,56.41999816894531,54.905941009521484,249000,0.0,0.0,FIX
2020-10-14 00:00:00-04:00,56.72999954223633,57.060001373291016,55.70000076293945,55.77000045776367,54.27339172363281,157900,0.0,0.0,FIX
2020-10-15 00:00:00-04:00,55.0,56.540000915527344,54.84000015258789,56.4900016784668,54.97406768798828,213100,0.0,0.0,FIX
2020-10-16 00:00:00-04:00,56.369998931884766,56.88999938964844,56.06999969482422,56.06999969482422,54.565338134765625,144800,0.0,0.0,FIX
2020-10-19 00:00:00-04:00,56.349998474121094,56.470001220703125,54.25,54.59000015258789,53.12506103515625,214900,0.0,0.0,FIX
2020-10-20 00:00:00-04:00,55.189998626708984,55.869998931884766,54.869998931884766,55.459999084472656,53.97169876098633,142300,0.0,0.0,FIX
2020-10-21 00:00:00-04:00,55.5,55.810001373291016,54.77000045776367,54.900001525878906,53.42673873901367,160100,0.0,0.0,FIX
2020-10-22 00:00:00-04:00,55.029998779296875,55.650001525878906,54.279998779296875,55.5099983215332,54.02035903930664,152900,0.0,0.0,FIX
2020-10-23 00:00:00-04:00,55.93000030517578,56.310001373291016,54.79999923706055,55.11000061035156,53.6310920715332,137600,0.0,0.0,FIX
2020-10-26 00:00:00-04:00,54.060001373291016,54.900001525878906,53.40999984741211,54.18000030517578,52.72605514526367,250200,0.0,0.0,FIX
2020-10-27 00:00:00-04:00,51.88999938964844,52.5099983215332,46.2400016784668,47.18000030517578,45.91390609741211,1075900,0.0,0.0,FIX
2020-10-28 00:00:00-04:00,45.810001373291016,46.79999923706055,44.20000076293945,44.220001220703125,43.03334045410156,728000,0.0,0.0,FIX
2020-10-29 00:00:00-04:00,43.619998931884766,45.31999969482422,43.619998931884766,44.68000030517578,43.48099136352539,362700,0.0,0.0,FIX
2020-10-30 00:00:00-04:00,44.70000076293945,46.220001220703125,44.68000030517578,45.79999923706055,44.57093811035156,446600,0.0,0.0,FIX
2020-11-02 00:00:00-05:00,46.59000015258789,47.06999969482422,45.5,46.630001068115234,45.378658294677734,357200,0.0,0.0,FIX
2020-11-03 00:00:00-05:00,47.7400016784668,48.400001525878906,46.83000183105469,47.54999923706055,46.27397918701172,250400,0.0,0.0,FIX
2020-11-04 00:00:00-05:00,46.68000030517578,47.540000915527344,45.63999938964844,46.31999969482422,45.076988220214844,206700,0.0,0.0,FIX
2020-11-05 00:00:00-05:00,46.61000061035156,48.22999954223633,46.61000061035156,47.68000030517578,46.400482177734375,214500,0.0,0.0,FIX
2020-11-06 00:00:00-05:00,47.88999938964844,48.25,46.540000915527344,46.599998474121094,45.45432662963867,201700,0.11,0.0,FIX
2020-11-09 00:00:00-05:00,51.18000030517578,51.47999954223633,48.29999923706055,48.41999816894531,47.229591369628906,283100,0.0,0.0,FIX
2020-11-10 00:00:00-05:00,49.150001525878906,51.709999084472656,49.150001525878906,51.11000061035156,49.853450775146484,334100,0.0,0.0,FIX
2020-11-11 00:00:00-05:00,51.400001525878906,51.540000915527344,48.91999816894531,50.59000015258789,49.346229553222656,187300,0.0,0.0,FIX
2020-11-12 00:00:00-05:00,49.970001220703125,50.619998931884766,49.0099983215332,49.630001068115234,48.409828186035156,256000,0.0,0.0,FIX
2020-11-13 00:00:00-05:00,50.18000030517578,51.369998931884766,49.849998474121094,50.34000015258789,49.10238265991211,181700,0.0,0.0,FIX
2020-11-16 00:00:00-05:00,51.40999984741211,51.5,50.15999984741211,51.04999923706055,49.794925689697266,256000,0.0,0.0,FIX
2020-11-17 00:00:00-05:00,50.52000045776367,50.56999969482422,49.630001068115234,49.79999923706055,48.57566452026367,272500,0.0,0.0,FIX
2020-11-18 00:00:00-05:00,50.2599983215332,50.4900016784668,49.209999084472656,49.27000045776367,48.058692932128906,201400,0.0,0.0,FIX
2020-11-19 00:00:00-05:00,49.0,50.119998931884766,48.11000061035156,49.790000915527344,48.5659065246582,289500,0.0,0.0,FIX
2020-11-20 00:00:00-05:00,49.41999816894531,49.68000030517578,48.36000061035156,49.220001220703125,48.009925842285156,188200,0.0,0.0,FIX
2020-11-23 00:00:00-05:00,49.84000015258789,51.04999923706055,49.66999816894531,51.0099983215332,49.75590133666992,304700,0.0,0.0,FIX
2020-11-24 00:00:00-05:00,51.61000061035156,52.72999954223633,51.25,52.369998931884766,51.08247756958008,399400,0.0,0.0,FIX
2020-11-25 00:00:00-05:00,52.040000915527344,52.290000915527344,51.16999816894531,51.400001525878906,50.136329650878906,181900,0.0,0.0,FIX
2020-11-27 00:00:00-05:00,51.33000183105469,51.5099983215332,50.349998474121094,51.41999816894531,50.15583038330078,77800,0.0,0.0,FIX
2020-11-30 00:00:00-05:00,51.29999923706055,51.869998931884766,50.099998474121094,50.38999938964844,49.15115737915039,312900,0.0,0.0,FIX
2020-12-01 00:00:00-05:00,51.11000061035156,51.84000015258789,49.939998626708984,50.119998931884766,48.88778305053711,312500,0.0,0.0,FIX
2020-12-02 00:00:00-05:00,50.209999084472656,50.630001068115234,49.63999938964844,49.93000030517578,48.70246505737305,243300,0.0,0.0,FIX
2020-12-03 00:00:00-05:00,49.97999954223633,51.119998931884766,49.97999954223633,50.88999938964844,49.63886642456055,138300,0.0,0.0,FIX
2020-12-04 00:00:00-05:00,51.470001220703125,51.84000015258789,51.119998931884766,51.40999984741211,50.146080017089844,125000,0.0,0.0,FIX
2020-12-07 00:00:00-05:00,51.5,51.599998474121094,50.540000915527344,51.380001068115234,50.116817474365234,186700,0.0,0.0,FIX
2020-12-08 00:00:00-05:00,51.060001373291016,51.65999984741211,50.66999816894531,51.349998474121094,50.08755111694336,142100,0.0,0.0,FIX
2020-12-09 00:00:00-05:00,51.77000045776367,52.75,51.43000030517578,51.93000030517578,50.653289794921875,136200,0.0,0.0,FIX
2020-12-10 00:00:00-05:00,51.47999954223633,51.540000915527344,50.33000183105469,51.060001373291016,49.804683685302734,147400,0.0,0.0,FIX
2020-12-11 00:00:00-05:00,50.84000015258789,51.4900016784668,50.83000183105469,51.09000015258789,49.83394241333008,153800,0.0,0.0,FIX
2020-12-14 00:00:00-05:00,52.02000045776367,52.529998779296875,50.84000015258789,51.34000015258789,50.07780456542969,262200,0.0,0.0,FIX
2020-12-15 00:00:00-05:00,51.779998779296875,53.209999084472656,51.2400016784668,53.119998931884766,51.81403732299805,193000,0.0,0.0,FIX
2020-12-16 00:00:00-05:00,53.400001525878906,53.81999969482422,52.380001068115234,53.41999816894531,52.10666275024414,240200,0.0,0.0,FIX
2020-12-17 00:00:00-05:00,53.7599983215332,54.0099983215332,52.15999984741211,53.72999954223633,52.40903854370117,233100,0.0,0.0,FIX
2020-12-18 00:00:00-05:00,53.7599983215332,54.689998626708984,53.119998931884766,53.20000076293945,51.892066955566406,691000,0.0,0.0,FIX
2020-12-21 00:00:00-05:00,52.16999816894531,52.91999816894531,52.0099983215332,52.709999084472656,51.41412353515625,171500,0.0,0.0,FIX
2020-12-22 00:00:00-05:00,52.63999938964844,53.9900016784668,52.58000183105469,53.63999938964844,52.321258544921875,217900,0.0,0.0,FIX
2020-12-23 00:00:00-05:00,54.099998474121094,54.70000076293945,53.529998779296875,53.619998931884766,52.3017463684082,178300,0.0,0.0,FIX
2020-12-24 00:00:00-05:00,53.959999084472656,54.5,53.380001068115234,53.54999923706055,52.23347091674805,61900,0.0,0.0,FIX
2020-12-28 00:00:00-05:00,53.97999954223633,54.84000015258789,53.529998779296875,53.68000030517578,52.36028289794922,200600,0.0,0.0,FIX
2020-12-29 00:00:00-05:00,53.79999923706055,53.90999984741211,52.25,52.709999084472656,51.41412353515625,116500,0.0,0.0,FIX
2020-12-30 00:00:00-05:00,52.72999954223633,53.5,52.41999816894531,52.689998626708984,51.394615173339844,126700,0.0,0.0,FIX
2020-12-31 00:00:00-05:00,52.599998474121094,52.900001525878906,52.27000045776367,52.65999984741211,51.36534881591797,97200,0.0,0.0,FIX
2021-01-04 00:00:00-05:00,52.7400016784668,52.939998626708984,51.119998931884766,51.58000183105469,50.31189727783203,202500,0.0,0.0,FIX
2021-01-05 00:00:00-05:00,51.33000183105469,53.40999984741211,51.33000183105469,52.95000076293945,51.64821243286133,143000,0.0,0.0,FIX
2021-01-06 00:00:00-05:00,54.0,57.45000076293945,54.0,57.06999969482422,55.666927337646484,377000,0.0,0.0,FIX
2021-01-07 00:00:00-05:00,57.2400016784668,58.779998779296875,57.09000015258789,58.540000915527344,57.10078811645508,193400,0.0,0.0,FIX
2021-01-08 00:00:00-05:00,58.5,58.5,56.650001525878906,57.0,55.59864807128906,232000,0.0,0.0,FIX
2021-01-11 00:00:00-05:00,56.34000015258789,57.09000015258789,56.099998474121094,57.02000045776367,55.61814880371094,207200,0.0,0.0,FIX
2021-01-12 00:00:00-05:00,57.16999816894531,57.369998931884766,56.369998931884766,57.0,55.59864807128906,344800,0.0,0.0,FIX
2021-01-13 00:00:00-05:00,56.790000915527344,57.0,54.619998931884766,55.13999938964844,53.784385681152344,233200,0.0,0.0,FIX
2021-01-14 00:00:00-05:00,55.63999938964844,56.150001525878906,54.959999084472656,55.2400016784668,53.88193130493164,191300,0.0,0.0,FIX
2021-01-15 00:00:00-05:00,54.650001525878906,55.2400016784668,54.0,54.869998931884766,53.52101516723633,302100,0.0,0.0,FIX
2021-01-19 00:00:00-05:00,55.40999984741211,56.689998626708984,55.20000076293945,56.52000045776367,55.13044357299805,293200,0.0,0.0,FIX
2021-01-20 00:00:00-05:00,56.63999938964844,58.04999923706055,56.63999938964844,57.560001373291016,56.14488220214844,232100,0.0,0.0,FIX
2021-01-21 00:00:00-05:00,57.560001373291016,59.099998474121094,57.0,58.16999816894531,56.73988723754883,313600,0.0,0.0,FIX
2021-01-22 00:00:00-05:00,57.650001525878906,58.79999923706055,57.2599983215332,58.529998779296875,57.09103775024414,169700,0.0,0.0,FIX
2021-01-25 00:00:00-05:00,58.119998931884766,58.81999969482422,56.439998626708984,57.779998779296875,56.359474182128906,175500,0.0,0.0,FIX
2021-01-26 00:00:00-05:00,58.15999984741211,58.220001220703125,56.5099983215332,56.61000061035156,55.21824264526367,104100,0.0,0.0,FIX
2021-01-27 00:00:00-05:00,57.400001525878906,58.13999938964844,55.36000061035156,57.20000076293945,55.79373550415039,332500,0.0,0.0,FIX
2021-01-28 00:00:00-05:00,58.43000030517578,59.290000915527344,56.400001525878906,56.470001220703125,55.0816764831543,268400,0.0,0.0,FIX
2021-01-29 00:00:00-05:00,56.599998474121094,57.08000183105469,55.220001220703125,55.43000030517578,54.0672492980957,190100,0.0,0.0,FIX
2021-02-01 00:00:00-05:00,55.86000061035156,56.349998474121094,54.290000915527344,56.060001373291016,54.681758880615234,214000,0.0,0.0,FIX
2021-02-02 00:00:00-05:00,57.09000015258789,58.119998931884766,56.13999938964844,58.02000045776367,56.59357452392578,178800,0.0,0.0,FIX
2021-02-03 00:00:00-05:00,57.7599983215332,57.959999084472656,56.189998626708984,56.970001220703125,55.56938552856445,604700,0.0,0.0,FIX
2021-02-04 00:00:00-05:00,56.90999984741211,57.900001525878906,56.619998931884766,57.70000076293945,56.28143310546875,165100,0.0,0.0,FIX
2021-02-05 00:00:00-05:00,58.54999923706055,58.54999923706055,57.900001525878906,58.099998474121094,56.671607971191406,196000,0.0,0.0,FIX
2021-02-08 00:00:00-05:00,60.0,64.80000305175781,59.88999938964844,64.77999877929688,63.18737030029297,445700,0.0,0.0,FIX
2021-02-09 00:00:00-05:00,64.98999786376953,66.25,64.58000183105469,65.44000244140625,63.83116912841797,323200,0.0,0.0,FIX
2021-02-10 00:00:00-05:00,65.97000122070312,66.2699966430664,63.31999969482422,64.0999984741211,62.52408981323242,236700,0.0,0.0,FIX
2021-02-11 00:00:00-05:00,64.72000122070312,65.51000213623047,62.83000183105469,64.05999755859375,62.48507308959961,280600,0.0,0.0,FIX
2021-02-12 00:00:00-05:00,63.56999969482422,63.97999954223633,62.77000045776367,63.369998931884766,61.81204605102539,206400,0.0,0.0,FIX
2021-02-16 00:00:00-05:00,63.77000045776367,63.91999816894531,61.540000915527344,61.70000076293945,60.183101654052734,166600,0.0,0.0,FIX
2021-02-17 00:00:00-05:00,61.09000015258789,61.59000015258789,60.04999923706055,60.880001068115234,59.38325881958008,214300,0.0,0.0,FIX
2021-02-18 00:00:00-05:00,60.66999816894531,61.0,59.619998931884766,59.63999938964844,58.17374038696289,117700,0.0,0.0,FIX
2021-02-19 00:00:00-05:00,59.83000183105469,61.099998474121094,59.709999084472656,60.560001373291016,59.07112121582031,115300,0.0,0.0,FIX
2021-02-22 00:00:00-05:00,60.31999969482422,61.97999954223633,59.849998474121094,61.810001373291016,60.29039764404297,241500,0.0,0.0,FIX
2021-02-23 00:00:00-05:00,61.38999938964844,62.38999938964844,60.959999084472656,61.75,60.231868743896484,169700,0.0,0.0,FIX
2021-02-24 00:00:00-05:00,62.04999923706055,63.900001525878906,61.599998474121094,63.869998931884766,62.29975509643555,216700,0.0,0.0,FIX
2021-02-25 00:00:00-05:00,63.599998474121094,63.959999084472656,62.31999969482422,62.619998931884766,61.080482482910156,170300,0.0,0.0,FIX
2021-02-26 00:00:00-05:00,63.06999969482422,63.9900016784668,59.630001068115234,61.939998626708984,60.41720962524414,348400,0.0,0.0,FIX
2021-03-01 00:00:00-05:00,63.4900016784668,65.87000274658203,63.099998474121094,65.51000213623047,63.89944076538086,357900,0.0,0.0,FIX
2021-03-02 00:00:00-05:00,65.41000366210938,66.69000244140625,65.04000091552734,66.5,64.86509704589844,547300,0.0,0.0,FIX
2021-03-03 00:00:00-05:00,66.98999786376953,69.5199966430664,66.69999694824219,68.25,66.57208251953125,311600,0.0,0.0,FIX
2021-03-04 00:00:00-05:00,67.87000274658203,69.95999908447266,66.29000091552734,67.23999786376953,65.58689880371094,319900,0.0,0.0,FIX
2021-03-05 00:00:00-05:00,68.22000122070312,69.94000244140625,67.44000244140625,69.87999725341797,68.16199493408203,264000,0.0,0.0,FIX
2021-03-08 00:00:00-05:00,70.7699966430664,73.98999786376953,70.76000213623047,73.48999786376953,71.68324279785156,450300,0.0,0.0,FIX
2021-03-09 00:00:00-05:00,73.5999984741211,75.13999938964844,72.63999938964844,74.30999755859375,72.48306274414062,391300,0.0,0.0,FIX
2021-03-10 00:00:00-05:00,74.58999633789062,75.62999725341797,73.91000366210938,74.69999694824219,72.86347198486328,278800,0.0,0.0,FIX
2021-03-11 00:00:00-05:00,75.0999984741211,75.95999908447266,73.97000122070312,74.2300033569336,72.51667785644531,217600,0.115,0.0,FIX
2021-03-12 00:00:00-05:00,74.76000213623047,75.30999755859375,74.20999908447266,74.66000366210938,72.93675231933594,290700,0.0,0.0,FIX
2021-03-15 00:00:00-04:00,74.2699966430664,74.66000366210938,72.27999877929688,73.41000366210938,71.71562194824219,233700,0.0,0.0,FIX
2021-03-16 00:00:00-04:00,72.87999725341797,73.18000030517578,71.61000061035156,72.79000091552734,71.10993194580078,208400,0.0,0.0,FIX
2021-03-17 00:00:00-04:00,73.06999969482422,74.86000061035156,72.63999938964844,74.69000244140625,72.96607971191406,155700,0.0,0.0,FIX
2021-03-18 00:00:00-04:00,74.30999755859375,75.62999725341797,73.54000091552734,73.87000274658203,72.16498565673828,185400,0.0,0.0,FIX
2021-03-19 00:00:00-04:00,73.69000244140625,74.12999725341797,71.58999633789062,73.25,71.5593032836914,525300,0.0,0.0,FIX
2021-03-22 00:00:00-04:00,73.41999816894531,73.86000061035156,72.16000366210938,73.23999786376953,71.54953002929688,166500,0.0,0.0,FIX
2021-03-23 00:00:00-04:00,71.94000244140625,73.05999755859375,70.80000305175781,71.5,69.84972381591797,216200,0.0,0.0,FIX
2021-03-24 00:00:00-04:00,72.2300033569336,73.72000122070312,70.76000213623047,70.91000366210938,69.2733154296875,136300,0.0,0.0,FIX
2021-03-25 00:00:00-04:00,70.26000213623047,73.2300033569336,69.62999725341797,72.54000091552734,70.86569213867188,188600,0.0,0.0,FIX
2021-03-26 00:00:00-04:00,73.47000122070312,75.12000274658203,72.81999969482422,75.06999969482422,73.3372802734375,138400,0.0,0.0,FIX
2021-03-29 00:00:00-04:00,74.94000244140625,75.86000061035156,73.25,73.3499984741211,71.6570053100586,147200,0.0,0.0,FIX
2021-03-30 00:00:00-04:00,73.47000122070312,75.4000015258789,73.08999633789062,75.19999694824219,73.46429443359375,114900,0.0,0.0,FIX
2021-03-31 00:00:00-04:00,75.45999908447266,76.4000015258789,74.62000274658203,74.7699966430664,73.04421997070312,252000,0.0,0.0,FIX
2021-04-01 00:00:00-04:00,75.05999755859375,76.27999877929688,74.83999633789062,76.05000305175781,74.29467010498047,169600,0.0,0.0,FIX
2021-04-05 00:00:00-04:00,77.20999908447266,77.31999969482422,75.62999725341797,76.41999816894531,74.6561279296875,186200,0.0,0.0,FIX
2021-04-06 00:00:00-04:00,76.30999755859375,77.25,75.45999908447266,76.79000091552734,75.01760864257812,177300,0.0,0.0,FIX
2021-04-07 00:00:00-04:00,76.63999938964844,76.94999694824219,74.93000030517578,75.0,73.2689208984375,143200,0.0,0.0,FIX
2021-04-08 00:00:00-04:00,75.16000366210938,77.26000213623047,75.02999877929688,77.20999908447266,75.42789459228516,256000,0.0,0.0,FIX
2021-04-09 00:00:00-04:00,77.19999694824219,79.43000030517578,76.9800033569336,79.29000091552734,77.45989990234375,212800,0.0,0.0,FIX
2021-04-12 00:00:00-04:00,79.77999877929688,80.13999938964844,79.20999908447266,79.41000366210938,77.5771255493164,246700,0.0,0.0,FIX
2021-04-13 00:00:00-04:00,79.12999725341797,79.63999938964844,78.30999755859375,79.19999694824219,77.3719711303711,180900,0.0,0.0,FIX
2021-04-14 00:00:00-04:00,79.16999816894531,80.61000061035156,79.16999816894531,80.01000213623047,78.16326904296875,195500,0.0,0.0,FIX
2021-04-15 00:00:00-04:00,80.52999877929688,80.94999694824219,79.0999984741211,80.05000305175781,78.20234680175781,170400,0.0,0.0,FIX
2021-04-16 00:00:00-04:00,80.6500015258789,81.38999938964844,80.30999755859375,80.93000030517578,79.06205749511719,214500,0.0,0.0,FIX
2021-04-19 00:00:00-04:00,81.11000061035156,81.5199966430664,80.37000274658203,81.23999786376953,79.36487579345703,181700,0.0,0.0,FIX
2021-04-20 00:00:00-04:00,81.04000091552734,81.48999786376953,79.12000274658203,80.19999694824219,78.34889221191406,274400,0.0,0.0,FIX
2021-04-21 00:00:00-04:00,80.19999694824219,80.80999755859375,79.2699966430664,80.45999908447266,78.60289001464844,179700,0.0,0.0,FIX
2021-04-22 00:00:00-04:00,80.95999908447266,80.98999786376953,78.69000244140625,79.31999969482422,77.48920440673828,157400,0.0,0.0,FIX
2021-04-23 00:00:00-04:00,79.80000305175781,81.30000305175781,79.30000305175781,80.62999725341797,78.7689437866211,153900,0.0,0.0,FIX
2021-04-26 00:00:00-04:00,81.13999938964844,82.55999755859375,81.13999938964844,81.8499984741211,79.96078491210938,149500,0.0,0.0,FIX
2021-04-27 00:00:00-04:00,81.8499984741211,82.91999816894531,81.20999908447266,82.02999877929688,80.13663482666016,166700,0.0,0.0,FIX
2021-04-28 00:00:00-04:00,81.91000366210938,82.41000366210938,81.12000274658203,81.41000366210938,79.53095245361328,88900,0.0,0.0,FIX
2021-04-29 00:00:00-04:00,81.76000213623047,83.3499984741211,81.0199966430664,82.19000244140625,80.29295349121094,240000,0.0,0.0,FIX
2021-04-30 00:00:00-04:00,82.83999633789062,83.20999908447266,81.94999694824219,82.36000061035156,80.45905303955078,198500,0.0,0.0,FIX
2021-05-03 00:00:00-04:00,83.3499984741211,85.04000091552734,83.20999908447266,84.9000015258789,82.94041442871094,294100,0.0,0.0,FIX
2021-05-04 00:00:00-04:00,84.86000061035156,86.47000122070312,84.86000061035156,85.72000122070312,83.7414779663086,147400,0.0,0.0,FIX
2021-05-05 00:00:00-04:00,85.72000122070312,86.02999877929688,84.37999725341797,84.94999694824219,82.98925018310547,211500,0.0,0.0,FIX
2021-05-06 00:00:00-04:00,85.27999877929688,86.73999786376953,85.0199966430664,86.58999633789062,84.59140014648438,113500,0.0,0.0,FIX
2021-05-07 00:00:00-04:00,86.58000183105469,87.48999786376953,85.69000244140625,86.87000274658203,84.86494445800781,110400,0.0,0.0,FIX
2021-05-10 00:00:00-04:00,87.19999694824219,88.52999877929688,86.2699966430664,86.27999877929688,84.28856658935547,171200,0.0,0.0,FIX
2021-05-11 00:00:00-04:00,85.44000244140625,86.18000030517578,83.77999877929688,86.12000274658203,84.13226318359375,134600,0.0,0.0,FIX
2021-05-12 00:00:00-04:00,85.63999938964844,86.25,80.12000274658203,80.5,78.6419677734375,203000,0.0,0.0,FIX
2021-05-13 00:00:00-04:00,80.61000061035156,82.72000122070312,80.61000061035156,82.11000061035156,80.32957458496094,327400,0.115,0.0,FIX
2021-05-14 00:00:00-04:00,82.63999938964844,83.0199966430664,81.66000366210938,82.91000366210938,81.11222076416016,217800,0.0,0.0,FIX
2021-05-17 00:00:00-04:00,82.43000030517578,83.2300033569336,81.47000122070312,83.01000213623047,81.21005249023438,114700,0.0,0.0,FIX
2021-05-18 00:00:00-04:00,83.12999725341797,83.12999725341797,81.87999725341797,82.0199966430664,80.24150085449219,116800,0.0,0.0,FIX
2021-05-19 00:00:00-04:00,80.73999786376953,81.11000061035156,78.69000244140625,80.30999755859375,78.56858825683594,144400,0.0,0.0,FIX
2021-05-20 00:00:00-04:00,80.22000122070312,80.79000091552734,79.4000015258789,80.69000244140625,78.94036102294922,95400,0.0,0.0,FIX
2021-05-21 00:00:00-04:00,81.72000122070312,82.20999908447266,80.44000244140625,80.88999938964844,79.13599395751953,72100,0.0,0.0,FIX
2021-05-24 00:00:00-04:00,81.5199966430664,81.75,80.38999938964844,80.77999877929688,79.02839660644531,123700,0.0,0.0,FIX
2021-05-25 00:00:00-04:00,80.91000366210938,81.4800033569336,79.26000213623047,79.41000366210938,77.6881103515625,138800,0.0,0.0,FIX
2021-05-26 00:00:00-04:00,79.48999786376953,80.47000122070312,79.20999908447266,80.16999816894531,78.4316177368164,118700,0.0,0.0,FIX
2021-05-27 00:00:00-04:00,81.33999633789062,81.62999725341797,80.75,80.80000305175781,79.0479507446289,125900,0.0,0.0,FIX
2021-05-28 00:00:00-04:00,81.19999694824219,82.91000366210938,80.69000244140625,82.9000015258789,81.10243225097656,159700,0.0,0.0,FIX
2021-06-01 00:00:00-04:00,83.52999877929688,85.12999725341797,83.19999694824219,84.52999877929688,82.69709014892578,261700,0.0,0.0,FIX
2021-06-02 00:00:00-04:00,84.08999633789062,84.25,82.30000305175781,83.08000183105469,81.27853393554688,245100,0.0,0.0,FIX
2021-06-03 00:00:00-04:00,82.55000305175781,85.2699966430664,80.9000015258789,85.16999816894531,83.32320404052734,335500,0.0,0.0,FIX
2021-06-04 00:00:00-04:00,85.36000061035156,86.52999877929688,84.4000015258789,86.25,84.37979888916016,289700,0.0,0.0,FIX
2021-06-07 00:00:00-04:00,86.37000274658203,86.37000274658203,85.0,85.75,83.89060974121094,216000,0.0,0.0,FIX
2021-06-08 00:00:00-04:00,86.0,86.9800033569336,85.0999984741211,86.45999908447266,84.58525085449219,189300,0.0,0.0,FIX
2021-06-09 00:00:00-04:00,86.5,86.56999969482422,85.05999755859375,85.38999938964844,83.53843688964844,148800,0.0,0.0,FIX
2021-06-10 00:00:00-04:00,85.75,85.94999694824219,82.97000122070312,83.44999694824219,81.64051055908203,159500,0.0,0.0,FIX
2021-06-11 00:00:00-04:00,83.9000015258789,84.33000183105469,83.30999755859375,83.95999908447266,82.13945770263672,115600,0.0,0.0,FIX
2021-06-14 00:00:00-04:00,84.43000030517578,85.69999694824219,83.97000122070312,84.9000015258789,83.05906677246094,335800,0.0,0.0,FIX
2021-06-15 00:00:00-04:00,84.9000015258789,84.94999694824219,82.58999633789062,83.61000061035156,81.79702758789062,194700,0.0,0.0,FIX
2021-06-16 00:00:00-04:00,83.37999725341797,83.97000122070312,82.23999786376953,83.18000030517578,81.37635803222656,157300,0.0,0.0,FIX
2021-06-17 00:00:00-04:00,83.08999633789062,83.41000366210938,80.91000366210938,81.25,79.48822021484375,167500,0.0,0.0,FIX
2021-06-18 00:00:00-04:00,79.73999786376953,80.19000244140625,77.18000030517578,77.23999786376953,75.56515502929688,369900,0.0,0.0,FIX
2021-06-21 00:00:00-04:00,78.05000305175781,79.79000091552734,78.05000305175781,79.22000122070312,77.50222778320312,208100,0.0,0.0,FIX
2021-06-22 00:00:00-04:00,79.04000091552734,79.56999969482422,77.69000244140625,79.18000030517578,77.46308898925781,117400,0.0,0.0,FIX
2021-06-23 00:00:00-04:00,79.38999938964844,79.81999969482422,78.62999725341797,78.72000122070312,77.01306915283203,127900,0.0,0.0,FIX
2021-06-24 00:00:00-04:00,79.2300033569336,79.38999938964844,78.08000183105469,79.2300033569336,77.51200866699219,180500,0.0,0.0,FIX
2021-06-25 00:00:00-04:00,79.38999938964844,80.80999755859375,79.3499984741211,79.3499984741211,77.62940979003906,1401700,0.0,0.0,FIX
2021-06-28 00:00:00-04:00,79.36000061035156,79.94999694824219,77.54000091552734,78.05000305175781,76.35760498046875,194600,0.0,0.0,FIX
2021-06-29 00:00:00-04:00,78.38999938964844,78.75,77.95999908447266,78.37999725341797,76.68042755126953,101500,0.0,0.0,FIX
2021-06-30 00:00:00-04:00,77.9000015258789,79.02999877929688,77.54000091552734,78.79000091552734,77.08155059814453,115100,0.0,0.0,FIX
2021-07-01 00:00:00-04:00,80.16999816894531,80.62999725341797,79.04000091552734,79.12000274658203,77.40438842773438,133600,0.0,0.0,FIX
2021-07-02 00:00:00-04:00,79.33999633789062,79.41999816894531,77.22000122070312,77.68000030517578,75.99562072753906,117100,0.0,0.0,FIX
2021-07-06 00:00:00-04:00,77.41000366210938,77.41000366210938,74.93000030517578,76.22000122070312,74.56727600097656,139800,0.0,0.0,FIX
2021-07-07 00:00:00-04:00,75.7699966430664,77.31999969482422,75.7699966430664,76.7699966430664,75.10533142089844,263800,0.0,0.0,FIX
2021-07-08 00:00:00-04:00,75.1500015258789,77.54000091552734,74.79000091552734,76.0199966430664,74.37159729003906,134800,0.0,0.0,FIX
2021-07-09 00:00:00-04:00,77.41999816894531,78.79000091552734,77.13999938964844,77.91999816894531,76.23040008544922,90800,0.0,0.0,FIX
2021-07-12 00:00:00-04:00,77.08000183105469,77.98999786376953,76.80000305175781,77.86000061035156,76.17171478271484,69600,0.0,0.0,FIX
2021-07-13 00:00:00-04:00,77.16999816894531,78.45999908447266,76.44000244140625,76.87999725341797,75.21295166015625,87100,0.0,0.0,FIX
2021-07-14 00:00:00-04:00,77.1500015258789,77.75,75.94999694824219,76.20999908447266,74.5574951171875,78400,0.0,0.0,FIX
2021-07-15 00:00:00-04:00,75.38999938964844,76.37000274658203,74.80000305175781,75.31999969482422,73.68679809570312,97800,0.0,0.0,FIX
2021-07-16 00:00:00-04:00,76.05000305175781,76.5,73.27999877929688,73.43000030517578,71.83777618408203,162200,0.0,0.0,FIX
2021-07-19 00:00:00-04:00,71.97000122070312,73.55999755859375,71.20999908447266,72.37000274658203,70.8007583618164,125800,0.0,0.0,FIX
2021-07-20 00:00:00-04:00,72.29000091552734,76.12000274658203,72.06999969482422,75.05000305175781,73.42264556884766,206300,0.0,0.0,FIX
2021-07-21 00:00:00-04:00,75.76000213623047,76.7699966430664,75.76000213623047,76.25,74.59662628173828,67400,0.0,0.0,FIX
2021-07-22 00:00:00-04:00,75.72000122070312,76.2300033569336,73.9800033569336,74.12000274658203,72.51283264160156,72100,0.0,0.0,FIX
2021-07-23 00:00:00-04:00,74.76000213623047,75.61000061035156,73.75,75.37999725341797,73.74549102783203,80300,0.0,0.0,FIX
2021-07-26 00:00:00-04:00,75.83000183105469,76.25,74.63999938964844,74.97000122070312,73.34436798095703,59700,0.0,0.0,FIX
2021-07-27 00:00:00-04:00,74.16000366210938,75.05999755859375,73.44999694824219,74.37000274658203,72.7574234008789,107800,0.0,0.0,FIX
2021-07-28 00:00:00-04:00,75.2699966430664,75.56999969482422,73.30000305175781,74.2699966430664,72.6595687866211,105500,0.0,0.0,FIX
2021-07-29 00:00:00-04:00,72.36000061035156,75.18000030517578,70.44999694824219,74.87000274658203,73.24655151367188,227000,0.0,0.0,FIX
2021-07-30 00:00:00-04:00,74.45999908447266,75.30999755859375,74.23999786376953,74.75,73.12914276123047,161100,0.0,0.0,FIX
2021-08-02 00:00:00-04:00,74.81999969482422,76.43000030517578,72.83999633789062,73.0999984741211,71.51493072509766,169300,0.0,0.0,FIX
2021-08-03 00:00:00-04:00,73.0,74.91999816894531,71.55999755859375,74.88999938964844,73.26612854003906,230000,0.0,0.0,FIX
2021-08-04 00:00:00-04:00,74.0999984741211,75.6500015258789,73.80000305175781,74.12000274658203,72.51283264160156,200300,0.0,0.0,FIX
2021-08-05 00:00:00-04:00,74.8499984741211,75.62999725341797,74.30999755859375,75.55000305175781,73.91179656982422,157600,0.0,0.0,FIX
2021-08-06 00:00:00-04:00,76.23999786376953,77.12999725341797,75.83000183105469,76.26000213623047,74.60640716552734,140900,0.0,0.0,FIX
2021-08-09 00:00:00-04:00,76.0,77.62999725341797,75.56999969482422,76.2699966430664,74.6161880493164,141000,0.0,0.0,FIX
2021-08-10 00:00:00-04:00,76.26000213623047,77.41999816894531,76.12000274658203,77.30999755859375,75.63365173339844,118200,0.0,0.0,FIX
2021-08-11 00:00:00-04:00,77.9000015258789,78.61000061035156,77.22000122070312,77.70999908447266,76.02495574951172,136100,0.0,0.0,FIX
2021-08-12 00:00:00-04:00,77.5999984741211,77.91000366210938,75.94000244140625,77.02999877929688,75.47625732421875,96300,0.12,0.0,FIX
2021-08-13 00:00:00-04:00,77.2300033569336,77.2300033569336,76.05000305175781,76.27999877929688,74.74139404296875,47600,0.0,0.0,FIX
2021-08-16 00:00:00-04:00,75.62999725341797,76.91999816894531,75.05000305175781,76.5,74.95696258544922,119400,0.0,0.0,FIX
2021-08-17 00:00:00-04:00,75.70999908447266,75.7300033569336,73.97000122070312,74.87999725341797,73.36964416503906,129100,0.0,0.0,FIX
2021-08-18 00:00:00-04:00,74.86000061035156,75.72000122070312,74.04000091552734,74.12000274658203,72.6249771118164,67800,0.0,0.0,FIX
2021-08-19 00:00:00-04:00,73.19999694824219,74.3499984741211,72.70999908447266,73.2699966430664,71.79210662841797,104500,0.0,0.0,FIX
2021-08-20 00:00:00-04:00,72.9800033569336,74.73999786376953,72.9800033569336,74.37999725341797,72.87972259521484,102300,0.0,0.0,FIX
2021-08-23 00:00:00-04:00,74.9800033569336,76.27999877929688,73.76000213623047,75.7300033569336,74.20249938964844,93600,0.0,0.0,FIX
2021-08-24 00:00:00-04:00,75.66999816894531,76.48999786376953,75.08000183105469,75.69000244140625,74.16328430175781,75400,0.0,0.0,FIX
2021-08-25 00:00:00-04:00,75.56999969482422,76.62000274658203,75.2300033569336,75.2300033569336,73.71257781982422,86500,0.0,0.0,FIX
2021-08-26 00:00:00-04:00,75.01000213623047,75.23999786376953,73.47000122070312,74.04000091552734,72.54656982421875,80300,0.0,0.0,FIX
2021-08-27 00:00:00-04:00,74.22000122070312,76.87000274658203,74.22000122070312,75.97000122070312,74.43766021728516,168300,0.0,0.0,FIX
2021-08-30 00:00:00-04:00,76.29000091552734,76.69000244140625,75.58000183105469,75.68000030517578,74.15348052978516,69500,0.0,0.0,FIX
2021-08-31 00:00:00-04:00,76.0,76.5,75.05000305175781,75.9800033569336,74.44744873046875,176300,0.0,0.0,FIX
2021-09-01 00:00:00-04:00,75.94999694824219,75.94999694824219,73.75,74.72000122070312,73.21285247802734,130100,0.0,0.0,FIX
2021-09-02 00:00:00-04:00,75.44000244140625,76.88999938964844,74.69999694824219,76.37999725341797,74.83938598632812,72400,0.0,0.0,FIX
2021-09-03 00:00:00-04:00,75.83999633789062,76.4800033569336,75.25,76.45999908447266,74.91776275634766,77800,0.0,0.0,FIX
2021-09-07 00:00:00-04:00,76.0199966430664,76.19999694824219,74.5199966430664,74.5199966430664,73.01687622070312,101200,0.0,0.0,FIX
2021-09-08 00:00:00-04:00,74.2300033569336,74.87999725341797,73.27999877929688,73.61000061035156,72.12525177001953,128600,0.0,0.0,FIX
2021-09-09 00:00:00-04:00,73.19999694824219,73.62999725341797,72.58999633789062,72.7300033569336,71.26297760009766,104700,0.0,0.0,FIX
2021-09-10 00:00:00-04:00,73.08999633789062,73.69000244140625,71.58999633789062,71.69999694824219,70.25376892089844,116600,0.0,0.0,FIX
2021-09-13 00:00:00-04:00,72.0,72.76000213623047,70.77999877929688,71.80999755859375,70.36153411865234,152300,0.0,0.0,FIX
2021-09-14 00:00:00-04:00,72.26000213623047,72.26000213623047,69.37999725341797,69.58999633789062,68.18631744384766,103700,0.0,0.0,FIX
2021-09-15 00:00:00-04:00,69.38999938964844,70.91999816894531,69.08999633789062,70.4800033569336,69.05838012695312,144700,0.0,0.0,FIX
2021-09-16 00:00:00-04:00,70.4800033569336,70.91999816894531,69.54000091552734,69.80000305175781,68.3921127319336,96800,0.0,0.0,FIX
2021-09-17 00:00:00-04:00,70.22000122070312,71.48999786376953,68.41999816894531,69.51000213623047,68.10794830322266,480000,0.0,0.0,FIX
2021-09-20 00:00:00-04:00,67.91000366210938,70.30000305175781,67.91000366210938,69.81999969482422,68.41168975830078,156300,0.0,0.0,FIX
2021-09-21 00:00:00-04:00,70.1500015258789,70.1500015258789,68.52999877929688,69.13999938964844,67.74540710449219,122900,0.0,0.0,FIX
2021-09-22 00:00:00-04:00,69.48999786376953,71.33999633789062,69.48999786376953,70.13999938964844,68.72522735595703,122800,0.0,0.0,FIX
2021-09-23 00:00:00-04:00,70.94999694824219,73.08999633789062,70.94999694824219,72.48999786376953,71.02784729003906,164000,0.0,0.0,FIX
2021-09-24 00:00:00-04:00,72.43000030517578,73.11000061035156,72.05000305175781,72.16999816894531,70.71427917480469,126400,0.0,0.0,FIX
2021-09-27 00:00:00-04:00,72.23999786376953,74.5199966430664,72.23999786376953,74.11000061035156,72.61515808105469,127000,0.0,0.0,FIX
2021-09-28 00:00:00-04:00,74.31999969482422,74.31999969482422,72.11000061035156,72.1500015258789,70.69469451904297,151700,0.0,0.0,FIX
2021-09-29 00:00:00-04:00,72.44999694824219,73.56999969482422,71.5199966430664,72.98999786376953,71.51774597167969,265100,0.0,0.0,FIX
2021-09-30 00:00:00-04:00,73.61000061035156,74.0,71.11000061035156,71.31999969482422,69.88142395019531,123000,0.0,0.0,FIX
2021-10-01 00:00:00-04:00,71.58999633789062,74.41999816894531,71.04000091552734,74.05999755859375,72.56617736816406,160600,0.0,0.0,FIX
2021-10-04 00:00:00-04:00,73.87999725341797,75.66000366210938,73.4800033569336,75.27999877929688,73.76155090332031,166800,0.0,0.0,FIX
2021-10-05 00:00:00-04:00,75.68000030517578,77.12999725341797,74.97000122070312,76.5199966430664,74.9765396118164,171000,0.0,0.0,FIX
2021-10-06 00:00:00-04:00,75.68000030517578,77.16999816894531,74.02999877929688,76.75,75.201904296875,122100,0.0,0.0,FIX
2021-10-07 00:00:00-04:00,77.62999725341797,78.54000091552734,77.37000274658203,78.08999633789062,76.514892578125,149500,0.0,0.0,FIX
2021-10-08 00:00:00-04:00,78.08000183105469,78.58000183105469,77.19999694824219,78.45999908447266,76.8774185180664,87900,0.0,0.0,FIX
2021-10-11 00:00:00-04:00,78.45999908447266,79.2300033569336,77.80999755859375,78.0999984741211,76.5246810913086,99900,0.0,0.0,FIX
2021-10-12 00:00:00-04:00,78.05999755859375,79.05000305175781,77.6500015258789,78.37000274658203,76.78922271728516,120300,0.0,0.0,FIX
2021-10-13 00:00:00-04:00,78.79000091552734,79.2699966430664,77.18000030517578,78.4800033569336,76.89701843261719,81500,0.0,0.0,FIX
2021-10-14 00:00:00-04:00,79.26000213623047,81.47000122070312,79.26000213623047,81.3499984741211,79.70911407470703,101100,0.0,0.0,FIX
2021-10-15 00:00:00-04:00,82.80999755859375,82.80999755859375,80.29000091552734,80.37999725341797,78.7586898803711,209000,0.0,0.0,FIX
2021-10-18 00:00:00-04:00,79.87999725341797,81.18000030517578,79.80000305175781,80.70999908447266,79.08203887939453,123700,0.0,0.0,FIX
2021-10-19 00:00:00-04:00,81.01000213623047,81.66000366210938,79.80999755859375,81.08999633789062,79.45437622070312,90000,0.0,0.0,FIX
2021-10-20 00:00:00-04:00,81.0,82.12999725341797,80.16999816894531,82.12999725341797,80.47339630126953,75600,0.0,0.0,FIX
2021-10-21 00:00:00-04:00,81.94999694824219,84.02999877929688,81.52999877929688,83.16000366210938,81.48261260986328,189000,0.0,0.0,FIX
2021-10-22 00:00:00-04:00,83.22000122070312,85.12000274658203,82.7300033569336,84.16000366210938,82.46243286132812,107300,0.0,0.0,FIX
2021-10-25 00:00:00-04:00,84.4000015258789,85.88999938964844,84.04000091552734,85.6500015258789,83.92240905761719,136800,0.0,0.0,FIX
2021-10-26 00:00:00-04:00,86.0,86.30000305175781,84.27999877929688,85.5199966430664,83.7950210571289,92900,0.0,0.0,FIX
2021-10-27 00:00:00-04:00,85.31999969482422,86.30999755859375,82.58000183105469,82.83999633789062,81.1690673828125,155400,0.0,0.0,FIX
2021-10-28 00:00:00-04:00,83.30999755859375,90.69000244140625,82.94000244140625,89.0999984741211,87.30280303955078,275100,0.0,0.0,FIX
2021-10-29 00:00:00-04:00,89.88999938964844,91.8499984741211,89.73999786376953,91.47000122070312,89.62500762939453,239500,0.0,0.0,FIX
2021-11-01 00:00:00-04:00,91.80999755859375,93.69000244140625,91.2300033569336,92.56999969482422,90.70281982421875,177900,0.0,0.0,FIX
2021-11-02 00:00:00-04:00,92.77999877929688,94.94999694824219,91.76000213623047,94.12999725341797,92.2313461303711,127500,0.0,0.0,FIX
2021-11-03 00:00:00-04:00,93.75,95.69999694824219,92.94000244140625,95.37999725341797,93.45613861083984,132500,0.0,0.0,FIX
2021-11-04 00:00:00-04:00,95.62000274658203,96.55000305175781,93.68000030517578,94.08999633789062,92.19215393066406,218400,0.0,0.0,FIX
2021-11-05 00:00:00-04:00,95.6500015258789,99.52999877929688,95.44000244140625,99.0199966430664,97.022705078125,139400,0.0,0.0,FIX
2021-11-08 00:00:00-05:00,100.44000244140625,101.30000305175781,98.69000244140625,99.08000183105469,97.08149719238281,117200,0.0,0.0,FIX
2021-11-09 00:00:00-05:00,98.87999725341797,99.97000122070312,98.11000061035156,99.08000183105469,97.08149719238281,102600,0.0,0.0,FIX
2021-11-10 00:00:00-05:00,98.43000030517578,99.9800033569336,97.48999786376953,98.0999984741211,96.24754333496094,99100,0.13,0.0,FIX
2021-11-11 00:00:00-05:00,98.05999755859375,100.1500015258789,97.79000091552734,99.30999755859375,97.43468475341797,81000,0.0,0.0,FIX
2021-11-12 00:00:00-05:00,99.56999969482422,100.69999694824219,99.25,99.88999938964844,98.00373840332031,87600,0.0,0.0,FIX
2021-11-15 00:00:00-05:00,100.7699966430664,101.0,99.97000122070312,100.6500015258789,98.7493896484375,106800,0.0,0.0,FIX
2021-11-16 00:00:00-05:00,100.6500015258789,102.66000366210938,100.6500015258789,102.22000122070312,100.28975677490234,94700,0.0,0.0,FIX
2021-11-17 00:00:00-05:00,102.25,103.30000305175781,100.66000366210938,102.33999633789062,100.40748596191406,137700,0.0,0.0,FIX
2021-11-18 00:00:00-05:00,102.52999877929688,103.19000244140625,100.54000091552734,102.80999755859375,100.86862182617188,121100,0.0,0.0,FIX
2021-11-19 00:00:00-05:00,101.51000213623047,103.7300033569336,101.12000274658203,101.80000305175781,99.877685546875,129600,0.0,0.0,FIX
2021-11-22 00:00:00-05:00,102.37999725341797,103.73999786376953,102.0,102.52999877929688,100.5938949584961,102300,0.0,0.0,FIX
2021-11-23 00:00:00-05:00,102.4000015258789,103.41999816894531,101.68000030517578,102.48999786376953,100.5546646118164,98600,0.0,0.0,FIX
2021-11-24 00:00:00-05:00,101.91999816894531,102.94000244140625,101.63999938964844,102.1500015258789,100.22106170654297,48800,0.0,0.0,FIX
2021-11-26 00:00:00-05:00,98.2699966430664,100.44999694824219,96.02999877929688,98.29000091552734,96.4339599609375,101700,0.0,0.0,FIX
2021-11-29 00:00:00-05:00,100.0199966430664,100.0199966430664,97.30000305175781,97.86000061035156,96.0120849609375,143700,0.0,0.0,FIX
2021-11-30 00:00:00-05:00,96.7699966430664,97.47000122070312,94.18000030517578,94.87000274658203,93.07854461669922,245400,0.0,0.0,FIX
2021-12-01 00:00:00-05:00,97.55999755859375,98.44000244140625,93.70999908447266,93.7300033569336,91.9600830078125,177300,0.0,0.0,FIX
2021-12-02 00:00:00-05:00,94.94999694824219,97.38999938964844,93.7300033569336,95.33000183105469,93.52986907958984,251600,0.0,0.0,FIX
2021-12-03 00:00:00-05:00,96.30000305175781,96.4000015258789,92.4800033569336,94.55999755859375,92.77438354492188,121700,0.0,0.0,FIX
2021-12-06 00:00:00-05:00,96.36000061035156,97.16999816894531,94.7699966430664,96.30000305175781,94.4815444946289,104400,0.0,0.0,FIX
2021-12-07 00:00:00-05:00,96.36000061035156,98.26000213623047,96.36000061035156,97.16000366210938,95.32530212402344,87700,0.0,0.0,FIX
2021-12-08 00:00:00-05:00,97.81999969482422,98.45999908447266,96.2300033569336,98.04000091552734,96.18869018554688,75900,0.0,0.0,FIX
2021-12-09 00:00:00-05:00,97.12000274658203,97.52999877929688,96.25,96.55000305175781,94.72681427001953,97100,0.0,0.0,FIX
2021-12-10 00:00:00-05:00,96.94000244140625,97.4000015258789,95.51000213623047,96.83999633789062,95.0113296508789,124600,0.0,0.0,FIX
2021-12-13 00:00:00-05:00,96.69000244140625,97.1500015258789,95.41999816894531,96.62999725341797,94.8052978515625,143500,0.0,0.0,FIX
2021-12-14 00:00:00-05:00,96.44000244140625,97.02999877929688,94.66999816894531,95.94999694824219,94.13814544677734,261400,0.0,0.0,FIX
2021-12-15 00:00:00-05:00,95.81999969482422,98.80000305175781,94.16000366210938,98.72000122070312,96.8558578491211,232200,0.0,0.0,FIX
2021-12-16 00:00:00-05:00,99.33000183105469,99.33000183105469,95.73999786376953,96.69000244140625,94.86416625976562,239500,0.0,0.0,FIX
2021-12-17 00:00:00-05:00,95.3499984741211,97.16999816894531,94.20999908447266,94.9800033569336,93.18647003173828,485800,0.0,0.0,FIX
2021-12-20 00:00:00-05:00,93.55999755859375,93.87999725341797,91.0,93.26000213623047,91.49896240234375,177800,0.0,0.0,FIX
2021-12-21 00:00:00-05:00,94.2699966430664,97.0999984741211,93.7699966430664,96.80999755859375,94.98190307617188,107200,0.0,0.0,FIX
2021-12-22 00:00:00-05:00,97.16999816894531,97.94000244140625,96.52999877929688,97.94000244140625,96.09058380126953,87600,0.0,0.0,FIX
2021-12-23 00:00:00-05:00,98.18000030517578,99.20999908447266,96.97000122070312,98.83999633789062,96.97357177734375,158400,0.0,0.0,FIX
2021-12-27 00:00:00-05:00,99.0,100.93000030517578,98.30999755859375,100.93000030517578,99.02410888671875,97600,0.0,0.0,FIX
2021-12-28 00:00:00-05:00,100.51000213623047,101.16000366210938,99.37999725341797,99.38999938964844,97.51318359375,119900,0.0,0.0,FIX
2021-12-29 00:00:00-05:00,99.68000030517578,100.27999877929688,99.08000183105469,99.58999633789062,97.70941925048828,84300,0.0,0.0,FIX
2021-12-30 00:00:00-05:00,100.02999877929688,101.31999969482422,98.25,98.33999633789062,96.48301696777344,82600,0.0,0.0,FIX
2021-12-31 00:00:00-05:00,98.47000122070312,99.4800033569336,98.37999725341797,98.94000244140625,97.07168579101562,57800,0.0,0.0,FIX
2022-01-03 00:00:00-05:00,99.44000244140625,100.33000183105469,97.5,98.11000061035156,96.2573471069336,190300,0.0,0.0,FIX
2022-01-04 00:00:00-05:00,98.36000061035156,100.47000122070312,98.12000274658203,99.2699966430664,97.39544677734375,171800,0.0,0.0,FIX
2022-01-05 00:00:00-05:00,98.91000366210938,99.52999877929688,95.58999633789062,95.58999633789062,93.78494262695312,126200,0.0,0.0,FIX
2022-01-06 00:00:00-05:00,96.63999938964844,98.2699966430664,94.83000183105469,97.8499984741211,96.00226593017578,95400,0.0,0.0,FIX
2022-01-07 00:00:00-05:00,97.45999908447266,97.66000366210938,94.79000091552734,95.87000274658203,94.05964660644531,224900,0.0,0.0,FIX
2022-01-10 00:00:00-05:00,95.1500015258789,96.1500015258789,94.01000213623047,95.94999694824219,94.13814544677734,136100,0.0,0.0,FIX
2022-01-11 00:00:00-05:00,95.77999877929688,97.08000183105469,93.56999969482422,97.0,95.16834259033203,156000,0.0,0.0,FIX
2022-01-12 00:00:00-05:00,97.0,98.30000305175781,96.6500015258789,97.7300033569336,95.8845443725586,229100,0.0,0.0,FIX
2022-01-13 00:00:00-05:00,98.58000183105469,98.58000183105469,97.33999633789062,97.91000366210938,96.06114959716797,151600,0.0,0.0,FIX
2022-01-14 00:00:00-05:00,96.61000061035156,97.38999938964844,95.4800033569336,96.94000244140625,95.10943603515625,135400,0.0,0.0,FIX
2022-01-18 00:00:00-05:00,95.56999969482422,96.19000244140625,92.33000183105469,93.19000244140625,91.43026733398438,182000,0.0,0.0,FIX
2022-01-19 00:00:00-05:00,93.97000122070312,93.97000122070312,89.86000061035156,90.1500015258789,88.44766235351562,198400,0.0,0.0,FIX
2022-01-20 00:00:00-05:00,91.02999877929688,93.4000015258789,90.61000061035156,91.36000061035156,89.63483428955078,231200,0.0,0.0,FIX
2022-01-21 00:00:00-05:00,90.93000030517578,92.55000305175781,87.91000366210938,88.22000122070312,86.55412292480469,202600,0.0,0.0,FIX
2022-01-24 00:00:00-05:00,86.7699966430664,90.48999786376953,85.55000305175781,90.11000061035156,88.40843200683594,219700,0.0,0.0,FIX
2022-01-25 00:00:00-05:00,88.4800033569336,89.51000213623047,85.19000244140625,88.26000213623047,86.59337615966797,165000,0.0,0.0,FIX
2022-01-26 00:00:00-05:00,89.80000305175781,90.70999908447266,85.19000244140625,86.45999908447266,84.82733917236328,137700,0.0,0.0,FIX
2022-01-27 00:00:00-05:00,86.58999633789062,89.80000305175781,84.81999969482422,85.37000274658203,83.75794982910156,135500,0.0,0.0,FIX
2022-01-28 00:00:00-05:00,84.98999786376953,87.52999877929688,83.83000183105469,87.38999938964844,85.73978424072266,246300,0.0,0.0,FIX
2022-01-31 00:00:00-05:00,87.02999877929688,89.81999969482422,86.88999938964844,89.77999877929688,88.08465576171875,273000,0.0,0.0,FIX
2022-02-01 00:00:00-05:00,90.0,90.48999786376953,88.26000213623047,88.9800033569336,87.29975891113281,319100,0.0,0.0,FIX
2022-02-02 00:00:00-05:00,89.61000061035156,89.93000030517578,86.5199966430664,87.12999725341797,85.48470306396484,284900,0.0,0.0,FIX
2022-02-03 00:00:00-05:00,86.06999969482422,86.79000091552734,84.87999725341797,85.2300033569336,83.62056732177734,230500,0.0,0.0,FIX
2022-02-04 00:00:00-05:00,85.0,85.45999908447266,83.69999694824219,84.56999969482422,82.97303771972656,148700,0.0,0.0,FIX
2022-02-07 00:00:00-05:00,84.69999694824219,85.70999908447266,84.5,84.88999938964844,83.2870101928711,142500,0.0,0.0,FIX
2022-02-08 00:00:00-05:00,85.06999969482422,87.20999908447266,85.06999969482422,85.91999816894531,84.29754638671875,161400,0.0,0.0,FIX
2022-02-09 00:00:00-05:00,87.26000213623047,89.98999786376953,86.23999786376953,89.5199966430664,87.8295669555664,184600,0.0,0.0,FIX
2022-02-10 00:00:00-05:00,87.76000213623047,89.63999938964844,86.48999786376953,87.18000030517578,85.53376007080078,117400,0.0,0.0,FIX
2022-02-11 00:00:00-05:00,87.33999633789062,88.22000122070312,85.43000030517578,86.80000305175781,85.16093444824219,108200,0.0,0.0,FIX
2022-02-14 00:00:00-05:00,86.95999908447266,88.0999984741211,85.7699966430664,87.27999877929688,85.63188171386719,157200,0.0,0.0,FIX
2022-02-15 00:00:00-05:00,88.61000061035156,90.02999877929688,87.97000122070312,89.55000305175781,87.85901641845703,115000,0.0,0.0,FIX
2022-02-16 00:00:00-05:00,89.02999877929688,91.16999816894531,88.81999969482422,90.12999725341797,88.42805480957031,183000,0.0,0.0,FIX
2022-02-17 00:00:00-05:00,89.16999816894531,89.91000366210938,87.61000061035156,87.9800033569336,86.31864166259766,111400,0.0,0.0,FIX
2022-02-18 00:00:00-05:00,87.77999877929688,88.6500015258789,86.69000244140625,88.22000122070312,86.55412292480469,132600,0.0,0.0,FIX
2022-02-22 00:00:00-05:00,86.88999938964844,87.87000274658203,85.29000091552734,85.83999633789062,84.21906280517578,124800,0.0,0.0,FIX
2022-02-23 00:00:00-05:00,86.12000274658203,86.70999908447266,84.11000061035156,84.38999938964844,82.79645538330078,142300,0.0,0.0,FIX
2022-02-24 00:00:00-05:00,80.0,84.7300033569336,80.0,82.68000030517578,81.11874389648438,348200,0.0,0.0,FIX
2022-02-25 00:00:00-05:00,84.0,86.83999633789062,82.55000305175781,86.08000183105469,84.45453643798828,147100,0.0,0.0,FIX
2022-02-28 00:00:00-05:00,84.7699966430664,86.45999908447266,84.38999938964844,85.9800033569336,84.3564224243164,237300,0.0,0.0,FIX
2022-03-01 00:00:00-05:00,86.0,86.58000183105469,82.9000015258789,83.52999877929688,81.95268249511719,308400,0.0,0.0,FIX
2022-03-02 00:00:00-05:00,84.58000183105469,87.68000030517578,84.58000183105469,86.83999633789062,85.2001724243164,92500,0.0,0.0,FIX
2022-03-03 00:00:00-05:00,87.68000030517578,88.13999938964844,85.19000244140625,85.76000213623047,84.14057922363281,98100,0.0,0.0,FIX
2022-03-04 00:00:00-05:00,84.3499984741211,85.83999633789062,84.08000183105469,85.0,83.3949203491211,137200,0.0,0.0,FIX
2022-03-07 00:00:00-05:00,84.80000305175781,85.70999908447266,83.8499984741211,83.98999786376953,82.40398406982422,106600,0.0,0.0,FIX
2022-03-08 00:00:00-05:00,83.87999725341797,86.51000213623047,83.33000183105469,86.0,84.37602233886719,411100,0.0,0.0,FIX
2022-03-09 00:00:00-05:00,87.51000213623047,89.51000213623047,86.98999786376953,89.41000366210938,87.72164154052734,163700,0.0,0.0,FIX
2022-03-10 00:00:00-05:00,87.36000061035156,90.63999938964844,87.36000061035156,90.5199966430664,88.94001007080078,136100,0.13,0.0,FIX
2022-03-11 00:00:00-05:00,90.94000244140625,92.44999694824219,90.23999786376953,90.77999877929688,89.19546508789062,116200,0.0,0.0,FIX
2022-03-14 00:00:00-04:00,91.30000305175781,91.5199966430664,89.51000213623047,90.68000030517578,89.09722137451172,111600,0.0,0.0,FIX
2022-03-15 00:00:00-04:00,91.61000061035156,91.63999938964844,89.44000244140625,91.12000274658203,89.5295181274414,174600,0.0,0.0,FIX
2022-03-16 00:00:00-04:00,91.80999755859375,92.55999755859375,89.87000274658203,91.91999816894531,90.31558227539062,143300,0.0,0.0,FIX
2022-03-17 00:00:00-04:00,91.55999755859375,93.08999633789062,90.86000061035156,92.5,90.88543701171875,99200,0.0,0.0,FIX
2022-03-18 00:00:00-04:00,92.58000183105469,92.66999816894531,91.27999877929688,92.33000183105469,90.71842193603516,305400,0.0,0.0,FIX
2022-03-21 00:00:00-04:00,92.3499984741211,93.08000183105469,90.7300033569336,93.0,91.37672424316406,126400,0.0,0.0,FIX
2022-03-22 00:00:00-04:00,93.58000183105469,94.62999725341797,92.69000244140625,94.52999877929688,92.88001251220703,243800,0.0,0.0,FIX
2022-03-23 00:00:00-04:00,93.61000061035156,94.8499984741211,91.0199966430664,91.16000366210938,89.56884002685547,338400,0.0,0.0,FIX
2022-03-24 00:00:00-04:00,90.8499984741211,90.93000030517578,86.12000274658203,87.83000183105469,86.29696655273438,201700,0.0,0.0,FIX
2022-03-25 00:00:00-04:00,88.12999725341797,88.61000061035156,86.98999786376953,88.08999633789062,86.55242156982422,108700,0.0,0.0,FIX
2022-03-28 00:00:00-04:00,87.7699966430664,88.20999908447266,86.62000274658203,88.20999908447266,86.67032623291016,106000,0.0,0.0,FIX
2022-03-29 00:00:00-04:00,89.55999755859375,91.63999938964844,89.55999755859375,91.12000274658203,89.5295181274414,126900,0.0,0.0,FIX
2022-03-30 00:00:00-04:00,91.2300033569336,91.69999694824219,89.5999984741211,90.0,88.42909240722656,109900,0.0,0.0,FIX
2022-03-31 00:00:00-04:00,89.80000305175781,90.91000366210938,88.87000274658203,89.01000213623047,87.45636749267578,143600,0.0,0.0,FIX
2022-04-01 00:00:00-04:00,89.48999786376953,90.37000274658203,88.45999908447266,90.12999725341797,88.55680847167969,170200,0.0,0.0,FIX
2022-04-04 00:00:00-04:00,90.51000213623047,90.51000213623047,88.11000061035156,89.80000305175781,88.2325668334961,125400,0.0,0.0,FIX
2022-04-05 00:00:00-04:00,89.75,89.81999969482422,88.5199966430664,88.9000015258789,87.3482894897461,154100,0.0,0.0,FIX
2022-04-06 00:00:00-04:00,88.01000213623047,88.8499984741211,86.68000030517578,87.47000122070312,85.94322967529297,194200,0.0,0.0,FIX
2022-04-07 00:00:00-04:00,87.18000030517578,88.25,86.69000244140625,87.76000213623047,86.22818756103516,183500,0.0,0.0,FIX
2022-04-08 00:00:00-04:00,87.5999984741211,88.30000305175781,86.68000030517578,86.98999786376953,85.47162628173828,110500,0.0,0.0,FIX
2022-04-11 00:00:00-04:00,86.93000030517578,88.0,86.37999725341797,86.69999694824219,85.18668365478516,113100,0.0,0.0,FIX
2022-04-12 00:00:00-04:00,87.75,89.41000366210938,87.26000213623047,87.75,86.21835327148438,84900,0.0,0.0,FIX
2022-04-13 00:00:00-04:00,87.83999633789062,89.18000030517578,87.63999938964844,88.81999969482422,87.2696762084961,64500,0.0,0.0,FIX
2022-04-14 00:00:00-04:00,89.16000366210938,89.76000213623047,88.38999938964844,88.56999969482422,87.02403259277344,93000,0.0,0.0,FIX
2022-04-18 00:00:00-04:00,87.98999786376953,89.19000244140625,86.55000305175781,87.16999816894531,85.64847564697266,96900,0.0,0.0,FIX
2022-04-19 00:00:00-04:00,87.55999755859375,89.62999725341797,87.3499984741211,89.08000183105469,87.52513885498047,128100,0.0,0.0,FIX
2022-04-20 00:00:00-04:00,90.30000305175781,93.62999725341797,90.30000305175781,91.66999816894531,90.06993865966797,113100,0.0,0.0,FIX
2022-04-21 00:00:00-04:00,92.58999633789062,92.83999633789062,88.70999908447266,89.43000030517578,87.86903381347656,157400,0.0,0.0,FIX
2022-04-22 00:00:00-04:00,88.87000274658203,88.91000366210938,86.45999908447266,86.63999938964844,85.12772369384766,141100,0.0,0.0,FIX
2022-04-25 00:00:00-04:00,85.80000305175781,86.7699966430664,84.2300033569336,86.73999786376953,85.22599029541016,140500,0.0,0.0,FIX
2022-04-26 00:00:00-04:00,85.45999908447266,86.44999694824219,84.05000305175781,84.2699966430664,82.79908752441406,148400,0.0,0.0,FIX
2022-04-27 00:00:00-04:00,84.12000274658203,86.93000030517578,84.12000274658203,85.05999755859375,83.57530975341797,140700,0.0,0.0,FIX
2022-04-28 00:00:00-04:00,87.25,87.29000091552734,83.0199966430664,86.0199966430664,84.51853942871094,137800,0.0,0.0,FIX
2022-04-29 00:00:00-04:00,85.05999755859375,86.58999633789062,84.02999877929688,84.41999816894531,82.94648742675781,129500,0.0,0.0,FIX
2022-05-02 00:00:00-04:00,84.22000122070312,85.97000122070312,82.0,84.01000213623047,82.54364776611328,117600,0.0,0.0,FIX
2022-05-03 00:00:00-04:00,84.61000061035156,86.41000366210938,84.0,85.66999816894531,84.17466735839844,130100,0.0,0.0,FIX
2022-05-04 00:00:00-04:00,86.0199966430664,90.52999877929688,86.0199966430664,90.30000305175781,88.72386169433594,144200,0.0,0.0,FIX
2022-05-05 00:00:00-04:00,88.9800033569336,89.16000366210938,85.66999816894531,86.75,85.23580169677734,134400,0.0,0.0,FIX
2022-05-06 00:00:00-04:00,86.30999755859375,87.22000122070312,84.4000015258789,85.20999908447266,83.72268676757812,168900,0.0,0.0,FIX
2022-05-09 00:00:00-04:00,83.77999877929688,85.0999984741211,82.41000366210938,82.9800033569336,81.5316162109375,166100,0.0,0.0,FIX
2022-05-10 00:00:00-04:00,83.63999938964844,85.18000030517578,82.52999877929688,83.98999786376953,82.52398681640625,156900,0.0,0.0,FIX
2022-05-11 00:00:00-04:00,84.05000305175781,84.79000091552734,81.12000274658203,81.58000183105469,80.15604400634766,158600,0.0,0.0,FIX
2022-05-12 00:00:00-04:00,81.58000183105469,83.33000183105469,80.66000366210938,82.58000183105469,81.13859558105469,125200,0.0,0.0,FIX
2022-05-13 00:00:00-04:00,83.48999786376953,85.41999816894531,83.48999786376953,84.0999984741211,82.77238464355469,98800,0.14,0.0,FIX
2022-05-16 00:00:00-04:00,83.87999725341797,84.61000061035156,82.38999938964844,84.08000183105469,82.75270080566406,122000,0.0,0.0,FIX
2022-05-17 00:00:00-04:00,85.54000091552734,86.05999755859375,85.06999969482422,85.58000183105469,84.22903442382812,104500,0.0,0.0,FIX
2022-05-18 00:00:00-04:00,84.83000183105469,87.81999969482422,83.30999755859375,83.72000122070312,82.39839172363281,248600,0.0,0.0,FIX
2022-05-19 00:00:00-04:00,82.55000305175781,84.41000366210938,82.01000213623047,83.31999969482422,82.00470733642578,149500,0.0,0.0,FIX
2022-05-20 00:00:00-04:00,84.43000030517578,84.95999908447266,80.87999725341797,82.47000122070312,81.1681137084961,116200,0.0,0.0,FIX
2022-05-23 00:00:00-04:00,83.11000061035156,84.30000305175781,82.43000030517578,84.12999725341797,82.80192565917969,166500,0.0,0.0,FIX
2022-05-24 00:00:00-04:00,85.1500015258789,87.58999633789062,84.79000091552734,87.4800033569336,86.09902954101562,251500,0.0,0.0,FIX
2022-05-25 00:00:00-04:00,87.0999984741211,87.95999908447266,85.38999938964844,86.5199966430664,85.15419006347656,134900,0.0,0.0,FIX
2022-05-26 00:00:00-04:00,87.19000244140625,89.0,87.08999633789062,88.43000030517578,87.0340347290039,122400,0.0,0.0,FIX
2022-05-27 00:00:00-04:00,88.73999786376953,91.66999816894531,88.73999786376953,91.5999984741211,90.15400695800781,88800,0.0,0.0,FIX
2022-05-31 00:00:00-04:00,90.4000015258789,91.19000244140625,88.87999725341797,89.72000122070312,88.3036880493164,296400,0.0,0.0,FIX
2022-06-01 00:00:00-04:00,90.1500015258789,90.1500015258789,87.12999725341797,89.30000305175781,87.89030456542969,137600,0.0,0.0,FIX
2022-06-02 00:00:00-04:00,89.6500015258789,92.45999908447266,89.36000061035156,92.0,90.54769134521484,116900,0.0,0.0,FIX
2022-06-03 00:00:00-04:00,91.01000213623047,91.5,90.20999908447266,91.30000305175781,89.85871887207031,133700,0.0,0.0,FIX
2022-06-06 00:00:00-04:00,92.3499984741211,93.0999984741211,91.06999969482422,91.88999938964844,90.43941497802734,135700,0.0,0.0,FIX
2022-06-07 00:00:00-04:00,90.70999908447266,92.70999908447266,90.70999908447266,92.55999755859375,91.09883880615234,111000,0.0,0.0,FIX
2022-06-08 00:00:00-04:00,91.83999633789062,92.44000244140625,90.83999633789062,92.23999786376953,90.78389739990234,121500,0.0,0.0,FIX
2022-06-09 00:00:00-04:00,91.5,93.0,91.33000183105469,91.63999938964844,90.19336700439453,96400,0.0,0.0,FIX
2022-06-10 00:00:00-04:00,89.66999816894531,90.23999786376953,88.25,89.19999694824219,87.79187774658203,80800,0.0,0.0,FIX
2022-06-13 00:00:00-04:00,86.26000213623047,87.58000183105469,86.26000213623047,87.04000091552734,85.66597747802734,157700,0.0,0.0,FIX
2022-06-14 00:00:00-04:00,87.04000091552734,87.33999633789062,84.93000030517578,85.62000274658203,84.26839447021484,97600,0.0,0.0,FIX
2022-06-15 00:00:00-04:00,85.9800033569336,87.19000244140625,82.87000274658203,83.87000274658203,82.5460205078125,299400,0.0,0.0,FIX
2022-06-16 00:00:00-04:00,82.08999633789062,82.08999633789062,75.23999786376953,75.81999969482422,74.62308502197266,228900,0.0,0.0,FIX
2022-06-17 00:00:00-04:00,76.19000244140625,79.2699966430664,75.27999877929688,75.33000183105469,74.14083862304688,296400,0.0,0.0,FIX
2022-06-21 00:00:00-04:00,76.41000366210938,77.3499984741211,74.13999938964844,76.30999755859375,75.10535430908203,193400,0.0,0.0,FIX
2022-06-22 00:00:00-04:00,75.55999755859375,78.38999938964844,74.87999725341797,77.9000015258789,76.6702651977539,162900,0.0,0.0,FIX
2022-06-23 00:00:00-04:00,77.69000244140625,79.91000366210938,77.69000244140625,79.30000305175781,78.04818725585938,142400,0.0,0.0,FIX
2022-06-24 00:00:00-04:00,79.95999908447266,83.06999969482422,79.95999908447266,83.0199966430664,81.7094497680664,317900,0.0,0.0,FIX
2022-06-27 00:00:00-04:00,83.86000061035156,84.66999816894531,82.41000366210938,83.69999694824219,82.37873077392578,81900,0.0,0.0,FIX
2022-06-28 00:00:00-04:00,83.94000244140625,85.0999984741211,82.18000030517578,82.37999725341797,81.07954406738281,355800,0.0,0.0,FIX
2022-06-29 00:00:00-04:00,82.80999755859375,82.83000183105469,79.66000366210938,81.25,79.96739196777344,106400,0.0,0.0,FIX
2022-06-30 00:00:00-04:00,79.83000183105469,83.88999938964844,79.83000183105469,83.1500015258789,81.83738708496094,143500,0.0,0.0,FIX
2022-07-01 00:00:00-04:00,82.76000213623047,85.08999633789062,81.7699966430664,84.16999816894531,82.84130096435547,125000,0.0,0.0,FIX
2022-07-05 00:00:00-04:00,82.48999786376953,86.5199966430664,82.25,86.38999938964844,85.02625274658203,353900,0.0,0.0,FIX
2022-07-06 00:00:00-04:00,86.11000061035156,86.11000061035156,83.98999786376953,84.98999786376953,83.64835357666016,93200,0.0,0.0,FIX
2022-07-07 00:00:00-04:00,85.70999908447266,87.62000274658203,85.70999908447266,87.25,85.8726577758789,79800,0.0,0.0,FIX
2022-07-08 00:00:00-04:00,87.08999633789062,87.27999877929688,85.61000061035156,86.01000213623047,84.6522445678711,106900,0.0,0.0,FIX
2022-07-11 00:00:00-04:00,85.62999725341797,86.54000091552734,85.62000274658203,86.08000183105469,84.72114562988281,64500,0.0,0.0,FIX
2022-07-12 00:00:00-04:00,86.19999694824219,86.94000244140625,84.4000015258789,84.80000305175781,83.46133422851562,99100,0.0,0.0,FIX
2022-07-13 00:00:00-04:00,83.5,85.29000091552734,83.19999694824219,84.08999633789062,82.76254272460938,109200,0.0,0.0,FIX
2022-07-14 00:00:00-04:00,82.83999633789062,84.37999725341797,82.2699966430664,84.2300033569336,82.90034484863281,74600,0.0,0.0,FIX
2022-07-15 00:00:00-04:00,85.54000091552734,86.30000305175781,83.98999786376953,85.26000213623047,83.91405487060547,91800,0.0,0.0,FIX
2022-07-18 00:00:00-04:00,86.54000091552734,86.62000274658203,84.18000030517578,84.30000305175781,82.96923065185547,69500,0.0,0.0,FIX
2022-07-19 00:00:00-04:00,85.26000213623047,88.87999725341797,85.26000213623047,88.86000061035156,87.4572525024414,150900,0.0,0.0,FIX
2022-07-20 00:00:00-04:00,88.8499984741211,90.13999938964844,88.22000122070312,89.62000274658203,88.20526885986328,98000,0.0,0.0,FIX
2022-07-21 00:00:00-04:00,89.6500015258789,91.30000305175781,88.9000015258789,91.27999877929688,89.83904266357422,100300,0.0,0.0,FIX
2022-07-22 00:00:00-04:00,91.76000213623047,92.23999786376953,89.36000061035156,91.27999877929688,89.83904266357422,98200,0.0,0.0,FIX
2022-07-25 00:00:00-04:00,91.3499984741211,91.76000213623047,89.29000091552734,89.83999633789062,88.42176818847656,165100,0.0,0.0,FIX
2022-07-26 00:00:00-04:00,89.36000061035156,91.16000366210938,89.25,90.87999725341797,89.44535064697266,144400,0.0,0.0,FIX
2022-07-27 00:00:00-04:00,90.5,93.7300033569336,90.43000030517578,92.58999633789062,91.12837219238281,128000,0.0,0.0,FIX
2022-07-28 00:00:00-04:00,95.37999725341797,99.0,95.2300033569336,98.41999816894531,96.8663330078125,303500,0.0,0.0,FIX
2022-07-29 00:00:00-04:00,99.76000213623047,106.08000183105469,99.0199966430664,105.66000366210938,103.9920425415039,283200,0.0,0.0,FIX
2022-08-01 00:00:00-04:00,105.06999969482422,106.79000091552734,102.95999908447266,105.43000030517578,103.76567077636719,250500,0.0,0.0,FIX
2022-08-02 00:00:00-04:00,105.11000061035156,105.5999984741211,102.83999633789062,104.70999908447266,103.05705261230469,186300,0.0,0.0,FIX
2022-08-03 00:00:00-04:00,105.0,105.61000061035156,102.52999877929688,104.48999786376953,102.84051513671875,170600,0.0,0.0,FIX
2022-08-04 00:00:00-04:00,105.19999694824219,105.19999694824219,101.06999969482422,101.70999908447266,100.10440826416016,206600,0.0,0.0,FIX
2022-08-05 00:00:00-04:00,100.97000122070312,102.70999908447266,100.72000122070312,102.55000305175781,100.93113708496094,204700,0.0,0.0,FIX
2022-08-08 00:00:00-04:00,103.5,105.29000091552734,102.61000061035156,103.4000015258789,101.76771545410156,141500,0.0,0.0,FIX
2022-08-09 00:00:00-04:00,103.4800033569336,103.4800033569336,100.19000244140625,100.63999938964844,99.0512924194336,228800,0.0,0.0,FIX
2022-08-10 00:00:00-04:00,102.86000061035156,104.05000305175781,101.51000213623047,102.75,101.12799072265625,225100,0.0,0.0,FIX
2022-08-11 00:00:00-04:00,104.66999816894531,105.9000015258789,103.2300033569336,104.38999938964844,102.7420883178711,136600,0.0,0.0,FIX
2022-08-12 00:00:00-04:00,105.9800033569336,108.5199966430664,104.5,108.44000244140625,106.72817993164062,120100,0.0,0.0,FIX
2022-08-15 00:00:00-04:00,107.27999877929688,109.0,106.79000091552734,108.2699966430664,106.56082916259766,104300,0.0,0.0,FIX
2022-08-16 00:00:00-04:00,107.52999877929688,108.31999969482422,106.72000122070312,107.54000091552734,105.84235382080078,172000,0.0,0.0,FIX
2022-08-17 00:00:00-04:00,106.23999786376953,108.12999725341797,105.56999969482422,107.33999633789062,105.78323364257812,90800,0.14,0.0,FIX
2022-08-18 00:00:00-04:00,107.36000061035156,108.01000213623047,105.45999908447266,107.79000091552734,106.22669982910156,121500,0.0,0.0,FIX
2022-08-19 00:00:00-04:00,106.91000366210938,106.94000244140625,104.02999877929688,105.05000305175781,103.52645874023438,123200,0.0,0.0,FIX
2022-08-22 00:00:00-04:00,103.37999725341797,104.0,102.18000030517578,102.62000274658203,101.13168334960938,87800,0.0,0.0,FIX
2022-08-23 00:00:00-04:00,103.33000183105469,104.54000091552734,101.48999786376953,101.7699966430664,100.29401397705078,174000,0.0,0.0,FIX
2022-08-24 00:00:00-04:00,101.73999786376953,103.16999816894531,101.6500015258789,102.30000305175781,100.81633758544922,193400,0.0,0.0,FIX
2022-08-25 00:00:00-04:00,102.23999786376953,105.56999969482422,102.08999633789062,105.27999877929688,103.75311279296875,147200,0.0,0.0,FIX
2022-08-26 00:00:00-04:00,105.27999877929688,105.95999908447266,101.80000305175781,102.41999816894531,100.93458557128906,157600,0.0,0.0,FIX
2022-08-29 00:00:00-04:00,101.31999969482422,104.23999786376953,100.79000091552734,102.77999877929688,101.28938293457031,188500,0.0,0.0,FIX
2022-08-30 00:00:00-04:00,103.0199966430664,103.0199966430664,99.4800033569336,99.81999969482422,98.3722915649414,93600,0.0,0.0,FIX
2022-08-31 00:00:00-04:00,99.95999908447266,101.41999816894531,99.95999908447266,100.33999633789062,98.8847427368164,102400,0.0,0.0,FIX
2022-09-01 00:00:00-04:00,99.79000091552734,101.08000183105469,98.70999908447266,100.98999786376953,99.52532196044922,120200,0.0,0.0,FIX
2022-09-02 00:00:00-04:00,102.0199966430664,102.86000061035156,99.9800033569336,100.52999877929688,99.07199096679688,133300,0.0,0.0,FIX
2022-09-06 00:00:00-04:00,100.19000244140625,100.19000244140625,97.87999725341797,98.61000061035156,97.17984771728516,151000,0.0,0.0,FIX
2022-09-07 00:00:00-04:00,99.13999938964844,101.08999633789062,98.66000366210938,100.72000122070312,99.2592544555664,183800,0.0,0.0,FIX
2022-09-08 00:00:00-04:00,99.80999755859375,101.47000122070312,99.80999755859375,101.29000091552734,99.82097625732422,95800,0.0,0.0,FIX
2022-09-09 00:00:00-04:00,102.4000015258789,103.55000305175781,102.01000213623047,102.93000030517578,101.43721008300781,82700,0.0,0.0,FIX
2022-09-12 00:00:00-04:00,103.36000061035156,104.51000213623047,102.58000183105469,104.41999816894531,102.90557861328125,132900,0.0,0.0,FIX
2022-09-13 00:00:00-04:00,101.5199966430664,103.01000213623047,100.80000305175781,101.80000305175781,100.32357788085938,212500,0.0,0.0,FIX
2022-09-14 00:00:00-04:00,101.29000091552734,102.19999694824219,99.02999877929688,100.02999877929688,98.57923126220703,124000,0.0,0.0,FIX
2022-09-15 00:00:00-04:00,99.05999755859375,101.1500015258789,98.58000183105469,99.08999633789062,97.65288543701172,100200,0.0,0.0,FIX
2022-09-16 00:00:00-04:00,98.0,99.87000274658203,97.05999755859375,99.79000091552734,98.34272003173828,300200,0.0,0.0,FIX
2022-09-19 00:00:00-04:00,98.8499984741211,103.0,98.8499984741211,102.87999725341797,101.3879165649414,111100,0.0,0.0,FIX
2022-09-20 00:00:00-04:00,101.79000091552734,103.69000244140625,101.31999969482422,103.6500015258789,102.14677429199219,210500,0.0,0.0,FIX
2022-09-21 00:00:00-04:00,104.87000274658203,106.18000030517578,102.7699966430664,103.08999633789062,101.59486389160156,201600,0.0,0.0,FIX
2022-09-22 00:00:00-04:00,102.36000061035156,102.36000061035156,99.47000122070312,100.33000183105469,98.87490844726562,233800,0.0,0.0,FIX
2022-09-23 00:00:00-04:00,99.16000366210938,99.98999786376953,97.4000015258789,98.1500015258789,96.72652435302734,159200,0.0,0.0,FIX
2022-09-26 00:00:00-04:00,97.29000091552734,99.55000305175781,96.52999877929688,96.5999984741211,95.19901275634766,138400,0.0,0.0,FIX
2022-09-27 00:00:00-04:00,97.95999908447266,98.76000213623047,95.27999877929688,96.4800033569336,95.08074951171875,126500,0.0,0.0,FIX
2022-09-28 00:00:00-04:00,97.48999786376953,100.58000183105469,97.26000213623047,99.70999908447266,98.2638931274414,221500,0.0,0.0,FIX
2022-09-29 00:00:00-04:00,98.9800033569336,100.37000274658203,95.66999816894531,96.79000091552734,95.3862533569336,149800,0.0,0.0,FIX
2022-09-30 00:00:00-04:00,97.36000061035156,100.55000305175781,97.30999755859375,97.33000183105469,95.91841125488281,225400,0.0,0.0,FIX
2022-10-03 00:00:00-04:00,98.47000122070312,104.22000122070312,98.47000122070312,103.37999725341797,101.88066864013672,220100,0.0,0.0,FIX
2022-10-04 00:00:00-04:00,105.0,107.9800033569336,105.0,106.9000015258789,105.34962463378906,215000,0.0,0.0,FIX
2022-10-05 00:00:00-04:00,104.63999938964844,105.80999755859375,102.91999816894531,103.0,101.50617218017578,299800,0.0,0.0,FIX
2022-10-06 00:00:00-04:00,102.5,103.4000015258789,101.73999786376953,103.30999755859375,101.81168365478516,166500,0.0,0.0,FIX
2022-10-07 00:00:00-04:00,102.58999633789062,102.70999908447266,100.01000213623047,100.76000213623047,99.29866027832031,187300,0.0,0.0,FIX
2022-10-10 00:00:00-04:00,101.47000122070312,102.45999908447266,100.62000274658203,101.02999877929688,99.56475067138672,123900,0.0,0.0,FIX
2022-10-11 00:00:00-04:00,100.66000366210938,103.4000015258789,100.02999877929688,102.2699966430664,100.78675079345703,153300,0.0,0.0,FIX
2022-10-12 00:00:00-04:00,102.61000061035156,102.61000061035156,99.86000061035156,100.80999755859375,99.34794616699219,81400,0.0,0.0,FIX
2022-10-13 00:00:00-04:00,98.9800033569336,103.69000244140625,97.5,103.30000305175781,101.80183410644531,153600,0.0,0.0,FIX
2022-10-14 00:00:00-04:00,103.93000030517578,104.30000305175781,101.11000061035156,101.31999969482422,99.85053253173828,179700,0.0,0.0,FIX
2022-10-17 00:00:00-04:00,103.30999755859375,104.72000122070312,102.91999816894531,104.55999755859375,103.04356384277344,216100,0.0,0.0,FIX
2022-10-18 00:00:00-04:00,107.06999969482422,107.94000244140625,105.23999786376953,107.7699966430664,106.20699310302734,154600,0.0,0.0,FIX
2022-10-19 00:00:00-04:00,106.91000366210938,106.91000366210938,104.80000305175781,106.75,105.20179748535156,123800,0.0,0.0,FIX
2022-10-20 00:00:00-04:00,106.55000305175781,106.81999969482422,102.80000305175781,103.66999816894531,102.16645812988281,210300,0.0,0.0,FIX
2022-10-21 00:00:00-04:00,105.11000061035156,107.76000213623047,104.1500015258789,106.58999633789062,105.04410552978516,168400,0.0,0.0,FIX
2022-10-24 00:00:00-04:00,106.69999694824219,109.70999908447266,106.54000091552734,108.31999969482422,106.7490005493164,253400,0.0,0.0,FIX
2022-10-25 00:00:00-04:00,107.94000244140625,111.88999938964844,107.94000244140625,110.22000122070312,108.62147521972656,205500,0.0,0.0,FIX
2022-10-26 00:00:00-04:00,110.95999908447266,113.37000274658203,109.19999694824219,109.68000030517578,108.08930206298828,184500,0.0,0.0,FIX
2022-10-27 00:00:00-04:00,110.93000030517578,119.80999755859375,110.93000030517578,118.44000244140625,116.72225952148438,355300,0.0,0.0,FIX
2022-10-28 00:00:00-04:00,120.6500015258789,122.81999969482422,119.30999755859375,121.5,119.7378921508789,262700,0.0,0.0,FIX
2022-10-31 00:00:00-04:00,121.20999908447266,123.93000030517578,120.75,123.27999877929688,121.49205780029297,274400,0.0,0.0,FIX
2022-11-01 00:00:00-04:00,123.87999725341797,124.16999816894531,120.80999755859375,120.98999786376953,119.23527526855469,236900,0.0,0.0,FIX
2022-11-02 00:00:00-04:00,120.55999755859375,120.75,115.87000274658203,116.70999908447266,115.01734161376953,315300,0.0,0.0,FIX
2022-11-03 00:00:00-04:00,116.05999755859375,118.69000244140625,115.93000030517578,117.22000122070312,115.51995086669922,186000,0.0,0.0,FIX
2022-11-04 00:00:00-04:00,118.45999908447266,119.97000122070312,117.0999984741211,119.37999725341797,117.64862823486328,174000,0.0,0.0,FIX
2022-11-07 00:00:00-05:00,120.58000183105469,121.94999694824219,119.43000030517578,121.76000213623047,119.99410247802734,223000,0.0,0.0,FIX
2022-11-08 00:00:00-05:00,122.26000213623047,123.0,118.80999755859375,119.94000244140625,118.20050048828125,237500,0.0,0.0,FIX
2022-11-09 00:00:00-05:00,119.06999969482422,121.31999969482422,117.16000366210938,117.75,116.04225158691406,221100,0.0,0.0,FIX
2022-11-10 00:00:00-05:00,122.26000213623047,124.7699966430664,120.98999786376953,123.87000274658203,122.07349395751953,184200,0.0,0.0,FIX
2022-11-11 00:00:00-05:00,123.8499984741211,125.6500015258789,121.25,121.58000183105469,119.81673431396484,188200,0.0,0.0,FIX
2022-11-14 00:00:00-05:00,121.05000305175781,125.29000091552734,120.37000274658203,121.91999816894531,120.15178680419922,266700,0.0,0.0,FIX
2022-11-15 00:00:00-05:00,122.77999877929688,123.7300033569336,120.25,121.30999755859375,119.55062103271484,344900,0.0,0.0,FIX
2022-11-16 00:00:00-05:00,121.29000091552734,122.0999984741211,119.5199966430664,121.44999694824219,119.83674621582031,178900,0.15,0.0,FIX
2022-11-17 00:00:00-05:00,119.47000122070312,123.75,118.75,123.75,122.1062240600586,294900,0.0,0.0,FIX
2022-11-18 00:00:00-05:00,125.95999908447266,127.41999816894531,124.0999984741211,125.1500015258789,123.48762512207031,369900,0.0,0.0,FIX
2022-11-21 00:00:00-05:00,124.7699966430664,127.38999938964844,124.6500015258789,125.9800033569336,124.30660247802734,227100,0.0,0.0,FIX
2022-11-22 00:00:00-05:00,126.25,127.43000030517578,124.62000274658203,126.91999816894531,125.23412322998047,168700,0.0,0.0,FIX
2022-11-23 00:00:00-05:00,126.91999816894531,128.67999267578125,125.73999786376953,126.05999755859375,124.38554382324219,219100,0.0,0.0,FIX
2022-11-25 00:00:00-05:00,126.70999908447266,127.2699966430664,125.69000244140625,126.0199966430664,124.3460693359375,118300,0.0,0.0,FIX
2022-11-28 00:00:00-05:00,124.91999816894531,127.73999786376953,123.33999633789062,123.76000213623047,122.11609649658203,281000,0.0,0.0,FIX
2022-11-29 00:00:00-05:00,123.16999816894531,126.63999938964844,123.16999816894531,124.30999755859375,122.6587905883789,280300,0.0,0.0,FIX
2022-11-30 00:00:00-05:00,124.56999969482422,126.76000213623047,121.37000274658203,126.76000213623047,125.07623291015625,269200,0.0,0.0,FIX
2022-12-01 00:00:00-05:00,127.30000305175781,127.30000305175781,125.0999984741211,125.77999877929688,124.10924530029297,130000,0.0,0.0,FIX
2022-12-02 00:00:00-05:00,124.33999633789062,127.02999877929688,124.33999633789062,126.0,124.32633972167969,132200,0.0,0.0,FIX
2022-12-05 00:00:00-05:00,124.6500015258789,124.6500015258789,121.08999633789062,123.37000274658203,121.73126220703125,215000,0.0,0.0,FIX
2022-12-06 00:00:00-05:00,123.33000183105469,124.08000183105469,121.45999908447266,121.66000366210938,120.04399871826172,223700,0.0,0.0,FIX
2022-12-07 00:00:00-05:00,122.08999633789062,123.04000091552734,120.70999908447266,121.27999877929688,119.66902160644531,161000,0.0,0.0,FIX
2022-12-08 00:00:00-05:00,122.13999938964844,122.77999877929688,120.48999786376953,121.9000015258789,120.28079986572266,132200,0.0,0.0,FIX
2022-12-09 00:00:00-05:00,121.55999755859375,121.93000030517578,120.05999755859375,120.62999725341797,119.02767944335938,132300,0.0,0.0,FIX
2022-12-12 00:00:00-05:00,120.66999816894531,120.94000244140625,119.58999633789062,120.36000061035156,118.76124572753906,193500,0.0,0.0,FIX
2022-12-13 00:00:00-05:00,123.87999725341797,124.16000366210938,120.73999786376953,121.5999984741211,119.98477172851562,196700,0.0,0.0,FIX
2022-12-14 00:00:00-05:00,121.58999633789062,122.83000183105469,119.12999725341797,119.98999786376953,118.39616394042969,173000,0.0,0.0,FIX
2022-12-15 00:00:00-05:00,118.81999969482422,118.81999969482422,116.16999816894531,117.52999877929688,115.96882629394531,190400,0.0,0.0,FIX
2022-12-16 00:00:00-05:00,115.80999755859375,116.87000274658203,115.11000061035156,116.0,114.45916748046875,441700,0.0,0.0,FIX
2022-12-19 00:00:00-05:00,115.88999938964844,117.7300033569336,115.1500015258789,116.69999694824219,115.14986419677734,144000,0.0,0.0,FIX
2022-12-20 00:00:00-05:00,116.62999725341797,117.19999694824219,115.91000366210938,115.9800033569336,114.43943786621094,165900,0.0,0.0,FIX
2022-12-21 00:00:00-05:00,116.83999633789062,118.19999694824219,115.43000030517578,117.23999786376953,115.68269348144531,142500,0.0,0.0,FIX
2022-12-22 00:00:00-05:00,116.0199966430664,117.16999816894531,114.73999786376953,116.88999938964844,115.33735656738281,126200,0.0,0.0,FIX
2022-12-23 00:00:00-05:00,116.56999969482422,118.3499984741211,116.54000091552734,118.19000244140625,116.62010192871094,78000,0.0,0.0,FIX
2022-12-27 00:00:00-05:00,118.91000366210938,118.91000366210938,117.33999633789062,117.44999694824219,115.88990020751953,90500,0.0,0.0,FIX
2022-12-28 00:00:00-05:00,117.37999725341797,117.77999877929688,115.19999694824219,115.37000274658203,113.8375244140625,84800,0.0,0.0,FIX
2022-12-29 00:00:00-05:00,116.80999755859375,118.18000030517578,116.13999938964844,117.7699966430664,116.20565795898438,118700,0.0,0.0,FIX
2022-12-30 00:00:00-05:00,116.8499984741211,116.91999816894531,114.83999633789062,115.08000183105469,113.55140686035156,253000,0.0,0.0,FIX
2023-01-03 00:00:00-05:00,115.66999816894531,117.18000030517578,114.62000274658203,117.0999984741211,115.54454040527344,188100,0.0,0.0,FIX
2023-01-04 00:00:00-05:00,117.56999969482422,118.86000061035156,114.12000274658203,114.87999725341797,113.35401916503906,178100,0.0,0.0,FIX
2023-01-05 00:00:00-05:00,114.4800033569336,114.66999816894531,111.27999877929688,111.86000061035156,110.37415313720703,208400,0.0,0.0,FIX
2023-01-06 00:00:00-05:00,113.51000213623047,114.70999908447266,112.73999786376953,113.76000213623047,112.24893188476562,307100,0.0,0.0,FIX
2023-01-09 00:00:00-05:00,114.44000244140625,116.31999969482422,113.72000122070312,114.62000274658203,113.09748840332031,184400,0.0,0.0,FIX
2023-01-10 00:00:00-05:00,114.08000183105469,115.56999969482422,114.08000183105469,115.4000015258789,113.86714172363281,173400,0.0,0.0,FIX
2023-01-11 00:00:00-05:00,115.93000030517578,117.58999633789062,115.23999786376953,117.12000274658203,115.56429290771484,129900,0.0,0.0,FIX
2023-01-12 00:00:00-05:00,117.25,121.33999633789062,116.4000015258789,120.79000091552734,119.185546875,424400,0.0,0.0,FIX
2023-01-13 00:00:00-05:00,120.41999816894531,125.0,120.41999816894531,124.2300033569336,122.57986450195312,252500,0.0,0.0,FIX
2023-01-17 00:00:00-05:00,123.66000366210938,124.80999755859375,117.9800033569336,119.80000305175781,118.20869445800781,193900,0.0,0.0,FIX
2023-01-18 00:00:00-05:00,120.02999877929688,121.8499984741211,118.86000061035156,118.86000061035156,117.28118133544922,128700,0.0,0.0,FIX
2023-01-19 00:00:00-05:00,118.41000366210938,119.18000030517578,114.58000183105469,114.73999786376953,113.21590423583984,161700,0.0,0.0,FIX
2023-01-20 00:00:00-05:00,115.86000061035156,117.13999938964844,113.80999755859375,117.08999633789062,115.5346908569336,196700,0.0,0.0,FIX
2023-01-23 00:00:00-05:00,117.22000122070312,118.7300033569336,116.16000366210938,118.05999755859375,116.4917984008789,114600,0.0,0.0,FIX
2023-01-24 00:00:00-05:00,116.7300033569336,120.91999816894531,116.7300033569336,119.66999816894531,118.08039855957031,103300,0.0,0.0,FIX
2023-01-25 00:00:00-05:00,118.87999725341797,119.72000122070312,117.81999969482422,118.19999694824219,116.62994384765625,91800,0.0,0.0,FIX
2023-01-26 00:00:00-05:00,119.51000213623047,120.08000183105469,117.25,119.38999938964844,117.80412292480469,137100,0.0,0.0,FIX
2023-01-27 00:00:00-05:00,119.25,119.98999786376953,119.01000213623047,119.1500015258789,117.56732940673828,78600,0.0,0.0,FIX
2023-01-30 00:00:00-05:00,118.02999877929688,121.0,118.02999877929688,118.05999755859375,116.4917984008789,138600,0.0,0.0,FIX
2023-01-31 00:00:00-05:00,118.19999694824219,121.04000091552734,118.19999694824219,121.04000091552734,119.43222045898438,229000,0.0,0.0,FIX
2023-02-01 00:00:00-05:00,120.91999816894531,122.44999694824219,119.44000244140625,121.91999816894531,120.30052947998047,327100,0.0,0.0,FIX
2023-02-02 00:00:00-05:00,122.0,123.41999816894531,120.80000305175781,121.9800033569336,120.3597412109375,166500,0.0,0.0,FIX
2023-02-03 00:00:00-05:00,121.55999755859375,124.91999816894531,121.55999755859375,122.33000183105469,120.705078125,176100,0.0,0.0,FIX
2023-02-06 00:00:00-05:00,122.12999725341797,122.41999816894531,120.20999908447266,120.97000122070312,119.36314392089844,123700,0.0,0.0,FIX
2023-02-07 00:00:00-05:00,120.05000305175781,122.2300033569336,119.13999938964844,121.48999786376953,119.8762435913086,170200,0.0,0.0,FIX
2023-02-08 00:00:00-05:00,120.87999725341797,121.55999755859375,119.72000122070312,120.30000305175781,118.7020492553711,180200,0.0,0.0,FIX
2023-02-09 00:00:00-05:00,121.37000274658203,121.76000213623047,118.69000244140625,118.79000091552734,117.21210479736328,113300,0.0,0.0,FIX
2023-02-10 00:00:00-05:00,118.73999786376953,120.5199966430664,117.72000122070312,119.95999908447266,118.36656951904297,386300,0.0,0.0,FIX
2023-02-13 00:00:00-05:00,120.56999969482422,123.06999969482422,119.76000213623047,122.37000274658203,120.74456787109375,213200,0.0,0.0,FIX
2023-02-14 00:00:00-05:00,122.0,123.54000091552734,120.81999969482422,122.38999938964844,120.76428985595703,123700,0.0,0.0,FIX
2023-02-15 00:00:00-05:00,121.0999984741211,125.08999633789062,121.0999984741211,124.4800033569336,122.8265151977539,149500,0.0,0.0,FIX
2023-02-16 00:00:00-05:00,122.95999908447266,126.81999969482422,122.95999908447266,125.87999725341797,124.20793151855469,267900,0.0,0.0,FIX
2023-02-17 00:00:00-05:00,126.44999694824219,127.98999786376953,126.30999755859375,127.62999725341797,125.93468475341797,284700,0.0,0.0,FIX
2023-02-21 00:00:00-05:00,126.4800033569336,128.08999633789062,122.80999755859375,123.66000366210938,122.01741790771484,319600,0.0,0.0,FIX
2023-02-22 00:00:00-05:00,123.80000305175781,125.05000305175781,123.37999725341797,123.9000015258789,122.25423431396484,299800,0.0,0.0,FIX
2023-02-23 00:00:00-05:00,127.33000183105469,140.0500030517578,127.33000183105469,136.0,134.1935272216797,441500,0.0,0.0,FIX
2023-02-24 00:00:00-05:00,140.42999267578125,146.86000061035156,136.14999389648438,146.80999755859375,144.8599090576172,688300,0.0,0.0,FIX
2023-02-27 00:00:00-05:00,147.8000030517578,148.86000061035156,145.2899932861328,146.89999389648438,144.94871520996094,545200,0.0,0.0,FIX
2023-02-28 00:00:00-05:00,147.19000244140625,148.88999938964844,145.2100067138672,145.44000244140625,143.5081024169922,367800,0.0,0.0,FIX
2023-03-01 00:00:00-05:00,146.39999389648438,147.63999938964844,145.27000427246094,146.94000244140625,144.9882049560547,384400,0.0,0.0,FIX
2023-03-02 00:00:00-05:00,146.55999755859375,148.32000732421875,145.72000122070312,147.1999969482422,145.24473571777344,243000,0.0,0.0,FIX
2023-03-03 00:00:00-05:00,147.8300018310547,152.1300048828125,147.1300048828125,151.0399932861328,149.03372192382812,254900,0.0,0.0,FIX
2023-03-06 00:00:00-05:00,150.69000244140625,151.52999877929688,149.1999969482422,150.8300018310547,148.8265380859375,269900,0.0,0.0,FIX
2023-03-07 00:00:00-05:00,151.5,151.91000366210938,148.77000427246094,149.0800018310547,147.0997314453125,173600,0.0,0.0,FIX
2023-03-08 00:00:00-05:00,149.58999633789062,149.58999633789062,147.1300048828125,148.82000732421875,146.8432159423828,186700,0.0,0.0,FIX
2023-03-09 00:00:00-05:00,148.85000610351562,149.50999450683594,144.1699981689453,145.0,143.24240112304688,220400,0.175,0.0,FIX
2023-03-10 00:00:00-05:00,145.0,145.0,139.41000366210938,140.97999572753906,139.27113342285156,289600,0.0,0.0,FIX
2023-03-13 00:00:00-04:00,138.35000610351562,140.39999389648438,136.25999450683594,137.0,135.33935546875,263600,0.0,0.0,FIX
2023-03-14 00:00:00-04:00,140.60000610351562,141.94000244140625,139.39999389648438,140.58999633789062,138.8858642578125,332200,0.0,0.0,FIX
2023-03-15 00:00:00-04:00,137.5399932861328,137.5399932861328,133.17999267578125,136.1199951171875,134.4700469970703,270700,0.0,0.0,FIX
2023-03-16 00:00:00-04:00,134.16000366210938,140.7100067138672,134.16000366210938,139.02000427246094,137.3349151611328,174100,0.0,0.0,FIX
2023-03-17 00:00:00-04:00,137.74000549316406,137.74000549316406,134.25999450683594,134.42999267578125,132.800537109375,821600,0.0,0.0,FIX
2023-03-20 00:00:00-04:00,136.10000610351562,139.9499969482422,136.10000610351562,139.14999389648438,137.46331787109375,289600,0.0,0.0,FIX
2023-03-21 00:00:00-04:00,141.44000244140625,142.1999969482422,139.2100067138672,141.22000122070312,139.50823974609375,294500,0.0,0.0,FIX
2023-03-22 00:00:00-04:00,140.66000366210938,141.5,139.38999938964844,139.97000122070312,138.2733612060547,327200,0.0,0.0,FIX
2023-03-23 00:00:00-04:00,140.07000732421875,141.1999969482422,135.17999267578125,135.69000244140625,134.0452423095703,199600,0.0,0.0,FIX
2023-03-24 00:00:00-04:00,133.80999755859375,138.4499969482422,132.55999755859375,137.88999938964844,136.2185821533203,198900,0.0,0.0,FIX
2023-03-27 00:00:00-04:00,139.1300048828125,141.4499969482422,138.07000732421875,139.7100067138672,138.0165252685547,160400,0.0,0.0,FIX
2023-03-28 00:00:00-04:00,139.05999755859375,142.85000610351562,138.8800048828125,141.94000244140625,140.219482421875,227900,0.0,0.0,FIX
2023-03-29 00:00:00-04:00,143.0,145.89999389648438,142.39999389648438,143.9600067138672,142.21502685546875,323400,0.0,0.0,FIX
2023-03-30 00:00:00-04:00,144.58999633789062,145.47000122070312,139.5500030517578,142.52999877929688,140.8023223876953,388100,0.0,0.0,FIX
2023-03-31 00:00:00-04:00,143.32000732421875,146.4499969482422,143.32000732421875,145.9600067138672,144.19076538085938,282800,0.0,0.0,FIX
2023-04-03 00:00:00-04:00,145.82000732421875,147.67999267578125,145.1999969482422,146.61000061035156,144.8328857421875,270000,0.0,0.0,FIX
2023-04-04 00:00:00-04:00,147.32000732421875,147.32000732421875,138.75999450683594,140.1999969482422,138.50059509277344,469200,0.0,0.0,FIX
2023-04-05 00:00:00-04:00,138.57000732421875,139.32000732421875,129.74000549316406,131.6199951171875,130.0246124267578,381100,0.0,0.0,FIX
2023-04-06 00:00:00-04:00,131.60000610351562,132.14999389648438,129.13999938964844,129.30999755859375,127.74259948730469,365700,0.0,0.0,FIX
2023-04-10 00:00:00-04:00,128.66000366210938,132.47999572753906,127.08999633789062,130.5500030517578,128.96754455566406,335300,0.0,0.0,FIX
2023-04-11 00:00:00-04:00,130.77999877929688,132.4499969482422,128.7100067138672,129.6699981689453,128.09823608398438,295900,0.0,0.0,FIX
2023-04-12 00:00:00-04:00,130.75999450683594,131.5,128.97999572753906,130.55999755859375,128.97743225097656,188900,0.0,0.0,FIX
2023-04-13 00:00:00-04:00,131.0800018310547,132.69000244140625,129.92999267578125,131.75,130.1529998779297,144900,0.0,0.0,FIX
2023-04-14 00:00:00-04:00,131.3800048828125,134.0399932861328,130.5399932861328,130.97999572753906,129.39230346679688,176900,0.0,0.0,FIX
2023-04-17 00:00:00-04:00,132.2899932861328,133.44000244140625,131.44000244140625,132.4600067138672,130.85440063476562,118300,0.0,0.0,FIX
2023-04-18 00:00:00-04:00,133.64999389648438,134.74000549316406,131.72000122070312,132.75,131.14089965820312,137500,0.0,0.0,FIX
2023-04-19 00:00:00-04:00,132.8800048828125,134.8800048828125,132.25,134.1199951171875,132.4942626953125,195900,0.0,0.0,FIX
2023-04-20 00:00:00-04:00,133.61000061035156,137.5500030517578,133.50999450683594,137.5,135.8333282470703,217500,0.0,0.0,FIX
2023-04-21 00:00:00-04:00,137.22999572753906,138.27999877929688,135.61000061035156,136.19000244140625,134.5391845703125,350400,0.0,0.0,FIX
2023-04-24 00:00:00-04:00,136.6199951171875,137.77000427246094,133.57000732421875,134.00999450683594,132.38560485839844,208600,0.0,0.0,FIX
2023-04-25 00:00:00-04:00,132.61000061035156,133.91000366210938,131.4199981689453,131.8800048828125,130.2814483642578,284400,0.0,0.0,FIX
2023-04-26 00:00:00-04:00,130.39999389648438,133.10000610351562,129.77000427246094,132.8300018310547,131.2199249267578,628800,0.0,0.0,FIX
2023-04-27 00:00:00-04:00,133.24000549316406,149.38999938964844,133.24000549316406,148.85000610351562,147.04574584960938,603400,0.0,0.0,FIX
2023-04-28 00:00:00-04:00,148.61000061035156,150.94000244140625,147.82000732421875,149.49000549316406,147.67799377441406,333800,0.0,0.0,FIX
2023-05-01 00:00:00-04:00,149.2100067138672,152.49000549316406,147.08999633789062,147.50999450683594,145.7219696044922,221800,0.0,0.0,FIX
2023-05-02 00:00:00-04:00,147.27000427246094,150.80999755859375,145.41000366210938,150.3000030517578,148.47816467285156,295500,0.0,0.0,FIX
2023-05-03 00:00:00-04:00,150.88999938964844,153.89999389648438,149.3699951171875,149.6999969482422,147.8854522705078,380100,0.0,0.0,FIX
2023-05-04 00:00:00-04:00,148.4199981689453,148.88999938964844,145.22999572753906,147.99000549316406,146.1961669921875,339000,0.0,0.0,FIX
2023-05-05 00:00:00-04:00,149.89999389648438,154.14999389648438,149.0,151.8699951171875,150.0290985107422,464700,0.0,0.0,FIX
2023-05-08 00:00:00-04:00,152.00999450683594,153.50999450683594,147.6199951171875,147.9199981689453,146.1269989013672,242200,0.0,0.0,FIX
2023-05-09 00:00:00-04:00,147.55999755859375,149.39999389648438,146.00999450683594,148.35000610351562,146.5518035888672,161400,0.0,0.0,FIX
2023-05-10 00:00:00-04:00,150.36000061035156,150.64999389648438,148.19000244140625,150.3000030517578,148.47816467285156,402800,0.0,0.0,FIX
2023-05-11 00:00:00-04:00,148.82000732421875,150.7899932861328,148.6999969482422,150.0,148.1818084716797,294200,0.0,0.0,FIX
2023-05-12 00:00:00-04:00,150.00999450683594,152.6300048828125,150.00999450683594,150.2899932861328,148.46826171875,228900,0.0,0.0,FIX
2023-05-15 00:00:00-04:00,150.38999938964844,152.14999389648438,149.6300048828125,151.4499969482422,149.6142120361328,253200,0.0,0.0,FIX
2023-05-16 00:00:00-04:00,150.1699981689453,151.32000732421875,149.1199951171875,150.66000366210938,148.83380126953125,162300,0.0,0.0,FIX
2023-05-17 00:00:00-04:00,151.0399932861328,152.39999389648438,149.4499969482422,151.2100067138672,149.57568359375,204500,0.2,0.0,FIX
2023-05-18 00:00:00-04:00,151.58999633789062,154.47999572753906,150.72999572753906,154.02999877929688,152.36521911621094,211000,0.0,0.0,FIX
2023-05-19 00:00:00-04:00,155.5,156.19000244140625,149.5800018310547,151.32000732421875,149.6844940185547,184400,0.0,0.0,FIX
2023-05-22 00:00:00-04:00,151.25999450683594,153.25999450683594,149.22999572753906,150.99000549316406,149.35806274414062,203500,0.0,0.0,FIX
2023-05-23 00:00:00-04:00,150.05999755859375,151.02999877929688,147.0399932861328,147.07000732421875,145.48043823242188,304000,0.0,0.0,FIX
2023-05-24 00:00:00-04:00,147.1999969482422,149.22999572753906,144.80999755859375,144.83999633789062,143.2745361328125,220400,0.0,0.0,FIX
2023-05-25 00:00:00-04:00,145.36000061035156,150.17999267578125,145.0,150.16000366210938,148.53707885742188,284600,0.0,0.0,FIX
2023-05-26 00:00:00-04:00,150.72999572753906,152.32000732421875,149.7899932861328,150.0,148.3787841796875,175300,0.0,0.0,FIX
2023-05-30 00:00:00-04:00,150.9600067138672,152.0500030517578,150.24000549316406,151.33999633789062,149.70428466796875,221100,0.0,0.0,FIX
2023-05-31 00:00:00-04:00,150.22999572753906,152.88999938964844,146.30999755859375,147.97999572753906,146.38058471679688,285500,0.0,0.0,FIX
2023-06-01 00:00:00-04:00,147.41000366210938,148.7899932861328,144.4499969482422,148.3800048828125,146.77627563476562,222100,0.0,0.0,FIX
2023-06-02 00:00:00-04:00,150.13999938964844,154.92999267578125,150.13999938964844,154.86000061035156,153.1862335205078,286500,0.0,0.0,FIX
2023-06-05 00:00:00-04:00,153.10000610351562,153.60000610351562,149.6199951171875,152.27999877929688,150.63409423828125,215300,0.0,0.0,FIX
2023-06-06 00:00:00-04:00,151.82000732421875,159.5,151.4199981689453,158.83999633789062,157.1232147216797,310900,0.0,0.0,FIX
2023-06-07 00:00:00-04:00,158.80999755859375,161.94000244140625,157.58999633789062,158.14999389648438,156.44065856933594,331800,0.0,0.0,FIX
2023-06-08 00:00:00-04:00,157.35000610351562,159.72000122070312,156.38999938964844,158.22999572753906,156.51983642578125,143800,0.0,0.0,FIX
2023-06-09 00:00:00-04:00,157.91000366210938,158.58999633789062,155.89999389648438,158.0399932861328,156.33187866210938,167700,0.0,0.0,FIX
2023-06-12 00:00:00-04:00,158.88999938964844,162.75,157.0500030517578,160.2899932861328,158.5575714111328,328900,0.0,0.0,FIX
2023-06-13 00:00:00-04:00,160.5800018310547,162.16000366210938,158.02000427246094,158.33999633789062,156.62864685058594,272500,0.0,0.0,FIX
2023-06-14 00:00:00-04:00,158.33999633789062,161.7899932861328,156.72999572753906,160.3800048828125,158.64659118652344,359100,0.0,0.0,FIX
2023-06-15 00:00:00-04:00,160.14999389648438,163.61000061035156,160.0,162.64999389648438,160.89205932617188,353900,0.0,0.0,FIX
2023-06-16 00:00:00-04:00,164.89999389648438,165.0500030517578,160.5399932861328,161.5800018310547,159.83358764648438,602600,0.0,0.0,FIX
2023-06-20 00:00:00-04:00,161.52999877929688,162.10000610351562,159.60000610351562,159.6999969482422,157.97393798828125,276600,0.0,0.0,FIX
2023-06-21 00:00:00-04:00,159.77000427246094,164.86000061035156,158.80999755859375,164.35000610351562,162.5736846923828,243000,0.0,0.0,FIX
2023-06-22 00:00:00-04:00,164.16000366210938,164.92999267578125,161.74000549316406,162.0800018310547,160.32818603515625,183900,0.0,0.0,FIX
2023-06-23 00:00:00-04:00,160.5500030517578,163.63999938964844,159.16000366210938,160.57000732421875,158.8345489501953,397400,0.0,0.0,FIX
2023-06-26 00:00:00-04:00,160.52000427246094,164.0,160.44000244140625,161.0,159.25990295410156,206400,0.0,0.0,FIX
2023-06-27 00:00:00-04:00,160.19000244140625,163.07000732421875,160.10000610351562,162.0,160.24905395507812,165200,0.0,0.0,FIX
2023-06-28 00:00:00-04:00,162.75,163.16000366210938,160.7100067138672,160.92999267578125,159.19061279296875,146900,0.0,0.0,FIX
2023-06-29 00:00:00-04:00,160.72000122070312,166.6199951171875,160.60000610351562,166.3000030517578,164.5025634765625,253100,0.0,0.0,FIX
2023-06-30 00:00:00-04:00,167.52999877929688,167.52999877929688,164.0,164.1999969482422,162.42527770996094,210100,0.0,0.0,FIX
2023-07-03 00:00:00-04:00,164.1999969482422,165.8800048828125,163.75999450683594,164.44000244140625,162.66268920898438,94300,0.0,0.0,FIX
2023-07-05 00:00:00-04:00,163.47000122070312,163.91000366210938,160.14999389648438,161.91000366210938,160.16004943847656,169300,0.0,0.0,FIX
2023-07-06 00:00:00-04:00,160.3699951171875,161.6699981689453,157.32000732421875,159.77000427246094,158.04318237304688,163300,0.0,0.0,FIX
2023-07-07 00:00:00-04:00,159.77000427246094,162.10000610351562,159.5800018310547,159.83999633789062,158.11241149902344,199900,0.0,0.0,FIX
2023-07-10 00:00:00-04:00,159.4199981689453,163.6199951171875,159.4199981689453,163.25999450683594,161.49545288085938,115500,0.0,0.0,FIX
2023-07-11 00:00:00-04:00,163.25,164.57000732421875,160.82000732421875,164.0,162.22744750976562,186800,0.0,0.0,FIX
2023-07-12 00:00:00-04:00,166.02999877929688,166.3800048828125,164.36000061035156,164.5500030517578,162.77149963378906,131400,0.0,0.0,FIX
2023-07-13 00:00:00-04:00,165.0,166.75999450683594,164.36000061035156,166.16000366210938,164.36412048339844,129400,0.0,0.0,FIX
2023-07-14 00:00:00-04:00,167.11000061035156,167.8800048828125,163.00999450683594,163.77999877929688,162.0098419189453,141000,0.0,0.0,FIX
2023-07-17 00:00:00-04:00,163.8300018310547,166.69000244140625,163.8300018310547,165.9499969482422,164.1564178466797,178200,0.0,0.0,FIX
2023-07-18 00:00:00-04:00,165.9499969482422,172.02000427246094,165.67999267578125,170.05999755859375,168.22198486328125,271500,0.0,0.0,FIX
2023-07-19 00:00:00-04:00,169.66000366210938,170.8800048828125,165.10000610351562,169.1999969482422,167.3712615966797,157300,0.0,0.0,FIX
2023-07-20 00:00:00-04:00,169.6999969482422,169.6999969482422,165.33999633789062,165.85000610351562,164.0574493408203,100200,0.0,0.0,FIX
2023-07-21 00:00:00-04:00,167.36000061035156,167.36000061035156,164.63999938964844,164.7899932861328,163.0089111328125,168100,0.0,0.0,FIX
2023-07-24 00:00:00-04:00,165.24000549316406,167.4600067138672,164.60000610351562,167.08999633789062,165.28407287597656,143800,0.0,0.0,FIX
2023-07-25 00:00:00-04:00,166.19000244140625,168.52000427246094,166.19000244140625,167.50999450683594,165.69952392578125,116600,0.0,0.0,FIX
2023-07-26 00:00:00-04:00,166.42999267578125,167.6999969482422,164.67999267578125,165.8800048828125,164.08712768554688,150500,0.0,0.0,FIX
2023-07-27 00:00:00-04:00,170.1199951171875,171.07000732421875,153.3000030517578,165.3800048828125,163.59254455566406,470100,0.0,0.0,FIX
2023-07-28 00:00:00-04:00,169.16000366210938,174.55999755859375,169.16000366210938,173.77999877929688,171.90174865722656,206300,0.0,0.0,FIX
2023-07-31 00:00:00-04:00,175.0,176.27000427246094,171.97000122070312,173.97000122070312,172.08969116210938,180900,0.0,0.0,FIX
2023-08-01 00:00:00-04:00,173.35000610351562,176.08999633789062,172.85000610351562,173.66000366210938,171.78305053710938,155400,0.0,0.0,FIX
2023-08-02 00:00:00-04:00,172.07000732421875,175.83999633789062,171.47999572753906,174.75999450683594,172.8711700439453,170800,0.0,0.0,FIX
2023-08-03 00:00:00-04:00,175.0,177.22999572753906,173.25,176.80999755859375,174.8989715576172,209800,0.0,0.0,FIX
2023-08-04 00:00:00-04:00,177.38999938964844,179.9499969482422,175.91000366210938,177.50999450683594,175.59141540527344,221800,0.0,0.0,FIX
2023-08-07 00:00:00-04:00,177.32000732421875,182.1199951171875,177.32000732421875,181.14999389648438,179.19207763671875,174300,0.0,0.0,FIX
2023-08-08 00:00:00-04:00,180.02000427246094,182.94000244140625,177.6199951171875,181.0399932861328,179.0832977294922,304500,0.0,0.0,FIX
2023-08-09 00:00:00-04:00,180.1199951171875,180.5,177.08999633789062,177.41000366210938,175.4925079345703,173500,0.0,0.0,FIX
2023-08-10 00:00:00-04:00,178.00999450683594,179.72000122070312,175.16000366210938,176.8000030517578,174.8890838623047,313800,0.0,0.0,FIX
2023-08-11 00:00:00-04:00,176.44000244140625,179.3300018310547,176.44000244140625,178.02999877929688,176.1057891845703,115800,0.0,0.0,FIX
2023-08-14 00:00:00-04:00,177.0800018310547,180.11000061035156,175.9199981689453,177.85000610351562,175.92779541015625,163000,0.0,0.0,FIX
2023-08-15 00:00:00-04:00,177.67999267578125,180.3800048828125,176.88999938964844,178.92999267578125,176.99607849121094,214200,0.0,0.0,FIX
2023-08-16 00:00:00-04:00,178.8300018310547,181.8300018310547,178.77999877929688,179.08999633789062,177.37742614746094,164300,0.225,0.0,FIX
2023-08-17 00:00:00-04:00,178.88999938964844,179.61000061035156,173.10000610351562,173.75999450683594,172.098388671875,195100,0.0,0.0,FIX
2023-08-18 00:00:00-04:00,172.94000244140625,177.77000427246094,172.6999969482422,176.72000122070312,175.03005981445312,253900,0.0,0.0,FIX
2023-08-21 00:00:00-04:00,176.55999755859375,179.1199951171875,174.25,177.02000427246094,175.3272247314453,150800,0.0,0.0,FIX
2023-08-22 00:00:00-04:00,175.91000366210938,180.74000549316406,175.5399932861328,178.60000610351562,176.89208984375,252400,0.0,0.0,FIX
2023-08-23 00:00:00-04:00,180.24000549316406,182.86000061035156,179.6199951171875,181.6999969482422,179.96246337890625,205600,0.0,0.0,FIX
2023-08-24 00:00:00-04:00,181.86000061035156,183.0399932861328,178.74000549316406,179.4199981689453,177.70423889160156,312800,0.0,0.0,FIX
2023-08-25 00:00:00-04:00,180.0,182.6699981689453,177.8000030517578,181.75,180.011962890625,348300,0.0,0.0,FIX
2023-08-28 00:00:00-04:00,182.8000030517578,185.42999267578125,180.86000061035156,181.19000244140625,179.4573211669922,169200,0.0,0.0,FIX
2023-08-29 00:00:00-04:00,180.77000427246094,184.4600067138672,180.0,184.19000244140625,182.4286651611328,269900,0.0,0.0,FIX
2023-08-30 00:00:00-04:00,184.67999267578125,186.7100067138672,183.1199951171875,183.6999969482422,181.9433135986328,413300,0.0,0.0,FIX
2023-08-31 00:00:00-04:00,183.91000366210938,186.3000030517578,183.30999755859375,184.57000732421875,182.8050079345703,240900,0.0,0.0,FIX
2023-09-01 00:00:00-04:00,185.4499969482422,187.8800048828125,184.9199981689453,185.9600067138672,184.1817169189453,139800,0.0,0.0,FIX
2023-09-05 00:00:00-04:00,184.25,185.97000122070312,181.82000732421875,185.39999389648438,183.62709045410156,542400,0.0,0.0,FIX
2023-09-06 00:00:00-04:00,185.22999572753906,188.11000061035156,184.22999572753906,187.88999938964844,186.09327697753906,226000,0.0,0.0,FIX
2023-09-07 00:00:00-04:00,187.8300018310547,188.2899932861328,184.69000244140625,188.10000610351562,186.30125427246094,200900,0.0,0.0,FIX
2023-09-08 00:00:00-04:00,188.10000610351562,189.82000732421875,186.52999877929688,186.8699951171875,185.08299255371094,222300,0.0,0.0,FIX
2023-09-11 00:00:00-04:00,188.60000610351562,189.39999389648438,187.02000427246094,188.1300048828125,186.33094787597656,210600,0.0,0.0,FIX
2023-09-12 00:00:00-04:00,187.85000610351562,189.91000366210938,186.05999755859375,187.47000122070312,185.6772918701172,429800,0.0,0.0,FIX
2023-09-13 00:00:00-04:00,187.27000427246094,189.2899932861328,185.6199951171875,188.49000549316406,186.6875,483700,0.0,0.0,FIX
2023-09-14 00:00:00-04:00,189.6300048828125,192.3300018310547,188.0,188.64999389648438,186.84596252441406,209500,0.0,0.0,FIX
2023-09-15 00:00:00-04:00,187.97999572753906,188.8300018310547,184.19000244140625,187.67999267578125,185.88528442382812,945400,0.0,0.0,FIX
2023-09-18 00:00:00-04:00,186.9199981689453,187.3699951171875,183.7100067138672,183.88999938964844,182.13153076171875,246000,0.0,0.0,FIX
2023-09-19 00:00:00-04:00,183.88999938964844,185.1300048828125,180.22000122070312,182.22000122070312,180.4774627685547,188300,0.0,0.0,FIX
2023-09-20 00:00:00-04:00,182.6699981689453,184.6300048828125,179.35000610351562,179.47000122070312,177.75376892089844,262600,0.0,0.0,FIX
2023-09-21 00:00:00-04:00,177.8000030517578,177.8000030517578,170.38999938964844,170.50999450683594,168.8794403076172,292300,0.0,0.0,FIX
2023-09-22 00:00:00-04:00,170.33999633789062,172.38999938964844,169.3800048828125,170.3800048828125,168.7506866455078,247900,0.0,0.0,FIX
2023-09-25 00:00:00-04:00,170.3699951171875,172.97000122070312,170.3699951171875,171.97000122070312,170.3254852294922,160400,0.0,0.0,FIX
2023-09-26 00:00:00-04:00,171.49000549316406,172.64999389648438,168.08999633789062,169.60000610351562,167.9781494140625,194000,0.0,0.0,FIX
2023-09-27 00:00:00-04:00,171.38999938964844,173.75999450683594,171.38999938964844,172.77000427246094,171.11782836914062,265500,0.0,0.0,FIX
2023-09-28 00:00:00-04:00,172.72999572753906,177.69000244140625,172.11000061035156,176.47000122070312,174.78248596191406,283800,0.0,0.0,FIX
2023-09-29 00:00:00-04:00,177.77999877929688,177.77999877929688,169.8800048828125,170.41000366210938,168.78042602539062,310700,0.0,0.0,FIX
2023-10-02 00:00:00-04:00,169.97000122070312,170.8699951171875,164.6199951171875,166.1699981689453,164.58094787597656,235600,0.0,0.0,FIX
2023-10-03 00:00:00-04:00,164.86000061035156,166.0,162.5,165.36000061035156,163.7786865234375,178700,0.0,0.0,FIX
2023-10-04 00:00:00-04:00,165.52999877929688,168.3000030517578,164.6699981689453,166.44000244140625,164.84835815429688,243700,0.0,0.0,FIX
2023-10-05 00:00:00-04:00,166.1699981689453,167.27999877929688,164.8800048828125,166.02999877929688,164.44227600097656,199900,0.0,0.0,FIX
2023-10-06 00:00:00-04:00,164.88999938964844,170.47999572753906,164.88999938964844,168.75999450683594,167.14620971679688,224600,0.0,0.0,FIX
2023-10-09 00:00:00-04:00,168.02999877929688,170.60000610351562,166.25,170.0399932861328,168.4139404296875,221900,0.0,0.0,FIX
2023-10-10 00:00:00-04:00,170.6699981689453,172.5800018310547,168.74000549316406,168.9600067138672,167.34429931640625,257500,0.0,0.0,FIX
2023-10-11 00:00:00-04:00,170.1300048828125,170.4600067138672,168.10000610351562,169.02000427246094,167.40370178222656,222800,0.0,0.0,FIX
2023-10-12 00:00:00-04:00,168.92999267578125,168.92999267578125,164.27999877929688,165.1300048828125,163.5509033203125,232400,0.0,0.0,FIX
2023-10-13 00:00:00-04:00,165.55999755859375,168.11000061035156,158.3300018310547,158.83999633789062,157.321044921875,354500,0.0,0.0,FIX
2023-10-16 00:00:00-04:00,160.32000732421875,164.3300018310547,159.83999633789062,160.24000549316406,158.70767211914062,378700,0.0,0.0,FIX
2023-10-17 00:00:00-04:00,159.67999267578125,165.16000366210938,159.67999267578125,163.61000061035156,162.0454559326172,287800,0.0,0.0,FIX
2023-10-18 00:00:00-04:00,162.6300048828125,162.6300048828125,157.5,157.92999267578125,156.41973876953125,334500,0.0,0.0,FIX
2023-10-19 00:00:00-04:00,158.60000610351562,159.3000030517578,153.8300018310547,154.02999877929688,152.5570526123047,356900,0.0,0.0,FIX
2023-10-20 00:00:00-04:00,154.5800018310547,155.82000732421875,153.22999572753906,153.55999755859375,152.09152221679688,305500,0.0,0.0,FIX
2023-10-23 00:00:00-04:00,153.52000427246094,155.4600067138672,152.97000122070312,153.07000732421875,151.60623168945312,365800,0.0,0.0,FIX
2023-10-24 00:00:00-04:00,155.4600067138672,157.0399932861328,153.33999633789062,154.8300018310547,153.34942626953125,282600,0.0,0.0,FIX
2023-10-25 00:00:00-04:00,153.1199951171875,154.77000427246094,151.88999938964844,152.1199951171875,150.66531372070312,202500,0.0,0.0,FIX
2023-10-26 00:00:00-04:00,152.57000732421875,155.22000122070312,152.17999267578125,153.5800018310547,152.11135864257812,309100,0.0,0.0,FIX
2023-10-27 00:00:00-04:00,166.97999572753906,176.7100067138672,164.5500030517578,175.9199981689453,174.2377166748047,747500,0.0,0.0,FIX
2023-10-30 00:00:00-04:00,178.69000244140625,180.7100067138672,176.3300018310547,179.49000549316406,177.7735595703125,508100,0.0,0.0,FIX
2023-10-31 00:00:00-04:00,180.27999877929688,182.72000122070312,179.4499969482422,181.85000610351562,180.11102294921875,422900,0.0,0.0,FIX
2023-11-01 00:00:00-04:00,181.49000549316406,184.9600067138672,179.72000122070312,184.8800048828125,183.11207580566406,311800,0.0,0.0,FIX
2023-11-02 00:00:00-04:00,189.11000061035156,189.97999572753906,185.72000122070312,187.64999389648438,185.8555450439453,424600,0.0,0.0,FIX
2023-11-03 00:00:00-04:00,190.0800018310547,191.27000427246094,186.47000122070312,187.80999755859375,186.01402282714844,426200,0.0,0.0,FIX
2023-11-06 00:00:00-05:00,187.25999450683594,189.0800018310547,185.39999389648438,187.22000122070312,185.42965698242188,363400,0.0,0.0,FIX
2023-11-07 00:00:00-05:00,186.27000427246094,187.91000366210938,184.0500030517578,186.3000030517578,184.51846313476562,301300,0.0,0.0,FIX
2023-11-08 00:00:00-05:00,187.42999267578125,188.85000610351562,184.97999572753906,185.0800018310547,183.31011962890625,288800,0.0,0.0,FIX
2023-11-09 00:00:00-05:00,186.16000366210938,187.16000366210938,183.22999572753906,185.25999450683594,183.4884033203125,262100,0.0,0.0,FIX
2023-11-10 00:00:00-05:00,186.9499969482422,188.6199951171875,186.02000427246094,187.67999267578125,185.88528442382812,202200,0.0,0.0,FIX
2023-11-13 00:00:00-05:00,186.2899932861328,190.5,184.85000610351562,189.2100067138672,187.40065002441406,144400,0.0,0.0,FIX
2023-11-14 00:00:00-05:00,193.4199981689453,201.83999633789062,193.4199981689453,201.61000061035156,199.68206787109375,393400,0.0,0.0,FIX
2023-11-15 00:00:00-05:00,200.66000366210938,202.6699981689453,199.08999633789062,199.35000610351562,197.6887664794922,1351100,0.25,0.0,FIX
2023-11-16 00:00:00-05:00,200.0,202.89999389648438,193.27000427246094,193.77000427246094,192.15528869628906,331400,0.0,0.0,FIX
2023-11-17 00:00:00-05:00,194.66000366210938,197.11000061035156,194.32000732421875,194.97999572753906,193.355224609375,256100,0.0,0.0,FIX
2023-11-20 00:00:00-05:00,195.4600067138672,196.25,193.85000610351562,194.17999267578125,192.56185913085938,277400,0.0,0.0,FIX
2023-11-21 00:00:00-05:00,192.9600067138672,194.50999450683594,191.61000061035156,192.91000366210938,191.30247497558594,176500,0.0,0.0,FIX
2023-11-22 00:00:00-05:00,194.05999755859375,198.24000549316406,194.05999755859375,197.77999877929688,196.1318817138672,174900,0.0,0.0,FIX
2023-11-24 00:00:00-05:00,198.47999572753906,199.3000030517578,198.07000732421875,198.82000732421875,197.1632080078125,72600,0.0,0.0,FIX
2023-11-27 00:00:00-05:00,198.99000549316406,199.6199951171875,196.4499969482422,198.6300048828125,196.9748077392578,338100,0.0,0.0,FIX
2023-11-28 00:00:00-05:00,198.0500030517578,198.0500030517578,189.27000427246094,189.3000030517578,187.72254943847656,323100,0.0,0.0,FIX
2023-11-29 00:00:00-05:00,191.44000244140625,192.85000610351562,190.83999633789062,191.27999877929688,189.68605041503906,372200,0.0,0.0,FIX
2023-11-30 00:00:00-05:00,191.89999389648438,193.61000061035156,191.02000427246094,193.5800018310547,191.96688842773438,325200,0.0,0.0,FIX
2023-12-01 00:00:00-05:00,192.60000610351562,197.5500030517578,192.60000610351562,196.61000061035156,194.9716339111328,284600,0.0,0.0,FIX
2023-12-04 00:00:00-05:00,191.8300018310547,192.3800048828125,185.8300018310547,188.9600067138672,187.3853759765625,551700,0.0,0.0,FIX
2023-12-05 00:00:00-05:00,188.1300048828125,190.6699981689453,186.36000061035156,188.72000122070312,187.1474151611328,443500,0.0,0.0,FIX
2023-12-06 00:00:00-05:00,189.10000610351562,192.39999389648438,186.3699951171875,186.5399932861328,184.98553466796875,260500,0.0,0.0,FIX
2023-12-07 00:00:00-05:00,187.61000061035156,190.89999389648438,186.55999755859375,188.8699951171875,187.29611206054688,252200,0.0,0.0,FIX
2023-12-08 00:00:00-05:00,188.5,194.55999755859375,188.5,194.00999450683594,192.39332580566406,354300,0.0,0.0,FIX
2023-12-11 00:00:00-05:00,194.97000122070312,196.3300018310547,192.05999755859375,196.0399932861328,194.4063720703125,284600,0.0,0.0,FIX
2023-12-12 00:00:00-05:00,196.61000061035156,200.35000610351562,196.1699981689453,198.0,196.35006713867188,403900,0.0,0.0,FIX
2023-12-13 00:00:00-05:00,198.08999633789062,203.89999389648438,196.13999938964844,200.97999572753906,199.30520629882812,358000,0.0,0.0,FIX
2023-12-14 00:00:00-05:00,204.86000061035156,206.72999572753906,201.05999755859375,205.38999938964844,203.67845153808594,357800,0.0,0.0,FIX
2023-12-15 00:00:00-05:00,206.0,206.0,201.17999267578125,203.3699951171875,201.67530822753906,6746100,0.0,0.0,FIX
2023-12-18 00:00:00-05:00,204.74000549316406,206.24000549316406,202.07000732421875,203.0800018310547,201.3876953125,292500,0.0,0.0,FIX
2023-12-19 00:00:00-05:00,205.74000549316406,208.94000244140625,204.52000427246094,207.24000549316406,205.51307678222656,253100,0.0,0.0,FIX
2023-12-20 00:00:00-05:00,206.97000122070312,211.61000061035156,206.0500030517578,207.0800018310547,205.35440063476562,378300,0.0,0.0,FIX
2023-12-21 00:00:00-05:00,208.64999389648438,210.14999389648438,206.16000366210938,206.52999877929688,204.80899047851562,240000,0.0,0.0,FIX
2023-12-22 00:00:00-05:00,208.0,209.7899932861328,206.80999755859375,207.77000427246094,206.0386505126953,235900,0.0,0.0,FIX
2023-12-26 00:00:00-05:00,208.3000030517578,210.25,207.8300018310547,209.24000549316406,207.49636840820312,137700,0.0,0.0,FIX
2023-12-27 00:00:00-05:00,209.08999633789062,210.7100067138672,206.4600067138672,207.38999938964844,205.66183471679688,150700,0.0,0.0,FIX
2023-12-28 00:00:00-05:00,207.5800018310547,208.2899932861328,205.10000610351562,206.4600067138672,204.73956298828125,139700,0.0,0.0,FIX
2023-12-29 00:00:00-05:00,205.8300018310547,207.82000732421875,205.4499969482422,205.6699981689453,203.95614624023438,227500,0.0,0.0,FIX
2024-01-02 00:00:00-05:00,204.3800048828125,205.88999938964844,200.02000427246094,202.0800018310547,200.3960723876953,211500,0.0,0.0,FIX
2024-01-03 00:00:00-05:00,200.0,200.0,194.6300048828125,195.9600067138672,194.32705688476562,349100,0.0,0.0,FIX
2024-01-04 00:00:00-05:00,195.75999450683594,197.9499969482422,195.1300048828125,197.27999877929688,195.63604736328125,364400,0.0,0.0,FIX
2024-01-05 00:00:00-05:00,196.67999267578125,198.6199951171875,195.2100067138672,195.88999938964844,194.2576446533203,207600,0.0,0.0,FIX
2024-01-08 00:00:00-05:00,196.4600067138672,199.25,195.8000030517578,198.9499969482422,197.29214477539062,150300,0.0,0.0,FIX
2024-01-09 00:00:00-05:00,196.6699981689453,199.88999938964844,194.3000030517578,198.94000244140625,197.28221130371094,145400,0.0,0.0,FIX
2024-01-10 00:00:00-05:00,198.99000549316406,203.30999755859375,198.99000549316406,203.1199951171875,201.42739868164062,216700,0.0,0.0,FIX
2024-01-11 00:00:00-05:00,202.5399932861328,206.16000366210938,200.80999755859375,205.77000427246094,204.05531311035156,821100,0.0,0.0,FIX
2024-01-12 00:00:00-05:00,207.85000610351562,207.88999938964844,203.08999633789062,203.3300018310547,201.63563537597656,400800,0.0,0.0,FIX
2024-01-16 00:00:00-05:00,201.6199951171875,203.5800018310547,200.33999633789062,202.22000122070312,200.53489685058594,258600,0.0,0.0,FIX
2024-01-17 00:00:00-05:00,200.22000122070312,203.8300018310547,198.3000030517578,202.44000244140625,200.75306701660156,206100,0.0,0.0,FIX
2024-01-18 00:00:00-05:00,204.5500030517578,207.32000732421875,202.77000427246094,204.57000732421875,202.86529541015625,211100,0.0,0.0,FIX
2024-01-19 00:00:00-05:00,205.77999877929688,206.67999267578125,200.6199951171875,204.6999969482422,202.99420166015625,246000,0.0,0.0,FIX
2024-01-22 00:00:00-05:00,207.22999572753906,209.9600067138672,206.77000427246094,209.39999389648438,207.65505981445312,153300,0.0,0.0,FIX
2024-01-23 00:00:00-05:00,210.0,210.0,202.19000244140625,204.13999938964844,202.43885803222656,159200,0.0,0.0,FIX
2024-01-24 00:00:00-05:00,205.83999633789062,205.83999633789062,200.14999389648438,200.49000549316406,198.81930541992188,168700,0.0,0.0,FIX
2024-01-25 00:00:00-05:00,203.24000549316406,205.88999938964844,201.61000061035156,205.5399932861328,203.82720947265625,261400,0.0,0.0,FIX
2024-01-26 00:00:00-05:00,206.08999633789062,208.44000244140625,205.77000427246094,207.35000610351562,205.62216186523438,174600,0.0,0.0,FIX
2024-01-29 00:00:00-05:00,207.2100067138672,213.1199951171875,206.83999633789062,213.0,211.22506713867188,235800,0.0,0.0,FIX
2024-01-30 00:00:00-05:00,212.64999389648438,222.1999969482422,212.64999389648438,222.17999267578125,220.3285675048828,371300,0.0,0.0,FIX
2024-01-31 00:00:00-05:00,222.16000366210938,222.1699981689453,216.27999877929688,217.47000122070312,215.65782165527344,445800,0.0,0.0,FIX
2024-02-01 00:00:00-05:00,219.0500030517578,225.38999938964844,217.5500030517578,225.0,223.12506103515625,249000,0.0,0.0,FIX
2024-02-02 00:00:00-05:00,222.4499969482422,231.9199981689453,222.4499969482422,231.2899932861328,229.3626251220703,275100,0.0,0.0,FIX
2024-02-05 00:00:00-05:00,228.52000427246094,228.92999267578125,220.99000549316406,224.07000732421875,222.2028350830078,264200,0.0,0.0,FIX
2024-02-06 00:00:00-05:00,224.07000732421875,226.69000244140625,222.8699951171875,226.55999755859375,224.67205810546875,203900,0.0,0.0,FIX
2024-02-07 00:00:00-05:00,228.0500030517578,233.9199981689453,224.94000244140625,231.9499969482422,230.0171356201172,297900,0.0,0.0,FIX
2024-02-08 00:00:00-05:00,232.2100067138672,238.33999633789062,232.2100067138672,237.1699981689453,235.19366455078125,274800,0.0,0.0,FIX
2024-02-09 00:00:00-05:00,236.10000610351562,241.3699951171875,235.75999450683594,240.5,238.4958953857422,266500,0.0,0.0,FIX
2024-02-12 00:00:00-05:00,240.0,245.85000610351562,238.74000549316406,243.72000122070312,241.6890869140625,310300,0.0,0.0,FIX
2024-02-13 00:00:00-05:00,237.0,240.39999389648438,233.08999633789062,237.74000549316406,235.7589111328125,382600,0.0,0.0,FIX
2024-02-14 00:00:00-05:00,240.8699951171875,247.67999267578125,240.1199951171875,247.6199951171875,245.55654907226562,270000,0.0,0.0,FIX
2024-02-15 00:00:00-05:00,249.97999572753906,253.08999633789062,245.52999877929688,252.8000030517578,250.69342041015625,441500,0.0,0.0,FIX
2024-02-16 00:00:00-05:00,251.17999267578125,252.7899932861328,247.5500030517578,248.5,246.42922973632812,297100,0.0,0.0,FIX
2024-02-20 00:00:00-05:00,244.3800048828125,247.16000366210938,241.63999938964844,247.0,244.94174194335938,408700,0.0,0.0,FIX
2024-02-21 00:00:00-05:00,246.4600067138672,246.85000610351562,239.8000030517578,241.86000061035156,239.84458923339844,337100,0.0,0.0,FIX
2024-02-22 00:00:00-05:00,242.83999633789062,250.16000366210938,242.83999633789062,247.85000610351562,245.78463745117188,350900,0.0,0.0,FIX
2024-02-23 00:00:00-05:00,267.8999938964844,292.4100036621094,266.4100036621094,279.05999755859375,276.7345886230469,775000,0.0,0.0,FIX
2024-02-26 00:00:00-05:00,279.92999267578125,285.42999267578125,274.3699951171875,284.67999267578125,282.3077697753906,523700,0.0,0.0,FIX
2024-02-27 00:00:00-05:00,289.010009765625,292.1700134277344,281.95001220703125,291.1499938964844,288.72381591796875,432700,0.0,0.0,FIX
2024-02-28 00:00:00-05:00,291.1499938964844,294.94000244140625,288.1600036621094,293.8900146484375,291.4410095214844,500700,0.0,0.0,FIX
2024-02-29 00:00:00-05:00,297.1700134277344,306.0,293.8699951171875,305.7300109863281,303.18231201171875,644100,0.0,0.0,FIX
2024-03-01 00:00:00-05:00,305.6700134277344,315.4200134277344,303.0,314.42999267578125,311.8099060058594,499800,0.0,0.0,FIX
2024-03-04 00:00:00-05:00,314.94000244140625,329.42999267578125,314.94000244140625,320.20001220703125,317.5317687988281,547200,0.0,0.0,FIX
2024-03-05 00:00:00-05:00,317.95001220703125,322.42999267578125,312.8699951171875,314.92999267578125,312.3056640625,789500,0.0,0.0,FIX
2024-03-06 00:00:00-05:00,315.7300109863281,317.7699890136719,310.94000244140625,313.510009765625,310.89752197265625,393400,0.0,0.0,FIX
2024-03-07 00:00:00-05:00,313.5799865722656,314.42999267578125,307.3900146484375,314.260009765625,311.8899841308594,531600,0.25,0.0,FIX
2024-03-08 00:00:00-05:00,317.70001220703125,320.239990234375,308.3800048828125,310.0199890136719,307.6819152832031,353300,0.0,0.0,FIX
2024-03-11 00:00:00-04:00,308.7900085449219,309.3800048828125,294.82000732421875,296.7699890136719,294.5318603515625,629000,0.0,0.0,FIX
2024-03-12 00:00:00-04:00,297.0299987792969,303.1199951171875,295.45001220703125,302.0299987792969,299.752197265625,598500,0.0,0.0,FIX
2024-03-13 00:00:00-04:00,302.6499938964844,306.19000244140625,298.8299865722656,300.05999755859375,297.79705810546875,438200,0.0,0.0,FIX
2024-03-14 00:00:00-04:00,300.5,303.8399963378906,297.7099914550781,302.44000244140625,300.1590881347656,525000,0.0,0.0,FIX
2024-03-15 00:00:00-04:00,301.9200134277344,309.9200134277344,301.9200134277344,308.57000732421875,306.2428894042969,1024500,0.0,0.0,FIX
2024-03-18 00:00:00-04:00,310.3900146484375,314.9100036621094,307.0400085449219,309.5400085449219,307.20556640625,315600,0.0,0.0,FIX
2024-03-19 00:00:00-04:00,307.1499938964844,312.95001220703125,307.1499938964844,310.5799865722656,308.23773193359375,383300,0.0,0.0,FIX
2024-03-20 00:00:00-04:00,310.9100036621094,314.989990234375,309.20001220703125,314.30999755859375,311.9395751953125,263400,0.0,0.0,FIX
2024-03-21 00:00:00-04:00,318.0400085449219,325.3299865722656,317.6499938964844,323.2900085449219,320.8518981933594,518500,0.0,0.0,FIX
2024-03-22 00:00:00-04:00,323.4700012207031,323.6499938964844,318.67999267578125,321.5799865722656,319.1547546386719,201100,0.0,0.0,FIX
2024-03-25 00:00:00-04:00,321.0299987792969,323.82000732421875,318.8999938964844,318.9200134277344,316.51483154296875,174000,0.0,0.0,FIX
2024-03-26 00:00:00-04:00,320.0,321.2900085449219,317.3999938964844,318.25,315.849853515625,207500,0.0,0.0,FIX
2024-03-27 00:00:00-04:00,322.4200134277344,322.4200134277344,315.6499938964844,317.9599914550781,315.56207275390625,251000,0.0,0.0,FIX
2024-03-28 00:00:00-04:00,317.8500061035156,320.0,316.2900085449219,317.7099914550781,315.3139343261719,238300,0.0,0.0,FIX
2024-04-01 00:00:00-04:00,320.0,323.55999755859375,316.5,319.489990234375,317.0804748535156,287600,0.0,0.0,FIX
2024-04-02 00:00:00-04:00,315.1199951171875,315.3399963378906,310.760009765625,314.0199890136719,311.65179443359375,321900,0.0,0.0,FIX
2024-04-03 00:00:00-04:00,311.8800048828125,321.5400085449219,311.8800048828125,320.55999755859375,318.1424560546875,261400,0.0,0.0,FIX
2024-04-04 00:00:00-04:00,325.0,335.25,311.9800109863281,312.5,310.1432800292969,274200,0.0,0.0,FIX
2024-04-05 00:00:00-04:00,313.69000244140625,324.20001220703125,312.75,323.3999938964844,320.9609680175781,303900,0.0,0.0,FIX
2024-04-08 00:00:00-04:00,325.0,326.6499938964844,319.3500061035156,322.1300048828125,319.7006530761719,217400,0.0,0.0,FIX
2024-04-09 00:00:00-04:00,324.239990234375,324.44000244140625,305.0,306.1499938964844,303.8411560058594,430500,0.0,0.0,FIX
2024-04-10 00:00:00-04:00,298.8999938964844,306.54998779296875,297.67999267578125,303.760009765625,301.4691467285156,405500,0.0,0.0,FIX
2024-04-11 00:00:00-04:00,304.6600036621094,311.70001220703125,302.95001220703125,310.1400146484375,307.8010559082031,287300,0.0,0.0,FIX
2024-04-12 00:00:00-04:00,308.6300048828125,312.0299987792969,306.1199951171875,307.5799865722656,305.2603759765625,230900,0.0,0.0,FIX
2024-04-15 00:00:00-04:00,313.04998779296875,314.0,299.9200134277344,303.989990234375,301.6973876953125,250500,0.0,0.0,FIX
2024-04-16 00:00:00-04:00,301.07000732421875,306.6600036621094,299.010009765625,303.6400146484375,301.3501281738281,221100,0.0,0.0,FIX
2024-04-17 00:00:00-04:00,305.2900085449219,305.739990234375,293.5199890136719,299.6400146484375,297.3802185058594,374400,0.0,0.0,FIX
2024-04-18 00:00:00-04:00,301.5199890136719,303.6300048828125,292.0400085449219,292.239990234375,290.0360412597656,324900,0.0,0.0,FIX
2024-04-19 00:00:00-04:00,292.5,295.489990234375,287.45001220703125,290.7300109863281,288.53741455078125,411200,0.0,0.0,FIX
2024-04-22 00:00:00-04:00,292.8999938964844,299.3800048828125,290.69000244140625,295.2300109863281,293.0035095214844,228700,0.0,0.0,FIX
2024-04-23 00:00:00-04:00,298.260009765625,308.6300048828125,296.6600036621094,308.4700012207031,306.1436462402344,334000,0.0,0.0,FIX
2024-04-24 00:00:00-04:00,316.2699890136719,319.69000244140625,306.1700134277344,308.69000244140625,306.3619384765625,330600,0.0,0.0,FIX
2024-04-25 00:00:00-04:00,304.5799865722656,314.5899963378906,304.45001220703125,311.3999938964844,309.05157470703125,459500,0.0,0.0,FIX
2024-04-26 00:00:00-04:00,320.010009765625,323.989990234375,293.9800109863281,302.0,299.72247314453125,663000,0.0,0.0,FIX
2024-04-29 00:00:00-04:00,305.260009765625,311.1499938964844,301.57000732421875,310.69000244140625,308.34686279296875,448700,0.0,0.0,FIX
2024-04-30 00:00:00-04:00,308.4100036621094,314.0400085449219,308.4100036621094,309.4100036621094,307.0765686035156,406000,0.0,0.0,FIX
2024-05-01 00:00:00-04:00,310.0,311.82000732421875,298.8299865722656,301.94000244140625,299.66290283203125,301800,0.0,0.0,FIX
2024-05-02 00:00:00-04:00,303.6099853515625,308.6199951171875,299.1099853515625,307.7099914550781,305.3893737792969,284500,0.0,0.0,FIX
2024-05-03 00:00:00-04:00,313.0,317.92999267578125,312.5799865722656,315.0299987792969,312.6541442871094,363900,0.0,0.0,FIX
2024-05-06 00:00:00-04:00,319.0799865722656,337.3299865722656,319.0799865722656,335.5400085449219,333.0094909667969,508200,0.0,0.0,FIX
2024-05-07 00:00:00-04:00,333.0799865722656,345.739990234375,331.0400085449219,343.6300048828125,341.0384826660156,634000,0.0,0.0,FIX
2024-05-08 00:00:00-04:00,342.3599853515625,346.57000732421875,336.6600036621094,346.2099914550781,343.59893798828125,359700,0.0,0.0,FIX
2024-05-09 00:00:00-04:00,347.3900146484375,351.489990234375,345.0199890136719,347.2099914550781,344.59149169921875,348800,0.0,0.0,FIX
2024-05-10 00:00:00-04:00,349.239990234375,352.45001220703125,341.55999755859375,344.79998779296875,342.4955749511719,253400,0.3,0.0,FIX
2024-05-13 00:00:00-04:00,345.1300048828125,345.75,332.1300048828125,332.489990234375,330.2678527832031,284000,0.0,0.0,FIX
2024-05-14 00:00:00-04:00,331.75,335.67999267578125,317.70001220703125,334.32000732421875,332.0856018066406,440500,0.0,0.0,FIX
2024-05-15 00:00:00-04:00,337.55999755859375,343.9700012207031,334.7200012207031,339.55999755859375,337.2905578613281,494500,0.0,0.0,FIX
2024-05-16 00:00:00-04:00,337.9800109863281,341.010009765625,319.3900146484375,321.6000061035156,319.4506530761719,489600,0.0,0.0,FIX
2024-05-17 00:00:00-04:00,324.0,326.2799987792969,315.1499938964844,316.2300109863281,314.11651611328125,489200,0.0,0.0,FIX
2024-05-20 00:00:00-04:00,318.94000244140625,321.8699951171875,314.0400085449219,321.2200012207031,319.0731506347656,331600,0.0,0.0,FIX
2024-05-21 00:00:00-04:00,318.510009765625,327.79998779296875,318.19000244140625,327.3599853515625,325.17205810546875,256500,0.0,0.0,FIX
2024-05-22 00:00:00-04:00,327.70001220703125,331.6300048828125,324.9100036621094,328.80999755859375,326.6124572753906,321300,0.0,0.0,FIX
2024-05-23 00:00:00-04:00,332.05999755859375,336.8500061035156,327.9800109863281,330.6199951171875,328.41033935546875,299100,0.0,0.0,FIX
2024-05-24 00:00:00-04:00,332.0899963378906,343.7300109863281,332.0899963378906,342.32000732421875,340.03216552734375,347300,0.0,0.0,FIX
2024-05-28 00:00:00-04:00,345.20001220703125,346.8699951171875,333.7200012207031,338.8299865722656,336.5654602050781,396700,0.0,0.0,FIX
2024-05-29 00:00:00-04:00,335.3900146484375,341.5299987792969,335.3900146484375,337.8999938964844,335.6417236328125,276900,0.0,0.0,FIX
2024-05-30 00:00:00-04:00,338.260009765625,341.69000244140625,333.19000244140625,335.2200012207031,332.9796142578125,234700,0.0,0.0,FIX
2024-05-31 00:00:00-04:00,336.1300048828125,343.70001220703125,319.8299865722656,327.3399963378906,325.1522521972656,498500,0.0,0.0,FIX
2024-06-03 00:00:00-04:00,331.6600036621094,331.8500061035156,306.07000732421875,316.739990234375,314.62310791015625,481300,0.0,0.0,FIX
2024-06-04 00:00:00-04:00,316.2699890136719,317.0,297.20001220703125,301.0,298.9883117675781,693300,0.0,0.0,FIX
2024-06-05 00:00:00-04:00,303.20001220703125,321.75,303.04998779296875,319.6499938964844,317.513671875,495600,0.0,0.0,FIX
2024-06-06 00:00:00-04:00,318.57000732421875,320.45001220703125,302.30999755859375,305.0299987792969,302.9913635253906,297700,0.0,0.0,FIX
2024-06-07 00:00:00-04:00,304.5899963378906,308.70001220703125,301.6499938964844,304.7300109863281,302.6933898925781,271400,0.0,0.0,FIX
2024-06-10 00:00:00-04:00,301.1199951171875,307.79998779296875,300.75,307.3500061035156,305.2958679199219,224200,0.0,0.0,FIX
2024-06-11 00:00:00-04:00,306.3999938964844,308.4200134277344,300.75,301.0899963378906,299.07769775390625,346200,0.0,0.0,FIX
2024-06-12 00:00:00-04:00,311.0799865722656,323.010009765625,311.0799865722656,318.7699890136719,316.6395263671875,354100,0.0,0.0,FIX
2024-06-13 00:00:00-04:00,318.0,325.0,314.2799987792969,324.9100036621094,322.7385559082031,301600,0.0,0.0,FIX
2024-06-14 00:00:00-04:00,316.8500061035156,324.0,312.4599914550781,313.8500061035156,311.7524108886719,263900,0.0,0.0,FIX
2024-06-17 00:00:00-04:00,313.3599853515625,325.760009765625,310.7799987792969,321.8500061035156,319.6990051269531,296700,0.0,0.0,FIX
2024-06-18 00:00:00-04:00,320.6199951171875,328.5799865722656,318.3299865722656,327.19000244140625,325.00323486328125,313300,0.0,0.0,FIX
2024-06-20 00:00:00-04:00,328.0299987792969,335.7900085449219,318.6400146484375,322.3999938964844,320.24530029296875,333300,0.0,0.0,FIX
2024-06-21 00:00:00-04:00,319.239990234375,319.239990234375,293.0199890136719,316.30999755859375,314.19598388671875,1012200,0.0,0.0,FIX
2024-06-24 00:00:00-04:00,315.7300109863281,320.55999755859375,312.2300109863281,318.1000061035156,315.9739990234375,327200,0.0,0.0,FIX
2024-06-25 00:00:00-04:00,318.5799865722656,321.3599853515625,310.94000244140625,321.0899963378906,318.944091796875,276600,0.0,0.0,FIX
2024-06-26 00:00:00-04:00,318.7799987792969,323.6000061035156,311.1400146484375,313.5,311.40472412109375,385500,0.0,0.0,FIX
2024-06-27 00:00:00-04:00,315.6600036621094,317.9800109863281,310.42999267578125,315.92999267578125,313.8184814453125,473700,0.0,0.0,FIX
2024-06-28 00:00:00-04:00,316.7900085449219,320.5899963378906,303.2099914550781,304.1199951171875,302.08746337890625,5281900,0.0,0.0,FIX
2024-07-01 00:00:00-04:00,306.8900146484375,311.1099853515625,294.30999755859375,294.760009765625,292.78997802734375,580900,0.0,0.0,FIX
2024-07-02 00:00:00-04:00,294.5799865722656,297.1600036621094,290.29998779296875,293.8599853515625,291.89599609375,745300,0.0,0.0,FIX
2024-07-03 00:00:00-04:00,293.70001220703125,312.2099914550781,291.1300048828125,311.8500061035156,309.76580810546875,436600,0.0,0.0,FIX
2024-07-05 00:00:00-04:00,310.19000244140625,311.1199951171875,300.010009765625,302.32000732421875,300.2994689941406,364500,0.0,0.0,FIX
2024-07-08 00:00:00-04:00,305.6600036621094,308.4700012207031,302.1099853515625,302.1199951171875,300.100830078125,242000,0.0,0.0,FIX
2024-07-09 00:00:00-04:00,302.57000732421875,308.9200134277344,299.9599914550781,301.1300048828125,299.1174011230469,319100,0.0,0.0,FIX
2024-07-10 00:00:00-04:00,303.44000244140625,310.7200012207031,302.17999267578125,309.6199951171875,307.5506896972656,230900,0.0,0.0,FIX
2024-07-11 00:00:00-04:00,313.57000732421875,322.5,310.25,319.05999755859375,316.9276123046875,306300,0.0,0.0,FIX
2024-07-12 00:00:00-04:00,321.95001220703125,328.0,318.42999267578125,321.82000732421875,319.6691589355469,211500,0.0,0.0,FIX
2024-07-15 00:00:00-04:00,323.0400085449219,330.0,320.0,322.760009765625,320.6029052734375,276500,0.0,0.0,FIX
2024-07-16 00:00:00-04:00,325.54998779296875,336.70001220703125,323.69000244140625,330.0299987792969,327.82427978515625,304400,0.0,0.0,FIX
2024-07-17 00:00:00-04:00,325.1300048828125,327.5400085449219,302.760009765625,302.8800048828125,300.8557434082031,538500,0.0,0.0,FIX
2024-07-18 00:00:00-04:00,306.9200134277344,308.79998779296875,295.0400085449219,301.3500061035156,299.3359680175781,677400,0.0,0.0,FIX
2024-07-19 00:00:00-04:00,302.6300048828125,308.55999755859375,298.6400146484375,304.2799987792969,302.2463684082031,487500,0.0,0.0,FIX
2024-07-22 00:00:00-04:00,307.8900146484375,318.05999755859375,307.0899963378906,317.8299865722656,315.705810546875,253400,0.0,0.0,FIX
2024-07-23 00:00:00-04:00,317.1600036621094,330.79998779296875,317.0,329.1300048828125,326.9303283691406,361300,0.0,0.0,FIX
2024-07-24 00:00:00-04:00,322.17999267578125,326.5199890136719,298.54998779296875,299.8800048828125,297.87579345703125,611800,0.0,0.0,FIX
2024-07-25 00:00:00-04:00,305.6700134277344,308.7300109863281,290.6300048828125,292.1400146484375,290.1875305175781,983700,0.0,0.0,FIX
2024-07-26 00:00:00-04:00,302.2799987792969,315.3399963378906,298.0,309.760009765625,307.6897888183594,698200,0.0,0.0,FIX
2024-07-29 00:00:00-04:00,313.9200134277344,323.04998779296875,313.17999267578125,314.0,311.90142822265625,507800,0.0,0.0,FIX
2024-07-30 00:00:00-04:00,315.8800048828125,319.55999755859375,301.0899963378906,305.69000244140625,303.6469421386719,485400,0.0,0.0,FIX
2024-07-31 00:00:00-04:00,316.0799865722656,341.1700134277344,316.0799865722656,332.4200134277344,330.1982727050781,643100,0.0,0.0,FIX
2024-08-01 00:00:00-04:00,333.25,339.989990234375,317.19000244140625,326.6700134277344,324.4867858886719,745600,0.0,0.0,FIX
2024-08-02 00:00:00-04:00,311.0,316.04998779296875,299.25,306.17999267578125,304.1336364746094,687700,0.0,0.0,FIX
2024-08-05 00:00:00-04:00,275.3599853515625,304.20001220703125,272.92999267578125,300.8999938964844,298.8890075683594,487900,0.0,0.0,FIX
2024-08-06 00:00:00-04:00,303.1600036621094,314.3299865722656,298.3900146484375,309.6300048828125,307.5606689453125,289400,0.0,0.0,FIX
2024-08-07 00:00:00-04:00,318.54998779296875,321.6600036621094,299.4700012207031,300.7200012207031,298.7102355957031,393500,0.0,0.0,FIX
2024-08-08 00:00:00-04:00,306.0299987792969,316.3399963378906,299.6000061035156,316.1000061035156,313.98736572265625,274200,0.0,0.0,FIX
2024-08-09 00:00:00-04:00,316.7099914550781,320.3500061035156,310.0,313.5799865722656,311.4842529296875,188600,0.0,0.0,FIX
2024-08-12 00:00:00-04:00,314.4700012207031,317.3399963378906,309.1000061035156,312.8900146484375,311.0965270996094,271200,0.3,0.0,FIX
2024-08-13 00:00:00-04:00,316.2200012207031,321.6099853515625,311.1499938964844,320.7799987792969,318.94122314453125,210500,0.0,0.0,FIX
2024-08-14 00:00:00-04:00,328.4599914550781,331.7300109863281,325.7200012207031,329.6300048828125,327.7405090332031,293600,0.0,0.0,FIX
2024-08-15 00:00:00-04:00,335.8599853515625,340.0,331.8900146484375,337.44000244140625,335.5057678222656,185200,0.0,0.0,FIX
2024-08-16 00:00:00-04:00,336.69000244140625,337.54998779296875,328.5,330.6300048828125,328.7347717285156,216600,0.0,0.0,FIX
2024-08-19 00:00:00-04:00,329.8999938964844,333.1000061035156,325.2200012207031,332.8299865722656,330.9221496582031,184700,0.0,0.0,FIX
2024-08-20 00:00:00-04:00,333.6099853515625,334.4700012207031,322.6199951171875,330.7099914550781,328.8143310546875,227900,0.0,0.0,FIX
2024-08-21 00:00:00-04:00,329.17999267578125,344.0299987792969,328.739990234375,344.0199890136719,342.0480041503906,299100,0.0,0.0,FIX
2024-08-22 00:00:00-04:00,344.510009765625,347.7300109863281,336.9700012207031,336.989990234375,335.0583190917969,324800,0.0,0.0,FIX
2024-08-23 00:00:00-04:00,340.0,343.489990234375,336.75,338.5,336.5596923828125,413900,0.0,0.0,FIX
2024-08-26 00:00:00-04:00,339.4200134277344,345.6199951171875,334.4700012207031,337.510009765625,335.57537841796875,226000,0.0,0.0,FIX
2024-08-27 00:00:00-04:00,333.989990234375,339.19000244140625,331.3299865722656,335.5400085449219,333.61663818359375,193200,0.0,0.0,FIX
2024-08-28 00:00:00-04:00,335.30999755859375,343.7900085449219,331.489990234375,339.19000244140625,337.2457275390625,306200,0.0,0.0,FIX
2024-08-29 00:00:00-04:00,341.94000244140625,358.8900146484375,339.82000732421875,347.3299865722656,345.3390197753906,585000,0.0,0.0,FIX
2024-08-30 00:00:00-04:00,349.3599853515625,359.3399963378906,347.739990234375,353.5199890136719,351.4935607910156,445700,0.0,0.0,FIX
2024-09-03 00:00:00-04:00,352.94000244140625,352.94000244140625,314.1099853515625,314.82000732421875,313.0154113769531,574400,0.0,0.0,FIX
2024-09-04 00:00:00-04:00,313.0299987792969,319.510009765625,310.010009765625,313.989990234375,312.1901550292969,237100,0.0,0.0,FIX
2024-09-05 00:00:00-04:00,312.1700134277344,313.6499938964844,304.05999755859375,307.260009765625,305.4987487792969,243700,0.0,0.0,FIX
2024-09-06 00:00:00-04:00,308.95001220703125,313.1400146484375,300.2200012207031,302.6099853515625,300.8753662109375,229300,0.0,0.0,FIX
2024-09-09 00:00:00-04:00,306.0799865722656,311.0400085449219,303.67999267578125,309.2099914550781,307.43756103515625,287300,0.0,0.0,FIX
2024-09-10 00:00:00-04:00,310.739990234375,318.5400085449219,307.989990234375,317.239990234375,315.4215393066406,277300,0.0,0.0,FIX
2024-09-11 00:00:00-04:00,318.79998779296875,334.2699890136719,311.8599853515625,334.04998779296875,332.1351623535156,310200,0.0,0.0,FIX
2024-09-12 00:00:00-04:00,334.82000732421875,345.57000732421875,330.45001220703125,339.0199890136719,337.0766906738281,221700,0.0,0.0,FIX
2024-09-13 00:00:00-04:00,343.25,351.75,342.989990234375,347.7300109863281,345.73675537109375,241000,0.0,0.0,FIX
2024-09-16 00:00:00-04:00,345.32000732421875,351.79998779296875,340.4100036621094,350.1199951171875,348.1130676269531,152800,0.0,0.0,FIX
2024-09-17 00:00:00-04:00,353.239990234375,357.6199951171875,350.1400146484375,356.92999267578125,354.8840637207031,201700,0.0,0.0,FIX
2024-09-18 00:00:00-04:00,358.0,368.4100036621094,353.8999938964844,356.5400085449219,354.49627685546875,199000,0.0,0.0,FIX
2024-09-19 00:00:00-04:00,368.239990234375,382.0,360.6099853515625,380.2699890136719,378.0902099609375,337400,0.0,0.0,FIX
2024-09-20 00:00:00-04:00,381.1400146484375,387.8999938964844,380.3699951171875,385.1600036621094,382.95220947265625,819800,0.0,0.0,FIX
2024-09-23 00:00:00-04:00,386.70001220703125,392.239990234375,381.17999267578125,387.4800109863281,385.2589111328125,253300,0.0,0.0,FIX
2024-09-24 00:00:00-04:00,387.05999755859375,393.2900085449219,380.45001220703125,388.17999267578125,385.95489501953125,268000,0.0,0.0,FIX
2024-09-25 00:00:00-04:00,390.0,397.6199951171875,388.4599914550781,392.6499938964844,390.39923095703125,296800,0.0,0.0,FIX
2024-09-26 00:00:00-04:00,401.75,403.07000732421875,392.6700134277344,396.82000732421875,394.5453796386719,334500,0.0,0.0,FIX
2024-09-27 00:00:00-04:00,396.67999267578125,397.0400085449219,389.57000732421875,390.07000732421875,387.83404541015625,271400,0.0,0.0,FIX
2024-09-30 00:00:00-04:00,389.0,392.55999755859375,385.19000244140625,390.3500061035156,388.1124572753906,203600,0.0,0.0,FIX
2024-10-01 00:00:00-04:00,389.1700134277344,394.3900146484375,381.1600036621094,389.5799865722656,387.34686279296875,172200,0.0,0.0,FIX
2024-10-02 00:00:00-04:00,389.17999267578125,399.9700012207031,387.3500061035156,397.510009765625,395.23138427734375,180500,0.0,0.0,FIX
2024-10-03 00:00:00-04:00,397.7200012207031,400.94000244140625,390.94000244140625,394.510009765625,392.2486572265625,218200,0.0,0.0,FIX
2024-10-04 00:00:00-04:00,402.25,407.6099853515625,397.8399963378906,402.5299987792969,400.2226257324219,254100,0.0,0.0,FIX
2024-10-07 00:00:00-04:00,400.0,412.489990234375,400.0,406.57000732421875,404.239501953125,211200,0.0,0.0,FIX
2024-10-08 00:00:00-04:00,409.25,411.9599914550781,404.0,405.30999755859375,402.9867248535156,315700,0.0,0.0,FIX
2024-10-09 00:00:00-04:00,405.510009765625,413.0799865722656,405.510009765625,410.6400146484375,408.2861328125,197000,0.0,0.0,FIX
2024-10-10 00:00:00-04:00,402.989990234375,409.4599914550781,399.5299987792969,407.2900085449219,404.9553527832031,287400,0.0,0.0,FIX
2024-10-11 00:00:00-04:00,406.9599914550781,417.79998779296875,405.82000732421875,415.6700134277344,413.28729248046875,217400,0.0,0.0,FIX
2024-10-14 00:00:00-04:00,418.2699890136719,424.44000244140625,414.70001220703125,419.1499938964844,416.74737548828125,271300,0.0,0.0,FIX
2024-10-15 00:00:00-04:00,419.7900085449219,423.2300109863281,410.5799865722656,413.5400085449219,411.1695251464844,313500,0.0,0.0,FIX
2024-10-16 00:00:00-04:00,417.5,419.7099914550781,412.2300109863281,414.6700134277344,412.2930603027344,243600,0.0,0.0,FIX
2024-10-17 00:00:00-04:00,419.54998779296875,423.8900146484375,415.55999755859375,419.1099853515625,416.70758056640625,224600,0.0,0.0,FIX
2024-10-18 00:00:00-04:00,419.1099853515625,423.7799987792969,412.4100036621094,417.5400085449219,415.1465759277344,224700,0.0,0.0,FIX
2024-10-21 00:00:00-04:00,417.9100036621094,424.6300048828125,416.25,424.2699890136719,421.83795166015625,206200,0.0,0.0,FIX
2024-10-22 00:00:00-04:00,419.95001220703125,419.9700012207031,413.5299987792969,414.79998779296875,412.42230224609375,245900,0.0,0.0,FIX
2024-10-23 00:00:00-04:00,412.0,417.8599853515625,407.0799865722656,412.010009765625,409.6482849121094,273400,0.0,0.0,FIX
2024-10-24 00:00:00-04:00,413.8500061035156,416.69000244140625,410.3800048828125,413.4700012207031,411.09991455078125,295000,0.0,0.0,FIX
2024-10-25 00:00:00-04:00,389.95001220703125,389.95001220703125,356.79998779296875,370.5,368.376220703125,1355500,0.0,0.0,FIX
2024-10-28 00:00:00-04:00,375.9100036621094,390.8699951171875,372.9599914550781,389.29998779296875,387.0684509277344,616300,0.0,0.0,FIX
2024-10-29 00:00:00-04:00,386.239990234375,396.7300109863281,382.79998779296875,396.1499938964844,393.87921142578125,412100,0.0,0.0,FIX
2024-10-30 00:00:00-04:00,392.7099914550781,396.8500061035156,386.760009765625,390.1499938964844,387.9136047363281,346800,0.0,0.0,FIX
2024-10-31 00:00:00-04:00,384.3500061035156,392.7099914550781,382.0,391.0400085449219,388.79852294921875,335400,0.0,0.0,FIX
2024-11-01 00:00:00-04:00,395.42999267578125,401.2099914550781,387.9700012207031,392.30999755859375,390.06121826171875,352000,0.0,0.0,FIX
2024-11-04 00:00:00-05:00,389.7799987792969,397.0,388.1000061035156,390.3800048828125,388.14227294921875,285000,0.0,0.0,FIX
2024-11-05 00:00:00-05:00,391.2200012207031,412.3399963378906,391.2200012207031,410.989990234375,408.6341247558594,415500,0.0,0.0,FIX
2024-11-06 00:00:00-05:00,432.05999755859375,439.1700134277344,422.0199890136719,437.2799987792969,434.7734375,424500,0.0,0.0,FIX
2024-11-07 00:00:00-05:00,439.2699890136719,445.70001220703125,434.25,443.2200012207031,440.6794128417969,397600,0.0,0.0,FIX
2024-11-08 00:00:00-05:00,442.9599914550781,462.05999755859375,442.17999267578125,462.05999755859375,459.41143798828125,338600,0.0,0.0,FIX
2024-11-11 00:00:00-05:00,470.0,474.6199951171875,460.3500061035156,466.70001220703125,464.0248107910156,324100,0.0,0.0,FIX
2024-11-12 00:00:00-05:00,468.0,474.44000244140625,462.8900146484375,463.0299987792969,460.37579345703125,278200,0.0,0.0,FIX
2024-11-13 00:00:00-05:00,464.4599914550781,467.7799987792969,446.1499938964844,446.2799987792969,443.72186279296875,386500,0.0,0.0,FIX
2024-11-14 00:00:00-05:00,446.2799987792969,448.760009765625,436.7699890136719,439.4100036621094,437.2341613769531,363700,0.35,0.0,FIX
2024-11-15 00:00:00-05:00,440.3299865722656,447.8699951171875,435.2900085449219,445.0199890136719,442.8163146972656,284500,0.0,0.0,FIX
2024-11-18 00:00:00-05:00,445.0199890136719,455.8399963378906,444.05999755859375,451.0,448.7667236328125,246200,0.0,0.0,FIX
2024-11-19 00:00:00-05:00,455.510009765625,474.7300109863281,451.07000732421875,474.42999267578125,472.08074951171875,397000,0.0,0.0,FIX
2024-11-20 00:00:00-05:00,478.0,481.80999755859375,464.489990234375,476.25,473.8917236328125,423500,0.0,0.0,FIX
2024-11-21 00:00:00-05:00,480.4100036621094,494.3699951171875,477.510009765625,489.9700012207031,487.5437927246094,312000,0.0,0.0,FIX
2024-11-22 00:00:00-05:00,489.9800109863281,494.5,482.1499938964844,491.05999755859375,488.62835693359375,411500,0.0,0.0,FIX
2024-11-25 00:00:00-05:00,496.54998779296875,500.3800048828125,488.760009765625,495.0799865722656,492.62847900390625,449000,0.0,0.0,FIX
2024-11-26 00:00:00-05:00,496.0400085449219,510.7900085449219,490.1300048828125,504.1199951171875,501.62371826171875,339100,0.0,0.0,FIX
2024-11-27 00:00:00-05:00,508.8999938964844,510.0,485.0,486.6499938964844,484.240234375,417400,0.0,0.0,FIX
2024-11-29 00:00:00-05:00,495.0,500.20001220703125,492.7300109863281,493.2699890136719,490.8274230957031,167300,0.0,0.0,FIX
2024-12-02 00:00:00-05:00,495.5,501.8299865722656,487.8900146484375,489.5299987792969,487.10595703125,216500,0.0,0.0,FIX
2024-12-03 00:00:00-05:00,491.3500061035156,496.3599853515625,486.239990234375,495.75,493.295166015625,270500,0.0,0.0,FIX
2024-12-04 00:00:00-05:00,497.32000732421875,504.0,496.1300048828125,500.9800109863281,498.499267578125,318100,0.0,0.0,FIX
2024-12-05 00:00:00-05:00,500.5799865722656,506.2900085449219,492.95001220703125,497.1400146484375,494.6783142089844,261200,0.0,0.0,FIX
2024-12-06 00:00:00-05:00,501.4800109863281,502.739990234375,490.8900146484375,497.0,494.5389709472656,210400,0.0,0.0,FIX
2024-12-09 00:00:00-05:00,496.8699951171875,496.8699951171875,460.80999755859375,462.7200012207031,460.42877197265625,344100,0.0,0.0,FIX
2024-12-10 00:00:00-05:00,466.8299865722656,468.8299865722656,457.9100036621094,459.20001220703125,456.9261779785156,256100,0.0,0.0,FIX
2024-12-11 00:00:00-05:00,465.29998779296875,474.80999755859375,462.07000732421875,472.260009765625,469.9215393066406,278600,0.0,0.0,FIX
2024-12-12 00:00:00-05:00,470.4100036621094,476.2699890136719,467.44000244140625,469.05999755859375,466.73736572265625,262100,0.0,0.0,FIX
2024-12-13 00:00:00-05:00,470.0,473.42999267578125,460.0199890136719,462.3299865722656,460.0406799316406,285900,0.0,0.0,FIX
2024-12-16 00:00:00-05:00,463.45001220703125,468.70001220703125,461.29998779296875,462.9800109863281,460.68743896484375,345600,0.0,0.0,FIX
2024-12-17 00:00:00-05:00,459.0,459.5,446.8699951171875,454.4700012207031,452.21954345703125,287400,0.0,0.0,FIX
2024-12-18 00:00:00-05:00,459.42999267578125,466.5400085449219,430.0,433.1199951171875,430.975341796875,544600,0.0,0.0,FIX
2024-12-19 00:00:00-05:00,443.8900146484375,446.70001220703125,432.9200134277344,435.2200012207031,433.06488037109375,493400,0.0,0.0,FIX
2024-12-20 00:00:00-05:00,427.3599853515625,443.79998779296875,427.3599853515625,438.44000244140625,436.26898193359375,589400,0.0,0.0,FIX
2024-12-23 00:00:00-05:00,437.5,438.0,430.0899963378906,435.0,432.84600830078125,256100,0.0,0.0,FIX
2024-12-24 00:00:00-05:00,435.0,438.739990234375,431.69000244140625,436.8299865722656,434.66693115234375,89300,0.0,0.0,FIX
2024-12-26 00:00:00-05:00,436.82000732421875,439.3299865722656,433.3599853515625,438.8500061035156,436.6769714355469,151000,0.0,0.0,FIX
2024-12-27 00:00:00-05:00,434.2300109863281,434.8800048828125,424.7900085449219,432.0299987792969,429.89068603515625,150600,0.0,0.0,FIX
2024-12-30 00:00:00-05:00,425.010009765625,433.4800109863281,420.0,429.2900085449219,427.1642761230469,186400,0.0,0.0,FIX
2024-12-31 00:00:00-05:00,428.2300109863281,428.9200134277344,421.739990234375,424.05999755859375,421.9601745605469,226300,0.0,0.0,FIX
2025-01-02 00:00:00-05:00,429.5400085449219,436.7699890136719,423.7799987792969,428.5,426.378173828125,377500,0.0,0.0,FIX
2025-01-03 00:00:00-05:00,430.0,449.5199890136719,430.0,448.54998779296875,446.3288879394531,320300,0.0,0.0,FIX
2025-01-06 00:00:00-05:00,455.010009765625,462.8999938964844,450.7300109863281,456.0299987792969,453.7718811035156,360600,0.0,0.0,FIX
2025-01-07 00:00:00-05:00,457.2200012207031,460.8699951171875,430.7799987792969,452.760009765625,450.5180358886719,446000,0.0,0.0,FIX
2025-01-08 00:00:00-05:00,452.6199951171875,456.1400146484375,441.69000244140625,450.2699890136719,448.0403747558594,383400,0.0,0.0,FIX
2025-01-10 00:00:00-05:00,444.4100036621094,444.4100036621094,432.1499938964844,440.04998779296875,437.8709411621094,255100,0.0,0.0,FIX
2025-01-13 00:00:00-05:00,432.44000244140625,439.7900085449219,428.5899963378906,439.1600036621094,436.98541259765625,326300,0.0,0.0,FIX
2025-01-14 00:00:00-05:00,446.19000244140625,466.94000244140625,443.0799865722656,466.42999267578125,464.120361328125,332000,0.0,0.0,FIX
2025-01-15 00:00:00-05:00,480.9700012207031,494.19000244140625,476.9599914550781,493.8999938964844,491.45428466796875,651000,0.0,0.0,FIX
2025-01-16 00:00:00-05:00,498.57000732421875,508.7099914550781,495.010009765625,505.1499938964844,502.6485900878906,425300,0.0,0.0,FIX
2025-01-17 00:00:00-05:00,508.44000244140625,510.5400085449219,499.760009765625,503.7799987792969,501.285400390625,332600,0.0,0.0,FIX
2025-01-21 00:00:00-05:00,515.0,529.239990234375,505.3900146484375,529.219970703125,526.599365234375,441700,0.0,0.0,FIX
2025-01-22 00:00:00-05:00,541.030029296875,553.0900268554688,541.030029296875,550.27001953125,547.5452270507812,590100,0.0,0.0,FIX
2025-01-23 00:00:00-05:00,543.3900146484375,549.9600219726562,532.6300048828125,547.3099975585938,544.599853515625,402200,0.0,0.0,FIX
2025-01-24 00:00:00-05:00,550.3800048828125,551.5800170898438,536.4000244140625,544.1599731445312,541.4653930664062,448100,0.0,0.0,FIX
2025-01-27 00:00:00-05:00,484.0299987792969,484.1199951171875,402.9100036621094,404.239990234375,402.23828125,1446000,0.0,0.0,FIX
2025-01-28 00:00:00-05:00,416.4599914550781,423.95001220703125,404.510009765625,416.17999267578125,414.11920166015625,1022000,0.0,0.0,FIX
2025-01-29 00:00:00-05:00,428.8800048828125,435.2900085449219,417.0,426.3999938964844,424.28857421875,520400,0.0,0.0,FIX
2025-01-30 00:00:00-05:00,435.70001220703125,440.5799865722656,428.17999267578125,433.8599853515625,431.7116394042969,470500,0.0,0.0,FIX
2025-01-31 00:00:00-05:00,436.9700012207031,449.80999755859375,424.7900085449219,436.75,434.5872802734375,397700,0.0,0.0,FIX
2025-02-03 00:00:00-05:00,416.07000732421875,435.45001220703125,413.0199890136719,427.04998779296875,424.93536376953125,335200,0.0,0.0,FIX
2025-02-04 00:00:00-05:00,430.0299987792969,434.95001220703125,421.8399963378906,425.05999755859375,422.9551696777344,288900,0.0,0.0,FIX
2025-02-05 00:00:00-05:00,426.82000732421875,448.4700012207031,425.70001220703125,445.2900085449219,443.0850524902344,388500,0.0,0.0,FIX
2025-02-06 00:00:00-05:00,452.6600036621094,470.2200012207031,450.1300048828125,469.75,467.4239196777344,408700,0.0,0.0,FIX
2025-02-07 00:00:00-05:00,473.17999267578125,476.8900146484375,459.8900146484375,460.05999755859375,457.7818908691406,407500,0.0,0.0,FIX
2025-02-10 00:00:00-05:00,461.8999938964844,468.3500061035156,457.54998779296875,464.9200134277344,462.6178283691406,250500,0.0,0.0,FIX
2025-02-11 00:00:00-05:00,460.0,460.0,429.2799987792969,434.6300048828125,432.47784423828125,562400,0.0,0.0,FIX
2025-02-12 00:00:00-05:00,412.05999755859375,418.29998779296875,397.6300048828125,398.32000732421875,396.34765625,1079900,0.0,0.0,FIX
2025-02-13 00:00:00-05:00,403.70001220703125,407.0299987792969,383.5299987792969,395.04998779296875,393.0938415527344,858000,0.0,0.0,FIX
2025-02-14 00:00:00-05:00,395.6000061035156,397.0899963378906,384.4200134277344,391.2200012207031,389.28277587890625,368500,0.0,0.0,FIX
2025-02-18 00:00:00-05:00,392.0,397.7699890136719,380.05999755859375,394.5899963378906,392.6361083984375,777700,0.0,0.0,FIX
2025-02-19 00:00:00-05:00,390.1099853515625,396.44000244140625,387.3699951171875,395.8599853515625,393.8997802734375,432400,0.0,0.0,FIX
2025-02-20 00:00:00-05:00,395.0,399.3900146484375,379.75,382.1300048828125,380.2377624511719,652300,0.0,0.0,FIX
2025-02-21 00:00:00-05:00,411.55999755859375,412.7799987792969,358.2300109863281,364.0,362.1975402832031,1088300,0.0,0.0,FIX
2025-02-24 00:00:00-05:00,373.739990234375,379.2099914550781,353.42999267578125,358.5400085449219,356.76458740234375,1094000,0.0,0.0,FIX
2025-02-25 00:00:00-05:00,356.67999267578125,375.7699890136719,350.4800109863281,367.5899963378906,365.769775390625,889300,0.0,0.0,FIX
2025-02-26 00:00:00-05:00,384.2799987792969,396.4700012207031,374.7300109863281,374.79998779296875,372.944091796875,662500,0.0,0.0,FIX
2025-02-27 00:00:00-05:00,378.3399963378906,380.8299865722656,356.3999938964844,356.6300048828125,354.86407470703125,663700,0.0,0.0,FIX
2025-02-28 00:00:00-05:00,354.3699951171875,363.3900146484375,350.3800048828125,363.3299865722656,361.5308837890625,728300,0.0,0.0,FIX
2025-03-03 00:00:00-05:00,364.6000061035156,367.9200134277344,342.8900146484375,345.5799865722656,343.8687744140625,711900,0.0,0.0,FIX
2025-03-04 00:00:00-05:00,332.0,352.6400146484375,322.4200134277344,339.1700134277344,337.49053955078125,873000,0.0,0.0,FIX
2025-03-05 00:00:00-05:00,342.5400085449219,353.8299865722656,338.4800109863281,348.67999267578125,346.9533996582031,578800,0.0,0.0,FIX
2025-03-06 00:00:00-05:00,337.4599914550781,342.32000732421875,321.70001220703125,328.1000061035156,326.475341796875,717300,0.0,0.0,FIX
2025-03-07 00:00:00-05:00,330.2300109863281,332.9700012207031,312.4200134277344,324.239990234375,322.6344299316406,696600,0.0,0.0,FIX
2025-03-10 00:00:00-04:00,311.79998779296875,319.25,305.9700012207031,313.260009765625,312.09381103515625,671500,0.4,0.0,FIX
2025-03-11 00:00:00-04:00,313.3800048828125,334.6499938964844,309.010009765625,324.5799865722656,323.3716125488281,688700,0.0,0.0,FIX
2025-03-12 00:00:00-04:00,339.6499938964844,343.6000061035156,330.8599853515625,335.9200134277344,334.6694641113281,475600,0.0,0.0,FIX
2025-03-13 00:00:00-04:00,334.9200134277344,340.3599853515625,323.9200134277344,327.25,326.03173828125,381000,0.0,0.0,FIX
2025-03-14 00:00:00-04:00,335.6499938964844,345.04998779296875,335.0,341.1300048828125,339.860107421875,395400,0.0,0.0,FIX
2025-03-17 00:00:00-04:00,339.0,354.239990234375,339.0,346.3500061035156,345.0606689453125,340300,0.0,0.0,FIX
2025-03-18 00:00:00-04:00,342.20001220703125,343.55999755859375,335.0400085449219,339.29998779296875,338.0368957519531,481900,0.0,0.0,FIX
2025-03-19 00:00:00-04:00,342.6499938964844,364.6400146484375,339.510009765625,357.5299987792969,356.1990661621094,592700,0.0,0.0,FIX
2025-03-20 00:00:00-04:00,354.739990234375,366.2099914550781,350.5400085449219,356.7900085449219,355.4617919921875,395000,0.0,0.0,FIX
2025-03-21 00:00:00-04:00,350.57000732421875,356.3299865722656,346.2099914550781,352.1499938964844,350.8390197753906,714100,0.0,0.0,FIX
2025-03-24 00:00:00-04:00,366.55999755859375,380.3699951171875,363.45001220703125,379.239990234375,377.82818603515625,459000,0.0,0.0,FIX
2025-03-25 00:00:00-04:00,377.8599853515625,381.5299987792969,365.17999267578125,373.05999755859375,371.67120361328125,370600,0.0,0.0,FIX
2025-03-26 00:00:00-04:00,371.7699890136719,374.0,345.29998779296875,345.6099853515625,344.3233947753906,603600,0.0,0.0,FIX
2025-03-27 00:00:00-04:00,342.8500061035156,343.5299987792969,329.5,332.2799987792969,331.0430603027344,668500,0.0,0.0,FIX
2025-03-28 00:00:00-04:00,328.45001220703125,332.75,319.7300109863281,324.1099853515625,322.90338134765625,675400,0.0,0.0,FIX
2025-03-31 00:00:00-04:00,312.7900085449219,322.92999267578125,303.239990234375,322.3299865722656,321.13006591796875,820000,0.0,0.0,FIX
2025-04-01 00:00:00-04:00,320.4599914550781,331.4100036621094,317.69000244140625,330.0,328.771484375,509000,0.0,0.0,FIX
2025-04-02 00:00:00-04:00,320.17999267578125,343.2200012207031,318.6600036621094,342.2799987792969,341.0057678222656,452600,0.0,0.0,FIX
2025-04-03 00:00:00-04:00,315.2799987792969,322.95001220703125,306.6499938964844,311.3699951171875,310.2108459472656,643000,0.0,0.0,FIX
2025-04-04 00:00:00-04:00,296.70001220703125,301.3699951171875,276.44000244140625,296.510009765625,295.4062194824219,782800,0.0,0.0,FIX
2025-04-07 00:00:00-04:00,281.67999267578125,323.8399963378906,281.5199890136719,312.1300048828125,310.96807861328125,928200,0.0,0.0,FIX
2025-04-08 00:00:00-04:00,329.79998779296875,336.5,305.5,312.2099914550781,311.0477294921875,505700,0.0,0.0,FIX
2025-04-09 00:00:00-04:00,318.510009765625,365.54998779296875,306.19000244140625,356.7699890136719,355.44183349609375,796600,0.0,0.0,FIX
2025-04-10 00:00:00-04:00,339.44000244140625,349.7099914550781,325.5799865722656,337.3999938964844,336.1439208984375,591600,0.0,0.0,FIX
2025-04-11 00:00:00-04:00,337.3999938964844,349.3800048828125,331.9700012207031,348.7699890136719,347.47161865234375,330200,0.0,0.0,FIX
2025-04-14 00:00:00-04:00,353.260009765625,362.1099853515625,344.6099853515625,351.6000061035156,350.2911071777344,308700,0.0,0.0,FIX
2025-04-15 00:00:00-04:00,354.54998779296875,363.0899963378906,352.760009765625,356.2099914550781,354.8839416503906,291600,0.0,0.0,FIX
2025-04-16 00:00:00-04:00,348.17999267578125,354.29998779296875,341.0,349.1600036621094,347.8601989746094,289700,0.0,0.0,FIX
2025-04-17 00:00:00-04:00,350.4200134277344,354.989990234375,341.29998779296875,347.95001220703125,346.6546630859375,336300,0.0,0.0,FIX
2025-04-21 00:00:00-04:00,345.0899963378906,350.0199890136719,321.95001220703125,328.1700134277344,326.9483337402344,351800,0.0,0.0,FIX
2025-04-22 00:00:00-04:00,334.0,345.20001220703125,333.6000061035156,340.3299865722656,339.0630187988281,409700,0.0,0.0,FIX
2025-04-23 00:00:00-04:00,365.739990234375,372.7200012207031,353.5799865722656,355.70001220703125,354.3758850097656,360900,0.0,0.0,FIX
2025-04-24 00:00:00-04:00,355.0,378.9100036621094,355.0,376.2099914550781,374.8094787597656,481500,0.0,0.0,FIX
2025-04-25 00:00:00-04:00,385.0,412.5,384.0,397.42999267578125,395.9504699707031,1315700,0.0,0.0,FIX
2025-04-28 00:00:00-04:00,395.0799865722656,404.7799987792969,386.4599914550781,394.3999938964844,392.9317321777344,529500,0.0,0.0,FIX
2025-04-29 00:00:00-04:00,394.30999755859375,398.739990234375,388.0899963378906,397.5400085449219,396.0600891113281,449300,0.0,0.0,FIX
2025-04-30 00:00:00-04:00,382.07000732421875,397.9200134277344,380.0,397.54998779296875,396.07000732421875,415800,0.0,0.0,FIX
2025-05-01 00:00:00-04:00,410.30999755859375,429.3500061035156,408.9599914550781,418.04998779296875,416.4936828613281,640300,0.0,0.0,FIX
2025-05-02 00:00:00-04:00,420.8800048828125,439.3299865722656,420.8800048828125,432.1000061035156,430.4914245605469,444300,0.0,0.0,FIX
2025-05-05 00:00:00-04:00,428.55999755859375,438.3999938964844,428.55999755859375,435.2900085449219,433.6695556640625,317800,0.0,0.0,FIX
2025-05-06 00:00:00-04:00,430.4700012207031,435.2799987792969,426.9700012207031,428.9700012207031,427.373046875,213300,0.0,0.0,FIX
2025-05-07 00:00:00-04:00,428.9700012207031,433.6700134277344,422.5299987792969,432.1600036621094,430.5511779785156,336100,0.0,0.0,FIX
2025-05-08 00:00:00-04:00,439.1099853515625,449.57000732421875,435.2699890136719,439.1499938964844,437.51513671875,368700,0.0,0.0,FIX
2025-05-09 00:00:00-04:00,441.70001220703125,443.2099914550781,430.7900085449219,434.8800048828125,433.2611083984375,286300,0.0,0.0,FIX
2025-05-12 00:00:00-04:00,455.8500061035156,458.8500061035156,446.7799987792969,451.8599853515625,450.1778259277344,246500,0.0,0.0,FIX
2025-05-13 00:00:00-04:00,455.4100036621094,471.739990234375,453.44000244140625,465.2300109863281,463.49810791015625,557900,0.0,0.0,FIX
2025-05-14 00:00:00-04:00,474.3599853515625,475.0,465.2900085449219,467.510009765625,465.76959228515625,527700,0.0,0.0,FIX
2025-05-15 00:00:00-04:00,464.0,470.010009765625,460.94000244140625,463.3699951171875,461.6449890136719,445400,0.0,0.0,FIX
2025-05-16 00:00:00-04:00,466.9100036621094,472.9700012207031,461.7099914550781,471.9700012207031,470.67010498046875,316400,0.45,0.0,FIX
2025-05-19 00:00:00-04:00,462.4599914550781,471.67999267578125,461.3299865722656,470.239990234375,468.94482421875,241800,0.0,0.0,FIX
2025-05-20 00:00:00-04:00,467.9800109863281,475.6700134277344,467.9800109863281,472.57000732421875,471.2684326171875,287800,0.0,0.0,FIX
2025-05-21 00:00:00-04:00,465.1300048828125,476.7200012207031,462.42999267578125,465.25,463.96856689453125,243800,0.0,0.0,FIX
2025-05-22 00:00:00-04:00,461.4700012207031,468.0199890136719,452.0400085449219,462.239990234375,460.96685791015625,306400,0.0,0.0,FIX
2025-05-23 00:00:00-04:00,452.67999267578125,475.0,452.6499938964844,471.5,470.2013854980469,261800,0.0,0.0,FIX
2025-05-27 00:00:00-04:00,483.42999267578125,490.3599853515625,473.5799865722656,485.3999938964844,484.0630798339844,462600,0.0,0.0,FIX
2025-05-28 00:00:00-04:00,486.5199890136719,488.1300048828125,474.2200012207031,476.9200134277344,475.6064758300781,431100,0.0,0.0,FIX
2025-05-29 00:00:00-04:00,482.54998779296875,487.1600036621094,470.67999267578125,478.8299865722656,477.51116943359375,255000,0.0,0.0,FIX
2025-05-30 00:00:00-04:00,478.0,480.6700134277344,466.8900146484375,478.2300109863281,476.9128723144531,322400,0.0,0.0,FIX
2025-06-02 00:00:00-04:00,474.79998779296875,478.2099914550781,465.04998779296875,477.0799865722656,475.7659912109375,325200,0.0,0.0,FIX
2025-06-03 00:00:00-04:00,480.30999755859375,498.8599853515625,480.30999755859375,496.7799987792969,495.4117126464844,426300,0.0,0.0,FIX
2025-06-04 00:00:00-04:00,495.8900146484375,502.70001220703125,493.5899963378906,498.6300048828125,497.2566223144531,271300,0.0,0.0,FIX
2025-06-05 00:00:00-04:00,501.0,504.489990234375,491.80999755859375,499.1300048828125,497.75531005859375,248800,0.0,0.0,FIX
2025-06-06 00:00:00-04:00,505.6700134277344,511.2799987792969,500.1700134277344,510.5199890136719,509.1139221191406,340900,0.0,0.0,FIX
2025-06-09 00:00:00-04:00,509.1400146484375,509.9100036621094,497.2200012207031,501.3299865722656,499.94921875,502900,0.0,0.0,FIX
2025-06-10 00:00:00-04:00,501.2900085449219,502.489990234375,469.1600036621094,487.7099914550781,486.3667297363281,506500,0.0,0.0,FIX
2025-06-11 00:00:00-04:00,490.5,499.7799987792969,486.7300109863281,496.70001220703125,495.33197021484375,244600,0.0,0.0,FIX
2025-06-12 00:00:00-04:00,491.75,501.6400146484375,491.75,501.25,499.86944580078125,188100,0.0,0.0,FIX
2025-06-13 00:00:00-04:00,495.8299865722656,499.3999938964844,489.5400085449219,492.7200012207031,491.3629455566406,335600,0.0,0.0,FIX
2025-06-16 00:00:00-04:00,497.8900146484375,511.0899963378906,497.1400146484375,500.9100036621094,499.5303649902344,258700,0.0,0.0,FIX
2025-06-17 00:00:00-04:00,496.2099914550781,504.29998779296875,493.1099853515625,495.3699951171875,494.005615234375,356800,0.0,0.0,FIX
2025-06-18 00:00:00-04:00,495.25,508.7099914550781,495.25,499.0199890136719,497.6455383300781,465400,0.0,0.0,FIX
2025-06-20 00:00:00-04:00,500.57000732421875,503.4700012207031,491.5,500.0199890136719,498.642822265625,770900,0.0,0.0,FIX
2025-06-23 00:00:00-04:00,497.57000732421875,504.1600036621094,489.9800109863281,502.9800109863281,501.5946960449219,291800,0.0,0.0,FIX
2025-06-24 00:00:00-04:00,509.2799987792969,516.2899780273438,504.75,513.3200073242188,511.90625,317200,0.0,0.0,FIX
2025-06-25 00:00:00-04:00,516.9600219726562,520.22998046875,507.57000732421875,507.6000061035156,506.20196533203125,222800,0.0,0.0,FIX
2025-06-26 00:00:00-04:00,513.77001953125,517.9199829101562,512.1799926757812,516.0800170898438,514.6586303710938,246400,0.0,0.0,FIX
2025-06-27 00:00:00-04:00,520.4199829101562,536.4400024414062,517.280029296875,535.0,533.5264892578125,503100,0.0,0.0,FIX
2025-06-30 00:00:00-04:00,535.0999755859375,541.5399780273438,530.6599731445312,536.2100219726562,534.733154296875,424600,0.0,0.0,FIX
2025-07-01 00:00:00-04:00,531.3300170898438,536.1199951171875,510.0,521.6599731445312,520.22314453125,365900,0.0,0.0,FIX
2025-07-02 00:00:00-04:00,518.739990234375,531.47998046875,517.5800170898438,529.9000244140625,528.4404907226562,284100,0.0,0.0,FIX
2025-07-03 00:00:00-04:00,529.0700073242188,543.739990234375,529.0700073242188,540.97998046875,539.4899291992188,162300,0.0,0.0,FIX
2025-07-07 00:00:00-04:00,541.25,549.219970703125,536.1799926757812,541.47998046875,539.9885864257812,280600,0.0,0.0,FIX
2025-07-08 00:00:00-04:00,540.9000244140625,544.0,519.989990234375,527.4199829101562,525.96728515625,382500,0.0,0.0,FIX
2025-07-09 00:00:00-04:00,535.6699829101562,541.27001953125,529.239990234375,535.02001953125,533.5464477539062,407300,0.0,0.0,FIX
2025-07-10 00:00:00-04:00,535.0,539.4600219726562,517.030029296875,533.77001953125,532.2998657226562,359100,0.0,0.0,FIX
2025-07-11 00:00:00-04:00,532.5999755859375,543.0399780273438,530.02001953125,539.5,538.0140991210938,263900,0.0,0.0,FIX
2025-07-14 00:00:00-04:00,539.5,549.2000122070312,534.47998046875,542.9500122070312,541.4546508789062,316700,0.0,0.0,FIX
2025-07-15 00:00:00-04:00,550.3099975585938,550.3099975585938,535.0,539.02001953125,537.5354614257812,241700,0.0,0.0,FIX
2025-07-16 00:00:00-04:00,541.75,549.8300170898438,535.6199951171875,546.6300048828125,545.1243896484375,303200,0.0,0.0,FIX
2025-07-17 00:00:00-04:00,549.27001953125,555.25,544.4400024414062,550.5,548.9837646484375,326400,0.0,0.0,FIX
2025-07-18 00:00:00-04:00,552.8400268554688,559.3599853515625,547.989990234375,554.1799926757812,552.6536865234375,227200,0.0,0.0,FIX
2025-07-21 00:00:00-04:00,553.3699951171875,556.1799926757812,543.47998046875,544.9500122070312,543.4490966796875,205200,0.0,0.0,FIX
2025-07-22 00:00:00-04:00,544.25,544.25,513.989990234375,532.1400146484375,530.6743774414062,385600,0.0,0.0,FIX
2025-07-23 00:00:00-04:00,538.72998046875,554.9600219726562,538.260009765625,547.9099731445312,546.40087890625,340700,0.0,0.0,FIX
2025-07-24 00:00:00-04:00,551.75,565.02001953125,543.25,562.8300170898438,561.2798461914062,511000,0.0,0.0,FIX
2025-07-25 00:00:00-04:00,665.2999877929688,699.3900146484375,648.22998046875,688.739990234375,686.8430786132812,1254100,0.0,0.0,FIX
2025-07-28 00:00:00-04:00,697.0,709.4000244140625,677.6199951171875,692.969970703125,691.0613403320312,736500,0.0,0.0,FIX
2025-07-29 00:00:00-04:00,698.3499755859375,708.5700073242188,683.0,687.6699829101562,685.7759399414062,469500,0.0,0.0,FIX
2025-07-30 00:00:00-04:00,693.9500122070312,705.0800170898438,687.5999755859375,702.969970703125,701.0338134765625,433700,0.0,0.0,FIX
2025-07-31 00:00:00-04:00,711.1199951171875,718.4000244140625,698.4299926757812,703.2999877929688,701.363037109375,686500,0.0,0.0,FIX
2025-08-01 00:00:00-04:00,681.22998046875,705.9500122070312,667.010009765625,695.2999877929688,693.3848876953125,552400,0.0,0.0,FIX
2025-08-04 00:00:00-04:00,706.719970703125,706.719970703125,684.6900024414062,699.1599731445312,697.2343139648438,412700,0.0,0.0,FIX
2025-08-05 00:00:00-04:00,705.0,711.0,682.5,691.4500122070312,689.5455322265625,354100,0.0,0.0,FIX
2025-08-06 00:00:00-04:00,691.4500122070312,694.6799926757812,680.280029296875,690.4500122070312,688.54833984375,301700,0.0,0.0,FIX
2025-08-07 00:00:00-04:00,697.77001953125,700.0,685.0,694.4299926757812,692.517333984375,256800,0.0,0.0,FIX
2025-08-08 00:00:00-04:00,699.510009765625,708.72998046875,684.0700073242188,691.760009765625,689.8546752929688,376100,0.0,0.0,FIX
2025-08-11 00:00:00-04:00,694.0599975585938,695.2999877929688,687.4000244140625,693.3099975585938,691.400390625,251900,0.0,0.0,FIX
2025-08-12 00:00:00-04:00,696.8099975585938,720.0,689.3300170898438,718.6099853515625,716.6307373046875,379600,0.0,0.0,FIX
2025-08-13 00:00:00-04:00,725.2100219726562,733.25,682.6599731445312,702.0999755859375,700.166259765625,662100,0.0,0.0,FIX
2025-08-14 00:00:00-04:00,693.3099975585938,708.219970703125,688.25,689.8599853515625,688.4501953125,432700,0.5,0.0,FIX
2025-08-15 00:00:00-04:00,689.3200073242188,702.0,671.7000122070312,680.8599853515625,679.4686279296875,408900,0.0,0.0,FIX
2025-08-18 00:00:00-04:00,680.8599853515625,695.760009765625,678.4000244140625,695.760009765625,694.3381958007812,266800,0.0,0.0,FIX
2025-08-19 00:00:00-04:00,692.8200073242188,694.3900146484375,681.5800170898438,683.9299926757812,682.5324096679688,372500,0.0,0.0,FIX
2025-08-20 00:00:00-04:00,674.6699829101562,685.0700073242188,655.9600219726562,681.0800170898438,679.688232421875,418900,0.0,0.0,FIX
2025-08-21 00:00:00-04:00,679.780029296875,695.1699829101562,678.4000244140625,694.0,692.581787109375,311700,0.0,0.0,FIX
2025-08-22 00:00:00-04:00,695.9600219726562,716.8900146484375,688.4099731445312,689.47998046875,688.0709838867188,526200,0.0,0.0,FIX
2025-08-25 00:00:00-04:00,690.969970703125,700.0,684.3599853515625,691.1799926757812,689.7675170898438,219000,0.0,0.0,FIX
2025-08-26 00:00:00-04:00,692.530029296875,709.0,691.27001953125,707.3900146484375,705.9444580078125,430100,0.0,0.0,FIX
2025-08-27 00:00:00-04:00,704.5,717.239990234375,703.0,709.8300170898438,708.3794555664062,388100,0.0,0.0,FIX
2025-08-28 00:00:00-04:00,713.969970703125,732.7999877929688,710.0700073242188,730.010009765625,728.5181884765625,366200,0.0,0.0,FIX
2025-08-29 00:00:00-04:00,729.0599975585938,729.0599975585938,691.4500122070312,703.3800048828125,701.9426879882812,375100,0.0,0.0,FIX
2025-09-02 00:00:00-04:00,687.0,700.22998046875,670.1900024414062,698.6099853515625,697.1823120117188,363100,0.0,0.0,FIX
2025-09-03 00:00:00-04:00,701.1900024414062,705.9199829101562,696.3900146484375,700.6900024414062,699.258056640625,320600,0.0,0.0,FIX
2025-09-04 00:00:00-04:00,706.9500122070312,724.5900268554688,701.8800048828125,723.9500122070312,722.4705810546875,343800,0.0,0.0,FIX
2025-09-05 00:00:00-04:00,721.3400268554688,727.0,682.0,706.3099975585938,704.8666381835938,523800,0.0,0.0,FIX
2025-09-08 00:00:00-04:00,712.0,718.3900146484375,703.75,715.8699951171875,714.4071044921875,337900,0.0,0.0,FIX
2025-09-09 00:00:00-04:00,717.1500244140625,717.5,698.0599975585938,709.530029296875,708.080078125,311600,0.0,0.0,FIX
2025-09-10 00:00:00-04:00,726.7899780273438,757.1199951171875,721.8699951171875,752.0999755859375,750.5631103515625,616700,0.0,0.0,FIX
2025-09-11 00:00:00-04:00,763.6799926757812,772.219970703125,755.0,764.9099731445312,763.3468017578125,559800,0.0,0.0,FIX
2025-09-12 00:00:00-04:00,762.47998046875,770.1799926757812,751.8499755859375,753.6900024414062,752.1497802734375,301700,0.0,0.0,FIX
2025-09-15 00:00:00-04:00,758.0,782.4600219726562,755.0,782.0499877929688,780.4518432617188,397000,0.0,0.0,FIX
2025-09-16 00:00:00-04:00,780.52001953125,785.22998046875,768.9199829101562,777.1799926757812,775.591796875,406100,0.0,0.0,FIX
2025-09-17 00:00:00-04:00,781.0999755859375,782.7000122070312,757.8800048828125,762.9099731445312,761.3508911132812,533000,0.0,0.0,FIX
2025-09-18 00:00:00-04:00,768.0900268554688,806.5800170898438,767.3300170898438,799.3800048828125,797.7463989257812,366300,0.0,0.0,FIX
2025-09-19 00:00:00-04:00,798.9000244140625,802.6300048828125,782.8599853515625,797.7100219726562,796.079833984375,685900,0.0,0.0,FIX
2025-09-22 00:00:00-04:00,792.530029296875,824.2899780273438,791.2100219726562,821.6199951171875,819.9409790039062,424600,0.0,0.0,FIX
2025-09-23 00:00:00-04:00,818.4299926757812,825.0,795.0499877929688,804.239990234375,802.5964965820312,332900,0.0,0.0,FIX
2025-09-24 00:00:00-04:00,811.1900024414062,817.3400268554688,787.8699951171875,791.4600219726562,789.8425903320312,284400,0.0,0.0,FIX
2025-09-25 00:00:00-04:00,776.2899780273438,789.6699829101562,757.0,781.8800048828125,780.2822265625,469700,0.0,0.0,FIX
2025-09-26 00:00:00-04:00,784.6099853515625,807.969970703125,780.0,804.3599853515625,802.7162475585938,287700,0.0,0.0,FIX
2025-09-29 00:00:00-04:00,814.5900268554688,823.5,799.4199829101562,801.7999877929688,800.1615600585938,300100,0.0,0.0,FIX
2025-09-30 00:00:00-04:00,807.8400268554688,827.969970703125,805.260009765625,825.1799926757812,823.49365234375,309400,0.0,0.0,FIX
2025-10-01 00:00:00-04:00,813.0700073242188,843.7999877929688,811.75,834.3300170898438,832.625,296600,0.0,0.0,FIX
2025-10-02 00:00:00-04:00,835.8900146484375,852.3099975585938,820.0,832.97998046875,831.2777709960938,305000,0.0,0.0,FIX
2025-10-03 00:00:00-04:00,838.0999755859375,840.780029296875,816.0,818.010009765625,816.33837890625,285400,0.0,0.0,FIX
2025-10-06 00:00:00-04:00,829.719970703125,842.9600219726562,823.25,825.4199829101562,823.733154296875,245900,0.0,0.0,FIX
2025-10-07 00:00:00-04:00,832.8499755859375,836.8900146484375,796.0,816.530029296875,814.8614501953125,349400,0.0,0.0,FIX
2025-10-08 00:00:00-04:00,824.9600219726562,851.6400146484375,816.9400024414062,844.6199951171875,842.8939819335938,244300,0.0,0.0,FIX
2025-10-09 00:00:00-04:00,844.6199951171875,846.8900146484375,821.5499877929688,834.7000122070312,832.9942626953125,240600,0.0,0.0,FIX
2025-10-10 00:00:00-04:00,839.719970703125,858.5499877929688,815.1099853515625,816.0700073242188,814.4022827148438,312200,0.0,0.0,FIX
2025-10-13 00:00:00-04:00,843.8599853515625,861.77001953125,832.4000244140625,845.989990234375,844.2611694335938,240200,0.0,0.0,FIX
2025-10-14 00:00:00-04:00,829.7100219726562,851.5,813.7000122070312,831.8900146484375,830.1900634765625,338500,0.0,0.0,FIX
2025-10-15 00:00:00-04:00,850.0,850.5900268554688,827.1799926757812,837.1099853515625,835.3993530273438,480700,0.0,0.0,FIX
2025-10-16 00:00:00-04:00,846.7899780273438,849.22998046875,827.6400146484375,838.780029296875,837.0659790039062,316600,0.0,0.0,FIX
2025-10-17 00:00:00-04:00,827.97998046875,841.9000244140625,810.0,827.9199829101562,826.2280883789062,388700,0.0,0.0,FIX
2025-10-20 00:00:00-04:00,842.489990234375,854.4600219726562,832.260009765625,836.75,835.0401000976562,259100,0.0,0.0,FIX
2025-10-21 00:00:00-04:00,832.1199951171875,835.0,812.0900268554688,829.3599853515625,827.6651611328125,331600,0.0,0.0,FIX
2025-10-22 00:00:00-04:00,839.239990234375,847.6799926757812,770.469970703125,790.719970703125,789.1040649414062,685100,0.0,0.0,FIX
2025-10-23 00:00:00-04:00,791.3599853515625,836.3200073242188,791.3599853515625,825.0,823.3140869140625,653000,0.0,0.0,FIX
2025-10-24 00:00:00-04:00,955.0,1002.6400146484375,950.0,981.6599731445312,979.6539306640625,1051800,0.0,0.0,FIX
2025-10-27 00:00:00-04:00,998.760009765625,1007.6699829101562,965.75,976.4500122070312,974.4545288085938,484800,0.0,0.0,FIX
2025-10-28 00:00:00-04:00,975.0,989.239990234375,966.4400024414062,980.969970703125,978.96533203125,357200,0.0,0.0,FIX
2025-10-29 00:00:00-04:00,990.989990234375,1019.72998046875,990.989990234375,1010.6400146484375,1008.5747680664062,383000,0.0,0.0,FIX
2025-10-30 00:00:00-04:00,994.4400024414062,1020.260009765625,957.1599731445312,963.2999877929688,961.3314819335938,509200,0.0,0.0,FIX
2025-10-31 00:00:00-04:00,969.2999877929688,987.2000122070312,951.1799926757812,965.5800170898438,963.6067504882812,313300,0.0,0.0,FIX
2025-11-03 00:00:00-05:00,975.9400024414062,982.6900024414062,960.2999877929688,977.6699829101562,975.6720581054688,235700,0.0,0.0,FIX
2025-11-04 00:00:00-05:00,956.989990234375,967.3800048828125,925.0499877929688,955.9600219726562,954.0064697265625,398000,0.0,0.0,FIX
2025-11-05 00:00:00-05:00,963.3300170898438,997.3099975585938,956.0599975585938,987.780029296875,985.761474609375,319100,0.0,0.0,FIX
2025-11-06 00:00:00-05:00,986.3400268554688,992.010009765625,948.010009765625,957.780029296875,955.8228149414062,305400,0.0,0.0,FIX
2025-11-07 00:00:00-05:00,937.4400024414062,956.8499755859375,910.0999755859375,955.260009765625,953.307861328125,488500,0.0,0.0,FIX
2025-11-10 00:00:00-05:00,978.1099853515625,994.0,965.0499877929688,974.1400146484375,972.1493530273438,279800,0.0,0.0,FIX
2025-11-11 00:00:00-05:00,957.8800048828125,974.9500122070312,942.0,954.530029296875,952.5794067382812,223300,0.0,0.0,FIX
2025-11-12 00:00:00-05:00,961.6900024414062,981.0,957.7899780273438,973.1799926757812,971.1912231445312,309900,0.0,0.0,FIX
2025-11-13 00:00:00-05:00,963.469970703125,974.75,892.3499755859375,897.52001953125,896.238525390625,654700,0.6,0.0,FIX
2025-11-14 00:00:00-05:00,861.510009765625,931.3900146484375,841.6599731445312,909.5999755859375,908.3011474609375,589300,0.0,0.0,FIX
2025-11-17 00:00:00-05:00,914.7999877929688,937.780029296875,905.0499877929688,919.8200073242188,918.506591796875,401400,0.0,0.0,FIX
2025-11-18 00:00:00-05:00,901.4400024414062,936.9099731445312,895.780029296875,920.989990234375,919.6749267578125,353700,0.0,0.0,FIX
2025-11-19 00:00:00-05:00,929.739990234375,949.9500122070312,911.0,930.5,929.17138671875,348500,0.0,0.0,FIX
2025-11-20 00:00:00-05:00,954.8599853515625,975.5599975585938,869.8800048828125,876.1900024414062,874.9389038085938,650100,0.0,0.0,FIX
2025-11-21 00:00:00-05:00,878.9600219726562,896.52001953125,850.0,894.0800170898438,892.8034057617188,535300,0.0,0.0,FIX
2025-11-24 00:00:00-05:00,923.8900146484375,958.8300170898438,910.0900268554688,945.0700073242188,943.7205810546875,3206200,0.0,0.0,FIX
2025-11-25 00:00:00-05:00,936.780029296875,957.260009765625,910.02001953125,957.0399780273438,955.6734619140625,377600,0.0,0.0,FIX
2025-11-26 00:00:00-05:00,962.0,982.9199829101562,960.27001953125,970.9500122070312,969.5636596679688,342400,0.0,0.0,FIX
2025-11-28 00:00:00-05:00,979.6500244140625,980.9199829101562,965.0499877929688,976.9400024414062,975.5450439453125,172500,0.0,0.0,FIX
2025-12-01 00:00:00-05:00,961.010009765625,964.9500122070312,946.5,961.2000122070312,959.8275756835938,402400,0.0,0.0,FIX
2025-12-02 00:00:00-05:00,972.5900268554688,988.6799926757812,934.9500122070312,935.780029296875,934.44384765625,465900,0.0,0.0,FIX
2025-12-03 00:00:00-05:00,935.0,953.489990234375,910.0499877929688,949.2999877929688,947.9445190429688,300300,0.0,0.0,FIX
2025-12-04 00:00:00-05:00,950.0,1006.5999755859375,940.0,1004.6500244140625,1003.2155151367188,518300,0.0,0.0,FIX
2025-12-05 00:00:00-05:00,1008.0800170898438,1014.780029296875,977.1699829101562,1001.47998046875,1000.0499877929688,381400,0.0,0.0,FIX
2025-12-08 00:00:00-05:00,1008.6500244140625,1036.6700439453125,986.1099853515625,989.47998046875,988.067138671875,647700,0.0,0.0,FIX
2025-12-09 00:00:00-05:00,983.9000244140625,997.8300170898438,978.0,983.6099853515625,982.2055053710938,344900,0.0,0.0,FIX
2025-12-10 00:00:00-05:00,993.4099731445312,1028.949951171875,968.2999877929688,1021.3599853515625,1019.9015502929688,401500,0.0,0.0,FIX
2025-12-11 00:00:00-05:00,1016.4000244140625,1025.4000244140625,975.0499877929688,1024.9200439453125,1023.4566040039062,438900,0.0,0.0,FIX
2025-12-12 00:00:00-05:00,1011.6900024414062,1023.8699951171875,912.4000244140625,967.9500122070312,966.56787109375,869200,0.0,0.0,FIX
2025-12-15 00:00:00-05:00,962.8599853515625,986.2000122070312,961.4000244140625,968.47998046875,967.09716796875,400300,0.0,0.0,FIX
2025-12-16 00:00:00-05:00,985.0999755859375,985.0999755859375,953.1400146484375,968.5,967.1171264648438,428400,0.0,0.0,FIX
2025-12-17 00:00:00-05:00,970.2999877929688,976.6199951171875,878.5900268554688,883.7899780273438,882.528076171875,800100,0.0,0.0,FIX
2025-12-18 00:00:00-05:00,908.0,926.47998046875,896.1900024414062,918.5399780273438,917.2283935546875,512500,0.0,0.0,FIX
2025-12-19 00:00:00-05:00,929.0499877929688,952.8400268554688,922.0499877929688,940.739990234375,939.396728515625,8010000,0.0,0.0,FIX
2025-12-22 00:00:00-05:00,955.0999755859375,974.3499755859375,943.8699951171875,950.7899780273438,949.432373046875,452000,0.0,0.0,FIX
2025-12-23 00:00:00-05:00,948.3300170898438,970.0,946.22998046875,965.3699951171875,963.9915161132812,327700,0.0,0.0,FIX
2025-12-24 00:00:00-05:00,964.030029296875,964.719970703125,953.0,958.0700073242188,956.7019653320312,155000,0.0,0.0,FIX
2025-12-26 00:00:00-05:00,961.6599731445312,967.0800170898438,953.2999877929688,963.8300170898438,962.4537353515625,170500,0.0,0.0,FIX
2025-12-29 00:00:00-05:00,953.9400024414062,964.6799926757812,943.5,950.6699829101562,949.3125610351562,259200,0.0,0.0,FIX
2025-12-30 00:00:00-05:00,950.6699829101562,958.0599975585938,944.22998046875,946.9299926757812,945.5779418945312,216100,0.0,0.0,FIX
2025-12-31 00:00:00-05:00,950.510009765625,954.9500122070312,932.3300170898438,933.2899780273438,931.9573364257812,192800,0.0,0.0,FIX
2026-01-02 00:00:00-05:00,938.4000244140625,1004.9600219726562,938.4000244140625,1003.6400146484375,1002.2069702148438,395900,0.0,0.0,FIX
2026-01-05 00:00:00-05:00,1020.510009765625,1050.449951171875,1020.510009765625,1032.31005859375,1030.8360595703125,435100,0.0,0.0,FIX
2026-01-06 00:00:00-05:00,1024.72998046875,1035.1099853515625,952.739990234375,1035.1099853515625,1033.6319580078125,648400,0.0,0.0,FIX
2026-01-07 00:00:00-05:00,1028.68994140625,1048.4300537109375,1005.6799926757812,1035.1199951171875,1033.6419677734375,441700,0.0,0.0,FIX
2026-01-08 00:00:00-05:00,1035.1199951171875,1040.0,959.7999877929688,971.489990234375,970.102783203125,512900,0.0,0.0,FIX
2026-01-09 00:00:00-05:00,977.969970703125,1022.1099853515625,977.6699829101562,1010.4099731445312,1008.9672241210938,362900,0.0,0.0,FIX
2026-01-12 00:00:00-05:00,1010.0,1046.0,1000.0,1038.1800537109375,1036.6976318359375,528200,0.0,0.0,FIX
2026-01-13 00:00:00-05:00,1039.1199951171875,1078.699951171875,1039.1199951171875,1073.1400146484375,1071.6077880859375,378700,0.0,0.0,FIX
2026-01-14 00:00:00-05:00,1065.0400390625,1079.27001953125,1024.1199951171875,1053.0999755859375,1051.5963134765625,403700,0.0,0.0,FIX
2026-01-15 00:00:00-05:00,1090.25,1114.6099853515625,1075.0,1091.0400390625,1089.4822998046875,408100,0.0,0.0,FIX
2026-01-16 00:00:00-05:00,1107.0,1147.030029296875,1103.06005859375,1119.97998046875,1118.380859375,507200,0.0,0.0,FIX
2026-01-20 00:00:00-05:00,1098.8399658203125,1140.6800537109375,1092.0,1134.75,1133.129638671875,545100,0.0,0.0,FIX
2026-01-21 00:00:00-05:00,1141.1199951171875,1158.3499755859375,1115.0,1148.0,1146.36083984375,414800,0.0,0.0,FIX
2026-01-22 00:00:00-05:00,1170.0,1177.8699951171875,1101.0999755859375,1131.699951171875,1130.083984375,368200,0.0,0.0,FIX
2026-01-23 00:00:00-05:00,1131.699951171875,1136.9000244140625,1105.3900146484375,1121.43994140625,1119.838623046875,271700,0.0,0.0,FIX
2026-01-26 00:00:00-05:00,1126.510009765625,1148.239990234375,1117.8299560546875,1127.550048828125,1125.9400634765625,272000,0.0,0.0,FIX
2026-01-27 00:00:00-05:00,1138.8499755859375,1167.989990234375,1123.47998046875,1160.3800048828125,1158.72314453125,268000,0.0,0.0,FIX
2026-01-28 00:00:00-05:00,1165.3800048828125,1179.0,1147.6300048828125,1169.050048828125,1167.3807373046875,299100,0.0,0.0,FIX
2026-01-29 00:00:00-05:00,1180.18994140625,1200.3299560546875,1145.0,1171.4599609375,1169.787353515625,306100,0.0,0.0,FIX
2026-01-30 00:00:00-05:00,1155.699951171875,1186.1500244140625,1131.219970703125,1142.0999755859375,1140.46923828125,312000,0.0,0.0,FIX
2026-02-02 00:00:00-05:00,1142.780029296875,1178.4300537109375,1138.06005859375,1176.260009765625,1174.580322265625,329700,0.0,0.0,FIX
2026-02-03 00:00:00-05:00,1195.0,1220.0,1174.8499755859375,1209.969970703125,1208.2421875,357300,0.0,0.0,FIX
2026-02-04 00:00:00-05:00,1200.0,1214.4200439453125,1075.3599853515625,1119.81005859375,1118.2110595703125,625800,0.0,0.0,FIX
2026-02-05 00:00:00-05:00,1119.800048828125,1162.3499755859375,1097.4100341796875,1147.969970703125,1146.330810546875,462400,0.0,0.0,FIX
2026-02-06 00:00:00-05:00,1175.0,1230.489990234375,1175.0,1230.260009765625,1228.5032958984375,278900,0.0,0.0,FIX
2026-02-09 00:00:00-05:00,1228.8499755859375,1299.93994140625,1219.050048828125,1283.6500244140625,1281.817138671875,356100,0.0,0.0,FIX
2026-02-10 00:00:00-05:00,1280.1199951171875,1295.0,1250.0,1269.6300048828125,1267.817138671875,308500,0.0,0.0,FIX
2026-02-11 00:00:00-05:00,1314.300048828125,1364.949951171875,1306.780029296875,1338.6500244140625,1336.7386474609375,461800,0.0,0.0,FIX
2026-02-12 00:00:00-05:00,1346.25,1399.0,1298.969970703125,1300.02001953125,1298.1636962890625,505400,0.0,0.0,FIX
2026-02-13 00:00:00-05:00,1313.0,1355.0,1276.8699951171875,1337.949951171875,1336.03955078125,297700,0.0,0.0,FIX
2026-02-17 00:00:00-05:00,1317.8900146484375,1364.8800048828125,1307.6500244140625,1337.75,1335.83984375,425200,0.0,0.0,FIX
2026-02-18 00:00:00-05:00,1344.0400390625,1372.0,1314.219970703125,1319.469970703125,1317.5859375,458500,0.0,0.0,FIX
2026-02-19 00:00:00-05:00,1322.9000244140625,1377.5,1302.0,1373.52001953125,1371.558837890625,696500,0.0,0.0,FIX
2026-02-20 00:00:00-05:00,1414.510009765625,1476.93994140625,1390.0,1462.22998046875,1460.14208984375,923600,0.0,0.0,FIX
2026-02-23 00:00:00-05:00,1463.0,1465.489990234375,1387.5400390625,1413.5699462890625,1411.551513671875,734700,0.0,0.0,FIX
2026-02-24 00:00:00-05:00,1410.1700439453125,1480.969970703125,1375.0,1468.5799560546875,1466.4830322265625,507100,0.0,0.0,FIX
2026-02-25 00:00:00-05:00,1468.0,1500.0,1442.510009765625,1450.5999755859375,1448.5286865234375,405800,0.0,0.0,FIX
2026-02-26 00:00:00-05:00,1453.2900390625,1457.760009765625,1377.5999755859375,1438.22998046875,1436.1763916015625,456200,0.0,0.0,FIX
2026-02-27 00:00:00-05:00,1418.7099609375,1441.6199951171875,1395.8399658203125,1429.3699951171875,1427.3291015625,489600,0.0,0.0,FIX
2026-03-02 00:00:00-05:00,1405.52001953125,1439.1199951171875,1389.5400390625,1438.239990234375,1436.1864013671875,388300,0.0,0.0,FIX
2026-03-03 00:00:00-05:00,1412.0,1412.0,1344.030029296875,1391.1600341796875,1389.173583984375,614700,0.0,0.0,FIX
2026-03-04 00:00:00-05:00,1407.6099853515625,1441.0,1380.219970703125,1430.3800048828125,1428.337646484375,390400,0.0,0.0,FIX
2026-03-05 00:00:00-05:00,1408.8499755859375,1415.989990234375,1287.9100341796875,1348.219970703125,1346.294921875,553300,0.0,0.0,FIX
2026-03-06 00:00:00-05:00,1290.0,1327.6800537109375,1270.68994140625,1279.06005859375,1277.897216796875,557000,0.7,0.0,FIX
2026-03-09 00:00:00-04:00,1246.739990234375,1373.6500244140625,1225.239990234375,1372.4000244140625,1371.15234375,600500,0.0,0.0,FIX
2026-03-10 00:00:00-04:00,1384.989990234375,1409.989990234375,1372.4000244140625,1383.6199951171875,1382.362060546875,389900,0.0,0.0,FIX
2026-03-11 00:00:00-04:00,1384.4200439453125,1436.0699462890625,1362.010009765625,1407.3199462890625,1406.04052734375,318900,0.0,0.0,FIX
2026-03-12 00:00:00-04:00,1390.8399658203125,1405.8599853515625,1353.8199462890625,1373.760009765625,1372.5111083984375,301400,0.0,0.0,FIX
2026-03-13 00:00:00-04:00,1396.02001953125,1418.0,1358.0,1365.3399658203125,1364.0987548828125,280100,0.0,0.0,FIX
2026-03-16 00:00:00-04:00,1392.050048828125,1421.0799560546875,1391.0699462890625,1414.0999755859375,1412.814453125,288900,0.0,0.0,FIX
2026-03-17 00:00:00-04:00,1410.0999755859375,1432.7900390625,1397.02001953125,1424.4599609375,1423.1649169921875,238600,0.0,0.0,FIX
2026-03-18 00:00:00-04:00,1438.7099609375,1462.0,1422.9200439453125,1423.0,1421.706298828125,425300,0.0,0.0,FIX
2026-03-19 00:00:00-04:00,1384.5999755859375,1463.1700439453125,1371.1500244140625,1444.5999755859375,1443.2867431640625,415500,0.0,0.0,FIX
2026-03-20 00:00:00-04:00,1425.4200439453125,1450.050048828125,1346.0699462890625,1356.75,1355.5164794921875,933400,0.0,0.0,FIX
2026-03-23 00:00:00-04:00,1367.5400390625,1456.0,1358.8599853515625,1408.25,1406.9697265625,574000,0.0,0.0,FIX
2026-03-24 00:00:00-04:00,1412.0699462890625,1472.4200439453125,1387.5699462890625,1461.52001953125,1460.1912841796875,572400,0.0,0.0,FIX
2026-03-25 00:00:00-04:00,1479.1500244140625,1495.4599609375,1461.52001953125,1470.6400146484375,1469.302978515625,279700,0.0,0.0,FIX
2026-03-26 00:00:00-04:00,1446.550048828125,1455.8399658203125,1346.0,1358.6600341796875,1357.4248046875,420700,0.0,0.0,FIX
2026-03-27 00:00:00-04:00,1366.199951171875,1390.0,1346.699951171875,1366.77001953125,1365.5274658203125,296300,0.0,0.0,FIX
2026-03-30 00:00:00-04:00,1385.3299560546875,1398.8699951171875,1255.0,1273.1800537109375,1272.0225830078125,559400,0.0,0.0,FIX
2026-03-31 00:00:00-04:00,1299.52001953125,1381.02001953125,1298.3399658203125,1378.989990234375,1377.736328125,450500,0.0,0.0,FIX
2026-04-01 00:00:00-04:00,1393.75,1465.43994140625,1393.75,1428.52001953125,1427.2213134765625,426400,0.0,0.0,FIX
2026-04-02 00:00:00-04:00,1378.030029296875,1464.5899658203125,1368.0,1417.18994140625,1415.901611328125,283200,0.0,0.0,FIX
2026-04-06 00:00:00-04:00,1417.18994140625,1435.8399658203125,1394.97998046875,1434.0899658203125,1432.7861328125,233400,0.0,0.0,FIX
2026-04-07 00:00:00-04:00,1433.6700439453125,1447.800048828125,1400.0,1424.9100341796875,1423.6146240234375,231400,0.0,0.0,FIX
2026-04-08 00:00:00-04:00,1510.0,1547.530029296875,1501.3199462890625,1525.1600341796875,1523.7734375,435100,0.0,0.0,FIX
2026-04-09 00:00:00-04:00,1531.510009765625,1601.9000244140625,1531.510009765625,1574.449951171875,1573.0185546875,363500,0.0,0.0,FIX
2026-04-10 00:00:00-04:00,1592.449951171875,1614.0,1567.0,1592.8399658203125,1591.391845703125,241200,0.0,0.0,FIX
2026-04-13 00:00:00-04:00,1582.8699951171875,1635.5799560546875,1582.8699951171875,1627.81005859375,1626.3302001953125,426400,0.0,0.0,FIX
2026-04-14 00:00:00-04:00,1645.0,1671.949951171875,1617.010009765625,1650.47998046875,1648.9794921875,374800,0.0,0.0,FIX
2026-04-15 00:00:00-04:00,1642.9000244140625,1659.3900146484375,1598.469970703125,1648.9599609375,1647.4608154296875,333800,0.0,0.0,FIX
2026-04-16 00:00:00-04:00,1655.199951171875,1655.199951171875,1584.27001953125,1605.969970703125,1604.5098876953125,287000,0.0,0.0,FIX
2026-04-17 00:00:00-04:00,1623.2099609375,1654.2900390625,1605.0,1650.469970703125,1648.969482421875,434900,0.0,0.0,FIX
2026-04-20 00:00:00-04:00,1646.3299560546875,1685.0,1635.199951171875,1680.0899658203125,1678.5625,256900,0.0,0.0,FIX
2026-04-21 00:00:00-04:00,1705.2900390625,1719.0,1661.9100341796875,1674.1600341796875,1672.637939453125,364600,0.0,0.0,FIX
2026-04-22 00:00:00-04:00,1715.0,1730.260009765625,1677.0899658203125,1724.489990234375,1722.9222412109375,368600,0.0,0.0,FIX
2026-04-23 00:00:00-04:00,1731.75,1798.9599609375,1731.75,1773.9100341796875,1772.2972412109375,604900,0.0,0.0,FIX
2026-04-24 00:00:00-04:00,1774.1400146484375,1829.6600341796875,1676.760009765625,1726.1199951171875,1724.55078125,834800,0.0,0.0,FIX
2026-04-27 00:00:00-04:00,1744.5999755859375,1805.0,1685.0,1794.0400390625,1792.4090576171875,492100,0.0,0.0,FIX
2026-04-28 00:00:00-04:00,1740.0,1775.489990234375,1680.510009765625,1719.2099609375,1717.64697265625,386800,0.0,0.0,FIX
2026-04-29 00:00:00-04:00,1720.199951171875,1756.3499755859375,1713.2099609375,1724.1400146484375,1722.572509765625,353700,0.0,0.0,FIX
2026-04-30 00:00:00-04:00,1749.1300048828125,1855.4300537109375,1749.1300048828125,1840.25,1838.5770263671875,572900,0.0,0.0,FIX
2026-05-01 00:00:00-04:00,1852.010009765625,1877.3499755859375,1817.4300537109375,1867.02001953125,1865.3226318359375,316300,0.0,0.0,FIX
2026-05-04 00:00:00-04:00,1867.5,1905.5799560546875,1857.9599609375,1891.949951171875,1890.22998046875,382600,0.0,0.0,FIX
2026-05-05 00:00:00-04:00,1951.5,2003.6500244140625,1938.0,1967.239990234375,1965.451416015625,449100,0.0,0.0,FIX
2026-05-06 00:00:00-04:00,1995.719970703125,2018.050048828125,1916.75,2011.489990234375,2009.661376953125,432500,0.0,0.0,FIX
2026-05-07 00:00:00-04:00,2002.0,2002.0,1902.0899658203125,1942.02001953125,1940.25439453125,506100,0.0,0.0,FIX
2026-05-08 00:00:00-04:00,1980.0,1980.0,1921.6600341796875,1952.3699951171875,1950.594970703125,265700,0.0,0.0,FIX
2026-05-11 00:00:00-04:00,1955.0,2045.1400146484375,1942.6600341796875,2032.97998046875,2031.1318359375,377100,0.0,0.0,FIX
2026-05-12 00:00:00-04:00,1991.1800537109375,2027.699951171875,1941.3599853515625,2016.31005859375,2014.4769287109375,382000,0.0,0.0,FIX
2026-05-13 00:00:00-04:00,2039.0400390625,2050.0,1960.0,2034.6300048828125,2032.7802734375,313200,0.0,0.0,FIX
2026-05-14 00:00:00-04:00,2036.0,2073.989990234375,2015.0,2042.3599853515625,2040.503173828125,225900,0.0,0.0,FIX
2026-05-15 00:00:00-04:00,1979.1300048828125,1998.97998046875,1925.0,1992.739990234375,1991.70849609375,570300,0.8,0.0,FIX
2026-05-18 00:00:00-04:00,1987.1400146484375,1987.1400146484375,1833.8900146484375,1854.4300537109375,1853.47021484375,582100,0.0,0.0,FIX
2026-05-19 00:00:00-04:00,1783.1099853515625,1872.8399658203125,1755.6099853515625,1825.5,1824.5550537109375,514200,0.0,0.0,FIX
2026-05-20 00:00:00-04:00,1865.0,1891.199951171875,1828.5999755859375,1835.510009765625,1834.5599365234375,419300,0.0,0.0,FIX
2026-05-21 00:00:00-04:00,1836.6800537109375,1874.1800537109375,1820.0,1835.3299560546875,1834.3800048828125,276200,0.0,0.0,FIX
2026-05-22 00:00:00-04:00,1856.239990234375,1860.3599853515625,1783.2099609375,1828.25,1827.3037109375,250200,0.0,0.0,FIX
2026-05-26 00:00:00-04:00,1877.3900146484375,1921.5899658203125,1866.25,1883.56005859375,1882.5850830078125,316500,0.0,0.0,FIX
2026-05-27 00:00:00-04:00,1891.02001953125,1916.6800537109375,1826.2099609375,1867.0899658203125,1866.12353515625,317400,0.0,0.0,FIX
2026-05-28 00:00:00-04:00,1866.9200439453125,1880.489990234375,1810.5699462890625,1855.1500244140625,1854.1898193359375,345000,0.0,0.0,FIX
2026-05-29 00:00:00-04:00,1859.06005859375,1865.72998046875,1794.1600341796875,1828.2099609375,1827.263671875,875300,0.0,0.0,FIX
2026-06-01 00:00:00-04:00,1765.75,1826.989990234375,1750.0,1787.8800048828125,1786.95458984375,476700,0.0,0.0,FIX
2026-06-02 00:00:00-04:00,1812.449951171875,1895.1300048828125,1812.449951171875,1883.260009765625,1882.2852783203125,479800,0.0,0.0,FIX
2026-06-03 00:00:00-04:00,1884.5,1972.6800537109375,1850.0,1850.0400390625,1849.0823974609375,513800,0.0,0.0,FIX
2026-06-04 00:00:00-04:00,1816.0999755859375,1932.5999755859375,1792.0,1914.6500244140625,1913.658935546875,477000,0.0,0.0,FIX
2026-06-05 00:00:00-04:00,1868.010009765625,1926.8399658203125,1825.22998046875,1843.93994140625,1842.9854736328125,365800,0.0,0.0,FIX
2026-06-08 00:00:00-04:00,1886.800048828125,1889.5400390625,1796.0999755859375,1852.030029296875,1851.0714111328125,354200,0.0,0.0,FIX
2026-06-09 00:00:00-04:00,1876.489990234375,1907.4100341796875,1737.239990234375,1831.56005859375,1830.612060546875,554200,0.0,0.0,FIX
2026-06-10 00:00:00-04:00,1819.5,1838.260009765625,1705.0,1719.47998046875,1718.5899658203125,532700,0.0,0.0,FIX
2026-06-11 00:00:00-04:00,1731.0,1851.0,1720.5,1843.4200439453125,1842.4658203125,501000,0.0,0.0,FIX
2026-06-12 00:00:00-04:00,1849.219970703125,1912.8699951171875,1845.18994140625,1877.6099853515625,1876.6380615234375,451700,0.0,0.0,FIX
2026-06-15 00:00:00-04:00,1964.0,1993.699951171875,1932.56005859375,1952.02001953125,1951.0096435546875,380700,0.0,0.0,FIX
2026-06-16 00:00:00-04:00,1959.3399658203125,1998.0,1913.93994140625,1913.93994140625,1912.94921875,458200,0.0,0.0,FIX
2026-06-17 00:00:00-04:00,1946.4000244140625,1977.47998046875,1924.72998046875,1931.77001953125,1930.7701416015625,513200,0.0,0.0,FIX
2026-06-18 00:00:00-04:00,1990.050048828125,2004.989990234375,1935.0,1967.4100341796875,1966.3917236328125,724100,0.0,0.0,FIX
2026-06-22 00:00:00-04:00,2011.3399658203125,2072.31005859375,1994.1700439453125,2066.510009765625,2065.4404296875,638100,0.0,0.0,FIX
2026-06-23 00:00:00-04:00,1940.0,1990.6199951171875,1888.010009765625,1908.0699462890625,1907.082275390625,674600,0.0,0.0,FIX
2026-06-24 00:00:00-04:00,1921.300048828125,1999.97998046875,1891.02001953125,1954.469970703125,1953.4583740234375,381700,0.0,0.0,FIX
2026-06-25 00:00:00-04:00,2011.3199462890625,2039.56005859375,1972.0,2017.5699462890625,2016.525634765625,401300,0.0,0.0,FIX
2026-06-26 00:00:00-04:00,1957.0400390625,1957.1300048828125,1848.0,1854.22998046875,1853.270263671875,1413700,0.0,0.0,FIX
2026-06-29 00:00:00-04:00,1879.3900146484375,1965.800048828125,1849.989990234375,1948.68994140625,1947.6812744140625,593700,0.0,0.0,FIX
2026-06-30 00:00:00-04:00,1949.0,1998.81005859375,1925.010009765625,1981.949951171875,1980.924072265625,376700,0.0,0.0,FIX
2026-07-01 00:00:00-04:00,1935.5799560546875,1935.5799560546875,1853.010009765625,1865.1500244140625,1864.1845703125,438200,0.0,0.0,FIX
2026-07-02 00:00:00-04:00,1877.0,1886.4200439453125,1712.510009765625,1741.300048828125,1740.398681640625,644900,0.0,0.0,FIX
2026-07-06 00:00:00-04:00,1772.2099609375,1831.6300048828125,1766.1300048828125,1793.030029296875,1792.1019287109375,340600,0.0,0.0,FIX
2026-07-07 00:00:00-04:00,1747.6500244140625,1747.6500244140625,1621.010009765625,1683.43994140625,1682.568603515625,564400,0.0,0.0,FIX
2026-07-08 00:00:00-04:00,1650.0,1697.0,1628.22998046875,1684.93994140625,1684.0677490234375,452300,0.0,0.0,FIX
2026-07-09 00:00:00-04:00,1756.06005859375,1814.719970703125,1756.06005859375,1781.4200439453125,1780.4979248046875,550000,0.0,0.0,FIX
2026-07-10 00:00:00-04:00,1748.989990234375,1769.4000244140625,1722.5699462890625,1756.0899658203125,1755.1810302734375,368500,0.0,0.0,FIX
2026-07-13 00:00:00-04:00,1722.010009765625,1751.43994140625,1695.0,1732.030029296875,1731.133544921875,318000,0.0,0.0,FIX
2026-07-14 00:00:00-04:00,1785.0,1824.97998046875,1743.43994140625,1775.0999755859375,1774.18115234375,284400,0.0,0.0,FIX
2026-07-15 00:00:00-04:00,1788.489990234375,1788.5899658203125,1678.030029296875,1736.699951171875,1735.801025390625,385400,0.0,0.0,FIX
2026-07-16 00:00:00-04:00,1682.5,1706.699951171875,1650.010009765625,1680.5999755859375,1679.7301025390625,408700,0.0,0.0,FIX
2026-07-17 00:00:00-04:00,1576.0699462890625,1685.300048828125,1556.3499755859375,1674.06005859375,1673.193603515625,1204800,0.0,0.0,FIX
2026-07-20 00:00:00-04:00,1700.010009765625,1734.3800048828125,1685.0,1712.1800537109375,1711.2938232421875,487400,0.0,0.0,FIX
2026-07-21 00:00:00-04:00,1784.949951171875,1799.989990234375,1736.699951171875,1773.510009765625,1772.592041015625,325900,0.0,0.0,FIX
2026-07-22 00:00:00-04:00,1717.0,1806.1600341796875,1712.0,1791.06005859375,1790.1329345703125,399500,0.0,0.0,FIX
2026-07-23 00:00:00-04:00,1793.780029296875,1879.989990234375,1793.780029296875,1831.1500244140625,1830.2021484375,729300,0.0,0.0,FIX
2026-07-24 00:00:00-04:00,1821.3299560546875,1849.989990234375,1701.06005859375,1733.5999755859375,1732.70263671875,737600,0.0,0.0,FIX
2026-07-27 00:00:00-04:00,1735.449951171875,1802.0,1655.260009765625,1730.4200439453125,1729.5244140625,632500,0.0,0.0,FIX
2026-07-28 00:00:00-04:00,1665.199951171875,1674.0,1533.4100341796875,1626.3199462890625,1625.4781494140625,671400,0.0,0.0,FIX
2026-07-29 00:00:00-04:00,1608.0,1644.0799560546875,1491.239990234375,1519.9599609375,1519.1732177734375,770800,0.0,0.0,FIX
2026-07-30 00:00:00-04:00,1689.0999755859375,1724.3199462890625,1650.8299560546875,1697.8399658203125,1696.961181640625,694400,0.0,0.0,FIX
2026-07-31 00:00:00-04:00,1777.5999755859375,1803.3499755859375,1718.5899658203125,1729.68994140625,1728.794677734375,392300,0.0,0.0,FIX
2026-08-03 00:00:00-04:00,1674.3199462890625,1776.2900390625,1657.0,1770.9599609375,1770.0433349609375,391500,0.0,0.0,FIX
2026-08-04 00:00:00-04:00,1809.9200439453125,1824.56005859375,1730.0,1775.8599853515625,1774.9407958984375,553600,0.0,0.0,FIX
2026-08-05 00:00:00-04:00,1760.969970703125,1810.989990234375,1735.280029296875,1737.0,1736.1009521484375,441200,0.0,0.0,FIX
2026-08-06 00:00:00-04:00,1721.1099853515625,1773.239990234375,1700.780029296875,1713.5999755859375,1712.7130126953125,391800,0.0,0.0,FIX
2026-08-07 00:00:00-04:00,1760.75,1769.0,1659.280029296875,1694.550048828125,1693.6729736328125,341200,0.0,0.0,FIX
2026-08-10 00:00:00-04:00,1707.8900146484375,1726.0,1672.7900390625,1674.8399658203125,1673.9730224609375,271900,0.0,0.0,FIX
2026-08-11 00:00:00-04:00,1700.0,1725.0999755859375,1684.050048828125,1688.050048828125,1687.17626953125,394400,0.0,0.0,FIX
2026-08-12 00:00:00-04:00,1770.0,1792.6199951171875,1736.68994140625,1738.8199462890625,1737.919921875,315900,0.0,0.0,FIX
2026-08-13 00:00:00-04:00,1743.2099609375,1759.1600341796875,1710.02001953125,1727.6400146484375,1727.6400146484375,309400,0.9,0.0,FIX
2026-08-14 00:00:00-04:00,1732.0,1797.0,1725.0,1774.06005859375,1774.06005859375,375200,0.0,0.0,FIX
2026-08-17 00:00:00-04:00,1796.0,1883.699951171875,1791.72998046875,1881.1800537109375,1881.1800537109375,451200,0.0,0.0,FIX
2026-08-18 00:00:00-04:00,1806.1600341796875,1815.0699462890625,1720.77001953125,1739.0799560546875,1739.0799560546875,476100,0.0,0.0,FIX
2026-08-19 00:00:00-04:00,1750.8699951171875,1750.8699951171875,1631.5,1696.06005859375,1696.06005859375,434400,0.0,0.0,FIX
2026-08-20 00:00:00-04:00,1679.1700439453125,1707.4100341796875,1656.1500244140625,1672.93994140625,1672.93994140625,359900,0.0,0.0,FIX
2026-08-21 00:00:00-04:00,1690.0,1711.300048828125,1633.7900390625,1655.6099853515625,1655.6099853515625,370000,0.0,0.0,FIX
2026-08-24 00:00:00-04:00,1630.0,1634.93994140625,1578.3399658203125,1609.68994140625,1609.68994140625,451100,0.0,0.0,FIX
2026-08-25 00:00:00-04:00,1664.280029296875,1664.280029296875,1553.52001953125,1561.9599609375,1561.9599609375,426600,0.0,0.0,FIX
2026-08-26 00:00:00-04:00,1565.219970703125,1621.739990234375,1561.9599609375,1615.68994140625,1615.68994140625,346400,0.0,0.0,FIX
2026-08-27 00:00:00-04:00,1652.93994140625,1652.93994140625,1590.0799560546875,1614.97998046875,1614.97998046875,347400,0.0,0.0,FIX
2026-08-28 00:00:00-04:00,1602.0999755859375,1611.010009765625,1515.300048828125,1518.72998046875,1518.72998046875,357100,0.0,0.0,FIX
2026-08-31 00:00:00-04:00,1515.25,1549.31005859375,1505.72998046875,1545.6199951171875,1545.6199951171875,510900,0.0,0.0,FIX
2026-09-01 00:00:00-04:00,1518.72998046875,1557.27001953125,1511.9100341796875,1554.3699951171875,1554.3699951171875,349500,0.0,0.0,FIX
2026-09-02 00:00:00-04:00,1553.0,1562.0,1521.469970703125,1560.1300048828125,1560.1300048828125,328700,0.0,0.0,FIX
2026-09-03 00:00:00-04:00,1555.6500244140625,1609.43994140625,1539.1099853515625,1580.18994140625,1580.18994140625,265800,0.0,0.0,FIX
2026-09-04 00:00:00-04:00,1598.1600341796875,1634.8800048828125,1590.0,1610.3399658203125,1610.3399658203125,276900,0.0,0.0,FIX
