date,Open,High,Low,Close,Adj Close,Volume,Dividends,Stock Splits,symbole
2004-08-19 00:00:00-04:00,2.502502918243408,2.6041040420532227,2.4014010429382324,2.5110108852386475,2.487342119216919,893181924,0.0,0.0,GOOGL
2004-08-20 00:00:00-04:00,2.527777910232544,2.7297298908233643,2.515014886856079,2.7104599475860596,2.684911012649536,456686856,0.0,0.0,GOOGL
2004-08-23 00:00:00-04:00,2.771522045135498,2.8398399353027344,2.7289791107177734,2.7377378940582275,2.7119319438934326,365122512,0.0,0.0,GOOGL
2004-08-24 00:00:00-04:00,2.7837839126586914,2.792793035507202,2.59184193611145,2.6243739128112793,2.5996363162994385,304946748,0.0,0.0,GOOGL
2004-08-25 00:00:00-04:00,2.626626968383789,2.7027029991149902,2.599600076675415,2.6526529788970947,2.6276488304138184,183772044,0.0,0.0,GOOGL
2004-08-26 00:00:00-04:00,2.626375913619995,2.701451063156128,2.6191189289093018,2.7004499435424805,2.674994945526123,141897960,0.0,0.0,GOOGL
2004-08-27 00:00:00-04:00,2.705204963684082,2.7182180881500244,2.644895076751709,2.6564059257507324,2.631366491317749,124235640,0.0,0.0,GOOGL
2004-08-30 00:00:00-04:00,2.6346349716186523,2.63988995552063,2.5528030395507812,2.5528030395507812,2.528740167617798,103935960,0.0,0.0,GOOGL
2004-08-31 00:00:00-04:00,2.5600600242614746,2.5953450202941895,2.5565569400787354,2.561811923980713,2.5376641750335693,98357544,0.0,0.0,GOOGL
2004-09-01 00:00:00-04:00,2.5700700283050537,2.576827049255371,2.49424409866333,2.508759021759033,2.4851114749908447,182765052,0.0,0.0,GOOGL
2004-09-02 00:00:00-04:00,2.482232093811035,2.561811923980713,2.47597599029541,2.540290117263794,2.516345262527466,302373324,0.0,0.0,GOOGL
2004-09-03 00:00:00-04:00,2.526276111602783,2.546046018600464,2.485485076904297,2.5027530193328857,2.4791619777679443,103048848,0.0,0.0,GOOGL
2004-09-07 00:00:00-04:00,2.527777910232544,2.5525529384613037,2.4927430152893066,2.5420420169830322,2.5180811882019043,116950932,0.0,0.0,GOOGL
2004-09-08 00:00:00-04:00,2.5210208892822266,2.5783278942108154,2.515014886856079,2.5600600242614746,2.535928964614868,99712188,0.0,0.0,GOOGL
2004-09-09 00:00:00-04:00,2.5658159255981445,2.570319890975952,2.5275280475616455,2.560309886932373,2.5361764430999756,81234684,0.0,0.0,GOOGL
2004-09-10 00:00:00-04:00,2.5425429344177246,2.6666669845581055,2.5350348949432373,2.6358859539031982,2.6110401153564453,173977848,0.0,0.0,GOOGL
2004-09-13 00:00:00-04:00,2.6684179306030273,2.712963104248047,2.6641640663146973,2.690190076828003,2.664832353591919,156882960,0.0,0.0,GOOGL
2004-09-14 00:00:00-04:00,2.688939094543457,2.8028030395507812,2.672421932220459,2.7900400161743164,2.7637410163879395,216579204,0.0,0.0,GOOGL
2004-09-15 00:00:00-04:00,2.7667670249938965,2.8586089611053467,2.7577579021453857,2.8028030395507812,2.776383876800537,214261524,0.0,0.0,GOOGL
2004-09-16 00:00:00-04:00,2.8113110065460205,2.897897958755493,2.794044017791748,2.852102041244507,2.825218439102173,185326488,0.0,0.0,GOOGL
2004-09-17 00:00:00-04:00,2.863363027572632,2.940190076828003,2.8415920734405518,2.940190076828003,2.9124755859375,189450360,0.0,0.0,GOOGL
2004-09-20 00:00:00-04:00,2.9266769886016846,3.0430428981781006,2.9221720695495605,2.9869871139526367,2.958831787109375,212575212,0.0,0.0,GOOGL
2004-09-21 00:00:00-04:00,2.9982481002807617,3.0135140419006348,2.9406909942626953,2.948949098587036,2.9211525917053223,144575280,0.0,0.0,GOOGL
2004-09-22 00:00:00-04:00,2.9379379749298096,2.9947450160980225,2.923172950744629,2.9624619483947754,2.934537887573242,151624224,0.0,0.0,GOOGL
2004-09-23 00:00:00-04:00,2.9739739894866943,3.068819046020508,2.9284279346466064,3.023524045944214,2.9950242042541504,170713116,0.0,0.0,GOOGL
2004-09-24 00:00:00-04:00,3.026526927947998,3.1056060791015625,2.996997117996216,2.998749017715454,2.970482587814331,182469348,0.0,0.0,GOOGL
2004-09-27 00:00:00-04:00,2.9919919967651367,3.025024890899658,2.9479479789733887,2.959459066390991,2.931563138961792,141322536,0.0,0.0,GOOGL
2004-09-28 00:00:00-04:00,3.035536050796509,3.188188076019287,3.008258104324341,3.1746749877929688,3.1447510719299316,338581080,0.0,0.0,GOOGL
2004-09-29 00:00:00-04:00,3.170670986175537,3.3788790702819824,3.1589090824127197,3.280280113220215,3.2493600845336914,610329060,0.0,0.0,GOOGL
2004-09-30 00:00:00-04:00,3.25075101852417,3.3108110427856445,3.2282280921936035,3.2432429790496826,3.212672233581543,275160564,0.0,0.0,GOOGL
2004-10-01 00:00:00-04:00,3.27327299118042,3.3593590259552,3.2257258892059326,3.3178179264068604,3.2865443229675293,302497200,0.0,0.0,GOOGL
2004-10-04 00:00:00-04:00,3.3846349716186523,3.4251749515533447,3.3541040420532227,3.379879951477051,3.3480217456817627,260455284,0.0,0.0,GOOGL
2004-10-05 00:00:00-04:00,3.3698699474334717,3.466717004776001,3.3093090057373047,3.4627130031585693,3.4300737380981445,299464236,0.0,0.0,GOOGL
2004-10-06 00:00:00-04:00,3.4421920776367188,3.464715003967285,3.4034030437469482,3.4304299354553223,3.398094654083252,267628104,0.0,0.0,GOOGL
2004-10-07 00:00:00-04:00,3.4264259338378906,3.5005009174346924,3.4171669483184814,3.4747250080108643,3.441972017288208,282301416,0.0,0.0,GOOGL
2004-10-08 00:00:00-04:00,3.471471071243286,3.495495080947876,3.428929090499878,3.4466969966888428,3.4142086505889893,221390388,0.0,0.0,GOOGL
2004-10-11 00:00:00-04:00,3.4284279346466064,3.474975109100342,3.349600076675415,3.38488507270813,3.3529791831970215,209442348,0.0,0.0,GOOGL
2004-10-12 00:00:00-04:00,3.3643639087677,3.4436941146850586,3.3383378982543945,3.4384379386901855,3.406026840209961,233310456,0.0,0.0,GOOGL
2004-10-13 00:00:00-04:00,3.5865869522094727,3.592341899871826,3.5055060386657715,3.5260260105133057,3.4927897453308105,395324280,0.0,0.0,GOOGL
2004-10-14 00:00:00-04:00,3.5287790298461914,3.563062906265259,3.4674670696258545,3.553554058074951,3.5200583934783936,208842948,0.0,0.0,GOOGL
2004-10-15 00:00:00-04:00,3.6268770694732666,3.641140937805176,3.5523018836975098,3.606355905532837,3.5723624229431152,263895840,0.0,0.0,GOOGL
2004-10-18 00:00:00-04:00,3.5835840702056885,3.733733892440796,3.5337839126586914,3.7327330112457275,3.6975483894348145,280726992,0.0,0.0,GOOGL
2004-10-19 00:00:00-04:00,3.766266107559204,3.8138139247894287,3.687437057495117,3.702202081680298,3.6673052310943604,362197440,0.0,0.0,GOOGL
2004-10-20 00:00:00-04:00,3.704453945159912,3.728477954864502,3.49349308013916,3.515765905380249,3.482626438140869,454453092,0.0,0.0,GOOGL
2004-10-21 00:00:00-04:00,3.613614082336426,3.757006883621216,3.544044017791748,3.7382380962371826,3.7030014991760254,582996420,0.0,0.0,GOOGL
2004-10-22 00:00:00-04:00,4.267767906188965,4.508759021759033,4.106105804443359,4.315064907073975,4.274390697479248,1474200324,0.0,0.0,GOOGL
2004-10-25 00:00:00-04:00,4.414413928985596,4.8656158447265625,4.318068027496338,4.689690113067627,4.645485877990723,1309257432,0.0,0.0,GOOGL
2004-10-26 00:00:00-04:00,4.663163185119629,4.8208208084106445,4.504505157470703,4.5495500564575195,4.5066657066345215,891391716,0.0,0.0,GOOGL
2004-10-27 00:00:00-04:00,4.572573184967041,4.742743015289307,4.54879903793335,4.653903961181641,4.6100358963012695,533725740,0.0,0.0,GOOGL
2004-10-28 00:00:00-04:00,4.6716718673706055,4.864614963531494,4.6446452140808105,4.837337017059326,4.791741371154785,593278128,0.0,0.0,GOOGL
2004-10-29 00:00:00-04:00,4.977227210998535,5.003754138946533,4.76977014541626,4.770771026611328,4.725801944732666,845653500,0.0,0.0,GOOGL
2004-11-01 00:00:00-05:00,4.843594074249268,4.946697235107422,4.786537170410156,4.905655860900879,4.859415054321289,488507004,0.0,0.0,GOOGL
2004-11-02 00:00:00-05:00,4.97447395324707,4.986236095428467,4.8383378982543945,4.876626968383789,4.830659866333008,453398148,0.0,0.0,GOOGL
2004-11-03 00:00:00-05:00,4.959458827972412,5.045044898986816,4.773523807525635,4.796546936035156,4.751335144042969,554992452,0.0,0.0,GOOGL
2004-11-04 00:00:00-05:00,4.7157158851623535,4.764764785766602,4.5883378982543945,4.622121810913086,4.578553676605225,575807616,0.0,0.0,GOOGL
2004-11-05 00:00:00-05:00,4.554053783416748,4.562061786651611,4.217967987060547,4.237987995147705,4.198040962219238,792530676,0.0,0.0,GOOGL
2004-11-08 00:00:00-05:00,4.277527809143066,4.390389919281006,4.23923921585083,4.318068027496338,4.2773661613464355,447224328,0.0,0.0,GOOGL
2004-11-09 00:00:00-05:00,4.356856822967529,4.3843841552734375,4.135886192321777,4.22172212600708,4.1819281578063965,442125432,0.0,0.0,GOOGL
2004-11-10 00:00:00-05:00,4.271020889282227,4.317317008972168,4.162412166595459,4.2007012367248535,4.161105632781982,425334240,0.0,0.0,GOOGL
2004-11-11 00:00:00-05:00,4.232481956481934,4.598348140716553,4.1934428215026855,4.580080032348633,4.536908149719238,598820580,0.0,0.0,GOOGL
2004-11-12 00:00:00-05:00,4.635385036468506,4.749750137329102,4.439438819885254,4.5545549392700195,4.511623859405518,669174156,0.0,0.0,GOOGL
2004-11-15 00:00:00-05:00,4.515766143798828,4.71271276473999,4.4732232093811035,4.626376152038574,4.582767963409424,475583940,0.0,0.0,GOOGL
2004-11-16 00:00:00-05:00,4.44194221496582,4.491240978240967,4.275024890899658,4.3178181648254395,4.277118682861328,835859304,0.0,0.0,GOOGL
2004-11-17 00:00:00-05:00,4.229730129241943,4.44194221496582,4.229228973388672,4.316816806793213,4.276126384735107,724590684,0.0,0.0,GOOGL
2004-11-18 00:00:00-05:00,4.26151180267334,4.364864826202393,4.147397041320801,4.19269323348999,4.153172492980957,664518816,0.0,0.0,GOOGL
2004-11-19 00:00:00-05:00,4.23173189163208,4.253754138946533,4.1671671867370605,4.23923921585083,4.199280261993408,350421228,0.0,0.0,GOOGL
2004-11-22 00:00:00-05:00,4.115866184234619,4.241742134094238,4.036787033081055,4.131631851196289,4.092687129974365,494233272,0.0,0.0,GOOGL
2004-11-23 00:00:00-05:00,4.203453063964844,4.275024890899658,4.1666669845581055,4.192192077636719,4.152676582336426,496035468,0.0,0.0,GOOGL
2004-11-24 00:00:00-05:00,4.374875068664551,4.434685230255127,4.3170671463012695,4.373373031616211,4.332149982452393,610628760,0.0,0.0,GOOGL
2004-11-26 00:00:00-05:00,4.3993988037109375,4.505255222320557,4.387386798858643,4.48923921585083,4.446923732757568,258944796,0.0,0.0,GOOGL
2004-11-29 00:00:00-05:00,4.513514041900635,4.5783281326293945,4.442192077636719,4.530780792236328,4.488072872161865,426237336,0.0,0.0,GOOGL
2004-11-30 00:00:00-05:00,4.522272109985352,4.579579830169678,4.51076078414917,4.554053783416748,4.51112699508667,307692000,0.0,0.0,GOOGL
2004-12-01 00:00:00-05:00,4.553302764892578,4.5670671463012695,4.493243217468262,4.503503799438477,4.461053371429443,314249436,0.0,0.0,GOOGL
2004-12-02 00:00:00-05:00,4.502001762390137,4.54229211807251,4.468217849731445,4.4894890785217285,4.447171211242676,250185564,0.0,0.0,GOOGL
2004-12-03 00:00:00-05:00,4.503252983093262,4.531031131744385,4.444444179534912,4.514514923095703,4.471960544586182,234533232,0.0,0.0,GOOGL
2004-12-06 00:00:00-05:00,4.482732772827148,4.522021770477295,4.404904842376709,4.4116621017456055,4.370077133178711,249909840,0.0,0.0,GOOGL
2004-12-07 00:00:00-05:00,4.404404163360596,4.409409046173096,4.268017768859863,4.290040016174316,4.2496018409729,274561164,0.0,0.0,GOOGL
2004-12-08 00:00:00-05:00,4.263012886047363,4.346345901489258,4.222472190856934,4.253754138946533,4.213658809661865,301370328,0.0,0.0,GOOGL
2004-12-09 00:00:00-05:00,4.2605109214782715,4.341842174530029,4.21596622467041,4.340089797973633,4.299180507659912,305853840,0.0,0.0,GOOGL
2004-12-10 00:00:00-05:00,4.340089797973633,4.376376152038574,4.286537170410156,4.295546054840088,4.255056381225586,172515312,0.0,0.0,GOOGL
2004-12-13 00:00:00-05:00,4.308558940887451,4.333834171295166,4.240489959716797,4.2655158042907715,4.225309371948242,192551256,0.0,0.0,GOOGL
2004-12-14 00:00:00-05:00,4.2792792320251465,4.474975109100342,4.24424409866333,4.47172212600708,4.42957067489624,443092464,0.0,0.0,GOOGL
2004-12-15 00:00:00-05:00,4.454204082489014,4.5217719078063965,4.4209208488464355,4.498999118804932,4.456591606140137,458381160,0.0,0.0,GOOGL
2004-12-16 00:00:00-05:00,4.428177833557129,4.5167670249938965,4.403152942657471,4.416165828704834,4.374539375305176,342569088,0.0,0.0,GOOGL
2004-12-17 00:00:00-05:00,4.423422813415527,4.517016887664795,4.418168067932129,4.50650691986084,4.464028358459473,295152552,0.0,0.0,GOOGL
2004-12-20 00:00:00-05:00,4.5545549392700195,4.716216087341309,4.551301002502441,4.630129814147949,4.586485385894775,392986620,0.0,0.0,GOOGL
2004-12-21 00:00:00-05:00,4.662412166595459,4.701702117919922,4.589590072631836,4.598348140716553,4.555004119873047,220431348,0.0,0.0,GOOGL
2004-12-22 00:00:00-05:00,4.602101802825928,4.675926208496094,4.579830169677734,4.662161827087402,4.618216037750244,156123720,0.0,0.0,GOOGL
2004-12-23 00:00:00-05:00,4.690940856933594,4.719719886779785,4.6546549797058105,4.702201843261719,4.657878398895264,144439416,0.0,0.0,GOOGL
2004-12-27 00:00:00-05:00,4.733482837677002,4.837337017059326,4.732232093811035,4.802553176879883,4.757284641265869,243919836,0.0,0.0,GOOGL
2004-12-28 00:00:00-05:00,4.807558059692383,4.843594074249268,4.780029773712158,4.823823928833008,4.778354167938232,165666168,0.0,0.0,GOOGL
2004-12-29 00:00:00-05:00,4.7992987632751465,4.842843055725098,4.7992987632751465,4.827326774597168,4.781824588775635,107016876,0.0,0.0,GOOGL
2004-12-30 00:00:00-05:00,4.8290791511535645,4.9607110023498535,4.801051139831543,4.944944858551025,4.898333549499512,235935828,0.0,0.0,GOOGL
2004-12-31 00:00:00-05:00,4.985735893249512,5.002001762390137,4.818819046020508,4.824574947357178,4.779098033905029,306433260,0.0,0.0,GOOGL
2005-01-03 00:00:00-05:00,4.939939975738525,5.096096038818359,4.891390800476074,5.0728230476379395,5.025006294250488,633134232,0.0,0.0,GOOGL
2005-01-04 00:00:00-05:00,5.040040016174316,5.0783281326293945,4.841842174530029,4.867366790771484,4.821486949920654,549685764,0.0,0.0,GOOGL
2005-01-05 00:00:00-05:00,4.841091156005859,4.927426815032959,4.810561180114746,4.842593193054199,4.7969465255737305,329134536,0.0,0.0,GOOGL
2005-01-06 00:00:00-05:00,4.881882190704346,4.902401924133301,4.69769811630249,4.718468189239502,4.673991680145264,415068516,0.0,0.0,GOOGL
2005-01-07 00:00:00-05:00,4.770771026611328,4.861111164093018,4.724224090576172,4.851100921630859,4.8053741455078125,386129484,0.0,0.0,GOOGL
2005-01-10 00:00:00-05:00,4.867366790771484,4.957457065582275,4.800550937652588,4.881381034851074,4.8353705406188965,301282416,0.0,0.0,GOOGL
2005-01-11 00:00:00-05:00,4.895394802093506,4.94769811630249,4.834333896636963,4.8433427810668945,4.797689437866211,278069652,0.0,0.0,GOOGL
2005-01-12 00:00:00-05:00,4.863112926483154,4.903152942657471,4.767267227172852,4.8893890380859375,4.843301773071289,326784888,0.0,0.0,GOOGL
2005-01-13 00:00:00-05:00,4.8893890380859375,4.939690113067627,4.856105804443359,4.8881378173828125,4.842062473297119,273702024,0.0,0.0,GOOGL
2005-01-14 00:00:00-05:00,4.904904842376709,5.005255222320557,4.858108043670654,5.00425386428833,4.957083702087402,385226388,0.0,0.0,GOOGL
2005-01-18 00:00:00-05:00,5.0292792320251465,5.130630970001221,4.971470832824707,5.102602958679199,5.054505825042725,526377096,0.0,0.0,GOOGL
2005-01-19 00:00:00-05:00,5.121370792388916,5.137638092041016,4.922673225402832,4.937437057495117,4.890896320343018,449857692,0.0,0.0,GOOGL
2005-01-20 00:00:00-05:00,4.817317008972168,4.911160945892334,4.804804801940918,4.852852821350098,4.80711030960083,359703936,0.0,0.0,GOOGL
2005-01-21 00:00:00-05:00,4.868368148803711,4.888888835906982,4.70770788192749,4.711711883544922,4.667299270629883,369965664,0.0,0.0,GOOGL
2005-01-24 00:00:00-05:00,4.7219719886779785,4.737987995147705,4.512513160705566,4.522522926330566,4.479893684387207,560347092,0.0,0.0,GOOGL
2005-01-25 00:00:00-05:00,4.55305290222168,4.560561180114746,4.4116621017456055,4.432432174682617,4.390651702880859,425941632,0.0,0.0,GOOGL
2005-01-26 00:00:00-05:00,4.486236095428467,4.739990234375,4.4832329750061035,4.735735893249512,4.691096782684326,491823684,0.0,0.0,GOOGL
2005-01-27 00:00:00-05:00,4.723723888397217,4.726225852966309,4.634634971618652,4.706707000732422,4.662341594696045,264830904,0.0,0.0,GOOGL
2005-01-28 00:00:00-05:00,4.755255222320557,4.872372150421143,4.663163185119629,4.76326322555542,4.718364715576172,487839672,0.0,0.0,GOOGL
2005-01-31 00:00:00-05:00,4.847096920013428,4.913914203643799,4.797798156738281,4.895394802093506,4.849250793457031,383484132,0.0,0.0,GOOGL
2005-02-01 00:00:00-05:00,4.864364147186279,4.921421051025391,4.77052116394043,4.80230188369751,4.757034778594971,752806440,0.0,0.0,GOOGL
2005-02-02 00:00:00-05:00,5.394144058227539,5.425425052642822,5.096597194671631,5.154153823852539,5.105571269989014,1310660028,0.0,0.0,GOOGL
2005-02-03 00:00:00-05:00,5.154904842376709,5.339590072631836,5.150400161743164,5.2767767906188965,5.22703742980957,519004476,0.0,0.0,GOOGL
2005-02-04 00:00:00-05:00,5.166916847229004,5.198948860168457,5.070069789886475,5.114113807678223,5.065907955169678,592179228,0.0,0.0,GOOGL
2005-02-07 00:00:00-05:00,5.136637210845947,5.165164947509766,4.892642974853516,4.905655860900879,4.859415054321289,517897584,0.0,0.0,GOOGL
2005-02-08 00:00:00-05:00,4.928928852081299,5.0055060386657715,4.868117809295654,4.97097110748291,4.92411470413208,458740800,0.0,0.0,GOOGL
2005-02-09 00:00:00-05:00,5.02402400970459,5.045044898986816,4.741240978240967,4.7942938804626465,4.749102592468262,686173140,0.0,0.0,GOOGL
2005-02-10 00:00:00-05:00,4.804053783416748,4.810060024261475,4.635886192321777,4.704204082489014,4.659862518310547,758548692,0.0,0.0,GOOGL
2005-02-11 00:00:00-05:00,4.671171188354492,4.812812805175781,4.656405925750732,4.689690113067627,4.645485877990723,524115360,0.0,0.0,GOOGL
2005-02-14 00:00:00-05:00,4.575826168060303,4.831831932067871,4.529530048370361,4.829579830169678,4.784055709838867,1540945512,0.0,0.0,GOOGL
2005-02-15 00:00:00-05:00,4.844844818115234,5.001000881195068,4.831831932067871,4.885635852813721,4.839583873748779,1030280688,0.0,0.0,GOOGL
2005-02-16 00:00:00-05:00,4.872372150421143,4.9882378578186035,4.862361907958984,4.96521520614624,4.918413162231445,660630708,0.0,0.0,GOOGL
2005-02-17 00:00:00-05:00,4.9507012367248535,4.998748779296875,4.925175189971924,4.952452182769775,4.905770301818848,416159424,0.0,0.0,GOOGL
2005-02-18 00:00:00-05:00,4.967718124389648,4.97597599029541,4.921421051025391,4.953703880310059,4.907010555267334,339096564,0.0,0.0,GOOGL
2005-02-22 00:00:00-05:00,4.917417049407959,4.977477073669434,4.764514923095703,4.789039134979248,4.743898391723633,538808652,0.0,0.0,GOOGL
2005-02-23 00:00:00-05:00,4.837337017059326,4.8668670654296875,4.721220970153809,4.853603839874268,4.807854175567627,622816560,0.0,0.0,GOOGL
2005-02-24 00:00:00-05:00,4.588839054107666,4.751000881195068,4.560309886932373,4.7269768714904785,4.68242073059082,1031539428,0.0,0.0,GOOGL
2005-02-25 00:00:00-05:00,4.733482837677002,4.752752780914307,4.642392158508301,4.651401042938232,4.6075568199157715,398541060,0.0,0.0,GOOGL
2005-02-28 00:00:00-05:00,4.6546549797058105,4.75150203704834,4.650900840759277,4.704453945159912,4.6601104736328125,312423264,0.0,0.0,GOOGL
2005-03-01 00:00:00-05:00,4.736987113952637,4.74849796295166,4.5545549392700195,4.656156063079834,4.612267017364502,372075552,0.0,0.0,GOOGL
2005-03-02 00:00:00-05:00,4.653402805328369,4.696445941925049,4.613614082336426,4.634133815765381,4.590452194213867,291128580,0.0,0.0,GOOGL
2005-03-03 00:00:00-05:00,4.657907962799072,4.698448181152344,4.612361907958984,4.679930210113525,4.63581657409668,304039656,0.0,0.0,GOOGL
2005-03-04 00:00:00-05:00,4.6721720695495605,4.685935974121094,4.631381034851074,4.652152061462402,4.60830020904541,270693036,0.0,0.0,GOOGL
2005-03-07 00:00:00-05:00,4.699199199676514,4.744744777679443,4.680429935455322,4.724975109100342,4.680438041687012,346349304,0.0,0.0,GOOGL
2005-03-08 00:00:00-05:00,4.732232093811035,4.751000881195068,4.628879070281982,4.634634971618652,4.590949535369873,321522156,0.0,0.0,GOOGL
2005-03-09 00:00:00-05:00,4.609859943389893,4.620871067047119,4.508509159088135,4.538288116455078,4.495509624481201,453961584,0.0,0.0,GOOGL
2005-03-10 00:00:00-05:00,4.52977991104126,4.534534931182861,4.439438819885254,4.504004001617432,4.461548805236816,437981580,0.0,0.0,GOOGL
2005-03-11 00:00:00-05:00,4.5155158042907715,4.52827787399292,4.433183193206787,4.449449062347412,4.407508373260498,320810868,0.0,0.0,GOOGL
2005-03-14 00:00:00-05:00,4.46271276473999,4.46446418762207,4.318569183349609,4.379128932952881,4.337851524353027,445418136,0.0,0.0,GOOGL
2005-03-15 00:00:00-05:00,4.386887073516846,4.504505157470703,4.359610080718994,4.469719886779785,4.427587985992432,416467116,0.0,0.0,GOOGL
2005-03-16 00:00:00-05:00,4.421922206878662,4.469719886779785,4.379630088806152,4.3943939208984375,4.352972507476807,283967748,0.0,0.0,GOOGL
2005-03-17 00:00:00-05:00,4.432682991027832,4.495494842529297,4.3993988037109375,4.48673677444458,4.44444465637207,330093576,0.0,0.0,GOOGL
2005-03-18 00:00:00-05:00,4.474724769592285,4.514514923095703,4.462212085723877,4.5055060386657715,4.463037490844727,283316400,0.0,0.0,GOOGL
2005-03-21 00:00:00-05:00,4.486236095428467,4.55880880355835,4.435686111450195,4.526526927947998,4.483859539031982,299048652,0.0,0.0,GOOGL
2005-03-22 00:00:00-05:00,4.53403377532959,4.55305290222168,4.4507012367248535,4.46946907043457,4.427340507507324,225042732,0.0,0.0,GOOGL
2005-03-23 00:00:00-05:00,4.453703880310059,4.5105109214782715,4.453703880310059,4.478979110717773,4.436759948730469,193606200,0.0,0.0,GOOGL
2005-03-24 00:00:00-05:00,4.522021770477295,4.526025772094727,4.4844841957092285,4.485735893249512,4.443453311920166,148059792,0.0,0.0,GOOGL
2005-03-28 00:00:00-05:00,4.546546936035156,4.624625205993652,4.52827787399292,4.540040016174316,4.497245788574219,349170480,0.0,0.0,GOOGL
2005-03-29 00:00:00-05:00,4.530780792236328,4.586586952209473,4.45620584487915,4.493743896484375,4.451386451721191,258661080,0.0,0.0,GOOGL
2005-03-30 00:00:00-05:00,4.52052116394043,4.540791034698486,4.4944939613342285,4.515766143798828,4.47320032119751,249194556,0.0,0.0,GOOGL
2005-03-31 00:00:00-05:00,4.453203201293945,4.5392889976501465,4.4454450607299805,4.517267227172852,4.4746880531311035,270473256,0.0,0.0,GOOGL
2005-04-01 00:00:00-05:00,4.548549175262451,4.5783281326293945,4.50425386428833,4.5055060386657715,4.463037490844727,247032720,0.0,0.0,GOOGL
2005-04-04 00:00:00-04:00,4.503252983093262,4.637638092041016,4.5005011558532715,4.636887073516846,4.593179702758789,322732944,0.0,0.0,GOOGL
2005-04-05 00:00:00-04:00,4.697947978973389,4.761260986328125,4.693943977355957,4.718968868255615,4.674488067626953,349118532,0.0,0.0,GOOGL
2005-04-06 00:00:00-04:00,4.735735893249512,4.745995998382568,4.6941938400268555,4.735235214233398,4.690600872039795,209893896,0.0,0.0,GOOGL
2005-04-07 00:00:00-04:00,4.724224090576172,4.870369911193848,4.7207207679748535,4.848848819732666,4.80314302444458,387300312,0.0,0.0,GOOGL
2005-04-08 00:00:00-04:00,4.847096920013428,4.882381916046143,4.791040897369385,4.806056022644043,4.760754585266113,204459336,0.0,0.0,GOOGL
2005-04-11 00:00:00-04:00,4.8320817947387695,4.874875068664551,4.812812805175781,4.835586071014404,4.790005683898926,216203580,0.0,0.0,GOOGL
2005-04-12 00:00:00-04:00,4.829830169677734,4.865365028381348,4.739990234375,4.853854179382324,4.808101177215576,292491216,0.0,0.0,GOOGL
2005-04-13 00:00:00-04:00,4.841591835021973,4.862863063812256,4.747998237609863,4.828077793121338,4.782568454742432,261969768,0.0,0.0,GOOGL
2005-04-14 00:00:00-04:00,4.836586952209473,4.863863945007324,4.757256984710693,4.791040897369385,4.745880126953125,245861892,0.0,0.0,GOOGL
2005-04-15 00:00:00-04:00,4.757256984710693,4.76326322555542,4.621120929718018,4.629630088806152,4.585991382598877,462632904,0.0,0.0,GOOGL
2005-04-18 00:00:00-04:00,4.619119167327881,4.701702117919922,4.591842174530029,4.678928852081299,4.634825706481934,261749988,0.0,0.0,GOOGL
2005-04-19 00:00:00-04:00,4.737987995147705,4.804804801940918,4.7054548263549805,4.789790153503418,4.7446417808532715,336862800,0.0,0.0,GOOGL
2005-04-20 00:00:00-04:00,4.96946907043457,5.017518043518066,4.902653217315674,4.957457065582275,4.9107279777526855,617441940,0.0,0.0,GOOGL
2005-04-21 00:00:00-04:00,5.0155158042907715,5.130129814147949,4.987987995147705,5.1106109619140625,5.062438488006592,709365924,0.0,0.0,GOOGL
2005-04-22 00:00:00-04:00,5.578077793121338,5.6056060791015625,5.3618621826171875,5.400650978088379,5.34974479675293,1326875796,0.0,0.0,GOOGL
2005-04-25 00:00:00-04:00,5.450951099395752,5.624124050140381,5.4434428215026855,5.593843936920166,5.541117191314697,792806400,0.0,0.0,GOOGL
2005-04-26 00:00:00-04:00,5.511011123657227,5.555555820465088,5.46271276473999,5.474224090576172,5.422624588012695,690189120,0.0,0.0,GOOGL
2005-04-27 00:00:00-04:00,5.455204963684082,5.5267767906188965,5.423923969268799,5.5,5.44815731048584,410181408,0.0,0.0,GOOGL
2005-04-28 00:00:00-04:00,5.492992877960205,5.557558059692383,5.448197841644287,5.491742134094238,5.439976692199707,346964688,0.0,0.0,GOOGL
2005-04-29 00:00:00-04:00,5.553302764892578,5.561811923980713,5.450951099395752,5.5055060386657715,5.453610897064209,366441192,0.0,0.0,GOOGL
2005-05-02 00:00:00-04:00,5.556807041168213,5.598097801208496,5.51076078414917,5.562812805175781,5.510377883911133,390305304,0.0,0.0,GOOGL
2005-05-03 00:00:00-04:00,5.551802158355713,5.709458827972412,5.538538932800293,5.660409927368164,5.607054710388184,710496792,0.0,0.0,GOOGL
2005-05-04 00:00:00-04:00,5.686436176300049,5.752752780914307,5.680681228637695,5.718217849731445,5.664318084716797,482856660,0.0,0.0,GOOGL
2005-05-05 00:00:00-04:00,5.721220970153809,5.721220970153809,5.652653217315674,5.680180072784424,5.626638889312744,300083616,0.0,0.0,GOOGL
2005-05-06 00:00:00-04:00,5.7157158851623535,5.736987113952637,5.667417049407959,5.70620584487915,5.652419567108154,270285444,0.0,0.0,GOOGL
2005-05-09 00:00:00-04:00,5.7057061195373535,5.718217849731445,5.641390800476074,5.656156063079834,5.602841854095459,221250528,0.0,0.0,GOOGL
2005-05-10 00:00:00-04:00,5.642392158508301,5.7007012367248535,5.623623847961426,5.7007012367248535,5.646966934204102,253578168,0.0,0.0,GOOGL
2005-05-11 00:00:00-04:00,5.729979991912842,5.805305004119873,5.703954219818115,5.7880377769470215,5.7334794998168945,458692848,0.0,0.0,GOOGL
2005-05-12 00:00:00-04:00,5.776025772094727,5.8115620613098145,5.7107110023498535,5.723723888397217,5.669772148132324,357570072,0.0,0.0,GOOGL
2005-05-13 00:00:00-04:00,5.735235214233398,5.7830328941345215,5.688689231872559,5.73673677444458,5.682662487030029,296323380,0.0,0.0,GOOGL
2005-05-16 00:00:00-04:00,5.747747898101807,5.796296119689941,5.719970226287842,5.782032012939453,5.727529525756836,227028744,0.0,0.0,GOOGL
2005-05-17 00:00:00-04:00,5.76977014541626,5.842092037200928,5.76076078414917,5.8340840339660645,5.779091835021973,312043644,0.0,0.0,GOOGL
2005-05-18 00:00:00-04:00,5.846096038818359,6.005255222320557,5.843843936920166,5.984984874725342,5.928570747375488,491987520,0.0,0.0,GOOGL
2005-05-19 00:00:00-04:00,6.014514923095703,6.035284996032715,5.96271276473999,5.985485076904297,5.929065704345703,388271340,0.0,0.0,GOOGL
2005-05-20 00:00:00-04:00,6.036285877227783,6.047798156738281,5.997247219085693,6.046296119689941,5.989303112030029,326213460,0.0,0.0,GOOGL
2005-05-23 00:00:00-04:00,6.085084915161133,6.458959102630615,6.073823928833008,6.392642974853516,6.332386016845703,854676468,0.0,0.0,GOOGL
2005-05-24 00:00:00-04:00,6.430429935455322,6.642642974853516,6.343843936920166,6.406405925750732,6.346019744873047,1160562276,0.0,0.0,GOOGL
2005-05-25 00:00:00-04:00,6.324574947357178,6.531031131744385,6.272021770477295,6.5267767906188965,6.465255260467529,721593684,0.0,0.0,GOOGL
2005-05-26 00:00:00-04:00,6.53053092956543,6.6006011962890625,6.463963985443115,6.486485958099365,6.425344467163086,541322136,0.0,0.0,GOOGL
2005-05-27 00:00:00-04:00,6.518017768859863,6.657907962799072,6.487738132476807,6.6566572189331055,6.593911647796631,486876636,0.0,0.0,GOOGL
2005-05-31 00:00:00-04:00,6.742492198944092,6.9669671058654785,6.740991115570068,6.938689231872559,6.873284816741943,888582528,0.0,0.0,GOOGL
2005-06-01 00:00:00-04:00,7.087087154388428,7.329579830169678,7.057558059692383,7.207207202911377,7.139272689819336,1406260332,0.0,0.0,GOOGL
2005-06-02 00:00:00-04:00,7.225474834442139,7.251751899719238,7.122121810913086,7.204705238342285,7.136793613433838,718245036,0.0,0.0,GOOGL
2005-06-03 00:00:00-04:00,7.176927089691162,7.239739894866943,6.942192077636719,7.013514041900635,6.947404861450195,750540708,0.0,0.0,GOOGL
2005-06-06 00:00:00-04:00,7.066816806793213,7.351100921630859,7.052803039550781,7.280780792236328,7.212152481079102,900134964,0.0,0.0,GOOGL
2005-06-07 00:00:00-04:00,7.434935092926025,7.497247219085693,7.264764785766602,7.335334777832031,7.26619291305542,971947080,0.0,0.0,GOOGL
2005-06-08 00:00:00-04:00,7.328578948974609,7.337087154388428,6.95695686340332,6.995995998382568,6.930051803588867,1027007964,0.0,0.0,GOOGL
2005-06-09 00:00:00-04:00,7.125124931335449,7.219719886779785,7.021020889282227,7.164915084838867,7.097379684448242,656986356,0.0,0.0,GOOGL
2005-06-10 00:00:00-04:00,7.181931972503662,7.1891889572143555,7.007507801055908,7.069570064544678,7.002933502197266,507356136,0.0,0.0,GOOGL
2005-06-13 00:00:00-04:00,7.002502918243408,7.1118621826171875,6.919919967651367,7.075826168060303,7.009129047393799,511615872,0.0,0.0,GOOGL
2005-06-14 00:00:00-04:00,6.97172212600708,7.0380377769470215,6.9507012367248535,6.9657158851623535,6.900056838989258,403272324,0.0,0.0,GOOGL
2005-06-15 00:00:00-04:00,6.881882190704346,6.939438819885254,6.692441940307617,6.8768768310546875,6.812054634094238,834488676,0.0,0.0,GOOGL
2005-06-16 00:00:00-04:00,6.863362789154053,6.96446418762207,6.833583831787109,6.942943096160889,6.877498626708984,497997504,0.0,0.0,GOOGL
2005-06-17 00:00:00-04:00,6.981982231140137,7.014514923095703,6.904404163360596,7.014514923095703,6.948396682739258,416958624,0.0,0.0,GOOGL
2005-06-20 00:00:00-04:00,6.909159183502197,7.198948860168457,6.800049781799316,7.174674987792969,7.107047080993652,840147012,0.0,0.0,GOOGL
2005-06-21 00:00:00-04:00,7.208959102630615,7.264764785766602,7.131381034851074,7.203203201293945,7.135305404663086,604686708,0.0,0.0,GOOGL
2005-06-22 00:00:00-04:00,7.248999118804932,7.315314769744873,7.223974227905273,7.239739894866943,7.1714982986450195,418541040,0.0,0.0,GOOGL
2005-06-23 00:00:00-04:00,7.207207202911377,7.377627849578857,7.169670104980469,7.25,7.181661128997803,561693744,0.0,0.0,GOOGL
2005-06-24 00:00:00-04:00,7.27977991104126,7.457457065582275,7.246747016906738,7.438689231872559,7.368571758270264,710137152,0.0,0.0,GOOGL
2005-06-27 00:00:00-04:00,7.479979991912842,7.619369029998779,7.353854179382324,7.610109806060791,7.538376808166504,711403884,0.0,0.0,GOOGL
2005-06-28 00:00:00-04:00,7.664665222167969,7.738988876342773,7.557558059692383,7.557558059692383,7.486320495605469,760698540,0.0,0.0,GOOGL
2005-06-29 00:00:00-04:00,7.570069789886475,7.617116928100586,7.311060905456543,7.325325012207031,7.256275653839111,731216052,0.0,0.0,GOOGL
2005-06-30 00:00:00-04:00,7.365866184234619,7.480731010437012,7.283283233642578,7.361111164093018,7.291725158691406,603172224,0.0,0.0,GOOGL
2005-07-01 00:00:00-04:00,7.383382797241211,7.413413047790527,7.237738132476807,7.288538932800293,7.219837188720703,368734896,0.0,0.0,GOOGL
2005-07-05 00:00:00-04:00,7.309810161590576,7.406907081604004,7.263012886047363,7.400149822235107,7.33039665222168,299460240,0.0,0.0,GOOGL
2005-07-06 00:00:00-04:00,7.439939975738525,7.447446823120117,7.291791915893555,7.295294761657715,7.226529598236084,319691988,0.0,0.0,GOOGL
2005-07-07 00:00:00-04:00,7.241991996765137,7.402401924133301,7.219970226287842,7.395895957946777,7.326181411743164,426457116,0.0,0.0,GOOGL
2005-07-08 00:00:00-04:00,7.413663864135742,7.444944858551025,7.358609199523926,7.413163185119629,7.343286514282227,298005696,0.0,0.0,GOOGL
2005-07-11 00:00:00-04:00,7.417417049407959,7.422421932220459,7.282783031463623,7.341091156005859,7.271894454956055,335276388,0.0,0.0,GOOGL
2005-07-12 00:00:00-04:00,7.342092037200928,7.367366790771484,7.28053092956543,7.301802158355713,7.232975482940674,234361404,0.0,0.0,GOOGL
2005-07-13 00:00:00-04:00,7.320069789886475,7.48848819732666,7.309810161590576,7.478979110717773,7.408482074737549,457058484,0.0,0.0,GOOGL
2005-07-14 00:00:00-04:00,7.641140937805176,7.676425933837891,7.509259223937988,7.52977991104126,7.458805084228516,426281292,0.0,0.0,GOOGL
2005-07-15 00:00:00-04:00,7.538538932800293,7.592593193054199,7.502001762390137,7.53728723526001,7.466240882873535,337198464,0.0,0.0,GOOGL
2005-07-18 00:00:00-04:00,7.507507801055908,7.555055141448975,7.45120096206665,7.495995998382568,7.4253387451171875,248063688,0.0,0.0,GOOGL
2005-07-19 00:00:00-04:00,7.560060024261475,7.766517162322998,7.552553176879883,7.755255222320557,7.682154178619385,504351144,0.0,0.0,GOOGL
2005-07-20 00:00:00-04:00,7.646896839141846,7.823072910308838,7.552553176879883,7.807807922363281,7.734211444854736,571843584,0.0,0.0,GOOGL
2005-07-21 00:00:00-04:00,7.859108924865723,7.952952861785889,7.7880377769470215,7.856356143951416,7.782302379608154,790784424,0.0,0.0,GOOGL
2005-07-22 00:00:00-04:00,7.666916847229004,7.738988876342773,7.415666103363037,7.567567825317383,7.496236801147461,934536528,0.0,0.0,GOOGL
2005-07-25 00:00:00-04:00,7.567317008972168,7.589839935302734,7.381381034851074,7.403654098510742,7.33386754989624,385965648,0.0,0.0,GOOGL
2005-07-26 00:00:00-04:00,7.382633209228516,7.457457065582275,7.3095598220825195,7.4096598625183105,7.339816093444824,392283324,0.0,0.0,GOOGL
2005-07-27 00:00:00-04:00,7.450951099395752,7.463212966918945,7.317317008972168,7.430681228637695,7.360639572143555,288427284,0.0,0.0,GOOGL
2005-07-28 00:00:00-04:00,7.44269323348999,7.44269323348999,7.339338779449463,7.344844818115234,7.2756123542785645,236786976,0.0,0.0,GOOGL
2005-07-29 00:00:00-04:00,7.3108110427856445,7.3283281326293945,7.181931972503662,7.20120096206665,7.133321762084961,334197468,0.0,0.0,GOOGL
2005-08-01 00:00:00-04:00,7.210209846496582,7.319819927215576,7.209710121154785,7.297547817230225,7.228761196136475,226269504,0.0,0.0,GOOGL
2005-08-02 00:00:00-04:00,7.29729700088501,7.495494842529297,7.285284996032715,7.487236976623535,7.41666316986084,291316392,0.0,0.0,GOOGL
2005-08-03 00:00:00-04:00,7.457457065582275,7.5005011558532715,7.397397041320801,7.439939975738525,7.369811058044434,236986776,0.0,0.0,GOOGL
2005-08-04 00:00:00-04:00,7.396145820617676,7.482481956481934,7.388638973236084,7.4507012367248535,7.380471229553223,209250540,0.0,0.0,GOOGL
2005-08-05 00:00:00-04:00,7.444944858551025,7.47022008895874,7.290040016174316,7.316065788269043,7.247105121612549,237350412,0.0,0.0,GOOGL
2005-08-08 00:00:00-04:00,7.347346782684326,7.398649215698242,7.269519805908203,7.288538932800293,7.219837188720703,179092728,0.0,0.0,GOOGL
2005-08-09 00:00:00-04:00,7.306305885314941,7.324324131011963,7.219970226287842,7.296546936035156,7.22776985168457,230940828,0.0,0.0,GOOGL
2005-08-10 00:00:00-04:00,7.289790153503418,7.315566062927246,7.129128932952881,7.149148941040039,7.081761360168457,274884840,0.0,0.0,GOOGL
2005-08-11 00:00:00-04:00,7.154404163360596,7.1716718673706055,7.022522926330566,7.108357906341553,7.041354656219482,300295404,0.0,0.0,GOOGL
2005-08-12 00:00:00-04:00,7.091091156005859,7.262261867523193,7.04804801940918,7.250249862670898,7.181909084320068,263172564,0.0,0.0,GOOGL
2005-08-15 00:00:00-04:00,7.252252101898193,7.326577186584473,7.101350784301758,7.107107162475586,7.040115833282471,326661012,0.0,0.0,GOOGL
2005-08-16 00:00:00-04:00,7.129128932952881,7.20195198059082,7.090590953826904,7.148397922515869,7.081016540527344,284083632,0.0,0.0,GOOGL
2005-08-17 00:00:00-04:00,7.144895076751709,7.171421051025391,7.107107162475586,7.134634971618652,7.067383289337158,155176668,0.0,0.0,GOOGL
2005-08-18 00:00:00-04:00,6.9046549797058105,7.019519805908203,6.881882190704346,7.006756782531738,6.94071102142334,474437088,0.0,0.0,GOOGL
2005-08-19 00:00:00-04:00,7.031782150268555,7.043292999267578,6.997497081756592,7.007007122039795,6.940959453582764,221494284,0.0,0.0,GOOGL
2005-08-22 00:00:00-04:00,7.0380377769470215,7.04379415512085,6.840590953826904,6.857107162475586,6.792471408843994,272247480,0.0,0.0,GOOGL
2005-08-23 00:00:00-04:00,6.9109110832214355,7.0005011558532715,6.859859943389893,6.996496200561523,6.930547714233398,232635132,0.0,0.0,GOOGL
2005-08-24 00:00:00-04:00,6.94619607925415,7.125875949859619,6.918168067932129,7.0713210105896,7.004667282104492,343380276,0.0,0.0,GOOGL
2005-08-25 00:00:00-04:00,7.0708208084106445,7.107107162475586,7.006256103515625,7.071822166442871,7.005163669586182,174888936,0.0,0.0,GOOGL
2005-08-26 00:00:00-04:00,7.0940937995910645,7.132633209228516,7.073574066162109,7.096597194671631,7.029704570770264,150061788,0.0,0.0,GOOGL
2005-08-29 00:00:00-04:00,7.063063144683838,7.235235214233398,7.063063144683838,7.218468189239502,7.150426864624023,235883880,0.0,0.0,GOOGL
2005-08-30 00:00:00-04:00,7.19194221496582,7.2449951171875,7.154153823852539,7.188939094543457,7.121176242828369,191488320,0.0,0.0,GOOGL
2005-08-31 00:00:00-04:00,7.212963104248047,7.219719886779785,7.116116046905518,7.157156944274902,7.089692115783691,201158640,0.0,0.0,GOOGL
2005-09-01 00:00:00-04:00,7.154904842376709,7.194694995880127,7.132132053375244,7.163413047790527,7.095890522003174,109574316,0.0,0.0,GOOGL
2005-09-02 00:00:00-04:00,7.169919967651367,7.257007122039795,7.168168067932129,7.218468189239502,7.150426864624023,137242620,0.0,0.0,GOOGL
2005-09-06 00:00:00-04:00,7.232232093811035,7.241991996765137,7.1771769523620605,7.184935092926025,7.1172099113464355,168323508,0.0,0.0,GOOGL
2005-09-07 00:00:00-04:00,7.154404163360596,7.394895076751709,7.139139175415039,7.379128932952881,7.309573173522949,299680020,0.0,0.0,GOOGL
2005-09-08 00:00:00-04:00,7.3781280517578125,7.4894890785217285,7.341341018676758,7.392141819000244,7.322463512420654,264267468,0.0,0.0,GOOGL
2005-09-09 00:00:00-04:00,7.439438819885254,7.484984874725342,7.421421051025391,7.484735012054443,7.414183616638184,175444380,0.0,0.0,GOOGL
2005-09-12 00:00:00-04:00,7.551301002502441,7.793292999267578,7.532533168792725,7.751251220703125,7.678187370300293,415044540,0.0,0.0,GOOGL
2005-09-13 00:00:00-04:00,7.732732772827148,7.896145820617676,7.661911964416504,7.799799919128418,7.726278781890869,411584004,0.0,0.0,GOOGL
2005-09-14 00:00:00-04:00,7.72597599029541,7.839839935302734,7.515015125274658,7.582582950592041,7.511109828948975,450580968,0.0,0.0,GOOGL
2005-09-15 00:00:00-04:00,7.495494842529297,7.676425933837891,7.455204963684082,7.573072910308838,7.501689434051514,618029352,0.0,0.0,GOOGL
2005-09-16 00:00:00-04:00,7.608108043670654,7.620120048522949,7.50425386428833,7.512513160705566,7.441699504852295,302888808,0.0,0.0,GOOGL
2005-09-19 00:00:00-04:00,7.532533168792725,7.657658100128174,7.525275230407715,7.602352142333984,7.530692100524902,230245524,0.0,0.0,GOOGL
2005-09-20 00:00:00-04:00,7.661410808563232,7.790289878845215,7.638388156890869,7.7054548263549805,7.6328229904174805,373665960,0.0,0.0,GOOGL
2005-09-21 00:00:00-04:00,7.717967987060547,7.851851940155029,7.6566572189331055,7.805305004119873,7.73173189163208,404383212,0.0,0.0,GOOGL
2005-09-22 00:00:00-04:00,7.795294761657715,7.98848819732666,7.762012004852295,7.792041778564453,7.718594074249268,519735744,0.0,0.0,GOOGL
2005-09-23 00:00:00-04:00,7.8328328132629395,7.938188076019287,7.822573184967041,7.891891956329346,7.817502498626709,339012648,0.0,0.0,GOOGL
2005-09-26 00:00:00-04:00,7.995494842529297,8.031782150268555,7.821822166442871,7.864864826202393,7.790730953216553,395380224,0.0,0.0,GOOGL
2005-09-27 00:00:00-04:00,7.881631851196289,7.968217849731445,7.842341899871826,7.856356143951416,7.782302379608154,274649076,0.0,0.0,GOOGL
2005-09-28 00:00:00-04:00,7.863362789154053,7.885385036468506,7.647647857666016,7.657658100128174,7.585476398468018,319576104,0.0,0.0,GOOGL
2005-09-29 00:00:00-04:00,7.674674987792969,7.775775909423828,7.6596598625183105,7.748248100280762,7.675212860107422,224327448,0.0,0.0,GOOGL
2005-09-30 00:00:00-04:00,7.863362789154053,7.9454450607299805,7.815064907073975,7.919418811798096,7.8447699546813965,365685948,0.0,0.0,GOOGL
2005-10-03 00:00:00-04:00,7.848598957061768,8.010761260986328,7.827578067779541,7.974975109100342,7.899803161621094,366045588,0.0,0.0,GOOGL
2005-10-04 00:00:00-04:00,8.006756782531738,8.040040016174316,7.776276111602783,7.782783031463623,7.709422588348389,365406228,0.0,0.0,GOOGL
2005-10-05 00:00:00-04:00,7.825075149536133,7.880380153656006,7.70770788192749,7.77552604675293,7.702233791351318,332802864,0.0,0.0,GOOGL
2005-10-06 00:00:00-04:00,7.861361026763916,7.869870185852051,7.760009765625,7.826577186584473,7.752803802490234,319432248,0.0,0.0,GOOGL
2005-10-07 00:00:00-04:00,7.877627849578857,7.924674987792969,7.771271228790283,7.832582950592041,7.758752822875977,270541188,0.0,0.0,GOOGL
2005-10-10 00:00:00-04:00,7.840590953826904,7.878377914428711,7.736485958099365,7.77402400970459,7.700746536254883,222665112,0.0,0.0,GOOGL
2005-10-11 00:00:00-04:00,7.7730231285095215,7.824073791503906,7.629128932952881,7.660160064697266,7.587954998016357,341362296,0.0,0.0,GOOGL
2005-10-12 00:00:00-04:00,7.637638092041016,7.687437057495117,7.482481956481934,7.531782150268555,7.460787296295166,371875752,0.0,0.0,GOOGL
2005-10-13 00:00:00-04:00,7.557558059692383,7.557558059692383,7.274273872375488,7.4434428215026855,7.373281002044678,422285292,0.0,0.0,GOOGL
2005-10-14 00:00:00-04:00,7.5050048828125,7.51326322555542,7.3208208084106445,7.4109110832214355,7.341054916381836,340423236,0.0,0.0,GOOGL
2005-10-17 00:00:00-04:00,7.444944858551025,7.637638092041016,7.371370792388916,7.632633209228516,7.560688018798828,302365332,0.0,0.0,GOOGL
2005-10-18 00:00:00-04:00,7.631631851196289,7.706707000732422,7.576076030731201,7.589590072631836,7.518050193786621,282828888,0.0,0.0,GOOGL
2005-10-19 00:00:00-04:00,7.607607841491699,7.754505157470703,7.606606960296631,7.72522497177124,7.652406692504883,280147572,0.0,0.0,GOOGL
2005-10-20 00:00:00-04:00,7.757507801055908,7.786036014556885,7.537787914276123,7.587587833404541,7.5160675048828125,555911532,0.0,0.0,GOOGL
2005-10-21 00:00:00-04:00,8.653654098510742,8.669419288635254,8.333333015441895,8.506006240844727,8.425830841064453,914780304,0.0,0.0,GOOGL
2005-10-24 00:00:00-04:00,8.592843055725098,8.741241455078125,8.563312530517578,8.724974632263184,8.642733573913574,376890732,0.0,0.0,GOOGL
2005-10-25 00:00:00-04:00,8.653153419494629,8.693694114685059,8.580080032348633,8.68143081665039,8.599599838256836,274856868,0.0,0.0,GOOGL
2005-10-26 00:00:00-04:00,8.665665626525879,8.90890884399414,8.663413047790527,8.89489459991455,8.811052322387695,355943700,0.0,0.0,GOOGL
2005-10-27 00:00:00-04:00,8.923924446105957,8.936185836791992,8.800801277160645,8.835334777832031,8.752053260803223,205170624,0.0,0.0,GOOGL
2005-10-28 00:00:00-04:00,8.890641212463379,8.982732772827148,8.884384155273438,8.963212966918945,8.8787260055542,235903860,0.0,0.0,GOOGL
2005-10-31 00:00:00-05:00,9.0150146484375,9.378128051757812,8.996747016906738,9.312812805175781,9.225030899047852,573142284,0.0,0.0,GOOGL
2005-11-01 00:00:00-05:00,9.305806159973145,9.607107162475586,9.23448371887207,9.493993759155273,9.40450382232666,653589756,0.0,0.0,GOOGL
2005-11-02 00:00:00-05:00,9.552051544189453,9.634634971618652,9.438689231872559,9.50150203704834,9.41193962097168,422193384,0.0,0.0,GOOGL
2005-11-03 00:00:00-05:00,9.569820404052734,9.674174308776855,9.54404354095459,9.658408164978027,9.567367553710938,297638064,0.0,0.0,GOOGL
2005-11-04 00:00:00-05:00,9.759259223937988,9.80455493927002,9.645895957946777,9.77052116394043,9.678423881530762,352643004,0.0,0.0,GOOGL
2005-11-07 00:00:00-05:00,9.8873872756958,9.946697235107422,9.81356430053711,9.885636329650879,9.79245376586914,383276340,0.0,0.0,GOOGL
2005-11-08 00:00:00-05:00,9.86611557006836,9.899649620056152,9.724224090576172,9.757257461547852,9.665285110473633,315584100,0.0,0.0,GOOGL
2005-11-09 00:00:00-05:00,9.67642593383789,9.71696662902832,9.460209846496582,9.488238334655762,9.398801803588867,418257324,0.0,0.0,GOOGL
2005-11-10 00:00:00-05:00,9.468467712402344,9.793543815612793,9.445195198059082,9.787286758422852,9.695033073425293,364782852,0.0,0.0,GOOGL
2005-11-11 00:00:00-05:00,9.887887954711914,9.932432174682617,9.73098087310791,9.769769668579102,9.677680015563965,282273444,0.0,0.0,GOOGL
2005-11-14 00:00:00-05:00,9.812812805175781,9.96546459197998,9.79804801940918,9.934184074401855,9.840544700622559,312003684,0.0,0.0,GOOGL
2005-11-15 00:00:00-05:00,9.869368553161621,9.934934616088867,9.783534049987793,9.829830169677734,9.737174034118652,344651004,0.0,0.0,GOOGL
2005-11-16 00:00:00-05:00,9.914915084838867,9.981230735778809,9.8626127243042,9.963713645935059,9.869795799255371,347460192,0.0,0.0,GOOGL
2005-11-17 00:00:00-05:00,10.055054664611816,10.105355262756348,9.998248100280762,10.096345901489258,10.001177787780762,368119512,0.0,0.0,GOOGL
2005-11-18 00:00:00-05:00,10.097347259521484,10.122623443603516,10.006256103515625,10.015265464782715,9.92086124420166,280742976,0.0,0.0,GOOGL
2005-11-21 00:00:00-05:00,9.989238739013672,10.259759902954102,9.847097396850586,10.244243621826172,10.14768123626709,412990596,0.0,0.0,GOOGL
2005-11-22 00:00:00-05:00,10.226475715637207,10.443193435668945,10.165916442871094,10.422171592712402,10.323932647705078,383456160,0.0,0.0,GOOGL
2005-11-23 00:00:00-05:00,10.43643569946289,10.628628730773926,10.404905319213867,10.58208179473877,10.482336044311523,402996600,0.0,0.0,GOOGL
2005-11-25 00:00:00-05:00,10.655155181884766,10.72947883605957,10.643142700195312,10.726225852966309,10.625121116638184,193410396,0.0,0.0,GOOGL
2005-11-28 00:00:00-05:00,10.756256103515625,10.791791915893555,10.571572303771973,10.5975980758667,10.49770450592041,439895664,0.0,0.0,GOOGL
2005-11-29 00:00:00-05:00,10.622121810913086,10.670671463012695,10.06356430053711,10.098599433898926,10.003409385681152,858972168,0.0,0.0,GOOGL
2005-11-30 00:00:00-05:00,10.116617202758789,10.221470832824707,9.89889907836914,10.132883071899414,10.037370681762695,623240136,0.0,0.0,GOOGL
2005-12-01 00:00:00-05:00,10.240240097045898,10.396395683288574,10.217467308044434,10.3626127243042,10.264935493469238,389406204,0.0,0.0,GOOGL
2005-12-02 00:00:00-05:00,10.433934211730957,10.498748779296875,10.356857299804688,10.452953338623047,10.354423522949219,301438260,0.0,0.0,GOOGL
2005-12-05 00:00:00-05:00,10.43543529510498,10.447948455810547,10.117116928100586,10.15640640258789,10.06067180633545,411164424,0.0,0.0,GOOGL
2005-12-06 00:00:00-05:00,10.227727890014648,10.420671463012695,10.052553176879883,10.123623847961426,10.028199195861816,604406988,0.0,0.0,GOOGL
2005-12-07 00:00:00-05:00,10.164163589477539,10.177678108215332,9.985235214233398,10.115615844726562,10.02026653289795,466169364,0.0,0.0,GOOGL
2005-12-08 00:00:00-05:00,10.142642974853516,10.276527404785156,10.076075553894043,10.276527404785156,10.179661750793457,356043600,0.0,0.0,GOOGL
2005-12-09 00:00:00-05:00,10.385384559631348,10.404905319213867,10.224224090576172,10.240240097045898,10.143715858459473,305430264,0.0,0.0,GOOGL
2005-12-12 00:00:00-05:00,10.376126289367676,10.390641212463379,10.25900936126709,10.325575828552246,10.228248596191406,277725996,0.0,0.0,GOOGL
2005-12-13 00:00:00-05:00,10.322822570800781,10.46045970916748,10.301301002502441,10.447697639465332,10.349218368530273,326225448,0.0,0.0,GOOGL
2005-12-14 00:00:00-05:00,10.43643569946289,10.503753662109375,10.397647857666016,10.48448371887207,10.38565731048584,264950784,0.0,0.0,GOOGL
2005-12-15 00:00:00-05:00,10.488238334655762,10.589089393615723,10.42292308807373,10.574323654174805,10.474651336669922,241590168,0.0,0.0,GOOGL
2005-12-16 00:00:00-05:00,10.644144058227539,10.823323249816895,10.579328536987305,10.764514923095703,10.663049697875977,652566780,0.0,0.0,GOOGL
2005-12-19 00:00:00-05:00,10.815815925598145,11.16641616821289,10.513262748718262,10.625625610351562,10.525467872619629,876594528,0.0,0.0,GOOGL
2005-12-20 00:00:00-05:00,10.707206726074219,10.815815925598145,10.627376556396484,10.754254341125488,10.652883529663086,402984612,0.0,0.0,GOOGL
2005-12-21 00:00:00-05:00,10.849599838256836,10.932432174682617,10.528278350830078,10.66891860961914,10.568351745605469,448427124,0.0,0.0,GOOGL
2005-12-22 00:00:00-05:00,10.805054664611816,10.832331657409668,10.65890884399414,10.811812400817871,10.709900856018066,301562136,0.0,0.0,GOOGL
2005-12-23 00:00:00-05:00,10.81456470489502,10.823323249816895,10.730230331420898,10.78403377532959,10.682384490966797,183620196,0.0,0.0,GOOGL
2005-12-27 00:00:00-05:00,10.807307243347168,10.807307243347168,10.579580307006836,10.626626968383789,10.526461601257324,267843888,0.0,0.0,GOOGL
2005-12-28 00:00:00-05:00,10.619118690490723,10.705204963684082,10.542041778564453,10.67792797088623,10.577277183532715,284431284,0.0,0.0,GOOGL
2005-12-29 00:00:00-05:00,10.710209846496582,10.728979110717773,10.489740371704102,10.514264106750488,10.415155410766602,277554168,0.0,0.0,GOOGL
2005-12-30 00:00:00-05:00,10.442192077636719,10.465716361999512,10.353854179382324,10.381881713867188,10.28402328491211,303180516,0.0,0.0,GOOGL
2006-01-03 00:00:00-05:00,10.57357406616211,10.902652740478516,10.46596622467041,10.891641616821289,10.788976669311523,524323152,0.0,0.0,GOOGL
2006-01-04 00:00:00-05:00,11.108609199523926,11.235235214233398,11.004755020141602,11.142142295837402,11.037116050720215,610844544,0.0,0.0,GOOGL
2006-01-05 00:00:00-05:00,11.161161422729492,11.300049781799316,11.048548698425293,11.292291641235352,11.185851097106934,431899668,0.0,0.0,GOOGL
2006-01-06 00:00:00-05:00,11.433182716369629,11.774273872375488,11.342342376708984,11.653153419494629,11.54331111907959,709565724,0.0,0.0,GOOGL
2006-01-09 00:00:00-05:00,11.671921730041504,11.846846580505371,11.535035133361816,11.684184074401855,11.57404899597168,511164324,0.0,0.0,GOOGL
2006-01-10 00:00:00-05:00,11.622121810913086,11.768017768859863,11.562562942504883,11.755756378173828,11.64494800567627,363520116,0.0,0.0,GOOGL
2006-01-11 00:00:00-05:00,11.793543815612793,11.889639854431152,11.741241455078125,11.802553176879883,11.691300392150879,359935704,0.0,0.0,GOOGL
2006-01-12 00:00:00-05:00,11.854854583740234,11.886636734008789,11.549049377441406,11.602352142333984,11.492988586425781,404606988,0.0,0.0,GOOGL
2006-01-13 00:00:00-05:00,11.619368553161621,11.683934211730957,11.551801681518555,11.66791820526123,11.557934761047363,305957736,0.0,0.0,GOOGL
2006-01-17 00:00:00-05:00,11.588088035583496,11.759259223937988,11.574825286865234,11.689438819885254,11.579255104064941,330481188,0.0,0.0,GOOGL
2006-01-18 00:00:00-05:00,11.193694114685059,11.44544506072998,11.092342376708984,11.13388442993164,11.028936386108398,818608572,0.0,0.0,GOOGL
2006-01-19 00:00:00-05:00,11.29054069519043,11.348599433898926,10.835836410522461,10.922171592712402,10.819218635559082,580910508,0.0,0.0,GOOGL
2006-01-20 00:00:00-05:00,10.97847843170166,11.011761665344238,9.878377914428711,9.996496200561523,9.90226936340332,1643023332,0.0,0.0,GOOGL
2006-01-23 00:00:00-05:00,10.194695472717285,10.720470428466797,10.153403282165527,10.698198318481445,10.597357749938965,908746344,0.0,0.0,GOOGL
2006-01-24 00:00:00-05:00,10.911662101745605,11.13488483428955,10.872873306274414,11.086836814880371,10.982332229614258,617965416,0.0,0.0,GOOGL
2006-01-25 00:00:00-05:00,11.292793273925781,11.367116928100586,10.741241455078125,10.835836410522461,10.733696937561035,748842408,0.0,0.0,GOOGL
2006-01-26 00:00:00-05:00,10.999499320983887,11.010761260986328,10.599599838256836,10.8676176071167,10.765178680419922,516526956,0.0,0.0,GOOGL
2006-01-27 00:00:00-05:00,10.885886192321777,10.966465950012207,10.735235214233398,10.848097801208496,10.745843887329102,337749912,0.0,0.0,GOOGL
2006-01-30 00:00:00-05:00,10.741491317749023,10.842843055725098,10.635636329650879,10.681180953979492,10.580499649047852,343212444,0.0,0.0,GOOGL
2006-01-31 00:00:00-05:00,10.775025367736816,11.001001358032227,10.60986042022705,10.827326774597168,10.725268363952637,881757360,0.0,0.0,GOOGL
2006-02-01 00:00:00-05:00,9.735485076904297,10.060059547424316,9.697697639465332,10.05455493927002,9.9597806930542,1083815100,0.0,0.0,GOOGL
2006-02-02 00:00:00-05:00,10.105606079101562,10.172673225402832,9.909408569335938,9.910910606384277,9.817489624023438,471835692,0.0,0.0,GOOGL
2006-02-03 00:00:00-05:00,9.850350379943848,9.857357025146484,9.32357406616211,9.548297882080078,9.458293914794922,730540728,0.0,0.0,GOOGL
2006-02-06 00:00:00-05:00,9.6423921585083,9.757257461547852,9.49849796295166,9.637137413024902,9.54629898071289,357258384,0.0,0.0,GOOGL
2006-02-07 00:00:00-05:00,9.584334373474121,9.602102279663086,9.092843055725098,9.207206726074219,9.120421409606934,664542792,0.0,0.0,GOOGL
2006-02-08 00:00:00-05:00,9.221220970153809,9.276527404785156,8.875625610351562,9.236235618591309,9.149173736572266,831331836,0.0,0.0,GOOGL
2006-02-09 00:00:00-05:00,9.289289474487305,9.369368553161621,8.911662101745605,8.978227615356445,8.893598556518555,476019504,0.0,0.0,GOOGL
2006-02-10 00:00:00-05:00,9.057807922363281,9.121622085571289,8.837336540222168,9.074323654174805,8.988790512084961,608331060,0.0,0.0,GOOGL
2006-02-13 00:00:00-05:00,8.674674987792969,8.773774147033691,8.555806159973145,8.651150703430176,8.569605827331543,787923288,0.0,0.0,GOOGL
2006-02-14 00:00:00-05:00,8.641892433166504,8.801051139831543,8.56856918334961,8.591591835021973,8.510607719421387,585573840,0.0,0.0,GOOGL
2006-02-15 00:00:00-05:00,8.540289878845215,8.658658981323242,8.454203605651855,8.56806755065918,8.487305641174316,517362120,0.0,0.0,GOOGL
2006-02-16 00:00:00-05:00,8.650400161743164,9.184184074401855,8.620870590209961,9.170671463012695,9.084228515625,851767380,0.0,0.0,GOOGL
2006-02-17 00:00:00-05:00,9.255756378173828,9.312812805175781,9.099599838256836,9.227977752685547,9.140995025634766,572235192,0.0,0.0,GOOGL
2006-02-21 00:00:00-05:00,9.170169830322266,9.347847938537598,9.136886596679688,9.173924446105957,9.087450981140137,347092560,0.0,0.0,GOOGL
2006-02-22 00:00:00-05:00,9.18793773651123,9.232982635498047,9.105606079101562,9.146395683288574,9.060181617736816,258788952,0.0,0.0,GOOGL
2006-02-23 00:00:00-05:00,9.149398803710938,9.54054069519043,9.14389419555664,9.461211204528809,9.372028350830078,501561936,0.0,0.0,GOOGL
2006-02-24 00:00:00-05:00,9.44194221496582,9.511260986328125,9.346596717834473,9.444443702697754,9.355420112609863,259112628,0.0,0.0,GOOGL
2006-02-27 00:00:00-05:00,9.541291236877441,9.802302360534668,9.51651668548584,9.769268989562988,9.677183151245117,408079512,0.0,0.0,GOOGL
2006-02-28 00:00:00-05:00,9.839839935302734,9.948448181152344,8.471220970153809,9.074575424194336,8.98903751373291,1575926496,0.0,0.0,GOOGL
2006-03-01 00:00:00-05:00,9.223222732543945,9.245494842529297,9.041542053222656,9.129129409790039,9.04307746887207,481965552,0.0,0.0,GOOGL
2006-03-02 00:00:00-05:00,9.11611557006836,9.537036895751953,9.064064025878906,9.420671463012695,9.33187198638916,732478788,0.0,0.0,GOOGL
2006-03-03 00:00:00-05:00,9.617116928100586,9.690690994262695,9.403403282165527,9.463964462280273,9.374756813049316,478001520,0.0,0.0,GOOGL
2006-03-06 00:00:00-05:00,9.532281875610352,9.594594955444336,9.187687873840332,9.211711883544922,9.124883651733398,357230412,0.0,0.0,GOOGL
2006-03-07 00:00:00-05:00,9.134634971618652,9.220470428466797,8.962713241577148,9.120369911193848,9.034402847290039,414736848,0.0,0.0,GOOGL
2006-03-08 00:00:00-05:00,8.857107162475586,9.009759902954102,8.772272109985352,8.855855941772461,8.772381782531738,469354176,0.0,0.0,GOOGL
2006-03-09 00:00:00-05:00,8.893644332885742,8.972222328186035,8.546046257019043,8.58358383178711,8.502676010131836,555859584,0.0,0.0,GOOGL
2006-03-10 00:00:00-05:00,8.59609603881836,8.621121406555176,8.297046661376953,8.445945739746094,8.366333961486816,772250976,0.0,0.0,GOOGL
2006-03-13 00:00:00-05:00,8.531782150268555,8.661161422729492,8.394644737243652,8.434934616088867,8.355426788330078,545150304,0.0,0.0,GOOGL
2006-03-14 00:00:00-05:00,8.43693733215332,8.81806755065918,8.323823928833008,8.787788391113281,8.704955101013184,737289972,0.0,0.0,GOOGL
2006-03-15 00:00:00-05:00,8.778027534484863,8.816315650939941,8.521772384643555,8.621121406555176,8.5398588180542,510241248,0.0,0.0,GOOGL
2006-03-16 00:00:00-05:00,8.723974227905273,8.727477073669434,8.45595645904541,8.477727890014648,8.397814750671387,400267332,0.0,0.0,GOOGL
2006-03-17 00:00:00-05:00,8.47847843170166,8.55305290222168,8.381631851196289,8.503252983093262,8.423101425170898,341725932,0.0,0.0,GOOGL
2006-03-20 00:00:00-05:00,8.56706714630127,8.761011123657227,8.547046661376953,8.713462829589844,8.631330490112305,415887696,0.0,0.0,GOOGL
2006-03-21 00:00:00-05:00,8.75900936126709,8.800299644470215,8.485485076904297,8.50650691986084,8.426323890686035,392850756,0.0,0.0,GOOGL
2006-03-22 00:00:00-05:00,8.502251625061035,8.61111068725586,8.445945739746094,8.51401424407959,8.433761596679688,303536160,0.0,0.0,GOOGL
2006-03-23 00:00:00-05:00,8.567317008972168,8.6524019241333,8.513513565063477,8.555806159973145,8.47515869140625,297090612,0.0,0.0,GOOGL
2006-03-24 00:00:00-05:00,9.224724769592285,9.26151180267334,9.071822166442871,9.154153823852539,9.067866325378418,606616776,0.0,0.0,GOOGL
2006-03-27 00:00:00-05:00,9.18643569946289,9.302051544189453,9.134134292602539,9.25150203704834,9.164298057556152,280667052,0.0,0.0,GOOGL
2006-03-28 00:00:00-05:00,9.302051544189453,9.45595645904541,9.288538932800293,9.439438819885254,9.350462913513184,357474168,0.0,0.0,GOOGL
2006-03-29 00:00:00-05:00,9.508008003234863,9.9849853515625,9.497246742248535,9.884384155273438,9.791214942932129,760338900,0.0,0.0,GOOGL
2006-03-30 00:00:00-05:00,9.73948860168457,9.847347259521484,9.599849700927734,9.720721244812012,9.629096031188965,587879532,0.0,0.0,GOOGL
2006-03-31 00:00:00-05:00,9.728227615356445,9.806556701660156,9.610360145568848,9.759759902954102,9.667763710021973,1459395144,0.0,0.0,GOOGL
2006-04-03 00:00:00-04:00,9.747998237609863,9.821572303771973,9.707958221435547,9.752251625061035,9.66032600402832,324583092,0.0,0.0,GOOGL
2006-04-04 00:00:00-04:00,9.757257461547852,10.132633209228516,9.713212966918945,10.118618965148926,10.02324104309082,627999372,0.0,0.0,GOOGL
2006-04-05 00:00:00-04:00,10.215214729309082,10.374625205993652,10.080580711364746,10.209959983825684,10.113720893859863,535883580,0.0,0.0,GOOGL
2006-04-06 00:00:00-04:00,10.172422409057617,10.3576078414917,10.145895957946777,10.289790153503418,10.192798614501953,343596060,0.0,0.0,GOOGL
2006-04-07 00:00:00-04:00,10.320570945739746,10.331582069396973,10.110610961914062,10.164163589477539,10.06835651397705,280754964,0.0,0.0,GOOGL
2006-04-10 00:00:00-04:00,10.187187194824219,10.439689636230469,10.141390800476074,10.419919967651367,10.321703910827637,372431196,0.0,0.0,GOOGL
2006-04-11 00:00:00-04:00,10.420921325683594,10.487988471984863,10.165665626525879,10.251751899719238,10.155117988586426,443843712,0.0,0.0,GOOGL
2006-04-12 00:00:00-04:00,10.235235214233398,10.293543815612793,10.13988971710205,10.233983993530273,10.137517929077148,240439320,0.0,0.0,GOOGL
2006-04-13 00:00:00-04:00,10.22597599029541,10.254254341125488,10.022522926330566,10.064064025878906,9.969199180603027,261853884,0.0,0.0,GOOGL
2006-04-17 00:00:00-04:00,10.096345901489258,10.322822570800781,10.031030654907227,10.180681228637695,10.084716796875,330049620,0.0,0.0,GOOGL
2006-04-18 00:00:00-04:00,10.208457946777344,10.256006240844727,10.047548294067383,10.11611557006836,10.020761489868164,325178496,0.0,0.0,GOOGL
2006-04-19 00:00:00-04:00,10.324575424194336,10.351350784301758,10.178427696228027,10.272772789001465,10.175941467285156,270996732,0.0,0.0,GOOGL
2006-04-20 00:00:00-04:00,10.28553581237793,10.410409927368164,10.215214729309082,10.385384559631348,10.287491798400879,490369140,0.0,0.0,GOOGL
2006-04-21 00:00:00-04:00,11.233734130859375,11.279278755187988,10.915164947509766,10.938438415527344,10.835333824157715,901149948,0.0,0.0,GOOGL
2006-04-24 00:00:00-04:00,10.995996475219727,11.128628730773926,10.923924446105957,11.023524284362793,10.91961669921875,353102544,0.0,0.0,GOOGL
2006-04-25 00:00:00-04:00,11.001751899719238,11.037036895751953,10.660660743713379,10.689689636230469,10.588926315307617,382377240,0.0,0.0,GOOGL
2006-04-26 00:00:00-04:00,10.704203605651855,10.761761665344238,10.598849296569824,10.659910202026367,10.559429168701172,290820888,0.0,0.0,GOOGL
2006-04-27 00:00:00-04:00,10.583333015441895,10.683432579040527,10.495244979858398,10.511260986328125,10.412182807922363,333182484,0.0,0.0,GOOGL
2006-04-28 00:00:00-04:00,10.476225852966309,10.65390396118164,10.41791820526123,10.458958625793457,10.360371589660645,296555148,0.0,0.0,GOOGL
2006-05-01 00:00:00-04:00,10.472222328186035,10.496496200561523,9.973724365234375,9.982481956481934,9.888386726379395,414033552,0.0,0.0,GOOGL
2006-05-02 00:00:00-04:00,10.037036895751953,10.072321891784668,9.719719886779785,9.87987995147705,9.786752700805664,523647828,0.0,0.0,GOOGL
2006-05-03 00:00:00-04:00,9.918668746948242,10.047548294067383,9.781782150268555,9.864113807678223,9.771135330200195,322565112,0.0,0.0,GOOGL
2006-05-04 00:00:00-04:00,9.885636329650879,9.981732368469238,9.815065383911133,9.878628730773926,9.785513877868652,185893920,0.0,0.0,GOOGL
2006-05-05 00:00:00-04:00,9.949950218200684,10.027027130126953,9.804304122924805,9.867366790771484,9.7743558883667,242357400,0.0,0.0,GOOGL
2006-05-08 00:00:00-04:00,9.887638092041016,9.93793773651123,9.761011123657227,9.879379272460938,9.786256790161133,204539256,0.0,0.0,GOOGL
2006-05-09 00:00:00-04:00,9.9024019241333,10.235235214233398,9.853604316711426,10.230230331420898,10.13379955291748,365258376,0.0,0.0,GOOGL
2006-05-10 00:00:00-04:00,10.217967987060547,10.30305290222168,10.056556701660156,10.084585189819336,9.989527702331543,247240512,0.0,0.0,GOOGL
2006-05-11 00:00:00-04:00,10.095596313476562,10.127878189086914,9.634134292602539,9.684684753417969,9.593396186828613,355356288,0.0,0.0,GOOGL
2006-05-12 00:00:00-04:00,9.598097801208496,9.631381034851074,9.348097801208496,9.3626127243042,9.274359703063965,403100496,0.0,0.0,GOOGL
2006-05-15 00:00:00-04:00,9.407657623291016,9.513262748718262,9.21546459197998,9.414414405822754,9.325674057006836,343260396,0.0,0.0,GOOGL
2006-05-16 00:00:00-04:00,9.409158706665039,9.430931091308594,9.25650691986084,9.291791915893555,9.204208374023438,259384356,0.0,0.0,GOOGL
2006-05-17 00:00:00-04:00,9.274524688720703,9.505505561828613,9.264764785766602,9.371871948242188,9.283533096313477,425326248,0.0,0.0,GOOGL
2006-05-18 00:00:00-04:00,9.478979110717773,9.554804801940918,9.277027130126953,9.28403377532959,9.196521759033203,233166600,0.0,0.0,GOOGL
2006-05-19 00:00:00-04:00,9.341341018676758,9.371871948242188,9.023273468017578,9.259759902954102,9.172477722167969,455472072,0.0,0.0,GOOGL
2006-05-22 00:00:00-04:00,9.20545482635498,9.335084915161133,9.140390396118164,9.28303337097168,9.195531845092773,343831824,0.0,0.0,GOOGL
2006-05-23 00:00:00-04:00,9.364615440368652,9.606607437133789,9.348347663879395,9.39889907836914,9.31030559539795,358960680,0.0,0.0,GOOGL
2006-05-24 00:00:00-04:00,9.443193435668945,9.595596313476562,9.29955005645752,9.540790557861328,9.450859069824219,381769848,0.0,0.0,GOOGL
2006-05-25 00:00:00-04:00,9.486486434936523,9.584585189819336,9.31706714630127,9.584334373474121,9.49399185180664,327456216,0.0,0.0,GOOGL
2006-05-26 00:00:00-04:00,9.623373031616211,9.656657218933105,9.510259628295898,9.543292999267578,9.453338623046875,146533320,0.0,0.0,GOOGL
2006-05-30 00:00:00-04:00,9.466465950012207,9.53453540802002,9.29554557800293,9.307807922363281,9.220071792602539,172467360,0.0,0.0,GOOGL
2006-05-31 00:00:00-04:00,9.354353904724121,9.465716361999512,9.178679466247559,9.304804801940918,9.217098236083984,318932748,0.0,0.0,GOOGL
2006-06-01 00:00:00-04:00,9.347847938537598,9.584334373474121,9.299299240112305,9.575075149536133,9.484820365905762,250868880,0.0,0.0,GOOGL
2006-06-02 00:00:00-04:00,9.680681228637695,9.686687469482422,9.445695877075195,9.495494842529297,9.405989646911621,255200544,0.0,0.0,GOOGL
2006-06-05 00:00:00-04:00,9.41391372680664,9.545796394348145,9.363113403320312,9.370369911193848,9.282044410705566,222117660,0.0,0.0,GOOGL
2006-06-06 00:00:00-04:00,9.423924446105957,9.759759902954102,9.416916847229004,9.759510040283203,9.667518615722656,409981608,0.0,0.0,GOOGL
2006-06-07 00:00:00-04:00,9.840841293334961,9.881381034851074,9.672171592712402,9.672422409057617,9.581250190734863,356095548,0.0,0.0,GOOGL
2006-06-08 00:00:00-04:00,9.703453063964844,9.866617202758789,9.474224090576172,9.842342376708984,9.749567031860352,413965620,0.0,0.0,GOOGL
2006-06-09 00:00:00-04:00,9.81456470489502,9.895646095275879,9.643392562866211,9.673924446105957,9.582738876342773,246053700,0.0,0.0,GOOGL
2006-06-12 00:00:00-04:00,9.718217849731445,9.772022247314453,9.53453540802002,9.54804801940918,9.458048820495605,200563236,0.0,0.0,GOOGL
2006-06-13 00:00:00-04:00,9.532032012939453,9.684684753417969,9.462462425231934,9.672673225402832,9.581497192382812,306057636,0.0,0.0,GOOGL
2006-06-14 00:00:00-04:00,9.755505561828613,9.787286758422852,9.472472190856934,9.619368553161621,9.528697967529297,310569120,0.0,0.0,GOOGL
2006-06-15 00:00:00-04:00,9.675174713134766,9.816065788269043,9.584585189819336,9.784785270690918,9.692554473876953,271156572,0.0,0.0,GOOGL
2006-06-16 00:00:00-04:00,9.737236976623535,9.78303337097168,9.709710121154785,9.777276992797852,9.685115814208984,211971816,0.0,0.0,GOOGL
2006-06-19 00:00:00-04:00,9.781030654907227,9.87987995147705,9.684184074401855,9.713212966918945,9.62165641784668,305018676,0.0,0.0,GOOGL
2006-06-20 00:00:00-04:00,9.71045970916748,9.806556701660156,9.672422409057617,9.688939094543457,9.597611427307129,161434404,0.0,0.0,GOOGL
2006-06-21 00:00:00-04:00,9.786286354064941,10.11011028289795,9.753503799438477,10.063312530517578,9.968456268310547,349426224,0.0,0.0,GOOGL
2006-06-22 00:00:00-04:00,10.04955005645752,10.160160064697266,9.709710121154785,10.008758544921875,9.914417266845703,236239524,0.0,0.0,GOOGL
2006-06-23 00:00:00-04:00,10.079078674316406,10.254003524780273,10.028529167175293,10.131631851196289,10.036131858825684,212379408,0.0,0.0,GOOGL
2006-06-26 00:00:00-04:00,10.178929328918457,10.217718124389648,10.091341018676758,10.115615844726562,10.02026653289795,141905952,0.0,0.0,GOOGL
2006-06-27 00:00:00-04:00,10.152902603149414,10.210209846496582,10.035284996032715,10.06806755065918,9.973167419433594,164119716,0.0,0.0,GOOGL
2006-06-28 00:00:00-04:00,10.110360145568848,10.172171592712402,10.038288116455078,10.16291332244873,10.067118644714355,148271580,0.0,0.0,GOOGL
2006-06-29 00:00:00-04:00,10.209959983825684,10.46546459197998,10.155655860900879,10.455705642700195,10.357149124145508,266061672,0.0,0.0,GOOGL
2006-06-30 00:00:00-04:00,10.400400161743164,10.493743896484375,10.31856918334961,10.493743896484375,10.394830703735352,250069680,0.0,0.0,GOOGL
2006-07-03 00:00:00-04:00,10.51151180267334,10.604854583740234,10.496747016906738,10.590591430664062,10.490764617919922,86181732,0.0,0.0,GOOGL
2006-07-05 00:00:00-04:00,10.548548698425293,10.580580711364746,10.401400566101074,10.547046661376953,10.447630882263184,199224576,0.0,0.0,GOOGL
2006-07-06 00:00:00-04:00,10.595094680786133,10.645145416259766,10.560059547424316,10.590339660644531,10.490513801574707,147336516,0.0,0.0,GOOGL
2006-07-07 00:00:00-04:00,10.661911964416504,10.707958221435547,10.4074068069458,10.521772384643555,10.42259407043457,241434324,0.0,0.0,GOOGL
2006-07-10 00:00:00-04:00,10.596596717834473,10.641390800476074,10.419919967651367,10.46546459197998,10.366816520690918,177278544,0.0,0.0,GOOGL
2006-07-11 00:00:00-04:00,10.473222732543945,10.636886596679688,10.33608627319336,10.624625205993652,10.5244779586792,238613148,0.0,0.0,GOOGL
2006-07-12 00:00:00-04:00,10.562812805175781,10.579078674316406,10.428679466247559,10.441692352294922,10.343269348144531,196071732,0.0,0.0,GOOGL
2006-07-13 00:00:00-04:00,10.360360145568848,10.468969345092773,10.180931091308594,10.23098087310791,10.134543418884277,276703020,0.0,0.0,GOOGL
2006-07-14 00:00:00-04:00,10.268519401550293,10.297548294067383,9.975225448608398,10.0975980758667,10.002419471740723,301781916,0.0,0.0,GOOGL
2006-07-17 00:00:00-04:00,10.125876426696777,10.285284996032715,10.103102684020996,10.207456588745117,10.111241340637207,232243524,0.0,0.0,GOOGL
2006-07-18 00:00:00-04:00,10.254003524780273,10.274524688720703,9.953453063964844,10.086336135864258,9.99126148223877,341130528,0.0,0.0,GOOGL
2006-07-19 00:00:00-04:00,9.88513469696045,10.038538932800293,9.876376152038574,9.9849853515625,9.890868186950684,340399260,0.0,0.0,GOOGL
2006-07-20 00:00:00-04:00,10.117116928100586,10.121121406555176,9.651150703430176,9.687687873840332,9.596369743347168,501046452,0.0,0.0,GOOGL
2006-07-21 00:00:00-04:00,9.663163185119629,9.803553581237793,9.451702117919922,9.762513160705566,9.670493125915527,469713816,0.0,0.0,GOOGL
2006-07-24 00:00:00-04:00,9.830329895019531,9.857107162475586,9.539790153503418,9.782281875610352,9.690073013305664,323120556,0.0,0.0,GOOGL
2006-07-25 00:00:00-04:00,9.63513469696045,9.792543411254883,9.604604721069336,9.743743896484375,9.651898384094238,230213556,0.0,0.0,GOOGL
2006-07-26 00:00:00-04:00,9.714715003967285,9.807558059692383,9.584585189819336,9.647147178649902,9.556214332580566,221054724,0.0,0.0,GOOGL
2006-07-27 00:00:00-04:00,9.693943977355957,9.69694709777832,9.458208084106445,9.56956958770752,9.479365348815918,225418356,0.0,0.0,GOOGL
2006-07-28 00:00:00-04:00,9.55955982208252,9.748748779296875,9.552803039550781,9.712713241577148,9.621160507202148,163180656,0.0,0.0,GOOGL
2006-07-31 00:00:00-04:00,9.709710121154785,9.738988876342773,9.592342376708984,9.674674987792969,9.583483695983887,183628188,0.0,0.0,GOOGL
2006-08-01 00:00:00-04:00,9.6373872756958,9.65390396118164,9.397147178649902,9.397147178649902,9.30856990814209,218309472,0.0,0.0,GOOGL
2006-08-02 00:00:00-04:00,9.399398803710938,9.438689231872559,9.139139175415039,9.189940452575684,9.103314399719238,283628088,0.0,0.0,GOOGL
2006-08-03 00:00:00-04:00,9.133633613586426,9.457206726074219,9.093092918395996,9.394144058227539,9.305594444274902,252826920,0.0,0.0,GOOGL
2006-08-04 00:00:00-04:00,9.49849796295166,9.526527404785156,9.30305290222168,9.355606079101562,9.267420768737793,203604192,0.0,0.0,GOOGL
2006-08-07 00:00:00-04:00,9.296796798706055,9.502753257751465,9.28803825378418,9.458208084106445,9.369054794311523,157718124,0.0,0.0,GOOGL
2006-08-08 00:00:00-04:00,9.580080032348633,9.622121810913086,9.486737251281738,9.53453540802002,9.444663047790527,229498272,0.0,0.0,GOOGL
2006-08-09 00:00:00-04:00,9.579580307006836,9.626626968383789,9.418417930603027,9.43293285369873,9.344018936157227,172267560,0.0,0.0,GOOGL
2006-08-10 00:00:00-04:00,9.356355667114258,9.451201438903809,9.320820808410645,9.364363670349121,9.27609634399414,170305524,0.0,0.0,GOOGL
2006-08-11 00:00:00-04:00,9.369368553161621,9.391390800476074,9.209209442138672,9.221721649169922,9.134798049926758,150509340,0.0,0.0,GOOGL
2006-08-14 00:00:00-04:00,9.296796798706055,9.387638092041016,9.22597599029541,9.2449951171875,9.157853126525879,198533268,0.0,0.0,GOOGL
2006-08-15 00:00:00-04:00,9.362112045288086,9.551301002502441,9.324323654174805,9.533783912658691,9.44391918182373,267660072,0.0,0.0,GOOGL
2006-08-16 00:00:00-04:00,9.596596717834473,9.72097110748291,9.562562942504883,9.702703475952148,9.611244201660156,233893872,0.0,0.0,GOOGL
2006-08-17 00:00:00-04:00,9.669419288635254,9.759759902954102,9.6076078414917,9.654655456542969,9.563651084899902,203004792,0.0,0.0,GOOGL
2006-08-18 00:00:00-04:00,9.6674165725708,9.68693733215332,9.528278350830078,9.59359359741211,9.50316333770752,197889912,0.0,0.0,GOOGL
2006-08-21 00:00:00-04:00,9.46196174621582,9.48448371887207,9.38988971710205,9.44194221496582,9.352941513061523,160771068,0.0,0.0,GOOGL
2006-08-22 00:00:00-04:00,9.452703475952148,9.49099063873291,9.380379676818848,9.466716766357422,9.377482414245605,166397436,0.0,0.0,GOOGL
2006-08-23 00:00:00-04:00,9.45044994354248,9.466216087341309,9.325825691223145,9.345094680786133,9.257007598876953,145546308,0.0,0.0,GOOGL
2006-08-24 00:00:00-04:00,9.370369911193848,9.419419288635254,9.315815925598145,9.3526029586792,9.264445304870605,139160700,0.0,0.0,GOOGL
2006-08-25 00:00:00-04:00,9.336336135864258,9.3923921585083,9.321822166442871,9.340841293334961,9.252793312072754,98569332,0.0,0.0,GOOGL
2006-08-28 00:00:00-04:00,9.399649620056152,9.533283233642578,9.384384155273438,9.533283233642578,9.443422317504883,166393440,0.0,0.0,GOOGL
2006-08-29 00:00:00-04:00,9.52902889251709,9.567567825317383,9.439438819885254,9.483233451843262,9.393845558166504,178221600,0.0,0.0,GOOGL
2006-08-30 00:00:00-04:00,9.489740371704102,9.625876426696777,9.472222328186035,9.528278350830078,9.438465118408203,161614224,0.0,0.0,GOOGL
2006-08-31 00:00:00-04:00,9.546796798706055,9.563312530517578,9.46446418762207,9.472723007202148,9.383432388305664,118277604,0.0,0.0,GOOGL
2006-09-01 00:00:00-04:00,9.534283638000488,9.541542053222656,9.439188957214355,9.47447395324707,9.385167121887207,106809084,0.0,0.0,GOOGL
2006-09-05 00:00:00-04:00,9.506256103515625,9.644644737243652,9.44544506072998,9.618618965148926,9.527955055236816,162809028,0.0,0.0,GOOGL
2006-09-06 00:00:00-04:00,9.56206226348877,9.589339256286621,9.501001358032227,9.513012886047363,9.42334270477295,148815036,0.0,0.0,GOOGL
2006-09-07 00:00:00-04:00,9.494243621826172,9.553302764892578,9.444443702697754,9.471721649169922,9.382441520690918,153526320,0.0,0.0,GOOGL
2006-09-08 00:00:00-04:00,9.427427291870117,9.529278755187988,9.427427291870117,9.455705642700195,9.366576194763184,123212664,0.0,0.0,GOOGL
2006-09-11 00:00:00-04:00,9.46596622467041,9.626876831054688,9.453703880310059,9.611862182617188,9.521261215209961,180986832,0.0,0.0,GOOGL
2006-09-12 00:00:00-04:00,9.634634971618652,9.828078269958496,9.631631851196289,9.807307243347168,9.714863777160645,217470312,0.0,0.0,GOOGL
2006-09-13 00:00:00-04:00,9.888639450073242,10.179179191589355,9.8873872756958,10.174424171447754,10.078518867492676,390337272,0.0,0.0,GOOGL
2006-09-14 00:00:00-04:00,10.1176176071167,10.167166709899902,10.058307647705078,10.109609603881836,10.01431655883789,214429356,0.0,0.0,GOOGL
2006-09-15 00:00:00-04:00,10.197196960449219,10.26151180267334,10.178679466247559,10.257257461547852,10.16057300567627,313214472,0.0,0.0,GOOGL
2006-09-18 00:00:00-04:00,10.260259628295898,10.477727890014648,10.246996879577637,10.377628326416016,10.279808044433594,283983732,0.0,0.0,GOOGL
2006-09-19 00:00:00-04:00,10.396897315979004,10.397647857666016,9.828328132629395,10.105355262756348,10.010103225708008,571144284,0.0,0.0,GOOGL
2006-09-20 00:00:00-04:00,10.187687873840332,10.194945335388184,9.875374794006348,9.934934616088867,9.841287612915039,365546088,0.0,0.0,GOOGL
2006-09-21 00:00:00-04:00,10.017518043518066,10.221470832824707,10.00650691986084,10.18143081665039,10.085461616516113,427256316,0.0,0.0,GOOGL
2006-09-22 00:00:00-04:00,10.134634971618652,10.196446418762207,10.04404354095459,10.104604721069336,10.009358406066895,185798016,0.0,0.0,GOOGL
2006-09-25 00:00:00-04:00,10.149649620056152,10.246496200561523,10.072572708129883,10.109609603881836,10.01431655883789,229262508,0.0,0.0,GOOGL
2006-09-26 00:00:00-04:00,10.147647857666016,10.202201843261719,10.054304122924805,10.18193244934082,10.085957527160645,211364424,0.0,0.0,GOOGL
2006-09-27 00:00:00-04:00,10.167668342590332,10.290790557861328,10.069318771362305,10.083083152770996,9.98803997039795,234832932,0.0,0.0,GOOGL
2006-09-28 00:00:00-04:00,10.112112045288086,10.184684753417969,10.023524284362793,10.099599838256836,10.004401206970215,204091704,0.0,0.0,GOOGL
2006-09-29 00:00:00-04:00,10.138387680053711,10.150650978088379,10.045294761657715,10.057558059692383,9.962754249572754,132303564,0.0,0.0,GOOGL
2006-10-02 00:00:00-04:00,10.057558059692383,10.160160064697266,10.030030250549316,10.046046257019043,9.951353073120117,145929924,0.0,0.0,GOOGL
2006-10-03 00:00:00-04:00,10.042291641235352,10.171671867370605,9.964715003967285,10.11111068725586,10.0158052444458,218369412,0.0,0.0,GOOGL
2006-10-04 00:00:00-04:00,10.134384155273438,10.404655456542969,10.086336135864258,10.402902603149414,10.304845809936523,266205528,0.0,0.0,GOOGL
2006-10-05 00:00:00-04:00,10.377878189086914,10.466465950012207,10.281782150268555,10.305556297302246,10.208415985107422,231360408,0.0,0.0,GOOGL
2006-10-06 00:00:00-04:00,10.265766143798828,10.558307647705078,10.254003524780273,10.523022651672363,10.423832893371582,293166540,0.0,0.0,GOOGL
2006-10-09 00:00:00-04:00,10.630631446838379,10.80955982208252,10.59609603881836,10.735735893249512,10.634541511535645,303028668,0.0,0.0,GOOGL
2006-10-10 00:00:00-04:00,10.799799919128418,10.957206726074219,10.570320129394531,10.676926612854004,10.576284408569336,391152456,0.0,0.0,GOOGL
2006-10-11 00:00:00-04:00,10.636136054992676,10.758508682250977,10.604604721069336,10.673172950744629,10.572566986083984,225190584,0.0,0.0,GOOGL
2006-10-12 00:00:00-04:00,10.724724769592285,10.752753257751465,10.610610961914062,10.696697235107422,10.595870971679688,193566240,0.0,0.0,GOOGL
2006-10-13 00:00:00-04:00,10.704705238342285,10.748248100280762,10.649649620056152,10.693193435668945,10.592398643493652,144755100,0.0,0.0,GOOGL
2006-10-16 00:00:00-04:00,10.703203201293945,10.740740776062012,10.54404354095459,10.554304122924805,10.454818725585938,172603224,0.0,0.0,GOOGL
2006-10-17 00:00:00-04:00,10.518017768859863,10.604353904724121,10.42792797088623,10.526527404785156,10.4273042678833,208231560,0.0,0.0,GOOGL
2006-10-18 00:00:00-04:00,10.585334777832031,10.629379272460938,10.447948455810547,10.493243217468262,10.394331932067871,240451308,0.0,0.0,GOOGL
2006-10-19 00:00:00-04:00,10.516265869140625,10.748248100280762,10.499750137329102,10.662161827087402,10.561660766601562,459679860,0.0,0.0,GOOGL
2006-10-20 00:00:00-04:00,11.486235618591309,11.51401424407959,11.35110092163086,11.503252983093262,11.394822120666504,465450084,0.0,0.0,GOOGL
2006-10-23 00:00:00-04:00,11.56856918334961,12.128128051757812,11.520771026611328,12.031532287597656,11.918122291564941,603575820,0.0,0.0,GOOGL
2006-10-24 00:00:00-04:00,11.91891860961914,11.958457946777344,11.797046661376953,11.844594955444336,11.732948303222656,346061592,0.0,0.0,GOOGL
2006-10-25 00:00:00-04:00,11.949198722839355,12.224724769592285,11.889639854431152,12.177177429199219,12.062394142150879,367132500,0.0,0.0,GOOGL
2006-10-26 00:00:00-04:00,12.204203605651855,12.311310768127441,12.117116928100586,12.139639854431152,12.025211334228516,280986732,0.0,0.0,GOOGL
2006-10-27 00:00:00-04:00,12.109609603881836,12.143142700195312,11.824073791503906,11.891892433166504,11.77979850769043,263895840,0.0,0.0,GOOGL
2006-10-30 00:00:00-05:00,11.8823823928833,12.023524284362793,11.762011528015137,11.926176071166992,11.81375789642334,262261476,0.0,0.0,GOOGL
2006-10-31 00:00:00-05:00,11.963462829589844,12.066065788269043,11.857857704162598,11.921671867370605,11.809298515319824,251164584,0.0,0.0,GOOGL
2006-11-01 00:00:00-05:00,11.98098087310791,11.990240097045898,11.643142700195312,11.699198722839355,11.588922500610352,216834948,0.0,0.0,GOOGL
2006-11-02 00:00:00-05:00,11.699198722839355,11.85510540008545,11.671171188354492,11.759510040283203,11.648665428161621,209258532,0.0,0.0,GOOGL
2006-11-03 00:00:00-05:00,11.817567825317383,11.855606079101562,11.638137817382812,11.806806564331055,11.695514678955078,196111692,0.0,0.0,GOOGL
2006-11-06 00:00:00-05:00,11.85610580444336,12.003503799438477,11.820070266723633,11.935686111450195,11.823179244995117,199460340,0.0,0.0,GOOGL
2006-11-07 00:00:00-05:00,11.935686111450195,11.987486839294434,11.806056022644043,11.826075553894043,11.71460247039795,195688116,0.0,0.0,GOOGL
2006-11-08 00:00:00-05:00,11.77052116394043,12.055556297302246,11.726726531982422,11.886886596679688,11.77484130859375,318281400,0.0,0.0,GOOGL
2006-11-09 00:00:00-05:00,11.924424171447754,11.999249458312988,11.808307647705078,11.827577590942383,11.716090202331543,194972832,0.0,0.0,GOOGL
2006-11-10 00:00:00-05:00,11.856355667114258,11.87987995147705,11.76901912689209,11.850601196289062,11.738898277282715,111756132,0.0,0.0,GOOGL
2006-11-13 00:00:00-05:00,11.884384155273438,12.041291236877441,11.865365028381348,12.037788391113281,11.92431926727295,173502324,0.0,0.0,GOOGL
2006-11-14 00:00:00-05:00,12.029529571533203,12.261011123657227,12.024524688720703,12.244745254516602,12.129325866699219,288647064,0.0,0.0,GOOGL
2006-11-15 00:00:00-05:00,12.348097801208496,12.508758544921875,12.310561180114746,12.310561180114746,12.194520950317383,334493172,0.0,0.0,GOOGL
2006-11-16 00:00:00-05:00,12.3873872756958,12.45445442199707,12.326326370239258,12.409910202026367,12.292935371398926,203500296,0.0,0.0,GOOGL
2006-11-17 00:00:00-05:00,12.34359359741211,12.504003524780273,12.337336540222168,12.482232093811035,12.364574432373047,220219560,0.0,0.0,GOOGL
2006-11-20 00:00:00-05:00,12.472472190856934,12.472472190856934,12.32857894897461,12.388639450073242,12.27186393737793,204775020,0.0,0.0,GOOGL
2006-11-21 00:00:00-05:00,12.425926208496094,12.762763023376465,12.408158302307129,12.754003524780273,12.633784294128418,336762900,0.0,0.0,GOOGL
2006-11-22 00:00:00-05:00,12.787036895751953,12.837838172912598,12.657156944274902,12.712963104248047,12.593132019042969,179847972,0.0,0.0,GOOGL
2006-11-24 00:00:00-05:00,12.62512493133545,12.700200080871582,12.6126127243042,12.637638092041016,12.51851749420166,69238692,0.0,0.0,GOOGL
2006-11-27 00:00:00-05:00,12.546796798706055,12.55705738067627,12.130881309509277,12.130881309509277,12.016535758972168,292695012,0.0,0.0,GOOGL
2006-11-28 00:00:00-05:00,12.040289878845215,12.258758544921875,11.937687873840332,12.249750137329102,12.134284019470215,311592096,0.0,0.0,GOOGL
2006-11-29 00:00:00-05:00,12.368368148803711,12.380881309509277,12.068318367004395,12.128377914428711,12.014057159423828,252359388,0.0,0.0,GOOGL
2006-11-30 00:00:00-05:00,12.116867065429688,12.272272109985352,12.050801277160645,12.1323823928833,12.018023490905762,222876900,0.0,0.0,GOOGL
2006-12-01 00:00:00-05:00,12.161662101745605,12.221972465515137,11.97447395324707,12.032032012939453,11.918619155883789,225030744,0.0,0.0,GOOGL
2006-12-04 00:00:00-05:00,12.08708667755127,12.197948455810547,11.995745658874512,12.133382797241211,12.019014358520508,195800004,0.0,0.0,GOOGL
2006-12-05 00:00:00-05:00,12.197196960449219,12.248248100280762,12.134384155273438,12.187187194824219,12.072309494018555,163955880,0.0,0.0,GOOGL
2006-12-06 00:00:00-05:00,12.186185836791992,12.322321891784668,12.12512493133545,12.22998046875,12.114700317382812,177833988,0.0,0.0,GOOGL
2006-12-07 00:00:00-05:00,12.268017768859863,12.307307243347168,12.072572708129883,12.078078269958496,11.96423053741455,186385428,0.0,0.0,GOOGL
2006-12-08 00:00:00-05:00,12.060561180114746,12.227227210998535,12.012011528015137,12.11486530303955,12.00067138671875,158837004,0.0,0.0,GOOGL
2006-12-11 00:00:00-05:00,12.13513469696045,12.234734535217285,12.107107162475586,12.110360145568848,11.996209144592285,130405464,0.0,0.0,GOOGL
2006-12-12 00:00:00-05:00,12.108358383178711,12.171171188354492,12.01901912689209,12.056556701660156,11.942912101745605,167072760,0.0,0.0,GOOGL
2006-12-13 00:00:00-05:00,12.129379272460938,12.149649620056152,11.937437057495117,11.986737251281738,11.873749732971191,186297516,0.0,0.0,GOOGL
2006-12-14 00:00:00-05:00,12.018267631530762,12.105855941772461,11.943443298339844,12.065065383911133,11.951340675354004,189766044,0.0,0.0,GOOGL
2006-12-15 00:00:00-05:00,12.078078269958496,12.11486530303955,12.008008003234863,12.019519805908203,11.906224250793457,207424368,0.0,0.0,GOOGL
2006-12-18 00:00:00-05:00,12.074825286865234,12.080580711364746,11.529529571533203,11.581582069396973,11.472412109375,320343336,0.0,0.0,GOOGL
2006-12-19 00:00:00-05:00,11.55455493927002,11.744494438171387,11.473974227905273,11.727477073669434,11.616933822631836,263216520,0.0,0.0,GOOGL
2006-12-20 00:00:00-05:00,11.761761665344238,11.799299240112305,11.569820404052734,11.584083557128906,11.474892616271973,174537288,0.0,0.0,GOOGL
2006-12-21 00:00:00-05:00,11.61611557006836,11.642892837524414,11.319820404052734,11.41641616821289,11.308805465698242,277853868,0.0,0.0,GOOGL
2006-12-22 00:00:00-05:00,11.448948860168457,11.477477073669434,11.329580307006836,11.400900840759277,11.293436050415039,159372468,0.0,0.0,GOOGL
2006-12-26 00:00:00-05:00,11.424424171447754,11.498248100280762,11.376126289367676,11.449700355529785,11.341774940490723,82889028,0.0,0.0,GOOGL
2006-12-27 00:00:00-05:00,11.51151180267334,11.713713645935059,11.488988876342773,11.712462425231934,11.60206127166748,169090740,0.0,0.0,GOOGL
2006-12-28 00:00:00-05:00,11.689689636230469,11.726225852966309,11.567817687988281,11.575575828552246,11.46646499633789,124523352,0.0,0.0,GOOGL
2006-12-29 00:00:00-05:00,11.564064025878906,11.623373031616211,11.508008003234863,11.523524284362793,11.414904594421387,102265632,0.0,0.0,GOOGL
2007-01-03 00:00:00-05:00,11.661662101745605,11.928427696228027,11.539289474487305,11.701451301574707,11.59115219116211,307951740,0.0,0.0,GOOGL
2007-01-04 00:00:00-05:00,11.736737251281738,12.110860824584961,11.720470428466797,12.09359359741211,11.979598999023438,315188496,0.0,0.0,GOOGL
2007-01-05 00:00:00-05:00,12.074575424194336,12.199700355529785,11.964715003967285,12.19194221496582,12.077021598815918,274609116,0.0,0.0,GOOGL
2007-01-08 00:00:00-05:00,12.20445442199707,12.25900936126709,12.06706714630127,12.101601600646973,11.987533569335938,189985824,0.0,0.0,GOOGL
2007-01-09 00:00:00-05:00,12.148398399353027,12.218467712402344,12.042041778564453,12.149649620056152,12.035125732421875,215040744,0.0,0.0,GOOGL
2007-01-10 00:00:00-05:00,12.122873306274414,12.35110092163086,12.06306266784668,12.248748779296875,12.133293151855469,238501260,0.0,0.0,GOOGL
2007-01-11 00:00:00-05:00,12.442441940307617,12.556305885314941,12.416916847229004,12.505505561828613,12.387629508972168,288039672,0.0,0.0,GOOGL
2007-01-12 00:00:00-05:00,12.562312126159668,12.637638092041016,12.512513160705566,12.637638092041016,12.51851749420166,178769052,0.0,0.0,GOOGL
2007-01-16 00:00:00-05:00,12.701451301574707,12.837838172912598,12.595094680786133,12.619620323181152,12.5006685256958,302453244,0.0,0.0,GOOGL
2007-01-17 00:00:00-05:00,12.597347259521484,12.70695686340332,12.371871948242188,12.444443702697754,12.327142715454102,267696036,0.0,0.0,GOOGL
2007-01-18 00:00:00-05:00,12.375374794006348,12.424424171447754,12.197948455810547,12.207958221435547,12.09288501739502,237042720,0.0,0.0,GOOGL
2007-01-19 00:00:00-05:00,12.211711883544922,12.281281471252441,12.180681228637695,12.256006240844727,12.140480995178223,198932868,0.0,0.0,GOOGL
2007-01-22 00:00:00-05:00,12.324825286865234,12.32857894897461,11.97447395324707,12.03303337097168,11.919610023498535,215955828,0.0,0.0,GOOGL
2007-01-23 00:00:00-05:00,12.031782150268555,12.130881309509277,11.944193840026855,11.988238334655762,11.875235557556152,186433380,0.0,0.0,GOOGL
2007-01-24 00:00:00-05:00,12.123373031616211,12.501001358032227,12.094344139099121,12.489238739013672,12.371515274047852,242129628,0.0,0.0,GOOGL
2007-01-25 00:00:00-05:00,12.537537574768066,12.62512493133545,12.153654098510742,12.21446418762207,12.09933090209961,254485260,0.0,0.0,GOOGL
2007-01-26 00:00:00-05:00,12.28553581237793,12.459959983825684,12.18793773651123,12.408408164978027,12.291446685791016,219640140,0.0,0.0,GOOGL
2007-01-29 00:00:00-05:00,12.462462425231934,12.481230735778809,12.274774551391602,12.324073791503906,12.207907676696777,190836972,0.0,0.0,GOOGL
2007-01-30 00:00:00-05:00,12.362361907958984,12.462462425231934,12.292793273925781,12.370369911193848,12.253767013549805,167052780,0.0,0.0,GOOGL
2007-01-31 00:00:00-05:00,12.424674987792969,12.637638092041016,12.400150299072266,12.550049781799316,12.431751251220703,487755756,0.0,0.0,GOOGL
2007-02-01 00:00:00-05:00,12.662663459777832,12.66291332244873,12.050299644470215,12.055806159973145,11.942166328430176,625721652,0.0,0.0,GOOGL
2007-02-02 00:00:00-05:00,12.077326774597168,12.137137413024902,11.957206726074219,12.04955005645752,11.935969352722168,251208540,0.0,0.0,GOOGL
2007-02-05 00:00:00-05:00,11.949448585510254,11.96196174621582,11.66641616821289,11.690690994262695,11.580493927001953,287987724,0.0,0.0,GOOGL
2007-02-06 00:00:00-05:00,11.714214324951172,11.844344139099121,11.693193435668945,11.798798561096191,11.687583923339844,212663124,0.0,0.0,GOOGL
2007-02-07 00:00:00-05:00,11.857357025146484,11.870620727539062,11.731230735778809,11.762011528015137,11.651143074035645,164627208,0.0,0.0,GOOGL
2007-02-08 00:00:00-05:00,11.712963104248047,11.855606079101562,11.640390396118164,11.787537574768066,11.676427841186523,162904932,0.0,0.0,GOOGL
2007-02-09 00:00:00-05:00,11.80305290222168,11.828828811645508,11.549049377441406,11.558809280395508,11.449856758117676,194149656,0.0,0.0,GOOGL
2007-02-12 00:00:00-05:00,11.528529167175293,11.571320533752441,11.386886596679688,11.468718528747559,11.360613822937012,229949820,0.0,0.0,GOOGL
2007-02-13 00:00:00-05:00,11.490240097045898,11.58108139038086,11.44294261932373,11.488988876342773,11.380692481994629,162341496,0.0,0.0,GOOGL
2007-02-14 00:00:00-05:00,11.51151180267334,11.739990234375,11.491991996765137,11.659910202026367,11.550004005432129,227724048,0.0,0.0,GOOGL
2007-02-15 00:00:00-05:00,11.661662101745605,11.664915084838867,11.529529571533203,11.548297882080078,11.439443588256836,161534304,0.0,0.0,GOOGL
2007-02-16 00:00:00-05:00,11.581582069396973,11.76551628112793,11.56306266784668,11.760259628295898,11.649408340454102,246832920,0.0,0.0,GOOGL
2007-02-20 00:00:00-05:00,11.723472595214844,11.830580711364746,11.629379272460938,11.814313888549805,11.702951431274414,162541296,0.0,0.0,GOOGL
2007-02-21 00:00:00-05:00,11.757758140563965,11.978979110717773,11.705204963684082,11.908408164978027,11.796159744262695,225398376,0.0,0.0,GOOGL
2007-02-22 00:00:00-05:00,11.979228973388672,12.118118286132812,11.871622085571289,11.908158302307129,11.79591178894043,229526244,0.0,0.0,GOOGL
2007-02-23 00:00:00-05:00,11.905655860900879,11.935686111450195,11.706707000732422,11.777276992797852,11.666263580322266,155148696,0.0,0.0,GOOGL
2007-02-26 00:00:00-05:00,11.8325834274292,11.893142700195312,11.605355262756348,11.63488483428955,11.525215148925781,158637204,0.0,0.0,GOOGL
2007-02-27 00:00:00-05:00,11.386385917663574,11.50650691986084,11.19044017791748,11.230480194091797,11.124621391296387,372139488,0.0,0.0,GOOGL
2007-02-28 00:00:00-05:00,11.27152156829834,11.353102684020996,11.08708667755127,11.247496604919434,11.141477584838867,320970708,0.0,0.0,GOOGL
2007-03-01 00:00:00-05:00,11.077828407287598,11.321822166442871,11.011011123657227,11.21696662902832,11.111236572265625,347060592,0.0,0.0,GOOGL
2007-03-02 00:00:00-05:00,11.13888931274414,11.228729248046875,10.977977752685547,10.977977752685547,10.874499320983887,263080656,0.0,0.0,GOOGL
2007-03-05 00:00:00-05:00,10.93643569946289,11.148649215698242,10.935935974121094,11.034785270690918,10.930770874023438,253949796,0.0,0.0,GOOGL
2007-03-06 00:00:00-05:00,11.197948455810547,11.486486434936523,11.195695877075195,11.450200080871582,11.342269897460938,301046652,0.0,0.0,GOOGL
2007-03-07 00:00:00-05:00,11.578828811645508,11.590089797973633,11.368618965148926,11.4024019241333,11.294923782348633,261102636,0.0,0.0,GOOGL
2007-03-08 00:00:00-05:00,11.491991996765137,11.649148941040039,11.363863945007324,11.379379272460938,11.272116661071777,214297488,0.0,0.0,GOOGL
2007-03-09 00:00:00-05:00,11.461461067199707,11.471470832824707,11.263764381408691,11.335334777832031,11.228487968444824,198908892,0.0,0.0,GOOGL
2007-03-12 00:00:00-04:00,11.325575828552246,11.392642974853516,11.28903865814209,11.38012981414795,11.272860527038574,138477384,0.0,0.0,GOOGL
2007-03-13 00:00:00-04:00,11.26401424407959,11.30955982208252,11.081831932067871,11.086836814880371,10.982332229614258,254836908,0.0,0.0,GOOGL
2007-03-14 00:00:00-04:00,11.091841697692871,11.227727890014648,10.98598575592041,11.211211204528809,11.105534553527832,320355324,0.0,0.0,GOOGL
2007-03-15 00:00:00-04:00,11.207708358764648,11.256756782531738,11.109609603881836,11.165916442871094,11.060667991638184,157610232,0.0,0.0,GOOGL
2007-03-16 00:00:00-04:00,11.1524019241333,11.178679466247559,11.008257865905762,11.032281875610352,10.928290367126465,226137636,0.0,0.0,GOOGL
2007-03-19 00:00:00-04:00,11.092342376708984,11.223724365234375,11.026777267456055,11.19194221496582,11.086448669433594,207700092,0.0,0.0,GOOGL
2007-03-20 00:00:00-04:00,11.155905723571777,11.201201438903809,11.10110092163086,11.143142700195312,11.038107872009277,136723140,0.0,0.0,GOOGL
2007-03-21 00:00:00-04:00,11.143644332885742,11.425676345825195,11.141390800476074,11.425174713134766,11.317482948303223,231700068,0.0,0.0,GOOGL
2007-03-22 00:00:00-04:00,11.401652336120605,11.565815925598145,11.324575424194336,11.562562942504883,11.453573226928711,227000772,0.0,0.0,GOOGL
2007-03-23 00:00:00-04:00,11.547798156738281,11.596345901489258,11.438438415527344,11.557307243347168,11.448369026184082,164287548,0.0,0.0,GOOGL
2007-03-26 00:00:00-04:00,11.525275230407715,11.636636734008789,11.401902198791504,11.636636734008789,11.526952743530273,188223588,0.0,0.0,GOOGL
2007-03-27 00:00:00-04:00,11.600350379943848,11.6423921585083,11.52001953125,11.602102279663086,11.492741584777832,149498352,0.0,0.0,GOOGL
2007-03-28 00:00:00-04:00,11.558307647705078,11.647647857666016,11.515265464782715,11.55855941772461,11.44960880279541,183480336,0.0,0.0,GOOGL
2007-03-29 00:00:00-04:00,11.625374794006348,11.661662101745605,11.386385917663574,11.53453540802002,11.425811767578125,159380460,0.0,0.0,GOOGL
2007-03-30 00:00:00-04:00,11.564064025878906,11.596596717834473,11.414915084838867,11.46546459197998,11.357391357421875,135072792,0.0,0.0,GOOGL
2007-04-02 00:00:00-04:00,11.45545482635498,11.474724769592285,11.314313888549805,11.474724769592285,11.366560935974121,137802060,0.0,0.0,GOOGL
2007-04-03 00:00:00-04:00,11.612862586975098,11.868118286132812,11.611612319946289,11.826827049255371,11.715347290039062,259811928,0.0,0.0,GOOGL
2007-04-04 00:00:00-04:00,11.815315246582031,11.836836814880371,11.751251220703125,11.787286758422852,11.676178932189941,151000848,0.0,0.0,GOOGL
2007-04-05 00:00:00-04:00,11.794294357299805,11.814064025878906,11.752251625061035,11.79955005645752,11.688325881958008,108523368,0.0,0.0,GOOGL
2007-04-09 00:00:00-04:00,11.836336135864258,11.836836814880371,11.651400566101074,11.71696662902832,11.606524467468262,122361516,0.0,0.0,GOOGL
2007-04-10 00:00:00-04:00,11.688939094543457,11.781532287597656,11.640641212463379,11.674174308776855,11.56413459777832,119052828,0.0,0.0,GOOGL
2007-04-11 00:00:00-04:00,11.663163185119629,11.746747016906738,11.576827049255371,11.62487506866455,11.515300750732422,152327520,0.0,0.0,GOOGL
2007-04-12 00:00:00-04:00,11.611612319946289,11.711711883544922,11.567567825317383,11.696446418762207,11.58619499206543,108207684,0.0,0.0,GOOGL
2007-04-13 00:00:00-04:00,11.722972869873047,11.73098087310791,11.595596313476562,11.66891860961914,11.558928489685059,111680208,0.0,0.0,GOOGL
2007-04-16 00:00:00-04:00,11.723222732543945,11.936687469482422,11.71546459197998,11.868618965148926,11.756744384765625,202912884,0.0,0.0,GOOGL
2007-04-17 00:00:00-04:00,11.856857299804688,11.921671867370605,11.801801681518555,11.831831932067871,11.720304489135742,128275596,0.0,0.0,GOOGL
2007-04-18 00:00:00-04:00,11.793292999267578,12.009510040283203,11.75,11.912161827087402,11.799877166748047,226593180,0.0,0.0,GOOGL
2007-04-19 00:00:00-04:00,11.874374389648438,12.060811042785645,11.75150203704834,11.80305290222168,11.691798210144043,439943616,0.0,0.0,GOOGL
2007-04-20 00:00:00-04:00,12.275275230407715,12.324825286865234,12.062562942504883,12.074073791503906,11.960264205932617,485973540,0.0,0.0,GOOGL
2007-04-23 00:00:00-04:00,12.014514923095703,12.137137413024902,11.968467712402344,11.988988876342773,11.875981330871582,226757016,0.0,0.0,GOOGL
2007-04-24 00:00:00-04:00,11.977227210998535,12.01151180267334,11.900650978088379,11.950200080871582,11.837557792663574,147640212,0.0,0.0,GOOGL
2007-04-25 00:00:00-04:00,12.012011528015137,12.046296119689941,11.914665222167969,11.961711883544922,11.848960876464844,158513328,0.0,0.0,GOOGL
2007-04-26 00:00:00-04:00,11.96446418762207,12.123373031616211,11.939689636230469,12.041542053222656,11.928038597106934,164831004,0.0,0.0,GOOGL
2007-04-27 00:00:00-04:00,12.013764381408691,12.07207202911377,11.970219612121582,11.987236976623535,11.874244689941406,116910972,0.0,0.0,GOOGL
2007-04-30 00:00:00-04:00,11.990740776062012,12.045796394348145,11.796296119689941,11.796296119689941,11.685104370117188,145502352,0.0,0.0,GOOGL
2007-05-01 00:00:00-04:00,11.816567420959473,11.83208179473877,11.615865707397461,11.736737251281738,11.626107215881348,146181672,0.0,0.0,GOOGL
2007-05-02 00:00:00-04:00,11.727977752685547,11.788788795471191,11.654905319213867,11.656155586242676,11.546283721923828,122385492,0.0,0.0,GOOGL
2007-05-03 00:00:00-04:00,11.667166709899902,11.863614082336426,11.64389419555664,11.8425931930542,11.730964660644531,143624232,0.0,0.0,GOOGL
2007-05-04 00:00:00-04:00,11.764764785766602,11.882883071899414,11.658658981323242,11.789790153503418,11.678659439086914,157842000,0.0,0.0,GOOGL
2007-05-07 00:00:00-04:00,11.815315246582031,11.832331657409668,11.673422813415527,11.693443298339844,11.583222389221191,120683196,0.0,0.0,GOOGL
2007-05-08 00:00:00-04:00,11.664915084838867,11.71596622467041,11.62987995147705,11.68193244934082,11.571819305419922,116087796,0.0,0.0,GOOGL
2007-05-09 00:00:00-04:00,11.665414810180664,11.805054664611816,11.608609199523926,11.742993354797363,11.632304191589355,155440404,0.0,0.0,GOOGL
2007-05-10 00:00:00-04:00,11.687687873840332,11.748998641967773,11.537036895751953,11.548297882080078,11.439443588256836,147304548,0.0,0.0,GOOGL
2007-05-11 00:00:00-04:00,11.557307243347168,11.686687469482422,11.536537170410156,11.680179595947266,11.570082664489746,117646236,0.0,0.0,GOOGL
2007-05-14 00:00:00-04:00,11.648649215698242,11.699448585510254,11.51151180267334,11.556056022644043,11.447129249572754,154753092,0.0,0.0,GOOGL
2007-05-15 00:00:00-04:00,11.560561180114746,11.575075149536133,11.446697235107422,11.461461067199707,11.353424072265625,164595240,0.0,0.0,GOOGL
2007-05-16 00:00:00-04:00,11.561561584472656,11.840339660644531,11.486987113952637,11.82707691192627,11.715595245361328,261905832,0.0,0.0,GOOGL
2007-05-17 00:00:00-04:00,11.823323249816895,11.8923921585083,11.782032012939453,11.785785675048828,11.674694061279297,186237576,0.0,0.0,GOOGL
2007-05-18 00:00:00-04:00,11.812562942504883,11.829328536987305,11.755505561828613,11.769769668579102,11.658827781677246,147688164,0.0,0.0,GOOGL
2007-05-21 00:00:00-04:00,11.75,11.991991996765137,11.679679870605469,11.776777267456055,11.665769577026367,246125628,0.0,0.0,GOOGL
2007-05-22 00:00:00-04:00,11.836836814880371,11.987236976623535,11.836836814880371,11.908408164978027,11.796159744262695,153406440,0.0,0.0,GOOGL
2007-05-23 00:00:00-04:00,12.032532691955566,12.097347259521484,11.855606079101562,11.86111068725586,11.749307632446289,202205592,0.0,0.0,GOOGL
2007-05-24 00:00:00-04:00,11.890641212463379,11.991991996765137,11.799299240112305,11.87012004852295,11.758230209350586,166777056,0.0,0.0,GOOGL
2007-05-25 00:00:00-04:00,12.004505157470703,12.135886192321777,11.943694114685059,12.100099563598633,11.986043930053711,213726060,0.0,0.0,GOOGL
2007-05-29 00:00:00-04:00,12.137137413024902,12.307307243347168,12.112112045288086,12.189940452575684,12.075037002563477,208511280,0.0,0.0,GOOGL
2007-05-30 00:00:00-04:00,12.124625205993652,12.48348331451416,12.08708667755127,12.477477073669434,12.359864234924316,289542168,0.0,0.0,GOOGL
2007-05-31 00:00:00-04:00,12.526527404785156,12.732232093811035,12.438939094543457,12.460209846496582,12.342761039733887,356615028,0.0,0.0,GOOGL
2007-06-01 00:00:00-04:00,12.537537574768066,12.638137817382812,12.460710525512695,12.522522926330566,12.404485702514648,191768040,0.0,0.0,GOOGL
2007-06-04 00:00:00-04:00,12.460209846496582,12.77552604675293,12.452201843261719,12.689438819885254,12.569828033447266,283755960,0.0,0.0,GOOGL
2007-06-05 00:00:00-04:00,12.75650691986084,12.987988471984863,12.67792797088623,12.983983993530273,12.861597061157227,417466116,0.0,0.0,GOOGL
2007-06-06 00:00:00-04:00,12.931681632995605,13.032532691955566,12.894393920898438,12.969219207763672,12.84697151184082,315152532,0.0,0.0,GOOGL
2007-06-07 00:00:00-04:00,13.006756782531738,13.175676345825195,12.825575828552246,12.889389038085938,12.767892837524414,424794780,0.0,0.0,GOOGL
2007-06-08 00:00:00-04:00,12.91791820526123,13.004003524780273,12.749249458312988,12.900150299072266,12.77855396270752,254073672,0.0,0.0,GOOGL
2007-06-11 00:00:00-04:00,12.863363265991211,12.969219207763672,12.762763023376465,12.796296119689941,12.675677299499512,185722092,0.0,0.0,GOOGL
2007-06-12 00:00:00-04:00,12.730480194091797,12.80455493927002,12.591841697692871,12.631881713867188,12.512812614440918,256523220,0.0,0.0,GOOGL
2007-06-13 00:00:00-04:00,12.689940452575684,12.726225852966309,12.479729652404785,12.643644332885742,12.52446460723877,281078640,0.0,0.0,GOOGL
2007-06-14 00:00:00-04:00,12.647147178649902,12.659660339355469,12.555054664611816,12.58358383178711,12.464970588684082,184663152,0.0,0.0,GOOGL
2007-06-15 00:00:00-04:00,12.717467308044434,12.737737655639648,12.543292999267578,12.659910202026367,12.540579795837402,246717036,0.0,0.0,GOOGL
2007-06-18 00:00:00-04:00,12.667166709899902,12.91291332244873,12.618618965148926,12.892892837524414,12.771363258361816,193242564,0.0,0.0,GOOGL
2007-06-19 00:00:00-04:00,12.863113403320312,12.944193840026855,12.801301002502441,12.870620727539062,12.74930191040039,174037788,0.0,0.0,GOOGL
2007-06-20 00:00:00-04:00,12.93693733215332,12.981732368469238,12.739238739013672,12.762011528015137,12.641716003417969,173354472,0.0,0.0,GOOGL
2007-06-21 00:00:00-04:00,12.787286758422852,12.895145416259766,12.669670104980469,12.865615844726562,12.744344711303711,176211612,0.0,0.0,GOOGL
2007-06-22 00:00:00-04:00,12.923422813415527,13.137887954711914,12.915414810180664,13.137638092041016,13.013802528381348,287859852,0.0,0.0,GOOGL
2007-06-25 00:00:00-04:00,13.237737655639648,13.388137817382812,13.0975980758667,13.198698997497559,13.074287414550781,316683000,0.0,0.0,GOOGL
2007-06-26 00:00:00-04:00,13.331582069396973,13.343342781066895,13.169169425964355,13.269769668579102,13.144688606262207,227352420,0.0,0.0,GOOGL
2007-06-27 00:00:00-04:00,13.138137817382812,13.212963104248047,13.002001762390137,13.170419692993164,13.046276092529297,244679076,0.0,0.0,GOOGL
2007-06-28 00:00:00-04:00,13.13513469696045,13.250750541687012,13.108107566833496,13.138387680053711,13.014544486999512,166569264,0.0,0.0,GOOGL
2007-06-29 00:00:00-04:00,13.163663864135742,13.198198318481445,12.999499320983887,13.080580711364746,12.957283020019531,155068776,0.0,0.0,GOOGL
2007-07-02 00:00:00-04:00,13.150400161743164,13.30955982208252,13.118118286132812,13.272772789001465,13.147664070129395,139364496,0.0,0.0,GOOGL
2007-07-03 00:00:00-04:00,13.289790153503418,13.373373031616211,13.200700759887695,13.371871948242188,13.245828628540039,74797128,0.0,0.0,GOOGL
2007-07-05 00:00:00-04:00,13.4024019241333,13.623623847961426,13.31706714630127,13.554304122924805,13.426541328430176,197518284,0.0,0.0,GOOGL
2007-07-06 00:00:00-04:00,13.544795036315918,13.610360145568848,13.481732368469238,13.49849796295166,13.371261596679688,109770120,0.0,0.0,GOOGL
2007-07-09 00:00:00-04:00,13.58858871459961,13.732232093811035,13.52001953125,13.577577590942383,13.44959545135498,149042808,0.0,0.0,GOOGL
2007-07-10 00:00:00-04:00,13.608358383178711,13.688689231872559,13.554804801940918,13.597097396850586,13.468929290771484,154085760,0.0,0.0,GOOGL
2007-07-11 00:00:00-04:00,13.603854179382324,13.676176071166992,13.513764381408691,13.625374794006348,13.496942520141602,132239628,0.0,0.0,GOOGL
2007-07-12 00:00:00-04:00,13.660160064697266,13.696697235107422,13.51901912689209,13.646897315979004,13.518261909484863,137526336,0.0,0.0,GOOGL
2007-07-13 00:00:00-04:00,13.711461067199707,13.830580711364746,13.694945335388184,13.817817687988281,13.687570571899414,209274516,0.0,0.0,GOOGL
2007-07-16 00:00:00-04:00,13.771270751953125,13.97847843170166,13.746496200561523,13.83858871459961,13.708144187927246,263716020,0.0,0.0,GOOGL
2007-07-17 00:00:00-04:00,13.88988971710205,13.957206726074219,13.823323249816895,13.88888931274414,13.757972717285156,172970856,0.0,0.0,GOOGL
2007-07-18 00:00:00-04:00,13.86111068725586,13.876376152038574,13.608859062194824,13.751251220703125,13.621631622314453,242956800,0.0,0.0,GOOGL
2007-07-19 00:00:00-04:00,13.850350379943848,13.851852416992188,13.56956958770752,13.72847843170166,13.59907341003418,444642912,0.0,0.0,GOOGL
2007-07-20 00:00:00-04:00,12.810310363769531,13.0925931930542,12.750249862670898,13.016016006469727,12.893327713012695,710181108,0.0,0.0,GOOGL
2007-07-23 00:00:00-04:00,12.988238334655762,13.013012886047363,12.816567420959473,12.825575828552246,12.704682350158691,254013732,0.0,0.0,GOOGL
2007-07-24 00:00:00-04:00,12.745244979858398,12.980230331420898,12.69044017791748,12.862862586975098,12.741616249084473,222661116,0.0,0.0,GOOGL
2007-07-25 00:00:00-04:00,12.937437057495117,12.938438415527344,12.651652336120605,12.756756782531738,12.63651180267334,221578200,0.0,0.0,GOOGL
2007-07-26 00:00:00-04:00,12.731230735778809,12.827577590942383,12.48448371887207,12.712713241577148,12.592883110046387,275060664,0.0,0.0,GOOGL
2007-07-27 00:00:00-04:00,12.72597599029541,12.928427696228027,12.650150299072266,12.810059547424316,12.689311981201172,220143636,0.0,0.0,GOOGL
2007-07-30 00:00:00-04:00,12.835836410522461,12.996496200561523,12.775275230407715,12.915665626525879,12.793923377990723,158373468,0.0,0.0,GOOGL
2007-07-31 00:00:00-04:00,13.018769264221191,13.02402400970459,12.762763023376465,12.762763023376465,12.642461776733398,170649180,0.0,0.0,GOOGL
2007-08-01 00:00:00-04:00,12.775275230407715,12.925676345825195,12.716216087341309,12.836336135864258,12.71534252166748,176950872,0.0,0.0,GOOGL
2007-08-02 00:00:00-04:00,12.855855941772461,12.887638092041016,12.737737655639648,12.78803825378418,12.667499542236328,126069804,0.0,0.0,GOOGL
2007-08-03 00:00:00-04:00,12.76401424407959,12.842843055725098,12.5875883102417,12.5875883102417,12.468936920166016,126920952,0.0,0.0,GOOGL
2007-08-06 00:00:00-04:00,12.5875883102417,12.76651668548584,12.575075149536133,12.762763023376465,12.642461776733398,145913940,0.0,0.0,GOOGL
2007-08-07 00:00:00-04:00,12.75650691986084,13.010009765625,12.738739013671875,12.913413047790527,12.791691780090332,170401428,0.0,0.0,GOOGL
2007-08-08 00:00:00-04:00,12.996496200561523,13.157657623291016,12.940190315246582,13.157657623291016,13.033634185791016,162589248,0.0,0.0,GOOGL
2007-08-09 00:00:00-04:00,13.03303337097168,13.183684349060059,12.878628730773926,12.881131172180176,12.759713172912598,193666140,0.0,0.0,GOOGL
2007-08-10 00:00:00-04:00,12.767267227172852,12.98098087310791,12.653403282165527,12.906657218933105,12.78499984741211,234772992,0.0,0.0,GOOGL
2007-08-13 00:00:00-04:00,13.00150203704834,13.006756782531738,12.83858871459961,12.900400161743164,12.778800964355469,127044828,0.0,0.0,GOOGL
2007-08-14 00:00:00-04:00,12.905905723571777,12.947948455810547,12.712713241577148,12.727727890014648,12.607755661010742,145202652,0.0,0.0,GOOGL
2007-08-15 00:00:00-04:00,12.737737655639648,12.805054664611816,12.430179595947266,12.451201438903809,12.333836555480957,216163620,0.0,0.0,GOOGL
2007-08-16 00:00:00-04:00,12.312812805175781,12.423172950744629,12.023524284362793,12.300299644470215,12.184357643127441,345478176,0.0,0.0,GOOGL
2007-08-17 00:00:00-04:00,12.448448181152344,12.537537574768066,12.303553581237793,12.513513565063477,12.395561218261719,218956824,0.0,0.0,GOOGL
2007-08-20 00:00:00-04:00,12.574073791503906,12.576577186584473,12.4124116897583,12.46045970916748,12.343008995056152,107784108,0.0,0.0,GOOGL
2007-08-21 00:00:00-04:00,12.48598575592041,12.716716766357422,12.456707000732422,12.67792797088623,12.558426856994629,144279576,0.0,0.0,GOOGL
2007-08-22 00:00:00-04:00,12.761761665344238,12.919169425964355,12.743993759155273,12.831582069396973,12.710631370544434,129977892,0.0,0.0,GOOGL
2007-08-23 00:00:00-04:00,12.91291332244873,12.916166305541992,12.687687873840332,12.817567825317383,12.696748733520508,122944932,0.0,0.0,GOOGL
2007-08-24 00:00:00-04:00,12.828078269958496,12.901652336120605,12.725225448608398,12.887887954711914,12.766407012939453,98809092,0.0,0.0,GOOGL
2007-08-27 00:00:00-04:00,12.873623847961426,12.949198722839355,12.797798156738281,12.844344139099121,12.723274230957031,92910996,0.0,0.0,GOOGL
2007-08-28 00:00:00-04:00,12.801051139831543,12.8873872756958,12.6574068069458,12.672673225402832,12.553220748901367,130825044,0.0,0.0,GOOGL
2007-08-29 00:00:00-04:00,12.708708763122559,12.845344543457031,12.693443298339844,12.834835052490234,12.713854789733887,101870028,0.0,0.0,GOOGL
2007-08-30 00:00:00-04:00,12.821822166442871,12.897897720336914,12.777276992797852,12.797798156738281,12.677167892456055,105961932,0.0,0.0,GOOGL
2007-08-31 00:00:00-04:00,12.840339660644531,12.925424575805664,12.79955005645752,12.894144058227539,12.772603034973145,118984896,0.0,0.0,GOOGL
2007-09-04 00:00:00-04:00,12.888387680053711,13.213212966918945,12.878377914428711,13.141892433166504,13.018017768859863,147600252,0.0,0.0,GOOGL
2007-09-05 00:00:00-04:00,13.098097801208496,13.250249862670898,13.069318771362305,13.208208084106445,13.083706855773926,132383484,0.0,0.0,GOOGL
2007-09-06 00:00:00-04:00,13.247246742248535,13.25900936126709,12.968969345092773,13.10110092163086,12.977608680725098,144890964,0.0,0.0,GOOGL
2007-09-07 00:00:00-04:00,12.95945930480957,13.04404354095459,12.93293285369873,12.996747016906738,12.874239921569824,146397456,0.0,0.0,GOOGL
2007-09-10 00:00:00-04:00,13.045044898986816,13.064814567565918,12.784785270690918,12.87487506866455,12.753515243530273,128902968,0.0,0.0,GOOGL
2007-09-11 00:00:00-04:00,12.937687873840332,13.054304122924805,12.906155586242676,13.046296119689941,12.923321723937988,108035856,0.0,0.0,GOOGL
2007-09-12 00:00:00-04:00,13.026275634765625,13.212713241577148,12.987988471984863,13.079328536987305,12.95604133605957,119320560,0.0,0.0,GOOGL
2007-09-13 00:00:00-04:00,13.114615440368652,13.193443298339844,13.09359359741211,13.132633209228516,13.008845329284668,75568356,0.0,0.0,GOOGL
2007-09-14 00:00:00-04:00,13.093092918395996,13.27001953125,13.06856918334961,13.231982231140137,13.107256889343262,110485404,0.0,0.0,GOOGL
2007-09-17 00:00:00-04:00,13.17642593383789,13.245244979858398,13.11486530303955,13.145646095275879,13.021734237670898,87812100,0.0,0.0,GOOGL
2007-09-18 00:00:00-04:00,13.176176071166992,13.444695472717285,13.11987018585205,13.395145416259766,13.268882751464844,168459372,0.0,0.0,GOOGL
2007-09-19 00:00:00-04:00,13.495244979858398,13.75,13.4849853515625,13.684934616088867,13.555938720703125,220854924,0.0,0.0,GOOGL
2007-09-20 00:00:00-04:00,13.688689231872559,13.933934211730957,13.664414405822754,13.834585189819336,13.704179763793945,220779000,0.0,0.0,GOOGL
2007-09-21 00:00:00-04:00,13.922422409057617,14.033783912658691,13.834585189819336,14.01651668548584,13.884397506713867,320147532,0.0,0.0,GOOGL
2007-09-24 00:00:00-04:00,14.03903865814209,14.300801277160645,14.01401424407959,14.214715003967285,14.080728530883789,211668120,0.0,0.0,GOOGL
2007-09-25 00:00:00-04:00,14.114113807678223,14.253252983093262,14.085585594177246,14.239238739013672,14.105018615722656,109114776,0.0,0.0,GOOGL
2007-09-26 00:00:00-04:00,14.274273872375488,14.309059143066406,14.109358787536621,14.218217849731445,14.084197044372559,133710156,0.0,0.0,GOOGL
2007-09-27 00:00:00-04:00,14.307558059692383,14.307807922363281,14.158658981323242,14.201702117919922,14.06783676147461,82169748,0.0,0.0,GOOGL
2007-09-28 00:00:00-04:00,14.189188957214355,14.253003120422363,14.117116928100586,14.195945739746094,14.062134742736816,105474420,0.0,0.0,GOOGL
2007-10-01 00:00:00-04:00,14.263513565063477,14.623373031616211,14.254505157470703,14.578328132629395,14.44091510772705,188263548,0.0,0.0,GOOGL
2007-10-02 00:00:00-04:00,14.599099159240723,14.935185432434082,14.514764785766602,14.624374389648438,14.486527442932129,282417300,0.0,0.0,GOOGL
2007-10-03 00:00:00-04:00,14.670921325683594,14.73948860168457,14.523524284362793,14.61511516571045,14.477354049682617,155024820,0.0,0.0,GOOGL
2007-10-04 00:00:00-04:00,14.641892433166504,14.641892433166504,14.440940856933594,14.490240097045898,14.353655815124512,119348532,0.0,0.0,GOOGL
2007-10-05 00:00:00-04:00,14.692441940307617,14.914915084838867,14.689940452575684,14.86611557006836,14.725987434387207,202545252,0.0,0.0,GOOGL
2007-10-08 00:00:00-04:00,14.88988971710205,15.271772384643555,14.863614082336426,15.255756378173828,15.111955642700195,200918880,0.0,0.0,GOOGL
2007-10-09 00:00:00-04:00,15.393142700195312,15.61011028289795,15.224974632263184,15.39489459991455,15.249781608581543,350361288,0.0,0.0,GOOGL
2007-10-10 00:00:00-04:00,15.54955005645752,15.657657623291016,15.43543529510498,15.650400161743164,15.502880096435547,215208576,0.0,0.0,GOOGL
2007-10-11 00:00:00-04:00,15.856857299804688,16.051300048828125,15.240240097045898,15.565566062927246,15.418845176696777,471488040,0.0,0.0,GOOGL
2007-10-12 00:00:00-04:00,15.61511516571045,15.97597599029541,15.471470832824707,15.950700759887695,15.800348281860352,272675052,0.0,0.0,GOOGL
2007-10-15 00:00:00-04:00,15.977727890014648,16.01251220703125,15.404153823852539,15.518267631530762,15.371992111206055,277474248,0.0,0.0,GOOGL
2007-10-16 00:00:00-04:00,15.477727890014648,15.663663864135742,15.315065383911133,15.415414810180664,15.270108222961426,240770988,0.0,0.0,GOOGL
2007-10-17 00:00:00-04:00,15.777027130126953,15.865865707397461,15.555304527282715,15.852852821350098,15.703423500061035,240978780,0.0,0.0,GOOGL
2007-10-18 00:00:00-04:00,15.901150703430176,16.05030059814453,15.728227615356445,16.006507873535156,15.855630874633789,491076432,0.0,0.0,GOOGL
2007-10-19 00:00:00-04:00,16.380380630493164,16.478729248046875,16.096847534179688,16.13388442993164,15.981807708740234,630928440,0.0,0.0,GOOGL
2007-10-22 00:00:00-04:00,15.982732772827148,16.39139175415039,15.92292308807373,16.2850341796875,16.131528854370117,266309424,0.0,0.0,GOOGL
2007-10-23 00:00:00-04:00,16.54779815673828,16.95695686340332,16.516517639160156,16.911161422729492,16.75175666809082,271476252,0.0,0.0,GOOGL
2007-10-24 00:00:00-04:00,16.834585189819336,16.953704833984375,16.50550651550293,16.912412643432617,16.75299644470215,295871832,0.0,0.0,GOOGL
2007-10-25 00:00:00-04:00,16.983983993530273,16.991241455078125,16.60535430908203,16.72947883605957,16.571788787841797,231588180,0.0,0.0,GOOGL
2007-10-26 00:00:00-04:00,16.867618560791016,16.930429458618164,16.718217849731445,16.881881713867188,16.722749710083008,134021844,0.0,0.0,GOOGL
2007-10-29 00:00:00-04:00,16.961210250854492,17.017017364501953,16.819068908691406,16.99774742126465,16.837526321411133,122529348,0.0,0.0,GOOGL
2007-10-30 00:00:00-04:00,16.95470428466797,17.5152645111084,16.95470428466797,17.38663673400879,17.222753524780273,275747976,0.0,0.0,GOOGL
2007-10-31 00:00:00-04:00,17.5347843170166,17.69269371032715,17.418418884277344,17.69269371032715,17.525924682617188,274796928,0.0,0.0,GOOGL
2007-11-01 00:00:00-04:00,17.587337493896484,17.86086082458496,17.562061309814453,17.597848892211914,17.43197250366211,260826912,0.0,0.0,GOOGL
2007-11-02 00:00:00-04:00,17.78053092956543,17.857357025146484,17.450950622558594,17.799049377441406,17.631275177001953,233426340,0.0,0.0,GOOGL
2007-11-05 00:00:00-05:00,17.692441940307617,18.274023056030273,17.669418334960938,18.159408569335938,17.988239288330078,354992652,0.0,0.0,GOOGL
2007-11-06 00:00:00-05:00,18.457456588745117,18.563312530517578,18.143142700195312,18.563312530517578,18.388338088989258,337114548,0.0,0.0,GOOGL
2007-11-07 00:00:00-05:00,18.546796798706055,18.69969940185547,18.09659767150879,18.341842651367188,18.168949127197266,330609060,0.0,0.0,GOOGL
2007-11-08 00:00:00-05:00,18.38338279724121,18.390640258789062,16.94644546508789,17.36336326599121,17.199695587158203,659827512,0.0,0.0,GOOGL
2007-11-09 00:00:00-05:00,16.91141128540039,17.064064025878906,16.546796798706055,16.61586570739746,16.459243774414062,455068476,0.0,0.0,GOOGL
2007-11-12 00:00:00-05:00,16.4599609375,16.7650146484375,15.670921325683594,15.817567825317383,15.668472290039062,408682908,0.0,0.0,GOOGL
2007-11-13 00:00:00-05:00,16.14089012145996,16.539539337158203,15.817567825317383,16.5302791595459,16.374465942382812,337478184,0.0,0.0,GOOGL
2007-11-14 00:00:00-05:00,16.848848342895508,16.90415382385254,15.922673225402832,16.05805778503418,15.906695365905762,323464212,0.0,0.0,GOOGL
2007-11-15 00:00:00-05:00,15.980230331420898,16.203704833984375,15.615615844726562,15.757006645202637,15.608480453491211,278429292,0.0,0.0,GOOGL
2007-11-16 00:00:00-05:00,15.864363670349121,15.903153419494629,15.415916442871094,15.856607437133789,15.707143783569336,361350288,0.0,0.0,GOOGL
2007-11-19 00:00:00-05:00,15.755505561828613,15.935185432434082,15.477977752685547,15.661911964416504,15.5142822265625,220874904,0.0,0.0,GOOGL
2007-11-20 00:00:00-05:00,15.92792797088623,16.493993759155273,15.8375883102417,16.2297306060791,16.076749801635742,393230376,0.0,0.0,GOOGL
2007-11-21 00:00:00-05:00,16.11035919189453,16.766016006469727,16.06806755065918,16.529529571533203,16.373720169067383,280259460,0.0,0.0,GOOGL
2007-11-23 00:00:00-05:00,16.766767501831055,16.973974227905273,16.71946907043457,16.93443489074707,16.774810791015625,109438452,0.0,0.0,GOOGL
2007-11-26 00:00:00-05:00,17.022022247314453,17.352352142333984,16.64164161682129,16.666667938232422,16.509565353393555,271332396,0.0,0.0,GOOGL
2007-11-27 00:00:00-05:00,16.886886596679688,16.927677154541016,16.27277374267578,16.85610580444336,16.69721794128418,355823820,0.0,0.0,GOOGL
2007-11-28 00:00:00-05:00,17.069820404052734,17.374874114990234,16.82032012939453,17.323823928833008,17.16053009033203,316343340,0.0,0.0,GOOGL
2007-11-29 00:00:00-05:00,17.286035537719727,17.587337493896484,17.21146011352539,17.442441940307617,17.27802848815918,248071680,0.0,0.0,GOOGL
2007-11-30 00:00:00-05:00,17.79279327392578,17.794294357299805,17.069820404052734,17.342342376708984,17.17887306213379,315504180,0.0,0.0,GOOGL
2007-12-03 00:00:00-05:00,17.292543411254883,17.392391204833984,17.04554557800293,17.05530548095703,16.89454460144043,172830996,0.0,0.0,GOOGL
2007-12-04 00:00:00-05:00,16.9747257232666,17.31731605529785,16.944944381713867,17.12112045288086,16.95973777770996,169102728,0.0,0.0,GOOGL
2007-12-05 00:00:00-05:00,17.335586547851562,17.490741729736328,17.20470428466797,17.4802303314209,17.31546401977539,168215616,0.0,0.0,GOOGL
2007-12-06 00:00:00-05:00,17.462461471557617,17.93193244934082,17.44269371032715,17.899398803710938,17.730680465698242,196163640,0.0,0.0,GOOGL
2007-12-07 00:00:00-05:00,17.892642974853516,17.967967987060547,17.7802791595459,17.88964080810547,17.721012115478516,153929916,0.0,0.0,GOOGL
2007-12-10 00:00:00-05:00,17.917667388916016,18.138137817382812,17.867868423461914,17.978477478027344,17.80901527404785,154093752,0.0,0.0,GOOGL
2007-12-11 00:00:00-05:00,18.016517639160156,18.04279327392578,17.48698616027832,17.49749755859375,17.332565307617188,245318436,0.0,0.0,GOOGL
2007-12-12 00:00:00-05:00,17.867868423461914,17.87587547302246,17.2297306060791,17.501251220703125,17.336284637451172,246117636,0.0,0.0,GOOGL
2007-12-13 00:00:00-05:00,17.425174713134766,17.457958221435547,17.04729652404785,17.368619918823242,17.20490074157715,201430368,0.0,0.0,GOOGL
2007-12-14 00:00:00-05:00,17.204954147338867,17.510009765625,17.198699951171875,17.266265869140625,17.103513717651367,146793060,0.0,0.0,GOOGL
2007-12-17 00:00:00-05:00,17.21721649169922,17.402902603149414,16.60835838317871,16.74749755859375,16.58963394165039,219220560,0.0,0.0,GOOGL
2007-12-18 00:00:00-05:00,16.87087059020996,16.93468475341797,16.328828811645508,16.850601196289062,16.691768646240234,286381332,0.0,0.0,GOOGL
2007-12-19 00:00:00-05:00,16.872121810913086,17.004505157470703,16.741741180419922,16.951200485229492,16.791419982910156,176667156,0.0,0.0,GOOGL
2007-12-20 00:00:00-05:00,17.162912368774414,17.29229164123535,17.03228187561035,17.259510040283203,17.096820831298828,176711112,0.0,0.0,GOOGL
2007-12-21 00:00:00-05:00,17.46446418762207,17.498998641967773,17.34834861755371,17.43468475341797,17.270347595214844,215064720,0.0,0.0,GOOGL
2007-12-24 00:00:00-05:00,17.392141342163086,17.535785675048828,17.343843460083008,17.535785675048828,17.370492935180664,65070864,0.0,0.0,GOOGL
2007-12-26 00:00:00-05:00,17.49224281311035,17.84834861755371,17.47272300720215,17.788789749145508,17.621110916137695,101098800,0.0,0.0,GOOGL
2007-12-27 00:00:00-05:00,17.69444465637207,17.917917251586914,17.536035537719727,17.536035537719727,17.37074089050293,117582300,0.0,0.0,GOOGL
2007-12-28 00:00:00-05:00,17.64089012145996,17.716466903686523,17.430931091308594,17.58083152770996,17.41511344909668,102405492,0.0,0.0,GOOGL
2007-12-31 00:00:00-05:00,17.481731414794922,17.579830169677734,17.281782150268555,17.304304122924805,17.141193389892578,94952952,0.0,0.0,GOOGL
2008-01-02 00:00:00-05:00,17.339088439941406,17.451702117919922,16.9602108001709,17.146896362304688,16.98526954650879,172103724,0.0,0.0,GOOGL
2008-01-03 00:00:00-05:00,17.148649215698242,17.188438415527344,16.929929733276367,17.150400161743164,16.988740921020508,129969900,0.0,0.0,GOOGL
2008-01-04 00:00:00-05:00,17.009258270263672,17.041040420532227,16.39139175415039,16.44144058227539,16.28646469116211,214177608,0.0,0.0,GOOGL
2008-01-07 00:00:00-05:00,16.364864349365234,16.57357406616211,15.949700355529785,16.24749755859375,16.09434700012207,255879864,0.0,0.0,GOOGL
2008-01-08 00:00:00-05:00,16.341341018676758,16.51551628112793,15.790790557861328,15.807807922363281,15.65880298614502,213350436,0.0,0.0,GOOGL
2008-01-09 00:00:00-05:00,15.766766548156738,16.349849700927734,15.578328132629395,16.346345901489258,16.192264556884766,269318412,0.0,0.0,GOOGL
2008-01-10 00:00:00-05:00,16.14139175415039,16.44644546508789,16.018768310546875,16.18443489074707,16.031879425048828,253114632,0.0,0.0,GOOGL
2008-01-11 00:00:00-05:00,16.08358383178711,16.253002166748047,15.768519401550293,15.972222328186035,15.82166862487793,198880920,0.0,0.0,GOOGL
2008-01-14 00:00:00-05:00,16.2947940826416,16.45145034790039,16.147396087646484,16.361862182617188,16.2076358795166,177722100,0.0,0.0,GOOGL
2008-01-15 00:00:00-05:00,16.163663864135742,16.24249267578125,15.900400161743164,15.957206726074219,15.806794166564941,222505272,0.0,0.0,GOOGL
2008-01-16 00:00:00-05:00,15.739990234375,16.015766143798828,15.063312530517578,15.414163589477539,15.268868446350098,421977600,0.0,0.0,GOOGL
2008-01-17 00:00:00-05:00,15.53453540802002,15.659158706665039,14.965214729309082,15.034785270690918,14.893068313598633,328343328,0.0,0.0,GOOGL
2008-01-18 00:00:00-05:00,15.224224090576172,15.2650146484375,14.976225852966309,15.021270751953125,14.879680633544922,341242416,0.0,0.0,GOOGL
2008-01-22 00:00:00-05:00,14.064814567565918,14.952451705932617,14.04404354095459,14.623373031616211,14.485533714294434,379679940,0.0,0.0,GOOGL
2008-01-23 00:00:00-05:00,14.031782150268555,14.214214324951172,12.987988471984863,13.729228973388672,13.599817276000977,677949372,0.0,0.0,GOOGL
2008-01-24 00:00:00-05:00,13.983983993530273,14.506756782531738,13.867366790771484,14.376626968383789,14.24111270904541,375659964,0.0,0.0,GOOGL
2008-01-25 00:00:00-05:00,14.810059547424316,14.88988971710205,14.168668746948242,14.174174308776855,14.040568351745605,278361360,0.0,0.0,GOOGL
2008-01-28 00:00:00-05:00,14.288538932800293,14.320320129394531,13.728729248046875,13.913413047790527,13.782265663146973,232435332,0.0,0.0,GOOGL
2008-01-29 00:00:00-05:00,14.025775909423828,14.047296524047852,13.530280113220215,13.776777267456055,13.646917343139648,251068680,0.0,0.0,GOOGL
2008-01-30 00:00:00-05:00,13.74349308013916,14.024774551391602,13.601350784301758,13.720470428466797,13.591140747070312,317266416,0.0,0.0,GOOGL
2008-01-31 00:00:00-05:00,13.488739013671875,14.339339256286621,13.370620727539062,14.121622085571289,13.988512992858887,594257148,0.0,0.0,GOOGL
2008-02-01 00:00:00-05:00,13.22998046875,13.430179595947266,12.762763023376465,12.910409927368164,12.788716316223145,703315980,0.0,0.0,GOOGL
2008-02-04 00:00:00-05:00,12.73948860168457,12.832331657409668,12.326075553894043,12.398147583007812,12.281282424926758,525757716,0.0,0.0,GOOGL
2008-02-05 00:00:00-05:00,12.247998237609863,12.737737655639648,12.225225448608398,12.682682991027832,12.56313705444336,447683868,0.0,0.0,GOOGL
2008-02-06 00:00:00-05:00,12.791291236877441,12.792041778564453,12.460710525512695,12.555304527282715,12.436959266662598,305150544,0.0,0.0,GOOGL
2008-02-07 00:00:00-05:00,12.433934211730957,12.8676176071167,12.381381034851074,12.636385917663574,12.517273902893066,316838844,0.0,0.0,GOOGL
2008-02-08 00:00:00-05:00,12.747998237609863,12.956206321716309,12.730230331420898,12.930179595947266,12.808298110961914,272882844,0.0,0.0,GOOGL
2008-02-11 00:00:00-05:00,13.026025772094727,13.105855941772461,12.847847938537598,13.042041778564453,12.919107437133789,232806960,0.0,0.0,GOOGL
2008-02-12 00:00:00-05:00,13.097847938537598,13.278278350830078,12.83858871459961,12.965214729309082,12.843005180358887,266225508,0.0,0.0,GOOGL
2008-02-13 00:00:00-05:00,13.075575828552246,13.388137817382812,12.980230331420898,13.378878593444824,13.252768516540527,264723012,0.0,0.0,GOOGL
2008-02-14 00:00:00-05:00,13.472222328186035,13.53954029083252,13.288288116455078,13.31956958770752,13.19402027130127,258808932,0.0,0.0,GOOGL
2008-02-15 00:00:00-05:00,13.22097110748291,13.329830169677734,13.121371269226074,13.254254341125488,13.12932014465332,209394396,0.0,0.0,GOOGL
2008-02-19 00:00:00-05:00,13.386886596679688,13.38988971710205,12.675174713134766,12.736486434936523,12.616432189941406,253761984,0.0,0.0,GOOGL
2008-02-20 00:00:00-05:00,12.600350379943848,12.78803825378418,12.482982635498047,12.737737655639648,12.617670059204102,266221512,0.0,0.0,GOOGL
2008-02-21 00:00:00-05:00,12.834083557128906,12.843092918395996,12.5,12.584083557128906,12.465466499328613,226884888,0.0,0.0,GOOGL
2008-02-22 00:00:00-05:00,12.564064025878906,12.737737655639648,12.451201438903809,12.707708358764648,12.58792495727539,220415364,0.0,0.0,GOOGL
2008-02-25 00:00:00-05:00,12.66141128540039,12.675174713134766,12.155655860900879,12.173172950744629,12.058428764343262,334577088,0.0,0.0,GOOGL
2008-02-26 00:00:00-05:00,11.541542053222656,11.673422813415527,11.182432174682617,11.616366386413574,11.506872177124023,930560508,0.0,0.0,GOOGL
2008-02-27 00:00:00-05:00,11.514764785766602,11.899148941040039,11.502503395080566,11.833333015441895,11.72179126739502,404471124,0.0,0.0,GOOGL
2008-02-28 00:00:00-05:00,11.774273872375488,11.989238739013672,11.695695877075195,11.896647453308105,11.78451156616211,263212524,0.0,0.0,GOOGL
2008-02-29 00:00:00-05:00,11.80855941772461,12.005505561828613,11.627878189086914,11.791291236877441,11.680147171020508,376638984,0.0,0.0,GOOGL
2008-03-03 00:00:00-05:00,11.79955005645752,11.829830169677734,11.26401424407959,11.43693733215332,11.329133033752441,301877820,0.0,0.0,GOOGL
2008-03-04 00:00:00-05:00,11.285035133361816,11.345344543457031,10.905405044555664,11.126126289367676,11.02125072479248,544323132,0.0,0.0,GOOGL
2008-03-05 00:00:00-05:00,11.1423921585083,11.365615844726562,11.11111068725586,11.203703880310059,11.098097801208496,297166536,0.0,0.0,GOOGL
2008-03-06 00:00:00-05:00,11.203453063964844,11.343844413757324,10.790289878845215,10.828328132629395,10.7262601852417,298505196,0.0,0.0,GOOGL
2008-03-07 00:00:00-05:00,10.732732772827148,11.011011123657227,10.666666984558105,10.844594955444336,10.742372512817383,322549128,0.0,0.0,GOOGL
2008-03-10 00:00:00-04:00,10.731480598449707,10.785785675048828,10.336336135864258,10.350851058959961,10.253284454345703,319184496,0.0,0.0,GOOGL
2008-03-11 00:00:00-04:00,10.642142295837402,11.014764785766602,10.626876831054688,11.007006645202637,10.903254508972168,352722924,0.0,0.0,GOOGL
2008-03-12 00:00:00-04:00,11.011260986328125,11.208208084106445,10.962713241577148,11.01551628112793,10.911684036254883,265809924,0.0,0.0,GOOGL
2008-03-13 00:00:00-04:00,10.827577590942383,11.185686111450195,10.730230331420898,11.086336135864258,10.981836318969727,308754936,0.0,0.0,GOOGL
2008-03-14 00:00:00-04:00,11.085585594177246,11.244745254516602,10.776275634765625,10.958958625793457,10.855659484863281,262713024,0.0,0.0,GOOGL
2008-03-17 00:00:00-04:00,10.71045970916748,10.853604316711426,10.31306266784668,10.507257461547852,10.40821647644043,315212472,0.0,0.0,GOOGL
2008-03-18 00:00:00-04:00,10.735235214233398,11.032032012939453,10.64889907836914,10.989990234375,10.886399269104004,289198512,0.0,0.0,GOOGL
2008-03-19 00:00:00-04:00,11.038788795471191,11.198698997497559,10.802553176879883,10.810811042785645,10.708909034729004,246912840,0.0,0.0,GOOGL
2008-03-20 00:00:00-04:00,10.693694114685059,10.903403282165527,10.447948455810547,10.849599838256836,10.747332572937012,396139464,0.0,0.0,GOOGL
2008-03-24 00:00:00-04:00,10.971721649169922,11.656155586242676,10.953953742980957,11.52552604675293,11.416886329650879,270269460,0.0,0.0,GOOGL
2008-03-25 00:00:00-04:00,11.447948455810547,11.448198318481445,11.161161422729492,11.280780792236328,11.174448013305664,233030736,0.0,0.0,GOOGL
2008-03-26 00:00:00-04:00,11.326075553894043,11.583333015441895,11.24349308013916,11.466216087341309,11.358133316040039,208818972,0.0,0.0,GOOGL
2008-03-27 00:00:00-04:00,11.161161422729492,11.226475715637207,11.023273468017578,11.113113403320312,11.008360862731934,233054712,0.0,0.0,GOOGL
2008-03-28 00:00:00-04:00,11.197697639465332,11.350601196289062,10.868618965148926,10.962963104248047,10.859624862670898,174872952,0.0,0.0,GOOGL
2008-03-31 00:00:00-04:00,10.901902198791504,11.078328132629395,10.811060905456543,11.022772789001465,10.91887092590332,177678144,0.0,0.0,GOOGL
2008-04-01 00:00:00-04:00,11.204705238342285,11.674174308776855,11.18293285369873,11.654403686523438,11.544548988342285,243480276,0.0,0.0,GOOGL
2008-04-02 00:00:00-04:00,11.759259223937988,11.905405044555664,11.521270751953125,11.654153823852539,11.544302940368652,239720040,0.0,0.0,GOOGL
2008-04-03 00:00:00-04:00,11.554804801940918,11.593844413757324,11.21446418762207,11.389389038085938,11.282032012939453,270864864,0.0,0.0,GOOGL
2008-04-04 00:00:00-04:00,11.436687469482422,11.957708358764648,11.41641616821289,11.78903865814209,11.6779146194458,235652112,0.0,0.0,GOOGL
2008-04-07 00:00:00-04:00,11.937687873840332,12.148147583007812,11.850099563598633,11.932432174682617,11.81995677947998,237502260,0.0,0.0,GOOGL
2008-04-08 00:00:00-04:00,11.837838172912598,11.865365028381348,11.561812400817871,11.70695686340332,11.596607208251953,181698120,0.0,0.0,GOOGL
2008-04-09 00:00:00-04:00,11.739990234375,11.811812400817871,11.449950218200684,11.616366386413574,11.506872177124023,241682076,0.0,0.0,GOOGL
2008-04-10 00:00:00-04:00,11.635636329650879,11.858358383178711,11.557807922363281,11.738739013671875,11.628089904785156,202693104,0.0,0.0,GOOGL
2008-04-11 00:00:00-04:00,11.613363265991211,11.693193435668945,11.386636734008789,11.447697639465332,11.339794158935547,166621212,0.0,0.0,GOOGL
2008-04-14 00:00:00-04:00,11.44044017791748,11.447697639465332,11.2650146484375,11.302803039550781,11.196263313293457,153550296,0.0,0.0,GOOGL
2008-04-15 00:00:00-04:00,11.464715003967285,11.504505157470703,11.104104042053223,11.182182312011719,11.07677936553955,182920896,0.0,0.0,GOOGL
2008-04-16 00:00:00-04:00,11.121121406555176,11.468467712402344,11.036035537719727,11.387137413024902,11.279802322387695,304922772,0.0,0.0,GOOGL
2008-04-17 00:00:00-04:00,11.402152061462402,11.495745658874512,11.174174308776855,11.249750137329102,11.143710136413574,533585880,0.0,0.0,GOOGL
2008-04-18 00:00:00-04:00,13.393644332885742,13.706206321716309,13.1323823928833,13.498748779296875,13.37151050567627,728694576,0.0,0.0,GOOGL
2008-04-21 00:00:00-04:00,13.498248100280762,13.578328132629395,13.27052116394043,13.458208084106445,13.331351280212402,297290412,0.0,0.0,GOOGL
2008-04-22 00:00:00-04:00,13.452703475952148,14.034785270690918,13.452451705932617,13.88888931274414,13.757972717285156,317222460,0.0,0.0,GOOGL
2008-04-23 00:00:00-04:00,13.962462425231934,13.996747016906738,13.537286758422852,13.675926208496094,13.547018051147461,196663140,0.0,0.0,GOOGL
2008-04-24 00:00:00-04:00,13.796046257019043,13.876126289367676,13.51401424407959,13.589590072631836,13.461495399475098,165238596,0.0,0.0,GOOGL
2008-04-25 00:00:00-04:00,13.739238739013672,13.838838577270508,13.581831932067871,13.61511516571045,13.48677921295166,166409424,0.0,0.0,GOOGL
2008-04-28 00:00:00-04:00,13.660660743713379,13.934184074401855,13.48848819732666,13.816817283630371,13.686579704284668,160183656,0.0,0.0,GOOGL
2008-04-29 00:00:00-04:00,13.78453540802002,14.099099159240723,13.76401424407959,13.975726127624512,13.84399127960205,173666160,0.0,0.0,GOOGL
2008-04-30 00:00:00-04:00,14.069318771362305,14.636136054992676,13.975726127624512,14.371622085571289,14.236156463623047,315803880,0.0,0.0,GOOGL
2008-05-01 00:00:00-04:00,14.472222328186035,14.888137817382812,14.438689231872559,14.841841697692871,14.701943397521973,263847888,0.0,0.0,GOOGL
2008-05-02 00:00:00-04:00,14.977227210998535,15.076326370239258,14.496996879577637,14.546796798706055,14.40967845916748,279672048,0.0,0.0,GOOGL
2008-05-05 00:00:00-04:00,14.986486434936523,14.989990234375,14.69294261932373,14.8873872756958,14.747058868408203,250988760,0.0,0.0,GOOGL
2008-05-06 00:00:00-04:00,14.789790153503418,14.814814567565918,14.589590072631836,14.673673629760742,14.535360336303711,184986828,0.0,0.0,GOOGL
2008-05-07 00:00:00-04:00,14.77152156829834,15.002251625061035,14.425174713134766,14.48948860168457,14.352910041809082,264255480,0.0,0.0,GOOGL
2008-05-08 00:00:00-04:00,14.669670104980469,14.747246742248535,14.487236976623535,14.589839935302734,14.452316284179688,204711084,0.0,0.0,GOOGL
2008-05-09 00:00:00-04:00,14.48948860168457,14.639639854431152,14.296796798706055,14.344344139099121,14.20913314819336,179216604,0.0,0.0,GOOGL
2008-05-12 00:00:00-04:00,14.383132934570312,14.683432579040527,14.236987113952637,14.638137817382812,14.50015926361084,194361444,0.0,0.0,GOOGL
2008-05-13 00:00:00-04:00,14.670419692993164,14.713462829589844,14.478227615356445,14.589590072631836,14.452067375183105,206333460,0.0,0.0,GOOGL
2008-05-14 00:00:00-04:00,14.676926612854004,14.79454517364502,14.395646095275879,14.421921730041504,14.285981178283691,174856968,0.0,0.0,GOOGL
2008-05-15 00:00:00-04:00,14.48948860168457,14.588337898254395,14.404655456542969,14.53954029083252,14.402491569519043,173534292,0.0,0.0,GOOGL
2008-05-16 00:00:00-04:00,14.550299644470215,14.631631851196289,14.472472190856934,14.516265869140625,14.379434585571289,170793036,0.0,0.0,GOOGL
2008-05-19 00:00:00-04:00,14.478227615356445,14.736737251281738,14.352352142333984,14.452451705932617,14.316224098205566,223955820,0.0,0.0,GOOGL
2008-05-20 00:00:00-04:00,14.38012981414795,14.576577186584473,14.33708667755127,14.47947883605957,14.342995643615723,132411456,0.0,0.0,GOOGL
2008-05-21 00:00:00-04:00,14.477477073669434,14.549799919128418,13.71096134185791,13.763513565063477,13.63377857208252,258465276,0.0,0.0,GOOGL
2008-05-22 00:00:00-04:00,13.812562942504883,13.869118690490723,13.519769668579102,13.750249862670898,13.620641708374023,202848948,0.0,0.0,GOOGL
2008-05-23 00:00:00-04:00,13.687687873840332,13.838838577270508,13.458708763122559,13.629129409790039,13.500661849975586,177082740,0.0,0.0,GOOGL
2008-05-27 00:00:00-04:00,13.637638092041016,14.079078674316406,13.60986042022705,14.036537170410156,13.904228210449219,154465380,0.0,0.0,GOOGL
2008-05-28 00:00:00-04:00,14.212713241577148,14.301551818847656,14.041542053222656,14.220219612121582,14.08617877960205,161853984,0.0,0.0,GOOGL
2008-05-29 00:00:00-04:00,14.384134292602539,14.661662101745605,14.344344139099121,14.589590072631836,14.452067375183105,193606200,0.0,0.0,GOOGL
2008-05-30 00:00:00-04:00,14.601350784301758,14.762763023376465,14.547046661376953,14.659660339355469,14.521478652954102,128878992,0.0,0.0,GOOGL
2008-06-02 00:00:00-04:00,14.57707691192627,14.611862182617188,14.296046257019043,14.389389038085938,14.253755569458008,146821032,0.0,0.0,GOOGL
2008-06-03 00:00:00-04:00,14.426926612854004,14.527027130126953,14.029278755187988,14.196697235107422,14.06287956237793,172039788,0.0,0.0,GOOGL
2008-06-04 00:00:00-04:00,14.1473970413208,14.46446418762207,14.127878189086914,14.319820404052734,14.18484115600586,134393472,0.0,0.0,GOOGL
2008-06-05 00:00:00-04:00,14.44144058227539,14.715716361999512,14.419670104980469,14.672171592712402,14.533870697021484,156511332,0.0,0.0,GOOGL
2008-06-06 00:00:00-04:00,14.508257865905762,14.532532691955566,14.189188957214355,14.189188957214355,14.055440902709961,189190620,0.0,0.0,GOOGL
2008-06-09 00:00:00-04:00,14.215716361999512,14.264264106750488,13.648649215698242,13.960710525512695,13.829115867614746,211320468,0.0,0.0,GOOGL
2008-06-10 00:00:00-04:00,13.752753257751465,13.98448371887207,13.683182716369629,13.868118286132812,13.737398147583008,146149704,0.0,0.0,GOOGL
2008-06-11 00:00:00-04:00,13.919919967651367,13.947446823120117,13.62512493133545,13.643644332885742,13.515039443969727,152363484,0.0,0.0,GOOGL
2008-06-12 00:00:00-04:00,13.732732772827148,13.963964462280273,13.685686111450195,13.8375883102417,13.707154273986816,219444336,0.0,0.0,GOOGL
2008-06-13 00:00:00-04:00,14.051301002502441,14.406907081604004,14.047548294067383,14.302051544189453,14.167240142822266,247128624,0.0,0.0,GOOGL
2008-06-16 00:00:00-04:00,14.176676750183105,14.491991996765137,14.176676750183105,14.334585189819336,14.199466705322266,141570288,0.0,0.0,GOOGL
2008-06-17 00:00:00-04:00,14.423172950744629,14.466216087341309,14.223724365234375,14.250750541687012,14.116423606872559,138377484,0.0,0.0,GOOGL
2008-06-18 00:00:00-04:00,14.126876831054688,14.238988876342773,13.992993354797363,14.07357406616211,13.940917015075684,135112752,0.0,0.0,GOOGL
2008-06-19 00:00:00-04:00,13.897647857666016,14.108609199523926,13.78403377532959,14.01901912689209,13.88687515258789,227096676,0.0,0.0,GOOGL
2008-06-20 00:00:00-04:00,13.938438415527344,13.938438415527344,13.626376152038574,13.674424171447754,13.54552936553955,239084676,0.0,0.0,GOOGL
2008-06-23 00:00:00-04:00,13.647647857666016,13.8425931930542,13.564064025878906,13.64389419555664,13.51528549194336,145290564,0.0,0.0,GOOGL
2008-06-24 00:00:00-04:00,13.642142295837402,13.793543815612793,13.390891075134277,13.571070671081543,13.443150520324707,186717096,0.0,0.0,GOOGL
2008-06-25 00:00:00-04:00,13.637887954711914,13.958958625793457,13.605355262756348,13.788788795471191,13.65881633758545,164723112,0.0,0.0,GOOGL
2008-06-26 00:00:00-04:00,13.61611557006836,13.636886596679688,13.219719886779785,13.233734130859375,13.108992576599121,226153620,0.0,0.0,GOOGL
2008-06-27 00:00:00-04:00,13.205204963684082,13.263262748718262,12.89013957977295,13.214964866638184,13.090400695800781,217682100,0.0,0.0,GOOGL
2008-06-30 00:00:00-04:00,13.325075149536133,13.463462829589844,13.089590072631836,13.173673629760742,13.04949951171875,150461388,0.0,0.0,GOOGL
2008-07-01 00:00:00-04:00,13.002503395080566,13.43143081665039,12.93793773651123,13.381631851196289,13.25549602508545,198197604,0.0,0.0,GOOGL
2008-07-02 00:00:00-04:00,13.426176071166992,13.523022651672363,13.164665222167969,13.189188957214355,13.064866065979004,168751080,0.0,0.0,GOOGL
2008-07-03 00:00:00-04:00,13.285284996032715,13.494243621826172,13.200700759887695,13.438438415527344,13.311766624450684,95923980,0.0,0.0,GOOGL
2008-07-07 00:00:00-04:00,13.571070671081543,13.738739013671875,13.403403282165527,13.611360549926758,13.48305892944336,170037792,0.0,0.0,GOOGL
2008-07-08 00:00:00-04:00,13.663413047790527,13.893644332885742,13.513513565063477,13.877126693725586,13.746319770812988,197098704,0.0,0.0,GOOGL
2008-07-09 00:00:00-04:00,13.782782554626465,13.905905723571777,13.531782150268555,13.552302360534668,13.42455768585205,165993840,0.0,0.0,GOOGL
2008-07-10 00:00:00-04:00,13.638639450073242,13.751251220703125,13.281281471252441,13.527777671813965,13.400266647338867,173094732,0.0,0.0,GOOGL
2008-07-11 00:00:00-04:00,13.425926208496094,13.501001358032227,12.998748779296875,13.358358383178711,13.232444763183594,199056744,0.0,0.0,GOOGL
2008-07-14 00:00:00-04:00,13.48848819732666,13.5150146484375,12.899148941040039,13.053553581237793,12.930510520935059,176815008,0.0,0.0,GOOGL
2008-07-15 00:00:00-04:00,12.919919967651367,13.200700759887695,12.540040016174316,12.915164947509766,12.793425559997559,242597160,0.0,0.0,GOOGL
2008-07-16 00:00:00-04:00,12.863863945007324,13.425926208496094,12.777777671813965,13.403403282165527,13.277063369750977,189498312,0.0,0.0,GOOGL
2008-07-17 00:00:00-04:00,13.367366790771484,13.439689636230469,13.125625610351562,13.349349021911621,13.223517417907715,351144504,0.0,0.0,GOOGL
2008-07-18 00:00:00-04:00,12.471220970153809,12.486987113952637,11.966716766357422,12.045044898986816,11.931507110595703,451244304,0.0,0.0,GOOGL
2008-07-21 00:00:00-04:00,12.03403377532959,12.114363670349121,11.654153823852539,11.731732368469238,11.621149063110352,235823940,0.0,0.0,GOOGL
2008-07-22 00:00:00-04:00,11.679679870605469,12.018267631530762,11.651652336120605,11.939689636230469,11.827146530151367,187472340,0.0,0.0,GOOGL
2008-07-23 00:00:00-04:00,12.052302360534668,12.443193435668945,11.96446418762207,12.242742538452148,12.127342224121094,195568236,0.0,0.0,GOOGL
2008-07-24 00:00:00-04:00,12.429929733276367,12.434184074401855,11.9024019241333,11.9024019241333,11.790209770202637,141494364,0.0,0.0,GOOGL
2008-07-25 00:00:00-04:00,12.174424171447754,12.340591430664062,12.04955005645752,12.311812400817871,12.195759773254395,127212660,0.0,0.0,GOOGL
2008-07-28 00:00:00-04:00,12.31456470489502,12.31456470489502,11.89013957977295,11.939940452575684,11.827393531799316,126273600,0.0,0.0,GOOGL
2008-07-29 00:00:00-04:00,11.994494438171387,12.193694114685059,11.96196174621582,12.089839935302734,11.97588062286377,111999888,0.0,0.0,GOOGL
2008-07-30 00:00:00-04:00,12.149649620056152,12.162663459777832,11.83208179473877,12.079580307006836,11.965718269348145,139488372,0.0,0.0,GOOGL
2008-07-31 00:00:00-04:00,11.875876426696777,12.034283638000488,11.797798156738281,11.855606079101562,11.743855476379395,114489396,0.0,0.0,GOOGL
2008-08-01 00:00:00-04:00,11.824575424194336,11.842342376708984,11.574073791503906,11.708208084106445,11.597846984863281,120195684,0.0,0.0,GOOGL
2008-08-04 00:00:00-04:00,11.714715003967285,11.83708667755127,11.559059143066406,11.586586952209473,11.477370262145996,99380520,0.0,0.0,GOOGL
2008-08-05 00:00:00-04:00,11.701451301574707,12.01401424407959,11.669919967651367,12.008257865905762,11.895069122314453,143236620,0.0,0.0,GOOGL
2008-08-06 00:00:00-04:00,11.971220970153809,12.25650691986084,11.824575424194336,12.170671463012695,12.055951118469238,134896968,0.0,0.0,GOOGL
2008-08-07 00:00:00-04:00,12.06206226348877,12.112112045288086,11.922171592712402,11.989990234375,11.876972198486328,110841048,0.0,0.0,GOOGL
2008-08-08 00:00:00-04:00,12.015766143798828,12.406155586242676,11.904153823852539,12.387638092041016,12.270872116088867,149422428,0.0,0.0,GOOGL
2008-08-11 00:00:00-04:00,12.324073791503906,12.734734535217285,12.306806564331055,12.533534049987793,12.41539478302002,169402428,0.0,0.0,GOOGL
2008-08-12 00:00:00-04:00,12.562562942504883,12.665916442871094,12.462462425231934,12.577828407287598,12.459269523620605,110117772,0.0,0.0,GOOGL
2008-08-13 00:00:00-04:00,12.552553176879883,12.60110092163086,12.359358787536621,12.513262748718262,12.39531135559082,144874980,0.0,0.0,GOOGL
2008-08-14 00:00:00-04:00,12.454955101013184,12.702953338623047,12.419670104980469,12.649900436401367,12.530661582946777,116627256,0.0,0.0,GOOGL
2008-08-15 00:00:00-04:00,12.687437057495117,12.779278755187988,12.650150299072266,12.76651668548584,12.64617919921875,141686172,0.0,0.0,GOOGL
2008-08-18 00:00:00-04:00,12.758758544921875,12.762763023376465,12.400150299072266,12.469969749450684,12.35242748260498,133222644,0.0,0.0,GOOGL
2008-08-19 00:00:00-04:00,12.273022651672363,12.46946907043457,12.17792797088623,12.274774551391602,12.159071922302246,121738140,0.0,0.0,GOOGL
2008-08-20 00:00:00-04:00,12.380379676818848,12.429679870605469,12.076326370239258,12.137137413024902,12.022733688354492,159124716,0.0,0.0,GOOGL
2008-08-21 00:00:00-04:00,12.085084915161133,12.259759902954102,11.993743896484375,12.175424575805664,12.060657501220703,140423436,0.0,0.0,GOOGL
2008-08-22 00:00:00-04:00,12.299799919128418,12.384384155273438,12.249249458312988,12.277027130126953,12.161303520202637,91796112,0.0,0.0,GOOGL
2008-08-25 00:00:00-04:00,12.164915084838867,12.437437057495117,12.04955005645752,12.087336540222168,11.973401069641113,80491428,0.0,0.0,GOOGL
2008-08-26 00:00:00-04:00,12.098599433898926,12.098599433898926,11.776527404785156,11.865865707397461,11.754016876220703,132195672,0.0,0.0,GOOGL
2008-08-27 00:00:00-04:00,11.85510540008545,11.882633209228516,11.632633209228516,11.726225852966309,11.615694046020508,175308516,0.0,0.0,GOOGL
2008-08-28 00:00:00-04:00,11.824073791503906,11.923172950744629,11.77001953125,11.856355667114258,11.744597434997559,121066812,0.0,0.0,GOOGL
2008-08-29 00:00:00-04:00,11.755505561828613,11.787036895751953,11.569820404052734,11.593844413757324,11.484561920166016,153774072,0.0,0.0,GOOGL
2008-09-02 00:00:00-04:00,11.931180953979492,12.066567420959473,11.547046661376953,11.642892837524414,11.533145904541016,244215540,0.0,0.0,GOOGL
2008-09-03 00:00:00-04:00,11.72998046875,11.869118690490723,11.501001358032227,11.621871948242188,11.512323379516602,172411416,0.0,0.0,GOOGL
2008-09-04 00:00:00-04:00,11.51151180267334,11.5925931930542,11.246246337890625,11.267767906188965,11.161558151245117,193746060,0.0,0.0,GOOGL
2008-09-05 00:00:00-04:00,11.148398399353027,11.322822570800781,11.013012886047363,11.117366790771484,11.012575149536133,181190628,0.0,0.0,GOOGL
2008-09-08 00:00:00-04:00,11.311812400817871,11.334835052490234,10.449198722839355,10.509259223937988,10.410198211669922,360355284,0.0,0.0,GOOGL
2008-09-09 00:00:00-04:00,10.589839935302734,10.820320129394531,10.385384559631348,10.476977348327637,10.378222465515137,288894816,0.0,0.0,GOOGL
2008-09-10 00:00:00-04:00,10.622371673583984,10.622623443603516,10.252251625061035,10.364363670349121,10.266670227050781,248822928,0.0,0.0,GOOGL
2008-09-11 00:00:00-04:00,10.218969345092773,10.888137817382812,10.169670104980469,10.854604721069336,10.752288818359375,258597144,0.0,0.0,GOOGL
2008-09-12 00:00:00-04:00,10.766016006469727,11.060811042785645,10.735735893249512,10.952451705932617,10.849213600158691,240878880,0.0,0.0,GOOGL
2008-09-15 00:00:00-04:00,10.610610961914062,11.060310363769531,10.603352546691895,10.857357025146484,10.75501537322998,262433304,0.0,0.0,GOOGL
2008-09-16 00:00:00-04:00,10.659660339355469,11.243243217468262,10.647897720336914,11.084334373474121,10.979851722717285,279348372,0.0,0.0,GOOGL
2008-09-17 00:00:00-04:00,10.972972869873047,10.98948860168457,10.346345901489258,10.372623443603516,10.27485179901123,364710924,0.0,0.0,GOOGL
2008-09-18 00:00:00-04:00,10.576577186584473,10.990489959716797,10.272772789001465,10.987988471984863,10.884415626525879,343232424,0.0,0.0,GOOGL
2008-09-19 00:00:00-04:00,11.536537170410156,11.563312530517578,11.093092918395996,11.239990234375,11.134041786193848,399839760,0.0,0.0,GOOGL
2008-09-22 00:00:00-04:00,11.364615440368652,11.364615440368652,10.735735893249512,10.764264106750488,10.662799835205078,176115708,0.0,0.0,GOOGL
2008-09-23 00:00:00-04:00,10.84209156036377,11.030780792236328,10.653654098510742,10.742491722106934,10.64123249053955,207959832,0.0,0.0,GOOGL
2008-09-24 00:00:00-04:00,10.769268989562988,11.136136054992676,10.763513565063477,10.888639450073242,10.786002159118652,169510320,0.0,0.0,GOOGL
2008-09-25 00:00:00-04:00,10.981982231140137,11.261260986328125,10.910409927368164,11.001001358032227,10.897305488586426,200611188,0.0,0.0,GOOGL
2008-09-26 00:00:00-04:00,10.710710525512695,10.939940452575684,10.536286354064941,10.786787033081055,10.685110092163086,211488300,0.0,0.0,GOOGL
2008-09-29 00:00:00-04:00,10.498248100280762,10.598347663879395,9.527276992797852,9.53453540802002,9.444663047790527,430085484,0.0,0.0,GOOGL
2008-09-30 00:00:00-04:00,9.909408569335938,10.637638092041016,9.817817687988281,10.023022651672363,9.928545951843262,123328548,0.0,0.0,GOOGL
2008-10-01 00:00:00-04:00,10.28903865814209,10.434934616088867,10.0875883102417,10.303302764892578,10.206184387207031,249142608,0.0,0.0,GOOGL
2008-10-02 00:00:00-04:00,10.2550048828125,10.259759902954102,9.659660339355469,9.772022247314453,9.679911613464355,239156604,0.0,0.0,GOOGL
2008-10-03 00:00:00-04:00,9.943694114685059,10.322822570800781,9.586336135864258,9.682432174682617,9.591166496276855,319396284,0.0,0.0,GOOGL
2008-10-06 00:00:00-04:00,9.358859062194824,9.409158706665039,8.93793773651123,9.28954029083252,9.201976776123047,448375176,0.0,0.0,GOOGL
2008-10-07 00:00:00-04:00,9.3425931930542,9.38388442993164,8.642892837524414,8.65890884399414,8.577289581298828,441733824,0.0,0.0,GOOGL
2008-10-08 00:00:00-04:00,8.262262344360352,8.983734130859375,8.160910606384277,8.461211204528809,8.38145637512207,472582944,0.0,0.0,GOOGL
2008-10-09 00:00:00-04:00,8.621622085571289,8.722972869873047,8.049799919128418,8.232732772827148,8.155130386352539,322677000,0.0,0.0,GOOGL
2008-10-10 00:00:00-04:00,7.836836814880371,8.555806159973145,7.765264987945557,8.308307647705078,8.229992866516113,423488088,0.0,0.0,GOOGL
2008-10-13 00:00:00-04:00,8.903654098510742,9.558307647705078,8.6524019241333,9.535035133361816,9.445158958435059,355863780,0.0,0.0,GOOGL
2008-10-14 00:00:00-04:00,9.848097801208496,9.872371673583984,8.933934211730957,9.076827049255371,8.9912691116333,311080608,0.0,0.0,GOOGL
2008-10-15 00:00:00-04:00,8.87512493133545,8.983983993530273,8.479228973388672,8.487737655639648,8.407731056213379,268587144,0.0,0.0,GOOGL
2008-10-16 00:00:00-04:00,8.327326774597168,8.92142105102539,7.743743896484375,8.834334373474121,8.751062393188477,648938412,0.0,0.0,GOOGL
2008-10-17 00:00:00-04:00,9.48348331451416,9.659660339355469,9.097847938537598,9.322822570800781,9.234945297241211,569398032,0.0,0.0,GOOGL
2008-10-20 00:00:00-04:00,9.503252983093262,9.53403377532959,8.998748779296875,9.492491722106934,9.403016090393066,269865864,0.0,0.0,GOOGL
2008-10-21 00:00:00-04:00,9.319068908691406,9.604104042053223,9.059059143066406,9.077828407287598,8.99226188659668,231048720,0.0,0.0,GOOGL
2008-10-22 00:00:00-04:00,8.933684349060059,9.25150203704834,8.608609199523926,8.900650978088379,8.816753387451172,262137600,0.0,0.0,GOOGL
2008-10-23 00:00:00-04:00,8.850099563598633,8.958958625793457,8.458208084106445,8.816817283630371,8.733708381652832,258896844,0.0,0.0,GOOGL
2008-10-24 00:00:00-04:00,8.169919967651367,8.77052116394043,8.126626968383789,8.490740776062012,8.410707473754883,294065640,0.0,0.0,GOOGL
2008-10-27 00:00:00-04:00,8.378628730773926,8.58358383178711,8.148147583007812,8.245494842529297,8.167771339416504,247779972,0.0,0.0,GOOGL
2008-10-28 00:00:00-04:00,8.484734535217285,9.241991996765137,8.22097110748291,9.227977752685547,9.140995025634766,323891784,0.0,0.0,GOOGL
2008-10-29 00:00:00-04:00,9.15390396118164,9.284283638000488,8.81806755065918,8.958958625793457,8.874512672424316,389873736,0.0,0.0,GOOGL
2008-10-30 00:00:00-04:00,9.220721244812012,9.309309005737305,8.968217849731445,9.001251220703125,8.916403770446777,319236444,0.0,0.0,GOOGL
2008-10-31 00:00:00-04:00,8.91291332244873,9.308307647705078,8.865615844726562,8.992993354797363,8.908224105834961,296635068,0.0,0.0,GOOGL
2008-11-03 00:00:00-05:00,8.948448181152344,9.083833694458008,8.544294357299805,8.670921325683594,8.589188575744629,237941820,0.0,0.0,GOOGL
2008-11-04 00:00:00-05:00,8.844844818115234,9.318318367004395,8.646145820617676,9.182682991027832,9.096126556396484,293702004,0.0,0.0,GOOGL
2008-11-05 00:00:00-05:00,9.062812805175781,9.231230735778809,8.541291236877441,8.56456470489502,8.48383617401123,277582140,0.0,0.0,GOOGL
2008-11-06 00:00:00-05:00,8.507758140563965,8.619118690490723,8.153403282165527,8.288788795471191,8.21065616607666,342649008,0.0,0.0,GOOGL
2008-11-07 00:00:00-05:00,8.336336135864258,8.537286758422852,8.141390800476074,8.286787033081055,8.208677291870117,187064748,0.0,0.0,GOOGL
2008-11-10 00:00:00-05:00,8.208208084106445,8.244243621826172,7.7444939613342285,7.977477073669434,7.902281284332275,322880796,0.0,0.0,GOOGL
2008-11-11 00:00:00-05:00,7.724975109100342,7.915414810180664,7.52052116394043,7.7942938804626465,7.720824718475342,405458136,0.0,0.0,GOOGL
2008-11-12 00:00:00-05:00,7.55880880355835,7.820069789886475,7.20120096206665,7.282281875610352,7.213638782501221,401641956,0.0,0.0,GOOGL
2008-11-13 00:00:00-05:00,7.301551818847656,7.8328328132629395,7.007007122039795,7.809810161590576,7.7361955642700195,528858612,0.0,0.0,GOOGL
2008-11-14 00:00:00-05:00,7.588839054107666,8.132883071899414,7.5715718269348145,7.758257865905762,7.685128688812256,380303316,0.0,0.0,GOOGL
2008-11-17 00:00:00-05:00,7.582582950592041,7.7617621421813965,7.45620584487915,7.5105109214782715,7.439716815948486,301450248,0.0,0.0,GOOGL
2008-11-18 00:00:00-05:00,7.546796798706055,7.600851058959961,7.140891075134277,7.442943096160889,7.372785568237305,333510156,0.0,0.0,GOOGL
2008-11-19 00:00:00-05:00,7.392141819000244,7.512261867523193,6.971470832824707,7.01151180267334,6.94542121887207,313070616,0.0,0.0,GOOGL
2008-11-20 00:00:00-05:00,6.879128932952881,7.080581188201904,6.482481956481934,6.495494842529297,6.434268474578857,390784824,0.0,0.0,GOOGL
2008-11-21 00:00:00-05:00,6.569318771362305,6.740991115570068,6.188689231872559,6.567317008972168,6.50541353225708,409370220,0.0,0.0,GOOGL
2008-11-24 00:00:00-05:00,6.7382378578186035,6.7555060386657715,6.231481075286865,6.442441940307617,6.381715297698975,401785812,0.0,0.0,GOOGL
2008-11-25 00:00:00-05:00,6.723723888397217,7.1736741065979,6.689690113067627,7.058308124542236,6.991776943206787,430417152,0.0,0.0,GOOGL
2008-11-26 00:00:00-05:00,7.014013767242432,7.393894195556641,6.911911964416504,7.3095598220825195,7.240660190582275,254009736,0.0,0.0,GOOGL
2008-11-28 00:00:00-05:00,7.2717719078063965,7.4186692237854,7.214213848114014,7.3313307762146,7.26222562789917,102517380,0.0,0.0,GOOGL
2008-12-01 00:00:00-05:00,7.174173831939697,7.191691875457764,6.656156063079834,6.656405925750732,6.593662261962891,228219552,0.0,0.0,GOOGL
2008-12-02 00:00:00-05:00,6.75,6.951450824737549,6.571071147918701,6.884634971618652,6.819740295410156,233354412,0.0,0.0,GOOGL
2008-12-03 00:00:00-05:00,6.753003120422363,7.041040897369385,6.640140056610107,6.992743015289307,6.926830291748047,235955808,0.0,0.0,GOOGL
2008-12-04 00:00:00-05:00,6.920169830322266,7.094344139099121,6.72597599029541,6.865365028381348,6.800652503967285,195268536,0.0,0.0,GOOGL
2008-12-05 00:00:00-05:00,6.782281875610352,7.113112926483154,6.607107162475586,7.106856822967529,7.039867877960205,260587152,0.0,0.0,GOOGL
2008-12-08 00:00:00-05:00,7.257007122039795,7.743743896484375,7.057056903839111,7.560309886932373,7.489047050476074,325446228,0.0,0.0,GOOGL
2008-12-09 00:00:00-05:00,7.449699878692627,7.957958221435547,7.432682991027832,7.656907081604004,7.584733009338379,275320404,0.0,0.0,GOOGL
2008-12-10 00:00:00-05:00,7.738739013671875,7.880380153656006,7.620369911193848,7.7282280921936035,7.655381679534912,209270520,0.0,0.0,GOOGL
2008-12-11 00:00:00-05:00,7.6118621826171875,7.829830169677734,7.452452182769775,7.513012886047363,7.442194938659668,246920832,0.0,0.0,GOOGL
2008-12-12 00:00:00-05:00,7.400149822235107,7.919670104980469,7.357357025146484,7.901902198791504,7.827419281005859,228655116,0.0,0.0,GOOGL
2008-12-15 00:00:00-05:00,7.858108043670654,7.97022008895874,7.635385036468506,7.774525165557861,7.701242923736572,269246484,0.0,0.0,GOOGL
2008-12-16 00:00:00-05:00,7.870871067047119,8.245745658874512,7.789539813995361,8.14013957977295,8.063410758972168,282101616,0.0,0.0,GOOGL
2008-12-17 00:00:00-05:00,7.973974227905273,8.061310768127441,7.818317890167236,7.888888835906982,7.814527988433838,231356412,0.0,0.0,GOOGL
2008-12-18 00:00:00-05:00,7.925425052642822,8.016766548156738,7.735485076904297,7.764764785766602,7.6915740966796875,190349460,0.0,0.0,GOOGL
2008-12-19 00:00:00-05:00,7.782533168792725,7.95270299911499,7.732732772827148,7.762012004852295,7.68884801864624,224279496,0.0,0.0,GOOGL
2008-12-22 00:00:00-05:00,7.72172212600708,7.745244979858398,7.2730231285095215,7.435184955596924,7.365100860595703,156547296,0.0,0.0,GOOGL
2008-12-23 00:00:00-05:00,7.51826810836792,7.5903401374816895,7.424173831939697,7.457958221435547,7.387659549713135,150956892,0.0,0.0,GOOGL
2008-12-24 00:00:00-05:00,7.5445451736450195,7.666165828704834,7.4669671058654785,7.5813307762146,7.50986909866333,76783140,0.0,0.0,GOOGL
2008-12-26 00:00:00-05:00,7.609358787536621,7.639139175415039,7.46521520614624,7.516517162322998,7.445666313171387,78285636,0.0,0.0,GOOGL
2008-12-29 00:00:00-05:00,7.513012886047363,7.542041778564453,7.296796798706055,7.442943096160889,7.372785568237305,147927924,0.0,0.0,GOOGL
2008-12-30 00:00:00-05:00,7.527527809143066,7.6779279708862305,7.47522497177124,7.585334777832031,7.513835430145264,153586260,0.0,0.0,GOOGL
2008-12-31 00:00:00-05:00,7.612613201141357,7.782783031463623,7.5728230476379395,7.698948860168457,7.626378536224365,115356528,0.0,0.0,GOOGL
2009-01-02 00:00:00-05:00,7.722723007202148,8.053553581237793,7.645144939422607,8.041041374206543,7.965246677398682,144275580,0.0,0.0,GOOGL
2009-01-05 00:00:00-05:00,8.03303337097168,8.289289474487305,7.882883071899414,8.20945930480957,8.132076263427734,195364440,0.0,0.0,GOOGL
2009-01-06 00:00:00-05:00,8.332833290100098,8.528529167175293,8.16791820526123,8.35986042022705,8.281061172485352,256750992,0.0,0.0,GOOGL
2009-01-07 00:00:00-05:00,8.216216087341309,8.281030654907227,7.97672700881958,8.058307647705078,7.982349395751953,179600220,0.0,0.0,GOOGL
2009-01-08 00:00:00-05:00,7.964964866638184,8.137887954711914,7.941441059112549,8.137887954711914,8.061182022094727,143883972,0.0,0.0,GOOGL
2009-01-09 00:00:00-05:00,8.195695877075195,8.195695877075195,7.842843055725098,7.884634971618652,7.810314178466797,173446380,0.0,0.0,GOOGL
2009-01-12 00:00:00-05:00,7.915666103363037,7.98173189163208,7.763514041900635,7.825075149536133,7.751315593719482,132039828,0.0,0.0,GOOGL
2009-01-13 00:00:00-05:00,7.802052021026611,8.023022651672363,7.767518043518066,7.865866184234619,7.791722297668457,177122700,0.0,0.0,GOOGL
2009-01-14 00:00:00-05:00,7.757758140563965,7.852852821350098,7.45120096206665,7.531782150268555,7.460787296295166,218497284,0.0,0.0,GOOGL
2009-01-15 00:00:00-05:00,7.446697235107422,7.597096920013428,7.176927089691162,7.482232093811035,7.411705017089844,237142620,0.0,0.0,GOOGL
2009-01-16 00:00:00-05:00,7.6331329345703125,7.713963985443115,7.399899959564209,7.49924898147583,7.428560733795166,208767024,0.0,0.0,GOOGL
2009-01-20 00:00:00-05:00,7.485986232757568,7.4949951171875,7.075826168060303,7.075826168060303,7.009129047393799,201726072,0.0,0.0,GOOGL
2009-01-21 00:00:00-05:00,7.21596622467041,7.595095157623291,7.21596622467041,7.584585189819336,7.513092517852783,196783020,0.0,0.0,GOOGL
2009-01-22 00:00:00-05:00,7.458457946777344,7.741490840911865,7.386136054992676,7.670169830322266,7.597870826721191,330349320,0.0,0.0,GOOGL
2009-01-23 00:00:00-05:00,7.7394890785217285,8.307307243347168,7.613112926483154,8.125625610351562,8.049034118652344,428882688,0.0,0.0,GOOGL
2009-01-26 00:00:00-05:00,8.129379272460938,8.208208084106445,8.022022247314453,8.104854583740234,8.028458595275879,184243572,0.0,0.0,GOOGL
2009-01-27 00:00:00-05:00,8.169419288635254,8.35510540008545,8.11486530303955,8.295294761657715,8.217103958129883,196894908,0.0,0.0,GOOGL
2009-01-28 00:00:00-05:00,8.457958221435547,8.81706714630127,8.416166305541992,8.725475311279297,8.643228530883789,307348344,0.0,0.0,GOOGL
2009-01-29 00:00:00-05:00,8.622121810913086,8.63488483428955,8.511260986328125,8.591591835021973,8.510607719421387,291060648,0.0,0.0,GOOGL
2009-01-30 00:00:00-05:00,8.625876426696777,8.728729248046875,8.408408164978027,8.471721649169922,8.391866683959961,186693120,0.0,0.0,GOOGL
2009-02-02 00:00:00-05:00,8.365615844726562,8.633633613586426,8.308307647705078,8.522772789001465,8.442437171936035,208067724,0.0,0.0,GOOGL
2009-02-03 00:00:00-05:00,8.572822570800781,8.58358383178711,8.354104042053223,8.519769668579102,8.439462661743164,261997740,0.0,0.0,GOOGL
2009-02-04 00:00:00-05:00,8.510259628295898,8.86987018585205,8.487737655639648,8.58358383178711,8.502676010131836,272423304,0.0,0.0,GOOGL
2009-02-05 00:00:00-05:00,8.531281471252441,8.893392562866211,8.433432579040527,8.851852416992188,8.768415451049805,290285424,0.0,0.0,GOOGL
2009-02-06 00:00:00-05:00,8.920419692993164,9.354604721069336,8.89489459991455,9.291291236877441,9.20371150970459,281242476,0.0,0.0,GOOGL
2009-02-09 00:00:00-05:00,9.291291236877441,9.53453540802002,9.191692352294922,9.478729248046875,9.389381408691406,198892908,0.0,0.0,GOOGL
2009-02-10 00:00:00-05:00,9.40890884399414,9.44694709777832,8.956206321716309,8.971721649169922,8.88715648651123,283863852,0.0,0.0,GOOGL
2009-02-11 00:00:00-05:00,8.982732772827148,9.134134292602539,8.833833694458008,8.959959983825684,8.875504493713379,209054736,0.0,0.0,GOOGL
2009-02-12 00:00:00-05:00,8.837838172912598,9.099599838256836,8.795796394348145,9.085334777832031,8.999696731567383,221789988,0.0,0.0,GOOGL
2009-02-13 00:00:00-05:00,9.063814163208008,9.083833694458008,8.889639854431152,8.950950622558594,8.866579055786133,165702132,0.0,0.0,GOOGL
2009-02-17 00:00:00-05:00,8.67142105102539,8.685935974121094,8.500750541687012,8.575075149536133,8.494245529174805,226988784,0.0,0.0,GOOGL
2009-02-18 00:00:00-05:00,8.689689636230469,8.843342781066895,8.52152156829834,8.836586952209473,8.753293991088867,240739020,0.0,0.0,GOOGL
2009-02-19 00:00:00-05:00,8.945695877075195,9.004003524780273,8.543793678283691,8.574575424194336,8.493751525878906,199348452,0.0,0.0,GOOGL
2009-02-20 00:00:00-05:00,8.459710121154785,8.731732368469238,8.383382797241211,8.669919967651367,8.588197708129883,248435316,0.0,0.0,GOOGL
2009-02-23 00:00:00-05:00,8.683684349060059,8.753753662109375,8.246996879577637,8.259759902954102,8.181902885437012,208635156,0.0,0.0,GOOGL
2009-02-24 00:00:00-05:00,8.283783912658691,8.749249458312988,8.28053092956543,8.64489459991455,8.563406944274902,243592164,0.0,0.0,GOOGL
2009-02-25 00:00:00-05:00,8.562312126159668,8.816315650939941,8.481480598449707,8.54955005645752,8.468962669372559,257306436,0.0,0.0,GOOGL
2009-02-26 00:00:00-05:00,8.657657623291016,8.821070671081543,8.437437057495117,8.43793773651123,8.35840129852295,223999776,0.0,0.0,GOOGL
2009-02-27 00:00:00-05:00,8.33208179473877,8.604104042053223,8.286035537719727,8.458208084106445,8.3784818649292,216583200,0.0,0.0,GOOGL
2009-03-02 00:00:00-05:00,8.341591835021973,8.526025772094727,8.158158302307129,8.187187194824219,8.110014915466309,231308460,0.0,0.0,GOOGL
2009-03-03 00:00:00-05:00,8.260009765625,8.350601196289062,8.066817283630371,8.145145416259766,8.06836986541748,260731008,0.0,0.0,GOOGL
2009-03-04 00:00:00-05:00,8.08708667755127,8.233233451843262,7.892392158508301,7.98098087310791,7.905751705169678,312423264,0.0,0.0,GOOGL
2009-03-05 00:00:00-05:00,7.919919967651367,7.984984874725342,7.573574066162109,7.648649215698242,7.576552867889404,260934804,0.0,0.0,GOOGL
2009-03-06 00:00:00-05:00,7.688188076019287,7.762513160705566,7.363614082336426,7.7219719886779785,7.6491851806640625,289078632,0.0,0.0,GOOGL
2009-03-09 00:00:00-04:00,7.507007122039795,7.671922206878662,7.24349308013916,7.279530048370361,7.210914134979248,258593148,0.0,0.0,GOOGL
2009-03-10 00:00:00-04:00,7.463714122772217,7.770269870758057,7.363614082336426,7.7119622230529785,7.6392693519592285,268938792,0.0,0.0,GOOGL
2009-03-11 00:00:00-04:00,7.760260105133057,8.008008003234863,7.650400161743164,7.9557061195373535,7.880715370178223,236707056,0.0,0.0,GOOGL
2009-03-12 00:00:00-04:00,7.946445941925049,8.133132934570312,7.849099159240723,8.096345901489258,8.02003002166748,200763036,0.0,0.0,GOOGL
2009-03-13 00:00:00-04:00,8.160660743713379,8.194695472717285,7.983734130859375,8.118618965148926,8.042094230651855,156099744,0.0,0.0,GOOGL
2009-03-16 00:00:00-04:00,8.15790843963623,8.25150203704834,7.972723007202148,8.000249862670898,7.924839496612549,197674128,0.0,0.0,GOOGL
2009-03-17 00:00:00-04:00,8.012513160705566,8.391892433166504,7.985235214233398,8.391892433166504,8.312790870666504,188311500,0.0,0.0,GOOGL
2009-03-18 00:00:00-04:00,8.378628730773926,8.508508682250977,8.20945930480957,8.335836410522461,8.257262229919434,200287512,0.0,0.0,GOOGL
2009-03-19 00:00:00-04:00,8.300299644470215,8.408408164978027,8.192692756652832,8.256756782531738,8.178929328918457,164283552,0.0,0.0,GOOGL
2009-03-20 00:00:00-04:00,8.265766143798828,8.333083152770996,8.166666984558105,8.262262344360352,8.184383392333984,189326484,0.0,0.0,GOOGL
2009-03-23 00:00:00-04:00,8.347347259521484,8.7449951171875,8.334083557128906,8.723724365234375,8.641493797302246,170689140,0.0,0.0,GOOGL
2009-03-24 00:00:00-04:00,8.671171188354492,8.854854583740234,8.608609199523926,8.68793773651123,8.606045722961426,152647200,0.0,0.0,GOOGL
2009-03-25 00:00:00-04:00,8.768769264221191,8.792291641235352,8.414665222167969,8.610360145568848,8.529199600219727,173278548,0.0,0.0,GOOGL
2009-03-26 00:00:00-04:00,8.83708667755127,8.987988471984863,8.721220970153809,8.84109115600586,8.7577543258667,239891868,0.0,0.0,GOOGL
2009-03-27 00:00:00-04:00,8.758758544921875,8.808809280395508,8.645395278930664,8.701201438903809,8.619184494018555,132779088,0.0,0.0,GOOGL
2009-03-30 00:00:00-04:00,8.572321891784668,8.603854179382324,8.409660339355469,8.575825691223145,8.494990348815918,123640236,0.0,0.0,GOOGL
2009-03-31 00:00:00-04:00,8.731982231140137,8.846596717834473,8.663163185119629,8.710209846496582,8.628106117248535,146065788,0.0,0.0,GOOGL
2009-04-01 00:00:00-04:00,8.603102684020996,8.88988971710205,8.523774147033691,8.86111068725586,8.777585983276367,131915952,0.0,0.0,GOOGL
2009-04-02 00:00:00-04:00,9.091841697692871,9.253252983093262,9.017017364501953,9.071572303771973,8.986063003540039,179340480,0.0,0.0,GOOGL
2009-04-03 00:00:00-04:00,9.121622085571289,9.302302360534668,8.958958625793457,9.253753662109375,9.166525840759277,151440408,0.0,0.0,GOOGL
2009-04-06 00:00:00-04:00,9.184184074401855,9.254755020141602,9.04404354095459,9.215214729309082,9.128351211547852,131080788,0.0,0.0,GOOGL
2009-04-07 00:00:00-04:00,9.074073791503906,9.102852821350098,8.891641616821289,8.975225448608398,8.890623092651367,147056796,0.0,0.0,GOOGL
2009-04-08 00:00:00-04:00,9.096596717834473,9.134134292602539,8.914163589477539,9.059059143066406,8.973668098449707,110497392,0.0,0.0,GOOGL
2009-04-09 00:00:00-04:00,9.246747016906738,9.368118286132812,9.165414810180664,9.321822166442871,9.233954429626465,135168696,0.0,0.0,GOOGL
2009-04-13 00:00:00-04:00,9.292543411254883,9.486987113952637,9.266766548156738,9.462211608886719,9.373019218444824,121881996,0.0,0.0,GOOGL
2009-04-14 00:00:00-04:00,9.43293285369873,9.434184074401855,9.149148941040039,9.231982231140137,9.1449613571167,137006856,0.0,0.0,GOOGL
2009-04-15 00:00:00-04:00,9.186687469482422,9.536035537719727,9.113113403320312,9.496996879577637,9.407478332519531,197030772,0.0,0.0,GOOGL
2009-04-16 00:00:00-04:00,9.547046661376953,9.832331657409668,9.535035133361816,9.728227615356445,9.636529922485352,406996596,0.0,0.0,GOOGL
2009-04-17 00:00:00-04:00,9.660160064697266,10.005505561828613,9.62987995147705,9.815815925598145,9.72329330444336,428802768,0.0,0.0,GOOGL
2009-04-20 00:00:00-04:00,9.663413047790527,9.776025772094727,9.406657218933105,9.491991996765137,9.402520179748535,176978844,0.0,0.0,GOOGL
2009-04-21 00:00:00-04:00,9.413663864135742,9.617116928100586,9.411911964416504,9.546296119689941,9.456313133239746,147668184,0.0,0.0,GOOGL
2009-04-22 00:00:00-04:00,9.553302764892578,9.759759902954102,9.484734535217285,9.60610580444336,9.515558242797852,139931928,0.0,0.0,GOOGL
2009-04-23 00:00:00-04:00,9.697446823120117,9.753503799438477,9.537286758422852,9.626876831054688,9.536133766174316,104255640,0.0,0.0,GOOGL
2009-04-24 00:00:00-04:00,9.660910606384277,9.839339256286621,9.522022247314453,9.746996879577637,9.655119895935059,135280584,0.0,0.0,GOOGL
2009-04-27 00:00:00-04:00,9.618118286132812,9.746996879577637,9.578328132629395,9.658408164978027,9.567367553710938,91532376,0.0,0.0,GOOGL
2009-04-28 00:00:00-04:00,9.603352546691895,9.73598575592041,9.54804801940918,9.602352142333984,9.511838912963867,117626256,0.0,0.0,GOOGL
2009-04-29 00:00:00-04:00,9.65890884399414,9.884134292602539,9.655405044555664,9.796546936035156,9.704205513000488,144255600,0.0,0.0,GOOGL
2009-04-30 00:00:00-04:00,9.90390396118164,10.103854179382324,9.87987995147705,9.909158706665039,9.815754890441895,174053772,0.0,0.0,GOOGL
2009-05-01 00:00:00-04:00,9.885636329650879,9.949700355529785,9.798548698425293,9.852102279663086,9.759237289428711,97010892,0.0,0.0,GOOGL
2009-05-04 00:00:00-04:00,9.964214324951172,10.070070266723633,9.879630088806152,10.05955982208252,9.964737892150879,127991880,0.0,0.0,GOOGL
2009-05-05 00:00:00-04:00,10.009510040283203,10.13513469696045,9.941190719604492,10.084835052490234,9.989774703979492,95935968,0.0,0.0,GOOGL
2009-05-06 00:00:00-04:00,10.179929733276367,10.217217445373535,10.035035133361816,10.096846580505371,10.001673698425293,105210684,0.0,0.0,GOOGL
2009-05-07 00:00:00-04:00,10.1126127243042,10.13488483428955,9.822321891784668,9.925174713134766,9.831619262695312,119872008,0.0,0.0,GOOGL
2009-05-08 00:00:00-04:00,10.081331253051758,10.263513565063477,9.88488483428955,10.193443298339844,10.09736156463623,154449396,0.0,0.0,GOOGL
2009-05-11 00:00:00-04:00,10.080080032348633,10.310310363769531,10.040040016174316,10.209710121154785,10.113472938537598,102269628,0.0,0.0,GOOGL
2009-05-12 00:00:00-04:00,10.26051139831543,10.285035133361816,9.887638092041016,9.985235214233398,9.89111614227295,151480368,0.0,0.0,GOOGL
2009-05-13 00:00:00-04:00,9.862112045288086,9.919670104980469,9.718467712402344,9.748248100280762,9.65636157989502,113598288,0.0,0.0,GOOGL
2009-05-14 00:00:00-04:00,9.729729652404785,9.815065383911133,9.626876831054688,9.697196960449219,9.605792045593262,117362520,0.0,0.0,GOOGL
2009-05-15 00:00:00-04:00,9.787286758422852,9.8626127243042,9.736987113952637,9.759759902954102,9.667763710021973,120227652,0.0,0.0,GOOGL
2009-05-18 00:00:00-04:00,9.878128051757812,9.942692756652832,9.644644737243652,9.930931091308594,9.837322235107422,133933932,0.0,0.0,GOOGL
2009-05-19 00:00:00-04:00,9.9124116897583,10.051051139831543,9.834835052490234,9.981982231140137,9.887892723083496,113386500,0.0,0.0,GOOGL
2009-05-20 00:00:00-04:00,10.062312126159668,10.151902198791504,9.88488483428955,9.939438819885254,9.845747947692871,91268640,0.0,0.0,GOOGL
2009-05-21 00:00:00-04:00,9.9174165725708,10.08108139038086,9.855855941772461,9.922422409057617,9.828895568847656,108683208,0.0,0.0,GOOGL
2009-05-22 00:00:00-04:00,9.92642593383789,9.976225852966309,9.809809684753418,9.847347259521484,9.754526138305664,68675256,0.0,0.0,GOOGL
2009-05-26 00:00:00-04:00,9.80855941772461,10.13513469696045,9.759759902954102,10.119118690490723,10.023735046386719,124055820,0.0,0.0,GOOGL
2009-05-27 00:00:00-04:00,10.151150703430176,10.306806564331055,10.130379676818848,10.149148941040039,10.053483963012695,121250628,0.0,0.0,GOOGL
2009-05-28 00:00:00-04:00,10.227227210998535,10.300801277160645,10.125374794006348,10.270270347595215,10.173462867736816,106645248,0.0,0.0,GOOGL
2009-05-29 00:00:00-04:00,10.31306266784668,10.441190719604492,10.277777671813965,10.441190719604492,10.342772483825684,105822072,0.0,0.0,GOOGL
2009-06-01 00:00:00-04:00,10.478729248046875,10.750750541687012,10.473724365234375,10.674674987792969,10.574053764343262,132763104,0.0,0.0,GOOGL
2009-06-02 00:00:00-04:00,10.666916847229004,10.759759902954102,10.595596313476562,10.720721244812012,10.619668006896973,104839056,0.0,0.0,GOOGL
2009-06-03 00:00:00-04:00,10.660660743713379,10.822321891784668,10.610610961914062,10.802051544189453,10.700230598449707,141170688,0.0,0.0,GOOGL
2009-06-04 00:00:00-04:00,10.893392562866211,11.042041778564453,10.873373031616211,11.018017768859863,10.914162635803223,145378476,0.0,0.0,GOOGL
2009-06-05 00:00:00-04:00,11.137887954711914,11.194695472717285,10.997496604919434,11.119118690490723,11.014310836791992,147084768,0.0,0.0,GOOGL
2009-06-08 00:00:00-04:00,10.99849796295166,11.03403377532959,10.863863945007324,10.980230331420898,10.876730918884277,123824052,0.0,0.0,GOOGL
2009-06-09 00:00:00-04:00,10.975475311279297,11.023524284362793,10.804804801940918,10.901400566101074,10.798643112182617,130065804,0.0,0.0,GOOGL
2009-06-10 00:00:00-04:00,10.916666984558105,10.958208084106445,10.677427291870117,10.825825691223145,10.72378158569336,134221644,0.0,0.0,GOOGL
2009-06-11 00:00:00-04:00,10.805054664611816,10.854104042053223,10.719969749450684,10.735735893249512,10.634541511535645,114493392,0.0,0.0,GOOGL
2009-06-12 00:00:00-04:00,10.682182312011719,10.703203201293945,10.540790557861328,10.631631851196289,10.531418800354004,116619264,0.0,0.0,GOOGL
2009-06-15 00:00:00-04:00,10.54804801940918,10.54804801940918,10.360360145568848,10.429679870605469,10.33137035369873,149326524,0.0,0.0,GOOGL
2009-06-16 00:00:00-04:00,10.493243217468262,10.537788391113281,10.395895957946777,10.410409927368164,10.312281608581543,121866012,0.0,0.0,GOOGL
2009-06-17 00:00:00-04:00,10.415164947509766,10.503503799438477,10.299299240112305,10.389389038085938,10.291458129882812,139464396,0.0,0.0,GOOGL
2009-06-18 00:00:00-04:00,10.4024019241333,10.477727890014648,10.335334777832031,10.361862182617188,10.264191627502441,123284592,0.0,0.0,GOOGL
2009-06-19 00:00:00-04:00,10.465716361999512,10.522022247314453,10.37487506866455,10.512763023376465,10.41366958618164,170193636,0.0,0.0,GOOGL
2009-06-22 00:00:00-04:00,10.434184074401855,10.447697639465332,10.057307243347168,10.193943977355957,10.097855567932129,164811024,0.0,0.0,GOOGL
2009-06-23 00:00:00-04:00,10.17642593383789,10.2349853515625,10.073823928833008,10.152152061462402,10.056458473205566,115868016,0.0,0.0,GOOGL
2009-06-24 00:00:00-04:00,10.228729248046875,10.316065788269043,10.174174308776855,10.242491722106934,10.145946502685547,98213688,0.0,0.0,GOOGL
2009-06-25 00:00:00-04:00,10.185185432434082,10.40790843963623,10.17292308807373,10.404655456542969,10.306581497192383,121658220,0.0,0.0,GOOGL
2009-06-26 00:00:00-04:00,10.352352142333984,10.716465950012207,10.338088035583496,10.643644332885742,10.543315887451172,130137732,0.0,0.0,GOOGL
2009-06-29 00:00:00-04:00,10.660660743713379,10.705705642700195,10.566567420959473,10.614113807678223,10.51406478881836,86685228,0.0,0.0,GOOGL
2009-06-30 00:00:00-04:00,10.610610961914062,10.690940856933594,10.46596622467041,10.550299644470215,10.450852394104004,103652244,0.0,0.0,GOOGL
2009-07-01 00:00:00-04:00,10.615615844726562,10.670671463012695,10.464214324951172,10.485235214233398,10.386402130126953,92339568,0.0,0.0,GOOGL
2009-07-02 00:00:00-04:00,10.395646095275879,10.395646095275879,10.18043041229248,10.222472190856934,10.126115798950195,100603296,0.0,0.0,GOOGL
2009-07-06 00:00:00-04:00,10.172673225402832,10.276275634765625,10.051551818847656,10.250500679016113,10.153879165649414,90413496,0.0,0.0,GOOGL
2009-07-07 00:00:00-04:00,10.216216087341309,10.239990234375,9.909408569335938,9.925676345825195,9.832117080688477,130241628,0.0,0.0,GOOGL
2009-07-08 00:00:00-04:00,10.010009765625,10.160160064697266,9.961461067199707,10.072321891784668,9.97737979888916,137510352,0.0,0.0,GOOGL
2009-07-09 00:00:00-04:00,10.163163185119629,10.371622085571289,10.155155181884766,10.27001953125,10.173213958740234,130892976,0.0,0.0,GOOGL
2009-07-10 00:00:00-04:00,10.249750137329102,10.444695472717285,10.227727890014648,10.370369911193848,10.272619247436523,116946936,0.0,0.0,GOOGL
2009-07-13 00:00:00-04:00,10.414665222167969,10.623623847961426,10.38988971710205,10.618118286132812,10.518031120300293,161666172,0.0,0.0,GOOGL
2009-07-14 00:00:00-04:00,10.603352546691895,10.678929328918457,10.532281875610352,10.627878189086914,10.52769947052002,115716168,0.0,0.0,GOOGL
2009-07-15 00:00:00-04:00,10.752251625061035,10.977977752685547,10.722972869873047,10.965214729309082,10.861857414245605,150928920,0.0,0.0,GOOGL
2009-07-16 00:00:00-04:00,10.92792797088623,11.154905319213867,10.863363265991211,11.076075553894043,10.971673011779785,261917820,0.0,0.0,GOOGL
2009-07-17 00:00:00-04:00,10.835836410522461,10.897897720336914,10.678177833557129,10.767017364501953,10.665526390075684,273889836,0.0,0.0,GOOGL
2009-07-20 00:00:00-04:00,10.757758140563965,10.83208179473877,10.666916847229004,10.7650146484375,10.663542747497559,126013860,0.0,0.0,GOOGL
2009-07-21 00:00:00-04:00,10.784283638000488,10.808307647705078,10.653654098510742,10.708208084106445,10.607271194458008,118609272,0.0,0.0,GOOGL
2009-07-22 00:00:00-04:00,10.710710525512695,10.765766143798828,10.598097801208496,10.702953338623047,10.602066993713379,103364532,0.0,0.0,GOOGL
2009-07-23 00:00:00-04:00,10.727727890014648,11.041291236877441,10.648147583007812,10.944443702697754,10.841279983520508,138988872,0.0,0.0,GOOGL
2009-07-24 00:00:00-04:00,10.906155586242676,11.273524284362793,10.885886192321777,11.179179191589355,11.073805809020996,144930924,0.0,0.0,GOOGL
2009-07-27 00:00:00-04:00,11.162161827087402,11.179929733276367,10.951201438903809,11.131131172180176,11.026206970214844,100075824,0.0,0.0,GOOGL
2009-07-28 00:00:00-04:00,11.036035537719727,11.081331253051758,10.913413047790527,11.007257461547852,10.90350341796875,101198700,0.0,0.0,GOOGL
2009-07-29 00:00:00-04:00,10.941692352294922,10.95595645904541,10.80805778503418,10.916916847229004,10.814014434814453,79400520,0.0,0.0,GOOGL
2009-07-30 00:00:00-04:00,11.076326370239258,11.29804801940918,11.076326370239258,11.152152061462402,11.047032356262207,127816056,0.0,0.0,GOOGL
2009-07-31 00:00:00-04:00,11.260761260986328,11.328828811645508,11.071822166442871,11.087336540222168,10.982827186584473,114301584,0.0,0.0,GOOGL
2009-08-03 00:00:00-04:00,11.229729652404785,11.358859062194824,11.202201843261719,11.316567420959473,11.209897994995117,103508388,0.0,0.0,GOOGL
2009-08-04 00:00:00-04:00,11.245494842529297,11.361360549926758,11.221972465515137,11.354604721069336,11.247576713562012,95496408,0.0,0.0,GOOGL
2009-08-05 00:00:00-04:00,11.41141128540039,11.434184074401855,11.208208084106445,11.289790153503418,11.18337345123291,93586320,0.0,0.0,GOOGL
2009-08-06 00:00:00-04:00,11.368868827819824,11.383382797241211,11.22447395324707,11.270270347595215,11.164037704467773,84351564,0.0,0.0,GOOGL
2009-08-07 00:00:00-04:00,11.403153419494629,11.496996879577637,11.386136054992676,11.438939094543457,11.331114768981934,101622276,0.0,0.0,GOOGL
2009-08-10 00:00:00-04:00,11.38988971710205,11.471721649169922,11.35610580444336,11.426676750183105,11.318968772888184,69610320,0.0,0.0,GOOGL
2009-08-11 00:00:00-04:00,11.353102684020996,11.442192077636719,11.320820808410645,11.35986042022705,11.252782821655273,68431500,0.0,0.0,GOOGL
2009-08-12 00:00:00-04:00,11.396647453308105,11.555304527282715,11.384384155273438,11.47597599029541,11.367804527282715,93562344,0.0,0.0,GOOGL
2009-08-13 00:00:00-04:00,11.565315246582031,11.629630088806152,11.484233856201172,11.56856918334961,11.45952320098877,79728192,0.0,0.0,GOOGL
2009-08-14 00:00:00-04:00,11.58108139038086,11.59109115600586,11.433684349060059,11.51151180267334,11.403003692626953,66936996,0.0,0.0,GOOGL
2009-08-17 00:00:00-04:00,11.298798561096191,11.311060905456543,11.089089393615723,11.133382797241211,11.02843952178955,104703192,0.0,0.0,GOOGL
2009-08-18 00:00:00-04:00,11.138639450073242,11.203703880310059,11.069068908691406,11.143142700195312,11.038107872009277,93949956,0.0,0.0,GOOGL
2009-08-19 00:00:00-04:00,11.010761260986328,11.136136054992676,10.974974632263184,11.110360145568848,11.005635261535645,90109800,0.0,0.0,GOOGL
2009-08-20 00:00:00-04:00,11.311310768127441,11.566065788269043,11.292041778564453,11.521772384643555,11.413167953491211,159796044,0.0,0.0,GOOGL
2009-08-21 00:00:00-04:00,11.650150299072266,11.66391372680664,11.577828407287598,11.642642974853516,11.53289794921875,142277580,0.0,0.0,GOOGL
2009-08-24 00:00:00-04:00,11.69544506072998,11.76401424407959,11.622121810913086,11.72998046875,11.619414329528809,98037864,0.0,0.0,GOOGL
2009-08-25 00:00:00-04:00,11.739990234375,11.870620727539062,11.729729652404785,11.796046257019043,11.684857368469238,93546360,0.0,0.0,GOOGL
2009-08-26 00:00:00-04:00,11.830830574035645,11.836836814880371,11.679179191589355,11.711711883544922,11.601316452026367,79432488,0.0,0.0,GOOGL
2009-08-27 00:00:00-04:00,11.726225852966309,11.726225852966309,11.529780387878418,11.663163185119629,11.553226470947266,79876044,0.0,0.0,GOOGL
2009-08-28 00:00:00-04:00,11.743243217468262,11.821070671081543,11.59609603881836,11.630379676818848,11.520751953125,70793136,0.0,0.0,GOOGL
2009-08-31 00:00:00-04:00,11.506256103515625,11.55805778503418,11.461461067199707,11.553302764892578,11.444400787353516,78237684,0.0,0.0,GOOGL
2009-09-01 00:00:00-04:00,11.503503799438477,11.682182312011719,11.371871948242188,11.405405044555664,11.297897338867188,103692204,0.0,0.0,GOOGL
2009-09-02 00:00:00-04:00,11.406907081604004,11.469719886779785,11.326075553894043,11.336586952209473,11.229727745056152,72119808,0.0,0.0,GOOGL
2009-09-03 00:00:00-04:00,11.406907081604004,11.467718124389648,11.386385917663574,11.449448585510254,11.341526985168457,65782152,0.0,0.0,GOOGL
2009-09-04 00:00:00-04:00,11.450700759887695,11.576577186584473,11.405905723571777,11.54404354095459,11.435229301452637,59908032,0.0,0.0,GOOGL
2009-09-08 00:00:00-04:00,11.618868827819824,11.68643569946289,11.4074068069458,11.476977348327637,11.368796348571777,106161732,0.0,0.0,GOOGL
2009-09-09 00:00:00-04:00,11.487988471984863,11.668417930603027,11.481480598449707,11.610860824584961,11.501416206359863,87728184,0.0,0.0,GOOGL
2009-09-10 00:00:00-04:00,11.67792797088623,11.785284996032715,11.561561584472656,11.785284996032715,11.674196243286133,101282616,0.0,0.0,GOOGL
2009-09-11 00:00:00-04:00,11.771772384643555,11.844344139099121,11.702451705932617,11.815315246582031,11.703944206237793,76039884,0.0,0.0,GOOGL
2009-09-14 00:00:00-04:00,11.774524688720703,11.93193244934082,11.763012886047363,11.88988971710205,11.777817726135254,78948972,0.0,0.0,GOOGL
2009-09-15 00:00:00-04:00,11.88888931274414,11.984734535217285,11.829580307006836,11.95044994354248,11.83780574798584,95828076,0.0,0.0,GOOGL
2009-09-16 00:00:00-04:00,12.007006645202637,12.246496200561523,11.973974227905273,12.21946907043457,12.104288101196289,103308588,0.0,0.0,GOOGL
2009-09-17 00:00:00-04:00,12.276527404785156,12.446697235107422,12.190940856933594,12.305304527282715,12.189315795898438,179144676,0.0,0.0,GOOGL
2009-09-18 00:00:00-04:00,12.431681632995605,12.43693733215332,12.29304313659668,12.298798561096191,12.182868957519531,131208660,0.0,0.0,GOOGL
2009-09-21 00:00:00-04:00,12.205705642700195,12.4849853515625,12.167668342590332,12.437437057495117,12.320202827453613,84571344,0.0,0.0,GOOGL
2009-09-22 00:00:00-04:00,12.53553581237793,12.562312126159668,12.457708358764648,12.488988876342773,12.371268272399902,121526352,0.0,0.0,GOOGL
2009-09-23 00:00:00-04:00,12.532032012939453,12.687687873840332,12.455204963684082,12.473974227905273,12.35639476776123,108059832,0.0,0.0,GOOGL
2009-09-24 00:00:00-04:00,12.524273872375488,12.547798156738281,12.337336540222168,12.431681632995605,12.31450080871582,101002896,0.0,0.0,GOOGL
2009-09-25 00:00:00-04:00,12.369620323181152,12.510761260986328,12.312312126159668,12.324323654174805,12.20815372467041,81902016,0.0,0.0,GOOGL
2009-09-28 00:00:00-04:00,12.383382797241211,12.550049781799316,12.344844818115234,12.475726127624512,12.358129501342773,73498428,0.0,0.0,GOOGL
2009-09-29 00:00:00-04:00,12.500750541687012,12.506256103515625,12.3375883102417,12.475726127624512,12.358129501342773,83884032,0.0,0.0,GOOGL
2009-09-30 00:00:00-04:00,12.512513160705566,12.516016006469727,12.193193435668945,12.408658981323242,12.291694641113281,125542332,0.0,0.0,GOOGL
2009-10-01 00:00:00-04:00,12.337336540222168,12.424174308776855,12.187187194824219,12.192192077636719,12.07726764678955,112415472,0.0,0.0,GOOGL
2009-10-02 00:00:00-04:00,12.105606079101562,12.305806159973145,12.07707691192627,12.126626968383789,12.012321472167969,103927968,0.0,0.0,GOOGL
2009-10-05 00:00:00-04:00,12.203453063964844,12.323073387145996,12.095596313476562,12.225225448608398,12.109991073608398,85698216,0.0,0.0,GOOGL
2009-10-06 00:00:00-04:00,12.304804801940918,12.496747016906738,12.304804801940918,12.48098087310791,12.363337516784668,109182708,0.0,0.0,GOOGL
2009-10-07 00:00:00-04:00,12.487486839294434,12.987737655639648,12.457708358764648,12.951451301574707,12.829371452331543,194773032,0.0,0.0,GOOGL
2009-10-08 00:00:00-04:00,13.002251625061035,13.094344139099121,12.846345901489258,12.867366790771484,12.746079444885254,171979848,0.0,0.0,GOOGL
2009-10-09 00:00:00-04:00,12.929179191589355,13.050801277160645,12.875374794006348,12.919169425964355,12.797393798828125,109414476,0.0,0.0,GOOGL
2009-10-12 00:00:00-04:00,13.098599433898926,13.157156944274902,12.995996475219727,13.114113807678223,12.990501403808594,132755112,0.0,0.0,GOOGL
2009-10-13 00:00:00-04:00,13.122873306274414,13.199700355529785,13.047548294067383,13.165916442871094,13.041814804077148,121374504,0.0,0.0,GOOGL
2009-10-14 00:00:00-04:00,13.324825286865234,13.402902603149414,13.263262748718262,13.396395683288574,13.270120620727539,130205664,0.0,0.0,GOOGL
2009-10-15 00:00:00-04:00,13.357107162475586,13.435935974121094,13.194945335388184,13.261011123657227,13.136012077331543,243771984,0.0,0.0,GOOGL
2009-10-16 00:00:00-04:00,13.69694709777832,13.882633209228516,13.626876831054688,13.760009765625,13.630308151245117,353322324,0.0,0.0,GOOGL
2009-10-19 00:00:00-04:00,13.83108139038086,13.853854179382324,13.731982231140137,13.816065788269043,13.685834884643555,128587284,0.0,0.0,GOOGL
2009-10-20 00:00:00-04:00,13.804804801940918,13.8375883102417,13.531030654907227,13.806806564331055,13.676663398742676,161586252,0.0,0.0,GOOGL
2009-10-21 00:00:00-04:00,13.76151180267334,13.997748374938965,13.738739013671875,13.791291236877441,13.661294937133789,146677176,0.0,0.0,GOOGL
2009-10-22 00:00:00-04:00,13.763764381408691,13.88888931274414,13.713713645935059,13.86611557006836,13.735413551330566,93366540,0.0,0.0,GOOGL
2009-10-23 00:00:00-04:00,13.895145416259766,13.961211204528809,13.793793678283691,13.85610580444336,13.72549819946289,95612292,0.0,0.0,GOOGL
2009-10-26 00:00:00-04:00,13.907657623291016,14.055054664611816,13.786035537719727,13.869118690490723,13.73838996887207,118697184,0.0,0.0,GOOGL
2009-10-27 00:00:00-04:00,13.78803825378418,13.877878189086914,13.6176176071167,13.72097110748291,13.591636657714844,128531340,0.0,0.0,GOOGL
2009-10-28 00:00:00-04:00,13.71045970916748,13.763764381408691,13.469719886779785,13.521020889282227,13.393571853637695,102609288,0.0,0.0,GOOGL
2009-10-29 00:00:00-04:00,13.588838577270508,13.80955982208252,13.538538932800293,13.790040016174316,13.660055160522461,100803096,0.0,0.0,GOOGL
2009-10-30 00:00:00-04:00,13.763764381408691,13.768017768859863,13.369368553161621,13.41641616821289,13.289953231811523,138601260,0.0,0.0,GOOGL
2009-11-02 00:00:00-05:00,13.44044017791748,13.5,13.219219207763672,13.363113403320312,13.237152099609375,127955916,0.0,0.0,GOOGL
2009-11-03 00:00:00-05:00,13.263513565063477,13.450950622558594,13.220721244812012,13.445695877075195,13.318957328796387,95112792,0.0,0.0,GOOGL
2009-11-04 00:00:00-05:00,13.533534049987793,13.651150703430176,13.423924446105957,13.521772384643555,13.394314765930176,93214692,0.0,0.0,GOOGL
2009-11-05 00:00:00-05:00,13.600851058959961,13.758008003234863,13.580080032348633,13.72998046875,13.600561141967773,73834092,0.0,0.0,GOOGL
2009-11-06 00:00:00-05:00,13.706707000732422,13.808307647705078,13.651150703430176,13.791291236877441,13.661294937133789,72994932,0.0,0.0,GOOGL
2009-11-09 00:00:00-05:00,13.900150299072266,14.07857894897461,13.869620323181152,14.076827049255371,13.94413948059082,105890004,0.0,0.0,GOOGL
2009-11-10 00:00:00-05:00,14.082331657409668,14.233734130859375,14.064064025878906,14.183182716369629,14.049491882324219,89142768,0.0,0.0,GOOGL
2009-11-11 00:00:00-05:00,14.276275634765625,14.351852416992188,14.160660743713379,14.278278350830078,14.143691062927246,92695212,0.0,0.0,GOOGL
2009-11-12 00:00:00-05:00,14.253252983093262,14.336836814880371,14.151652336120605,14.21045970916748,14.076512336730957,75376548,0.0,0.0,GOOGL
2009-11-13 00:00:00-05:00,14.246496200561523,14.32707691192627,14.179429054260254,14.315566062927246,14.180627822875977,66605328,0.0,0.0,GOOGL
2009-11-16 00:00:00-05:00,14.389389038085938,14.439188957214355,14.333833694458008,14.42142105102539,14.285484313964844,87880032,0.0,0.0,GOOGL
2009-11-17 00:00:00-05:00,14.386136054992676,14.45195198059082,14.357357025146484,14.451702117919922,14.315481185913086,76591332,0.0,0.0,GOOGL
2009-11-18 00:00:00-05:00,14.430681228637695,14.483983993530273,14.316065788269043,14.430681228637695,14.294658660888672,61922016,0.0,0.0,GOOGL
2009-11-19 00:00:00-05:00,14.358609199523926,14.364363670349121,14.264264106750488,14.339089393615723,14.20392894744873,86633280,0.0,0.0,GOOGL
2009-11-20 00:00:00-05:00,14.251751899719238,14.304304122924805,14.249249458312988,14.263262748718262,14.128815650939941,80167752,0.0,0.0,GOOGL
2009-11-23 00:00:00-05:00,14.426676750183105,14.679679870605469,14.410910606384277,14.573323249816895,14.435956001281738,101798100,0.0,0.0,GOOGL
2009-11-24 00:00:00-05:00,14.577577590942383,14.621871948242188,14.42792797088623,14.591841697692871,14.454299926757812,64143792,0.0,0.0,GOOGL
2009-11-25 00:00:00-05:00,14.674924850463867,14.691190719604492,14.581831932067871,14.658158302307129,14.519989967346191,58389552,0.0,0.0,GOOGL
2009-11-27 00:00:00-05:00,14.314313888549805,14.576075553894043,14.288538932800293,14.508508682250977,14.37175178527832,55328616,0.0,0.0,GOOGL
2009-11-30 00:00:00-05:00,14.530280113220215,14.606355667114258,14.442192077636719,14.589590072631836,14.452067375183105,68934996,0.0,0.0,GOOGL
2009-12-01 00:00:00-05:00,14.717967987060547,14.795294761657715,14.589590072631836,14.76151180267334,14.622369766235352,92719188,0.0,0.0,GOOGL
2009-12-02 00:00:00-05:00,14.789790153503418,14.840089797973633,14.670169830322266,14.702451705932617,14.563865661621094,66461472,0.0,0.0,GOOGL
2009-12-03 00:00:00-05:00,14.740740776062012,14.801051139831543,14.639639854431152,14.658158302307129,14.519989967346191,57090852,0.0,0.0,GOOGL
2009-12-04 00:00:00-05:00,14.840339660644531,14.885636329650879,14.493993759155273,14.63988971710205,14.501893043518066,100443456,0.0,0.0,GOOGL
2009-12-07 00:00:00-05:00,14.61987018585205,14.731982231140137,14.53954029083252,14.670921325683594,14.532632827758789,65382552,0.0,0.0,GOOGL
2009-12-08 00:00:00-05:00,14.602102279663086,14.781281471252441,14.56456470489502,14.690940856933594,14.552464485168457,60899040,0.0,0.0,GOOGL
2009-12-09 00:00:00-05:00,14.702201843261719,14.747998237609863,14.604104042053223,14.740240097045898,14.601298332214355,71168760,0.0,0.0,GOOGL
2009-12-10 00:00:00-05:00,14.775775909423828,14.882633209228516,14.775025367736816,14.802302360534668,14.662775993347168,66665268,0.0,0.0,GOOGL
2009-12-11 00:00:00-05:00,14.881881713867188,14.883633613586426,14.707958221435547,14.777527809143066,14.63823413848877,68731200,0.0,0.0,GOOGL
2009-12-14 00:00:00-05:00,14.898649215698242,14.947697639465332,14.830080032348633,14.908158302307129,14.767633438110352,76459464,0.0,0.0,GOOGL
2009-12-15 00:00:00-05:00,14.847347259521484,14.924424171447754,14.78954029083252,14.843342781066895,14.703431129455566,91124784,0.0,0.0,GOOGL
2009-12-16 00:00:00-05:00,14.97998046875,15.024273872375488,14.930931091308594,14.958958625793457,14.817954063415527,112263624,0.0,0.0,GOOGL
2009-12-17 00:00:00-05:00,14.925926208496094,14.95595645904541,14.858859062194824,14.863363265991211,14.723260879516602,105446448,0.0,0.0,GOOGL
2009-12-18 00:00:00-05:00,14.915665626525879,14.988238334655762,14.88988971710205,14.925424575805664,14.784738540649414,141118740,0.0,0.0,GOOGL
2009-12-21 00:00:00-05:00,14.955204963684082,15.011011123657227,14.906657218933105,14.981982231140137,14.840763092041016,102745152,0.0,0.0,GOOGL
2009-12-22 00:00:00-05:00,15.048548698425293,15.052553176879883,14.986235618591309,15.04304313659668,14.90124797821045,75156768,0.0,0.0,GOOGL
2009-12-23 00:00:00-05:00,15.1026029586792,15.33708667755127,15.086336135864258,15.307307243347168,15.163021087646484,82825092,0.0,0.0,GOOGL
2009-12-24 00:00:00-05:00,15.33858871459961,15.503503799438477,15.32207202911377,15.477477073669434,15.331584930419922,34313652,0.0,0.0,GOOGL
2009-12-28 00:00:00-05:00,15.55705738067627,15.665414810180664,15.477477073669434,15.587336540222168,15.440410614013672,67848084,0.0,0.0,GOOGL
2009-12-29 00:00:00-05:00,15.634134292602539,15.636636734008789,15.472723007202148,15.500500679016113,15.354392051696777,56935008,0.0,0.0,GOOGL
2009-12-30 00:00:00-05:00,15.477977752685547,15.583833694458008,15.465716361999512,15.583833694458008,15.43694019317627,58565376,0.0,0.0,GOOGL
2009-12-31 00:00:00-05:00,15.634384155273438,15.650650978088379,15.5150146484375,15.5150146484375,15.368768692016602,48743208,0.0,0.0,GOOGL
2010-01-04 00:00:00-05:00,15.689438819885254,15.753503799438477,15.621622085571289,15.684433937072754,15.536592483520508,78169752,0.0,0.0,GOOGL
2010-01-05 00:00:00-05:00,15.695195198059082,15.711711883544922,15.554054260253906,15.615365028381348,15.468175888061523,120067812,0.0,0.0,GOOGL
2010-01-06 00:00:00-05:00,15.662161827087402,15.662161827087402,15.174174308776855,15.221721649169922,15.078241348266602,158988852,0.0,0.0,GOOGL
2010-01-07 00:00:00-05:00,15.250249862670898,15.265265464782715,14.83108139038086,14.867366790771484,14.727226257324219,256315428,0.0,0.0,GOOGL
2010-01-08 00:00:00-05:00,14.814814567565918,15.096345901489258,14.742491722106934,15.065566062927246,14.923559188842773,188783028,0.0,0.0,GOOGL
2010-01-11 00:00:00-05:00,15.126626968383789,15.126626968383789,14.865865707397461,15.042793273925781,14.900999069213867,288227484,0.0,0.0,GOOGL
2010-01-12 00:00:00-05:00,14.956206321716309,14.968969345092773,14.714715003967285,14.776777267456055,14.637490272521973,193937868,0.0,0.0,GOOGL
2010-01-13 00:00:00-05:00,14.426676750183105,14.724224090576172,14.361862182617188,14.69194221496582,14.553455352783203,259604136,0.0,0.0,GOOGL
2010-01-14 00:00:00-05:00,14.612112045288086,14.86987018585205,14.584835052490234,14.761011123657227,14.62187385559082,169434396,0.0,0.0,GOOGL
2010-01-15 00:00:00-05:00,14.848347663879395,14.853854179382324,14.46546459197998,14.514514923095703,14.377700805664062,217162620,0.0,0.0,GOOGL
2010-01-19 00:00:00-05:00,14.54454517364502,14.775275230407715,14.421671867370605,14.705204963684082,14.566594123840332,172495332,0.0,0.0,GOOGL
2010-01-20 00:00:00-05:00,14.664163589477539,14.664163589477539,14.396647453308105,14.524774551391602,14.387864112854004,129897972,0.0,0.0,GOOGL
2010-01-21 00:00:00-05:00,14.600601196289062,14.685185432434082,14.320570945739746,14.589089393615723,14.451574325561523,252055692,0.0,0.0,GOOGL
2010-01-22 00:00:00-05:00,14.126626968383789,14.279278755187988,13.38488483428955,13.76401424407959,13.634273529052734,271743984,0.0,0.0,GOOGL
2010-01-25 00:00:00-05:00,13.678427696228027,13.760761260986328,13.401150703430176,13.513513565063477,13.386136054992676,176619204,0.0,0.0,GOOGL
2010-01-26 00:00:00-05:00,13.462713241577148,13.753753662109375,13.420671463012695,13.574073791503906,13.446125030517578,174045780,0.0,0.0,GOOGL
2010-01-27 00:00:00-05:00,13.545294761657715,13.704955101013184,13.396145820617676,13.566065788269043,13.438191413879395,158417424,0.0,0.0,GOOGL
2010-01-28 00:00:00-05:00,13.625876426696777,13.688689231872559,13.278278350830078,13.370620727539062,13.244588851928711,129034836,0.0,0.0,GOOGL
2010-01-29 00:00:00-05:00,13.475726127624512,13.538288116455078,13.153403282165527,13.261761665344238,13.136758804321289,165454380,0.0,0.0,GOOGL
2010-02-01 00:00:00-05:00,13.378377914428711,13.408658981323242,13.270771026611328,13.338838577270508,13.213107109069824,89941968,0.0,0.0,GOOGL
2010-02-02 00:00:00-05:00,13.3873872756958,13.3873872756958,13.203453063964844,13.291291236877441,13.166007995605469,163684152,0.0,0.0,GOOGL
2010-02-03 00:00:00-05:00,13.22998046875,13.566065788269043,13.218969345092773,13.53403377532959,13.406463623046875,119844036,0.0,0.0,GOOGL
2010-02-04 00:00:00-05:00,13.438438415527344,13.463462829589844,13.152152061462402,13.182682991027832,13.058423042297363,134972892,0.0,0.0,GOOGL
2010-02-05 00:00:00-05:00,13.223222732543945,13.350851058959961,13.074575424194336,13.29554557800293,13.170222282409668,126113760,0.0,0.0,GOOGL
2010-02-08 00:00:00-05:00,13.325825691223145,13.56356430053711,13.301551818847656,13.350099563598633,13.224261283874512,107664228,0.0,0.0,GOOGL
2010-02-09 00:00:00-05:00,13.502001762390137,13.551801681518555,13.39013957977295,13.424424171447754,13.29788589477539,112671216,0.0,0.0,GOOGL
2010-02-10 00:00:00-05:00,13.36511516571045,13.458208084106445,13.20545482635498,13.374625205993652,13.248556137084961,106873020,0.0,0.0,GOOGL
2010-02-11 00:00:00-05:00,13.346345901489258,13.525775909423828,13.250750541687012,13.423422813415527,13.296893119812012,96303600,0.0,0.0,GOOGL
2010-02-12 00:00:00-05:00,13.3375883102417,13.442192077636719,13.275775909423828,13.341341018676758,13.215583801269531,91096812,0.0,0.0,GOOGL
2010-02-16 00:00:00-05:00,13.435185432434082,13.616867065429688,13.370870590209961,13.546046257019043,13.418360710144043,146029824,0.0,0.0,GOOGL
2010-02-17 00:00:00-05:00,13.56356430053711,13.598599433898926,13.453703880310059,13.468718528747559,13.341763496398926,81106812,0.0,0.0,GOOGL
2010-02-18 00:00:00-05:00,13.45195198059082,13.63888931274414,13.416916847229004,13.594094276428223,13.465957641601562,93382524,0.0,0.0,GOOGL
2010-02-19 00:00:00-05:00,13.526777267456055,13.614363670349121,13.506006240844727,13.532532691955566,13.404975891113281,102021876,0.0,0.0,GOOGL
2010-02-22 00:00:00-05:00,13.697446823120117,13.701201438903809,13.538538932800293,13.58358383178711,13.455545425415039,85698216,0.0,0.0,GOOGL
2010-02-23 00:00:00-05:00,13.58858871459961,13.604353904724121,13.320570945739746,13.39013957977295,13.263924598693848,114789096,0.0,0.0,GOOGL
2010-02-24 00:00:00-05:00,13.362862586975098,13.47447395324707,13.276025772094727,13.300049781799316,13.174684524536133,92970936,0.0,0.0,GOOGL
2010-02-25 00:00:00-05:00,13.191190719604492,13.225475311279297,13.013012886047363,13.173924446105957,13.049748420715332,132235632,0.0,0.0,GOOGL
2010-02-26 00:00:00-05:00,13.198698997497559,13.30705738067627,13.100099563598633,13.183182716369629,13.058917999267578,81890028,0.0,0.0,GOOGL
2010-03-01 00:00:00-05:00,13.243243217468262,13.345596313476562,13.206707000732422,13.330580711364746,13.204926490783691,89426484,0.0,0.0,GOOGL
2010-03-02 00:00:00-05:00,13.400400161743164,13.655155181884766,13.388639450073242,13.540040016174316,13.4124116897583,174097728,0.0,0.0,GOOGL
2010-03-03 00:00:00-05:00,13.572572708129883,13.716716766357422,13.494745254516602,13.646647453308105,13.518013954162598,123452424,0.0,0.0,GOOGL
2010-03-04 00:00:00-05:00,13.676176071166992,13.917166709899902,13.668668746948242,13.878628730773926,13.747808456420898,127224648,0.0,0.0,GOOGL
2010-03-05 00:00:00-05:00,14.047798156738281,14.20595645904541,14.01151180267334,14.119368553161621,13.98628044128418,156331512,0.0,0.0,GOOGL
2010-03-08 00:00:00-05:00,14.133633613586426,14.143644332885742,14.039289474487305,14.076075553894043,13.943392753601074,95360544,0.0,0.0,GOOGL
2010-03-09 00:00:00-05:00,14.010259628295898,14.130631446838379,13.92642593383789,14.018769264221191,13.886629104614258,126936936,0.0,0.0,GOOGL
2010-03-10 00:00:00-05:00,14.108107566833496,14.476977348327637,14.069318771362305,14.425676345825195,14.289700508117676,225969804,0.0,0.0,GOOGL
2010-03-11 00:00:00-05:00,14.370870590209961,14.669919967651367,14.369368553161621,14.54304313659668,14.405960083007812,169162668,0.0,0.0,GOOGL
2010-03-12 00:00:00-05:00,14.718217849731445,14.721721649169922,14.49349308013916,14.503003120422363,14.366296768188477,110025864,0.0,0.0,GOOGL
2010-03-15 00:00:00-04:00,14.181180953979492,14.250500679016113,13.91391372680664,14.09359359741211,13.960745811462402,185969844,0.0,0.0,GOOGL
2010-03-16 00:00:00-04:00,14.059809684753418,14.224724769592285,14.03303337097168,14.144144058227539,14.010822296142578,137122740,0.0,0.0,GOOGL
2010-03-17 00:00:00-04:00,14.221721649169922,14.300551414489746,14.120369911193848,14.153153419494629,14.019744873046875,132731136,0.0,0.0,GOOGL
2010-03-18 00:00:00-04:00,14.132131576538086,14.225225448608398,14.088088035583496,14.174174308776855,14.040568351745605,71016912,0.0,0.0,GOOGL
2010-03-19 00:00:00-04:00,14.01401424407959,14.214214324951172,13.945945739746094,14.01401424407959,13.881918907165527,191576232,0.0,0.0,GOOGL
2010-03-22 00:00:00-04:00,13.916666984558105,14.18543529510498,13.870870590209961,13.951451301574707,13.819944381713867,160031808,0.0,0.0,GOOGL
2010-03-23 00:00:00-04:00,13.939940452575684,13.971721649169922,13.56356430053711,13.738739013671875,13.609237670898438,219831948,0.0,0.0,GOOGL
2010-03-24 00:00:00-04:00,13.651400566101074,14.010259628295898,13.506006240844727,13.947196960449219,13.815730094909668,262345392,0.0,0.0,GOOGL
2010-03-25 00:00:00-04:00,13.98948860168457,14.314313888549805,13.980480194091797,14.08608627319336,13.953310012817383,157078764,0.0,0.0,GOOGL
2010-03-26 00:00:00-04:00,14.145895957946777,14.198948860168457,14.014514923095703,14.081331253051758,13.948599815368652,107740152,0.0,0.0,GOOGL
2010-03-29 00:00:00-04:00,14.089089393615723,14.132131576538086,14.028278350830078,14.075325012207031,13.94265079498291,124055820,0.0,0.0,GOOGL
2010-03-30 00:00:00-04:00,14.084835052490234,14.204955101013184,14.021020889282227,14.18193244934082,14.048254013061523,79036884,0.0,0.0,GOOGL
2010-03-31 00:00:00-04:00,14.140390396118164,14.257758140563965,14.084334373474121,14.192192077636719,14.058417320251465,121110768,0.0,0.0,GOOGL
2010-04-01 00:00:00-04:00,14.29804801940918,14.350601196289062,14.152902603149414,14.234233856201172,14.100061416625977,84023892,0.0,0.0,GOOGL
2010-04-05 00:00:00-04:00,14.286787033081055,14.386385917663574,14.239238739013672,14.28954029083252,14.1548490524292,75983940,0.0,0.0,GOOGL
2010-04-06 00:00:00-04:00,14.250750541687012,14.286537170410156,14.149148941040039,14.219719886779785,14.085686683654785,82321596,0.0,0.0,GOOGL
2010-04-07 00:00:00-04:00,14.196697235107422,14.232982635498047,14.060561180114746,14.1026029586792,13.969674110412598,103136760,0.0,0.0,GOOGL
2010-04-08 00:00:00-04:00,14.097097396850586,14.26051139831543,14.015265464782715,14.201451301574707,14.067588806152344,77822100,0.0,0.0,GOOGL
2010-04-09 00:00:00-04:00,14.201451301574707,14.23348331451416,14.114113807678223,14.169670104980469,14.03610610961914,82181736,0.0,0.0,GOOGL
2010-04-12 00:00:00-04:00,14.197948455810547,14.364363670349121,14.169670104980469,14.3325834274292,14.19748592376709,94001904,0.0,0.0,GOOGL
2010-04-13 00:00:00-04:00,14.327577590942383,14.736737251281738,14.292543411254883,14.683934211730957,14.545522689819336,156335508,0.0,0.0,GOOGL
2010-04-14 00:00:00-04:00,14.766265869140625,14.823323249816895,14.61486530303955,14.739740371704102,14.60080337524414,135971892,0.0,0.0,GOOGL
2010-04-15 00:00:00-04:00,14.819068908691406,14.96096134185791,14.721972465515137,14.8973970413208,14.756975173950195,270201528,0.0,0.0,GOOGL
2010-04-16 00:00:00-04:00,14.089089393615723,14.23448371887207,13.754505157470703,13.767518043518066,13.637746810913086,488930580,0.0,0.0,GOOGL
2010-04-19 00:00:00-04:00,13.732481956481934,13.863614082336426,13.638639450073242,13.766265869140625,13.636505126953125,155604240,0.0,0.0,GOOGL
2010-04-20 00:00:00-04:00,13.868118286132812,14.005505561828613,13.790289878845215,13.88988971710205,13.758962631225586,118976904,0.0,0.0,GOOGL
2010-04-21 00:00:00-04:00,13.925424575805664,14.020270347595215,13.817817687988281,13.871371269226074,13.740618705749512,95564340,0.0,0.0,GOOGL
2010-04-22 00:00:00-04:00,13.813814163208008,13.826326370239258,13.597347259521484,13.690190315246582,13.561147689819336,131096772,0.0,0.0,GOOGL
2010-04-23 00:00:00-04:00,13.694945335388184,13.746747016906738,13.570320129394531,13.638387680053711,13.509833335876465,83492424,0.0,0.0,GOOGL
2010-04-26 00:00:00-04:00,13.637887954711914,13.638387680053711,13.24349308013916,13.304304122924805,13.178897857666016,174577248,0.0,0.0,GOOGL
2010-04-27 00:00:00-04:00,13.236987113952637,13.471721649169922,13.193943977355957,13.239740371704102,13.114941596984863,153634212,0.0,0.0,GOOGL
2010-04-28 00:00:00-04:00,13.315815925598145,13.384134292602539,13.038788795471191,13.242993354797363,13.118165969848633,136107756,0.0,0.0,GOOGL
2010-04-29 00:00:00-04:00,13.3475980758667,13.425926208496094,13.179929733276367,13.313312530517578,13.187821388244629,122233644,0.0,0.0,GOOGL
2010-04-30 00:00:00-04:00,13.291542053222656,13.45545482635498,13.149148941040039,13.155655860900879,13.031649589538574,97318584,0.0,0.0,GOOGL
2010-05-03 00:00:00-04:00,13.175676345825195,13.336336135864258,13.14013957977295,13.278278350830078,13.153117179870605,74237688,0.0,0.0,GOOGL
2010-05-04 00:00:00-04:00,13.176176071166992,13.181681632995605,12.617868423461914,12.671921730041504,12.55247688293457,242808948,0.0,0.0,GOOGL
2010-05-05 00:00:00-04:00,12.537036895751953,12.905905723571777,12.524273872375488,12.756756782531738,12.63651180267334,183104712,0.0,0.0,GOOGL
2010-05-06 00:00:00-04:00,12.731480598449707,12.950950622558594,11.51151180267334,12.479228973388672,12.361600875854492,199803996,0.0,0.0,GOOGL
2010-05-07 00:00:00-04:00,12.511761665344238,12.645646095275879,12.045294761657715,12.340841293334961,12.224515914916992,203356440,0.0,0.0,GOOGL
2010-05-10 00:00:00-04:00,12.862112045288086,13.08358383178711,12.827828407287598,13.054304122924805,12.931255340576172,164954880,0.0,0.0,GOOGL
2010-05-11 00:00:00-04:00,12.904655456542969,13.010009765625,12.718217849731445,12.738988876342773,12.618910789489746,132771096,0.0,0.0,GOOGL
2010-05-12 00:00:00-04:00,12.813814163208008,12.813814163208008,12.562562942504883,12.6473970413208,12.528182983398438,153917928,0.0,0.0,GOOGL
2010-05-13 00:00:00-04:00,12.925424575805664,13.06306266784668,12.772022247314453,12.784785270690918,12.664277076721191,132898968,0.0,0.0,GOOGL
2010-05-14 00:00:00-04:00,12.757006645202637,12.787537574768066,12.418668746948242,12.700950622558594,12.581231117248535,164475360,0.0,0.0,GOOGL
2010-05-17 00:00:00-04:00,12.682182312011719,12.721721649169922,12.471220970153809,12.71196174621582,12.592138290405273,111640248,0.0,0.0,GOOGL
2010-05-18 00:00:00-04:00,12.762763023376465,12.787036895751953,12.439188957214355,12.471721649169922,12.35416316986084,112906980,0.0,0.0,GOOGL
2010-05-19 00:00:00-04:00,12.41891860961914,12.49849796295166,12.205705642700195,12.373123168945312,12.256494522094727,137690172,0.0,0.0,GOOGL
2010-05-20 00:00:00-04:00,12.13888931274414,12.151652336120605,11.856857299804688,11.887137413024902,11.7750883102417,196335468,0.0,0.0,GOOGL
2010-05-21 00:00:00-04:00,11.738238334655762,12.137137413024902,11.621622085571289,11.81306266784668,11.701712608337402,387244368,0.0,0.0,GOOGL
2010-05-24 00:00:00-04:00,12.030280113220215,12.257006645202637,11.93193244934082,11.940940856933594,11.828386306762695,173650176,0.0,0.0,GOOGL
2010-05-25 00:00:00-04:00,11.71546459197998,11.948198318481445,11.611862182617188,11.938689231872559,11.826154708862305,120575304,0.0,0.0,GOOGL
2010-05-26 00:00:00-04:00,12.063814163208008,12.256256103515625,11.886886596679688,11.898649215698242,11.786492347717285,138884976,0.0,0.0,GOOGL
2010-05-27 00:00:00-04:00,12.135886192321777,12.320070266723633,12.038288116455078,12.273774147033691,12.1580810546875,112251636,0.0,0.0,GOOGL
2010-05-28 00:00:00-04:00,12.330830574035645,12.348599433898926,12.08708667755127,12.152902603149414,12.038349151611328,115676208,0.0,0.0,GOOGL
2010-06-01 00:00:00-04:00,12.022772789001465,12.288788795471191,12.0150146484375,12.071320533752441,11.957536697387695,106565328,0.0,0.0,GOOGL
2010-06-02 00:00:00-04:00,12.179179191589355,12.359108924865723,12.048548698425293,12.346596717834473,12.230216979980469,101530368,0.0,0.0,GOOGL
2010-06-03 00:00:00-04:00,12.39013957977295,12.712713241577148,12.37987995147705,12.652652740478516,12.533390045166016,145881972,0.0,0.0,GOOGL
2010-06-04 00:00:00-04:00,12.505505561828613,12.743993759155273,12.429929733276367,12.480480194091797,12.362838745117188,156655188,0.0,0.0,GOOGL
2010-06-07 00:00:00-04:00,12.488988876342773,12.535284996032715,12.090841293334961,12.150150299072266,12.035623550415039,145162692,0.0,0.0,GOOGL
2010-06-08 00:00:00-04:00,12.208457946777344,12.233233451843262,11.95044994354248,12.131631851196289,12.017278671264648,107296596,0.0,0.0,GOOGL
2010-06-09 00:00:00-04:00,12.192692756652832,12.234233856201172,11.811812400817871,11.862361907958984,11.750548362731934,109050840,0.0,0.0,GOOGL
2010-06-10 00:00:00-04:00,12.021270751953125,12.224724769592285,11.90790843963623,12.187437057495117,12.072558403015137,103012884,0.0,0.0,GOOGL
2010-06-11 00:00:00-04:00,12.074575424194336,12.22998046875,12.052553176879883,12.224724769592285,12.109495162963867,71196732,0.0,0.0,GOOGL
2010-06-14 00:00:00-04:00,12.374374389648438,12.37487506866455,12.091841697692871,12.091841697692871,11.977864265441895,81534384,0.0,0.0,GOOGL
2010-06-15 00:00:00-04:00,12.089089393615723,12.522522926330566,12.066567420959473,12.462211608886719,12.344741821289062,170213616,0.0,0.0,GOOGL
2010-06-16 00:00:00-04:00,12.416666984558105,12.6126127243042,12.415164947509766,12.544294357299805,12.42605209350586,91480428,0.0,0.0,GOOGL
2010-06-17 00:00:00-04:00,12.598849296569824,12.659408569335938,12.429679870605469,12.514514923095703,12.396553039550781,79012908,0.0,0.0,GOOGL
2010-06-18 00:00:00-04:00,12.575325012207031,12.599349021911621,12.465716361999512,12.513262748718262,12.39531135559082,114801084,0.0,0.0,GOOGL
2010-06-21 00:00:00-04:00,12.510009765625,12.536787033081055,12.134384155273438,12.226225852966309,12.110982894897461,119220660,0.0,0.0,GOOGL
2010-06-22 00:00:00-04:00,12.259759902954102,12.427427291870117,12.155405044555664,12.168417930603027,12.053718566894531,88699212,0.0,0.0,GOOGL
2010-06-23 00:00:00-04:00,12.184433937072754,12.184433937072754,11.96596622467041,12.063312530517578,11.949602127075195,81082836,0.0,0.0,GOOGL
2010-06-24 00:00:00-04:00,12.003503799438477,12.080830574035645,11.843342781066895,11.889389038085938,11.777318954467773,75668256,0.0,0.0,GOOGL
2010-06-25 00:00:00-04:00,11.938438415527344,11.953203201293945,11.775775909423828,11.828828811645508,11.717330932617188,89718192,0.0,0.0,GOOGL
2010-06-28 00:00:00-04:00,11.826577186584473,11.950700759887695,11.736987113952637,11.813814163208008,11.702458381652832,70421508,0.0,0.0,GOOGL
2010-06-29 00:00:00-04:00,11.5975980758667,11.625374794006348,11.289289474487305,11.367868423461914,11.260714530944824,139943916,0.0,0.0,GOOGL
2010-06-30 00:00:00-04:00,11.385384559631348,11.457206726074219,11.129129409790039,11.13488483428955,11.029929161071777,143983872,0.0,0.0,GOOGL
2010-07-01 00:00:00-04:00,11.143392562866211,11.221220970153809,10.851601600646973,10.998248100280762,10.894577026367188,140403456,0.0,0.0,GOOGL
2010-07-02 00:00:00-04:00,11.051551818847656,11.06806755065918,10.910910606384277,10.924674987792969,10.821699142456055,77362560,0.0,0.0,GOOGL
2010-07-06 00:00:00-04:00,11.11111068725586,11.202953338623047,10.851601600646973,10.912663459777832,10.80980110168457,102301596,0.0,0.0,GOOGL
2010-07-07 00:00:00-04:00,10.968718528747559,11.293543815612793,10.895395278930664,11.266265869140625,11.16007137298584,125062812,0.0,0.0,GOOGL
2010-07-08 00:00:00-04:00,11.350099563598633,11.444695472717285,11.252753257751465,11.425424575805664,11.317727088928223,106649244,0.0,0.0,GOOGL
2010-07-09 00:00:00-04:00,11.810811042785645,11.843342781066895,11.58108139038086,11.698948860168457,11.588674545288086,173086740,0.0,0.0,GOOGL
2010-07-12 00:00:00-04:00,11.821070671081543,11.997998237609863,11.788788795471191,11.907657623291016,11.795416831970215,133242624,0.0,0.0,GOOGL
2010-07-13 00:00:00-04:00,12.068318367004395,12.33708667755127,12.01901912689209,12.242241859436035,12.126847267150879,158892948,0.0,0.0,GOOGL
2010-07-14 00:00:00-04:00,12.259259223937988,12.358107566833496,12.173673629760742,12.295796394348145,12.179895401000977,124595280,0.0,0.0,GOOGL
2010-07-15 00:00:00-04:00,12.305556297302246,12.37987995147705,12.079078674316406,12.362862586975098,12.246330261230469,194133672,0.0,0.0,GOOGL
2010-07-16 00:00:00-04:00,11.739740371704102,11.775775909423828,11.499499320983887,11.501751899719238,11.393335342407227,312679008,0.0,0.0,GOOGL
2010-07-19 00:00:00-04:00,11.536787033081055,11.753003120422363,11.449448585510254,11.666166305541992,11.556201934814453,181829988,0.0,0.0,GOOGL
2010-07-20 00:00:00-04:00,11.537286758422852,12.086836814880371,11.526527404785156,12.051801681518555,11.938201904296875,162017820,0.0,0.0,GOOGL
2010-07-21 00:00:00-04:00,12.112112045288086,12.154655456542969,11.897647857666016,11.949448585510254,11.836813926696777,131052816,0.0,0.0,GOOGL
2010-07-22 00:00:00-04:00,12.092843055725098,12.236737251281738,12.074073791503906,12.1323823928833,12.018023490905762,85822092,0.0,0.0,GOOGL
2010-07-23 00:00:00-04:00,12.031281471252441,12.277027130126953,12.012262344360352,12.263764381408691,12.14816665649414,90485424,0.0,0.0,GOOGL
2010-07-26 00:00:00-04:00,12.23948860168457,12.281030654907227,12.134134292602539,12.236486434936523,12.121145248413086,79728192,0.0,0.0,GOOGL
2010-07-27 00:00:00-04:00,12.276777267456055,12.449950218200684,12.26651668548584,12.328078269958496,12.211873054504395,97949952,0.0,0.0,GOOGL
2010-07-28 00:00:00-04:00,12.385886192321777,12.393644332885742,12.078828811645508,12.120870590209961,12.00661849975586,99740160,0.0,0.0,GOOGL
2010-07-29 00:00:00-04:00,12.160910606384277,12.234233856201172,11.995244979858398,12.136886596679688,12.022483825683594,106912980,0.0,0.0,GOOGL
2010-07-30 00:00:00-04:00,12.003252983093262,12.196195602416992,11.990489959716797,12.133382797241211,12.019014358520508,85678236,0.0,0.0,GOOGL
2010-08-02 00:00:00-04:00,12.236987113952637,12.344344139099121,12.185686111450195,12.272522926330566,12.156843185424805,74273652,0.0,0.0,GOOGL
2010-08-03 00:00:00-04:00,12.274774551391602,12.323823928833008,12.181180953979492,12.258008003234863,12.142464637756348,72019908,0.0,0.0,GOOGL
2010-08-04 00:00:00-04:00,12.316817283630371,12.687687873840332,12.288538932800293,12.670671463012695,12.551238059997559,152347500,0.0,0.0,GOOGL
2010-08-05 00:00:00-04:00,12.659910202026367,12.727727890014648,12.601601600646973,12.715214729309082,12.59536075592041,96719184,0.0,0.0,GOOGL
2010-08-06 00:00:00-04:00,12.647647857666016,12.656155586242676,12.413663864135742,12.518017768859863,12.400022506713867,132647220,0.0,0.0,GOOGL
2010-08-09 00:00:00-04:00,12.568819046020508,12.650150299072266,12.546546936035156,12.646395683288574,12.527191162109375,74813112,0.0,0.0,GOOGL
2010-08-10 00:00:00-04:00,12.571320533752441,12.662663459777832,12.476726531982422,12.605355262756348,12.486536979675293,82877040,0.0,0.0,GOOGL
2010-08-11 00:00:00-04:00,12.455705642700195,12.462462425231934,12.299799919128418,12.305806159973145,12.189810752868652,88831080,0.0,0.0,GOOGL
2010-08-12 00:00:00-04:00,12.110610961914062,12.381131172180176,12.074825286865234,12.312562942504883,12.196504592895508,88095816,0.0,0.0,GOOGL
2010-08-13 00:00:00-04:00,12.237236976623535,12.292041778564453,12.1624116897583,12.170921325683594,12.056197166442871,77310612,0.0,0.0,GOOGL
2010-08-16 00:00:00-04:00,12.104104042053223,12.25900936126709,12.024524688720703,12.151902198791504,12.03735637664795,52147800,0.0,0.0,GOOGL
2010-08-17 00:00:00-04:00,12.225475311279297,12.37987995147705,12.16291332244873,12.275275230407715,12.159567832946777,75552372,0.0,0.0,GOOGL
2010-08-18 00:00:00-04:00,12.273273468017578,12.28403377532959,12.050801277160645,12.065815925598145,11.952083587646484,107348544,0.0,0.0,GOOGL
2010-08-19 00:00:00-04:00,12.037286758422852,12.074825286865234,11.69294261932373,11.71096134185791,11.60057544708252,156843000,0.0,0.0,GOOGL
2010-08-20 00:00:00-04:00,11.71096134185791,11.801551818847656,11.537036895751953,11.56206226348877,11.453079223632812,156547296,0.0,0.0,GOOGL
2010-08-23 00:00:00-04:00,11.549049377441406,11.717967987060547,11.454705238342285,11.613363265991211,11.503894805908203,119328552,0.0,0.0,GOOGL
2010-08-24 00:00:00-04:00,11.453953742980957,11.470721244812012,11.284283638000488,11.296046257019043,11.189569473266602,110397492,0.0,0.0,GOOGL
2010-08-25 00:00:00-04:00,11.261260986328125,11.456707000732422,11.261260986328125,11.376876831054688,11.269637107849121,103580316,0.0,0.0,GOOGL
2010-08-26 00:00:00-04:00,11.41291332244873,11.44294261932373,11.272272109985352,11.285785675048828,11.179405212402344,71008920,0.0,0.0,GOOGL
2010-08-27 00:00:00-04:00,11.325325012207031,11.511260986328125,11.202451705932617,11.482232093811035,11.37399959564209,92403504,0.0,0.0,GOOGL
2010-08-30 00:00:00-04:00,11.490240097045898,11.505505561828613,11.321822166442871,11.32857894897461,11.221795082092285,49206744,0.0,0.0,GOOGL
2010-08-31 00:00:00-04:00,11.26401424407959,11.383132934570312,11.211211204528809,11.261761665344238,11.155607223510742,77794128,0.0,0.0,GOOGL
2010-09-01 00:00:00-04:00,11.385886192321777,11.63513469696045,11.323823928833008,11.519769668579102,11.411185264587402,129002868,0.0,0.0,GOOGL
2010-09-02 00:00:00-04:00,11.5825834274292,11.622371673583984,11.519268989562988,11.59109115600586,11.481832504272461,67300632,0.0,0.0,GOOGL
2010-09-03 00:00:00-04:00,11.774774551391602,11.808809280395508,11.697697639465332,11.769268989562988,11.658330917358398,101514384,0.0,0.0,GOOGL
2010-09-07 00:00:00-04:00,11.624123573303223,11.701451301574707,11.58708667755127,11.621622085571289,11.512077331542969,68327604,0.0,0.0,GOOGL
2010-09-08 00:00:00-04:00,11.641390800476074,11.824323654174805,11.624374389648438,11.776275634765625,11.665274620056152,95975928,0.0,0.0,GOOGL
2010-09-09 00:00:00-04:00,11.957708358764648,12.022022247314453,11.776275634765625,11.91641616821289,11.804091453552246,97126776,0.0,0.0,GOOGL
2010-09-10 00:00:00-04:00,11.987486839294434,12.006756782531738,11.88888931274414,11.915414810180664,11.803099632263184,78893028,0.0,0.0,GOOGL
2010-09-13 00:00:00-04:00,12.03453540802002,12.120870590209961,12.000249862670898,12.068819046020508,11.955058097839355,89570340,0.0,0.0,GOOGL
2010-09-14 00:00:00-04:00,12.062312126159668,12.130881309509277,12.01401424407959,12.022772789001465,11.909445762634277,88571340,0.0,0.0,GOOGL
2010-09-15 00:00:00-04:00,12.010761260986328,12.059309005737305,11.97447395324707,12.028027534484863,11.914650917053223,96015888,0.0,0.0,GOOGL
2010-09-16 00:00:00-04:00,12.010761260986328,12.073323249816895,11.997246742248535,12.038538932800293,11.925064086914062,78701220,0.0,0.0,GOOGL
2010-09-17 00:00:00-04:00,12.105855941772461,12.292291641235352,12.041542053222656,12.266016006469727,12.150396347045898,225438336,0.0,0.0,GOOGL
2010-09-20 00:00:00-04:00,12.324825286865234,12.773022651672363,12.313814163208008,12.719719886779785,12.599823951721191,175963860,0.0,0.0,GOOGL
2010-09-21 00:00:00-04:00,12.754755020141602,13.012513160705566,12.735485076904297,12.849349021911621,12.728231430053711,178473348,0.0,0.0,GOOGL
2010-09-22 00:00:00-04:00,12.834334373474121,12.957456588745117,12.804804801940918,12.91291332244873,12.791194915771484,101382516,0.0,0.0,GOOGL
2010-09-23 00:00:00-04:00,12.878128051757812,13.005254745483398,12.795294761657715,12.849849700927734,12.728727340698242,92603304,0.0,0.0,GOOGL
2010-09-24 00:00:00-04:00,13.056556701660156,13.208958625793457,12.96946907043457,13.19544506072998,13.071063995361328,134141724,0.0,0.0,GOOGL
2010-09-27 00:00:00-04:00,13.23448371887207,13.434684753417969,13.23448371887207,13.273524284362793,13.148408889770508,124171704,0.0,0.0,GOOGL
2010-09-28 00:00:00-04:00,13.350350379943848,13.353102684020996,12.974224090576172,13.192441940307617,13.06808853149414,146041812,0.0,0.0,GOOGL
2010-09-29 00:00:00-04:00,13.20945930480957,13.336836814880371,13.130881309509277,13.20545482635498,13.080979347229004,86801112,0.0,0.0,GOOGL
2010-09-30 00:00:00-04:00,13.242241859436035,13.310059547424316,12.98598575592041,13.15790843963623,13.033881187438965,129634236,0.0,0.0,GOOGL
2010-10-01 00:00:00-04:00,13.263262748718262,13.278779029846191,13.088088035583496,13.153654098510742,13.029667854309082,88911000,0.0,0.0,GOOGL
2010-10-04 00:00:00-04:00,13.136886596679688,13.21946907043457,12.984233856201172,13.071822166442871,12.948606491088867,77542380,0.0,0.0,GOOGL
2010-10-05 00:00:00-04:00,13.222723007202148,13.513513565063477,13.176926612854004,13.469219207763672,13.342257499694824,140143716,0.0,0.0,GOOGL
2010-10-06 00:00:00-04:00,13.4949951171875,13.512262344360352,13.261761665344238,13.372121810913086,13.246076583862305,110381508,0.0,0.0,GOOGL
2010-10-07 00:00:00-04:00,13.418668746948242,13.443443298339844,13.241742134094238,13.263513565063477,13.1384916305542,95736168,0.0,0.0,GOOGL
2010-10-08 00:00:00-04:00,13.3325834274292,13.453453063964844,13.203703880310059,13.422171592712402,13.295654296875,114253632,0.0,0.0,GOOGL
2010-10-11 00:00:00-04:00,13.475475311279297,13.628628730773926,13.442692756652832,13.48448371887207,13.357378959655762,104946948,0.0,0.0,GOOGL
2010-10-12 00:00:00-04:00,13.51651668548584,13.663413047790527,13.458208084106445,13.548297882080078,13.420591354370117,149993856,0.0,0.0,GOOGL
2010-10-13 00:00:00-04:00,13.688689231872559,13.700950622558594,13.571822166442871,13.59609603881836,13.467938423156738,122101776,0.0,0.0,GOOGL
2010-10-14 00:00:00-04:00,13.618118286132812,13.64489459991455,13.441190719604492,13.536787033081055,13.409189224243164,265098636,0.0,0.0,GOOGL
2010-10-15 00:00:00-04:00,14.996747016906738,15.056056022644043,14.804804801940918,15.051301002502441,14.909427642822266,592399008,0.0,0.0,GOOGL
2010-10-18 00:00:00-04:00,15.028779029846191,15.507758140563965,15.028779029846191,15.458208084106445,15.312499046325684,283644072,0.0,0.0,GOOGL
2010-10-19 00:00:00-04:00,15.236486434936523,15.385886192321777,15.086586952209473,15.21096134185791,15.067583084106445,183332484,0.0,0.0,GOOGL
2010-10-20 00:00:00-04:00,15.218718528747559,15.449950218200684,15.202703475952148,15.214715003967285,15.071301460266113,140862996,0.0,0.0,GOOGL
2010-10-21 00:00:00-04:00,15.30305290222168,15.415414810180664,15.165164947509766,15.315065383911133,15.170705795288086,116703180,0.0,0.0,GOOGL
2010-10-22 00:00:00-04:00,15.313312530517578,15.385886192321777,15.26651668548584,15.32857894897461,15.184090614318848,90153756,0.0,0.0,GOOGL
2010-10-25 00:00:00-04:00,15.405155181884766,15.634134292602539,15.389639854431152,15.42792797088623,15.28250503540039,126209664,0.0,0.0,GOOGL
2010-10-26 00:00:00-04:00,15.342843055725098,15.546296119689941,15.291041374206543,15.480480194091797,15.334561347961426,100415484,0.0,0.0,GOOGL
2010-10-27 00:00:00-04:00,15.409660339355469,15.51551628112793,15.32357406616211,15.427177429199219,15.281761169433594,89586324,0.0,0.0,GOOGL
2010-10-28 00:00:00-04:00,15.516766548156738,15.54054069519043,15.347847938537598,15.47998046875,15.334065437316895,87284628,0.0,0.0,GOOGL
2010-10-29 00:00:00-04:00,15.442192077636719,15.490489959716797,15.340089797973633,15.357857704162598,15.213093757629395,91040868,0.0,0.0,GOOGL
2010-11-01 00:00:00-04:00,15.408658981323242,15.532032012939453,15.29554557800293,15.390390396118164,15.245321273803711,123360516,0.0,0.0,GOOGL
2010-11-02 00:00:00-04:00,15.482232093811035,15.51551628112793,15.37987995147705,15.405405044555664,15.260193824768066,79824096,0.0,0.0,GOOGL
2010-11-03 00:00:00-04:00,15.452953338623047,15.561310768127441,15.352852821350098,15.52001953125,15.373727798461914,135084780,0.0,0.0,GOOGL
2010-11-04 00:00:00-04:00,15.631631851196289,15.763764381408691,15.56806755065918,15.622371673583984,15.475114822387695,142689168,0.0,0.0,GOOGL
2010-11-05 00:00:00-04:00,15.595094680786133,15.652902603149414,15.543292999267578,15.642642974853516,15.495196342468262,70557372,0.0,0.0,GOOGL
2010-11-08 00:00:00-05:00,15.61611557006836,15.753003120422363,15.593844413757324,15.684934616088867,15.537087440490723,83967948,0.0,0.0,GOOGL
2010-11-09 00:00:00-05:00,15.765766143798828,15.787036895751953,15.528278350830078,15.636136054992676,15.488751411437988,89398512,0.0,0.0,GOOGL
2010-11-10 00:00:00-05:00,15.567567825317383,15.590591430664062,15.453203201293945,15.5875883102417,15.440659523010254,99780120,0.0,0.0,GOOGL
2010-11-11 00:00:00-05:00,15.508008003234863,15.511761665344238,15.370620727539062,15.445195198059082,15.299609184265137,90373536,0.0,0.0,GOOGL
2010-11-12 00:00:00-05:00,15.36511516571045,15.43793773651123,15.045294761657715,15.097347259521484,14.955039024353027,135584280,0.0,0.0,GOOGL
2010-11-15 00:00:00-05:00,15.09209156036377,15.11511516571045,14.86611557006836,14.901652336120605,14.761190414428711,139016844,0.0,0.0,GOOGL
2010-11-16 00:00:00-05:00,14.833833694458008,14.962211608886719,14.600851058959961,14.6076078414917,14.469917297363281,132163704,0.0,0.0,GOOGL
2010-11-17 00:00:00-05:00,14.639639854431152,14.752251625061035,14.548798561096191,14.603352546691895,14.465702056884766,97602300,0.0,0.0,GOOGL
2010-11-18 00:00:00-05:00,14.739740371704102,15.014514923095703,14.728729248046875,14.928929328918457,14.7882080078125,103496400,0.0,0.0,GOOGL
2010-11-19 00:00:00-05:00,14.939940452575684,14.962211608886719,14.773273468017578,14.78553581237793,14.64616870880127,91808100,0.0,0.0,GOOGL
2010-11-22 00:00:00-05:00,14.701451301574707,14.850851058959961,14.583333015441895,14.795294761657715,14.655834197998047,87376536,0.0,0.0,GOOGL
2010-11-23 00:00:00-05:00,14.689940452575684,14.739990234375,14.46946907043457,14.589839935302734,14.452316284179688,86417496,0.0,0.0,GOOGL
2010-11-24 00:00:00-05:00,14.697446823120117,14.929929733276367,14.690940856933594,14.889139175415039,14.74879264831543,95760144,0.0,0.0,GOOGL
2010-11-26 00:00:00-05:00,14.776275634765625,14.839339256286621,14.689689636230469,14.764764785766602,14.625592231750488,52391556,0.0,0.0,GOOGL
2010-11-29 00:00:00-05:00,14.743993759155273,14.759759902954102,14.513262748718262,14.567317008972168,14.43000602722168,114273612,0.0,0.0,GOOGL
2010-11-30 00:00:00-05:00,14.372371673583984,14.372371673583984,13.846596717834473,13.906657218933105,13.775572776794434,284411304,0.0,0.0,GOOGL
2010-12-01 00:00:00-05:00,14.089089393615723,14.303553581237793,14.074073791503906,14.122873306274414,13.989750862121582,150013836,0.0,0.0,GOOGL
2010-12-02 00:00:00-05:00,14.230731010437012,14.3475980758667,14.147897720336914,14.309809684753418,14.1749267578125,101814084,0.0,0.0,GOOGL
2010-12-03 00:00:00-05:00,14.250500679016113,14.42642593383789,14.214214324951172,14.339339256286621,14.20417594909668,105142752,0.0,0.0,GOOGL
2010-12-06 00:00:00-05:00,14.528779029846191,14.56456470489502,14.429679870605469,14.473472595214844,14.337044715881348,83668248,0.0,0.0,GOOGL
2010-12-07 00:00:00-05:00,14.796546936035156,14.839839935302734,14.664665222167969,14.693193435668945,14.554696083068848,121566312,0.0,0.0,GOOGL
2010-12-08 00:00:00-05:00,14.814064025878906,14.827828407287598,14.606857299804688,14.778278350830078,14.63897705078125,70205724,0.0,0.0,GOOGL
2010-12-09 00:00:00-05:00,14.861862182617188,14.904403686523438,14.739740371704102,14.802302360534668,14.662775993347168,74681244,0.0,0.0,GOOGL
2010-12-10 00:00:00-05:00,14.843342781066895,14.864615440368652,14.772022247314453,14.820070266723633,14.680376052856445,68119812,0.0,0.0,GOOGL
2010-12-13 00:00:00-05:00,14.94294261932373,15.090089797973633,14.867116928100586,14.880379676818848,14.740116119384766,95844060,0.0,0.0,GOOGL
2010-12-14 00:00:00-05:00,14.942192077636719,14.972222328186035,14.826827049255371,14.887638092041016,14.747307777404785,65666268,0.0,0.0,GOOGL
2010-12-15 00:00:00-05:00,14.86987018585205,14.926176071166992,14.74349308013916,14.772272109985352,14.633028984069824,86621292,0.0,0.0,GOOGL
2010-12-16 00:00:00-05:00,14.83608627319336,14.859108924865723,14.716465950012207,14.807558059692383,14.667981147766113,63812124,0.0,0.0,GOOGL
2010-12-17 00:00:00-05:00,14.789790153503418,14.828828811645508,14.706456184387207,14.784785270690918,14.645423889160156,123360516,0.0,0.0,GOOGL
2010-12-20 00:00:00-05:00,14.881131172180176,14.96196174621582,14.731230735778809,14.891390800476074,14.751026153564453,78853068,0.0,0.0,GOOGL
2010-12-21 00:00:00-05:00,14.979228973388672,15.133132934570312,14.955204963684082,15.091841697692871,14.949586868286133,75104820,0.0,0.0,GOOGL
2010-12-22 00:00:00-05:00,15.11511516571045,15.190190315246582,15.097097396850586,15.1524019241333,15.009574890136719,48251700,0.0,0.0,GOOGL
2010-12-23 00:00:00-05:00,15.148649215698242,15.165164947509766,15.065815925598145,15.120870590209961,14.978341102600098,44387568,0.0,0.0,GOOGL
2010-12-27 00:00:00-05:00,15.08358383178711,15.109609603881836,15.002503395080566,15.074575424194336,14.932482719421387,48275676,0.0,0.0,GOOGL
2010-12-28 00:00:00-05:00,15.066315650939941,15.111862182617188,14.965214729309082,14.987988471984863,14.846712112426758,42549408,0.0,0.0,GOOGL
2010-12-29 00:00:00-05:00,15.065065383911133,15.075325012207031,14.987988471984863,15.040040016174316,14.898272514343262,40727232,0.0,0.0,GOOGL
2010-12-30 00:00:00-05:00,14.964964866638184,15.048297882080078,14.949700355529785,14.986486434936523,14.845224380493164,39540420,0.0,0.0,GOOGL
2010-12-31 00:00:00-05:00,14.933432579040527,14.975475311279297,14.815566062927246,14.864113807678223,14.724005699157715,61510428,0.0,0.0,GOOGL
2011-01-03 00:00:00-05:00,14.926926612854004,15.154905319213867,14.926926612854004,15.123873710632324,14.981315612792969,94513392,0.0,0.0,GOOGL
2011-01-04 00:00:00-05:00,15.155655860900879,15.169670104980469,15.018017768859863,15.06806755065918,14.92603588104248,72907020,0.0,0.0,GOOGL
2011-01-05 00:00:00-05:00,15.016766548156738,15.273524284362793,15.016265869140625,15.241991996765137,15.098321914672852,101190708,0.0,0.0,GOOGL
2011-01-06 00:00:00-05:00,15.282281875610352,15.476225852966309,15.26651668548584,15.352852821350098,15.208136558532715,82229688,0.0,0.0,GOOGL
2011-01-07 00:00:00-05:00,15.413163185119629,15.471721649169922,15.268519401550293,15.42642593383789,15.28101634979248,83963952,0.0,0.0,GOOGL
2011-01-10 00:00:00-05:00,15.385384559631348,15.400150299072266,15.229228973388672,15.370620727539062,15.225736618041992,63104832,0.0,0.0,GOOGL
2011-01-11 00:00:00-05:00,15.458208084106445,15.485485076904297,15.377878189086914,15.415665626525879,15.270357131958008,57514428,0.0,0.0,GOOGL
2011-01-12 00:00:00-05:00,15.499249458312988,15.499249458312988,15.384634971618652,15.437187194824219,15.29167652130127,65242692,0.0,0.0,GOOGL
2011-01-13 00:00:00-05:00,15.439689636230469,15.507257461547852,15.369368553161621,15.432682991027832,15.287214279174805,53306640,0.0,0.0,GOOGL
2011-01-14 00:00:00-05:00,15.45044994354248,15.622371673583984,15.442441940307617,15.62012004852295,15.472884178161621,94529376,0.0,0.0,GOOGL
2011-01-18 00:00:00-05:00,15.667166709899902,16.06581687927246,15.6473970413208,16.006757736206055,15.855877876281738,144535320,0.0,0.0,GOOGL
2011-01-19 00:00:00-05:00,16.069068908691406,16.090089797973633,15.757257461547852,15.80955982208252,15.660537719726562,136107756,0.0,0.0,GOOGL
2011-01-20 00:00:00-05:00,15.821070671081543,15.867868423461914,15.597847938537598,15.684934616088867,15.537087440490723,219212568,0.0,0.0,GOOGL
2011-01-21 00:00:00-05:00,16.00550651550293,16.059309005737305,15.299299240112305,15.311060905456543,15.166738510131836,355819824,0.0,0.0,GOOGL
2011-01-24 00:00:00-05:00,15.20445442199707,15.327577590942383,15.045796394348145,15.292291641235352,15.148146629333496,183784032,0.0,0.0,GOOGL
2011-01-25 00:00:00-05:00,15.220219612121582,15.532782554626465,15.178177833557129,15.513262748718262,15.367034912109375,145726128,0.0,0.0,GOOGL
2011-01-26 00:00:00-05:00,15.523774147033691,15.577828407287598,15.3973970413208,15.42792797088623,15.28250503540039,81442476,0.0,0.0,GOOGL
2011-01-27 00:00:00-05:00,15.462713241577148,15.508008003234863,15.346596717834473,15.435185432434082,15.289693832397461,80687232,0.0,0.0,GOOGL
2011-01-28 00:00:00-05:00,15.492241859436035,15.524524688720703,15.00900936126709,15.039790153503418,14.898025512695312,169074756,0.0,0.0,GOOGL
2011-01-31 00:00:00-05:00,15.10510540008545,15.126876831054688,14.903654098510742,15.02402400970459,14.882408142089844,112083804,0.0,0.0,GOOGL
2011-02-01 00:00:00-05:00,15.127376556396484,15.349099159240723,15.092843055725098,15.291291236877441,15.14715576171875,109702188,0.0,0.0,GOOGL
2011-02-02 00:00:00-05:00,15.290289878845215,15.373873710632324,15.203453063964844,15.315315246582031,15.170951843261719,70357572,0.0,0.0,GOOGL
2011-02-03 00:00:00-05:00,15.252251625061035,15.301551818847656,15.168417930603027,15.26901912689209,15.125092506408691,59744196,0.0,0.0,GOOGL
2011-02-04 00:00:00-05:00,15.26901912689209,15.301301002502441,15.18043041229248,15.289790153503418,15.145668029785156,61969968,0.0,0.0,GOOGL
2011-02-07 00:00:00-05:00,15.269268989562988,15.475225448608398,15.245494842529297,15.372623443603516,15.227721214294434,71912016,0.0,0.0,GOOGL
2011-02-08 00:00:00-05:00,15.388639450073242,15.506256103515625,15.378128051757812,15.474974632263184,15.329107284545898,67728204,0.0,0.0,GOOGL
2011-02-09 00:00:00-05:00,15.437187194824219,15.501751899719238,15.323823928833008,15.42792797088623,15.28250503540039,73626300,0.0,0.0,GOOGL
2011-02-10 00:00:00-05:00,15.362862586975098,15.452953338623047,15.304304122924805,15.42642593383789,15.28101634979248,93282624,0.0,0.0,GOOGL
2011-02-11 00:00:00-05:00,15.36011028289795,15.640641212463379,15.340339660644531,15.628128051757812,15.480816841125488,103492404,0.0,0.0,GOOGL
2011-02-14 00:00:00-05:00,15.599099159240723,15.756756782531738,15.51651668548584,15.71946907043457,15.571298599243164,85034880,0.0,0.0,GOOGL
2011-02-15 00:00:00-05:00,15.698698997497559,15.768017768859863,15.593092918395996,15.619368553161621,15.472140312194824,83596320,0.0,0.0,GOOGL
2011-02-16 00:00:00-05:00,15.65640640258789,15.678177833557129,15.56806755065918,15.621121406555176,15.473877906799316,67292640,0.0,0.0,GOOGL
2011-02-17 00:00:00-05:00,15.546796798706055,15.69694709777832,15.522522926330566,15.647147178649902,15.499656677246094,59092848,0.0,0.0,GOOGL
2011-02-18 00:00:00-05:00,15.665665626525879,15.795294761657715,15.62012004852295,15.767767906188965,15.619140625,128587284,0.0,0.0,GOOGL
2011-02-22 00:00:00-05:00,15.516265869140625,15.63888931274414,15.20945930480957,15.27052116394043,15.126582145690918,145450404,0.0,0.0,GOOGL
2011-02-23 00:00:00-05:00,15.273524284362793,15.382883071899414,15.11511516571045,15.298297882080078,15.154096603393555,115468416,0.0,0.0,GOOGL
2011-02-24 00:00:00-05:00,15.300049781799316,15.3425931930542,15.048798561096191,15.235735893249512,15.092123031616211,108359532,0.0,0.0,GOOGL
2011-02-25 00:00:00-05:00,15.311812400817871,15.383382797241211,15.252753257751465,15.266265869140625,15.122365951538086,77218704,0.0,0.0,GOOGL
2011-02-28 00:00:00-05:00,15.265265464782715,15.427678108215332,15.21546459197998,15.350350379943848,15.205657958984375,91168740,0.0,0.0,GOOGL
2011-03-01 00:00:00-05:00,15.459959983825684,15.495996475219727,14.997496604919434,15.03403377532959,14.89232349395752,132795072,0.0,0.0,GOOGL
2011-03-02 00:00:00-05:00,15.010009765625,15.165164947509766,14.894644737243652,15.034785270690918,14.893068313598633,80986932,0.0,0.0,GOOGL
2011-03-03 00:00:00-05:00,15.174674987792969,15.302553176879883,15.14013957977295,15.254254341125488,15.110466957092285,77734188,0.0,0.0,GOOGL
2011-03-04 00:00:00-05:00,15.223472595214844,15.239740371704102,15.02001953125,15.03053092956543,14.88885498046875,120319560,0.0,0.0,GOOGL
2011-03-07 00:00:00-05:00,15.028779029846191,15.107357025146484,14.689689636230469,14.806305885314941,14.666741371154785,138369492,0.0,0.0,GOOGL
2011-03-08 00:00:00-05:00,14.838088035583496,14.96446418762207,14.769769668579102,14.822572708129883,14.682855606079102,91304604,0.0,0.0,GOOGL
2011-03-09 00:00:00-05:00,14.789790153503418,14.877628326416016,14.658408164978027,14.809059143066406,14.669468879699707,85953960,0.0,0.0,GOOGL
2011-03-10 00:00:00-05:00,14.650650978088379,14.680179595947266,14.500750541687012,14.522022247314453,14.385138511657715,124998876,0.0,0.0,GOOGL
2011-03-11 00:00:00-05:00,14.469969749450684,14.514514923095703,14.3475980758667,14.432182312011719,14.296144485473633,121158720,0.0,0.0,GOOGL
2011-03-14 00:00:00-04:00,14.334334373474121,14.471721649169922,14.214715003967285,14.26401424407959,14.129563331604004,112531356,0.0,0.0,GOOGL
2011-03-15 00:00:00-04:00,13.951451301574707,14.289289474487305,13.901400566101074,14.253252983093262,14.11889934539795,160063776,0.0,0.0,GOOGL
2011-03-16 00:00:00-04:00,14.21446418762207,14.25900936126709,13.795796394348145,13.94144058227539,13.810027122497559,151788060,0.0,0.0,GOOGL
2011-03-17 00:00:00-04:00,14.126126289367676,14.239238739013672,14.027527809143066,14.04804801940918,13.915632247924805,115856028,0.0,0.0,GOOGL
2011-03-18 00:00:00-04:00,14.13012981414795,14.213964462280273,14.007508277893066,14.04054069519043,13.908194541931152,131812056,0.0,0.0,GOOGL
2011-03-21 00:00:00-04:00,14.269769668579102,14.509510040283203,14.239740371704102,14.426926612854004,14.290938377380371,120715164,0.0,0.0,GOOGL
2011-03-22 00:00:00-04:00,14.446195602416992,14.495244979858398,14.32707691192627,14.447446823120117,14.311264038085938,75400524,0.0,0.0,GOOGL
2011-03-23 00:00:00-04:00,14.394144058227539,14.575825691223145,14.314313888549805,14.56856918334961,14.431243896484375,72575352,0.0,0.0,GOOGL
2011-03-24 00:00:00-04:00,14.650400161743164,14.72447395324707,14.48448371887207,14.68693733215332,14.54849910736084,83864052,0.0,0.0,GOOGL
2011-03-25 00:00:00-04:00,14.686687469482422,14.687437057495117,14.495494842529297,14.508008003234863,14.371255874633789,114221664,0.0,0.0,GOOGL
2011-03-28 00:00:00-04:00,14.566315650939941,14.639389038085938,14.382131576538086,14.398398399353027,14.262680053710938,88647264,0.0,0.0,GOOGL
2011-03-29 00:00:00-04:00,14.414414405822754,14.561812400817871,14.339590072631836,14.557807922363281,14.420586585998535,64127808,0.0,0.0,GOOGL
2011-03-30 00:00:00-04:00,14.624123573303223,14.652152061462402,14.52902889251709,14.560561180114746,14.42331314086914,56835108,0.0,0.0,GOOGL
2011-03-31 00:00:00-04:00,14.589590072631836,14.718718528747559,14.55805778503418,14.683684349060059,14.54527759552002,81094824,0.0,0.0,GOOGL
2011-04-01 00:00:00-04:00,14.733734130859375,14.894644737243652,14.733734130859375,14.809809684753418,14.670212745666504,104423472,0.0,0.0,GOOGL
2011-04-04 00:00:00-04:00,14.839839935302734,14.883382797241211,14.59209156036377,14.706707000732422,14.568081855773926,82097820,0.0,0.0,GOOGL
2011-04-05 00:00:00-04:00,14.541542053222656,14.551801681518555,14.156155586242676,14.241491317749023,14.107250213623047,241658100,0.0,0.0,GOOGL
2011-04-06 00:00:00-04:00,14.318819046020508,14.393392562866211,14.214214324951172,14.368868827819824,14.233427047729492,106625268,0.0,0.0,GOOGL
2011-04-07 00:00:00-04:00,14.407657623291016,14.53053092956543,14.369118690490723,14.514514923095703,14.377700805664062,101158740,0.0,0.0,GOOGL
2011-04-08 00:00:00-04:00,14.636886596679688,14.636886596679688,14.46596622467041,14.468467712402344,14.3320894241333,75995928,0.0,0.0,GOOGL
2011-04-11 00:00:00-04:00,14.419419288635254,14.46696662902832,14.339339256286621,14.448698997497559,14.312505722045898,74253672,0.0,0.0,GOOGL
2011-04-12 00:00:00-04:00,14.389389038085938,14.437187194824219,14.21546459197998,14.279529571533203,14.144930839538574,83340576,0.0,0.0,GOOGL
2011-04-13 00:00:00-04:00,14.402152061462402,14.45445442199707,14.30805778503418,14.42142105102539,14.285484313964844,82693224,0.0,0.0,GOOGL
2011-04-14 00:00:00-04:00,14.394144058227539,14.500750541687012,14.316817283630371,14.477227210998535,14.340766906738281,218033748,0.0,0.0,GOOGL
2011-04-15 00:00:00-04:00,13.645895957946777,13.6574068069458,13.264764785766602,13.280780792236328,13.155597686767578,561186252,0.0,0.0,GOOGL
2011-04-18 00:00:00-04:00,13.173673629760742,13.204705238342285,12.987988471984863,13.184184074401855,13.059910774230957,201390408,0.0,0.0,GOOGL
2011-04-19 00:00:00-04:00,13.262011528015137,13.285284996032715,13.03553581237793,13.051301002502441,12.928278923034668,107256636,0.0,0.0,GOOGL
2011-04-20 00:00:00-04:00,13.160660743713379,13.183684349060059,13.047798156738281,13.15640640258789,13.032395362854004,122277600,0.0,0.0,GOOGL
2011-04-21 00:00:00-04:00,13.20044994354248,13.220219612121582,13.072822570800781,13.140641212463379,13.016777038574219,98705196,0.0,0.0,GOOGL
2011-04-25 00:00:00-04:00,13.144393920898438,13.188187599182129,13.063312530517578,13.139389038085938,13.01553726196289,65166768,0.0,0.0,GOOGL
2011-04-26 00:00:00-04:00,13.176176071166992,13.449448585510254,13.143392562866211,13.333833694458008,13.208148956298828,139860000,0.0,0.0,GOOGL
2011-04-27 00:00:00-04:00,13.463462829589844,13.466216087341309,13.372121810913086,13.457456588745117,13.330604553222656,91844064,0.0,0.0,GOOGL
2011-04-28 00:00:00-04:00,13.464964866638184,13.494745254516602,13.365365028381348,13.462713241577148,13.335813522338867,79920000,0.0,0.0,GOOGL
2011-04-29 00:00:00-04:00,13.513513565063477,13.61611557006836,13.476225852966309,13.61611557006836,13.48776912689209,168970860,0.0,0.0,GOOGL
2011-05-02 00:00:00-04:00,13.656155586242676,13.656907081604004,13.44144058227539,13.477477073669434,13.350438117980957,85262652,0.0,0.0,GOOGL
2011-05-03 00:00:00-04:00,13.441692352294922,13.563814163208008,13.254003524780273,13.360610961914062,13.234673500061035,83176740,0.0,0.0,GOOGL
2011-05-04 00:00:00-04:00,13.392642974853516,13.48848819732666,13.338838577270508,13.408158302307129,13.28177261352539,84595320,0.0,0.0,GOOGL
2011-05-05 00:00:00-04:00,13.35986042022705,13.498998641967773,13.300801277160645,13.37012004852295,13.244094848632812,79832088,0.0,0.0,GOOGL
2011-05-06 00:00:00-04:00,13.467217445373535,13.550049781799316,13.392892837524414,13.395895957946777,13.269627571105957,82161756,0.0,0.0,GOOGL
2011-05-09 00:00:00-04:00,13.388387680053711,13.475726127624512,13.290790557861328,13.45545482635498,13.328624725341797,77870052,0.0,0.0,GOOGL
2011-05-10 00:00:00-04:00,13.513513565063477,13.624374389648438,13.45195198059082,13.580080032348633,13.45207405090332,81634284,0.0,0.0,GOOGL
2011-05-11 00:00:00-04:00,13.517017364501953,13.602352142333984,13.355606079101562,13.399649620056152,13.273343086242676,93458448,0.0,0.0,GOOGL
2011-05-12 00:00:00-04:00,13.394393920898438,13.43693733215332,13.286035537719727,13.389639854431152,13.263427734375,57874068,0.0,0.0,GOOGL
2011-05-13 00:00:00-04:00,13.378628730773926,13.41141128540039,13.23948860168457,13.252001762390137,13.127087593078613,84263652,0.0,0.0,GOOGL
2011-05-16 00:00:00-04:00,13.170921325683594,13.194945335388184,12.92292308807373,12.973472595214844,12.851183891296387,118209672,0.0,0.0,GOOGL
2011-05-17 00:00:00-04:00,12.898649215698242,13.293793678283691,12.888639450073242,13.274774551391602,13.149646759033203,132011856,0.0,0.0,GOOGL
2011-05-18 00:00:00-04:00,13.251751899719238,13.27152156829834,13.155655860900879,13.258508682250977,13.13353443145752,78049872,0.0,0.0,GOOGL
2011-05-19 00:00:00-04:00,13.331582069396973,13.426926612854004,13.256256103515625,13.29454517364502,13.169230461120605,98649252,0.0,0.0,GOOGL
2011-05-20 00:00:00-04:00,13.308307647705078,13.31306266784668,13.091341018676758,13.113863945007324,12.990251541137695,92607300,0.0,0.0,GOOGL
2011-05-23 00:00:00-04:00,12.92792797088623,13.013012886047363,12.847847938537598,12.972723007202148,12.850441932678223,91908000,0.0,0.0,GOOGL
2011-05-24 00:00:00-04:00,13.022272109985352,13.112112045288086,12.966716766357422,12.96946907043457,12.847219467163086,75924000,0.0,0.0,GOOGL
2011-05-25 00:00:00-04:00,12.946195602416992,13.082331657409668,12.944193840026855,13.004755020141602,12.882171630859375,52011936,0.0,0.0,GOOGL
2011-05-26 00:00:00-04:00,12.95545482635498,13.066065788269043,12.887887954711914,12.966216087341309,12.84399700164795,84655260,0.0,0.0,GOOGL
2011-05-27 00:00:00-04:00,12.974974632263184,13.057807922363281,12.920419692993164,13.03553581237793,12.912662506103516,69762168,0.0,0.0,GOOGL
2011-05-31 00:00:00-04:00,13.138137817382812,13.23948860168457,13.100601196289062,13.238739013671875,13.113950729370117,107384508,0.0,0.0,GOOGL
2011-06-01 00:00:00-04:00,13.214214324951172,13.343342781066895,13.145895957946777,13.153153419494629,13.029172897338867,118117764,0.0,0.0,GOOGL
2011-06-02 00:00:00-04:00,13.202451705932617,13.270771026611328,13.075075149536133,13.214715003967285,13.0901517868042,88091820,0.0,0.0,GOOGL
2011-06-03 00:00:00-04:00,13.06306266784668,13.203203201293945,13.050551414489746,13.090089797973633,12.966700553894043,69870060,0.0,0.0,GOOGL
2011-06-06 00:00:00-04:00,13.101601600646973,13.183684349060059,12.994243621826172,13.03954029083252,12.916629791259766,77606316,0.0,0.0,GOOGL
2011-06-07 00:00:00-04:00,13.085334777832031,13.128878593444824,12.987737655639648,12.988739013671875,12.86630630493164,76227696,0.0,0.0,GOOGL
2011-06-08 00:00:00-04:00,12.926176071166992,13.04404354095459,12.9074068069458,12.992241859436035,12.869776725769043,66069864,0.0,0.0,GOOGL
2011-06-09 00:00:00-04:00,13.013012886047363,13.013012886047363,12.90390396118164,12.931180953979492,12.80929183959961,67496436,0.0,0.0,GOOGL
2011-06-10 00:00:00-04:00,12.86486530303955,12.930179595947266,12.7449951171875,12.750500679016113,12.630314826965332,97498404,0.0,0.0,GOOGL
2011-06-13 00:00:00-04:00,12.762763023376465,12.767767906188965,12.566817283630371,12.630881309509277,12.511822700500488,96994908,0.0,0.0,GOOGL
2011-06-14 00:00:00-04:00,12.716465950012207,12.86486530303955,12.687437057495117,12.721972465515137,12.602054595947266,93566340,0.0,0.0,GOOGL
2011-06-15 00:00:00-04:00,12.638387680053711,12.721470832824707,12.527777671813965,12.586336135864258,12.467698097229004,82849068,0.0,0.0,GOOGL
2011-06-16 00:00:00-04:00,12.582833290100098,12.676926612854004,12.429179191589355,12.521772384643555,12.403742790222168,110169720,0.0,0.0,GOOGL
2011-06-17 00:00:00-04:00,12.667166709899902,12.679929733276367,12.132131576538086,12.137638092041016,12.02322769165039,209606184,0.0,0.0,GOOGL
2011-06-20 00:00:00-04:00,12.137137413024902,12.16791820526123,11.992742538452148,12.126626968383789,12.012321472167969,121022856,0.0,0.0,GOOGL
2011-06-21 00:00:00-04:00,12.19194221496582,12.360860824584961,12.130379676818848,12.337336540222168,12.221044540405273,110505384,0.0,0.0,GOOGL
2011-06-22 00:00:00-04:00,12.298548698425293,12.321070671081543,12.18043041229248,12.187437057495117,12.072558403015137,96187716,0.0,0.0,GOOGL
2011-06-23 00:00:00-04:00,12.065315246582031,12.08358383178711,11.85510540008545,12.017518043518066,11.904241561889648,191875932,0.0,0.0,GOOGL
2011-06-24 00:00:00-04:00,12.02902889251709,12.030780792236328,11.837336540222168,11.88388442993164,11.771868705749512,152071776,0.0,0.0,GOOGL
2011-06-27 00:00:00-04:00,11.861862182617188,12.222222328186035,11.851852416992188,12.08208179473877,11.968196868896484,137650212,0.0,0.0,GOOGL
2011-06-28 00:00:00-04:00,12.1126127243042,12.417668342590332,12.1126127243042,12.353604316711426,12.237159729003906,108495396,0.0,0.0,GOOGL
2011-06-29 00:00:00-04:00,12.425926208496094,12.518769264221191,12.321822166442871,12.451702117919922,12.334333419799805,93626280,0.0,0.0,GOOGL
2011-06-30 00:00:00-04:00,12.562312126159668,12.679429054260254,12.550049781799316,12.672171592712402,12.55272388458252,97038864,0.0,0.0,GOOGL
2011-07-01 00:00:00-04:00,12.681180953979492,13.042543411254883,12.672171592712402,13.038788795471191,12.915884017944336,145322532,0.0,0.0,GOOGL
2011-07-05 00:00:00-04:00,13.145646095275879,13.398398399353027,13.145646095275879,13.324323654174805,13.198729515075684,153814032,0.0,0.0,GOOGL
2011-07-06 00:00:00-04:00,13.350851058959961,13.476225852966309,13.339339256286621,13.3973970413208,13.271113395690918,107716176,0.0,0.0,GOOGL
2011-07-07 00:00:00-04:00,13.538538932800293,13.780780792236328,13.410409927368164,13.678679466247559,13.549744606018066,157262580,0.0,0.0,GOOGL
2011-07-08 00:00:00-04:00,13.33708667755127,13.454705238342285,13.194945335388184,13.31306266784668,13.187575340270996,190617192,0.0,0.0,GOOGL
2011-07-11 00:00:00-04:00,13.217718124389648,13.41291332244873,13.150650978088379,13.195195198059082,13.070816993713379,113458428,0.0,0.0,GOOGL
2011-07-12 00:00:00-04:00,13.217217445373535,13.498998641967773,13.163163185119629,13.363614082336426,13.237648010253906,113534352,0.0,0.0,GOOGL
2011-07-13 00:00:00-04:00,13.438438415527344,13.613614082336426,13.425424575805664,13.469969749450684,13.343002319335938,111496392,0.0,0.0,GOOGL
2011-07-14 00:00:00-04:00,13.491491317749023,13.56356430053711,13.18143081665039,13.236737251281738,13.111967086791992,265714020,0.0,0.0,GOOGL
2011-07-15 00:00:00-04:00,14.952451705932617,15.021270751953125,14.718718528747559,14.95545482635498,14.814484596252441,548734716,0.0,0.0,GOOGL
2011-07-18 00:00:00-04:00,14.82707691192627,15.066315650939941,14.814814567565918,14.888387680053711,14.748050689697266,178553268,0.0,0.0,GOOGL
2011-07-19 00:00:00-04:00,14.918417930603027,15.132131576538086,14.903153419494629,15.078828811645508,14.936697006225586,118581300,0.0,0.0,GOOGL
2011-07-20 00:00:00-04:00,15.06956958770752,15.085836410522461,14.898649215698242,14.898649215698242,14.758213996887207,89022888,0.0,0.0,GOOGL
2011-07-21 00:00:00-04:00,14.865615844726562,15.216716766357422,14.86511516571045,15.189940452575684,15.046759605407715,138641220,0.0,0.0,GOOGL
2011-07-22 00:00:00-04:00,15.149900436401367,15.503003120422363,15.121871948242188,15.471220970153809,15.325387954711914,140986872,0.0,0.0,GOOGL
2011-07-25 00:00:00-04:00,15.349349021911621,15.650900840759277,15.340339660644531,15.489990234375,15.343981742858887,125138736,0.0,0.0,GOOGL
2011-07-26 00:00:00-04:00,15.466716766357422,15.703203201293945,15.445945739746094,15.57857894897461,15.43173599243164,93622284,0.0,0.0,GOOGL
2011-07-27 00:00:00-04:00,15.444945335388184,15.539289474487305,15.13388442993164,15.195695877075195,15.052460670471191,157218624,0.0,0.0,GOOGL
2011-07-28 00:00:00-04:00,15.14489459991455,15.414915084838867,15.090089797973633,15.288788795471191,15.144678115844727,124211664,0.0,0.0,GOOGL
2011-07-29 00:00:00-04:00,15.120870590209961,15.389389038085938,15.107357025146484,15.107357025146484,14.96495532989502,165330504,0.0,0.0,GOOGL
2011-08-01 00:00:00-04:00,15.295796394348145,15.402902603149414,14.994494438171387,15.184433937072754,15.041305541992188,158485356,0.0,0.0,GOOGL
2011-08-02 00:00:00-04:00,15.165164947509766,15.257006645202637,14.804054260253906,14.824825286865234,14.685086250305176,127895976,0.0,0.0,GOOGL
2011-08-03 00:00:00-04:00,14.871622085571289,15.090089797973633,14.605355262756348,15.044294357299805,14.902485847473145,152874972,0.0,0.0,GOOGL
2011-08-04 00:00:00-04:00,14.877376556396484,14.986235618591309,14.451201438903809,14.452451705932617,14.316224098205566,196387416,0.0,0.0,GOOGL
2011-08-05 00:00:00-04:00,14.578078269958496,14.764764785766602,14.064064025878906,14.490489959716797,14.353902816772461,236926836,0.0,0.0,GOOGL
2011-08-08 00:00:00-04:00,14.08858871459961,14.239238739013672,13.622371673583984,13.664163589477539,13.535364151000977,299564136,0.0,0.0,GOOGL
2011-08-09 00:00:00-04:00,14.03903865814209,14.379630088806152,13.538788795471191,14.349599838256836,14.214339256286621,258529212,0.0,0.0,GOOGL
2011-08-10 00:00:00-04:00,14.048548698425293,14.117116928100586,13.70695686340332,13.738988876342773,13.609484672546387,214569216,0.0,0.0,GOOGL
2011-08-11 00:00:00-04:00,13.859358787536621,14.226726531982422,13.723974227905273,14.067317008972168,13.93471908569336,193030776,0.0,0.0,GOOGL
2011-08-12 00:00:00-04:00,14.251751899719238,14.276777267456055,14.02402400970459,14.108358383178711,13.975372314453125,126045828,0.0,0.0,GOOGL
2011-08-15 00:00:00-04:00,13.849599838256836,14.13888931274414,13.664915084838867,13.944695472717285,13.813253402709961,285510204,0.0,0.0,GOOGL
2011-08-16 00:00:00-04:00,13.824575424194336,13.824825286865234,13.270771026611328,13.48848819732666,13.361345291137695,277298424,0.0,0.0,GOOGL
2011-08-17 00:00:00-04:00,13.514264106750488,13.605855941772461,13.282532691955566,13.34209156036377,13.216329574584961,163000836,0.0,0.0,GOOGL
2011-08-18 00:00:00-04:00,13.099849700927734,13.135384559631348,12.524774551391602,12.634634971618652,12.515541076660156,251376372,0.0,0.0,GOOGL
2011-08-19 00:00:00-04:00,12.495996475219727,12.884634971618652,12.283783912658691,12.285284996032715,12.16948413848877,216183600,0.0,0.0,GOOGL
2011-08-22 00:00:00-04:00,12.6126127243042,12.687687873840332,12.375625610351562,12.466716766357422,12.349205017089844,196039764,0.0,0.0,GOOGL
2011-08-23 00:00:00-04:00,12.600099563598633,13.048297882080078,12.488988876342773,12.98348331451416,12.861100196838379,173698128,0.0,0.0,GOOGL
2011-08-24 00:00:00-04:00,12.996246337890625,13.263262748718262,12.943694114685059,13.095344543457031,12.971908569335938,143636220,0.0,0.0,GOOGL
2011-08-25 00:00:00-04:00,13.272772789001465,13.445195198059082,12.970470428466797,13.01401424407959,12.89134407043457,131588280,0.0,0.0,GOOGL
2011-08-26 00:00:00-04:00,13.012763023376465,13.274524688720703,12.841341018676758,13.184684753417969,13.060405731201172,143708148,0.0,0.0,GOOGL
2011-08-29 00:00:00-04:00,13.377376556396484,13.499750137329102,13.352352142333984,13.490489959716797,13.36332893371582,93338568,0.0,0.0,GOOGL
2011-08-30 00:00:00-04:00,13.468217849731445,13.588337898254395,13.283534049987793,13.531030654907227,13.403488159179688,119440440,0.0,0.0,GOOGL
2011-08-31 00:00:00-04:00,13.632131576538086,13.671171188354492,13.413413047790527,13.537537574768066,13.409932136535645,107624268,0.0,0.0,GOOGL
2011-09-01 00:00:00-04:00,13.532281875610352,13.609358787536621,13.293793678283691,13.325825691223145,13.200218200683594,96523380,0.0,0.0,GOOGL
2011-09-02 00:00:00-04:00,13.12487506866455,13.211211204528809,13.031281471252441,13.134134292602539,13.010332107543945,95951952,0.0,0.0,GOOGL
2011-09-06 00:00:00-04:00,12.782782554626465,13.08208179473877,12.775275230407715,13.067567825317383,12.944392204284668,108523368,0.0,0.0,GOOGL
2011-09-07 00:00:00-04:00,13.274524688720703,13.411911964416504,13.198198318481445,13.364113807678223,13.238143920898438,110121768,0.0,0.0,GOOGL
2011-09-08 00:00:00-04:00,13.358358383178711,13.49099063873291,13.310811042785645,13.3873872756958,13.261197090148926,95124780,0.0,0.0,GOOGL
2011-09-09 00:00:00-04:00,13.298297882080078,13.379630088806152,13.042793273925781,13.134384155273438,13.010579109191895,130621248,0.0,0.0,GOOGL
2011-09-12 00:00:00-04:00,12.96196174621582,13.31306266784668,12.95044994354248,13.266265869140625,13.141218185424805,106709184,0.0,0.0,GOOGL
2011-09-13 00:00:00-04:00,13.313312530517578,13.360360145568848,13.098097801208496,13.251251220703125,13.12634563446045,94073832,0.0,0.0,GOOGL
2011-09-14 00:00:00-04:00,13.328078269958496,13.437187194824219,13.158658981323242,13.315065383911133,13.189557075500488,107668224,0.0,0.0,GOOGL
2011-09-15 00:00:00-04:00,13.400900840759277,13.638137817382812,13.377376556396484,13.577577590942383,13.44959545135498,118313568,0.0,0.0,GOOGL
2011-09-16 00:00:00-04:00,13.633633613586426,13.684684753417969,13.59209156036377,13.680681228637695,13.551725387573242,141230628,0.0,0.0,GOOGL
2011-09-19 00:00:00-04:00,13.522272109985352,13.761260986328125,13.397897720336914,13.68043041229248,13.551480293273926,98637264,0.0,0.0,GOOGL
2011-09-20 00:00:00-04:00,13.748748779296875,13.976977348327637,13.580329895019531,13.679429054260254,13.550487518310547,111052836,0.0,0.0,GOOGL
2011-09-21 00:00:00-04:00,13.70595645904541,13.88888931274414,13.4849853515625,13.49349308013916,13.366303443908691,100471428,0.0,0.0,GOOGL
2011-09-22 00:00:00-04:00,13.169419288635254,13.232732772827148,12.862862586975098,13.029529571533203,12.906713485717773,175835988,0.0,0.0,GOOGL
2011-09-23 00:00:00-04:00,12.926926612854004,13.173673629760742,12.875374794006348,13.150900840759277,13.026942253112793,110980908,0.0,0.0,GOOGL
2011-09-26 00:00:00-04:00,13.194443702697754,13.336586952209473,12.844094276428223,13.310561180114746,13.18509578704834,105262632,0.0,0.0,GOOGL
2011-09-27 00:00:00-04:00,13.468467712402344,13.689940452575684,13.414665222167969,13.496996879577637,13.369773864746094,120315564,0.0,0.0,GOOGL
2011-09-28 00:00:00-04:00,13.551051139831543,13.614113807678223,13.205705642700195,13.234233856201172,13.109487533569336,90441468,0.0,0.0,GOOGL
2011-09-29 00:00:00-04:00,13.414414405822754,13.445945739746094,12.998248100280762,13.200700759887695,13.076271057128906,116147736,0.0,0.0,GOOGL
2011-09-30 00:00:00-04:00,13.018267631530762,13.113113403320312,12.872371673583984,12.88888931274414,12.767399787902832,108835056,0.0,0.0,GOOGL
2011-10-03 00:00:00-04:00,12.75900936126709,12.812812805175781,12.3873872756958,12.400400161743164,12.283514022827148,178797024,0.0,0.0,GOOGL
2011-10-04 00:00:00-04:00,12.263012886047363,12.598599433898926,12.027027130126953,12.560059547424316,12.441667556762695,166185648,0.0,0.0,GOOGL
2011-10-05 00:00:00-04:00,12.421171188354492,12.707708358764648,12.031281471252441,12.63012981414795,12.511078834533691,181182636,0.0,0.0,GOOGL
2011-10-06 00:00:00-04:00,12.700200080871582,12.893644332885742,12.577577590942383,12.880631446838379,12.759218215942383,136835028,0.0,0.0,GOOGL
2011-10-07 00:00:00-04:00,12.933684349060059,13.02552604675293,12.770270347595215,12.890891075134277,12.769381523132324,114121764,0.0,0.0,GOOGL
2011-10-10 00:00:00-04:00,13.142642974853516,13.450200080871582,13.093092918395996,13.442692756652832,13.3159818649292,92795112,0.0,0.0,GOOGL
2011-10-11 00:00:00-04:00,13.349849700927734,13.683684349060059,13.349849700927734,13.593092918395996,13.464963912963867,114021864,0.0,0.0,GOOGL
2011-10-12 00:00:00-04:00,13.71696662902832,13.894644737243652,13.629379272460938,13.726225852966309,13.596842765808105,126984888,0.0,0.0,GOOGL
2011-10-13 00:00:00-04:00,13.764514923095703,13.988988876342773,13.714214324951172,13.988739013671875,13.856882095336914,227276496,0.0,0.0,GOOGL
2011-10-14 00:00:00-04:00,15.001751899719238,15.0050048828125,14.703953742980957,14.806806564331055,14.667235374450684,340854804,0.0,0.0,GOOGL
2011-10-17 00:00:00-04:00,14.6076078414917,14.810561180114746,14.46446418762207,14.574825286865234,14.437443733215332,160167672,0.0,0.0,GOOGL
2011-10-18 00:00:00-04:00,14.519268989562988,14.828828811645508,14.449448585510254,14.777527809143066,14.63823413848877,151879968,0.0,0.0,GOOGL
2011-10-19 00:00:00-04:00,14.698198318481445,14.816315650939941,14.4949951171875,14.532032012939453,14.395052909851074,117142740,0.0,0.0,GOOGL
2011-10-20 00:00:00-04:00,14.56206226348877,14.736987113952637,14.502251625061035,14.606355667114258,14.468676567077637,135024840,0.0,0.0,GOOGL
2011-10-21 00:00:00-04:00,14.752503395080566,14.83358383178711,14.682182312011719,14.777027130126953,14.637739181518555,135504360,0.0,0.0,GOOGL
2011-10-24 00:00:00-04:00,14.682682991027832,15.014264106750488,14.677177429199219,14.925424575805664,14.784738540649414,136938924,0.0,0.0,GOOGL
2011-10-25 00:00:00-04:00,14.842342376708984,14.88988971710205,14.585836410522461,14.59359359741211,14.456032752990723,101518380,0.0,0.0,GOOGL
2011-10-26 00:00:00-04:00,14.753503799438477,14.769268989562988,14.335836410522461,14.672422409057617,14.534119606018066,114809076,0.0,0.0,GOOGL
2011-10-27 00:00:00-04:00,14.975475311279297,15.0825834274292,14.847347259521484,14.981732368469238,14.840514183044434,151060788,0.0,0.0,GOOGL
2011-10-28 00:00:00-04:00,14.877878189086914,15.072572708129883,14.871121406555176,15.018519401550293,14.876955032348633,100219680,0.0,0.0,GOOGL
2011-10-31 00:00:00-04:00,14.892142295837402,15.007257461547852,14.806556701660156,14.830830574035645,14.691036224365234,102209688,0.0,0.0,GOOGL
2011-11-01 00:00:00-04:00,14.517017364501953,14.6524019241333,14.433182716369629,14.480731010437012,14.344234466552734,124878996,0.0,0.0,GOOGL
2011-11-02 00:00:00-04:00,14.637137413024902,14.713713645935059,14.526527404785156,14.63513469696045,14.497185707092285,84751164,0.0,0.0,GOOGL
2011-11-03 00:00:00-04:00,14.689689636230469,14.952451705932617,14.6076078414917,14.952451705932617,14.81151008605957,106685208,0.0,0.0,GOOGL
2011-11-04 00:00:00-04:00,14.852352142333984,15.008508682250977,14.825575828552246,14.918417930603027,14.777796745300293,113278608,0.0,0.0,GOOGL
2011-11-07 00:00:00-05:00,14.847847938537598,15.234734535217285,14.820570945739746,15.223472595214844,15.079977035522461,134161704,0.0,0.0,GOOGL
2011-11-08 00:00:00-05:00,15.240240097045898,15.374625205993652,15.10510540008545,15.323823928833008,15.179381370544434,121054824,0.0,0.0,GOOGL
2011-11-09 00:00:00-05:00,15.121622085571289,15.25,14.981480598449707,15.038788795471191,14.89703369140625,148291560,0.0,0.0,GOOGL
2011-11-10 00:00:00-05:00,15.163413047790527,15.16391372680664,14.803804397583008,14.891892433166504,14.751521110534668,114621264,0.0,0.0,GOOGL
2011-11-11 00:00:00-05:00,15.047548294067383,15.317567825317383,14.97998046875,15.223974227905273,15.08047103881836,158920920,0.0,0.0,GOOGL
2011-11-14 00:00:00-05:00,15.215214729309082,15.467467308044434,15.209710121154785,15.340339660644531,15.195741653442383,127420452,0.0,0.0,GOOGL
2011-11-15 00:00:00-05:00,15.335334777832031,15.467467308044434,15.277777671813965,15.429429054260254,15.283990859985352,106932960,0.0,0.0,GOOGL
2011-11-16 00:00:00-05:00,15.317317008972168,15.472972869873047,15.28053092956543,15.302051544189453,15.157814979553223,104235660,0.0,0.0,GOOGL
2011-11-17 00:00:00-05:00,15.26651668548584,15.322572708129883,14.934433937072754,15.036787033081055,14.895049095153809,139592268,0.0,0.0,GOOGL
2011-11-18 00:00:00-05:00,15.065065383911133,15.127628326416016,14.858609199523926,14.886886596679688,14.746562957763672,131376492,0.0,0.0,GOOGL
2011-11-21 00:00:00-05:00,14.708708763122559,14.727227210998535,14.316567420959473,14.53803825378418,14.40100383758545,119931948,0.0,0.0,GOOGL
2011-11-22 00:00:00-05:00,14.514514923095703,14.63888931274414,14.395395278930664,14.514514923095703,14.377700805664062,96115788,0.0,0.0,GOOGL
2011-11-23 00:00:00-05:00,14.398147583007812,14.520771026611328,14.267017364501953,14.267017364501953,14.132536888122559,92938968,0.0,0.0,GOOGL
2011-11-25 00:00:00-05:00,14.14389419555664,14.371121406555176,14.047296524047852,14.089089393615723,13.956286430358887,62433504,0.0,0.0,GOOGL
2011-11-28 00:00:00-05:00,14.498748779296875,14.735235214233398,14.426926612854004,14.71946907043457,14.580723762512207,113042844,0.0,0.0,GOOGL
2011-11-29 00:00:00-05:00,14.711711883544922,14.773774147033691,14.547798156738281,14.587838172912598,14.450332641601562,73198728,0.0,0.0,GOOGL
2011-11-30 00:00:00-05:00,14.963713645935059,15.002753257751465,14.81706714630127,14.999750137329102,14.858363151550293,135744120,0.0,0.0,GOOGL
2011-12-01 00:00:00-05:00,15.0150146484375,15.415414810180664,14.989990234375,15.359609603881836,15.214829444885254,144679176,0.0,0.0,GOOGL
2011-12-02 00:00:00-05:00,15.441692352294922,15.615615844726562,15.421921730041504,15.524524688720703,15.378191947937012,163264572,0.0,0.0,GOOGL
2011-12-05 00:00:00-05:00,15.706707000732422,15.813312530517578,15.575575828552246,15.656907081604004,15.50932502746582,127772100,0.0,0.0,GOOGL
2011-12-06 00:00:00-05:00,15.590339660644531,15.731230735778809,15.52152156829834,15.60986042022705,15.46272087097168,92966940,0.0,0.0,GOOGL
2011-12-07 00:00:00-05:00,15.557558059692383,15.657156944274902,15.467967987060547,15.600350379943848,15.453302383422852,90201708,0.0,0.0,GOOGL
2011-12-08 00:00:00-05:00,15.541542053222656,15.70195198059082,15.397897720336914,15.416666984558105,15.271350860595703,96427476,0.0,0.0,GOOGL
2011-12-09 00:00:00-05:00,15.46546459197998,15.743993759155273,15.440690994262695,15.701201438903809,15.553201675415039,110537352,0.0,0.0,GOOGL
2011-12-12 00:00:00-05:00,15.562562942504883,15.670169830322266,15.522772789001465,15.650400161743164,15.502880096435547,87268644,0.0,0.0,GOOGL
2011-12-13 00:00:00-05:00,15.734734535217285,15.929929733276367,15.586836814880371,15.65640640258789,15.508829116821289,160966872,0.0,0.0,GOOGL
2011-12-14 00:00:00-05:00,15.561812400817871,15.623623847961426,15.327577590942383,15.467217445373535,15.321422576904297,155991852,0.0,0.0,GOOGL
2011-12-15 00:00:00-05:00,15.57857894897461,15.615615844726562,15.482732772827148,15.504003524780273,15.35786247253418,96247656,0.0,0.0,GOOGL
2011-12-16 00:00:00-05:00,15.623623847961426,15.748748779296875,15.552302360534668,15.664665222167969,15.517009735107422,178193628,0.0,0.0,GOOGL
2011-12-19 00:00:00-05:00,15.71596622467041,15.728227615356445,15.51551628112793,15.561310768127441,15.414629936218262,85654260,0.0,0.0,GOOGL
2011-12-20 00:00:00-05:00,15.715716361999512,15.811812400817871,15.71546459197998,15.775025367736816,15.626330375671387,95432472,0.0,0.0,GOOGL
2011-12-21 00:00:00-05:00,15.766016006469727,15.811310768127441,15.48948860168457,15.661161422729492,15.513538360595703,99816084,0.0,0.0,GOOGL
2011-12-22 00:00:00-05:00,15.71446418762207,15.809059143066406,15.690940856933594,15.758257865905762,15.609720230102539,72819108,0.0,0.0,GOOGL
2011-12-23 00:00:00-05:00,15.815815925598145,15.882883071899414,15.779780387878418,15.844344139099121,15.69499683380127,58089852,0.0,0.0,GOOGL
2011-12-27 00:00:00-05:00,15.81706714630127,16.12837791442871,15.815815925598145,16.02227210998535,15.871246337890625,64191744,0.0,0.0,GOOGL
2011-12-28 00:00:00-05:00,16.084835052490234,16.141141891479492,15.968467712402344,16.008508682250977,15.857613563537598,85002912,0.0,0.0,GOOGL
2011-12-29 00:00:00-05:00,16.053302764892578,16.09109115600586,15.895895957946777,16.07607650756836,15.924545288085938,62952984,0.0,0.0,GOOGL
2011-12-30 00:00:00-05:00,16.066566467285156,16.185184478759766,16.066566467285156,16.163663864135742,16.011306762695312,71220708,0.0,0.0,GOOGL
2012-01-03 00:00:00-05:00,16.339839935302734,16.720470428466797,16.325576782226562,16.651901245117188,16.49493980407715,146912940,0.0,0.0,GOOGL
2012-01-04 00:00:00-05:00,16.642391204833984,16.77302360534668,16.532032012939453,16.723724365234375,16.56608772277832,114445440,0.0,0.0,GOOGL
2012-01-05 00:00:00-05:00,16.569820404052734,16.61586570739746,16.42217254638672,16.491741180419922,16.336292266845703,131184684,0.0,0.0,GOOGL
2012-01-06 00:00:00-05:00,16.4952449798584,16.516517639160156,16.261011123657227,16.266767501831055,16.11343765258789,107608284,0.0,0.0,GOOGL
2012-01-09 00:00:00-05:00,16.178678512573242,16.191190719604492,15.546296119689941,15.57707691192627,15.43024730682373,232671096,0.0,0.0,GOOGL
2012-01-10 00:00:00-05:00,15.759510040283203,15.860860824584961,15.438187599182129,15.594094276428223,15.447103500366211,175648176,0.0,0.0,GOOGL
2012-01-11 00:00:00-05:00,15.603102684020996,15.750500679016113,15.543543815612793,15.664665222167969,15.517009735107422,95904000,0.0,0.0,GOOGL
2012-01-12 00:00:00-05:00,15.796296119689941,15.838088035583496,15.678177833557129,15.756756782531738,15.608232498168945,74932992,0.0,0.0,GOOGL
2012-01-13 00:00:00-05:00,15.672171592712402,15.689438819885254,15.542041778564453,15.640390396118164,15.492965698242188,92199708,0.0,0.0,GOOGL
2012-01-17 00:00:00-05:00,15.815315246582031,15.815315246582031,15.657657623291016,15.730230331420898,15.58195686340332,76295628,0.0,0.0,GOOGL
2012-01-18 00:00:00-05:00,15.68143081665039,15.865865707397461,15.56856918334961,15.83858871459961,15.689294815063477,110357532,0.0,0.0,GOOGL
2012-01-19 00:00:00-05:00,16.040790557861328,16.040790557861328,15.802302360534668,16.0052547454834,15.854389190673828,251959788,0.0,0.0,GOOGL
2012-01-20 00:00:00-05:00,14.778027534484863,14.789790153503418,14.55705738067627,14.664414405822754,14.526187896728516,422628948,0.0,0.0,GOOGL
2012-01-23 00:00:00-05:00,14.664665222167969,14.731230735778809,14.59359359741211,14.652652740478516,14.514537811279297,136379484,0.0,0.0,GOOGL
2012-01-24 00:00:00-05:00,14.672673225402832,14.706707000732422,14.46446418762207,14.537788391113281,14.400754928588867,122109768,0.0,0.0,GOOGL
2012-01-25 00:00:00-05:00,14.452201843261719,14.482232093811035,14.173673629760742,14.25150203704834,14.117169380187988,199308492,0.0,0.0,GOOGL
2012-01-26 00:00:00-05:00,14.313814163208008,14.376376152038574,14.127878189086914,14.216716766357422,14.082710266113281,128918952,0.0,0.0,GOOGL
2012-01-27 00:00:00-05:00,14.283783912658691,14.522522926330566,14.247496604919434,14.51401424407959,14.377206802368164,144555300,0.0,0.0,GOOGL
2012-01-30 00:00:00-05:00,14.465716361999512,14.514514923095703,14.349349021911621,14.456707000732422,14.32043743133545,93126780,0.0,0.0,GOOGL
2012-01-31 00:00:00-05:00,14.589590072631836,14.614615440368652,14.393142700195312,14.517267227172852,14.380428314208984,85610304,0.0,0.0,GOOGL
2012-02-01 00:00:00-05:00,14.638137817382812,14.652152061462402,14.492993354797363,14.535284996032715,14.398275375366211,92735172,0.0,0.0,GOOGL
2012-02-02 00:00:00-05:00,14.636385917663574,14.674924850463867,14.566567420959473,14.6423921585083,14.504372596740723,96491412,0.0,0.0,GOOGL
2012-02-03 00:00:00-05:00,14.781281471252441,14.941692352294922,14.71596622467041,14.923172950744629,14.782506942749023,126613260,0.0,0.0,GOOGL
2012-02-06 00:00:00-05:00,14.89013957977295,15.286035537719727,14.86511516571045,15.242491722106934,15.09881591796875,147036816,0.0,0.0,GOOGL
2012-02-07 00:00:00-05:00,15.193943977355957,15.25,15.109108924865723,15.184433937072754,15.041305541992188,83600316,0.0,0.0,GOOGL
2012-02-08 00:00:00-05:00,15.231230735778809,15.299049377441406,15.133633613586426,15.26151180267334,15.117656707763672,73382544,0.0,0.0,GOOGL
2012-02-09 00:00:00-05:00,15.315815925598145,15.377878189086914,15.240240097045898,15.301801681518555,15.157565116882324,90497412,0.0,0.0,GOOGL
2012-02-10 00:00:00-05:00,15.212211608886719,15.218467712402344,15.11511516571045,15.16291332244873,15.019987106323242,92914992,0.0,0.0,GOOGL
2012-02-13 00:00:00-05:00,15.277777671813965,15.361360549926758,15.265766143798828,15.320320129394531,15.175909996032715,72579348,0.0,0.0,GOOGL
2012-02-14 00:00:00-05:00,15.303804397583008,15.315315246582031,15.134134292602539,15.259259223937988,15.115425109863281,72075852,0.0,0.0,GOOGL
2012-02-15 00:00:00-05:00,15.33858871459961,15.33858871459961,15.079078674316406,15.154153823852539,15.011310577392578,96938964,0.0,0.0,GOOGL
2012-02-16 00:00:00-05:00,15.085585594177246,15.235485076904297,14.958208084106445,15.178177833557129,15.03510856628418,101134764,0.0,0.0,GOOGL
2012-02-17 00:00:00-05:00,15.139389038085938,15.20595645904541,15.075075149536133,15.131131172180176,14.988506317138672,97866036,0.0,0.0,GOOGL
2012-02-21 00:00:00-05:00,15.111862182617188,15.462462425231934,15.08708667755127,15.365365028381348,15.220531463623047,99132768,0.0,0.0,GOOGL
2012-02-22 00:00:00-05:00,15.314313888549805,15.434934616088867,15.18293285369873,15.213713645935059,15.070307731628418,78601320,0.0,0.0,GOOGL
2012-02-23 00:00:00-05:00,15.190190315246582,15.213713645935059,15.023774147033691,15.16791820526123,15.024946212768555,82117800,0.0,0.0,GOOGL
2012-02-24 00:00:00-05:00,15.198948860168457,15.306556701660156,15.152902603149414,15.262763023376465,15.118895530700684,77346576,0.0,0.0,GOOGL
2012-02-27 00:00:00-05:00,15.179929733276367,15.324323654174805,15.141641616821289,15.247998237609863,15.104270935058594,72483444,0.0,0.0,GOOGL
2012-02-28 00:00:00-05:00,15.265265464782715,15.509759902954102,15.207206726074219,15.475225448608398,15.32935619354248,113790096,0.0,0.0,GOOGL
2012-02-29 00:00:00-05:00,15.480480194091797,15.655655860900879,15.402902603149414,15.471721649169922,15.325885772705078,125350524,0.0,0.0,GOOGL
2012-03-01 00:00:00-05:00,15.57207202911377,15.658158302307129,15.469219207763672,15.575575828552246,15.428759574890137,89418492,0.0,0.0,GOOGL
2012-03-02 00:00:00-05:00,15.565566062927246,15.615615844726562,15.523524284362793,15.546796798706055,15.400252342224121,62869068,0.0,0.0,GOOGL
2012-03-05 00:00:00-05:00,15.526275634765625,15.577828407287598,15.299799919128418,15.371622085571289,15.226729393005371,63668268,0.0,0.0,GOOGL
2012-03-06 00:00:00-05:00,15.216465950012207,15.235485076904297,14.860860824584961,15.139139175415039,14.996437072753906,126849024,0.0,0.0,GOOGL
2012-03-07 00:00:00-05:00,15.241491317749023,15.295044898986816,15.161662101745605,15.185185432434082,15.042049407958984,50529420,0.0,0.0,GOOGL
2012-03-08 00:00:00-05:00,15.266265869140625,15.302803039550781,15.173924446105957,15.193694114685059,15.0504789352417,53766180,0.0,0.0,GOOGL
2012-03-09 00:00:00-05:00,15.213964462280273,15.312812805175781,15.0150146484375,15.021270751953125,14.879680633544922,106717176,0.0,0.0,GOOGL
2012-03-12 00:00:00-04:00,15.0150146484375,15.190190315246582,14.996496200561523,15.14389419555664,15.001147270202637,66693240,0.0,0.0,GOOGL
2012-03-13 00:00:00-04:00,15.233983993530273,15.461711883544922,15.15390396118164,15.459959983825684,15.314234733581543,89742168,0.0,0.0,GOOGL
2012-03-14 00:00:00-04:00,15.390390396118164,15.585084915161133,15.351852416992188,15.415164947509766,15.269862174987793,117358524,0.0,0.0,GOOGL
2012-03-15 00:00:00-04:00,15.43043041229248,15.603102684020996,15.386136054992676,15.543793678283691,15.397279739379883,97306596,0.0,0.0,GOOGL
2012-03-16 00:00:00-04:00,15.537788391113281,15.663413047790527,15.516766548156738,15.641641616821289,15.494203567504883,121897980,0.0,0.0,GOOGL
2012-03-19 00:00:00-04:00,15.59359359741211,15.947697639465332,15.546546936035156,15.865365028381348,15.71581745147705,86825088,0.0,0.0,GOOGL
2012-03-20 00:00:00-04:00,15.788788795471191,15.9174165725708,15.697446823120117,15.853102684020996,15.7036714553833,61558380,0.0,0.0,GOOGL
2012-03-21 00:00:00-04:00,15.881131172180176,16.200950622558594,15.82857894897461,16.01551628112793,15.864553451538086,98685216,0.0,0.0,GOOGL
2012-03-22 00:00:00-04:00,15.97847843170166,16.236236572265625,15.790790557861328,16.167417526245117,16.015024185180664,96311592,0.0,0.0,GOOGL
2012-03-23 00:00:00-04:00,16.181180953979492,16.228729248046875,16.03853988647461,16.08083152770996,15.929251670837402,77530392,0.0,0.0,GOOGL
2012-03-26 00:00:00-04:00,16.141141891479492,16.253503799438477,16.004505157470703,16.24949836730957,16.096332550048828,72695232,0.0,0.0,GOOGL
2012-03-27 00:00:00-04:00,16.19194221496582,16.353853225708008,16.13613510131836,16.191692352294922,16.0390682220459,80207712,0.0,0.0,GOOGL
2012-03-28 00:00:00-04:00,16.317066192626953,16.481231689453125,16.293292999267578,16.410409927368164,16.25572395324707,101454444,0.0,0.0,GOOGL
2012-03-29 00:00:00-04:00,16.352352142333984,16.431180953979492,16.123624801635742,16.226476669311523,16.073522567749023,76895028,0.0,0.0,GOOGL
2012-03-30 00:00:00-04:00,16.310060501098633,16.35360336303711,16.041040420532227,16.047046661376953,15.89578914642334,92335572,0.0,0.0,GOOGL
2012-04-02 00:00:00-04:00,16.03528594970703,16.203704833984375,15.886886596679688,16.189189910888672,16.036592483520508,91276632,0.0,0.0,GOOGL
2012-04-03 00:00:00-04:00,16.15140151977539,16.2149658203125,15.981982231140137,16.081581115722656,15.929996490478516,81714204,0.0,0.0,GOOGL
2012-04-04 00:00:00-04:00,15.977227210998535,15.99099063873291,15.793292999267578,15.894644737243652,15.744821548461914,65038896,0.0,0.0,GOOGL
2012-04-05 00:00:00-04:00,15.821822166442871,15.926676750183105,15.72998046875,15.823823928833008,15.674668312072754,92655252,0.0,0.0,GOOGL
2012-04-09 00:00:00-04:00,15.727727890014648,15.899148941040039,15.647897720336914,15.786787033081055,15.637979507446289,87220692,0.0,0.0,GOOGL
2012-04-10 00:00:00-04:00,15.853854179382324,15.878377914428711,15.629379272460938,15.687187194824219,15.53931999206543,99180720,0.0,0.0,GOOGL
2012-04-11 00:00:00-04:00,15.86511516571045,15.915916442871094,15.798297882080078,15.914915084838867,15.764901161193848,87872040,0.0,0.0,GOOGL
2012-04-12 00:00:00-04:00,16.074825286865234,16.344844818115234,16.022523880004883,16.291542053222656,16.137977600097656,230033736,0.0,0.0,GOOGL
2012-04-13 00:00:00-04:00,16.204954147338867,16.240991592407227,15.604104042053223,15.630631446838379,15.483297348022461,326045628,0.0,0.0,GOOGL
2012-04-16 00:00:00-04:00,15.590591430664062,15.610860824584961,15.056556701660156,15.166916847229004,15.023954391479492,227456316,0.0,0.0,GOOGL
2012-04-17 00:00:00-04:00,15.229228973388672,15.457708358764648,15.19044017791748,15.254505157470703,15.110716819763184,120835044,0.0,0.0,GOOGL
2012-04-18 00:00:00-04:00,15.216465950012207,15.335334777832031,15.085334777832031,15.201451301574707,15.058160781860352,106673220,0.0,0.0,GOOGL
2012-04-19 00:00:00-04:00,15.1574068069458,15.421921730041504,14.989990234375,14.997496604919434,14.85612964630127,131652216,0.0,0.0,GOOGL
2012-04-20 00:00:00-04:00,15.121371269226074,15.236486434936523,14.910660743713379,14.91641616821289,14.775814056396484,122213664,0.0,0.0,GOOGL
2012-04-23 00:00:00-04:00,14.837336540222168,14.976225852966309,14.769769668579102,14.954955101013184,14.813989639282227,87824088,0.0,0.0,GOOGL
2012-04-24 00:00:00-04:00,14.97097110748291,15.180931091308594,14.947948455810547,15.046796798706055,14.904963493347168,77086836,0.0,0.0,GOOGL
2012-04-25 00:00:00-04:00,15.11511516571045,15.299049377441406,15.08708667755127,15.258257865905762,15.114434242248535,72771156,0.0,0.0,GOOGL
2012-04-26 00:00:00-04:00,15.28803825378418,15.46546459197998,15.257758140563965,15.402152061462402,15.25697135925293,83616300,0.0,0.0,GOOGL
2012-04-27 00:00:00-04:00,15.390891075134277,15.433934211730957,15.280280113220215,15.38988971710205,15.244824409484863,65390544,0.0,0.0,GOOGL
2012-04-30 00:00:00-04:00,15.340089797973633,15.4174165725708,15.030280113220215,15.136385917663574,14.9937105178833,96195708,0.0,0.0,GOOGL
2012-05-01 00:00:00-04:00,15.10986042022705,15.305304527282715,15.019769668579102,15.125876426696777,14.983299255371094,80011908,0.0,0.0,GOOGL
2012-05-02 00:00:00-04:00,15.045044898986816,15.217967987060547,15.030280113220215,15.196697235107422,15.053454399108887,64395540,0.0,0.0,GOOGL
2012-05-03 00:00:00-04:00,15.255756378173828,15.386136054992676,15.238988876342773,15.290790557861328,15.146658897399902,74645280,0.0,0.0,GOOGL
2012-05-04 00:00:00-04:00,15.163163185119629,15.212462425231934,14.935185432434082,14.939188957214355,14.798372268676758,88207704,0.0,0.0,GOOGL
2012-05-07 00:00:00-04:00,14.88988971710205,15.279529571533203,14.88988971710205,15.203953742980957,15.060641288757324,79700220,0.0,0.0,GOOGL
2012-05-08 00:00:00-04:00,15.153403282165527,15.43793773651123,15.032532691955566,15.335084915161133,15.190536499023438,106984908,0.0,0.0,GOOGL
2012-05-09 00:00:00-04:00,15.185686111450195,15.424924850463867,15.060310363769531,15.243993759155273,15.10030460357666,93058848,0.0,0.0,GOOGL
2012-05-10 00:00:00-04:00,15.339339256286621,15.420169830322266,15.271020889282227,15.356857299804688,15.212103843688965,61374564,0.0,0.0,GOOGL
2012-05-11 00:00:00-04:00,15.27402400970459,15.379129409790039,15.134384155273438,15.145895957946777,15.003131866455078,83892024,0.0,0.0,GOOGL
2012-05-14 00:00:00-04:00,15.03453540802002,15.227727890014648,15.029529571533203,15.11511516571045,14.972640037536621,72903024,0.0,0.0,GOOGL
2012-05-15 00:00:00-04:00,15.14889907836914,15.390390396118164,15.108859062194824,15.29304313659668,15.148890495300293,83999916,0.0,0.0,GOOGL
2012-05-16 00:00:00-04:00,15.46446418762207,15.768267631530762,15.41391372680664,15.738988876342773,15.590633392333984,193210596,0.0,0.0,GOOGL
2012-05-17 00:00:00-04:00,15.861612319946289,15.962211608886719,15.546296119689941,15.591841697692871,15.444872856140137,134017848,0.0,0.0,GOOGL
2012-05-18 00:00:00-04:00,15.643142700195312,15.826326370239258,14.932432174682617,15.025025367736816,14.883398056030273,238701060,0.0,0.0,GOOGL
2012-05-21 00:00:00-04:00,15.027777671813965,15.407657623291016,15.0150146484375,15.368118286132812,15.223258018493652,122892984,0.0,0.0,GOOGL
2012-05-22 00:00:00-04:00,15.351350784301758,15.360610961914062,14.914915084838867,15.035035133361816,14.89331340789795,121953924,0.0,0.0,GOOGL
2012-05-23 00:00:00-04:00,15.056305885314941,15.255254745483398,14.94294261932373,15.251751899719238,15.107989311218262,126996876,0.0,0.0,GOOGL
2012-05-24 00:00:00-04:00,15.244243621826172,15.313312530517578,14.986737251281738,15.106607437133789,14.964213371276855,75576348,0.0,0.0,GOOGL
2012-05-25 00:00:00-04:00,15.040040016174316,15.058307647705078,14.721721649169922,14.80305290222168,14.663519859313965,143132724,0.0,0.0,GOOGL
2012-05-29 00:00:00-04:00,14.910160064697266,14.993243217468262,14.722723007202148,14.873373031616211,14.733177185058594,104123772,0.0,0.0,GOOGL
2012-05-30 00:00:00-04:00,14.718718528747559,14.812312126159668,14.602852821350098,14.720470428466797,14.58171558380127,76191732,0.0,0.0,GOOGL
2012-05-31 00:00:00-04:00,14.732732772827148,14.764764785766602,14.48948860168457,14.536035537719727,14.399018287658691,118613268,0.0,0.0,GOOGL
2012-06-01 00:00:00-04:00,14.309059143066406,14.330580711364746,14.222972869873047,14.288788795471191,14.15410327911377,122193684,0.0,0.0,GOOGL
2012-06-04 00:00:00-04:00,14.269769668579102,14.526777267456055,14.264514923095703,14.479228973388672,14.34274673461914,97210692,0.0,0.0,GOOGL
2012-06-05 00:00:00-04:00,14.400650978088379,14.467718124389648,14.175926208496094,14.274524688720703,14.139974594116211,93502404,0.0,0.0,GOOGL
2012-06-06 00:00:00-04:00,14.42642593383789,14.563814163208008,14.354604721069336,14.528779029846191,14.391831398010254,83748168,0.0,0.0,GOOGL
2012-06-07 00:00:00-04:00,14.704705238342285,14.71196174621582,14.445695877075195,14.470219612121582,14.333822250366211,70269660,0.0,0.0,GOOGL
2012-06-08 00:00:00-04:00,14.410660743713379,14.53954029083252,14.378878593444824,14.525775909423828,14.388855934143066,56359584,0.0,0.0,GOOGL
2012-06-11 00:00:00-04:00,14.61987018585205,14.647647857666016,14.18143081665039,14.226726531982422,14.092625617980957,106337556,0.0,0.0,GOOGL
2012-06-12 00:00:00-04:00,14.258508682250977,14.271772384643555,13.97847843170166,14.141641616821289,14.008341789245605,128839032,0.0,0.0,GOOGL
2012-06-13 00:00:00-04:00,14.05705738067627,14.189188957214355,13.98098087310791,14.041291236877441,13.90893840789795,78089832,0.0,0.0,GOOGL
2012-06-14 00:00:00-04:00,14.046546936035156,14.140891075134277,13.926926612854004,13.990240097045898,13.858368873596191,93702204,0.0,0.0,GOOGL
2012-06-15 00:00:00-04:00,14.022522926330566,14.127126693725586,13.941190719604492,14.126876831054688,13.993718147277832,119927952,0.0,0.0,GOOGL
2012-06-18 00:00:00-04:00,14.079580307006836,14.369620323181152,13.995244979858398,14.28553581237793,14.150880813598633,99776124,0.0,0.0,GOOGL
2012-06-19 00:00:00-04:00,14.354104042053223,14.621622085571289,14.342342376708984,14.552803039550781,14.415626525878906,82964952,0.0,0.0,GOOGL
2012-06-20 00:00:00-04:00,14.509759902954102,14.514514923095703,14.352102279663086,14.452201843261719,14.315974235534668,93774132,0.0,0.0,GOOGL
2012-06-21 00:00:00-04:00,14.51051139831543,14.51051139831543,14.107357025146484,14.144393920898438,14.011069297790527,80371548,0.0,0.0,GOOGL
2012-06-22 00:00:00-04:00,14.214214324951172,14.301301002502441,14.159660339355469,14.301301002502441,14.166497230529785,89026884,0.0,0.0,GOOGL
2012-06-25 00:00:00-04:00,14.197446823120117,14.216465950012207,13.947697639465332,14.031532287597656,13.899271011352539,63200736,0.0,0.0,GOOGL
2012-06-26 00:00:00-04:00,14.083083152770996,14.179179191589355,14.001001358032227,14.131131172180176,13.997932434082031,53953992,0.0,0.0,GOOGL
2012-06-27 00:00:00-04:00,14.206707000732422,14.364113807678223,14.164665222167969,14.246747016906738,14.112456321716309,67624308,0.0,0.0,GOOGL
2012-06-28 00:00:00-04:00,14.161662101745605,14.169919967651367,13.944193840026855,14.121871948242188,13.988760948181152,76759164,0.0,0.0,GOOGL
2012-06-29 00:00:00-04:00,14.388387680053711,14.517767906188965,14.319318771362305,14.516265869140625,14.379434585571289,100679220,0.0,0.0,GOOGL
2012-07-02 00:00:00-04:00,14.560059547424316,14.589590072631836,14.426926612854004,14.526275634765625,14.389351844787598,66153780,0.0,0.0,GOOGL
2012-07-03 00:00:00-04:00,14.514764785766602,14.724974632263184,14.46446418762207,14.71045970916748,14.571799278259277,47532420,0.0,0.0,GOOGL
2012-07-05 00:00:00-04:00,14.733734130859375,15.01651668548584,14.728227615356445,14.91291332244873,14.772343635559082,93742164,0.0,0.0,GOOGL
2012-07-06 00:00:00-04:00,14.826075553894043,14.852852821350098,14.585084915161133,14.664163589477539,14.525938987731934,86385528,0.0,0.0,GOOGL
2012-07-09 00:00:00-04:00,14.638387680053711,14.729729652404785,14.545796394348145,14.664915084838867,14.526683807373047,68535396,0.0,0.0,GOOGL
2012-07-10 00:00:00-04:00,14.769519805908203,14.825575828552246,14.482982635498047,14.55705738067627,14.419841766357422,76847076,0.0,0.0,GOOGL
2012-07-11 00:00:00-04:00,14.421921730041504,14.460710525512695,14.137638092041016,14.29404354095459,14.159308433532715,139832028,0.0,0.0,GOOGL
2012-07-12 00:00:00-04:00,14.192192077636719,14.312562942504883,14.066315650939941,14.276275634765625,14.141707420349121,92299608,0.0,0.0,GOOGL
2012-07-13 00:00:00-04:00,14.31806755065918,14.493243217468262,14.227977752685547,14.427427291870117,14.291433334350586,78960960,0.0,0.0,GOOGL
2012-07-16 00:00:00-04:00,14.423673629760742,14.494243621826172,14.308809280395508,14.3873872756958,14.251771926879883,58445496,0.0,0.0,GOOGL
2012-07-17 00:00:00-04:00,14.475225448608398,14.531281471252441,14.224224090576172,14.432682991027832,14.296640396118164,67136796,0.0,0.0,GOOGL
2012-07-18 00:00:00-04:00,14.438939094543457,14.606857299804688,14.417668342590332,14.533534049987793,14.396539688110352,61866072,0.0,0.0,GOOGL
2012-07-19 00:00:00-04:00,14.668168067932129,14.976977348327637,14.664665222167969,14.841341018676758,14.701447486877441,186801012,0.0,0.0,GOOGL
2012-07-20 00:00:00-04:00,15.234233856201172,15.338838577270508,14.96946907043457,15.285785675048828,15.141700744628906,258289452,0.0,0.0,GOOGL
2012-07-23 00:00:00-04:00,15.027027130126953,15.474224090576172,14.971220970153809,15.403153419494629,15.257963180541992,142325532,0.0,0.0,GOOGL
2012-07-24 00:00:00-04:00,15.390390396118164,15.463713645935059,15.123623847961426,15.20445442199707,15.061137199401855,80295624,0.0,0.0,GOOGL
2012-07-25 00:00:00-04:00,15.223222732543945,15.349849700927734,15.149398803710938,15.214964866638184,15.071548461914062,72847080,0.0,0.0,GOOGL
2012-07-26 00:00:00-04:00,15.390390396118164,15.437187194824219,15.266016006469727,15.349349021911621,15.204667091369629,67340592,0.0,0.0,GOOGL
2012-07-27 00:00:00-04:00,15.487737655639648,15.890891075134277,15.452953338623047,15.88988971710205,15.740111351013184,141846012,0.0,0.0,GOOGL
2012-07-30 00:00:00-04:00,15.917166709899902,16.08108139038086,15.753252983093262,15.823323249816895,15.674173355102539,87380532,0.0,0.0,GOOGL
2012-07-31 00:00:00-04:00,15.722222328186035,15.928427696228027,15.721220970153809,15.840089797973633,15.690781593322754,74549376,0.0,0.0,GOOGL
2012-08-01 00:00:00-04:00,15.948448181152344,16.003753662109375,15.800299644470215,15.832833290100098,15.683594703674316,73710216,0.0,0.0,GOOGL
2012-08-02 00:00:00-04:00,15.653403282165527,15.966716766357422,15.600851058959961,15.73448371887207,15.58617115020752,79028892,0.0,0.0,GOOGL
2012-08-03 00:00:00-04:00,16.016016006469727,16.10910987854004,15.919419288635254,16.049299240112305,15.898018836975098,75808116,0.0,0.0,GOOGL
2012-08-06 00:00:00-04:00,16.006256103515625,16.250751495361328,15.996496200561523,16.08658790588379,15.934954643249512,71224704,0.0,0.0,GOOGL
2012-08-07 00:00:00-04:00,16.060810089111328,16.122623443603516,15.927678108215332,16.029529571533203,15.878435134887695,79192728,0.0,0.0,GOOGL
2012-08-08 00:00:00-04:00,15.992241859436035,16.162912368774414,15.97847843170166,16.071821212768555,15.920328140258789,52835112,0.0,0.0,GOOGL
2012-08-09 00:00:00-04:00,16.12887954711914,16.175424575805664,16.054054260253906,16.074825286865234,15.923300743103027,42769188,0.0,0.0,GOOGL
2012-08-10 00:00:00-04:00,15.980731010437012,16.072071075439453,15.919169425964355,16.06606674194336,15.914627075195312,57326616,0.0,0.0,GOOGL
2012-08-13 00:00:00-04:00,16.201702117919922,16.5202693939209,16.183183670043945,16.516767501831055,16.361080169677734,130585284,0.0,0.0,GOOGL
2012-08-14 00:00:00-04:00,16.49774742126465,16.83808708190918,16.491491317749023,16.733232498168945,16.57550621032715,146321532,0.0,0.0,GOOGL
2012-08-15 00:00:00-04:00,16.773773193359375,16.873123168945312,16.61911964416504,16.7052059173584,16.547740936279297,96331572,0.0,0.0,GOOGL
2012-08-16 00:00:00-04:00,16.70445442199707,16.882883071899414,16.693693161010742,16.83858871459961,16.679868698120117,68639292,0.0,0.0,GOOGL
2012-08-17 00:00:00-04:00,16.869869232177734,16.948198318481445,16.809309005737305,16.945444107055664,16.785715103149414,87020892,0.0,0.0,GOOGL
2012-08-20 00:00:00-04:00,16.904403686523438,16.988739013671875,16.833332061767578,16.905405044555664,16.746051788330078,70253676,0.0,0.0,GOOGL
2012-08-21 00:00:00-04:00,16.844594955444336,16.96696662902832,16.57082176208496,16.754505157470703,16.59657859802246,88799112,0.0,0.0,GOOGL
2012-08-22 00:00:00-04:00,16.701200485229492,17.032032012939453,16.68418312072754,16.94644546508789,16.786706924438477,76291632,0.0,0.0,GOOGL
2012-08-23 00:00:00-04:00,16.873624801635742,17.029029846191406,16.791791915893555,16.93693733215332,16.77729034423828,71296632,0.0,0.0,GOOGL
2012-08-24 00:00:00-04:00,16.906906127929688,17.028278350830078,16.86886978149414,16.98273277282715,16.82265281677246,57006936,0.0,0.0,GOOGL
2012-08-27 00:00:00-04:00,16.591341018676758,16.816816329956055,16.49749755859375,16.74724769592285,16.589385986328125,104443452,0.0,0.0,GOOGL
2012-08-28 00:00:00-04:00,16.64164161682129,16.957456588745117,16.635135650634766,16.948198318481445,16.78844451904297,82261656,0.0,0.0,GOOGL
2012-08-29 00:00:00-04:00,16.951200485229492,17.241992950439453,16.920671463012695,17.217466354370117,17.055173873901367,119492388,0.0,0.0,GOOGL
2012-08-30 00:00:00-04:00,17.123123168945312,17.20195198059082,17.021522521972656,17.059059143066406,16.89826011657715,65010924,0.0,0.0,GOOGL
2012-08-31 00:00:00-04:00,17.117116928100586,17.231731414794922,17.01801872253418,17.144393920898438,16.982789993286133,84998916,0.0,0.0,GOOGL
2012-09-04 00:00:00-04:00,17.13088035583496,17.142141342163086,16.854354858398438,17.04304313659668,16.88239288330078,75508416,0.0,0.0,GOOGL
2012-09-05 00:00:00-04:00,17.017017364501953,17.17967987060547,16.995494842529297,17.0350341796875,16.874462127685547,68259672,0.0,0.0,GOOGL
2012-09-06 00:00:00-04:00,17.166166305541992,17.5147647857666,17.135385513305664,17.50250244140625,17.337520599365234,121618260,0.0,0.0,GOOGL
2012-09-07 00:00:00-04:00,17.51751708984375,17.824073791503906,17.459209442138672,17.67142105102539,17.504852294921875,129190680,0.0,0.0,GOOGL
2012-09-10 00:00:00-04:00,17.761762619018555,17.83808708190918,17.47722625732422,17.536787033081055,17.371484756469727,102297600,0.0,0.0,GOOGL
2012-09-11 00:00:00-04:00,17.466466903686523,17.533784866333008,17.29229164123535,17.322071075439453,17.158790588378906,74877048,0.0,0.0,GOOGL
2012-09-12 00:00:00-04:00,17.25250244140625,17.390140533447266,17.039039611816406,17.289289474487305,17.126319885253906,105586308,0.0,0.0,GOOGL
2012-09-13 00:00:00-04:00,17.344594955444336,17.74274253845215,17.280780792236328,17.668668746948242,17.502124786376953,106253640,0.0,0.0,GOOGL
2012-09-14 00:00:00-04:00,17.75775718688965,17.84284210205078,17.692943572998047,17.7597599029541,17.592355728149414,104635260,0.0,0.0,GOOGL
2012-09-17 00:00:00-04:00,17.720470428466797,17.839839935302734,17.642642974853516,17.76726722717285,17.599794387817383,60271668,0.0,0.0,GOOGL
2012-09-18 00:00:00-04:00,17.71221160888672,17.98448371887207,17.68718719482422,17.9749755859375,17.805545806884766,82589328,0.0,0.0,GOOGL
2012-09-19 00:00:00-04:00,17.955455780029297,18.23223114013672,17.928178787231445,18.205705642700195,18.034101486206055,123808068,0.0,0.0,GOOGL
2012-09-20 00:00:00-04:00,18.129880905151367,18.30280303955078,18.04854965209961,18.221221923828125,18.049470901489258,116179704,0.0,0.0,GOOGL
2012-09-21 00:00:00-04:00,18.32357406616211,18.39139175415039,18.271270751953125,18.368118286132812,18.194978713989258,254109636,0.0,0.0,GOOGL
2012-09-24 00:00:00-04:00,18.293292999267578,18.7697696685791,18.274524688720703,18.753253936767578,18.576486587524414,142409448,0.0,0.0,GOOGL
2012-09-25 00:00:00-04:00,18.845094680786133,19.14139175415039,18.7102108001709,18.74774742126465,18.571033477783203,242097660,0.0,0.0,GOOGL
2012-09-26 00:00:00-04:00,18.7650146484375,19.050050735473633,18.54354476928711,18.85535430908203,18.67762565612793,226689084,0.0,0.0,GOOGL
2012-09-27 00:00:00-04:00,19.01776885986328,19.090089797973633,18.810060501098633,18.93143081665039,18.75298500061035,157086756,0.0,0.0,GOOGL
2012-09-28 00:00:00-04:00,18.872623443603516,19.001501083374023,18.797548294067383,18.881380081176758,18.703405380249023,111228660,0.0,0.0,GOOGL
2012-10-01 00:00:00-04:00,18.9952449798584,19.14414405822754,18.92417335510254,19.06356430053711,18.883872985839844,126593280,0.0,0.0,GOOGL
2012-10-02 00:00:00-04:00,19.14914894104004,19.16891860961914,18.77552604675293,18.943693161010742,18.7651309967041,111496392,0.0,0.0,GOOGL
2012-10-03 00:00:00-04:00,18.91191291809082,19.117116928100586,18.823823928833008,19.081581115722656,18.901718139648438,88243668,0.0,0.0,GOOGL
2012-10-04 00:00:00-04:00,19.08783721923828,19.266517639160156,19.004003524780273,19.220470428466797,19.03929901123047,98069832,0.0,0.0,GOOGL
2012-10-05 00:00:00-04:00,19.287036895751953,19.37887954711914,19.144393920898438,19.210460662841797,19.029380798339844,109326564,0.0,0.0,GOOGL
2012-10-08 00:00:00-04:00,19.044044494628906,19.10860824584961,18.872623443603516,18.9649658203125,18.786203384399414,78265656,0.0,0.0,GOOGL
2012-10-09 00:00:00-04:00,19.010761260986328,19.052051544189453,18.581832885742188,18.62087059020996,18.445350646972656,120007872,0.0,0.0,GOOGL
2012-10-10 00:00:00-04:00,18.565065383911133,18.70695686340332,18.475725173950195,18.632633209228516,18.457000732421875,81514404,0.0,0.0,GOOGL
2012-10-11 00:00:00-04:00,18.841341018676758,18.981481552124023,18.776025772094727,18.805805206298828,18.628541946411133,95260644,0.0,0.0,GOOGL
2012-10-12 00:00:00-04:00,18.815065383911133,18.890640258789062,18.62112045288086,18.637386322021484,18.461708068847656,96071832,0.0,0.0,GOOGL
2012-10-15 00:00:00-04:00,18.567066192626953,18.614364624023438,18.285785675048828,18.54304313659668,18.368257522583008,120643236,0.0,0.0,GOOGL
2012-10-16 00:00:00-04:00,18.521772384643555,18.693443298339844,18.429929733276367,18.63613510131836,18.46047019958496,82245672,0.0,0.0,GOOGL
2012-10-17 00:00:00-04:00,18.617366790771484,18.927427291870117,18.5250244140625,18.906156539916992,18.727951049804688,91624284,0.0,0.0,GOOGL
2012-10-18 00:00:00-04:00,18.907407760620117,19.004505157470703,16.91691780090332,17.392391204833984,17.228450775146484,497198304,0.0,0.0,GOOGL
2012-10-19 00:00:00-04:00,17.65715789794922,17.685184478759766,16.816816329956055,17.061811447143555,16.90098762512207,458828712,0.0,0.0,GOOGL
2012-10-22 00:00:00-04:00,17.04229164123535,17.132883071899414,16.759258270263672,16.983734130859375,16.823646545410156,162061776,0.0,0.0,GOOGL
2012-10-23 00:00:00-04:00,16.817066192626953,17.200450897216797,16.816816329956055,17.025775909423828,16.86528778076172,116547336,0.0,0.0,GOOGL
2012-10-24 00:00:00-04:00,17.18718719482422,17.19219207763672,16.898649215698242,16.94944953918457,16.789682388305664,99760140,0.0,0.0,GOOGL
2012-10-25 00:00:00-04:00,17.017017364501953,17.067066192626953,16.854604721069336,16.960960388183594,16.801088333129883,95947956,0.0,0.0,GOOGL
2012-10-26 00:00:00-04:00,16.929428100585938,17.09284210205078,16.796796798706055,16.895645141601562,16.736387252807617,77953968,0.0,0.0,GOOGL
2012-10-31 00:00:00-04:00,17.013513565063477,17.042041778564453,16.891891479492188,17.024524688720703,16.864051818847656,61418520,0.0,0.0,GOOGL
2012-11-01 00:00:00-04:00,17.004505157470703,17.2897891998291,16.9849853515625,17.20695686340332,17.044763565063477,81921996,0.0,0.0,GOOGL
2012-11-02 00:00:00-04:00,17.387136459350586,17.406156539916992,17.20145034790039,17.2152156829834,17.052946090698242,92883024,0.0,0.0,GOOGL
2012-11-05 00:00:00-05:00,17.129629135131836,17.188688278198242,16.905906677246094,17.09109115600586,16.929990768432617,65370564,0.0,0.0,GOOGL
2012-11-06 00:00:00-05:00,17.15415382385254,17.17967987060547,16.955705642700195,17.060060501098633,16.89925193786621,63248688,0.0,0.0,GOOGL
2012-11-07 00:00:00-05:00,16.891891479492188,16.97272300720215,16.67892837524414,16.69469451904297,16.537330627441406,89202708,0.0,0.0,GOOGL
2012-11-08 00:00:00-05:00,16.771772384643555,16.804054260253906,16.297046661376953,16.32357406616211,16.169708251953125,103776120,0.0,0.0,GOOGL
2012-11-09 00:00:00-05:00,16.382633209228516,16.7252254486084,16.273773193359375,16.592342376708984,16.435945510864258,124439436,0.0,0.0,GOOGL
2012-11-12 00:00:00-05:00,16.61035919189453,16.761762619018555,16.538288116455078,16.66416358947754,16.50708770751953,56179764,0.0,0.0,GOOGL
2012-11-13 00:00:00-05:00,16.59159278869629,16.706707000732422,16.47222137451172,16.49274253845215,16.337282180786133,63704232,0.0,0.0,GOOGL
2012-11-14 00:00:00-05:00,16.53303337097168,16.57107162475586,16.278778076171875,16.330080032348633,16.176151275634766,66669264,0.0,0.0,GOOGL
2012-11-15 00:00:00-05:00,16.266265869140625,16.516517639160156,16.11361312866211,16.19769859313965,16.045021057128906,73882044,0.0,0.0,GOOGL
2012-11-16 00:00:00-05:00,16.165916442871094,16.341842651367188,15.915916442871094,16.195695877075195,16.04303550720215,137390472,0.0,0.0,GOOGL
2012-11-19 00:00:00-05:00,16.40890884399414,16.7397403717041,16.40465545654297,16.72197151184082,16.564350128173828,94633272,0.0,0.0,GOOGL
2012-11-20 00:00:00-05:00,16.754505157470703,16.96696662902832,16.63088035583496,16.766016006469727,16.60797691345215,83464452,0.0,0.0,GOOGL
2012-11-21 00:00:00-05:00,16.741491317749023,16.761762619018555,16.526527404785156,16.66341209411621,16.50634002685547,84403512,0.0,0.0,GOOGL
2012-11-23 00:00:00-05:00,16.766016006469727,16.766767501831055,16.66916847229004,16.715965270996094,16.55840301513672,36863100,0.0,0.0,GOOGL
2012-11-26 00:00:00-05:00,16.677677154541016,16.691692352294922,16.491992950439453,16.54529571533203,16.389339447021484,88095816,0.0,0.0,GOOGL
2012-11-27 00:00:00-05:00,16.520771026611328,16.891891479492188,16.466466903686523,16.784534454345703,16.626327514648438,100247652,0.0,0.0,GOOGL
2012-11-28 00:00:00-05:00,16.71696662902832,17.139890670776367,16.61386489868164,17.108858108520508,16.94759178161621,121558320,0.0,0.0,GOOGL
2012-11-29 00:00:00-05:00,17.211711883544922,17.364864349365234,17.067066192626953,17.314565658569336,17.1513614654541,110948940,0.0,0.0,GOOGL
2012-11-30 00:00:00-05:00,17.300050735473633,17.497997283935547,17.159408569335938,17.476726531982422,17.311988830566406,126417456,0.0,0.0,GOOGL
2012-12-03 00:00:00-05:00,17.57357406616211,17.664915084838867,17.370119094848633,17.398649215698242,17.234649658203125,87612300,0.0,0.0,GOOGL
2012-12-04 00:00:00-05:00,17.392391204833984,17.405155181884766,17.15966033935547,17.29304313659668,17.130041122436523,79588332,0.0,0.0,GOOGL
2012-12-05 00:00:00-05:00,17.32107162475586,17.379880905151367,17.07532501220703,17.21271324157715,17.050466537475586,74421504,0.0,0.0,GOOGL
2012-12-06 00:00:00-05:00,17.20695686340332,17.407657623291016,17.129880905151367,17.29554557800293,17.132518768310547,58433508,0.0,0.0,GOOGL
2012-12-07 00:00:00-05:00,17.392391204833984,17.43943977355957,17.077577590942383,17.122371673583984,16.960975646972656,76695228,0.0,0.0,GOOGL
2012-12-10 00:00:00-05:00,17.151901245117188,17.30855941772461,17.111862182617188,17.152652740478516,16.99097442626953,54613332,0.0,0.0,GOOGL
2012-12-11 00:00:00-05:00,17.26726722717285,17.56556510925293,17.2102108001709,17.43943977355957,17.275056838989258,107396496,0.0,0.0,GOOGL
2012-12-12 00:00:00-05:00,17.498247146606445,17.60535430908203,17.354354858398438,17.45645523071289,17.291912078857422,96942960,0.0,0.0,GOOGL
2012-12-13 00:00:00-05:00,17.915916442871094,17.92967987060547,17.506256103515625,17.585084915161133,17.419328689575195,137658204,0.0,0.0,GOOGL
2012-12-14 00:00:00-05:00,17.496746063232422,17.713212966918945,17.478227615356445,17.566566467285156,17.400983810424805,85118796,0.0,0.0,GOOGL
2012-12-17 00:00:00-05:00,17.655155181884766,18.06606674194336,17.618118286132812,18.037538528442383,17.86751365661621,121294584,0.0,0.0,GOOGL
2012-12-18 00:00:00-05:00,17.932933807373047,18.245746612548828,17.89414405822754,18.0447940826416,17.874706268310547,120075804,0.0,0.0,GOOGL
2012-12-19 00:00:00-05:00,18.035785675048828,18.093093872070312,17.934934616088867,18.020771026611328,17.85090446472168,76667256,0.0,0.0,GOOGL
2012-12-20 00:00:00-05:00,18.099599838256836,18.134384155273438,17.94219207763672,18.077077865600586,17.90668487548828,66213720,0.0,0.0,GOOGL
2012-12-21 00:00:00-05:00,17.867116928100586,17.988487243652344,17.780780792236328,17.908658981323242,17.73984718322754,140898960,0.0,0.0,GOOGL
2012-12-24 00:00:00-05:00,17.880630493164062,17.897396087646484,17.70445442199707,17.7552547454834,17.587894439697266,33602364,0.0,0.0,GOOGL
2012-12-26 00:00:00-05:00,17.71946907043457,17.839839935302734,17.57782745361328,17.73948860168457,17.572275161743164,47248704,0.0,0.0,GOOGL
2012-12-27 00:00:00-05:00,17.696195602416992,17.738739013671875,17.48273277282715,17.674924850463867,17.508319854736328,65830104,0.0,0.0,GOOGL
2012-12-28 00:00:00-05:00,17.559810638427734,17.690439224243164,17.51776885986328,17.51776885986328,17.352645874023438,56023920,0.0,0.0,GOOGL
2012-12-31 00:00:00-05:00,17.51751708984375,17.782032012939453,17.417417526245117,17.70220184326172,17.53533935546875,79816104,0.0,0.0,GOOGL
2013-01-02 00:00:00-05:00,18.003503799438477,18.193193435668945,17.931682586669922,18.099348068237305,17.928743362426758,101550348,0.0,0.0,GOOGL
2013-01-03 00:00:00-05:00,18.14139175415039,18.316566467285156,18.036035537719727,18.109859466552734,17.93915557861328,92635272,0.0,0.0,GOOGL
2013-01-04 00:00:00-05:00,18.251752853393555,18.55530548095703,18.2102108001709,18.46771812438965,18.29364013671875,110429460,0.0,0.0,GOOGL
2013-01-07 00:00:00-05:00,18.40465545654297,18.503002166748047,18.28278350830078,18.387136459350586,18.21381950378418,66161772,0.0,0.0,GOOGL
2013-01-08 00:00:00-05:00,18.406906127929688,18.425926208496094,18.12887954711914,18.35085105895996,18.177873611450195,66976956,0.0,0.0,GOOGL
2013-01-09 00:00:00-05:00,18.325075149536133,18.47722625732422,18.233232498168945,18.471471786499023,18.297359466552734,80907012,0.0,0.0,GOOGL
2013-01-10 00:00:00-05:00,18.589338302612305,18.643644332885742,18.35585594177246,18.55555534362793,18.380647659301758,73354572,0.0,0.0,GOOGL
2013-01-11 00:00:00-05:00,18.56856918334961,18.579328536987305,18.425926208496094,18.518268585205078,18.343717575073242,51356592,0.0,0.0,GOOGL
2013-01-14 00:00:00-05:00,18.443443298339844,18.57357406616211,18.076826095581055,18.099348068237305,17.928743362426758,114441444,0.0,0.0,GOOGL
2013-01-15 00:00:00-05:00,18.001251220703125,18.39339256286621,17.82032012939453,18.14139175415039,17.97039222717285,156950892,0.0,0.0,GOOGL
2013-01-16 00:00:00-05:00,18.07807731628418,18.12662696838379,17.859609603881836,17.897647857666016,17.72894287109375,80855064,0.0,0.0,GOOGL
2013-01-17 00:00:00-05:00,17.960710525512695,18.009008407592773,17.793292999267578,17.800800323486328,17.633012771606445,88371540,0.0,0.0,GOOGL
2013-01-18 00:00:00-05:00,17.776777267456055,17.837087631225586,17.550800323486328,17.630380630493164,17.464197158813477,128942928,0.0,0.0,GOOGL
2013-01-22 00:00:00-05:00,17.63413429260254,17.651151657104492,17.405405044555664,17.589338302612305,17.423542022705078,151544304,0.0,0.0,GOOGL
2013-01-23 00:00:00-05:00,18.418167114257812,18.743743896484375,18.413162231445312,18.556055068969727,18.381145477294922,236127636,0.0,0.0,GOOGL
2013-01-24 00:00:00-05:00,18.549549102783203,18.93968963623047,18.531280517578125,18.87412452697754,18.696216583251953,135172692,0.0,0.0,GOOGL
2013-01-25 00:00:00-05:00,18.78803825378418,18.980981826782227,18.7750244140625,18.860610961914062,18.682828903198242,88946964,0.0,0.0,GOOGL
2013-01-28 00:00:00-05:00,18.81281280517578,18.90890884399414,18.715965270996094,18.787036895751953,18.609949111938477,65018916,0.0,0.0,GOOGL
2013-01-29 00:00:00-05:00,18.687437057495117,18.94269371032715,18.68218231201172,18.86086082458496,18.68307876586914,69814116,0.0,0.0,GOOGL
2013-01-30 00:00:00-05:00,18.862361907958984,19.04279327392578,18.84159278869629,18.864614486694336,18.686798095703125,69250680,0.0,0.0,GOOGL
2013-01-31 00:00:00-05:00,18.781532287597656,18.95945930480957,18.7750244140625,18.911161422729492,18.7329044342041,65302632,0.0,0.0,GOOGL
2013-02-01 00:00:00-05:00,18.973974227905273,19.43443489074707,18.971471786499023,19.409408569335938,19.226457595825195,149694156,0.0,0.0,GOOGL
2013-02-04 00:00:00-05:00,19.21146011352539,19.281030654907227,18.975725173950195,18.99449348449707,18.81545066833496,121498380,0.0,0.0,GOOGL
2013-02-05 00:00:00-05:00,19.04729652404785,19.297046661376953,19.005756378173828,19.162662506103516,18.982038497924805,74753172,0.0,0.0,GOOGL
2013-02-06 00:00:00-05:00,18.995746612548828,19.34334373474121,18.981481552124023,19.273523330688477,19.09185218811035,83040876,0.0,0.0,GOOGL
2013-02-07 00:00:00-05:00,19.261762619018555,19.4897403717041,19.15665626525879,19.368118286132812,19.185558319091797,113494392,0.0,0.0,GOOGL
2013-02-08 00:00:00-05:00,19.52277374267578,19.68643569946289,19.508508682250977,19.65390396118164,19.468643188476562,120683196,0.0,0.0,GOOGL
2013-02-11 00:00:00-05:00,19.47947883605957,19.594594955444336,19.363113403320312,19.580080032348633,19.395517349243164,86625288,0.0,0.0,GOOGL
2013-02-12 00:00:00-05:00,19.563312530517578,19.71721649169922,19.503753662109375,19.537036895751953,19.352880477905273,74285640,0.0,0.0,GOOGL
2013-02-13 00:00:00-05:00,19.52277374267578,19.65340232849121,19.518768310546875,19.59109115600586,19.40642547607422,47880072,0.0,0.0,GOOGL
2013-02-14 00:00:00-05:00,19.51276206970215,19.738237380981445,19.463714599609375,19.7152156829834,19.529380798339844,69342588,0.0,0.0,GOOGL
2013-02-15 00:00:00-05:00,19.70470428466797,19.851350784301758,19.69644546508789,19.842092514038086,19.655061721801758,109082808,0.0,0.0,GOOGL
2013-02-19 00:00:00-05:00,19.91967010498047,20.195194244384766,19.901901245117188,20.19144058227539,20.001115798950195,117154728,0.0,0.0,GOOGL
2013-02-20 00:00:00-05:00,20.152652740478516,20.24449348449707,19.814565658569336,19.831331253051758,19.644399642944336,110457432,0.0,0.0,GOOGL
2013-02-21 00:00:00-05:00,19.969970703125,20.15640640258789,19.80030059814453,19.908157348632812,19.720502853393555,140115744,0.0,0.0,GOOGL
2013-02-22 00:00:00-05:00,20.001501083374023,20.051300048828125,19.864864349365234,20.01276206970215,19.824119567871094,82073844,0.0,0.0,GOOGL
2013-02-25 00:00:00-05:00,20.077577590942383,20.230480194091797,19.782032012939453,19.789039611816406,19.602510452270508,92063844,0.0,0.0,GOOGL
2013-02-26 00:00:00-05:00,19.894895553588867,19.918668746948242,19.629629135131836,19.77302360534668,19.586641311645508,88011900,0.0,0.0,GOOGL
2013-02-27 00:00:00-05:00,19.889890670776367,20.13888931274414,19.797548294067383,20.014514923095703,19.82585906982422,80962956,0.0,0.0,GOOGL
2013-02-28 00:00:00-05:00,20.047548294067383,20.194944381713867,20.045795440673828,20.050050735473633,19.86105728149414,90541368,0.0,0.0,GOOGL
2013-03-01 00:00:00-05:00,19.9649658203125,20.198699951171875,19.923673629760742,20.174924850463867,19.984756469726562,86928984,0.0,0.0,GOOGL
2013-03-04 00:00:00-05:00,20.152652740478516,20.59159278869629,20.145145416259766,20.55805778503418,20.364280700683594,110912976,0.0,0.0,GOOGL
2013-03-05 00:00:00-05:00,20.743993759155273,21.0247745513916,20.743242263793945,20.985986709594727,20.78817367553711,161602236,0.0,0.0,GOOGL
2013-03-06 00:00:00-05:00,21.046796798706055,21.12112045288086,20.740991592407227,20.80530548095703,20.609193801879883,114805080,0.0,0.0,GOOGL
2013-03-07 00:00:00-05:00,20.872371673583984,20.93643569946289,20.7602596282959,20.83583641052246,20.63943862915039,82025892,0.0,0.0,GOOGL
2013-03-08 00:00:00-05:00,20.88338279724121,20.89389419555664,20.646896362304688,20.808809280395508,20.6126651763916,116359524,0.0,0.0,GOOGL
2013-03-11 00:00:00-04:00,20.81306266784668,21.013513565063477,20.808307647705078,20.89139175415039,20.694469451904297,63724212,0.0,0.0,GOOGL
2013-03-12 00:00:00-04:00,20.78853988647461,20.81806755065918,20.612361907958984,20.710960388183594,20.5157413482666,80251668,0.0,0.0,GOOGL
2013-03-13 00:00:00-04:00,20.718217849731445,20.78803825378418,20.578327178955078,20.65340232849121,20.458721160888672,65586348,0.0,0.0,GOOGL
2013-03-14 00:00:00-04:00,20.695444107055664,20.695444107055664,20.4552059173584,20.559059143066406,20.365272521972656,65981952,0.0,0.0,GOOGL
2013-03-15 00:00:00-04:00,20.482982635498047,20.52802848815918,20.353853225708008,20.377878189086914,20.185794830322266,123864012,0.0,0.0,GOOGL
2013-03-18 00:00:00-04:00,20.145145416259766,20.339338302612305,20.056806564331055,20.2149658203125,20.024417877197266,73458468,0.0,0.0,GOOGL
2013-03-19 00:00:00-04:00,20.301300048828125,20.501752853393555,20.18143081665039,20.303302764892578,20.11192512512207,83844072,0.0,0.0,GOOGL
2013-03-20 00:00:00-04:00,20.441190719604492,20.458208084106445,20.306306838989258,20.388137817382812,20.195960998535156,58493448,0.0,0.0,GOOGL
2013-03-21 00:00:00-04:00,20.302553176879883,20.443443298339844,20.266517639160156,20.301801681518555,20.11043357849121,59044896,0.0,0.0,GOOGL
2013-03-22 00:00:00-04:00,20.38888931274414,20.40140151977539,20.261260986328125,20.27802848815918,20.086885452270508,59468472,0.0,0.0,GOOGL
2013-03-25 00:00:00-04:00,20.330581665039062,20.501251220703125,20.190690994262695,20.261260986328125,20.07027816772461,68411520,0.0,0.0,GOOGL
2013-03-26 00:00:00-04:00,20.357858657836914,20.370370864868164,20.2149658203125,20.33083152770996,20.13919448852539,47628324,0.0,0.0,GOOGL
2013-03-27 00:00:00-04:00,20.18718719482422,20.195194244384766,20.053302764892578,20.08658790588379,19.897249221801758,86441472,0.0,0.0,GOOGL
2013-03-28 00:00:00-04:00,20.119869232177734,20.154403686523438,19.852352142333984,19.874624252319336,19.687284469604492,91420488,0.0,0.0,GOOGL
2013-04-01 00:00:00-04:00,19.895145416259766,20.076326370239258,19.85110092163086,20.049800872802734,19.860811233520508,72219708,0.0,0.0,GOOGL
2013-04-02 00:00:00-04:00,20.133634567260742,20.391141891479492,20.120119094848633,20.346345901489258,20.154560089111328,81578340,0.0,0.0,GOOGL
2013-04-03 00:00:00-04:00,20.356857299804688,20.375375747680664,20.036787033081055,20.175174713134766,19.98500633239746,69470460,0.0,0.0,GOOGL
2013-04-04 00:00:00-04:00,20.126375198364258,20.16391372680664,19.80230140686035,19.89664649963379,19.709102630615234,97806096,0.0,0.0,GOOGL
2013-04-05 00:00:00-04:00,19.671171188354492,19.69444465637207,19.429428100585938,19.59584617614746,19.4111385345459,137218644,0.0,0.0,GOOGL
2013-04-08 00:00:00-04:00,19.488237380981445,19.508258819580078,19.229228973388672,19.390640258789062,19.207862854003906,113170716,0.0,0.0,GOOGL
2013-04-09 00:00:00-04:00,19.406906127929688,19.61336326599121,19.347097396850586,19.460710525512695,19.277273178100586,86205708,0.0,0.0,GOOGL
2013-04-10 00:00:00-04:00,19.592592239379883,19.82857894897461,19.419418334960938,19.774274826049805,19.58788299560547,79064856,0.0,0.0,GOOGL
2013-04-11 00:00:00-04:00,19.841842651367188,19.847347259521484,19.62112045288086,19.779529571533203,19.59308433532715,81066852,0.0,0.0,GOOGL
2013-04-12 00:00:00-04:00,19.819570541381836,19.822322845458984,19.59284210205078,19.771020889282227,19.584657669067383,65402532,0.0,0.0,GOOGL
2013-04-15 00:00:00-04:00,19.668418884277344,19.944944381713867,19.444944381713867,19.56781768798828,19.383371353149414,98025876,0.0,0.0,GOOGL
2013-04-16 00:00:00-04:00,19.68443489074707,19.919919967651367,19.617618560791016,19.854103088378906,19.66695785522461,69610320,0.0,0.0,GOOGL
2013-04-17 00:00:00-04:00,19.688438415527344,19.790790557861328,19.47197151184082,19.58358383178711,19.398988723754883,81398520,0.0,0.0,GOOGL
2013-04-18 00:00:00-04:00,19.65340232849121,19.66466522216797,19.05055046081543,19.16691780090332,18.986251831054688,132767100,0.0,0.0,GOOGL
2013-04-19 00:00:00-04:00,19.248247146606445,20.10610580444336,19.175676345825195,20.016767501831055,19.82809066772461,231895872,0.0,0.0,GOOGL
2013-04-22 00:00:00-04:00,20.0350341796875,20.11911964416504,19.394393920898438,20.02277374267578,19.83403778076172,115220664,0.0,0.0,GOOGL
2013-04-23 00:00:00-04:00,20.045045852661133,20.407907485961914,20.029029846191406,20.21771812438965,20.027141571044922,91600308,0.0,0.0,GOOGL
2013-04-24 00:00:00-04:00,20.222972869873047,20.470470428466797,20.2202205657959,20.35660743713379,20.164730072021484,73090836,0.0,0.0,GOOGL
2013-04-25 00:00:00-04:00,20.426677703857422,20.43218231201172,20.210960388183594,20.24774742126465,20.056888580322266,79608312,0.0,0.0,GOOGL
2013-04-26 00:00:00-04:00,20.2102108001709,20.213714599609375,19.93443489074707,20.05555534362793,19.866514205932617,99408492,0.0,0.0,GOOGL
2013-04-29 00:00:00-04:00,20.101350784301758,20.58808708190918,20.095094680786133,20.496997833251953,20.30379295349121,91939968,0.0,0.0,GOOGL
2013-04-30 00:00:00-04:00,20.495494842529297,20.711711883544922,20.462461471557617,20.634885787963867,20.44038200378418,92175732,0.0,0.0,GOOGL
2013-05-01 00:00:00-04:00,20.602102279663086,20.638639450073242,20.429428100585938,20.531280517578125,20.337749481201172,58141800,0.0,0.0,GOOGL
2013-05-02 00:00:00-04:00,20.52302360534668,20.88463592529297,20.496746063232422,20.761011123657227,20.565317153930664,80651268,0.0,0.0,GOOGL
2013-05-03 00:00:00-04:00,20.944944381713867,21.191190719604492,20.920921325683594,21.16416358947754,20.964672088623047,100403496,0.0,0.0,GOOGL
2013-05-06 00:00:00-04:00,21.22772789001465,21.56781768798828,21.22772789001465,21.56031036376953,21.35708236694336,85566348,0.0,0.0,GOOGL
2013-05-07 00:00:00-04:00,21.596847534179688,21.61836814880371,21.28803825378418,21.45220184326172,21.249996185302734,78281640,0.0,0.0,GOOGL
2013-05-08 00:00:00-04:00,21.44644546508789,21.86886978149414,21.344093322753906,21.862613677978516,21.656536102294922,98633268,0.0,0.0,GOOGL
2013-05-09 00:00:00-04:00,21.79279327392578,22.013513565063477,21.727476119995117,21.808809280395508,21.603239059448242,87935976,0.0,0.0,GOOGL
2013-05-10 00:00:00-04:00,21.90465545654297,22.03553581237793,21.82582664489746,22.02777862548828,21.820144653320312,75832092,0.0,0.0,GOOGL
2013-05-13 00:00:00-04:00,21.994243621826172,22.083833694458008,21.856355667114258,21.9602108001709,21.75321388244629,57882060,0.0,0.0,GOOGL
2013-05-14 00:00:00-04:00,21.95945930480957,22.23948860168457,21.950450897216797,22.19969940185547,21.990446090698242,63108828,0.0,0.0,GOOGL
2013-05-15 00:00:00-04:00,22.409910202026367,22.932432174682617,22.372873306274414,22.920169830322266,22.704124450683594,159276564,0.0,0.0,GOOGL
2013-05-16 00:00:00-04:00,22.997997283935547,23.022523880004883,22.57282257080078,22.619369506835938,22.406160354614258,128255616,0.0,0.0,GOOGL
2013-05-17 00:00:00-04:00,22.773273468017578,22.860109329223633,22.53553581237793,22.75225257873535,22.537790298461914,111568320,0.0,0.0,GOOGL
2013-05-20 00:00:00-04:00,22.647647857666016,23.03803825378418,22.647647857666016,22.735986709594727,22.521678924560547,90817092,0.0,0.0,GOOGL
2013-05-21 00:00:00-04:00,22.723222732543945,22.814313888549805,22.46271324157715,22.69694709777832,22.48300552368164,79240680,0.0,0.0,GOOGL
2013-05-22 00:00:00-04:00,22.58658790588379,22.75550651550293,22.194194793701172,22.25775718688965,22.047958374023438,102321576,0.0,0.0,GOOGL
2013-05-23 00:00:00-04:00,21.94694709777832,22.271270751953125,21.871871948242188,22.091842651367188,21.88360595703125,90912996,0.0,0.0,GOOGL
2013-05-24 00:00:00-04:00,21.90340232849121,21.99249267578125,21.797046661376953,21.854854583740234,21.648853302001953,91780128,0.0,0.0,GOOGL
2013-05-28 00:00:00-04:00,22.109609603881836,22.32582664489746,22.032032012939453,22.053804397583008,21.845924377441406,90209700,0.0,0.0,GOOGL
2013-05-29 00:00:00-04:00,21.91466522216797,21.971721649169922,21.62887954711914,21.72947883605957,21.524654388427734,80455464,0.0,0.0,GOOGL
2013-05-30 00:00:00-04:00,21.7697696685791,21.99449348449707,21.68193244934082,21.790790557861328,21.58538818359375,84743172,0.0,0.0,GOOGL
2013-05-31 00:00:00-04:00,21.7247257232666,21.94694709777832,21.70970916748047,21.80230140686035,21.596792221069336,78697224,0.0,0.0,GOOGL
2013-06-03 00:00:00-04:00,21.846847534179688,21.87112045288086,21.396896362304688,21.712461471557617,21.50779914855957,98928972,0.0,0.0,GOOGL
2013-06-04 00:00:00-04:00,21.717967987060547,21.786537170410156,21.373123168945312,21.498998641967773,21.296348571777344,74669256,0.0,0.0,GOOGL
2013-06-05 00:00:00-04:00,21.584333419799805,21.758007049560547,21.44969940185547,21.514013290405273,21.311222076416016,84187728,0.0,0.0,GOOGL
2013-06-06 00:00:00-04:00,21.62912940979004,21.679929733276367,21.201702117919922,21.637638092041016,21.433683395385742,103060836,0.0,0.0,GOOGL
2013-06-07 00:00:00-04:00,21.78228187561035,22.022022247314453,21.65465545654297,22.0152645111084,21.80774688720703,106877016,0.0,0.0,GOOGL
2013-06-10 00:00:00-04:00,22.074575424194336,22.29729652404785,22.024274826049805,22.27777862548828,22.067790985107422,93418488,0.0,0.0,GOOGL
2013-06-11 00:00:00-04:00,22.121370315551758,22.19719696044922,22.010009765625,22.01726722717285,21.80973243713379,70233696,0.0,0.0,GOOGL
2013-06-12 00:00:00-04:00,22.158658981323242,22.17217254638672,21.76301383972168,21.821321487426758,21.61563491821289,88103808,0.0,0.0,GOOGL
2013-06-13 00:00:00-04:00,21.746246337890625,22.013513565063477,21.65915870666504,21.94694709777832,21.740074157714844,82713204,0.0,0.0,GOOGL
2013-06-14 00:00:00-04:00,22.024524688720703,22.13964080810547,21.875125885009766,21.897897720336914,21.691486358642578,89710200,0.0,0.0,GOOGL
2013-06-17 00:00:00-04:00,22.00275230407715,22.258007049560547,21.978979110717773,22.178428649902344,21.969371795654297,85766148,0.0,0.0,GOOGL
2013-06-18 00:00:00-04:00,22.238487243652344,22.547548294067383,22.230981826782227,22.53803825378418,22.325593948364258,86589324,0.0,0.0,GOOGL
2013-06-19 00:00:00-04:00,22.556806564331055,22.793794631958008,22.4599609375,22.539539337158203,22.32707977294922,116519364,0.0,0.0,GOOGL
2013-06-20 00:00:00-04:00,22.372121810913086,22.547548294067383,22.104854583740234,22.140640258789062,21.931941986083984,134745120,0.0,0.0,GOOGL
2013-06-21 00:00:00-04:00,22.230730056762695,22.269269943237305,21.84859848022461,22.04529571533203,21.837493896484375,159132708,0.0,0.0,GOOGL
2013-06-24 00:00:00-04:00,21.818819046020508,21.929929733276367,21.602853775024414,21.766517639160156,21.56134605407715,120555324,0.0,0.0,GOOGL
2013-06-25 00:00:00-04:00,21.953453063964844,22.014013290405273,21.634384155273438,21.676677703857422,21.472352981567383,102025872,0.0,0.0,GOOGL
2013-06-26 00:00:00-04:00,21.865615844726562,21.97197151184082,21.786035537719727,21.863113403320312,21.657032012939453,73182744,0.0,0.0,GOOGL
2013-06-27 00:00:00-04:00,21.991992950439453,22.139389038085938,21.938188552856445,21.948699951171875,21.741811752319336,76982940,0.0,0.0,GOOGL
2013-06-28 00:00:00-04:00,21.894393920898438,22.06806755065918,21.87662696838379,22.031280517578125,21.8236141204834,93878028,0.0,0.0,GOOGL
2013-07-01 00:00:00-04:00,22.183433532714844,22.324323654174805,22.147146224975586,22.219219207763672,22.00977897644043,68923008,0.0,0.0,GOOGL
2013-07-02 00:00:00-04:00,22.27727699279785,22.29729652404785,21.953704833984375,22.079830169677734,21.871706008911133,75584340,0.0,0.0,GOOGL
2013-07-03 00:00:00-04:00,22.019519805908203,22.251501083374023,21.98448371887207,22.182933807373047,21.973838806152344,41838120,0.0,0.0,GOOGL
2013-07-05 00:00:00-04:00,22.272523880004883,22.407657623291016,22.205705642700195,22.359609603881836,22.148845672607422,68007924,0.0,0.0,GOOGL
2013-07-08 00:00:00-04:00,22.50275230407715,22.679428100585938,22.44944953918457,22.649900436401367,22.4364013671875,78701220,0.0,0.0,GOOGL
2013-07-09 00:00:00-04:00,22.79779815673828,22.84659767150879,22.47197151184082,22.653654098510742,22.440120697021484,79096824,0.0,0.0,GOOGL
2013-07-10 00:00:00-04:00,22.608858108520508,22.801300048828125,22.532032012939453,22.672422409057617,22.458711624145508,68267664,0.0,0.0,GOOGL
2013-07-11 00:00:00-04:00,22.847848892211914,23.043292999267578,22.735736846923828,23.029029846191406,22.81195831298828,103264632,0.0,0.0,GOOGL
2013-07-12 00:00:00-04:00,23.02302360534668,23.098098754882812,22.90390396118164,23.098098754882812,22.880374908447266,102625272,0.0,0.0,GOOGL
2013-07-15 00:00:00-04:00,23.130630493164062,23.223222732543945,22.93193244934082,23.140390396118164,22.922269821166992,78341580,0.0,0.0,GOOGL
2013-07-16 00:00:00-04:00,23.20145034790039,23.222471237182617,22.870370864868164,23.013263702392578,22.79633903503418,79240680,0.0,0.0,GOOGL
2013-07-17 00:00:00-04:00,23.04804801940918,23.19469451904297,22.930429458618164,22.986736297607422,22.770061492919922,60183756,0.0,0.0,GOOGL
2013-07-18 00:00:00-04:00,22.99774742126465,23.02302360534668,22.602352142333984,22.7897891998291,22.574974060058594,145234620,0.0,0.0,GOOGL
2013-07-19 00:00:00-04:00,22.187437057495117,22.596345901489258,21.91216278076172,22.437437057495117,22.225942611694336,294077628,0.0,0.0,GOOGL
2013-07-22 00:00:00-04:00,22.572572708129883,22.839590072631836,22.447446823120117,22.79029083251953,22.575469970703125,116011872,0.0,0.0,GOOGL
2013-07-23 00:00:00-04:00,22.79029083251953,22.847848892211914,22.511762619018555,22.617618560791016,22.40442657470703,81746172,0.0,0.0,GOOGL
2013-07-24 00:00:00-04:00,22.704204559326172,22.7802791595459,22.5400390625,22.595094680786133,22.382112503051758,83056860,0.0,0.0,GOOGL
2013-07-25 00:00:00-04:00,22.36911964416504,22.443693161010742,22.17417335510254,22.21471405029297,22.005319595336914,119923956,0.0,0.0,GOOGL
2013-07-26 00:00:00-04:00,22.19694709777832,22.272022247314453,22.072071075439453,22.155906677246094,21.947067260742188,71036892,0.0,0.0,GOOGL
2013-07-29 00:00:00-04:00,22.14464569091797,22.392892837524414,22.044294357299805,22.078828811645508,21.87071418762207,75600324,0.0,0.0,GOOGL
2013-07-30 00:00:00-04:00,22.158658981323242,22.412662506103516,22.043794631958008,22.29529571533203,22.085140228271484,70153776,0.0,0.0,GOOGL
2013-07-31 00:00:00-04:00,22.347097396850586,22.435184478759766,22.176677703857422,22.215965270996094,22.006559371948242,86853060,0.0,0.0,GOOGL
2013-08-01 00:00:00-04:00,22.397396087646484,22.63638687133789,22.397396087646484,22.628128051757812,22.41482925415039,85450464,0.0,0.0,GOOGL
2013-08-02 00:00:00-04:00,22.60860824584961,22.69769859313965,22.54304313659668,22.68693733215332,22.47308921813965,68487444,0.0,0.0,GOOGL
2013-08-05 00:00:00-04:00,22.657407760620117,22.660661697387695,22.50250244140625,22.647647857666016,22.434171676635742,52335612,0.0,0.0,GOOGL
2013-08-06 00:00:00-04:00,22.639890670776367,22.76551628112793,22.415666580200195,22.436687469482422,22.225196838378906,60183756,0.0,0.0,GOOGL
2013-08-07 00:00:00-04:00,22.39839744567871,22.483734130859375,22.24949836730957,22.28853988647461,22.078447341918945,55112832,0.0,0.0,GOOGL
2013-08-08 00:00:00-04:00,22.40966033935547,22.418418884277344,22.154403686523438,22.338838577270508,22.128271102905273,59460480,0.0,0.0,GOOGL
2013-08-09 00:00:00-04:00,22.286285400390625,22.410409927368164,22.27227210998535,22.282533645629883,22.07249641418457,52895052,0.0,0.0,GOOGL
2013-08-12 00:00:00-04:00,22.19469451904297,22.19719696044922,22.063312530517578,22.159910202026367,21.951030731201172,55024920,0.0,0.0,GOOGL
2013-08-13 00:00:00-04:00,22.192943572998047,22.2347354888916,21.92692756652832,22.053302764892578,21.845428466796875,56735208,0.0,0.0,GOOGL
2013-08-14 00:00:00-04:00,21.981231689453125,22.02777862548828,21.700700759887695,21.767017364501953,21.561840057373047,83204712,0.0,0.0,GOOGL
2013-08-15 00:00:00-04:00,21.632633209228516,21.64464569091797,21.471471786499023,21.51301383972168,21.310230255126953,74693232,0.0,0.0,GOOGL
2013-08-16 00:00:00-04:00,21.55355453491211,21.582582473754883,21.434934616088867,21.444194793701172,21.2420597076416,66936996,0.0,0.0,GOOGL
2013-08-19 00:00:00-04:00,21.464214324951172,21.821821212768555,21.45770835876465,21.662912368774414,21.458717346191406,72363564,0.0,0.0,GOOGL
2013-08-20 00:00:00-04:00,21.730480194091797,21.824575424194336,21.610109329223633,21.65715789794922,21.453018188476562,49270680,0.0,0.0,GOOGL
2013-08-21 00:00:00-04:00,21.78803825378418,21.94469451904297,21.68418312072754,21.7550048828125,21.549943923950195,70221708,0.0,0.0,GOOGL
2013-08-22 00:00:00-04:00,21.839338302612305,21.890640258789062,21.77802848815918,21.864614486694336,21.658519744873047,34761204,0.0,0.0,GOOGL
2013-08-23 00:00:00-04:00,21.96771812438965,21.97197151184082,21.76551628112793,21.777027130126953,21.571754455566406,43040916,0.0,0.0,GOOGL
2013-08-26 00:00:00-04:00,21.771772384643555,21.894393920898438,21.672922134399414,21.68143081665039,21.47706413269043,42057900,0.0,0.0,GOOGL
2013-08-27 00:00:00-04:00,21.512012481689453,21.614864349365234,21.218719482421875,21.2750244140625,21.074487686157227,69294636,0.0,0.0,GOOGL
2013-08-28 00:00:00-04:00,21.277528762817383,21.40665626525879,21.215465545654297,21.2349853515625,21.03482437133789,53142804,0.0,0.0,GOOGL
2013-08-29 00:00:00-04:00,21.247997283935547,21.531030654907227,21.235986709594727,21.40715789794922,21.20537757873535,59080860,0.0,0.0,GOOGL
2013-08-30 00:00:00-04:00,21.415414810180664,21.472471237182617,21.160160064697266,21.193693161010742,20.993921279907227,74389536,0.0,0.0,GOOGL
2013-09-03 00:00:00-04:00,21.380380630493164,21.67642593383789,21.370119094848633,21.531030654907227,21.328079223632812,81822096,0.0,0.0,GOOGL
2013-09-04 00:00:00-04:00,21.5302791595459,21.859359741210938,21.400651931762695,21.812562942504883,21.606956481933594,81566352,0.0,0.0,GOOGL
2013-09-05 00:00:00-04:00,21.859359741210938,22.019018173217773,21.812061309814453,22.011011123657227,21.80353355407715,51600348,0.0,0.0,GOOGL
2013-09-06 00:00:00-04:00,22.08308219909668,22.11661720275879,21.86536407470703,22.011512756347656,21.804031372070312,62401536,0.0,0.0,GOOGL
2013-09-09 00:00:00-04:00,22.11536407470703,22.266016006469727,22.082582473754883,22.223472595214844,22.013994216918945,49334616,0.0,0.0,GOOGL
2013-09-10 00:00:00-04:00,22.27277374267578,22.322322845458984,22.122121810913086,22.238988876342773,22.02936363220215,51452496,0.0,0.0,GOOGL
2013-09-11 00:00:00-04:00,22.235736846923828,22.446697235107422,22.17417335510254,22.42717742919922,22.215782165527344,64359576,0.0,0.0,GOOGL
2013-09-12 00:00:00-04:00,22.457456588745117,22.469970703125,22.272523880004883,22.348848342895508,22.138187408447266,43776180,0.0,0.0,GOOGL
2013-09-13 00:00:00-04:00,22.384885787963867,22.414413452148438,22.143142700195312,22.248998641967773,22.03927993774414,52962984,0.0,0.0,GOOGL
2013-09-16 00:00:00-04:00,22.427427291870117,22.447446823120117,22.14389419555664,22.216215133666992,22.006803512573242,53406540,0.0,0.0,GOOGL
2013-09-17 00:00:00-04:00,22.207456588745117,22.23198127746582,22.047046661376953,22.174924850463867,21.965904235839844,50325624,0.0,0.0,GOOGL
2013-09-18 00:00:00-04:00,22.180931091308594,22.621871948242188,22.098848342895508,22.605606079101562,22.392526626586914,77310612,0.0,0.0,GOOGL
2013-09-19 00:00:00-04:00,22.672422409057617,22.672422409057617,22.407407760620117,22.48223114013672,22.270313262939453,63852084,0.0,0.0,GOOGL
2013-09-20 00:00:00-04:00,22.48223114013672,22.62587547302246,22.412912368774414,22.60034942626953,22.38732147216797,173638188,0.0,0.0,GOOGL
2013-09-23 00:00:00-04:00,22.426176071166992,22.56231117248535,22.152151107788086,22.18468475341797,21.97557258605957,71024904,0.0,0.0,GOOGL
2013-09-24 00:00:00-04:00,22.18468475341797,22.2747745513916,22.057056427001953,22.193193435668945,21.983999252319336,59412528,0.0,0.0,GOOGL
2013-09-25 00:00:00-04:00,22.185935974121094,22.185935974121094,21.91191291809082,21.95270347595215,21.74577522277832,65894040,0.0,0.0,GOOGL
2013-09-26 00:00:00-04:00,21.97947883605957,22.09084129333496,21.896896362304688,21.976226806640625,21.76907730102539,50345604,0.0,0.0,GOOGL
2013-09-27 00:00:00-04:00,21.892391204833984,21.9599609375,21.804555892944336,21.931682586669922,21.724952697753906,50301648,0.0,0.0,GOOGL
2013-09-30 00:00:00-04:00,21.748748779296875,22.04304313659668,21.72947883605957,21.91967010498047,21.713054656982422,68827104,0.0,0.0,GOOGL
2013-10-01 00:00:00-04:00,22.028278350830078,22.213964462280273,22.023273468017578,22.19719696044922,21.987966537475586,67324608,0.0,0.0,GOOGL
2013-10-02 00:00:00-04:00,22.09033966064453,22.256256103515625,21.967466354370117,22.22197151184082,22.01250457763672,59752188,0.0,0.0,GOOGL
2013-10-03 00:00:00-04:00,22.22222137451172,22.374874114990234,21.824323654174805,21.92417335510254,21.71751594543457,84595320,0.0,0.0,GOOGL
2013-10-04 00:00:00-04:00,21.896896362304688,21.95970916748047,21.771772384643555,21.830581665039062,21.624807357788086,54265680,0.0,0.0,GOOGL
2013-10-07 00:00:00-04:00,21.707958221435547,21.87162208557129,21.624374389648438,21.665164947509766,21.46094512939453,51692256,0.0,0.0,GOOGL
2013-10-08 00:00:00-04:00,21.65465545654297,21.671171188354492,21.312061309814453,21.363113403320312,21.161746978759766,77670252,0.0,0.0,GOOGL
2013-10-09 00:00:00-04:00,21.428428649902344,21.58783721923828,21.095596313476562,21.417917251586914,21.216032028198242,105945948,0.0,0.0,GOOGL
2013-10-10 00:00:00-04:00,21.617618560791016,21.74249267578125,21.526777267456055,21.72772789001465,21.522924423217773,90121788,0.0,0.0,GOOGL
2013-10-11 00:00:00-04:00,21.672422409057617,21.858858108520508,21.65415382385254,21.821571350097656,21.615882873535156,56299644,0.0,0.0,GOOGL
2013-10-14 00:00:00-04:00,21.688188552856445,21.928178787231445,21.65640640258789,21.92467498779297,21.718013763427734,49694256,0.0,0.0,GOOGL
2013-10-15 00:00:00-04:00,21.915916442871094,22.162912368774414,21.871871948242188,22.072322845458984,21.864267349243164,63612324,0.0,0.0,GOOGL
2013-10-16 00:00:00-04:00,22.16891860961914,22.480730056762695,22.122371673583984,22.473222732543945,22.261388778686523,80223696,0.0,0.0,GOOGL
2013-10-17 00:00:00-04:00,22.347097396850586,22.444944381713867,22.165414810180664,22.241992950439453,22.032339096069336,170093736,0.0,0.0,GOOGL
2013-10-18 00:00:00-04:00,24.43893814086914,25.41191291809082,24.374374389648438,25.31056022644043,25.071983337402344,462193344,0.0,0.0,GOOGL
2013-10-21 00:00:00-04:00,25.311811447143555,25.50050163269043,25.013763427734375,25.107608795166016,24.87094497680664,144986868,0.0,0.0,GOOGL
2013-10-22 00:00:00-04:00,25.150150299072266,25.35034942626953,24.91967010498047,25.200199127197266,24.962661743164062,88255656,0.0,0.0,GOOGL
2013-10-23 00:00:00-04:00,25.050050735473633,25.89464569091797,25.040790557861328,25.81106185913086,25.567766189575195,106421472,0.0,0.0,GOOGL
2013-10-24 00:00:00-04:00,25.822572708129883,26.04029083251953,25.645645141601562,25.664413452148438,25.42249870300293,83600316,0.0,0.0,GOOGL
2013-10-25 00:00:00-04:00,25.746246337890625,25.746246337890625,25.293794631958008,25.405405044555664,25.16593360900879,81138780,0.0,0.0,GOOGL
2013-10-28 00:00:00-04:00,25.405405044555664,25.611360549926758,25.350099563598633,25.400400161743164,25.160978317260742,46301652,0.0,0.0,GOOGL
2013-10-29 00:00:00-04:00,25.503002166748047,25.94944953918457,25.362863540649414,25.93193244934082,25.687498092651367,64135800,0.0,0.0,GOOGL
2013-10-30 00:00:00-04:00,25.961711883544922,25.963714599609375,25.675676345825195,25.786285400390625,25.543224334716797,52911036,0.0,0.0,GOOGL
2013-10-31 00:00:00-04:00,25.748998641967773,26.064064025878906,25.624874114990234,25.79029083251953,25.54719352722168,65534400,0.0,0.0,GOOGL
2013-11-01 00:00:00-04:00,25.820571899414062,25.925926208496094,25.653152465820312,25.701702117919922,25.45943832397461,51280668,0.0,0.0,GOOGL
2013-11-04 00:00:00-05:00,25.813312530517578,25.835084915161133,25.576326370239258,25.678428649902344,25.436382293701172,45506448,0.0,0.0,GOOGL
2013-11-05 00:00:00-05:00,25.534284591674805,25.817066192626953,25.460960388183594,25.56356430053711,25.322603225708008,47208744,0.0,0.0,GOOGL
2013-11-06 00:00:00-05:00,25.665666580200195,25.700700759887695,25.40966033935547,25.594343185424805,25.35308837890625,36479484,0.0,0.0,GOOGL
2013-11-07 00:00:00-05:00,25.59084129333496,25.62387466430664,25.216215133666992,25.223974227905273,24.98621368408203,67116816,0.0,0.0,GOOGL
2013-11-08 00:00:00-05:00,25.243993759155273,25.487987518310547,25.23773765563965,25.426176071166992,25.186511993408203,51580368,0.0,0.0,GOOGL
2013-11-11 00:00:00-05:00,25.26301383972168,25.423673629760742,25.2252254486084,25.2900390625,25.051654815673828,44459496,0.0,0.0,GOOGL
2013-11-12 00:00:00-05:00,25.21771812438965,25.46446418762207,25.150150299072266,25.319820404052734,25.081159591674805,48675276,0.0,0.0,GOOGL
2013-11-13 00:00:00-05:00,25.193944931030273,25.847097396850586,25.18768882751465,25.837587356567383,25.59404182434082,63112824,0.0,0.0,GOOGL
2013-11-14 00:00:00-05:00,25.87387466430664,26.0197696685791,25.784534454345703,25.90665626525879,25.662460327148438,46621332,0.0,0.0,GOOGL
2013-11-15 00:00:00-05:00,25.897647857666016,25.975976943969727,25.783533096313477,25.864864349365234,25.621063232421875,51000948,0.0,0.0,GOOGL
2013-11-18 00:00:00-05:00,25.91967010498047,26.2447452545166,25.756757736206055,25.814565658569336,25.571237564086914,70317612,0.0,0.0,GOOGL
2013-11-19 00:00:00-05:00,25.818819046020508,25.89464569091797,25.601852416992188,25.655656814575195,25.413827896118164,45218736,0.0,0.0,GOOGL
2013-11-20 00:00:00-05:00,25.774524688720703,25.859859466552734,25.534534454345703,25.583332061767578,25.342182159423828,38509452,0.0,0.0,GOOGL
2013-11-21 00:00:00-05:00,25.700700759887695,25.983734130859375,25.675676345825195,25.877628326416016,25.633705139160156,43628328,0.0,0.0,GOOGL
2013-11-22 00:00:00-05:00,25.861360549926758,25.930179595947266,25.756256103515625,25.82307243347168,25.57966423034668,50117832,0.0,0.0,GOOGL
2013-11-25 00:00:00-05:00,25.954954147338867,26.35610580444336,25.90140151977539,26.174423217773438,25.927703857421875,64455480,0.0,0.0,GOOGL
2013-11-26 00:00:00-05:00,26.241241455078125,26.564064025878906,26.099599838256836,26.486736297607422,26.237071990966797,91360548,0.0,0.0,GOOGL
2013-11-27 00:00:00-05:00,26.577327728271484,26.726726531982422,26.526527404785156,26.604354858398438,26.35358428955078,44899056,0.0,0.0,GOOGL
2013-11-29 00:00:00-05:00,26.580581665039062,26.69219207763672,26.51276206970215,26.516265869140625,26.266321182250977,47664288,0.0,0.0,GOOGL
2013-12-02 00:00:00-05:00,26.614364624023438,26.685434341430664,26.29529571533203,26.38838768005371,26.139650344848633,54873072,0.0,0.0,GOOGL
2013-12-03 00:00:00-05:00,26.300050735473633,26.612613677978516,26.251752853393555,26.357858657836914,26.10940933227539,66976956,0.0,0.0,GOOGL
2013-12-04 00:00:00-05:00,26.31056022644043,26.62612533569336,26.276275634765625,26.480981826782227,26.231369018554688,47616336,0.0,0.0,GOOGL
2013-12-05 00:00:00-05:00,26.45645523071289,26.51801872253418,26.30355453491211,26.4599609375,26.21055030822754,45302652,0.0,0.0,GOOGL
2013-12-06 00:00:00-05:00,26.771522521972656,26.776777267456055,26.528528213500977,26.773523330688477,26.52115821838379,57094848,0.0,0.0,GOOGL
2013-12-09 00:00:00-05:00,26.801551818847656,27.084835052490234,26.72722625732422,26.980480194091797,26.72616195678711,59244696,0.0,0.0,GOOGL
2013-12-10 00:00:00-05:00,26.930681228637695,27.335084915161133,26.918167114257812,27.143644332885742,26.887786865234375,74081844,0.0,0.0,GOOGL
2013-12-11 00:00:00-05:00,27.21221160888672,27.31031036376953,26.906156539916992,26.959209442138672,26.70509147644043,68403528,0.0,0.0,GOOGL
2013-12-12 00:00:00-05:00,27.016265869140625,27.100601196289062,26.751752853393555,26.775775909423828,26.523387908935547,63796140,0.0,0.0,GOOGL
2013-12-13 00:00:00-05:00,26.91191291809082,26.93418312072754,26.473724365234375,26.546295166015625,26.296070098876953,86409504,0.0,0.0,GOOGL
2013-12-16 00:00:00-05:00,26.62662696838379,26.89414405822754,26.576826095581055,26.851350784301758,26.598249435424805,64015920,0.0,0.0,GOOGL
2013-12-17 00:00:00-05:00,26.847347259521484,27.046045303344727,26.736236572265625,26.773273468017578,26.520910263061523,61366572,0.0,0.0,GOOGL
2013-12-18 00:00:00-05:00,26.82307243347168,27.150901794433594,26.50250244140625,27.145896911621094,26.8900203704834,88323588,0.0,0.0,GOOGL
2013-12-19 00:00:00-05:00,27.046295166015625,27.327077865600586,27.004003524780273,27.18268394470215,26.92645835876465,66561372,0.0,0.0,GOOGL
2013-12-20 00:00:00-05:00,27.2347354888916,27.556806564331055,27.22722625732422,27.54304313659668,27.283422470092773,130333536,0.0,0.0,GOOGL
2013-12-23 00:00:00-05:00,27.723724365234375,27.922922134399414,27.655656814575195,27.905405044555664,27.642366409301758,68795136,0.0,0.0,GOOGL
2013-12-24 00:00:00-05:00,27.902151107788086,27.90890884399414,27.7302303314209,27.823823928833008,27.56155776977539,29338632,0.0,0.0,GOOGL
2013-12-26 00:00:00-05:00,27.878128051757812,28.003002166748047,27.7449951171875,27.96446418762207,27.70087242126465,53458488,0.0,0.0,GOOGL
2013-12-27 00:00:00-05:00,28.02802848815918,28.0350341796875,27.851350784301758,27.987987518310547,27.724172592163086,62725212,0.0,0.0,GOOGL
2013-12-30 00:00:00-05:00,28.036537170410156,28.04054069519043,27.753253936767578,27.764263153076172,27.502553939819336,49394556,0.0,0.0,GOOGL
2013-12-31 00:00:00-05:00,27.833833694458008,28.05305290222168,27.68418312072754,28.045795440673828,27.781435012817383,54261684,0.0,0.0,GOOGL
2014-01-02 00:00:00-05:00,27.914413452148438,27.971721649169922,27.734233856201172,27.85585594177246,27.593284606933594,72783144,0.0,0.0,GOOGL
2014-01-03 00:00:00-05:00,27.902902603149414,27.951200485229492,27.650901794433594,27.652652740478516,27.392000198364258,66601332,0.0,0.0,GOOGL
2014-01-06 00:00:00-05:00,27.853103637695312,27.99949836730957,27.688688278198242,27.960960388183594,27.69740104675293,70701228,0.0,0.0,GOOGL
2014-01-07 00:00:00-05:00,28.153152465820312,28.520771026611328,28.057056427001953,28.5,28.23135757446289,102001896,0.0,0.0,GOOGL
2014-01-08 00:00:00-05:00,28.678678512573242,28.711711883544922,28.360610961914062,28.559309005737305,28.290109634399414,89610300,0.0,0.0,GOOGL
2014-01-09 00:00:00-05:00,28.614614486694336,28.63413429260254,28.16716766357422,28.284284591674805,28.017675399780273,83296620,0.0,0.0,GOOGL
2014-01-10 00:00:00-05:00,28.50550651550293,28.50550651550293,28.084333419799805,28.28278350830078,28.016185760498047,85654260,0.0,0.0,GOOGL
2014-01-13 00:00:00-05:00,28.189939498901367,28.70145034790039,27.95720672607422,28.102603912353516,27.837709426879883,96659244,0.0,0.0,GOOGL
2014-01-14 00:00:00-05:00,28.47722625732422,28.803804397583008,28.230480194091797,28.763763427734375,28.49264144897461,99204696,0.0,0.0,GOOGL
2014-01-15 00:00:00-05:00,28.85360336303711,28.90390396118164,28.62337303161621,28.744243621826172,28.473299026489258,77929992,0.0,0.0,GOOGL
2014-01-16 00:00:00-05:00,28.756256103515625,28.97722625732422,28.728729248046875,28.93443489074707,28.661701202392578,67288644,0.0,0.0,GOOGL
2014-01-17 00:00:00-05:00,28.950199127197266,29.0447940826416,28.633634567260742,28.792041778564453,28.520647048950195,107943948,0.0,0.0,GOOGL
2014-01-21 00:00:00-05:00,29.05230140686035,29.12912940979004,28.811311721801758,29.12162208557129,28.847126007080078,79116804,0.0,0.0,GOOGL
2014-01-22 00:00:00-05:00,29.19444465637207,29.226476669311523,29.00050163269043,29.15465545654297,28.87984275817871,62793144,0.0,0.0,GOOGL
2014-01-23 00:00:00-05:00,29.029029846191406,29.091341018676758,28.888137817382812,29.031532287597656,28.75787925720215,77886036,0.0,0.0,GOOGL
2014-01-24 00:00:00-05:00,28.804054260253906,28.867618560791016,28.103103637695312,28.12387466430664,27.85877799987793,155544300,0.0,0.0,GOOGL
2014-01-27 00:00:00-05:00,28.180681228637695,28.190690994262695,27.083833694458008,27.558307647705078,27.298542022705078,173969856,0.0,0.0,GOOGL
2014-01-28 00:00:00-05:00,27.785785675048828,28.17192268371582,27.776275634765625,28.10335350036621,27.838449478149414,88319592,0.0,0.0,GOOGL
2014-01-29 00:00:00-05:00,28.006006240844727,28.071821212768555,27.51301383972168,27.700700759887695,27.439590454101562,95100804,0.0,0.0,GOOGL
2014-01-30 00:00:00-05:00,28.653654098510742,28.84109115600586,28.20945930480957,28.413162231445312,28.145339965820312,203452344,0.0,0.0,GOOGL
2014-01-31 00:00:00-05:00,29.31306266784668,29.693193435668945,28.807056427001953,29.553804397583008,29.27522850036621,222429348,0.0,0.0,GOOGL
2014-02-03 00:00:00-05:00,29.509510040283203,29.572572708129883,28.32857894897461,28.36411476135254,28.096757888793945,182581236,0.0,0.0,GOOGL
2014-02-04 00:00:00-05:00,28.478227615356445,28.90390396118164,28.453704833984375,28.48248291015625,28.214006423950195,112363524,0.0,0.0,GOOGL
2014-02-05 00:00:00-05:00,28.613113403320312,28.79804801940918,28.228729248046875,28.60860824584961,28.338943481445312,95684220,0.0,0.0,GOOGL
2014-02-06 00:00:00-05:00,28.807056427001953,29.03303337097168,28.717466354370117,29.02802848815918,28.754413604736328,77786136,0.0,0.0,GOOGL
2014-02-07 00:00:00-05:00,29.219970703125,29.47697639465332,29.04304313659668,29.465465545654297,29.187725067138672,105342552,0.0,0.0,GOOGL
2014-02-10 00:00:00-05:00,29.324323654174805,29.589590072631836,29.2547550201416,29.352603912353516,29.075923919677734,77730192,0.0,0.0,GOOGL
2014-02-11 00:00:00-05:00,29.533784866333008,29.826576232910156,29.334585189819336,29.784284591674805,29.503536224365234,81949968,0.0,0.0,GOOGL
2014-02-12 00:00:00-05:00,29.7547550201416,29.7797794342041,29.564064025878906,29.69694709777832,29.417024612426758,68911020,0.0,0.0,GOOGL
2014-02-13 00:00:00-05:00,29.548297882080078,30.027528762817383,29.521020889282227,30.027528762817383,29.744487762451172,73382544,0.0,0.0,GOOGL
2014-02-14 00:00:00-05:00,29.920169830322266,30.139890670776367,29.849849700927734,30.100099563598633,29.816375732421875,87380532,0.0,0.0,GOOGL
2014-02-18 00:00:00-05:00,30.06531524658203,30.352102279663086,30.030029296875,30.30230140686035,30.01667022705078,84271644,0.0,0.0,GOOGL
2014-02-19 00:00:00-05:00,30.162662506103516,30.260761260986328,29.967466354370117,30.08858871459961,29.80497169494629,84059856,0.0,0.0,GOOGL
2014-02-20 00:00:00-05:00,30.10860824584961,30.202451705932617,30.03553581237793,30.132883071899414,29.84885025024414,67963968,0.0,0.0,GOOGL
2014-02-21 00:00:00-05:00,30.225475311279297,30.277027130126953,30.10110092163086,30.124874114990234,29.840919494628906,74417508,0.0,0.0,GOOGL
2014-02-24 00:00:00-05:00,30.16416358947754,30.534534454345703,30.157657623291016,30.343093872070312,30.057079315185547,66905028,0.0,0.0,GOOGL
2014-02-25 00:00:00-05:00,30.42892837524414,30.643142700195312,30.290790557861328,30.53053092956543,30.24275016784668,57490452,0.0,0.0,GOOGL
2014-02-26 00:00:00-05:00,30.630630493164062,30.75275230407715,30.374374389648438,30.5347843170166,30.246963500976562,79208712,0.0,0.0,GOOGL
2014-02-27 00:00:00-05:00,30.4902400970459,30.63638687133789,30.455705642700195,30.510761260986328,30.223167419433594,50349600,0.0,0.0,GOOGL
2014-02-28 00:00:00-05:00,30.539039611816406,30.635385513305664,30.185686111450195,30.421672821044922,30.134916305541992,92451456,0.0,0.0,GOOGL
2014-03-03 00:00:00-05:00,30.198949813842773,30.226226806640625,29.833332061767578,30.097347259521484,29.81365203857422,84107808,0.0,0.0,GOOGL
2014-03-04 00:00:00-05:00,30.405405044555664,30.430429458618164,30.26776885986328,30.403152465820312,30.1165714263916,58649292,0.0,0.0,GOOGL
2014-03-05 00:00:00-05:00,30.40665626525879,30.607608795166016,30.31556510925293,30.48698616027832,30.199615478515625,49362588,0.0,0.0,GOOGL
2014-03-06 00:00:00-05:00,30.587587356567383,30.68443489074707,30.495494842529297,30.520771026611328,30.233083724975586,50673276,0.0,0.0,GOOGL
2014-03-07 00:00:00-05:00,30.700700759887695,30.705455780029297,30.316316604614258,30.400150299072266,30.11359977722168,60543396,0.0,0.0,GOOGL
2014-03-10 00:00:00-04:00,30.422672271728516,30.471471786499023,30.132381439208984,30.319570541381836,30.033777236938477,48535416,0.0,0.0,GOOGL
2014-03-11 00:00:00-04:00,30.374624252319336,30.38838768005371,29.945945739746094,30.0297794342041,29.746721267700195,68451480,0.0,0.0,GOOGL
2014-03-12 00:00:00-04:00,29.939939498901367,30.226476669311523,29.634384155273438,30.21271324157715,29.927928924560547,78493428,0.0,0.0,GOOGL
2014-03-13 00:00:00-04:00,30.228979110717773,30.29279327392578,29.648649215698242,29.756256103515625,29.475770950317383,93730176,0.0,0.0,GOOGL
2014-03-14 00:00:00-04:00,29.579328536987305,29.801551818847656,29.342592239379883,29.349348068237305,29.07270050048828,91664244,0.0,0.0,GOOGL
2014-03-17 00:00:00-04:00,29.510761260986328,29.956707000732422,29.48223114013672,29.832332611083984,29.551132202148438,86397516,0.0,0.0,GOOGL
2014-03-18 00:00:00-04:00,29.89664649963379,30.31856918334961,29.856355667114258,30.311811447143555,30.026094436645508,72527400,0.0,0.0,GOOGL
2014-03-19 00:00:00-04:00,30.32532501220703,30.330080032348633,29.890140533447266,30.011260986328125,29.72837257385254,64451484,0.0,0.0,GOOGL
2014-03-20 00:00:00-04:00,30.028778076171875,30.27052116394043,29.91391372680664,29.958959579467773,29.67656707763672,67320612,0.0,0.0,GOOGL
2014-03-21 00:00:00-04:00,30.187938690185547,30.271020889282227,29.59084129333496,29.605606079101562,29.326541900634766,128211660,0.0,0.0,GOOGL
2014-03-24 00:00:00-04:00,29.634384155273438,29.652151107788086,28.677427291870117,28.97722625732422,28.704086303710938,121362516,0.0,0.0,GOOGL
2014-03-25 00:00:00-04:00,29.17917823791504,29.2752742767334,28.703704833984375,28.996997833251953,28.72367286682129,96311592,0.0,0.0,GOOGL
2014-03-26 00:00:00-04:00,29.079328536987305,29.31856918334961,28.31581687927246,28.327577590942383,28.060558319091797,103096800,0.0,0.0,GOOGL
2014-03-27 00:00:00-04:00,28.299549102783203,28.326826095581055,27.580080032348633,27.884885787963867,27.62204360961914,152735112,0.0,0.0,GOOGL
2014-03-28 00:00:00-04:00,28.003002166748047,28.358108520507812,27.97222137451172,28.031782150268555,27.767553329467773,90265644,0.0,0.0,GOOGL
2014-03-31 00:00:00-04:00,28.288288116455078,28.40340232849121,27.849098205566406,27.890640258789062,27.627744674682617,77614308,0.0,0.0,GOOGL
2014-04-01 00:00:00-04:00,28.0347843170166,28.465965270996094,27.977977752685547,28.400651931762695,28.132949829101562,87152760,0.0,0.0,GOOGL
2014-04-02 00:00:00-04:00,28.57607650756836,28.648649215698242,28.128128051757812,28.405906677246094,28.138154983520508,83360556,0.0,0.0,GOOGL
2014-04-03 00:00:00-04:00,28.66950035095215,29.415000915527344,28.300500869750977,28.575000762939453,28.30565071105957,80366000,0.0,1.998,GOOGL
2014-04-04 00:00:00-04:00,28.927499771118164,28.986000061035156,27.22450065612793,27.262500762939453,27.005523681640625,107274000,0.0,0.0,GOOGL
2014-04-07 00:00:00-04:00,27.239500045776367,27.49250030517578,26.526500701904297,27.0314998626709,26.77669906616211,79232000,0.0,0.0,GOOGL
2014-04-08 00:00:00-04:00,27.252500534057617,27.993999481201172,27.235000610351562,27.875499725341797,27.612747192382812,69650000,0.0,0.0,GOOGL
2014-04-09 00:00:00-04:00,28.29199981689453,28.389999389648438,27.768999099731445,28.351999282836914,28.084753036499023,60632000,0.0,0.0,GOOGL
2014-04-10 00:00:00-04:00,28.399999618530273,28.410499572753906,27.274999618530273,27.33449935913086,27.07684326171875,65890000,0.0,0.0,GOOGL
2014-04-11 00:00:00-04:00,26.89699935913086,27.379499435424805,26.670000076293945,26.88800048828125,26.634553909301758,63494000,0.0,0.0,GOOGL
2014-04-14 00:00:00-04:00,27.183000564575195,27.650999069213867,27.025999069213867,27.260000228881836,27.003049850463867,50824000,0.0,0.0,GOOGL
2014-04-15 00:00:00-04:00,27.549999237060547,27.644500732421875,26.531999588012695,27.434999465942383,27.1763973236084,79956000,0.0,0.0,GOOGL
2014-04-16 00:00:00-04:00,27.885000228881836,28.200000762939453,27.655000686645508,28.19499969482422,27.92923355102539,91644000,0.0,0.0,GOOGL
2014-04-17 00:00:00-04:00,27.81599998474121,27.850000381469727,26.969999313354492,27.16699981689453,26.91092300415039,112294000,0.0,0.0,GOOGL
2014-04-21 00:00:00-04:00,27.200000762939453,27.200000762939453,26.700000762939453,26.9685001373291,26.714296340942383,48502000,0.0,0.0,GOOGL
2014-04-22 00:00:00-04:00,26.799999237060547,27.399999618530273,26.799999237060547,27.274999618530273,27.017906188964844,46622000,0.0,0.0,GOOGL
2014-04-23 00:00:00-04:00,27.183500289916992,27.239999771118164,26.4064998626709,26.875499725341797,26.62217140197754,39114000,0.0,0.0,GOOGL
2014-04-24 00:00:00-04:00,27.08449935913086,27.125,26.549999237060547,26.722000122070312,26.470117568969727,41348000,0.0,0.0,GOOGL
2014-04-25 00:00:00-04:00,26.613000869750977,26.69300079345703,26.125,26.155000686645508,25.908464431762695,47400000,0.0,0.0,GOOGL
2014-04-28 00:00:00-04:00,26.290000915527344,26.295000076293945,25.549999237060547,26.14900016784668,25.90252113342285,75056000,0.0,0.0,GOOGL
2014-04-29 00:00:00-04:00,26.194499969482422,26.88800048828125,26.149999618530273,26.816499710083008,26.56372833251953,50704000,0.0,0.0,GOOGL
2014-04-30 00:00:00-04:00,26.756000518798828,26.816999435424805,26.454500198364258,26.743999481201172,26.49190902709961,40770000,0.0,0.0,GOOGL
2014-05-01 00:00:00-04:00,26.712499618530273,26.995500564575195,26.64299964904785,26.92650032043457,26.672691345214844,40086000,0.0,0.0,GOOGL
2014-05-02 00:00:00-04:00,27.07200050354004,27.1200008392334,26.66349983215332,26.693500518798828,26.4418888092041,35616000,0.0,0.0,GOOGL
2014-05-05 00:00:00-04:00,26.511999130249023,26.785999298095703,26.378999710083008,26.76650047302246,26.514198303222656,24568000,0.0,0.0,GOOGL
2014-05-06 00:00:00-04:00,26.670499801635742,26.727500915527344,26.113000869750977,26.12849998474121,25.88220977783203,36700000,0.0,0.0,GOOGL
2014-05-07 00:00:00-04:00,26.162500381469727,26.221500396728516,25.554500579833984,25.899999618530273,25.655866622924805,61486000,0.0,0.0,GOOGL
2014-05-08 00:00:00-04:00,25.785999298095703,26.36750030517578,25.722999572753906,26.008499145507812,25.76334571838379,49040000,0.0,0.0,GOOGL
2014-05-09 00:00:00-04:00,25.9325008392334,26.36750030517578,25.714000701904297,26.33099937438965,26.08280372619629,45224000,0.0,0.0,GOOGL
2014-05-12 00:00:00-04:00,26.591999053955078,26.9375,26.375499725341797,26.921499252319336,26.667736053466797,38968000,0.0,0.0,GOOGL
2014-05-13 00:00:00-04:00,26.979000091552734,27.199499130249023,26.895000457763672,27.07699966430664,26.821773529052734,40240000,0.0,0.0,GOOGL
2014-05-14 00:00:00-04:00,27.090999603271484,27.090999603271484,26.655500411987305,26.720500946044922,26.468631744384766,25618000,0.0,0.0,GOOGL
2014-05-15 00:00:00-04:00,26.656999588012695,26.700000762939453,26.265499114990234,26.45599937438965,26.206626892089844,36658000,0.0,0.0,GOOGL
2014-05-16 00:00:00-04:00,26.479999542236328,26.54199981689453,26.178499221801758,26.415000915527344,26.166011810302734,38154000,0.0,0.0,GOOGL
2014-05-19 00:00:00-04:00,26.444000244140625,26.967500686645508,26.283000946044922,26.941499710083008,26.687551498413086,39530000,0.0,0.0,GOOGL
2014-05-20 00:00:00-04:00,27.0,27.3174991607666,26.828500747680664,27.019500732421875,26.764816284179688,48506000,0.0,0.0,GOOGL
2014-05-21 00:00:00-04:00,27.145000457763672,27.487499237060547,27.105499267578125,27.485000610351562,27.225923538208008,31294000,0.0,0.0,GOOGL
2014-05-22 00:00:00-04:00,27.610000610351562,27.898000717163086,27.549999237060547,27.772499084472656,27.510713577270508,42994000,0.0,0.0,GOOGL
2014-05-23 00:00:00-04:00,27.9064998626709,28.25,27.708499908447266,28.190000534057617,27.92428207397461,53450000,0.0,0.0,GOOGL
2014-05-27 00:00:00-04:00,28.388999938964844,28.743499755859375,28.207500457763672,28.743499755859375,28.472564697265625,43716000,0.0,0.0,GOOGL
2014-05-28 00:00:00-04:00,28.728500366210938,28.882999420166016,28.497499465942383,28.522499084472656,28.253646850585938,31632000,0.0,0.0,GOOGL
2014-05-29 00:00:00-04:00,28.66950035095215,28.673999786376953,28.422500610351562,28.527999877929688,28.259098052978516,28222000,0.0,0.0,GOOGL
2014-05-30 00:00:00-04:00,28.582000732421875,28.628999710083008,28.289499282836914,28.582500457763672,28.313079833984375,37434000,0.0,0.0,GOOGL
2014-06-02 00:00:00-04:00,28.487499237060547,28.52050018310547,27.834999084472656,28.216999053955078,27.951026916503906,33210000,0.0,0.0,GOOGL
2014-06-03 00:00:00-04:00,28.045000076293945,28.1200008392334,27.62649917602539,27.725500106811523,27.464157104492188,40626000,0.0,0.0,GOOGL
2014-06-04 00:00:00-04:00,27.576000213623047,27.929000854492188,27.42799949645996,27.687999725341797,27.427011489868164,34582000,0.0,0.0,GOOGL
2014-06-05 00:00:00-04:00,27.855499267578125,28.25,27.752500534057617,28.24650001525879,27.980249404907227,35868000,0.0,0.0,GOOGL
2014-06-06 00:00:00-04:00,28.408000946044922,28.440000534057617,27.979000091552734,28.30150032043457,28.03472900390625,34804000,0.0,0.0,GOOGL
2014-06-09 00:00:00-04:00,28.337499618530273,28.600000381469727,28.26099967956543,28.536500930786133,28.267513275146484,30594000,0.0,0.0,GOOGL
2014-06-10 00:00:00-04:00,28.43899917602539,28.600000381469727,28.306499481201172,28.415000915527344,28.14716148376465,29676000,0.0,0.0,GOOGL
2014-06-11 00:00:00-04:00,28.29599952697754,28.44849967956543,28.18400001525879,28.375,28.10753631591797,22580000,0.0,0.0,GOOGL
2014-06-12 00:00:00-04:00,28.350000381469727,28.350000381469727,27.857500076293945,27.975000381469727,27.711305618286133,30930000,0.0,0.0,GOOGL
2014-06-13 00:00:00-04:00,28.003999710083008,28.032499313354492,27.68600082397461,28.017499923706055,27.753406524658203,27066000,0.0,0.0,GOOGL
2014-06-16 00:00:00-04:00,27.862499237060547,27.899499893188477,27.5,27.614999771118164,27.354700088500977,39436000,0.0,0.0,GOOGL
2014-06-17 00:00:00-04:00,27.618000030517578,27.687000274658203,27.37350082397461,27.5310001373291,27.271488189697266,29552000,0.0,0.0,GOOGL
2014-06-18 00:00:00-04:00,27.639999389648438,28.06999969482422,27.57900047302246,28.033000946044922,27.768762588500977,41212000,0.0,0.0,GOOGL
2014-06-19 00:00:00-04:00,28.0575008392334,28.25,27.833499908447266,28.249500274658203,27.98322105407715,52548000,0.0,0.0,GOOGL
2014-06-20 00:00:00-04:00,28.322500228881836,28.338499069213867,27.9685001373291,28.326000213623047,28.058998107910156,63212000,0.0,0.0,GOOGL
2014-06-23 00:00:00-04:00,28.217500686645508,28.722000122070312,28.174999237060547,28.714500427246094,28.443836212158203,34456000,0.0,0.0,GOOGL
2014-06-24 00:00:00-04:00,28.711000442504883,29.112499237060547,28.45800018310547,28.62700080871582,28.357160568237305,56886000,0.0,0.0,GOOGL
2014-06-25 00:00:00-04:00,28.677499771118164,29.364999771118164,28.663000106811523,29.296499252319336,29.020353317260742,42294000,0.0,0.0,GOOGL
2014-06-26 00:00:00-04:00,29.46500015258789,29.479999542236328,28.979999542236328,29.238500595092773,28.962900161743164,40248000,0.0,0.0,GOOGL
2014-06-27 00:00:00-04:00,29.272499084472656,29.393999099731445,29.131000518798828,29.284500122070312,29.00846290588379,40426000,0.0,0.0,GOOGL
2014-06-30 00:00:00-04:00,29.33799934387207,29.385499954223633,29.164499282836914,29.23349952697754,28.957942962646484,29578000,0.0,0.0,GOOGL
2014-07-01 00:00:00-04:00,29.38249969482422,29.683000564575195,29.31450080871582,29.574499130249023,29.295732498168945,32864000,0.0,0.0,GOOGL
2014-07-02 00:00:00-04:00,29.613000869750977,29.707500457763672,29.45549964904785,29.538999557495117,29.26056480407715,23916000,0.0,0.0,GOOGL
2014-07-03 00:00:00-04:00,29.584999084472656,29.712499618530273,29.450000762939453,29.65399932861328,29.374479293823242,17978000,0.0,0.0,GOOGL
2014-07-07 00:00:00-04:00,29.675500869750977,29.782499313354492,29.39699935913086,29.538000106811523,29.259572982788086,26734000,0.0,0.0,GOOGL
2014-07-08 00:00:00-04:00,29.318500518798828,29.398500442504883,28.700000762939453,28.920000076293945,28.64739990234375,42504000,0.0,0.0,GOOGL
2014-07-09 00:00:00-04:00,28.947500228881836,29.204999923706055,28.850000381469727,29.167999267578125,28.893062591552734,27456000,0.0,0.0,GOOGL
2014-07-10 00:00:00-04:00,28.649999618530273,29.262500762939453,28.604999542236328,29.00200080871582,28.7286319732666,28724000,0.0,0.0,GOOGL
2014-07-11 00:00:00-04:00,29.049999237060547,29.411500930786133,29.02899932861328,29.332500457763672,29.056015014648438,30232000,0.0,0.0,GOOGL
2014-07-14 00:00:00-04:00,29.530000686645508,29.743000030517578,29.33449935913086,29.71299934387207,29.432926177978516,39032000,0.0,0.0,GOOGL
2014-07-15 00:00:00-04:00,29.75749969482422,29.764999389648438,29.265499114990234,29.652999877929688,29.373491287231445,33476000,0.0,0.0,GOOGL
2014-07-16 00:00:00-04:00,29.844499588012695,29.850000381469727,29.512500762939453,29.5310001373291,29.252641677856445,28816000,0.0,0.0,GOOGL
2014-07-17 00:00:00-04:00,29.44849967956543,29.475000381469727,28.842500686645508,29.041000366210938,28.767261505126953,58706000,0.0,0.0,GOOGL
2014-07-18 00:00:00-04:00,30.15049934387207,30.334999084472656,29.54599952697754,30.25550079345703,29.970312118530273,97432000,0.0,0.0,GOOGL
2014-07-21 00:00:00-04:00,30.0674991607666,30.20800018310547,29.72249984741211,29.922000885009766,29.639955520629883,44758000,0.0,0.0,GOOGL
2014-07-22 00:00:00-04:00,29.985000610351562,30.444499969482422,29.96299934387207,30.178499221801758,29.8940372467041,37632000,0.0,0.0,GOOGL
2014-07-23 00:00:00-04:00,30.102500915527344,30.352500915527344,30.0674991607666,30.25950050354004,29.974273681640625,22120000,0.0,0.0,GOOGL
2014-07-24 00:00:00-04:00,30.276500701904297,30.445499420166016,30.049999237060547,30.15049934387207,29.86629867553711,27100000,0.0,0.0,GOOGL
2014-07-25 00:00:00-04:00,29.962499618530273,30.049999237060547,29.787500381469727,29.90399932861328,29.62212562561035,27200000,0.0,0.0,GOOGL
2014-07-28 00:00:00-04:00,29.887500762939453,30.05500030517578,29.629499435424805,29.951000213623047,29.66868019104004,27162000,0.0,0.0,GOOGL
2014-07-29 00:00:00-04:00,29.885000228881836,29.92449951171875,29.60849952697754,29.697500228881836,29.41756820678711,27332000,0.0,0.0,GOOGL
2014-07-30 00:00:00-04:00,29.79050064086914,29.922500610351562,29.635000228881836,29.77199935913086,29.491369247436523,24302000,0.0,0.0,GOOGL
2014-07-31 00:00:00-04:00,29.447999954223633,29.59950065612793,28.884000778198242,28.977500915527344,28.70435905456543,46190000,0.0,0.0,GOOGL
2014-08-01 00:00:00-04:00,28.927499771118164,29.171499252319336,28.514999389648438,28.68000030517578,28.409666061401367,44266000,0.0,0.0,GOOGL
2014-08-04 00:00:00-04:00,28.82550048828125,29.19099998474121,28.613000869750977,29.113500595092773,28.839075088500977,30388000,0.0,0.0,GOOGL
2014-08-05 00:00:00-04:00,28.9689998626709,29.010000228881836,28.515499114990234,28.656999588012695,28.386873245239258,32876000,0.0,0.0,GOOGL
2014-08-06 00:00:00-04:00,28.475000381469727,28.93199920654297,28.372499465942383,28.72450065612793,28.45374298095703,26456000,0.0,0.0,GOOGL
2014-08-07 00:00:00-04:00,28.802499771118164,28.91550064086914,28.471500396728516,28.590499877929688,28.321002960205078,23260000,0.0,0.0,GOOGL
2014-08-08 00:00:00-04:00,28.60099983215332,28.97800064086914,28.451000213623047,28.89699935913086,28.624614715576172,29866000,0.0,0.0,GOOGL
2014-08-11 00:00:00-04:00,28.950000762939453,28.984500885009766,28.764999389648438,28.862499237060547,28.590442657470703,24068000,0.0,0.0,GOOGL
2014-08-12 00:00:00-04:00,28.75,28.795000076293945,28.495500564575195,28.606000900268555,28.336362838745117,27890000,0.0,0.0,GOOGL
2014-08-13 00:00:00-04:00,28.822500228881836,29.306499481201172,28.760000228881836,29.22800064086914,28.952495574951172,37988000,0.0,0.0,GOOGL
2014-08-14 00:00:00-04:00,29.33449935913086,29.389999389648438,29.04599952697754,29.232500076293945,28.956953048706055,25458000,0.0,0.0,GOOGL
2014-08-15 00:00:00-04:00,29.375,29.473499298095703,29.038000106811523,29.18549919128418,28.9103946685791,34468000,0.0,0.0,GOOGL
2014-08-18 00:00:00-04:00,29.354999542236328,29.752500534057617,29.327499389648438,29.635000228881836,29.355661392211914,29320000,0.0,0.0,GOOGL
2014-08-19 00:00:00-04:00,29.779499053955078,29.890499114990234,29.722000122070312,29.855499267578125,29.57408332824707,20864000,0.0,0.0,GOOGL
2014-08-20 00:00:00-04:00,29.84749984741211,29.84950065612793,29.649999618530273,29.77050018310547,29.489885330200195,19346000,0.0,0.0,GOOGL
2014-08-21 00:00:00-04:00,29.7450008392334,29.762500762939453,29.55500030517578,29.621000289916992,29.3417911529541,22640000,0.0,0.0,GOOGL
2014-08-22 00:00:00-04:00,29.66349983215332,29.749500274658203,29.489999771118164,29.62700080871582,29.347734451293945,17544000,0.0,0.0,GOOGL
2014-08-25 00:00:00-04:00,29.738500595092773,29.77899932861328,29.46299934387207,29.528499603271484,29.250165939331055,25912000,0.0,0.0,GOOGL
2014-08-26 00:00:00-04:00,29.600000381469727,29.602500915527344,29.372499465942383,29.4060001373291,29.128820419311523,29434000,0.0,0.0,GOOGL
2014-08-27 00:00:00-04:00,29.390499114990234,29.4685001373291,29.045000076293945,29.149999618530273,28.875232696533203,27292000,0.0,0.0,GOOGL
2014-08-28 00:00:00-04:00,29.000999450683594,29.23550033569336,28.893999099731445,29.016000747680664,28.742496490478516,28116000,0.0,0.0,GOOGL
2014-08-29 00:00:00-04:00,29.11750030517578,29.145000457763672,28.91200065612793,29.118000030517578,28.843536376953125,24122000,0.0,0.0,GOOGL
2014-09-02 00:00:00-04:00,29.147499084472656,29.46500015258789,29.1200008392334,29.431499481201172,29.154077529907227,31660000,0.0,0.0,GOOGL
2014-09-03 00:00:00-04:00,29.58650016784668,29.72450065612793,29.325000762939453,29.47599983215332,29.198162078857422,31580000,0.0,0.0,GOOGL
2014-09-04 00:00:00-04:00,29.60650062561035,29.899999618530273,29.530000686645508,29.656999588012695,29.377450942993164,32616000,0.0,0.0,GOOGL
2014-09-05 00:00:00-04:00,29.756500244140625,29.924999237060547,29.677499771118164,29.888999938964844,29.607267379760742,35982000,0.0,0.0,GOOGL
2014-09-08 00:00:00-04:00,29.957000732421875,30.176000595092773,29.900999069213867,30.081499099731445,29.797954559326172,31984000,0.0,0.0,GOOGL
2014-09-09 00:00:00-04:00,30.013500213623047,30.030000686645508,29.52400016784668,29.598499298095703,29.319501876831055,31424000,0.0,0.0,GOOGL
2014-09-10 00:00:00-04:00,29.586999893188477,29.68600082397461,29.35700035095215,29.67099952697754,29.391321182250977,23202000,0.0,0.0,GOOGL
2014-09-11 00:00:00-04:00,29.5,29.59749984741211,29.302000045776367,29.555500030517578,29.27691078186035,30028000,0.0,0.0,GOOGL
2014-09-12 00:00:00-04:00,29.519500732421875,29.573999404907227,29.163999557495117,29.2450008392334,28.969335556030273,37030000,0.0,0.0,GOOGL
2014-09-15 00:00:00-04:00,29.11199951171875,29.195999145507812,28.850500106811523,29.082000732421875,28.807872772216797,30908000,0.0,0.0,GOOGL
2014-09-16 00:00:00-04:00,29.047500610351562,29.50749969482422,29.047500610351562,29.43899917602539,29.161508560180664,31592000,0.0,0.0,GOOGL
2014-09-17 00:00:00-04:00,29.475500106811523,29.803499221801758,29.356000900268555,29.664499282836914,29.38488006591797,34390000,0.0,0.0,GOOGL
2014-09-18 00:00:00-04:00,29.752500534057617,29.878000259399414,29.650999069213867,29.863500595092773,29.582008361816406,29890000,0.0,0.0,GOOGL
2014-09-19 00:00:00-04:00,29.97450065612793,30.270000457763672,29.88800048828125,30.270000457763672,29.984676361083984,83832000,0.0,0.0,GOOGL
2014-09-22 00:00:00-04:00,30.125,30.190000534057617,29.6560001373291,29.863500595092773,29.582008361816406,35644000,0.0,0.0,GOOGL
2014-09-23 00:00:00-04:00,29.75,29.832500457763672,29.511999130249023,29.55900001525879,29.280376434326172,28074000,0.0,0.0,GOOGL
2014-09-24 00:00:00-04:00,29.578500747680664,30.00550079345703,29.514999389648438,29.92099952697754,29.63896369934082,35160000,0.0,0.0,GOOGL
2014-09-25 00:00:00-04:00,29.84950065612793,29.903499603271484,29.23699951171875,29.262500762939453,28.986671447753906,33420000,0.0,0.0,GOOGL
2014-09-26 00:00:00-04:00,29.296499252319336,29.478500366210938,29.25,29.395000457763672,29.117923736572266,25782000,0.0,0.0,GOOGL
2014-09-29 00:00:00-04:00,29.09149932861328,29.465499877929688,29.078500747680664,29.390499114990234,29.113462448120117,22874000,0.0,0.0,GOOGL
2014-09-30 00:00:00-04:00,29.374500274658203,29.549999237060547,29.225000381469727,29.420499801635742,29.14318084716797,31430000,0.0,0.0,GOOGL
2014-10-01 00:00:00-04:00,29.34000015258789,29.43600082397461,28.900999069213867,28.98150062561035,28.70831871032715,28954000,0.0,0.0,GOOGL
2014-10-02 00:00:00-04:00,28.899999618530273,29.16200065612793,28.702499389648438,29.04400062561035,28.770233154296875,30726000,0.0,0.0,GOOGL
2014-10-03 00:00:00-04:00,29.204999923706055,29.414499282836914,29.174999237060547,29.3125,29.036197662353516,24290000,0.0,0.0,GOOGL
2014-10-06 00:00:00-04:00,29.497499465942383,29.6200008392334,29.270000457763672,29.388999938964844,29.11197853088379,25722000,0.0,0.0,GOOGL
2014-10-07 00:00:00-04:00,29.2450008392334,29.292499542236328,28.704999923706055,28.704999923706055,28.434425354003906,30914000,0.0,0.0,GOOGL
2014-10-08 00:00:00-04:00,28.739500045776367,29.234500885009766,28.381999969482422,29.187000274658203,28.911884307861328,44158000,0.0,0.0,GOOGL
2014-10-09 00:00:00-04:00,29.08049964904785,29.12649917602539,28.451499938964844,28.54050064086914,28.2714786529541,48234000,0.0,0.0,GOOGL
2014-10-10 00:00:00-04:00,28.37350082397461,28.761499404907227,27.750499725341797,27.75950050354004,27.497838973999023,59574000,0.0,0.0,GOOGL
2014-10-13 00:00:00-04:00,27.756500244140625,28.04400062561035,27.221500396728516,27.237499237060547,26.980756759643555,55116000,0.0,0.0,GOOGL
2014-10-14 00:00:00-04:00,27.506999969482422,27.931499481201172,27.225000381469727,27.434499740600586,27.175899505615234,52198000,0.0,0.0,GOOGL
2014-10-15 00:00:00-04:00,27.104000091552734,27.195999145507812,26.42099952697754,27.036500930786133,26.78165626525879,76720000,0.0,0.0,GOOGL
2014-10-16 00:00:00-04:00,26.350000381469727,27.04949951171875,26.247499465942383,26.84600067138672,26.59295082092285,76100000,0.0,0.0,GOOGL
2014-10-17 00:00:00-04:00,27.022499084472656,27.172500610351562,25.920499801635742,26.148500442504883,25.902023315429688,119930000,0.0,0.0,GOOGL
2014-10-20 00:00:00-04:00,26.022499084472656,26.658000946044922,25.957000732421875,26.618999481201172,26.36808967590332,54964000,0.0,0.0,GOOGL
2014-10-21 00:00:00-04:00,26.863500595092773,26.938499450683594,26.510000228881836,26.901500701904297,26.647926330566406,49190000,0.0,0.0,GOOGL
2014-10-22 00:00:00-04:00,27.052499771118164,27.538000106811523,27.011499404907227,27.13450050354004,26.878732681274414,59474000,0.0,0.0,GOOGL
2014-10-23 00:00:00-04:00,27.413999557495117,27.8700008392334,27.274999618530273,27.6825008392334,27.421566009521484,43026000,0.0,0.0,GOOGL
2014-10-24 00:00:00-04:00,27.749000549316406,27.75,27.257999420166016,27.44499969482422,27.186304092407227,43508000,0.0,0.0,GOOGL
2014-10-27 00:00:00-04:00,27.38800048828125,27.700000762939453,27.360000610351562,27.493999481201172,27.23484230041504,31934000,0.0,0.0,GOOGL
2014-10-28 00:00:00-04:00,27.585500717163086,27.959999084472656,27.521499633789062,27.94700050354004,27.68357276916504,34774000,0.0,0.0,GOOGL
2014-10-29 00:00:00-04:00,28.042499542236328,28.24850082397461,27.798999786376953,27.922500610351562,27.659305572509766,41066000,0.0,0.0,GOOGL
2014-10-30 00:00:00-04:00,27.912500381469727,28.125,27.60650062561035,28.013500213623047,27.749441146850586,32250000,0.0,0.0,GOOGL
2014-10-31 00:00:00-04:00,28.415000915527344,28.436500549316406,28.24049949645996,28.39349937438965,28.125864028930664,46810000,0.0,0.0,GOOGL
2014-11-03 00:00:00-05:00,28.17650032043457,28.357500076293945,28.081499099731445,28.188499450683594,27.92279815673828,30834000,0.0,0.0,GOOGL
2014-11-04 00:00:00-05:00,28.058000564575195,28.239500045776367,27.915000915527344,28.20949935913086,27.94359588623047,27726000,0.0,0.0,GOOGL
2014-11-05 00:00:00-05:00,28.339500427246094,28.344999313354492,27.707500457763672,27.797500610351562,27.535480499267578,32906000,0.0,0.0,GOOGL
2014-11-06 00:00:00-05:00,27.774999618530273,27.84000015258789,27.52899932861328,27.58449935913086,27.324485778808594,33014000,0.0,0.0,GOOGL
2014-11-07 00:00:00-05:00,27.780000686645508,27.780000686645508,27.467500686645508,27.590999603271484,27.330928802490234,31782000,0.0,0.0,GOOGL
2014-11-10 00:00:00-05:00,27.6200008392334,28.0314998626709,27.58099937438965,27.911500930786133,27.648405075073242,26090000,0.0,0.0,GOOGL
2014-11-11 00:00:00-05:00,27.926000595092773,28.125,27.812000274658203,28.06450080871582,27.799962997436523,21966000,0.0,0.0,GOOGL
2014-11-12 00:00:00-05:00,28.0575008392334,28.0625,27.774999618530273,27.912500381469727,27.64940071105957,21882000,0.0,0.0,GOOGL
2014-11-13 00:00:00-05:00,28.04050064086914,28.041000366210938,27.704500198364258,27.82200050354004,27.559751510620117,30220000,0.0,0.0,GOOGL
2014-11-14 00:00:00-05:00,27.899999618530273,27.899999618530273,27.625499725341797,27.75950050354004,27.497838973999023,28502000,0.0,0.0,GOOGL
2014-11-17 00:00:00-05:00,27.75950050354004,27.75950050354004,27.222000122070312,27.332000732421875,27.074369430541992,33612000,0.0,0.0,GOOGL
2014-11-18 00:00:00-05:00,27.396499633789062,27.63949966430664,27.190000534057617,27.225500106811523,26.968873977661133,36440000,0.0,0.0,GOOGL
2014-11-19 00:00:00-05:00,27.237499237060547,27.410999298095703,26.95949935913086,27.360000610351562,27.10210418701172,30346000,0.0,0.0,GOOGL
2014-11-20 00:00:00-05:00,27.10449981689453,27.268999099731445,27.075000762939453,27.187999725341797,26.93172836303711,35016000,0.0,0.0,GOOGL
2014-11-21 00:00:00-05:00,27.552000045776367,27.552000045776367,27.25,27.29450035095215,27.037221908569336,50120000,0.0,0.0,GOOGL
2014-11-24 00:00:00-05:00,27.328500747680664,27.559499740600586,27.207500457763672,27.374000549316406,27.11597442626953,33076000,0.0,0.0,GOOGL
2014-11-25 00:00:00-05:00,27.36050033569336,27.625,27.345500946044922,27.46150016784668,27.20265007019043,38072000,0.0,0.0,GOOGL
2014-11-26 00:00:00-05:00,27.46150016784668,27.493999481201172,27.261499404907227,27.386499404907227,27.128355026245117,29604000,0.0,0.0,GOOGL
2014-11-28 00:00:00-05:00,27.350000381469727,27.479999542236328,27.224000930786133,27.45400047302246,27.195219039916992,24202000,0.0,0.0,GOOGL
2014-12-01 00:00:00-05:00,27.254499435424805,27.43950080871582,26.930999755859375,26.982500076293945,26.728164672851562,39888000,0.0,0.0,GOOGL
2014-12-02 00:00:00-05:00,26.97249984741211,27.092500686645508,26.732999801635742,26.929500579833984,26.675662994384766,41480000,0.0,0.0,GOOGL
2014-12-03 00:00:00-05:00,26.875,27.070499420166016,26.760499954223633,26.848499298095703,26.59542465209961,32476000,0.0,0.0,GOOGL
2014-12-04 00:00:00-05:00,26.881999969482422,27.13450050354004,26.74449920654297,27.128999710083008,26.873281478881836,32598000,0.0,0.0,GOOGL
2014-12-05 00:00:00-05:00,26.834999084472656,26.90999984741211,26.363000869750977,26.40399932861328,26.15511703491211,61402000,0.0,0.0,GOOGL
2014-12-08 00:00:00-05:00,26.461000442504883,26.69099998474121,26.350000381469727,26.536500930786133,26.286365509033203,64566000,0.0,0.0,GOOGL
2014-12-09 00:00:00-05:00,26.29400062561035,26.832500457763672,26.170499801635742,26.805500030517578,26.552833557128906,43322000,0.0,0.0,GOOGL
2014-12-10 00:00:00-05:00,26.795000076293945,26.968000411987305,26.374500274658203,26.402000427246094,26.153133392333984,46222000,0.0,0.0,GOOGL
2014-12-11 00:00:00-05:00,26.500499725341797,26.851999282836914,26.45800018310547,26.605499267578125,26.354717254638672,41426000,0.0,0.0,GOOGL
2014-12-12 00:00:00-05:00,26.371999740600586,26.61199951171875,26.072999954223633,26.07550048828125,25.829713821411133,47314000,0.0,0.0,GOOGL
2014-12-15 00:00:00-05:00,26.187999725341797,26.26849937438965,25.770000457763672,25.79199981689453,25.548887252807617,52352000,0.0,0.0,GOOGL
2014-12-16 00:00:00-05:00,25.68000030517578,25.77899932861328,24.859500885009766,24.908000946044922,24.673219680786133,86998000,0.0,0.0,GOOGL
2014-12-17 00:00:00-05:00,24.993000030517578,25.453500747680664,24.95549964904785,25.322500228881836,25.083810806274414,72788000,0.0,0.0,GOOGL
2014-12-18 00:00:00-05:00,25.79949951171875,25.8125,25.327999114990234,25.731000900268555,25.488460540771484,77534000,0.0,0.0,GOOGL
2014-12-19 00:00:00-05:00,25.84950065612793,26.04050064086914,25.44300079345703,26.00200080871582,25.75690460205078,97442000,0.0,0.0,GOOGL
2014-12-22 00:00:00-05:00,26.030500411987305,26.648500442504883,26.029499053955078,26.614999771118164,26.364124298095703,66390000,0.0,0.0,GOOGL
2014-12-23 00:00:00-05:00,26.725500106811523,27.114999771118164,26.68600082397461,26.938499450683594,26.6845760345459,57544000,0.0,0.0,GOOGL
2014-12-24 00:00:00-05:00,26.94099998474121,27.01449966430664,26.7549991607666,26.846500396728516,26.59344482421875,14754000,0.0,0.0,GOOGL
2014-12-26 00:00:00-05:00,26.846500396728516,27.162500381469727,26.774499893188477,27.076000213623047,26.82077980041504,22270000,0.0,0.0,GOOGL
2014-12-29 00:00:00-05:00,27.024999618530273,27.196500778198242,26.857999801635742,26.86549949645996,26.612266540527344,44300000,0.0,0.0,GOOGL
2014-12-30 00:00:00-05:00,26.74799919128418,26.892000198364258,26.680500030517578,26.763999938964844,26.5117244720459,20972000,0.0,0.0,GOOGL
2014-12-31 00:00:00-05:00,26.886999130249023,26.920000076293945,26.510000228881836,26.533000946044922,26.28289794921875,24648000,0.0,0.0,GOOGL
2015-01-02 00:00:00-05:00,26.6299991607666,26.790000915527344,26.393999099731445,26.477500915527344,26.227924346923828,26480000,0.0,0.0,GOOGL
2015-01-05 00:00:00-05:00,26.357500076293945,26.399499893188477,25.887500762939453,25.972999572753906,25.728178024291992,41182000,0.0,0.0,GOOGL
2015-01-06 00:00:00-05:00,26.024999618530273,26.06049919128418,25.27750015258789,25.332000732421875,25.09322166442871,54456000,0.0,0.0,GOOGL
2015-01-07 00:00:00-05:00,25.547500610351562,25.574499130249023,25.1825008392334,25.25749969482422,25.01942253112793,46918000,0.0,0.0,GOOGL
2015-01-08 00:00:00-05:00,25.07550048828125,25.375,24.750999450683594,25.345500946044922,25.10659408569336,73054000,0.0,0.0,GOOGL
2015-01-09 00:00:00-05:00,25.409000396728516,25.43000030517578,24.9325008392334,25.035999298095703,24.80000877380371,42000000,0.0,0.0,GOOGL
2015-01-12 00:00:00-05:00,24.961999893188477,25.013999938964844,24.545499801635742,24.85300064086914,24.618736267089844,57138000,0.0,0.0,GOOGL
2015-01-13 00:00:00-05:00,25.12849998474121,25.43000030517578,24.863000869750977,25.09000015258789,24.85350227355957,60958000,0.0,0.0,GOOGL
2015-01-14 00:00:00-05:00,25.020999908447266,25.413000106811523,24.908000946044922,25.296499252319336,25.058053970336914,52800000,0.0,0.0,GOOGL
2015-01-15 00:00:00-05:00,25.444499969482422,25.487499237060547,25.100500106811523,25.20050048828125,24.96295928955078,51068000,0.0,0.0,GOOGL
2015-01-16 00:00:00-05:00,25.157499313354492,25.542499542236328,25.154499053955078,25.523000717163086,25.282419204711914,49658000,0.0,0.0,GOOGL
2015-01-20 00:00:00-05:00,25.638500213623047,25.780500411987305,25.4685001373291,25.496999740600586,25.256664276123047,46796000,0.0,0.0,GOOGL
2015-01-21 00:00:00-05:00,25.54199981689453,26.092500686645508,25.47949981689453,26.019500732421875,25.774242401123047,46356000,0.0,0.0,GOOGL
2015-01-22 00:00:00-05:00,26.149999618530273,26.941999435424805,26.095500946044922,26.864999771118164,26.611770629882812,56068000,0.0,0.0,GOOGL
2015-01-23 00:00:00-05:00,26.901500701904297,27.27050018310547,26.787500381469727,27.09749984741211,26.842079162597656,45966000,0.0,0.0,GOOGL
2015-01-26 00:00:00-05:00,27.075000762939453,27.075000762939453,26.603500366210938,26.836000442504883,26.583045959472656,30932000,0.0,0.0,GOOGL
2015-01-27 00:00:00-05:00,26.56999969482422,26.638999938964844,26.042999267578125,26.059499740600586,25.81386375427246,39148000,0.0,0.0,GOOGL
2015-01-28 00:00:00-05:00,26.25,26.284500122070312,25.61750030517578,25.62150001525879,25.379989624023438,35822000,0.0,0.0,GOOGL
2015-01-29 00:00:00-05:00,25.645000457763672,25.75950050354004,25.173999786376953,25.661500930786133,25.419614791870117,79018000,0.0,0.0,GOOGL
2015-01-30 00:00:00-05:00,25.950000762939453,27.155000686645508,25.909000396728516,26.877500534057617,26.62415313720703,121108000,0.0,0.0,GOOGL
2015-02-02 00:00:00-05:00,26.715999603271484,26.825000762939453,26.086000442504883,26.610000610351562,26.359174728393555,75378000,0.0,0.0,GOOGL
2015-02-03 00:00:00-05:00,26.496999740600586,26.872499465942383,26.340499877929688,26.665000915527344,26.413658142089844,47062000,0.0,0.0,GOOGL
2015-02-04 00:00:00-05:00,26.656999588012695,26.837499618530273,26.25149917602539,26.30500030517578,26.057048797607422,33896000,0.0,0.0,GOOGL
2015-02-05 00:00:00-05:00,26.396499633789062,26.534500122070312,26.281999588012695,26.491500854492188,26.241792678833008,33176000,0.0,0.0,GOOGL
2015-02-06 00:00:00-05:00,26.550500869750977,27.01099967956543,26.4325008392334,26.694000244140625,26.4423828125,42938000,0.0,0.0,GOOGL
2015-02-09 00:00:00-05:00,26.55299949645996,26.694000244140625,26.377500534057617,26.464000701904297,26.214550018310547,30314000,0.0,0.0,GOOGL
2015-02-10 00:00:00-05:00,26.607500076293945,27.049999237060547,26.458499908447266,27.007999420166016,26.753421783447266,47430000,0.0,0.0,GOOGL
2015-02-11 00:00:00-05:00,26.986499786376953,27.09749984741211,26.799999237060547,26.899999618530273,26.646438598632812,38306000,0.0,0.0,GOOGL
2015-02-12 00:00:00-05:00,26.982999801635742,27.41699981689453,26.850000381469727,27.300500869750977,27.043167114257812,48590000,0.0,0.0,GOOGL
2015-02-13 00:00:00-05:00,27.375499725341797,27.62700080871582,27.329999923706055,27.558000564575195,27.29823875427246,47382000,0.0,0.0,GOOGL
2015-02-17 00:00:00-05:00,27.558000564575195,27.649999618530273,27.163000106811523,27.250499725341797,26.99363899230957,39174000,0.0,0.0,GOOGL
2015-02-18 00:00:00-05:00,27.19099998474121,27.377500534057617,26.977500915527344,27.13249969482422,26.87674903869629,31164000,0.0,0.0,GOOGL
2015-02-19 00:00:00-05:00,27.12350082397461,27.343000411987305,27.037500381469727,27.322500228881836,27.064958572387695,30834000,0.0,0.0,GOOGL
2015-02-20 00:00:00-05:00,27.378999710083008,27.378999710083008,26.905000686645508,27.09000015258789,26.83465003967285,38234000,0.0,0.0,GOOGL
2015-02-23 00:00:00-05:00,26.950000762939453,26.96500015258789,26.600000381469727,26.75,26.49785614013672,32906000,0.0,0.0,GOOGL
2015-02-24 00:00:00-05:00,26.577499389648438,26.969999313354492,26.549999237060547,26.9325008392334,26.678634643554688,28406000,0.0,0.0,GOOGL
2015-02-25 00:00:00-05:00,26.922000885009766,27.478500366210938,26.90049934387207,27.366500854492188,27.108545303344727,40836000,0.0,0.0,GOOGL
2015-02-26 00:00:00-05:00,27.28700065612793,28.006500244140625,27.254499435424805,27.964500427246094,27.700908660888672,54032000,0.0,0.0,GOOGL
2015-02-27 00:00:00-05:00,27.907499313354492,28.47100067138672,27.851499557495117,28.131500244140625,27.866336822509766,68328000,0.0,0.0,GOOGL
2015-03-02 00:00:00-05:00,28.350000381469727,28.79949951171875,28.157499313354492,28.750999450683594,28.47998809814453,50406000,0.0,0.0,GOOGL
2015-03-03 00:00:00-05:00,28.8174991607666,29.042499542236328,28.524999618530273,28.93950080871582,28.666719436645508,50526000,0.0,0.0,GOOGL
2015-03-04 00:00:00-05:00,28.848499298095703,29.081499099731445,28.625999450683594,28.916500091552734,28.643930435180664,37964000,0.0,0.0,GOOGL
2015-03-05 00:00:00-05:00,28.981000900268555,29.15999984741211,28.911500930786133,29.071500778198242,28.797473907470703,35918000,0.0,0.0,GOOGL
2015-03-06 00:00:00-05:00,29.100000381469727,29.138999938964844,28.60300064086914,28.645000457763672,28.3749942779541,37592000,0.0,0.0,GOOGL
2015-03-09 00:00:00-04:00,28.54599952697754,28.772499084472656,28.452499389648438,28.704999923706055,28.434425354003906,23478000,0.0,0.0,GOOGL
2015-03-10 00:00:00-04:00,28.423999786376953,28.488000869750977,27.990999221801758,27.99250030517578,27.72864532470703,40080000,0.0,0.0,GOOGL
2015-03-11 00:00:00-04:00,27.989999771118164,28.208999633789062,27.77050018310547,27.784500122070312,27.522600173950195,40524000,0.0,0.0,GOOGL
2015-03-12 00:00:00-04:00,27.923999786376953,28.091999053955078,27.776500701904297,28.058500289916992,27.794017791748047,35602000,0.0,0.0,GOOGL
2015-03-13 00:00:00-04:00,27.96150016784668,28.218000411987305,27.51650047302246,27.649999618530273,27.38936996459961,35428000,0.0,0.0,GOOGL
2015-03-16 00:00:00-04:00,27.846500396728516,28.1875,27.56599998474121,28.082000732421875,27.817296981811523,36856000,0.0,0.0,GOOGL
2015-03-17 00:00:00-04:00,27.914499282836914,28.031999588012695,27.720500946044922,27.88050079345703,27.617700576782227,28892000,0.0,0.0,GOOGL
2015-03-18 00:00:00-04:00,27.886499404907227,28.32550048828125,27.674999237060547,28.308000564575195,28.041170120239258,35324000,0.0,0.0,GOOGL
2015-03-19 00:00:00-04:00,28.22599983215332,28.347999572753906,28.106000900268555,28.183500289916992,27.917842864990234,24660000,0.0,0.0,GOOGL
2015-03-20 00:00:00-04:00,28.335500717163086,28.354999542236328,28.224000930786133,28.247499465942383,27.98123550415039,44320000,0.0,0.0,GOOGL
2015-03-23 00:00:00-04:00,28.299999237060547,28.48200035095215,28.152999877929688,28.26849937438965,28.00204086303711,30234000,0.0,0.0,GOOGL
2015-03-24 00:00:00-04:00,28.427000045776367,29.0939998626709,28.404499053955078,28.87700080871582,28.604806900024414,79156000,0.0,0.0,GOOGL
2015-03-25 00:00:00-04:00,28.87849998474121,29.00349998474121,28.350000381469727,28.350000381469727,28.08277130126953,53070000,0.0,0.0,GOOGL
2015-03-26 00:00:00-04:00,28.232500076293945,28.359500885009766,27.91550064086914,28.18199920654297,27.916353225708008,49842000,0.0,0.0,GOOGL
2015-03-27 00:00:00-04:00,28.09149932861328,28.203500747680664,27.846500396728516,27.877500534057617,27.614728927612305,34552000,0.0,0.0,GOOGL
2015-03-30 00:00:00-04:00,28.012500762939453,28.107999801635742,27.839500427246094,28.05699920654297,27.79253387451172,24788000,0.0,0.0,GOOGL
2015-03-31 00:00:00-04:00,27.89699935913086,28.122499465942383,27.73349952697754,27.735000610351562,27.473573684692383,34932000,0.0,0.0,GOOGL
2015-04-01 00:00:00-04:00,27.741500854492188,27.924999237060547,27.30150032043457,27.47450065612793,27.21552848815918,38902000,0.0,0.0,GOOGL
2015-04-02 00:00:00-04:00,27.370500564575195,27.399999618530273,27.02199935913086,27.065500259399414,26.810380935668945,47760000,0.0,0.0,GOOGL
2015-04-06 00:00:00-04:00,26.941999435424805,27.277000427246094,26.78499984741211,27.197500228881836,26.941133499145508,33718000,0.0,0.0,GOOGL
2015-04-07 00:00:00-04:00,27.249500274658203,27.507999420166016,27.179500579833984,27.243000030517578,26.9862060546875,27318000,0.0,0.0,GOOGL
2015-04-08 00:00:00-04:00,27.299999237060547,27.575000762939453,27.299999237060547,27.441999435424805,27.183330535888672,28386000,0.0,0.0,GOOGL
2015-04-09 00:00:00-04:00,27.460500717163086,27.4685001373291,27.09749984741211,27.400999069213867,27.142717361450195,32366000,0.0,0.0,GOOGL
2015-04-10 00:00:00-04:00,27.478500366210938,27.49250030517578,27.249000549316406,27.427000045776367,27.168474197387695,26104000,0.0,0.0,GOOGL
2015-04-13 00:00:00-04:00,27.352500915527344,27.66349983215332,27.315000534057617,27.43199920654297,27.173425674438477,29326000,0.0,0.0,GOOGL
2015-04-14 00:00:00-04:00,27.328500747680664,27.328500747680664,26.78700065612793,26.98900032043457,26.734601974487305,47206000,0.0,0.0,GOOGL
2015-04-15 00:00:00-04:00,26.898000717163086,27.159500122070312,26.618499755859375,27.052000045776367,26.797006607055664,46962000,0.0,0.0,GOOGL
2015-04-16 00:00:00-04:00,26.917499542236328,27.261499404907227,26.905000686645508,27.176000595092773,26.919841766357422,31722000,0.0,0.0,GOOGL
2015-04-17 00:00:00-04:00,26.86549949645996,26.989999771118164,26.450000762939453,26.636999130249023,26.38591957092285,49234000,0.0,0.0,GOOGL
2015-04-20 00:00:00-04:00,26.6875,27.290000915527344,26.667499542236328,27.226499557495117,26.969863891601562,38508000,0.0,0.0,GOOGL
2015-04-21 00:00:00-04:00,27.315500259399414,27.388500213623047,27.11050033569336,27.145999908447266,26.89012336730957,29128000,0.0,0.0,GOOGL
2015-04-22 00:00:00-04:00,27.152999877929688,27.549999237060547,27.06599998474121,27.458999633789062,27.200172424316406,31806000,0.0,0.0,GOOGL
2015-04-23 00:00:00-04:00,27.52050018310547,28.058500289916992,27.503999710083008,27.87299919128418,27.610265731811523,78184000,0.0,0.0,GOOGL
2015-04-24 00:00:00-04:00,29.002500534057617,29.235000610351562,28.417499542236328,28.683000564575195,28.412635803222656,92168000,0.0,0.0,GOOGL
2015-04-27 00:00:00-04:00,28.638500213623047,28.775999069213867,28.114999771118164,28.305999755859375,28.0391845703125,48062000,0.0,0.0,GOOGL
2015-04-28 00:00:00-04:00,28.215999603271484,28.39150047302246,28.04800033569336,28.2185001373291,27.952512741088867,37178000,0.0,0.0,GOOGL
2015-04-29 00:00:00-04:00,28.02549934387207,28.29199981689453,27.950000762939453,28.069499969482422,27.80491828918457,33622000,0.0,0.0,GOOGL
2015-04-30 00:00:00-04:00,27.92799949645996,28.055500030517578,27.336000442504883,27.438499450683594,27.17986297607422,47240000,0.0,0.0,GOOGL
2015-05-01 00:00:00-04:00,27.52549934387207,27.56100082397461,27.1924991607666,27.558000564575195,27.29823875427246,36572000,0.0,0.0,GOOGL
2015-05-04 00:00:00-04:00,27.54949951171875,27.83449935913086,27.36949920654297,27.642000198364258,27.38144302368164,35260000,0.0,0.0,GOOGL
2015-05-05 00:00:00-04:00,27.507999420166016,27.63050079345703,27.118499755859375,27.152000427246094,26.896068572998047,28528000,0.0,0.0,GOOGL
2015-05-06 00:00:00-04:00,27.131999969482422,27.196500778198242,26.61199951171875,26.753999710083008,26.501815795898438,39034000,0.0,0.0,GOOGL
2015-05-07 00:00:00-04:00,26.795000076293945,27.260000228881836,26.672500610351562,27.101999282836914,26.846532821655273,31844000,0.0,0.0,GOOGL
2015-05-08 00:00:00-04:00,27.443500518798828,27.639999389648438,27.401500701904297,27.447500228881836,27.188777923583984,28226000,0.0,0.0,GOOGL
2015-05-11 00:00:00-04:00,27.42449951171875,27.668500900268555,27.280000686645508,27.288999557495117,27.03177261352539,21858000,0.0,0.0,GOOGL
2015-05-12 00:00:00-04:00,27.140499114990234,27.148000717163086,26.75,26.936500549316406,26.682598114013672,35282000,0.0,0.0,GOOGL
2015-05-13 00:00:00-04:00,27.023500442504883,27.191999435424805,26.948999404907227,26.97450065612793,26.720239639282227,24238000,0.0,0.0,GOOGL
2015-05-14 00:00:00-04:00,27.19849967956543,27.484500885009766,27.125,27.459999084472656,27.201160430908203,31736000,0.0,0.0,GOOGL
2015-05-15 00:00:00-04:00,27.519500732421875,27.530000686645508,27.125,27.324499130249023,27.066938400268555,33440000,0.0,0.0,GOOGL
2015-05-18 00:00:00-04:00,27.19099998474121,27.41699981689453,27.112499237060547,27.333499908447266,27.075855255126953,26706000,0.0,0.0,GOOGL
2015-05-19 00:00:00-04:00,27.399999618530273,27.670000076293945,27.356000900268555,27.464000701904297,27.20512580871582,47126000,0.0,0.0,GOOGL
2015-05-20 00:00:00-04:00,27.54599952697754,27.803499221801758,27.2549991607666,27.625499725341797,27.365100860595703,30840000,0.0,0.0,GOOGL
2015-05-21 00:00:00-04:00,27.510000228881836,27.88050079345703,27.46500015258789,27.840499877929688,27.57807731628418,34170000,0.0,0.0,GOOGL
2015-05-22 00:00:00-04:00,27.722999572753906,27.91200065612793,27.680999755859375,27.72599983215332,27.46465301513672,24266000,0.0,0.0,GOOGL
2015-05-26 00:00:00-04:00,27.628999710083008,27.666500091552734,27.148500442504883,27.359500885009766,27.101612091064453,37474000,0.0,0.0,GOOGL
2015-05-27 00:00:00-04:00,27.43400001525879,27.76449966430664,27.32900047302246,27.712499618530273,27.451278686523438,34844000,0.0,0.0,GOOGL
2015-05-28 00:00:00-04:00,27.68950080871582,27.788000106811523,27.540000915527344,27.708999633789062,27.447816848754883,23544000,0.0,0.0,GOOGL
2015-05-29 00:00:00-04:00,27.65999984741211,27.69700050354004,27.25200080871582,27.266000747680664,27.008989334106445,43446000,0.0,0.0,GOOGL
2015-06-01 00:00:00-04:00,27.436500549316406,27.528499603271484,27.179000854492188,27.460500717163086,27.2016544342041,33210000,0.0,0.0,GOOGL
2015-06-02 00:00:00-04:00,27.37150001525879,27.93950080871582,27.327499389648438,27.697500228881836,27.43642234802246,31842000,0.0,0.0,GOOGL
2015-06-03 00:00:00-04:00,27.7549991607666,27.899499893188477,27.607500076293945,27.76449966430664,27.502790451049805,26710000,0.0,0.0,GOOGL
2015-06-04 00:00:00-04:00,27.608999252319336,27.79800033569336,27.45599937438965,27.58449935913086,27.324485778808594,26866000,0.0,0.0,GOOGL
2015-06-05 00:00:00-04:00,27.600000381469727,27.666500091552734,27.368999481201172,27.476499557495117,27.217506408691406,24396000,0.0,0.0,GOOGL
2015-06-08 00:00:00-04:00,27.480499267578125,27.493499755859375,27.147499084472656,27.173999786376953,26.917856216430664,27336000,0.0,0.0,GOOGL
2015-06-09 00:00:00-04:00,27.17099952697754,27.242000579833984,26.9424991607666,27.107999801635742,26.85247802734375,30016000,0.0,0.0,GOOGL
2015-06-10 00:00:00-04:00,27.28499984741211,27.73900032043457,27.25550079345703,27.6299991607666,27.36956024169922,30316000,0.0,0.0,GOOGL
2015-06-11 00:00:00-04:00,27.72450065612793,27.741500854492188,27.458499908447266,27.50200080871582,27.242767333984375,25872000,0.0,0.0,GOOGL
2015-06-12 00:00:00-04:00,27.357500076293945,27.4424991607666,27.2814998626709,27.37350082397461,27.115476608276367,25468000,0.0,0.0,GOOGL
2015-06-15 00:00:00-04:00,27.136499404907227,27.202499389648438,26.960500717163086,27.149999618530273,26.894084930419922,27150000,0.0,0.0,GOOGL
2015-06-16 00:00:00-04:00,27.224000930786133,27.33449935913086,27.078500747680664,27.243499755859375,26.986703872680664,32526000,0.0,0.0,GOOGL
2015-06-17 00:00:00-04:00,27.270999908447266,27.417999267578125,27.090499877929688,27.329999923706055,27.072385787963867,24440000,0.0,0.0,GOOGL
2015-06-18 00:00:00-04:00,27.399999618530273,27.862499237060547,27.399999618530273,27.80900001525879,27.546873092651367,41192000,0.0,0.0,GOOGL
2015-06-19 00:00:00-04:00,27.826000213623047,27.89550018310547,27.613000869750977,27.875999450683594,27.61324119567871,59290000,0.0,0.0,GOOGL
2015-06-22 00:00:00-04:00,27.970500946044922,28.280500411987305,27.945499420166016,27.983999252319336,27.72022247314453,34752000,0.0,0.0,GOOGL
2015-06-23 00:00:00-04:00,27.989500045776367,28.2450008392334,27.857500076293945,28.16950035095215,27.903974533081055,31396000,0.0,0.0,GOOGL
2015-06-24 00:00:00-04:00,28.124000549316406,28.131999969482422,27.840499877929688,27.928499221801758,27.665241241455078,28924000,0.0,0.0,GOOGL
2015-06-25 00:00:00-04:00,28.014999389648438,28.156999588012695,27.87299919128418,27.897499084472656,27.634538650512695,26684000,0.0,0.0,GOOGL
2015-06-26 00:00:00-04:00,27.98550033569336,28.0,27.592500686645508,27.652999877929688,27.392343521118164,43676000,0.0,0.0,GOOGL
2015-06-29 00:00:00-04:00,27.337499618530273,27.545000076293945,27.011999130249023,27.0625,26.807411193847656,37756000,0.0,0.0,GOOGL
2015-06-30 00:00:00-04:00,27.254499435424805,27.295000076293945,26.976999282836914,27.00200080871582,26.747478485107422,34510000,0.0,0.0,GOOGL
2015-07-01 00:00:00-04:00,27.183000564575195,27.29050064086914,26.988000869750977,27.165000915527344,26.90894317626953,30760000,0.0,0.0,GOOGL
2015-07-02 00:00:00-04:00,27.23699951171875,27.399999618530273,27.178499221801758,27.367000579833984,27.109037399291992,28124000,0.0,0.0,GOOGL
2015-07-06 00:00:00-04:00,27.112499237060547,27.429000854492188,27.104999542236328,27.2810001373291,27.023845672607422,25614000,0.0,0.0,GOOGL
2015-07-07 00:00:00-04:00,27.37150001525879,27.549999237060547,26.99250030517578,27.50149917602539,27.242267608642578,33578000,0.0,0.0,GOOGL
2015-07-08 00:00:00-04:00,27.280000686645508,27.413999557495117,27.059999465942383,27.084999084472656,26.829694747924805,27662000,0.0,0.0,GOOGL
2015-07-09 00:00:00-04:00,27.4325008392334,27.444000244140625,27.231000900268555,27.232500076293945,26.97580337524414,29766000,0.0,0.0,GOOGL
2015-07-10 00:00:00-04:00,27.68549919128418,27.964500427246094,27.600000381469727,27.805500030517578,27.543407440185547,43436000,0.0,0.0,GOOGL
2015-07-13 00:00:00-04:00,27.975500106811523,28.642499923706055,27.934999465942383,28.58650016784668,28.317045211791992,41792000,0.0,0.0,GOOGL
2015-07-14 00:00:00-04:00,28.725000381469727,29.48550033569336,28.708499908447266,29.208999633789062,28.933671951293945,74832000,0.0,0.0,GOOGL
2015-07-15 00:00:00-04:00,29.187000274658203,29.434499740600586,29.010499954223633,29.197999954223633,28.922779083251953,41466000,0.0,0.0,GOOGL
2015-07-16 00:00:00-04:00,29.475000381469727,30.225000381469727,29.395999908447266,30.089000701904297,29.805381774902344,112642000,0.0,0.0,GOOGL
2015-07-17 00:00:00-04:00,34.0,35.150001525878906,33.900001525878906,34.98099899291992,34.65126037597656,257162000,0.0,0.0,GOOGL
2015-07-20 00:00:00-04:00,34.44900131225586,34.88999938964844,34.0885009765625,34.641998291015625,34.31546401977539,102436000,0.0,0.0,GOOGL
2015-07-21 00:00:00-04:00,34.24399948120117,35.279998779296875,34.20750045776367,34.76750183105469,34.43978500366211,75604000,0.0,0.0,GOOGL
2015-07-22 00:00:00-04:00,34.70100021362305,35.666500091552734,34.58100128173828,34.755001068115234,34.42740249633789,83100000,0.0,0.0,GOOGL
2015-07-23 00:00:00-04:00,34.592498779296875,34.80350112915039,33.579498291015625,33.73649978637695,33.41850280761719,76232000,0.0,0.0,GOOGL
2015-07-24 00:00:00-04:00,33.8385009765625,33.88949966430664,32.659000396728516,32.73849868774414,32.429908752441406,82622000,0.0,0.0,GOOGL
2015-07-27 00:00:00-04:00,32.57849884033203,33.35350036621094,32.57749938964844,32.91350173950195,32.6032600402832,58382000,0.0,0.0,GOOGL
2015-07-28 00:00:00-04:00,33.0880012512207,33.20500183105469,32.670501708984375,32.983001708984375,32.67210388183594,34364000,0.0,0.0,GOOGL
2015-07-29 00:00:00-04:00,33.112998962402344,33.166500091552734,32.641998291015625,33.07149887084961,32.759761810302734,36756000,0.0,0.0,GOOGL
2015-07-30 00:00:00-04:00,32.87200164794922,33.40250015258789,32.58449935913086,33.22800064086914,32.914798736572266,39606000,0.0,0.0,GOOGL
2015-07-31 00:00:00-04:00,33.23500061035156,33.25,32.86000061035156,32.875,32.56511688232422,34922000,0.0,0.0,GOOGL
2015-08-03 00:00:00-04:00,32.882999420166016,33.333499908447266,32.882999420166016,33.236000061035156,32.92271423339844,31348000,0.0,0.0,GOOGL
2015-08-04 00:00:00-04:00,33.21699905395508,33.400001525878906,33.0255012512207,33.06399917602539,32.752342224121094,26188000,0.0,0.0,GOOGL
2015-08-05 00:00:00-04:00,33.287498474121094,33.99549865722656,33.27899932861328,33.66450119018555,33.34717559814453,36448000,0.0,0.0,GOOGL
2015-08-06 00:00:00-04:00,33.699501037597656,33.73749923706055,33.0364990234375,33.50749969482422,33.191654205322266,40660000,0.0,0.0,GOOGL
2015-08-07 00:00:00-04:00,33.388999938964844,33.439998626708984,32.94350051879883,33.21950149536133,32.906368255615234,27544000,0.0,0.0,GOOGL
2015-08-10 00:00:00-04:00,33.35449981689453,33.58100128173828,33.01150131225586,33.15700149536133,32.84446716308594,34458000,0.0,0.0,GOOGL
2015-08-11 00:00:00-04:00,34.979000091552734,35.20000076293945,34.215999603271484,34.51499938964844,34.189659118652344,109880000,0.0,0.0,GOOGL
2015-08-12 00:00:00-04:00,34.7244987487793,34.79999923706055,34.0255012512207,34.57350158691406,34.24760818481445,58498000,0.0,0.0,GOOGL
2015-08-13 00:00:00-04:00,34.459999084472656,34.701499938964844,34.10900115966797,34.32550048828125,34.0019416809082,36354000,0.0,0.0,GOOGL
2015-08-14 00:00:00-04:00,34.20199966430664,34.612998962402344,34.14500045776367,34.46849822998047,34.14359664916992,27598000,0.0,0.0,GOOGL
2015-08-17 00:00:00-04:00,34.402000427246094,34.73699951171875,34.15299987792969,34.705501556396484,34.37836837768555,24680000,0.0,0.0,GOOGL
2015-08-18 00:00:00-04:00,34.55350112915039,34.78799819946289,34.26599884033203,34.436500549316406,34.11189651489258,27710000,0.0,0.0,GOOGL
2015-08-19 00:00:00-04:00,34.50550079345703,35.0099983215332,34.34000015258789,34.70199966430664,34.37490463256836,50194000,0.0,0.0,GOOGL
2015-08-20 00:00:00-04:00,34.45500183105469,34.80799865722656,33.763999938964844,33.9739990234375,33.65375900268555,57798000,0.0,0.0,GOOGL
2015-08-21 00:00:00-04:00,33.551998138427734,33.644500732421875,32.154998779296875,32.201499938964844,31.89796257019043,91880000,0.0,0.0,GOOGL
2015-08-24 00:00:00-04:00,30.030000686645508,31.384000778198242,29.654499053955078,30.905500411987305,30.61418914794922,129788000,0.0,0.0,GOOGL
2015-08-25 00:00:00-04:00,32.32350158691406,32.349998474121094,30.583499908447266,30.62350082397461,30.3348445892334,71430000,0.0,0.0,GOOGL
2015-08-26 00:00:00-04:00,32.154998779296875,33.124000549316406,31.51849937438965,32.98699951171875,32.67606735229492,87740000,0.0,0.0,GOOGL
2015-08-27 00:00:00-04:00,33.5994987487793,33.69900131225586,32.55500030517578,33.39799880981445,33.083187103271484,58974000,0.0,0.0,GOOGL
2015-08-28 00:00:00-04:00,33.28799819946289,33.349998474121094,32.6875,32.984500885009766,32.67359161376953,38836000,0.0,0.0,GOOGL
2015-08-31 00:00:00-04:00,32.71699905395508,33.22050094604492,32.317501068115234,32.39099884033203,32.08568572998047,38936000,0.0,0.0,GOOGL
2015-09-01 00:00:00-04:00,31.690500259399414,32.22200012207031,31.253000259399414,31.47800064086914,31.181289672851562,51458000,0.0,0.0,GOOGL
2015-09-02 00:00:00-04:00,31.899999618530273,32.25299835205078,31.531999588012695,32.24549865722656,31.941551208496094,37630000,0.0,0.0,GOOGL
2015-09-03 00:00:00-04:00,32.39649963378906,32.5625,31.690500259399414,31.852500915527344,31.55225944519043,34572000,0.0,0.0,GOOGL
2015-09-04 00:00:00-04:00,31.485000610351562,31.725000381469727,31.325000762939453,31.447999954223633,31.151573181152344,40478000,0.0,0.0,GOOGL
2015-09-08 00:00:00-04:00,32.04999923706055,32.25199890136719,31.645000457763672,32.194000244140625,31.890539169311523,39092000,0.0,0.0,GOOGL
2015-09-09 00:00:00-04:00,32.59400177001953,32.86800003051758,32.04499816894531,32.170501708984375,31.867267608642578,40978000,0.0,0.0,GOOGL
2015-09-10 00:00:00-04:00,32.19499969482422,32.744998931884766,32.084999084472656,32.55400085449219,32.24714660644531,27850000,0.0,0.0,GOOGL
2015-09-11 00:00:00-04:00,32.510501861572266,32.765499114990234,32.37049865722656,32.76499938964844,32.45615768432617,34892000,0.0,0.0,GOOGL
2015-09-14 00:00:00-04:00,32.78150177001953,32.79600143432617,32.474998474121094,32.62350082397461,32.31599044799805,29942000,0.0,0.0,GOOGL
2015-09-15 00:00:00-04:00,32.83549880981445,33.442501068115234,32.66699981689453,33.253501892089844,32.94005584716797,35546000,0.0,0.0,GOOGL
2015-09-16 00:00:00-04:00,33.27750015258789,33.403499603271484,33.11000061035156,33.2760009765625,32.962337493896484,26252000,0.0,0.0,GOOGL
2015-09-17 00:00:00-04:00,33.3745002746582,34.0994987487793,33.25,33.583499908447266,33.266937255859375,47752000,0.0,0.0,GOOGL
2015-09-18 00:00:00-04:00,33.25299835205078,33.492000579833984,33.00149917602539,33.04600143432617,32.73450469970703,72544000,0.0,0.0,GOOGL
2015-09-21 00:00:00-04:00,33.2755012512207,33.45000076293945,32.900001525878906,33.3489990234375,33.03465270996094,39094000,0.0,0.0,GOOGL
2015-09-22 00:00:00-04:00,32.87350082397461,32.941001892089844,32.25149917602539,32.65999984741211,32.352142333984375,54362000,0.0,0.0,GOOGL
2015-09-23 00:00:00-04:00,32.64500045776367,33.013999938964844,32.5364990234375,32.66450119018555,32.356605529785156,29160000,0.0,0.0,GOOGL
2015-09-24 00:00:00-04:00,32.44850158691406,32.8385009765625,32.10850143432617,32.74549865722656,32.43684005737305,38692000,0.0,0.0,GOOGL
2015-09-25 00:00:00-04:00,32.92900085449219,32.92900085449219,31.982999801635742,32.00749969482422,31.705795288085938,48480000,0.0,0.0,GOOGL
2015-09-28 00:00:00-04:00,31.952499389648438,32.14250183105469,30.892000198364258,31.212499618530273,30.918289184570312,47646000,0.0,0.0,GOOGL
2015-09-29 00:00:00-04:00,31.274999618530273,31.733999252319336,30.901500701904297,31.13050079345703,30.83706283569336,42130000,0.0,0.0,GOOGL
2015-09-30 00:00:00-04:00,31.59149932861328,31.965499877929688,31.457500457763672,31.918500900268555,31.617639541625977,52954000,0.0,0.0,GOOGL
2015-10-01 00:00:00-04:00,31.89699935913086,32.19200134277344,31.555999755859375,32.099998474121094,31.797428131103516,42506000,0.0,0.0,GOOGL
2015-10-02 00:00:00-04:00,31.90049934387207,32.849998474121094,31.674999237060547,32.8494987487793,32.53986358642578,48788000,0.0,0.0,GOOGL
2015-10-05 00:00:00-04:00,33.08000183105469,33.6515007019043,32.79349899291992,33.58399963378906,33.267433166503906,37960000,0.0,0.0,GOOGL
2015-10-06 00:00:00-04:00,33.467498779296875,33.939998626708984,33.15399932861328,33.582000732421875,33.26546096801758,42774000,0.0,0.0,GOOGL
2015-10-07 00:00:00-04:00,33.869998931884766,33.9370002746582,32.90549850463867,33.5,33.184226989746094,44354000,0.0,0.0,GOOGL
2015-10-08 00:00:00-04:00,33.47249984741211,33.59450149536133,32.7244987487793,33.349998474121094,33.035640716552734,39308000,0.0,0.0,GOOGL
2015-10-09 00:00:00-04:00,33.3745002746582,33.704498291015625,33.11800003051758,33.5620002746582,33.24564743041992,32124000,0.0,0.0,GOOGL
2015-10-12 00:00:00-04:00,33.45949935913086,33.89899826049805,33.36199951171875,33.82149887084961,33.5026969909668,26684000,0.0,0.0,GOOGL
2015-10-13 00:00:00-04:00,33.7130012512207,34.42300033569336,33.65549850463867,34.15850067138672,33.83652114868164,42446000,0.0,0.0,GOOGL
2015-10-14 00:00:00-04:00,34.186500549316406,34.50199890136719,33.94499969482422,34.02050018310547,33.6998291015625,31292000,0.0,0.0,GOOGL
2015-10-15 00:00:00-04:00,34.26250076293945,34.70800018310547,34.21950149536133,34.6510009765625,34.32438278198242,47156000,0.0,0.0,GOOGL
2015-10-16 00:00:00-04:00,34.77000045776367,34.81100082397461,34.45500183105469,34.76599884033203,34.438297271728516,36316000,0.0,0.0,GOOGL
2015-10-19 00:00:00-04:00,34.70000076293945,35.012001037597656,34.61050033569336,34.997501373291016,34.66762161254883,30172000,0.0,0.0,GOOGL
2015-10-20 00:00:00-04:00,34.894500732421875,34.900001525878906,33.683998107910156,34.0,33.67951202392578,52434000,0.0,0.0,GOOGL
2015-10-21 00:00:00-04:00,34.160499572753906,34.244998931884766,33.53499984741211,33.59000015258789,33.27337646484375,31952000,0.0,0.0,GOOGL
2015-10-22 00:00:00-04:00,33.77199935913086,34.40250015258789,33.584999084472656,34.05699920654297,33.73597717285156,88632000,0.0,0.0,GOOGL
2015-10-23 00:00:00-04:00,37.50299835205078,37.625,35.89699935913086,35.96649932861328,35.627479553222656,126726000,0.0,0.0,GOOGL
2015-10-26 00:00:00-04:00,36.000999450683594,36.747501373291016,36.000999450683594,36.555999755859375,36.21141815185547,48776000,0.0,0.0,GOOGL
2015-10-27 00:00:00-04:00,36.32849884033203,36.79800033569336,36.207000732421875,36.64099884033203,36.29561996459961,38778000,0.0,0.0,GOOGL
2015-10-28 00:00:00-04:00,36.650001525878906,36.868499755859375,36.36349868774414,36.84600067138672,36.498695373535156,39604000,0.0,0.0,GOOGL
2015-10-29 00:00:00-04:00,36.83150100708008,37.339500427246094,36.757999420166016,37.24250030517578,36.89145278930664,36520000,0.0,0.0,GOOGL
2015-10-30 00:00:00-04:00,37.27799987792969,37.31549835205078,36.826499938964844,36.86949920654297,36.521968841552734,39984000,0.0,0.0,GOOGL
2015-11-02 00:00:00-05:00,36.72650146484375,37.409000396728516,36.5724983215332,37.387001037597656,37.03459167480469,39914000,0.0,0.0,GOOGL
2015-11-03 00:00:00-05:00,37.27149963378906,37.584999084472656,37.05799865722656,37.441001892089844,37.08808517456055,36306000,0.0,0.0,GOOGL
2015-11-04 00:00:00-05:00,37.494998931884766,37.994998931884766,37.459999084472656,37.765499114990234,37.409523010253906,41840000,0.0,0.0,GOOGL
2015-11-05 00:00:00-05:00,37.94049835205078,38.317501068115234,37.87350082397461,38.03350067138672,37.67499542236328,45486000,0.0,0.0,GOOGL
2015-11-06 00:00:00-05:00,37.96950149536133,38.1510009765625,37.75149917602539,38.08000183105469,37.721065521240234,33544000,0.0,0.0,GOOGL
2015-11-09 00:00:00-05:00,37.92599868774414,38.165000915527344,37.455501556396484,37.73849868774414,37.382774353027344,35538000,0.0,0.0,GOOGL
2015-11-10 00:00:00-05:00,37.67399978637695,38.029998779296875,37.420501708984375,37.91299819946289,37.555633544921875,29798000,0.0,0.0,GOOGL
2015-11-11 00:00:00-05:00,38.11899948120117,38.45399856567383,37.98749923706055,38.26250076293945,37.90183639526367,41866000,0.0,0.0,GOOGL
2015-11-12 00:00:00-05:00,38.00899887084961,38.290000915527344,37.792999267578125,37.826499938964844,37.46995162963867,35452000,0.0,0.0,GOOGL
2015-11-13 00:00:00-05:00,37.70199966430664,37.76649856567383,36.9734992980957,37.003501892089844,36.65470504760742,48188000,0.0,0.0,GOOGL
2015-11-16 00:00:00-05:00,37.010501861572266,37.58549880981445,36.71649932861328,37.520999908447266,37.16733169555664,50704000,0.0,0.0,GOOGL
2015-11-17 00:00:00-05:00,37.62350082397461,37.747501373291016,37.20249938964844,37.29899978637695,36.947418212890625,38864000,0.0,0.0,GOOGL
2015-11-18 00:00:00-05:00,37.47850036621094,38.05500030517578,37.36949920654297,38.0004997253418,37.642303466796875,36266000,0.0,0.0,GOOGL
2015-11-19 00:00:00-05:00,37.98899841308594,38.1614990234375,37.86149978637695,37.99700164794922,37.63883972167969,28078000,0.0,0.0,GOOGL
2015-11-20 00:00:00-05:00,38.46500015258789,38.965999603271484,38.20500183105469,38.849998474121094,38.483795166015625,55478000,0.0,0.0,GOOGL
2015-11-23 00:00:00-05:00,38.87350082397461,39.14500045776367,38.675498962402344,38.834999084472656,38.46894454956055,34648000,0.0,0.0,GOOGL
2015-11-24 00:00:00-05:00,38.64799880981445,38.79949951171875,37.90549850463867,38.48149871826172,38.11876678466797,47880000,0.0,0.0,GOOGL
2015-11-25 00:00:00-05:00,38.58449935913086,38.650001525878906,38.326499938964844,38.4630012512207,38.100440979003906,23612000,0.0,0.0,GOOGL
2015-11-27 00:00:00-05:00,38.45800018310547,38.70000076293945,38.349998474121094,38.5984992980957,38.23467254638672,14434000,0.0,0.0,GOOGL
2015-11-30 00:00:00-05:00,38.59349822998047,38.75149917602539,38.055999755859375,38.14250183105469,37.78296661376953,33586000,0.0,0.0,GOOGL
2015-12-01 00:00:00-05:00,38.34700012207031,39.25,38.29750061035156,39.18949890136719,38.820098876953125,40398000,0.0,0.0,GOOGL
2015-12-02 00:00:00-05:00,39.26250076293945,39.65250015258789,38.82149887084961,38.89250183105469,38.525901794433594,46876000,0.0,0.0,GOOGL
2015-12-03 00:00:00-05:00,39.02799987792969,39.2239990234375,38.122501373291016,38.40999984741211,38.04794692993164,41950000,0.0,0.0,GOOGL
2015-12-04 00:00:00-05:00,38.48550033569336,39.12099838256836,38.2755012512207,38.96049880981445,38.593257904052734,49800000,0.0,0.0,GOOGL
2015-12-07 00:00:00-05:00,39.00299835205078,39.04999923706055,38.33599853515625,38.64950180053711,38.285186767578125,36626000,0.0,0.0,GOOGL
2015-12-08 00:00:00-05:00,38.224998474121094,38.932498931884766,38.125999450683594,38.75699996948242,38.39167404174805,31082000,0.0,0.0,GOOGL
2015-12-09 00:00:00-05:00,38.55500030517578,38.804500579833984,37.60049819946289,38.127498626708984,37.76811218261719,46550000,0.0,0.0,GOOGL
2015-12-10 00:00:00-05:00,38.179500579833984,38.30350112915039,37.75,38.00199890136719,37.64379119873047,32458000,0.0,0.0,GOOGL
2015-12-11 00:00:00-05:00,37.45000076293945,37.87200164794922,37.432498931884766,37.520999908447266,37.16733169555664,43184000,0.0,0.0,GOOGL
2015-12-14 00:00:00-05:00,37.5629997253418,38.20750045776367,36.8129997253418,38.12699890136719,37.767616271972656,53864000,0.0,0.0,GOOGL
2015-12-15 00:00:00-05:00,38.38949966430664,38.73749923706055,37.900001525878906,38.00450134277344,37.64627456665039,49386000,0.0,0.0,GOOGL
2015-12-16 00:00:00-05:00,38.32849884033203,39.07500076293945,37.852500915527344,38.829498291015625,38.4634895324707,53120000,0.0,0.0,GOOGL
2015-12-17 00:00:00-05:00,39.05799865722656,39.079498291015625,38.46500015258789,38.49150085449219,38.128684997558594,36510000,0.0,0.0,GOOGL
2015-12-18 00:00:00-05:00,38.36149978637695,38.707000732421875,37.829498291015625,37.842498779296875,37.48579788208008,67794000,0.0,0.0,GOOGL
2015-12-21 00:00:00-05:00,38.15250015258789,38.317501068115234,37.70750045776367,38.040000915527344,37.68143844604492,34848000,0.0,0.0,GOOGL
2015-12-22 00:00:00-05:00,38.2135009765625,38.516998291015625,38.060001373291016,38.35649871826172,37.99494934082031,36338000,0.0,0.0,GOOGL
2015-12-23 00:00:00-05:00,38.53450012207031,38.595001220703125,37.88249969482422,38.425498962402344,38.06330108642578,30594000,0.0,0.0,GOOGL
2015-12-24 00:00:00-05:00,38.42599868774414,38.459999084472656,38.21950149536133,38.29199981689453,37.931060791015625,10412000,0.0,0.0,GOOGL
2015-12-28 00:00:00-05:00,38.5,39.14099884033203,38.38650131225586,39.11199951171875,38.743324279785156,31156000,0.0,0.0,GOOGL
2015-12-29 00:00:00-05:00,39.3494987487793,39.93450164794922,39.310001373291016,39.698001861572266,39.32380294799805,38430000,0.0,0.0,GOOGL
2015-12-30 00:00:00-05:00,39.698001861572266,39.823001861572266,39.36000061035156,39.51499938964844,39.14253234863281,28566000,0.0,0.0,GOOGL
2015-12-31 00:00:00-05:00,39.39099884033203,39.416500091552734,38.86600112915039,38.9005012512207,38.53383255004883,32752000,0.0,0.0,GOOGL
2016-01-04 00:00:00-05:00,38.11000061035156,38.11000061035156,37.37699890136719,37.97200012207031,37.61407470703125,67382000,0.0,0.0,GOOGL
2016-01-05 00:00:00-05:00,38.20500183105469,38.459999084472656,37.782501220703125,38.076499938964844,37.717586517333984,45216000,0.0,0.0,GOOGL
2016-01-06 00:00:00-05:00,37.51850128173828,38.2864990234375,37.400001525878906,37.96649932861328,37.6086311340332,48206000,0.0,0.0,GOOGL
2016-01-07 00:00:00-05:00,37.324501037597656,37.765499114990234,36.763999938964844,37.04999923706055,36.700767517089844,63132000,0.0,0.0,GOOGL
2016-01-08 00:00:00-05:00,37.38999938964844,37.50600051879883,36.44599914550781,36.545501708984375,36.201026916503906,47506000,0.0,0.0,GOOGL
2016-01-11 00:00:00-05:00,36.59749984741211,36.75400161743164,35.97800064086914,36.653499603271484,36.30800247192383,50896000,0.0,0.0,GOOGL
2016-01-12 00:00:00-05:00,37.037498474121094,37.41699981689453,36.82149887084961,37.266998291015625,36.91572189331055,46816000,0.0,0.0,GOOGL
2016-01-13 00:00:00-05:00,37.46699905395508,37.650001525878906,35.8390007019043,35.97850036621094,35.63936233520508,51728000,0.0,0.0,GOOGL
2016-01-14 00:00:00-05:00,36.22200012207031,36.99449920654297,35.25,36.56949996948242,36.22479248046875,55558000,0.0,0.0,GOOGL
2016-01-15 00:00:00-05:00,35.4995002746582,36.20800018310547,35.07550048828125,35.52450180053711,35.18965148925781,76676000,0.0,0.0,GOOGL
2016-01-19 00:00:00-05:00,36.00749969482422,36.26750183105469,35.49250030517578,35.95399856567383,35.6151008605957,48724000,0.0,0.0,GOOGL
2016-01-20 00:00:00-05:00,35.29499816894531,36.34749984741211,34.388999938964844,35.928001403808594,35.58934783935547,82440000,0.0,0.0,GOOGL
2016-01-21 00:00:00-05:00,36.00849914550781,36.88349914550781,35.55550003051758,36.333499908447266,35.99102020263672,51938000,0.0,0.0,GOOGL
2016-01-22 00:00:00-05:00,37.099998474121094,37.428001403808594,37.025001525878906,37.27299880981445,36.92166519165039,47146000,0.0,0.0,GOOGL
2016-01-25 00:00:00-05:00,37.19200134277344,37.62300109863281,36.625,36.680999755859375,36.335243225097656,45340000,0.0,0.0,GOOGL
2016-01-26 00:00:00-05:00,36.760501861572266,36.972999572753906,36.3484992980957,36.68949890136719,36.34365463256836,30940000,0.0,0.0,GOOGL
2016-01-27 00:00:00-05:00,36.794498443603516,36.794498443603516,35.67250061035156,35.87900161743164,35.540809631347656,42428000,0.0,0.0,GOOGL
2016-01-28 00:00:00-05:00,36.90950012207031,37.55799865722656,36.529998779296875,37.415000915527344,37.06232452392578,62104000,0.0,0.0,GOOGL
2016-01-29 00:00:00-05:00,37.448001861572266,38.25550079345703,37.209999084472656,38.067501068115234,37.70867919921875,75808000,0.0,0.0,GOOGL
2016-02-01 00:00:00-05:00,38.5629997253418,38.87950134277344,38.069000244140625,38.53850173950195,38.17524337768555,111522000,0.0,0.0,GOOGL
2016-02-02 00:00:00-05:00,40.025001525878906,40.51750183105469,39.029998779296875,39.045501708984375,38.677459716796875,135846000,0.0,0.0,GOOGL
2016-02-03 00:00:00-05:00,39.31399917602539,39.57149887084961,36.8129997253418,37.46900177001953,37.11581802368164,131114000,0.0,0.0,GOOGL
2016-02-04 00:00:00-05:00,37.22949981689453,37.262001037597656,36.130001068115234,36.50149917602539,36.157440185546875,104922000,0.0,0.0,GOOGL
2016-02-05 00:00:00-05:00,36.275001525878906,36.33599853515625,35.00699996948242,35.1879997253418,34.8563232421875,109556000,0.0,0.0,GOOGL
2016-02-08 00:00:00-05:00,34.38399887084961,35.22600173950195,34.10049819946289,35.20800018310547,34.876136779785156,89410000,0.0,0.0,GOOGL
2016-02-09 00:00:00-05:00,34.647499084472656,36.04800033569336,34.42499923706055,35.05099868774414,34.72060775756836,84300000,0.0,0.0,GOOGL
2016-02-10 00:00:00-05:00,35.589500427246094,36.1609992980957,35.269500732421875,35.342498779296875,35.009361267089844,60314000,0.0,0.0,GOOGL
2016-02-11 00:00:00-05:00,34.81700134277344,35.61600112915039,34.55950164794922,35.31800079345703,34.98509216308594,65004000,0.0,0.0,GOOGL
2016-02-12 00:00:00-05:00,35.61050033569336,35.79999923706055,35.07899856567383,35.34450149536133,35.0113410949707,46538000,0.0,0.0,GOOGL
2016-02-16 00:00:00-05:00,35.932498931884766,36.14400100708008,35.50899887084961,35.88199996948242,35.54377365112305,43444000,0.0,0.0,GOOGL
2016-02-17 00:00:00-05:00,36.349998474121094,36.6879997253418,35.830501556396484,36.5984992980957,36.25352478027344,49154000,0.0,0.0,GOOGL
2016-02-18 00:00:00-05:00,36.698001861572266,36.79999923706055,35.77750015258789,35.8754997253418,35.53733825683594,47276000,0.0,0.0,GOOGL
2016-02-19 00:00:00-05:00,35.79499816894531,36.201499938964844,35.65599822998047,36.105499267578125,35.76516342163086,34918000,0.0,0.0,GOOGL
2016-02-22 00:00:00-05:00,36.47549819946289,36.74250030517578,36.17250061035156,36.45249938964844,36.1088981628418,37516000,0.0,0.0,GOOGL
2016-02-23 00:00:00-05:00,36.30500030517578,36.54499816894531,35.78350067138672,35.864498138427734,35.52643585205078,41332000,0.0,0.0,GOOGL
2016-02-24 00:00:00-05:00,35.53049850463867,36.06100082397461,35.10100173950195,36.04499816894531,35.70523452758789,37092000,0.0,0.0,GOOGL
2016-02-25 00:00:00-05:00,36.14649963378906,36.47549819946289,35.6614990234375,36.45600128173828,36.112361907958984,36146000,0.0,0.0,GOOGL
2016-02-26 00:00:00-05:00,36.68000030517578,36.80799865722656,36.09700012207031,36.24300003051758,35.901371002197266,42474000,0.0,0.0,GOOGL
2016-02-29 00:00:00-05:00,36.04999923706055,36.529998779296875,35.84199905395508,35.861000061035156,35.522972106933594,45068000,0.0,0.0,GOOGL
2016-03-01 00:00:00-05:00,36.064998626708984,37.11650085449219,35.93199920654297,37.10850143432617,36.75872039794922,60112000,0.0,0.0,GOOGL
2016-03-02 00:00:00-05:00,37.14350128173828,37.15599822998047,36.662498474121094,36.9739990234375,36.625484466552734,36292000,0.0,0.0,GOOGL
2016-03-03 00:00:00-05:00,36.9739990234375,37.04999923706055,36.48149871826172,36.579498291015625,36.234703063964844,40534000,0.0,0.0,GOOGL
2016-03-04 00:00:00-05:00,36.7400016784668,36.75,36.28099822998047,36.51100158691406,36.166847229003906,48516000,0.0,0.0,GOOGL
2016-03-07 00:00:00-05:00,36.25749969482422,36.36050033569336,35.25699996948242,35.63999938964844,35.304054260253906,61690000,0.0,0.0,GOOGL
2016-03-08 00:00:00-05:00,35.419498443603516,36.11249923706055,35.20000076293945,35.67649841308594,35.340213775634766,52530000,0.0,0.0,GOOGL
2016-03-09 00:00:00-05:00,35.75849914550781,36.3120002746582,35.632999420166016,36.27050018310547,35.928611755371094,39544000,0.0,0.0,GOOGL
2016-03-10 00:00:00-05:00,36.38949966430664,36.82699966430664,36.16450119018555,36.60850143432617,36.263431549072266,44616000,0.0,0.0,GOOGL
2016-03-11 00:00:00-05:00,36.997501373291016,37.244998931884766,36.834999084472656,37.243499755859375,36.89244079589844,35380000,0.0,0.0,GOOGL
2016-03-14 00:00:00-04:00,37.24850082397461,37.7130012512207,37.18299865722656,37.512001037597656,37.158416748046875,32824000,0.0,0.0,GOOGL
2016-03-15 00:00:00-04:00,37.30099868774414,37.6505012512207,37.141998291015625,37.528499603271484,37.17475509643555,29832000,0.0,0.0,GOOGL
2016-03-16 00:00:00-04:00,37.45249938964844,37.95000076293945,37.32500076293945,37.86800003051758,37.511051177978516,29306000,0.0,0.0,GOOGL
2016-03-17 00:00:00-04:00,37.88249969482422,38.266998291015625,37.86800003051758,37.92399978637695,37.566532135009766,44564000,0.0,0.0,GOOGL
2016-03-18 00:00:00-04:00,38.08150100708008,38.106998443603516,37.590999603271484,37.77050018310547,37.41447448730469,56222000,0.0,0.0,GOOGL
2016-03-21 00:00:00-04:00,37.695499420166016,38.16699981689453,37.563499450683594,38.108001708984375,37.74879837036133,28774000,0.0,0.0,GOOGL
2016-03-22 00:00:00-04:00,37.922000885009766,38.25,37.89400100708008,38.002498626708984,37.644290924072266,22096000,0.0,0.0,GOOGL
2016-03-23 00:00:00-04:00,38.16749954223633,38.269500732421875,37.80149841308594,37.87799835205078,37.52096176147461,24678000,0.0,0.0,GOOGL
2016-03-24 00:00:00-04:00,37.560001373291016,37.87799835205078,37.525001525878906,37.742000579833984,37.38624572753906,31116000,0.0,0.0,GOOGL
2016-03-28 00:00:00-04:00,37.80849838256836,37.915000915527344,37.60200119018555,37.66400146484375,37.30897903442383,21676000,0.0,0.0,GOOGL
2016-03-29 00:00:00-04:00,37.683998107910156,38.35900115966797,37.41450119018555,38.294498443603516,37.93353271484375,40062000,0.0,0.0,GOOGL
2016-03-30 00:00:00-04:00,38.410499572753906,38.865501403808594,38.37900161743164,38.41699981689453,38.05488586425781,40396000,0.0,0.0,GOOGL
2016-03-31 00:00:00-04:00,38.41699981689453,38.45399856567383,37.912498474121094,38.14500045776367,37.78544998168945,32554000,0.0,0.0,GOOGL
2016-04-01 00:00:00-04:00,37.858001708984375,38.50199890136719,37.7599983215332,38.48350143432617,38.120758056640625,31674000,0.0,0.0,GOOGL
2016-04-04 00:00:00-04:00,38.47549819946289,38.62200164794922,38.089500427246094,38.25600051879883,37.89540481567383,26924000,0.0,0.0,GOOGL
2016-04-05 00:00:00-04:00,37.90650177001953,38.14350128173828,37.779998779296875,37.92850112915039,37.570987701416016,24478000,0.0,0.0,GOOGL
2016-04-06 00:00:00-04:00,37.891998291015625,38.42100143432617,37.814998626708984,38.403499603271484,38.04150390625,25312000,0.0,0.0,GOOGL
2016-04-07 00:00:00-04:00,38.26599884033203,38.46799850463867,37.875,38.00600051879883,37.64775085449219,25498000,0.0,0.0,GOOGL
2016-04-08 00:00:00-04:00,38.29349899291992,38.35649871826172,37.78850173950195,37.9734992980957,37.615562438964844,23434000,0.0,0.0,GOOGL
2016-04-11 00:00:00-04:00,38.272499084472656,38.361000061035156,37.867000579833984,37.87699890136719,37.51996994018555,31774000,0.0,0.0,GOOGL
2016-04-12 00:00:00-04:00,37.92150115966797,38.24599838256836,37.57849884033203,38.215999603271484,37.855777740478516,27388000,0.0,0.0,GOOGL
2016-04-13 00:00:00-04:00,38.515499114990234,38.787498474121094,38.22949981689453,38.59550094604492,38.23170471191406,35426000,0.0,0.0,GOOGL
2016-04-14 00:00:00-04:00,38.768001556396484,38.980499267578125,38.6609992980957,38.769500732421875,38.404056549072266,26992000,0.0,0.0,GOOGL
2016-04-15 00:00:00-04:00,38.775001525878906,39.04650115966797,38.746498107910156,39.0,38.63238525390625,31712000,0.0,0.0,GOOGL
2016-04-18 00:00:00-04:00,39.009498596191406,39.4275016784668,38.88050079345703,39.38399887084961,39.01276779174805,33540000,0.0,0.0,GOOGL
2016-04-19 00:00:00-04:00,39.525001525878906,39.54750061035156,38.51350021362305,38.8125,38.446659088134766,43952000,0.0,0.0,GOOGL
2016-04-20 00:00:00-04:00,38.95800018310547,38.983001708984375,38.563499450683594,38.74599838256836,38.38077926635742,34262000,0.0,0.0,GOOGL
2016-04-21 00:00:00-04:00,38.865501403808594,39.08399963378906,38.57749938964844,39.0,38.63238525390625,77628000,0.0,0.0,GOOGL
2016-04-22 00:00:00-04:00,37.195499420166016,37.69599914550781,36.51850128173828,36.88850021362305,36.54078674316406,140798000,0.0,0.0,GOOGL
2016-04-25 00:00:00-04:00,36.76750183105469,37.24399948120117,36.755001068115234,37.11050033569336,36.76069641113281,49442000,0.0,0.0,GOOGL
2016-04-26 00:00:00-04:00,37.22100067138672,37.27949905395508,36.01599884033203,36.26850128173828,35.9266357421875,55864000,0.0,0.0,GOOGL
2016-04-27 00:00:00-04:00,36.26599884033203,36.35749816894531,35.45399856567383,36.073001861572266,35.73298263549805,66262000,0.0,0.0,GOOGL
2016-04-28 00:00:00-04:00,36.16450119018555,36.4630012512207,35.15999984741211,35.25299835205078,34.92070388793945,62590000,0.0,0.0,GOOGL
2016-04-29 00:00:00-04:00,35.20600128173828,35.605499267578125,35.18899917602539,35.39400100708008,35.06037902832031,58278000,0.0,0.0,GOOGL
2016-05-02 00:00:00-04:00,35.59600067138672,35.77050018310547,35.31800079345703,35.72050094604492,35.3838005065918,33476000,0.0,0.0,GOOGL
2016-05-03 00:00:00-04:00,35.625,35.66849899291992,35.36650085449219,35.422000885009766,35.088111877441406,38620000,0.0,0.0,GOOGL
2016-05-04 00:00:00-04:00,35.3385009765625,35.752498626708984,35.20249938964844,35.56850051879883,35.23323059082031,34172000,0.0,0.0,GOOGL
2016-05-05 00:00:00-04:00,35.75,35.877498626708984,35.47249984741211,35.73550033569336,35.39865493774414,29668000,0.0,0.0,GOOGL
2016-05-06 00:00:00-04:00,35.61000061035156,36.29949951171875,35.59749984741211,36.25899887084961,35.9172248840332,39952000,0.0,0.0,GOOGL
2016-05-09 00:00:00-04:00,36.334999084472656,36.714500427246094,36.17499923706055,36.45650100708008,36.11286163330078,38074000,0.0,0.0,GOOGL
2016-05-10 00:00:00-04:00,36.74800109863281,37.0,36.580501556396484,36.96900177001953,36.62053298950195,32634000,0.0,0.0,GOOGL
2016-05-11 00:00:00-04:00,37.0260009765625,37.040000915527344,36.39500045776367,36.52750015258789,36.18319320678711,29834000,0.0,0.0,GOOGL
2016-05-12 00:00:00-04:00,36.599998474121094,36.76850128173828,36.2135009765625,36.403499603271484,36.060359954833984,27094000,0.0,0.0,GOOGL
2016-05-13 00:00:00-04:00,36.33100128173828,36.56449890136719,36.175498962402344,36.24150085449219,35.8998908996582,25244000,0.0,0.0,GOOGL
2016-05-16 00:00:00-04:00,36.215999603271484,36.63399887084961,36.0,36.51499938964844,36.170806884765625,22538000,0.0,0.0,GOOGL
2016-05-17 00:00:00-04:00,36.553001403808594,36.79249954223633,35.900001525878906,36.009498596191406,35.67007827758789,33404000,0.0,0.0,GOOGL
2016-05-18 00:00:00-04:00,35.92499923706055,36.278499603271484,35.750999450683594,36.0890007019043,35.74882507324219,32536000,0.0,0.0,GOOGL
2016-05-19 00:00:00-04:00,35.915000915527344,36.025001525878906,35.515499114990234,35.765499114990234,35.428375244140625,30598000,0.0,0.0,GOOGL
2016-05-20 00:00:00-04:00,35.823001861572266,36.3849983215332,35.7504997253418,36.08549880981445,35.745357513427734,34798000,0.0,0.0,GOOGL
2016-05-23 00:00:00-04:00,35.999000549316406,36.17499923706055,35.84700012207031,35.86249923706055,35.52445983886719,24816000,0.0,0.0,GOOGL
2016-05-24 00:00:00-04:00,35.99250030517578,36.709999084472656,35.98249816894531,36.6515007019043,36.30602264404297,37884000,0.0,0.0,GOOGL
2016-05-25 00:00:00-04:00,36.75,36.99449920654297,36.630001068115234,36.904998779296875,36.557132720947266,32216000,0.0,0.0,GOOGL
2016-05-26 00:00:00-04:00,36.79999923706055,37.05500030517578,36.650001525878906,36.846500396728516,36.49919509887695,27202000,0.0,0.0,GOOGL
2016-05-27 00:00:00-04:00,36.8754997253418,37.39550018310547,36.85049819946289,37.380001068115234,37.02765655517578,34802000,0.0,0.0,GOOGL
2016-05-31 00:00:00-04:00,37.4379997253418,37.67399978637695,37.278499603271484,37.442501068115234,37.089569091796875,42484000,0.0,0.0,GOOGL
2016-06-01 00:00:00-04:00,37.423500061035156,37.56850051879883,37.21699905395508,37.42300033569336,37.070255279541016,20788000,0.0,0.0,GOOGL
2016-06-02 00:00:00-04:00,37.30500030517578,37.3650016784668,36.849998474121094,37.2135009765625,36.86272430419922,33916000,0.0,0.0,GOOGL
2016-06-03 00:00:00-04:00,37.074501037597656,37.074501037597656,36.695499420166016,36.792999267578125,36.446189880371094,24608000,0.0,0.0,GOOGL
2016-06-06 00:00:00-04:00,36.92499923706055,36.92499923706055,36.41450119018555,36.50299835205078,36.15891647338867,29992000,0.0,0.0,GOOGL
2016-06-07 00:00:00-04:00,36.66350173950195,36.83549880981445,36.540000915527344,36.554500579833984,36.209938049316406,24314000,0.0,0.0,GOOGL
2016-06-08 00:00:00-04:00,36.974998474121094,37.19049835205078,36.78850173950195,37.14649963378906,36.796356201171875,32314000,0.0,0.0,GOOGL
2016-06-09 00:00:00-04:00,36.85350036621094,37.19649887084961,36.82500076293945,37.125999450683594,36.77605056762695,19180000,0.0,0.0,GOOGL
2016-06-10 00:00:00-04:00,36.79750061035156,36.981998443603516,36.5255012512207,36.65950012207031,36.31394958496094,29050000,0.0,0.0,GOOGL
2016-06-13 00:00:00-04:00,36.49100112915039,36.95000076293945,36.49100112915039,36.59400177001953,36.24906921386719,23354000,0.0,0.0,GOOGL
2016-06-14 00:00:00-04:00,36.46549987792969,36.79999923706055,36.32500076293945,36.662498474121094,36.316925048828125,26584000,0.0,0.0,GOOGL
2016-06-15 00:00:00-04:00,36.74599838256836,36.85749816894531,36.56549835205078,36.609500885009766,36.2644157409668,23234000,0.0,0.0,GOOGL
2016-06-16 00:00:00-04:00,36.39799880981445,36.519500732421875,35.777000427246094,36.212501525878906,35.87116241455078,45002000,0.0,0.0,GOOGL
2016-06-17 00:00:00-04:00,36.06949996948242,36.06949996948242,35.055999755859375,35.212501525878906,34.880584716796875,82262000,0.0,0.0,GOOGL
2016-06-20 00:00:00-04:00,35.515499114990234,35.79349899291992,35.27050018310547,35.30649948120117,34.97369384765625,45654000,0.0,0.0,GOOGL
2016-06-21 00:00:00-04:00,35.502498626708984,35.76900100708008,35.233001708984375,35.444000244140625,35.10990524291992,30318000,0.0,0.0,GOOGL
2016-06-22 00:00:00-04:00,35.70249938964844,35.71049880981445,35.29399871826172,35.52349853515625,35.18865203857422,29058000,0.0,0.0,GOOGL
2016-06-23 00:00:00-04:00,35.52750015258789,35.74399948120117,35.01250076293945,35.743499755859375,35.406585693359375,42500000,0.0,0.0,GOOGL
2016-06-24 00:00:00-04:00,34.50849914550781,35.25,34.24549865722656,34.2599983215332,33.93706512451172,95436000,0.0,0.0,GOOGL
2016-06-27 00:00:00-04:00,34.1245002746582,34.166500091552734,33.632999420166016,34.05699920654297,33.73597717285156,58146000,0.0,0.0,GOOGL
2016-06-28 00:00:00-04:00,34.56850051879883,34.637001037597656,34.24250030517578,34.5629997253418,34.237205505371094,38246000,0.0,0.0,GOOGL
2016-06-29 00:00:00-04:00,34.7130012512207,34.974998474121094,34.63399887084961,34.759498596191406,34.431854248046875,43124000,0.0,0.0,GOOGL
2016-06-30 00:00:00-04:00,34.88249969482422,35.188499450683594,34.744998931884766,35.17649841308594,34.84492492675781,42250000,0.0,0.0,GOOGL
2016-07-01 00:00:00-04:00,35.255001068115234,35.62649917602539,35.186500549316406,35.51250076293945,35.17776107788086,30984000,0.0,0.0,GOOGL
2016-07-05 00:00:00-04:00,35.2504997253418,35.40599822998047,34.95650100708008,35.24449920654297,34.912288665771484,28440000,0.0,0.0,GOOGL
2016-07-06 00:00:00-04:00,34.992000579833984,35.650001525878906,34.95000076293945,35.44850158691406,35.11436462402344,28902000,0.0,0.0,GOOGL
2016-07-07 00:00:00-04:00,35.50550079345703,35.50849914550781,35.03350067138672,35.362998962402344,35.029666900634766,21174000,0.0,0.0,GOOGL
2016-07-08 00:00:00-04:00,35.52799987792969,35.89500045776367,35.40549850463867,35.888999938964844,35.55070877075195,29946000,0.0,0.0,GOOGL
2016-07-11 00:00:00-04:00,35.97100067138672,36.44649887084961,35.94350051879883,36.36000061035156,36.01727294921875,28822000,0.0,0.0,GOOGL
2016-07-12 00:00:00-04:00,36.59600067138672,36.779998779296875,36.375,36.6254997253418,36.28026580810547,26468000,0.0,0.0,GOOGL
2016-07-13 00:00:00-04:00,36.7760009765625,36.7760009765625,36.45100021362305,36.4739990234375,36.130191802978516,20436000,0.0,0.0,GOOGL
2016-07-14 00:00:00-04:00,36.696998596191406,36.80699920654297,36.52949905395508,36.790000915527344,36.443214416503906,21408000,0.0,0.0,GOOGL
2016-07-15 00:00:00-04:00,37.04999923706055,37.04999923706055,36.731998443603516,36.78150177001953,36.43479919433594,32342000,0.0,0.0,GOOGL
2016-07-18 00:00:00-04:00,36.89550018310547,37.75699996948242,36.82550048828125,37.65999984741211,37.305015563964844,38698000,0.0,0.0,GOOGL
2016-07-19 00:00:00-04:00,37.493499755859375,37.829498291015625,37.42449951171875,37.670501708984375,37.31541442871094,30436000,0.0,0.0,GOOGL
2016-07-20 00:00:00-04:00,37.70249938964844,38.03200149536133,37.70249938964844,37.854000091552734,37.4971809387207,22502000,0.0,0.0,GOOGL
2016-07-21 00:00:00-04:00,37.849998474121094,37.907501220703125,37.57600021362305,37.72050094604492,37.36494064331055,19062000,0.0,0.0,GOOGL
2016-07-22 00:00:00-04:00,37.86600112915039,37.97249984741211,37.632999420166016,37.9640007019043,37.60615539550781,20920000,0.0,0.0,GOOGL
2016-07-25 00:00:00-04:00,37.88399887084961,37.99100112915039,37.70349884033203,37.875999450683594,37.51898193359375,21466000,0.0,0.0,GOOGL
2016-07-26 00:00:00-04:00,37.875999450683594,37.9630012512207,37.63750076293945,37.88249969482422,37.525421142578125,23792000,0.0,0.0,GOOGL
2016-07-27 00:00:00-04:00,37.94850158691406,38.22249984741211,37.79650115966797,38.0984992980957,37.7393798828125,32172000,0.0,0.0,GOOGL
2016-07-28 00:00:00-04:00,38.44200134277344,38.44850158691406,37.954498291015625,38.29199981689453,37.931060791015625,73464000,0.0,0.0,GOOGL
2016-07-29 00:00:00-04:00,39.885501861572266,40.196998596191406,39.5,39.56700134277344,39.19404220581055,101810000,0.0,0.0,GOOGL
2016-08-01 00:00:00-04:00,39.333499908447266,40.3745002746582,39.25199890136719,40.047000885009766,39.66952133178711,60594000,0.0,0.0,GOOGL
2016-08-02 00:00:00-04:00,39.86650085449219,40.11600112915039,39.72650146484375,40.00600051879883,39.628902435302734,39928000,0.0,0.0,GOOGL
2016-08-03 00:00:00-04:00,39.82350158691406,39.97700119018555,39.6510009765625,39.94599914550781,39.5694694519043,29206000,0.0,0.0,GOOGL
2016-08-04 00:00:00-04:00,39.9119987487793,40.0099983215332,39.69599914550781,39.86249923706055,39.486759185791016,21520000,0.0,0.0,GOOGL
2016-08-05 00:00:00-04:00,40.00550079345703,40.361000061035156,39.890499114990234,40.346500396728516,39.966190338134766,36146000,0.0,0.0,GOOGL
2016-08-08 00:00:00-04:00,40.29999923706055,40.380001068115234,40.08449935913086,40.26150131225586,39.881996154785156,24426000,0.0,0.0,GOOGL
2016-08-09 00:00:00-04:00,40.2244987487793,40.666500091552734,40.202999114990234,40.374000549316406,39.99344253540039,32154000,0.0,0.0,GOOGL
2016-08-10 00:00:00-04:00,40.352500915527344,40.54399871826172,40.324501037597656,40.42449951171875,40.04345703125,18370000,0.0,0.0,GOOGL
2016-08-11 00:00:00-04:00,40.52349853515625,40.694000244140625,40.29999923706055,40.40999984741211,40.02909469604492,25646000,0.0,0.0,GOOGL
2016-08-12 00:00:00-04:00,40.25450134277344,40.359500885009766,40.18199920654297,40.352500915527344,39.97214126586914,17946000,0.0,0.0,GOOGL
2016-08-15 00:00:00-04:00,40.36050033569336,40.56800079345703,40.201499938964844,40.29800033569336,39.91815185546875,18596000,0.0,0.0,GOOGL
2016-08-16 00:00:00-04:00,40.17499923706055,40.2130012512207,39.849998474121094,40.05950164794922,39.6818962097168,21158000,0.0,0.0,GOOGL
2016-08-17 00:00:00-04:00,40.0,40.28150177001953,39.814998626708984,40.270999908447266,39.89140319824219,21322000,0.0,0.0,GOOGL
2016-08-18 00:00:00-04:00,40.268001556396484,40.400001525878906,40.08150100708008,40.13750076293945,39.759159088134766,17292000,0.0,0.0,GOOGL
2016-08-19 00:00:00-04:00,39.989498138427734,40.061500549316406,39.84400177001953,39.98249816894531,39.605621337890625,22416000,0.0,0.0,GOOGL
2016-08-22 00:00:00-04:00,39.925498962402344,39.96500015258789,39.71649932861328,39.84749984741211,39.47189712524414,17056000,0.0,0.0,GOOGL
2016-08-23 00:00:00-04:00,40.02399826049805,40.04999923706055,39.79949951171875,39.829498291015625,39.454063415527344,18350000,0.0,0.0,GOOGL
2016-08-24 00:00:00-04:00,39.84299850463867,39.92300033569336,39.53799819946289,39.68000030517578,39.305973052978516,25672000,0.0,0.0,GOOGL
2016-08-25 00:00:00-04:00,39.599998474121094,39.736000061035156,39.36149978637695,39.564998626708984,39.19205856323242,24054000,0.0,0.0,GOOGL
2016-08-26 00:00:00-04:00,39.6245002746582,39.970001220703125,39.47050094604492,39.6609992980957,39.28715515136719,24978000,0.0,0.0,GOOGL
2016-08-29 00:00:00-04:00,39.65250015258789,39.92599868774414,39.51599884033203,39.79100036621094,39.41592788696289,15474000,0.0,0.0,GOOGL
2016-08-30 00:00:00-04:00,39.64400100708008,39.900001525878906,39.4734992980957,39.59600067138672,39.22276306152344,23348000,0.0,0.0,GOOGL
2016-08-31 00:00:00-04:00,39.47999954223633,39.57849884033203,39.36000061035156,39.49250030517578,39.120243072509766,21428000,0.0,0.0,GOOGL
2016-09-01 00:00:00-04:00,39.5989990234375,39.644500732421875,39.31650161743164,39.56999969482422,39.1970100402832,26070000,0.0,0.0,GOOGL
2016-09-02 00:00:00-04:00,39.76350021362305,39.85499954223633,39.66299819946289,39.84349822998047,39.467933654785156,26998000,0.0,0.0,GOOGL
2016-09-06 00:00:00-04:00,39.919498443603516,40.544498443603516,39.77149963378906,40.4010009765625,40.02018356323242,39790000,0.0,0.0,GOOGL
2016-09-07 00:00:00-04:00,40.39649963378906,40.529998779296875,40.18600082397461,40.39950180053711,40.01869201660156,22906000,0.0,0.0,GOOGL
2016-09-08 00:00:00-04:00,40.26100158691406,40.42100143432617,40.050498962402344,40.141998291015625,39.76362228393555,23554000,0.0,0.0,GOOGL
2016-09-09 00:00:00-04:00,39.938499450683594,40.087501525878906,39.40250015258789,39.42399978637695,39.052391052246094,37752000,0.0,0.0,GOOGL
2016-09-12 00:00:00-04:00,39.22600173950195,40.00849914550781,39.17499923706055,39.941001892089844,39.56452560424805,37274000,0.0,0.0,GOOGL
2016-09-13 00:00:00-04:00,39.70050048828125,39.78950119018555,39.21649932861328,39.43600082397461,39.06427764892578,36180000,0.0,0.0,GOOGL
2016-09-14 00:00:00-04:00,39.37649917602539,39.81650161743164,39.37649917602539,39.52299880981445,39.150455474853516,25842000,0.0,0.0,GOOGL
2016-09-15 00:00:00-04:00,39.5004997253418,40.182498931884766,39.43299865722656,40.061500549316406,39.68387985229492,31144000,0.0,0.0,GOOGL
2016-09-16 00:00:00-04:00,39.95100021362305,39.95100021362305,39.680999755859375,39.89849853515625,39.52240753173828,42612000,0.0,0.0,GOOGL
2016-09-19 00:00:00-04:00,40.05550003051758,40.199501037597656,39.678001403808594,39.769500732421875,39.394630432128906,22990000,0.0,0.0,GOOGL
2016-09-20 00:00:00-04:00,40.0,40.13750076293945,39.91299819946289,39.98899841308594,39.612056732177734,20984000,0.0,0.0,GOOGL
2016-09-21 00:00:00-04:00,40.0629997253418,40.295501708984375,39.80149841308594,40.25149917602539,39.87208557128906,26970000,0.0,0.0,GOOGL
2016-09-22 00:00:00-04:00,40.5,40.952999114990234,40.385501861572266,40.79750061035156,40.412940979003906,35186000,0.0,0.0,GOOGL
2016-09-23 00:00:00-04:00,40.75699996948242,40.849998474121094,40.63650131225586,40.74800109863281,40.363914489746094,28234000,0.0,0.0,GOOGL
2016-09-26 00:00:00-04:00,40.49100112915039,40.50400161743164,40.022499084472656,40.13249969482422,39.75421142578125,29454000,0.0,0.0,GOOGL
2016-09-27 00:00:00-04:00,40.09149932861328,40.67449951171875,40.09149932861328,40.5364990234375,40.1544075012207,27346000,0.0,0.0,GOOGL
2016-09-28 00:00:00-04:00,40.20399856567383,40.51250076293945,40.138999938964844,40.50299835205078,40.12122344970703,29406000,0.0,0.0,GOOGL
2016-09-29 00:00:00-04:00,40.36149978637695,40.695499420166016,40.042999267578125,40.13199996948242,39.75371170043945,27000000,0.0,0.0,GOOGL
2016-09-30 00:00:00-04:00,40.18000030517578,40.40449905395508,40.07500076293945,40.202999114990234,39.82404708862305,33204000,0.0,0.0,GOOGL
2016-10-03 00:00:00-04:00,40.127498626708984,40.176998138427734,39.811500549316406,40.01900100708008,39.64177703857422,29784000,0.0,0.0,GOOGL
2016-10-04 00:00:00-04:00,40.25,40.32500076293945,39.98350143432617,40.13949966430664,39.761146545410156,25174000,0.0,0.0,GOOGL
2016-10-05 00:00:00-04:00,40.29999923706055,40.42499923706055,40.035499572753906,40.061500549316406,39.68387985229492,24276000,0.0,0.0,GOOGL
2016-10-06 00:00:00-04:00,40.20399856567383,40.34749984741211,40.0255012512207,40.15399932861328,39.77550506591797,21998000,0.0,0.0,GOOGL
2016-10-07 00:00:00-04:00,40.29650115966797,40.297000885009766,39.840999603271484,40.035499572753906,39.65812301635742,23262000,0.0,0.0,GOOGL
2016-10-10 00:00:00-04:00,40.19649887084961,40.86899948120117,40.11199951171875,40.708499908447266,40.32478713989258,29922000,0.0,0.0,GOOGL
2016-10-11 00:00:00-04:00,40.708499908447266,40.99300003051758,40.368499755859375,40.47850036621094,40.09695053100586,34432000,0.0,0.0,GOOGL
2016-10-12 00:00:00-04:00,40.597999572753906,40.724998474121094,40.4275016784668,40.5885009765625,40.20591354370117,18158000,0.0,0.0,GOOGL
2016-10-13 00:00:00-04:00,40.30350112915039,40.327999114990234,39.930999755859375,40.20399856567383,39.82502746582031,27380000,0.0,0.0,GOOGL
2016-10-14 00:00:00-04:00,40.372501373291016,40.50450134277344,40.11600112915039,40.22999954223633,39.85078811645508,22238000,0.0,0.0,GOOGL
2016-10-17 00:00:00-04:00,40.29949951171875,40.67449951171875,40.19150161743164,40.34199905395508,39.961734771728516,21128000,0.0,0.0,GOOGL
2016-10-18 00:00:00-04:00,40.71049880981445,41.44049835205078,40.666500091552734,41.074501037597656,40.687339782714844,45786000,0.0,0.0,GOOGL
2016-10-19 00:00:00-04:00,41.14400100708008,41.4900016784668,41.14400100708008,41.34199905395508,40.95230484008789,30002000,0.0,0.0,GOOGL
2016-10-20 00:00:00-04:00,41.37799835205078,41.423500061035156,41.02750015258789,41.08150100708008,40.69426727294922,27878000,0.0,0.0,GOOGL
2016-10-21 00:00:00-04:00,41.0,41.214500427246094,40.91550064086914,41.202999114990234,40.81462478637695,32316000,0.0,0.0,GOOGL
2016-10-24 00:00:00-04:00,41.50450134277344,41.89699935913086,41.45199966430664,41.7869987487793,41.39311981201172,28952000,0.0,0.0,GOOGL
2016-10-25 00:00:00-04:00,41.92499923706055,41.92499923706055,41.26499938964844,41.4275016784668,41.037010192871094,37814000,0.0,0.0,GOOGL
2016-10-26 00:00:00-04:00,41.35599899291992,41.385501861572266,40.817501068115234,41.10499954223633,40.71754837036133,35898000,0.0,0.0,GOOGL
2016-10-27 00:00:00-04:00,41.1505012512207,41.32899856567383,40.730499267578125,40.86750030517578,40.4822883605957,59470000,0.0,0.0,GOOGL
2016-10-28 00:00:00-04:00,41.49700164794922,41.95000076293945,40.849998474121094,40.97800064086914,40.59174346923828,87098000,0.0,0.0,GOOGL
2016-10-31 00:00:00-04:00,41.121498107910156,41.131500244140625,40.400001525878906,40.494998931884766,40.11328887939453,44854000,0.0,0.0,GOOGL
2016-11-01 00:00:00-04:00,40.54349899291992,40.698001861572266,39.91299819946289,40.27399826049805,39.894371032714844,47118000,0.0,0.0,GOOGL
2016-11-02 00:00:00-04:00,40.3380012512207,40.3380012512207,39.25,39.42100143432617,39.0494270324707,47014000,0.0,0.0,GOOGL
2016-11-03 00:00:00-04:00,39.224998474121094,39.5,38.93149948120117,39.109500885009766,38.74085235595703,43504000,0.0,0.0,GOOGL
2016-11-04 00:00:00-04:00,38.564998626708984,39.42399978637695,38.54999923706055,39.05500030517578,38.686866760253906,39412000,0.0,0.0,GOOGL
2016-11-07 00:00:00-05:00,39.747501373291016,40.25,39.64500045776367,40.10150146484375,39.72350311279297,39852000,0.0,0.0,GOOGL
2016-11-08 00:00:00-05:00,40.10150146484375,40.801998138427734,39.98099899291992,40.5989990234375,40.216312408447266,35382000,0.0,0.0,GOOGL
2016-11-09 00:00:00-05:00,40.09149932861328,40.58549880981445,39.60200119018555,40.27949905395508,39.89982986450195,61970000,0.0,0.0,GOOGL
2016-11-10 00:00:00-05:00,40.5,40.50299835205078,38.4114990234375,39.01449966430664,38.64674758911133,118192000,0.0,0.0,GOOGL
2016-11-11 00:00:00-05:00,38.84049987792969,38.864498138427734,38.277000427246094,38.587501525878906,38.22377395629883,71852000,0.0,0.0,GOOGL
2016-11-14 00:00:00-05:00,38.5880012512207,38.5890007019043,37.179500579833984,37.6609992980957,37.30600357055664,73766000,0.0,0.0,GOOGL
2016-11-15 00:00:00-05:00,38.27349853515625,39.012001037597656,38.26100158691406,38.757999420166016,38.39266586303711,58878000,0.0,0.0,GOOGL
2016-11-16 00:00:00-05:00,38.520999908447266,39.17499923706055,38.31650161743164,38.999000549316406,38.63139724731445,35968000,0.0,0.0,GOOGL
2016-11-17 00:00:00-05:00,39.125,39.44499969482422,38.99250030517578,39.30799865722656,38.937477111816406,30674000,0.0,0.0,GOOGL
2016-11-18 00:00:00-05:00,39.35850143432617,39.56449890136719,38.76750183105469,38.798500061035156,38.43278121948242,36126000,0.0,0.0,GOOGL
2016-11-21 00:00:00-05:00,38.904998779296875,39.32749938964844,38.814998626708984,39.2400016784668,38.8701286315918,32616000,0.0,0.0,GOOGL
2016-11-22 00:00:00-05:00,39.449501037597656,39.688499450683594,39.1870002746582,39.25,38.88003158569336,27884000,0.0,0.0,GOOGL
2016-11-23 00:00:00-05:00,39.47600173950195,39.47600173950195,38.63249969482422,38.95000076293945,38.582855224609375,26260000,0.0,0.0,GOOGL
2016-11-25 00:00:00-05:00,39.13050079345703,39.14500045776367,38.90950012207031,39.01150131225586,38.64377975463867,12270000,0.0,0.0,GOOGL
2016-11-28 00:00:00-05:00,38.91749954223633,39.98699951171875,38.904998779296875,39.28950119018555,38.919158935546875,51508000,0.0,0.0,GOOGL
2016-11-29 00:00:00-05:00,39.41899871826172,39.821998596191406,39.266998291015625,39.47200012207031,39.099937438964844,31240000,0.0,0.0,GOOGL
2016-11-30 00:00:00-05:00,39.45500183105469,39.57550048828125,38.657501220703125,38.79399871826172,38.42832565307617,45582000,0.0,0.0,GOOGL
2016-12-01 00:00:00-05:00,38.9275016784668,38.93000030517578,37.667999267578125,38.21649932861328,37.85626983642578,57342000,0.0,0.0,GOOGL
2016-12-02 00:00:00-05:00,38.095001220703125,38.525001525878906,37.95000076293945,38.222999572753906,37.862709045410156,34376000,0.0,0.0,GOOGL
2016-12-05 00:00:00-05:00,38.5,39.0,38.3484992980957,38.9109992980957,38.544227600097656,33770000,0.0,0.0,GOOGL
2016-12-06 00:00:00-05:00,39.009498596191406,39.263999938964844,38.66600036621094,38.808998107910156,38.44318389892578,34682000,0.0,0.0,GOOGL
2016-12-07 00:00:00-05:00,38.997501373291016,39.599998474121094,38.67649841308594,39.57350158691406,39.20048141479492,40588000,0.0,0.0,GOOGL
2016-12-08 00:00:00-05:00,39.647499084472656,39.95000076293945,39.39550018310547,39.75849914550781,39.38373565673828,32250000,0.0,0.0,GOOGL
2016-12-09 00:00:00-05:00,39.96500015258789,40.497501373291016,39.90250015258789,40.47249984741211,40.09101104736328,38090000,0.0,0.0,GOOGL
2016-12-12 00:00:00-05:00,40.24100112915039,40.567501068115234,40.22650146484375,40.39500045776367,40.01423645019531,32572000,0.0,0.0,GOOGL
2016-12-13 00:00:00-05:00,40.61949920654297,41.21500015258789,40.59700012207031,40.766998291015625,40.38273620605469,42564000,0.0,0.0,GOOGL
2016-12-14 00:00:00-05:00,40.79600143432617,41.2130012512207,40.638999938964844,40.894500732421875,40.509029388427734,35994000,0.0,0.0,GOOGL
2016-12-15 00:00:00-05:00,40.86800003051758,41.150001525878906,40.599998474121094,40.782501220703125,40.39808654785156,35394000,0.0,0.0,GOOGL
2016-12-16 00:00:00-05:00,40.91550064086914,40.959999084472656,40.40599822998047,40.492000579833984,40.110321044921875,51978000,0.0,0.0,GOOGL
2016-12-19 00:00:00-05:00,40.4640007019043,40.81100082397461,40.224998474121094,40.625,40.24207305908203,25272000,0.0,0.0,GOOGL
2016-12-20 00:00:00-05:00,40.66849899291992,40.824501037597656,40.54999923706055,40.7599983215332,40.37580108642578,25438000,0.0,0.0,GOOGL
2016-12-21 00:00:00-05:00,40.7859992980957,40.7859992980957,40.255001068115234,40.61000061035156,40.22720718383789,29192000,0.0,0.0,GOOGL
2016-12-22 00:00:00-05:00,40.45500183105469,40.55350112915039,40.30149841308594,40.48400115966797,40.10239791870117,22632000,0.0,0.0,GOOGL
2016-12-23 00:00:00-05:00,40.4005012512207,40.548500061035156,40.25550079345703,40.38999938964844,40.00928497314453,15310000,0.0,0.0,GOOGL
2016-12-27 00:00:00-05:00,40.433998107910156,40.79999923706055,40.290000915527344,40.496498107910156,40.114776611328125,19520000,0.0,0.0,GOOGL
2016-12-28 00:00:00-05:00,40.666500091552734,40.666500091552734,40.12200164794922,40.22850036621094,39.84931182861328,24296000,0.0,0.0,GOOGL
2016-12-29 00:00:00-05:00,40.11650085449219,40.287498474121094,39.90700149536133,40.14400100708008,39.76559829711914,21148000,0.0,0.0,GOOGL
2016-12-30 00:00:00-05:00,40.160499572753906,40.16450119018555,39.48099899291992,39.622501373291016,39.249019622802734,34718000,0.0,0.0,GOOGL
2017-01-03 00:00:00-05:00,40.03099822998047,40.571998596191406,39.84450149536133,40.4005012512207,40.019683837890625,39180000,0.0,0.0,GOOGL
2017-01-04 00:00:00-05:00,40.49449920654297,40.67150115966797,40.205501556396484,40.38850021362305,40.00779342651367,30306000,0.0,0.0,GOOGL
2017-01-05 00:00:00-05:00,40.375,40.6870002746582,40.29600143432617,40.6510009765625,40.267822265625,26810000,0.0,0.0,GOOGL
2017-01-06 00:00:00-05:00,40.7495002746582,41.448001861572266,40.57500076293945,41.260501861572266,40.87157440185547,40342000,0.0,0.0,GOOGL
2017-01-09 00:00:00-05:00,41.31850051879883,41.52149963378906,41.08100128173828,41.35900115966797,40.969146728515625,28178000,0.0,0.0,GOOGL
2017-01-10 00:00:00-05:00,41.35350036621094,41.47050094604492,41.15700149536133,41.300498962402344,40.91120147705078,23948000,0.0,0.0,GOOGL
2017-01-11 00:00:00-05:00,41.33100128173828,41.494998931884766,41.07350158691406,41.49300003051758,41.10188674926758,26508000,0.0,0.0,GOOGL
2017-01-12 00:00:00-05:00,41.41899871826172,41.51900100708008,41.050498962402344,41.47650146484375,41.08554458618164,26990000,0.0,0.0,GOOGL
2017-01-13 00:00:00-05:00,41.54999923706055,41.73249816894531,41.47600173950195,41.547000885009766,41.15537643432617,25804000,0.0,0.0,GOOGL
2017-01-17 00:00:00-05:00,41.5,41.50899887084961,41.15999984741211,41.37300109863281,40.9830207824707,28818000,0.0,0.0,GOOGL
2017-01-18 00:00:00-05:00,41.4900016784668,41.490501403808594,41.20399856567383,41.45100021362305,41.06028366088867,20554000,0.0,0.0,GOOGL
2017-01-19 00:00:00-05:00,41.45000076293945,41.650001525878906,41.198001861572266,41.21849822998047,40.82997131347656,21410000,0.0,0.0,GOOGL
2017-01-20 00:00:00-05:00,41.454498291015625,41.46200180053711,41.22999954223633,41.40850067138672,41.01818084716797,26124000,0.0,0.0,GOOGL
2017-01-23 00:00:00-05:00,41.580501556396484,42.277000427246094,41.435001373291016,42.221500396728516,41.823524475097656,49148000,0.0,0.0,GOOGL
2017-01-24 00:00:00-05:00,42.3489990234375,42.57600021362305,42.11399841308594,42.47650146484375,42.07611846923828,33768000,0.0,0.0,GOOGL
2017-01-25 00:00:00-05:00,42.6775016784668,42.93949890136719,42.48699951171875,42.92250061035156,42.51791000366211,33108000,0.0,0.0,GOOGL
2017-01-26 00:00:00-05:00,42.95249938964844,43.04999923706055,42.5260009765625,42.8489990234375,42.44509506225586,69866000,0.0,0.0,GOOGL
2017-01-27 00:00:00-05:00,42.95000076293945,43.349998474121094,42.095001220703125,42.25149917602539,41.85324478149414,75050000,0.0,0.0,GOOGL
2017-01-30 00:00:00-05:00,41.85300064086914,41.86149978637695,41.05149841308594,41.19150161743164,40.80323028564453,70338000,0.0,0.0,GOOGL
2017-01-31 00:00:00-05:00,40.974998474121094,41.153499603271484,40.66999816894531,41.009498596191406,40.622947692871094,40404000,0.0,0.0,GOOGL
2017-02-01 00:00:00-05:00,41.20000076293945,41.20000076293945,40.61249923706055,40.762001037597656,40.377777099609375,45020000,0.0,0.0,GOOGL
2017-02-02 00:00:00-05:00,40.75,41.22800064086914,40.602500915527344,40.91299819946289,40.52735137939453,33784000,0.0,0.0,GOOGL
2017-02-03 00:00:00-05:00,41.15650177001953,41.30649948120117,40.967498779296875,41.006500244140625,40.619972229003906,30562000,0.0,0.0,GOOGL
2017-02-06 00:00:00-05:00,41.04600143432617,41.11949920654297,40.714500427246094,41.08100128173828,40.69377517700195,27018000,0.0,0.0,GOOGL
2017-02-07 00:00:00-05:00,41.275001525878906,41.59600067138672,41.16450119018555,41.46149826049805,41.0706787109375,33332000,0.0,0.0,GOOGL
2017-02-08 00:00:00-05:00,41.5265007019043,41.712501525878906,41.25550079345703,41.49399948120117,41.10287857055664,26044000,0.0,0.0,GOOGL
2017-02-09 00:00:00-05:00,41.58649826049805,41.5989990234375,41.32500076293945,41.50299835205078,41.111793518066406,23884000,0.0,0.0,GOOGL
2017-02-10 00:00:00-05:00,41.647499084472656,41.85749816894531,41.5255012512207,41.74250030517578,41.34903335571289,28302000,0.0,0.0,GOOGL
2017-02-13 00:00:00-05:00,41.8849983215332,42.08700180053711,41.8125,41.948001861572266,41.55260467529297,25914000,0.0,0.0,GOOGL
2017-02-14 00:00:00-05:00,41.98849868774414,42.099998474121094,41.791500091552734,42.00149917602539,41.6056022644043,27266000,0.0,0.0,GOOGL
2017-02-15 00:00:00-05:00,41.94049835205078,42.0885009765625,41.81100082397461,41.86600112915039,41.471370697021484,27144000,0.0,0.0,GOOGL
2017-02-16 00:00:00-05:00,41.92499923706055,42.134498596191406,41.862998962402344,42.10850143432617,41.71158981323242,20102000,0.0,0.0,GOOGL
2017-02-17 00:00:00-05:00,42.06549835205078,42.34700012207031,41.98899841308594,42.32749938964844,41.928524017333984,29224000,0.0,0.0,GOOGL
2017-02-21 00:00:00-05:00,42.39950180053711,42.61000061035156,42.32749938964844,42.4635009765625,42.06324005126953,25206000,0.0,0.0,GOOGL
2017-02-22 00:00:00-05:00,42.400001525878906,42.68949890136719,42.33549880981445,42.56800079345703,42.166751861572266,24488000,0.0,0.0,GOOGL
2017-02-23 00:00:00-05:00,42.55400085449219,42.63100051879883,42.125,42.54999923706055,42.14892578125,27734000,0.0,0.0,GOOGL
2017-02-24 00:00:00-05:00,42.38249969482422,42.417999267578125,42.14799880981445,42.390499114990234,41.99092483520508,26924000,0.0,0.0,GOOGL
2017-02-27 00:00:00-05:00,42.247501373291016,42.53350067138672,42.1505012512207,42.48350143432617,42.08305358886719,20206000,0.0,0.0,GOOGL
2017-02-28 00:00:00-05:00,42.36750030517578,42.44150161743164,42.071998596191406,42.246498107910156,41.84828186035156,27662000,0.0,0.0,GOOGL
2017-03-01 00:00:00-05:00,42.569000244140625,42.900001525878906,42.45100021362305,42.837501525878906,42.4337158203125,36374000,0.0,0.0,GOOGL
2017-03-02 00:00:00-05:00,42.81549835205078,42.824501037597656,42.43600082397461,42.49250030517578,42.09196472167969,25018000,0.0,0.0,GOOGL
2017-03-03 00:00:00-05:00,42.446998596191406,42.54100036621094,42.23550033569336,42.45399856567383,42.05382537841797,20100000,0.0,0.0,GOOGL
2017-03-06 00:00:00-05:00,42.34299850463867,42.446998596191406,42.05849838256836,42.36349868774414,41.96418380737305,20958000,0.0,0.0,GOOGL
2017-03-07 00:00:00-05:00,42.362998962402344,42.666500091552734,42.2760009765625,42.557498931884766,42.156349182128906,20774000,0.0,0.0,GOOGL
2017-03-08 00:00:00-05:00,42.65599822998047,42.846500396728516,42.5625,42.68199920654297,42.27967071533203,20576000,0.0,0.0,GOOGL
2017-03-09 00:00:00-05:00,42.68450164794922,43.035499572753906,42.63349914550781,42.891998291015625,42.487693786621094,26954000,0.0,0.0,GOOGL
2017-03-10 00:00:00-05:00,43.1349983215332,43.21149826049805,42.88050079345703,43.070499420166016,42.66451644897461,26732000,0.0,0.0,GOOGL
2017-03-13 00:00:00-04:00,43.041500091552734,43.35649871826172,43.04100036621094,43.229000091552734,42.8215217590332,23332000,0.0,0.0,GOOGL
2017-03-14 00:00:00-04:00,43.1875,43.37900161743164,43.006500244140625,43.295501708984375,42.88739776611328,21234000,0.0,0.0,GOOGL
2017-03-15 00:00:00-04:00,43.39699935913086,43.49399948120117,43.064998626708984,43.419498443603516,43.01022720336914,26658000,0.0,0.0,GOOGL
2017-03-16 00:00:00-04:00,43.5265007019043,43.635501861572266,43.375999450683594,43.5,43.089969635009766,22090000,0.0,0.0,GOOGL
2017-03-17 00:00:00-04:00,43.683998107910156,43.72100067138672,43.41849899291992,43.618499755859375,43.20734405517578,37366000,0.0,0.0,GOOGL
2017-03-20 00:00:00-04:00,43.4739990234375,43.516998291015625,43.23350143432617,43.39550018310547,42.986454010009766,30844000,0.0,0.0,GOOGL
2017-03-21 00:00:00-04:00,43.50299835205078,43.673500061035156,42.384498596191406,42.50699996948242,42.106327056884766,50760000,0.0,0.0,GOOGL
2017-03-22 00:00:00-04:00,42.4739990234375,42.76750183105469,42.349998474121094,42.4900016784668,42.08949279785156,27334000,0.0,0.0,GOOGL
2017-03-23 00:00:00-04:00,42.06949996948242,42.08449935913086,41.650001525878906,41.98249816894531,41.58677291870117,65754000,0.0,0.0,GOOGL
2017-03-24 00:00:00-04:00,42.099998474121094,42.20000076293945,41.45500183105469,41.75699996948242,41.3634033203125,42114000,0.0,0.0,GOOGL
2017-03-27 00:00:00-04:00,41.40449905395508,42.069000244140625,41.21500015258789,41.925498962402344,41.530311584472656,38692000,0.0,0.0,GOOGL
2017-03-28 00:00:00-04:00,41.984500885009766,42.27000045776367,41.61349868774414,42.03150177001953,41.635311126708984,30384000,0.0,0.0,GOOGL
2017-03-29 00:00:00-04:00,42.13750076293945,42.579498291015625,42.069000244140625,42.493499755859375,42.09295654296875,29146000,0.0,0.0,GOOGL
2017-03-30 00:00:00-04:00,42.5989990234375,42.599998474121094,42.3385009765625,42.4739990234375,42.07364273071289,18988000,0.0,0.0,GOOGL
2017-03-31 00:00:00-04:00,42.34149932861328,42.47800064086914,42.262001037597656,42.38999938964844,41.99042510986328,28820000,0.0,0.0,GOOGL
2017-04-03 00:00:00-04:00,42.4375,42.95000076293945,42.37649917602539,42.837501525878906,42.4337158203125,39388000,0.0,0.0,GOOGL
2017-04-04 00:00:00-04:00,42.400001525878906,42.650001525878906,42.3754997253418,42.628501892089844,42.2266845703125,26970000,0.0,0.0,GOOGL
2017-04-05 00:00:00-04:00,42.73550033569336,43.02949905395508,42.375999450683594,42.445499420166016,42.045406341552734,37104000,0.0,0.0,GOOGL
2017-04-06 00:00:00-04:00,42.474998474121094,42.679500579833984,42.20000076293945,42.255001068115234,41.85670471191406,30672000,0.0,0.0,GOOGL
2017-04-07 00:00:00-04:00,42.25,42.29399871826172,41.8650016784668,42.10499954223633,41.70812225341797,22232000,0.0,0.0,GOOGL
2017-04-10 00:00:00-04:00,42.07699966430664,42.33700180053711,42.03950119018555,42.084999084472656,41.68830490112305,20924000,0.0,0.0,GOOGL
2017-04-11 00:00:00-04:00,42.084999084472656,42.23149871826172,41.72999954223633,41.99399948120117,41.59816360473633,19486000,0.0,0.0,GOOGL
2017-04-12 00:00:00-04:00,41.92300033569336,42.18600082397461,41.87950134277344,42.073001861572266,41.67641830444336,22716000,0.0,0.0,GOOGL
2017-04-13 00:00:00-04:00,42.051998138427734,42.186500549316406,41.89250183105469,42.00899887084961,41.61302185058594,21474000,0.0,0.0,GOOGL
2017-04-17 00:00:00-04:00,42.069000244140625,42.78200149536133,42.05149841308594,42.756500244140625,42.353477478027344,20982000,0.0,0.0,GOOGL
2017-04-18 00:00:00-04:00,42.62699890136719,42.86949920654297,42.5625,42.699501037597656,42.29701614379883,18724000,0.0,0.0,GOOGL
2017-04-19 00:00:00-04:00,42.86949920654297,43.0099983215332,42.67649841308594,42.82550048828125,42.42182540893555,21606000,0.0,0.0,GOOGL
2017-04-20 00:00:00-04:00,42.98699951171875,43.19649887084961,42.875,43.00400161743164,42.59864044189453,23776000,0.0,0.0,GOOGL
2017-04-21 00:00:00-04:00,43.03099822998047,43.12200164794922,42.88650131225586,42.9474983215332,42.54267883300781,23458000,0.0,0.0,GOOGL
2017-04-24 00:00:00-04:00,43.422000885009766,43.99800109863281,43.30550003051758,43.94649887084961,43.532257080078125,33930000,0.0,0.0,GOOGL
2017-04-25 00:00:00-04:00,44.112998962402344,44.61249923706055,43.9640007019043,44.44200134277344,44.023094177246094,40760000,0.0,0.0,GOOGL
2017-04-26 00:00:00-04:00,44.56949996948242,44.64950180053711,44.25749969482422,44.457000732421875,44.03794860839844,26466000,0.0,0.0,GOOGL
2017-04-27 00:00:00-04:00,44.5,44.66899871826172,44.35900115966797,44.571998596191406,44.151859283447266,46846000,0.0,0.0,GOOGL
2017-04-28 00:00:00-04:00,46.45000076293945,46.79499816894531,46.1609992980957,46.22600173950195,45.7902717590332,76918000,0.0,0.0,GOOGL
2017-05-01 00:00:00-04:00,46.20750045776367,46.79100036621094,46.040000915527344,46.64099884033203,46.201358795166016,46556000,0.0,0.0,GOOGL
2017-05-02 00:00:00-04:00,46.66350173950195,47.14950180053711,46.54999923706055,46.85449981689453,46.41285705566406,35026000,0.0,0.0,GOOGL
2017-05-03 00:00:00-04:00,46.8025016784668,47.5099983215332,46.760501861572266,47.42250061035156,46.97549819946289,36496000,0.0,0.0,GOOGL
2017-05-04 00:00:00-04:00,47.51449966430664,47.957000732421875,47.368499755859375,47.736000061035156,47.28603744506836,38752000,0.0,0.0,GOOGL
2017-05-05 00:00:00-04:00,47.83599853515625,47.922000885009766,47.404998779296875,47.513999938964844,47.066131591796875,32310000,0.0,0.0,GOOGL
2017-05-08 00:00:00-04:00,47.372501373291016,48.04949951171875,47.369998931884766,47.93450164794922,47.48268127441406,37534000,0.0,0.0,GOOGL
2017-05-09 00:00:00-04:00,48.06650161743164,48.11000061035156,47.720001220703125,47.83549880981445,47.38459777832031,33758000,0.0,0.0,GOOGL
2017-05-10 00:00:00-04:00,47.81100082397461,47.83549880981445,47.492000579833984,47.742000579833984,47.2919807434082,22920000,0.0,0.0,GOOGL
2017-05-11 00:00:00-04:00,47.56449890136719,47.89950180053711,47.43050003051758,47.794498443603516,47.3439826965332,20622000,0.0,0.0,GOOGL
2017-05-12 00:00:00-04:00,47.89250183105469,47.89899826049805,47.60300064086914,47.75699996948242,47.306846618652344,24298000,0.0,0.0,GOOGL
2017-05-15 00:00:00-04:00,47.76449966430664,48.1349983215332,47.64099884033203,47.96099853515625,47.50891876220703,26754000,0.0,0.0,GOOGL
2017-05-16 00:00:00-04:00,48.1775016784668,48.29499816894531,48.01750183105469,48.230499267578125,47.77587890625,22030000,0.0,0.0,GOOGL
2017-05-17 00:00:00-04:00,47.98500061035156,48.04949951171875,47.00299835205078,47.10850143432617,46.664459228515625,48982000,0.0,0.0,GOOGL
2017-05-18 00:00:00-04:00,47.15999984741211,47.70899963378906,47.063499450683594,47.525001525878906,47.077030181884766,36010000,0.0,0.0,GOOGL
2017-05-19 00:00:00-04:00,47.64099884033203,47.97800064086914,47.599998474121094,47.73249816894531,47.28257751464844,27206000,0.0,0.0,GOOGL
2017-05-22 00:00:00-04:00,47.849998474121094,48.24100112915039,47.827999114990234,48.20349884033203,47.7491340637207,27748000,0.0,0.0,GOOGL
2017-05-23 00:00:00-04:00,48.49800109863281,48.72549819946289,48.224998474121094,48.52750015258789,48.0700798034668,30908000,0.0,0.0,GOOGL
2017-05-24 00:00:00-04:00,48.76300048828125,48.90599822998047,48.58150100708008,48.88050079345703,48.41975021362305,22660000,0.0,0.0,GOOGL
2017-05-25 00:00:00-04:00,48.95000076293945,49.78900146484375,48.89099884033203,49.59299850463867,49.12553787231445,39082000,0.0,0.0,GOOGL
2017-05-26 00:00:00-04:00,49.599998474121094,49.81949996948242,49.36800003051758,49.66350173950195,49.195377349853516,32728000,0.0,0.0,GOOGL
2017-05-30 00:00:00-04:00,49.625,49.88100051879883,49.56800079345703,49.80849838256836,49.3390007019043,30324000,0.0,0.0,GOOGL
2017-05-31 00:00:00-04:00,49.81050109863281,49.97999954223633,49.08399963378906,49.35449981689453,48.8892822265625,34482000,0.0,0.0,GOOGL
2017-06-01 00:00:00-04:00,49.54800033569336,49.65700149536133,49.06449890136719,49.41450119018555,48.9487190246582,26128000,0.0,0.0,GOOGL
2017-06-02 00:00:00-04:00,49.429500579833984,49.82400131225586,49.35350036621094,49.805999755859375,49.33652877807617,34710000,0.0,0.0,GOOGL
2017-06-05 00:00:00-04:00,49.894500732421875,50.369998931884766,49.772499084472656,50.194000244140625,49.72086715698242,27578000,0.0,0.0,GOOGL
2017-06-06 00:00:00-04:00,50.16550064086914,50.43050003051758,49.7400016784668,49.83399963378906,49.364261627197266,31042000,0.0,0.0,GOOGL
2017-06-07 00:00:00-04:00,49.954498291015625,50.195499420166016,49.79349899291992,50.07500076293945,49.60299301147461,27482000,0.0,0.0,GOOGL
2017-06-08 00:00:00-04:00,50.21149826049805,50.279998779296875,49.83100128173828,50.2140007019043,49.74068069458008,33758000,0.0,0.0,GOOGL
2017-06-09 00:00:00-04:00,50.27450180053711,50.275001525878906,47.66849899291992,48.50600051879883,48.04878616333008,72958000,0.0,0.0,GOOGL
2017-06-12 00:00:00-04:00,47.93600082397461,48.400001525878906,46.84000015258789,48.09049987792969,47.637203216552734,84042000,0.0,0.0,GOOGL
2017-06-13 00:00:00-04:00,48.60200119018555,48.89550018310547,48.10049819946289,48.525001525878906,48.06760787963867,40108000,0.0,0.0,GOOGL
2017-06-14 00:00:00-04:00,48.775001525878906,48.98500061035156,47.97549819946289,48.39649963378906,47.940311431884766,30110000,0.0,0.0,GOOGL
2017-06-15 00:00:00-04:00,47.4010009765625,48.034000396728516,47.01850128173828,48.00899887084961,47.55646514892578,48552000,0.0,0.0,GOOGL
2017-06-16 00:00:00-04:00,47.89550018310547,47.997501373291016,47.435001373291016,47.930999755859375,47.47920227050781,51184000,0.0,0.0,GOOGL
2017-06-19 00:00:00-04:00,48.48249816894531,48.96500015258789,48.40999984741211,48.76100158691406,48.3013801574707,29376000,0.0,0.0,GOOGL
2017-06-20 00:00:00-04:00,48.765499114990234,49.03950119018555,48.40999984741211,48.449501037597656,47.992820739746094,25946000,0.0,0.0,GOOGL
2017-06-21 00:00:00-04:00,48.53950119018555,48.977500915527344,48.47249984741211,48.929500579833984,48.468292236328125,23232000,0.0,0.0,GOOGL
2017-06-22 00:00:00-04:00,48.84349822998047,49.025001525878906,48.66550064086914,48.83100128173828,48.37071990966797,20190000,0.0,0.0,GOOGL
2017-06-23 00:00:00-04:00,48.775001525878906,49.33100128173828,48.722999572753906,49.304500579833984,48.83975601196289,31280000,0.0,0.0,GOOGL
2017-06-26 00:00:00-04:00,49.5,49.699501037597656,48.51649856567383,48.60449981689453,48.1463508605957,30358000,0.0,0.0,GOOGL
2017-06-27 00:00:00-04:00,48.08000183105469,48.361000061035156,47.35449981689453,47.40449905395508,46.957664489746094,48872000,0.0,0.0,GOOGL
2017-06-28 00:00:00-04:00,47.53300094604492,48.1619987487793,46.80799865722656,48.050498962402344,47.597572326660156,54912000,0.0,0.0,GOOGL
2017-06-29 00:00:00-04:00,47.567501068115234,47.58300018310547,46.47999954223633,46.89099884033203,46.44900894165039,64134000,0.0,0.0,GOOGL
2017-06-30 00:00:00-04:00,47.199501037597656,47.25,46.480499267578125,46.48400115966797,46.04583740234375,45754000,0.0,0.0,GOOGL
2017-07-03 00:00:00-04:00,46.6609992980957,46.71200180053711,45.765499114990234,45.972999572753906,45.53965759277344,33896000,0.0,0.0,GOOGL
2017-07-05 00:00:00-04:00,46.209999084472656,46.81449890136719,45.93149948120117,46.612998962402344,46.17362594604492,41882000,0.0,0.0,GOOGL
2017-07-06 00:00:00-04:00,46.25,46.80699920654297,45.99250030517578,46.384498596191406,45.94727325439453,40298000,0.0,0.0,GOOGL
2017-07-07 00:00:00-04:00,46.54949951171875,47.233001708984375,46.489498138427734,47.04050064086914,46.59709548950195,33266000,0.0,0.0,GOOGL
2017-07-10 00:00:00-04:00,47.09749984741211,47.65650177001953,47.09749984741211,47.54999923706055,47.10179138183594,29030000,0.0,0.0,GOOGL
2017-07-11 00:00:00-04:00,47.5260009765625,47.74449920654297,47.25600051879883,47.67649841308594,47.22710418701172,29224000,0.0,0.0,GOOGL
2017-07-12 00:00:00-04:00,48.042999267578125,48.48149871826172,47.85200119018555,48.382999420166016,47.926937103271484,32042000,0.0,0.0,GOOGL
2017-07-13 00:00:00-04:00,48.540000915527344,48.935001373291016,48.2400016784668,48.442501068115234,47.98588180541992,30492000,0.0,0.0,GOOGL
2017-07-14 00:00:00-04:00,48.70000076293945,48.87699890136719,48.50749969482422,48.84550094604492,48.38508605957031,21592000,0.0,0.0,GOOGL
2017-07-17 00:00:00-04:00,48.816001892089844,49.16749954223633,48.540000915527344,48.79800033569336,48.33803176879883,33210000,0.0,0.0,GOOGL
2017-07-18 00:00:00-04:00,48.667999267578125,49.54249954223633,48.60200119018555,49.34749984741211,48.882354736328125,28266000,0.0,0.0,GOOGL
2017-07-19 00:00:00-04:00,49.5004997253418,49.779998779296875,49.35049819946289,49.63850021362305,49.17060470581055,28242000,0.0,0.0,GOOGL
2017-07-20 00:00:00-04:00,49.849998474121094,49.933998107910156,49.23099899291992,49.609500885009766,49.14188766479492,28368000,0.0,0.0,GOOGL
2017-07-21 00:00:00-04:00,49.45000076293945,49.75550079345703,49.208499908447266,49.69200134277344,49.22360610961914,29266000,0.0,0.0,GOOGL
2017-07-24 00:00:00-04:00,49.70500183105469,50.30950164794922,49.51350021362305,49.91550064086914,49.44499206542969,79690000,0.0,0.0,GOOGL
2017-07-25 00:00:00-04:00,48.53499984741211,48.83649826049805,48.189998626708984,48.451499938964844,47.99479293823242,118672000,0.0,0.0,GOOGL
2017-07-26 00:00:00-04:00,48.638999938964844,48.6974983215332,48.01150131225586,48.265499114990234,47.81055450439453,44432000,0.0,0.0,GOOGL
2017-07-27 00:00:00-04:00,48.45899963378906,48.47600173950195,46.85300064086914,47.6254997253418,47.17658233642578,74358000,0.0,0.0,GOOGL
2017-07-28 00:00:00-04:00,47.39950180053711,48.089500427246094,47.265499114990234,47.916500091552734,47.464839935302734,36276000,0.0,0.0,GOOGL
2017-07-31 00:00:00-04:00,48.0,48.05950164794922,47.08649826049805,47.275001525878906,46.829383850097656,45670000,0.0,0.0,GOOGL
2017-08-01 00:00:00-04:00,47.390499114990234,47.7244987487793,47.24800109863281,47.327999114990234,46.88188552856445,28052000,0.0,0.0,GOOGL
2017-08-02 00:00:00-04:00,47.41849899291992,47.45500183105469,46.625999450683594,47.38199996948242,46.93537521362305,40788000,0.0,0.0,GOOGL
2017-08-03 00:00:00-04:00,47.45500183105469,47.5,46.97200012207031,47.01499938964844,46.571842193603516,22478000,0.0,0.0,GOOGL
2017-08-04 00:00:00-04:00,47.1974983215332,47.37699890136719,46.9900016784668,47.28950119018555,46.843753814697266,25092000,0.0,0.0,GOOGL
2017-08-07 00:00:00-04:00,47.375999450683594,47.448001861572266,47.17499923706055,47.287498474121094,46.84176254272461,28916000,0.0,0.0,GOOGL
2017-08-08 00:00:00-04:00,47.214500427246094,47.6245002746582,47.124000549316406,47.20949935913086,46.76449203491211,30102000,0.0,0.0,GOOGL
2017-08-09 00:00:00-04:00,46.92250061035156,47.1879997253418,46.69599914550781,47.00400161743164,46.56094741821289,28018000,0.0,0.0,GOOGL
2017-08-10 00:00:00-04:00,46.75,46.814998626708984,46.0890007019043,46.179500579833984,45.744205474853516,54148000,0.0,0.0,GOOGL
2017-08-11 00:00:00-04:00,46.18550109863281,46.667999267578125,46.06100082397461,46.50450134277344,46.0661506652832,32334000,0.0,0.0,GOOGL
2017-08-14 00:00:00-04:00,46.95349884033203,47.051998138427734,46.7244987487793,46.94649887084961,46.50398635864258,23012000,0.0,0.0,GOOGL
2017-08-15 00:00:00-04:00,47.05149841308594,47.153499603271484,46.832000732421875,46.90399932861328,46.46188735961914,22130000,0.0,0.0,GOOGL
2017-08-16 00:00:00-04:00,47.0625,47.494998931884766,47.00199890136719,47.2135009765625,46.76846694946289,26906000,0.0,0.0,GOOGL
2017-08-17 00:00:00-04:00,47.147499084472656,47.19049835205078,46.38199996948242,46.382999420166016,45.94580078125,33914000,0.0,0.0,GOOGL
2017-08-18 00:00:00-04:00,46.3489990234375,46.55099868774414,46.17250061035156,46.308998107910156,45.87248992919922,26748000,0.0,0.0,GOOGL
2017-08-21 00:00:00-04:00,46.28850173950195,46.412498474121094,45.93000030517578,46.04349899291992,45.609493255615234,26024000,0.0,0.0,GOOGL
2017-08-22 00:00:00-04:00,46.347999572753906,47.097999572753906,46.30849838256836,47.02000045776367,46.576786041259766,35502000,0.0,0.0,GOOGL
2017-08-23 00:00:00-04:00,46.849998474121094,47.27149963378906,46.762001037597656,47.12900161743164,46.68476104736328,22690000,0.0,0.0,GOOGL
2017-08-24 00:00:00-04:00,47.18550109863281,47.31549835205078,46.5369987487793,46.84450149536133,46.40294647216797,25892000,0.0,0.0,GOOGL
2017-08-25 00:00:00-04:00,46.96049880981445,47.0364990234375,46.505001068115234,46.525001525878906,46.08645248413086,23746000,0.0,0.0,GOOGL
2017-08-28 00:00:00-04:00,46.59400177001953,46.74250030517578,46.30550003051758,46.40650177001953,45.96907043457031,20988000,0.0,0.0,GOOGL
2017-08-29 00:00:00-04:00,45.997501373291016,46.90950012207031,45.96549987792969,46.787498474121094,46.34648513793945,23172000,0.0,0.0,GOOGL
2017-08-30 00:00:00-04:00,46.78350067138672,47.292999267578125,46.70249938964844,47.18149948120117,46.73676300048828,22406000,0.0,0.0,GOOGL
2017-08-31 00:00:00-04:00,47.314998626708984,47.86000061035156,47.3125,47.762001037597656,47.31179428100586,33866000,0.0,0.0,GOOGL
2017-09-01 00:00:00-04:00,47.87350082397461,47.916500091552734,47.513999938964844,47.5994987487793,47.15083312988281,20858000,0.0,0.0,GOOGL
2017-09-05 00:00:00-04:00,47.34299850463867,47.56949996948242,46.779998779296875,47.07400131225586,46.630279541015625,29148000,0.0,0.0,GOOGL
2017-09-06 00:00:00-04:00,47.19350051879883,47.224998474121094,46.63399887084961,47.10100173950195,46.65702819824219,27830000,0.0,0.0,GOOGL
2017-09-07 00:00:00-04:00,47.212501525878906,47.525001525878906,46.87649917602539,47.49449920654297,47.046817779541016,22332000,0.0,0.0,GOOGL
2017-09-08 00:00:00-04:00,47.48500061035156,47.53499984741211,47.0004997253418,47.070499420166016,46.62681579589844,19998000,0.0,0.0,GOOGL
2017-09-11 00:00:00-04:00,47.36000061035156,47.63399887084961,47.04999923706055,47.16450119018555,46.71992874145508,26748000,0.0,0.0,GOOGL
2017-09-12 00:00:00-04:00,47.34600067138672,47.40449905395508,46.875,47.33250045776367,46.886348724365234,25696000,0.0,0.0,GOOGL
2017-09-13 00:00:00-04:00,47.275001525878906,47.64250183105469,47.23699951171875,47.52199935913086,47.07406234741211,21908000,0.0,0.0,GOOGL
2017-09-14 00:00:00-04:00,47.29999923706055,47.4015007019043,46.917999267578125,47.006500244140625,46.56341552734375,28548000,0.0,0.0,GOOGL
2017-09-15 00:00:00-04:00,47.00450134277344,47.087501525878906,46.5625,46.76449966430664,46.323692321777344,39886000,0.0,0.0,GOOGL
2017-09-18 00:00:00-04:00,46.7504997253418,46.84299850463867,46.27000045776367,46.48749923706055,46.0493049621582,29474000,0.0,0.0,GOOGL
2017-09-19 00:00:00-04:00,46.670501708984375,46.89699935913086,46.33300018310547,46.84299850463867,46.401458740234375,24854000,0.0,0.0,GOOGL
2017-09-20 00:00:00-04:00,46.88650131225586,47.5,46.875,47.37699890136719,46.930416107177734,40080000,0.0,0.0,GOOGL
2017-09-21 00:00:00-04:00,47.40650177001953,47.63999938964844,46.96900177001953,47.377498626708984,46.93091583251953,27414000,0.0,0.0,GOOGL
2017-09-22 00:00:00-04:00,47.13850021362305,47.5,47.04199981689453,47.16299819946289,46.71843719482422,21496000,0.0,0.0,GOOGL
2017-09-25 00:00:00-04:00,46.97249984741211,46.98749923706055,46.22549819946289,46.7140007019043,46.273681640625,37468000,0.0,0.0,GOOGL
2017-09-26 00:00:00-04:00,46.83449935913086,47.20399856567383,46.75600051879883,46.871498107910156,46.4296875,33454000,0.0,0.0,GOOGL
2017-09-27 00:00:00-04:00,47.137001037597656,48.27149963378906,47.09749984741211,47.994998931884766,47.5426025390625,46692000,0.0,0.0,GOOGL
2017-09-28 00:00:00-04:00,47.8125,48.308998107910156,47.77750015258789,48.240501403808594,47.7857780456543,28018000,0.0,0.0,GOOGL
2017-09-29 00:00:00-04:00,48.29999923706055,48.79050064086914,48.29999923706055,48.68600082397461,48.227088928222656,40622000,0.0,0.0,GOOGL
2017-10-02 00:00:00-04:00,48.782501220703125,48.887001037597656,48.09749984741211,48.37350082397461,47.91752624511719,30782000,0.0,0.0,GOOGL
2017-10-03 00:00:00-04:00,48.37799835205078,48.62200164794922,48.135501861572266,48.604000091552734,48.14585876464844,21666000,0.0,0.0,GOOGL
2017-10-04 00:00:00-04:00,48.5880012512207,48.720001220703125,48.28049850463867,48.3390007019043,47.88335418701172,21156000,0.0,0.0,GOOGL
2017-10-05 00:00:00-04:00,48.63949966430664,49.32550048828125,48.51350021362305,49.259498596191406,48.79517364501953,35618000,0.0,0.0,GOOGL
2017-10-06 00:00:00-04:00,49.0,49.7130012512207,48.925498962402344,49.68199920654297,49.21369171142578,31060000,0.0,0.0,GOOGL
2017-10-09 00:00:00-04:00,49.75,50.02299880981445,49.57500076293945,49.615501403808594,49.1478271484375,25910000,0.0,0.0,GOOGL
2017-10-10 00:00:00-04:00,49.76499938964844,49.87350082397461,49.05550003051758,49.38999938964844,48.92444610595703,23268000,0.0,0.0,GOOGL
2017-10-11 00:00:00-04:00,49.45199966430664,50.378501892089844,49.39699935913086,50.282501220703125,49.80854034423828,36300000,0.0,0.0,GOOGL
2017-10-12 00:00:00-04:00,50.19200134277344,50.57699966430664,50.05500030517578,50.282501220703125,49.80854034423828,30614000,0.0,0.0,GOOGL
2017-10-13 00:00:00-04:00,50.455501556396484,50.737998962402344,50.35300064086914,50.39350128173828,49.918487548828125,26552000,0.0,0.0,GOOGL
2017-10-16 00:00:00-04:00,50.48149871826172,50.599998474121094,50.07600021362305,50.467498779296875,49.991790771484375,21420000,0.0,0.0,GOOGL
2017-10-17 00:00:00-04:00,50.37200164794922,50.72800064086914,50.3025016784668,50.54999923706055,50.07352066040039,20260000,0.0,0.0,GOOGL
2017-10-18 00:00:00-04:00,50.5525016784668,50.81549835205078,50.26599884033203,50.637001037597656,50.15970230102539,25596000,0.0,0.0,GOOGL
2017-10-19 00:00:00-04:00,50.23749923706055,50.36600112915039,49.8650016784668,50.09199905395508,49.619834899902344,34284000,0.0,0.0,GOOGL
2017-10-20 00:00:00-04:00,50.352500915527344,50.432498931884766,50.11349868774414,50.253501892089844,49.77981185913086,32120000,0.0,0.0,GOOGL
2017-10-23 00:00:00-04:00,50.25899887084961,50.28950119018555,49.154998779296875,49.277000427246094,48.81251525878906,32786000,0.0,0.0,GOOGL
2017-10-24 00:00:00-04:00,49.32500076293945,49.4630012512207,48.854000091552734,49.42449951171875,48.95862579345703,28902000,0.0,0.0,GOOGL
2017-10-25 00:00:00-04:00,49.313499450683594,49.721500396728516,48.88600158691406,49.573001861572266,49.1057243347168,30574000,0.0,0.0,GOOGL
2017-10-26 00:00:00-04:00,49.923500061035156,50.32550048828125,49.52349853515625,49.57099914550781,49.10374450683594,47396000,0.0,0.0,GOOGL
2017-10-27 00:00:00-04:00,51.54949951171875,53.180999755859375,51.342498779296875,51.68349838256836,51.196327209472656,103682000,0.0,0.0,GOOGL
2017-10-30 00:00:00-04:00,51.45800018310547,51.99150085449219,51.11650085449219,51.65650177001953,51.169586181640625,46804000,0.0,0.0,GOOGL
2017-10-31 00:00:00-04:00,51.650001525878906,52.04999923706055,51.314998626708984,51.652000427246094,51.16512680053711,30326000,0.0,0.0,GOOGL
2017-11-01 00:00:00-04:00,51.816001892089844,52.393001556396484,51.70000076293945,52.130001068115234,51.63862228393555,43262000,0.0,0.0,GOOGL
2017-11-02 00:00:00-04:00,51.9995002746582,52.2760009765625,51.43299865722656,52.14849853515625,51.65694046020508,26694000,0.0,0.0,GOOGL
2017-11-03 00:00:00-04:00,52.13750076293945,52.53300094604492,51.88249969482422,52.4995002746582,52.004638671875,27770000,0.0,0.0,GOOGL
2017-11-06 00:00:00-05:00,52.45500183105469,52.62950134277344,52.099998474121094,52.13399887084961,51.64258575439453,18294000,0.0,0.0,GOOGL
2017-11-07 00:00:00-05:00,52.48249816894531,52.670501708984375,52.150001525878906,52.61949920654297,52.12350845336914,26104000,0.0,0.0,GOOGL
2017-11-08 00:00:00-05:00,52.502498626708984,53.134498596191406,52.352500915527344,52.91450119018555,52.41572189331055,24276000,0.0,0.0,GOOGL
2017-11-09 00:00:00-05:00,52.400001525878906,52.54399871826172,51.79249954223633,52.38600158691406,51.8922119140625,35892000,0.0,0.0,GOOGL
2017-11-10 00:00:00-05:00,52.19350051879883,52.33150100708008,52.06100082397461,52.20750045776367,51.715396881103516,19442000,0.0,0.0,GOOGL
2017-11-13 00:00:00-05:00,52.040000915527344,52.4370002746582,51.9630012512207,52.060001373291016,51.56928253173828,18814000,0.0,0.0,GOOGL
2017-11-14 00:00:00-05:00,51.88600158691406,52.1150016784668,51.46649932861328,52.082000732421875,51.59107971191406,21012000,0.0,0.0,GOOGL
2017-11-15 00:00:00-05:00,51.75,51.98149871826172,51.53799819946289,51.820499420166016,51.332035064697266,18106000,0.0,0.0,GOOGL
2017-11-16 00:00:00-05:00,51.9375,52.5880012512207,51.900001525878906,52.423500061035156,51.929351806640625,23768000,0.0,0.0,GOOGL
2017-11-17 00:00:00-05:00,52.4900016784668,52.54999923706055,51.686500549316406,51.794498443603516,51.3062858581543,26712000,0.0,0.0,GOOGL
2017-11-20 00:00:00-05:00,51.79999923706055,51.935001373291016,51.63399887084961,51.733001708984375,51.245361328125,17526000,0.0,0.0,GOOGL
2017-11-21 00:00:00-05:00,52.00199890136719,52.519500732421875,51.957000732421875,52.51499938964844,52.019996643066406,22206000,0.0,0.0,GOOGL
2017-11-22 00:00:00-05:00,52.55799865722656,52.77149963378906,52.36249923706055,52.59600067138672,52.10022735595703,14538000,0.0,0.0,GOOGL
2017-11-24 00:00:00-05:00,52.71950149536133,53.003501892089844,52.59600067138672,52.82600021362305,52.328067779541016,16492000,0.0,0.0,GOOGL
2017-11-27 00:00:00-05:00,52.92850112915039,53.652000427246094,52.73849868774414,53.60049819946289,53.09526443481445,35430000,0.0,0.0,GOOGL
2017-11-28 00:00:00-05:00,53.699501037597656,54.0,52.72700119018555,53.16450119018555,52.663368225097656,36424000,0.0,0.0,GOOGL
2017-11-29 00:00:00-05:00,52.808998107910156,52.938499450683594,51.48249816894531,51.86899948120117,51.38008499145508,55866000,0.0,0.0,GOOGL
2017-11-30 00:00:00-05:00,51.99700164794922,52.207000732421875,51.503501892089844,51.80849838256836,51.320152282714844,45092000,0.0,0.0,GOOGL
2017-12-01 00:00:00-05:00,51.52050018310547,51.86199951171875,50.845001220703125,51.253501892089844,50.770389556884766,37762000,0.0,0.0,GOOGL
2017-12-04 00:00:00-05:00,51.38999938964844,51.56700134277344,50.46099853515625,50.59349822998047,50.11660385131836,38778000,0.0,0.0,GOOGL
2017-12-05 00:00:00-05:00,50.54949951171875,51.83399963378906,50.11600112915039,50.97999954223633,50.49946594238281,38998000,0.0,0.0,GOOGL
2017-12-06 00:00:00-05:00,50.82600021362305,51.979000091552734,50.765499114990234,51.63600158691406,51.1492805480957,28710000,0.0,0.0,GOOGL
2017-12-07 00:00:00-05:00,51.80350112915039,52.44599914550781,51.768001556396484,52.22850036621094,51.73619842529297,30866000,0.0,0.0,GOOGL
2017-12-08 00:00:00-05:00,52.59049987792969,52.82099914550781,52.292999267578125,52.46900177001953,51.974430084228516,31170000,0.0,0.0,GOOGL
2017-12-11 00:00:00-05:00,52.55550003051758,52.79999923706055,52.20600128173828,52.5984992980957,52.10270690917969,23254000,0.0,0.0,GOOGL
2017-12-12 00:00:00-05:00,52.5,53.125,52.243499755859375,52.438499450683594,51.944217681884766,33882000,0.0,0.0,GOOGL
2017-12-13 00:00:00-05:00,52.604000091552734,52.77399826049805,52.32899856567383,52.56949996948242,52.073978424072266,27680000,0.0,0.0,GOOGL
2017-12-14 00:00:00-05:00,52.77450180053711,53.354000091552734,52.68000030517578,52.87350082397461,52.3751106262207,30962000,0.0,0.0,GOOGL
2017-12-15 00:00:00-05:00,53.18899917602539,53.76250076293945,53.00450134277344,53.599998474121094,53.094764709472656,63760000,0.0,0.0,GOOGL
2017-12-18 00:00:00-05:00,53.8224983215332,54.324501037597656,53.51850128173828,54.25450134277344,53.74309158325195,30292000,0.0,0.0,GOOGL
2017-12-19 00:00:00-05:00,54.1510009765625,54.24850082397461,53.61349868774414,53.98899841308594,53.4801025390625,26350000,0.0,0.0,GOOGL
2017-12-20 00:00:00-05:00,54.04600143432617,54.061500549316406,53.43000030517578,53.678001403808594,53.172035217285156,28728000,0.0,0.0,GOOGL
2017-12-21 00:00:00-05:00,53.769500732421875,53.875999450683594,53.45000076293945,53.54249954223633,53.03779983520508,25640000,0.0,0.0,GOOGL
2017-12-22 00:00:00-05:00,53.5,53.58599853515625,53.38199996948242,53.44300079345703,52.939247131347656,17788000,0.0,0.0,GOOGL
2017-12-26 00:00:00-05:00,53.43199920654297,53.44300079345703,52.93199920654297,53.29249954223633,52.790164947509766,18376000,0.0,0.0,GOOGL
2017-12-27 00:00:00-05:00,53.33000183105469,53.41350173950195,52.91899871826172,53.0099983215332,52.51033020019531,22324000,0.0,0.0,GOOGL
2017-12-28 00:00:00-05:00,53.11249923706055,53.242000579833984,52.66899871826172,52.79750061035156,52.299835205078125,19884000,0.0,0.0,GOOGL
2017-12-29 00:00:00-05:00,52.77450180053711,52.90250015258789,52.6349983215332,52.66999816894531,52.17353057861328,23606000,0.0,0.0,GOOGL
2018-01-02 00:00:00-05:00,52.6510009765625,53.79899978637695,52.6510009765625,53.660499572753906,53.154701232910156,31766000,0.0,0.0,GOOGL
2018-01-03 00:00:00-05:00,53.69649887084961,54.80500030517578,53.67150115966797,54.57600021362305,54.06156539916992,31318000,0.0,0.0,GOOGL
2018-01-04 00:00:00-05:00,54.85449981689453,55.20399856567383,54.7130012512207,54.78799819946289,54.271568298339844,26052000,0.0,0.0,GOOGL
2018-01-05 00:00:00-05:00,55.17250061035156,55.67900085449219,55.09000015258789,55.51449966430664,54.99121856689453,30250000,0.0,0.0,GOOGL
2018-01-08 00:00:00-05:00,55.54999923706055,55.95800018310547,55.5,55.71049880981445,55.18537902832031,24644000,0.0,0.0,GOOGL
2018-01-09 00:00:00-05:00,55.922000885009766,55.922000885009766,55.40999984741211,55.63949966430664,55.11504364013672,26808000,0.0,0.0,GOOGL
2018-01-10 00:00:00-05:00,55.349998474121094,55.638999938964844,55.19900131225586,55.50699996948242,54.983795166015625,20734000,0.0,0.0,GOOGL
2018-01-11 00:00:00-05:00,55.615501403808594,55.74250030517578,55.32400131225586,55.602500915527344,55.07839584350586,22424000,0.0,0.0,GOOGL
2018-01-12 00:00:00-05:00,55.505001068115234,56.564998626708984,55.4005012512207,56.532501220703125,55.9996223449707,38586000,0.0,0.0,GOOGL
2018-01-16 00:00:00-05:00,57.015499114990234,57.444000244140625,56.33300018310547,56.53499984741211,56.002098083496094,36462000,0.0,0.0,GOOGL
2018-01-17 00:00:00-05:00,56.81800079345703,56.965999603271484,56.17449951171875,56.95500183105469,56.418148040771484,27830000,0.0,0.0,GOOGL
2018-01-18 00:00:00-05:00,56.967498779296875,57.02949905395508,56.222999572753906,56.798500061035156,56.26312255859375,27498000,0.0,0.0,GOOGL
2018-01-19 00:00:00-05:00,56.9015007019043,57.18899917602539,56.625,57.17499923706055,56.636070251464844,30552000,0.0,0.0,GOOGL
2018-01-22 00:00:00-05:00,57.191001892089844,58.34400177001953,57.090999603271484,58.20800018310547,57.65932846069336,29550000,0.0,0.0,GOOGL
2018-01-23 00:00:00-05:00,58.53099822998047,58.925498962402344,58.36249923706055,58.80849838256836,58.25416946411133,39138000,0.0,0.0,GOOGL
2018-01-24 00:00:00-05:00,59.249000549316406,59.352500915527344,58.369998931884766,58.56449890136719,58.012474060058594,37128000,0.0,0.0,GOOGL
2018-01-25 00:00:00-05:00,59.035499572753906,59.25,58.59199905395508,59.106998443603516,58.54985046386719,29984000,0.0,0.0,GOOGL
2018-01-26 00:00:00-05:00,59.37649917602539,59.37799835205078,58.4015007019043,59.37799835205078,58.81829833984375,42170000,0.0,0.0,GOOGL
2018-01-29 00:00:00-05:00,59.400001525878906,59.900001525878906,59.202999114990234,59.32400131225586,58.76481246948242,31494000,0.0,0.0,GOOGL
2018-01-30 00:00:00-05:00,58.88600158691406,59.39649963378906,58.72549819946289,58.868499755859375,58.3136100769043,37338000,0.0,0.0,GOOGL
2018-01-31 00:00:00-05:00,59.19049835205078,59.316001892089844,58.60499954223633,59.111000061035156,58.5538215637207,36022000,0.0,0.0,GOOGL
2018-02-01 00:00:00-05:00,58.79949951171875,59.372501373291016,58.46799850463867,59.079498291015625,58.522613525390625,73514000,0.0,0.0,GOOGL
2018-02-02 00:00:00-05:00,56.37099838256836,56.564998626708984,55.55849838256836,55.959999084472656,55.43252182006836,117842000,0.0,0.0,GOOGL
2018-02-05 00:00:00-05:00,55.03049850463867,55.7495002746582,52.83700180053711,53.11949920654297,52.61878967285156,83550000,0.0,0.0,GOOGL
2018-02-06 00:00:00-05:00,51.69900131225586,54.36899948120117,51.5004997253418,54.221500396728516,53.71040725708008,76630000,0.0,0.0,GOOGL
2018-02-07 00:00:00-05:00,54.24850082397461,54.326499938964844,52.73099899291992,52.77050018310547,52.27308654785156,51942000,0.0,0.0,GOOGL
2018-02-08 00:00:00-05:00,52.993499755859375,53.19649887084961,50.23500061035156,50.385501861572266,49.91057205200195,66792000,0.0,0.0,GOOGL
2018-02-09 00:00:00-05:00,51.29399871826172,52.58599853515625,49.849998474121094,52.313499450683594,51.82038879394531,98360000,0.0,0.0,GOOGL
2018-02-12 00:00:00-05:00,52.833499908447266,53.278499603271484,52.27450180053711,52.72800064086914,52.23099136352539,56240000,0.0,0.0,GOOGL
2018-02-13 00:00:00-05:00,52.5,53.06100082397461,52.34600067138672,52.707000732421875,52.21018600463867,31586000,0.0,0.0,GOOGL
2018-02-14 00:00:00-05:00,52.715999603271484,53.77349853515625,52.4900016784668,53.6349983215332,53.12943649291992,41304000,0.0,0.0,GOOGL
2018-02-15 00:00:00-05:00,54.17250061035156,54.70500183105469,53.36149978637695,54.56800079345703,54.05363845825195,37396000,0.0,0.0,GOOGL
2018-02-16 00:00:00-05:00,54.66899871826172,55.41550064086914,54.57749938964844,54.775001525878906,54.25869369506836,39948000,0.0,0.0,GOOGL
2018-02-20 00:00:00-05:00,54.63800048828125,55.81449890136719,54.5,55.179500579833984,54.65938186645508,33754000,0.0,0.0,GOOGL
2018-02-21 00:00:00-05:00,55.45500183105469,56.810001373291016,55.3754997253418,55.6875,55.1625862121582,41486000,0.0,0.0,GOOGL
2018-02-22 00:00:00-05:00,55.958499908447266,56.27299880981445,55.25749969482422,55.494998931884766,54.971900939941406,28010000,0.0,0.0,GOOGL
2018-02-23 00:00:00-05:00,55.93299865722656,56.45000076293945,55.422000885009766,56.40449905395508,55.872825622558594,25292000,0.0,0.0,GOOGL
2018-02-26 00:00:00-05:00,56.59299850463867,57.209999084472656,56.46699905395508,57.185001373291016,56.64597702026367,30912000,0.0,0.0,GOOGL
2018-02-27 00:00:00-05:00,57.185001373291016,57.212501525878906,55.839500427246094,55.8754997253418,55.348819732666016,42964000,0.0,0.0,GOOGL
2018-02-28 00:00:00-05:00,56.099998474121094,56.38249969482422,55.150001525878906,55.19599914550781,54.67572021484375,49292000,0.0,0.0,GOOGL
2018-03-01 00:00:00-05:00,55.47700119018555,55.563499450683594,53.364498138427734,53.570499420166016,53.06554412841797,55338000,0.0,0.0,GOOGL
2018-03-02 00:00:00-05:00,52.89899826049805,54.34450149536133,52.50550079345703,54.207000732421875,53.696044921875,50162000,0.0,0.0,GOOGL
2018-03-05 00:00:00-05:00,53.90650177001953,55.058998107910156,53.61349868774414,54.737998962402344,54.2220458984375,28648000,0.0,0.0,GOOGL
2018-03-06 00:00:00-05:00,55.10499954223633,55.28150177001953,54.724998474121094,55.04499816894531,54.52613830566406,23382000,0.0,0.0,GOOGL
2018-03-07 00:00:00-05:00,54.64099884033203,55.810001373291016,54.49549865722656,55.75199890136719,55.22648239135742,30748000,0.0,0.0,GOOGL
2018-03-08 00:00:00-05:00,55.86000061035156,56.571998596191406,55.86000061035156,56.46900177001953,55.93672180175781,33862000,0.0,0.0,GOOGL
2018-03-09 00:00:00-05:00,56.974998474121094,58.04999923706055,56.714500427246094,58.04199981689453,57.49489974975586,42662000,0.0,0.0,GOOGL
2018-03-12 00:00:00-04:00,58.252498626708984,58.90800094604492,57.959999084472656,58.29650115966797,57.74700927734375,44306000,0.0,0.0,GOOGL
2018-03-13 00:00:00-04:00,58.59149932861328,58.900001525878906,56.72850036621094,56.99549865722656,56.45825958251953,43140000,0.0,0.0,GOOGL
2018-03-14 00:00:00-04:00,57.290000915527344,57.987998962402344,57.11750030517578,57.44449996948242,56.90302276611328,41870000,0.0,0.0,GOOGL
2018-03-15 00:00:00-04:00,57.47850036621094,58.125,56.78300094604492,57.53049850463867,56.98822021484375,33382000,0.0,0.0,GOOGL
2018-03-16 00:00:00-04:00,57.76750183105469,57.84049987792969,56.56800079345703,56.72100067138672,56.18635177612305,58656000,0.0,0.0,GOOGL
2018-03-19 00:00:00-04:00,55.88800048828125,55.96849822998047,54.44599914550781,55.003501892089844,54.48503494262695,63656000,0.0,0.0,GOOGL
2018-03-20 00:00:00-04:00,54.91999816894531,55.27750015258789,54.12099838256836,54.790000915527344,54.2735481262207,54598000,0.0,0.0,GOOGL
2018-03-21 00:00:00-04:00,54.628501892089844,55.435001373291016,54.36050033569336,54.70000076293945,54.18439865112305,44898000,0.0,0.0,GOOGL
2018-03-22 00:00:00-04:00,54.0004997253418,54.19599914550781,52.481998443603516,52.657501220703125,52.161155700683594,69312000,0.0,0.0,GOOGL
2018-03-23 00:00:00-04:00,52.56850051879883,53.3390007019043,51.243499755859375,51.32749938964844,50.843685150146484,49880000,0.0,0.0,GOOGL
2018-03-26 00:00:00-04:00,52.529998779296875,52.9635009765625,50.52899932861328,52.704498291015625,52.207706451416016,65984000,0.0,0.0,GOOGL
2018-03-27 00:00:00-04:00,53.19499969482422,53.22700119018555,49.88100051879883,50.34700012207031,49.8724250793457,60816000,0.0,0.0,GOOGL
2018-03-28 00:00:00-04:00,50.09550094604492,51.2495002746582,49.20000076293945,50.25899887084961,49.78525924682617,77698000,0.0,0.0,GOOGL
2018-03-29 00:00:00-04:00,50.56050109863281,52.40250015258789,50.20199966430664,51.856998443603516,51.36819076538086,69338000,0.0,0.0,GOOGL
2018-04-02 00:00:00-04:00,51.38100051879883,51.97650146484375,49.712501525878906,50.631500244140625,50.15424346923828,65068000,0.0,0.0,GOOGL
2018-04-03 00:00:00-04:00,50.807498931884766,51.25,49.86249923706055,50.933998107910156,50.453887939453125,51322000,0.0,0.0,GOOGL
2018-04-04 00:00:00-04:00,49.9114990234375,51.637001037597656,49.82550048828125,51.48550033569336,51.000205993652344,50724000,0.0,0.0,GOOGL
2018-04-05 00:00:00-04:00,52.31949996948242,52.33549880981445,51.20000076293945,51.63199996948242,51.14531707763672,35836000,0.0,0.0,GOOGL
2018-04-06 00:00:00-04:00,51.154998779296875,51.79999923706055,50.3125,50.497501373291016,50.02151107788086,40134000,0.0,0.0,GOOGL
2018-04-09 00:00:00-04:00,51.00199890136719,52.22949981689453,50.959999084472656,51.00450134277344,50.52372741699219,33220000,0.0,0.0,GOOGL
2018-04-10 00:00:00-04:00,51.51300048828125,52.06050109863281,50.77050018310547,51.82500076293945,51.33650207519531,36620000,0.0,0.0,GOOGL
2018-04-11 00:00:00-04:00,51.599998474121094,51.79349899291992,50.959999084472656,51.25299835205078,50.76988983154297,34060000,0.0,0.0,GOOGL
2018-04-12 00:00:00-04:00,51.57350158691406,52.23249816894531,51.3025016784668,51.864498138427734,51.3756217956543,32896000,0.0,0.0,GOOGL
2018-04-13 00:00:00-04:00,52.34450149536133,52.64899826049805,51.50749969482422,51.801998138427734,51.31371307373047,25410000,0.0,0.0,GOOGL
2018-04-16 00:00:00-04:00,52.27750015258789,52.57149887084961,51.69599914550781,52.30500030517578,51.81197738647461,29776000,0.0,0.0,GOOGL
2018-04-17 00:00:00-04:00,53.060001373291016,54.25,52.85449981689453,53.96799850463867,53.459293365478516,54584000,0.0,0.0,GOOGL
2018-04-18 00:00:00-04:00,53.95050048828125,54.099998474121094,53.5260009765625,53.769500732421875,53.26266098022461,31126000,0.0,0.0,GOOGL
2018-04-19 00:00:00-04:00,53.45100021362305,54.8754997253418,53.45100021362305,54.47249984741211,53.959041595458984,39884000,0.0,0.0,GOOGL
2018-04-20 00:00:00-04:00,54.2135009765625,54.73749923706055,53.60499954223633,53.86600112915039,53.3582649230957,42434000,0.0,0.0,GOOGL
2018-04-23 00:00:00-04:00,54.14899826049805,54.400001525878906,53.33399963378906,53.69049835205078,53.18441390991211,69590000,0.0,0.0,GOOGL
2018-04-24 00:00:00-04:00,52.959999084472656,53.2244987487793,50.643001556396484,51.13199996948242,50.650028228759766,128220000,0.0,0.0,GOOGL
2018-04-25 00:00:00-04:00,51.48749923706055,51.80350112915039,50.85049819946289,51.14950180053711,50.66736602783203,57860000,0.0,0.0,GOOGL
2018-04-26 00:00:00-04:00,51.6609992980957,52.60100173950195,51.022499084472656,52.16550064086914,51.67378616333008,50926000,0.0,0.0,GOOGL
2018-04-27 00:00:00-04:00,52.277000427246094,52.584999084472656,51.37950134277344,51.5724983215332,51.08638000488281,40746000,0.0,0.0,GOOGL
2018-04-30 00:00:00-04:00,51.72100067138672,51.91849899291992,50.915000915527344,50.92900085449219,50.448944091796875,34492000,0.0,0.0,GOOGL
2018-05-01 00:00:00-04:00,50.814998626708984,52.08649826049805,50.53049850463867,52.037498474121094,51.54698944091797,35326000,0.0,0.0,GOOGL
2018-05-02 00:00:00-04:00,51.70000076293945,52.19900131225586,51.15800094604492,51.3025016784668,50.81892013549805,34698000,0.0,0.0,GOOGL
2018-05-03 00:00:00-04:00,51.26850128173828,51.53450012207031,50.394500732421875,51.314998626708984,50.831302642822266,39282000,0.0,0.0,GOOGL
2018-05-04 00:00:00-04:00,50.980499267578125,52.59400177001953,50.90250015258789,52.54999923706055,52.05466079711914,36892000,0.0,0.0,GOOGL
2018-05-07 00:00:00-04:00,52.69449996948242,53.25,52.51350021362305,52.972999572753906,52.47367477416992,34400000,0.0,0.0,GOOGL
2018-05-08 00:00:00-04:00,53.23099899291992,53.26150131225586,52.582000732421875,52.929500579833984,52.43058776855469,26030000,0.0,0.0,GOOGL
2018-05-09 00:00:00-04:00,53.20500183105469,54.70000076293945,53.105499267578125,54.4474983215332,53.93427658081055,47160000,0.0,0.0,GOOGL
2018-05-10 00:00:00-04:00,54.75,55.47050094604492,54.694000244140625,55.27349853515625,54.75248718261719,36414000,0.0,0.0,GOOGL
2018-05-11 00:00:00-04:00,55.02050018310547,55.45050048828125,54.861000061035156,55.16899871826172,54.64897155761719,30504000,0.0,0.0,GOOGL
2018-05-14 00:00:00-04:00,55.278499603271484,55.907501220703125,55.2400016784668,55.33000183105469,54.80846405029297,39338000,0.0,0.0,GOOGL
2018-05-15 00:00:00-04:00,54.845001220703125,54.95600128173828,53.93899917602539,54.243499755859375,53.732200622558594,35738000,0.0,0.0,GOOGL
2018-05-16 00:00:00-04:00,54.25450134277344,54.71900177001953,54.08150100708008,54.204498291015625,53.69356155395508,25628000,0.0,0.0,GOOGL
2018-05-17 00:00:00-04:00,54.073001861572266,54.54999923706055,53.82099914550781,54.0629997253418,53.55339813232422,25738000,0.0,0.0,GOOGL
2018-05-18 00:00:00-04:00,53.29999923706055,53.686500549316406,53.23400115966797,53.481998443603516,52.977874755859375,35482000,0.0,0.0,GOOGL
2018-05-21 00:00:00-04:00,53.95000076293945,54.665000915527344,53.900001525878906,54.20050048828125,53.689605712890625,25180000,0.0,0.0,GOOGL
2018-05-22 00:00:00-04:00,54.4900016784668,54.59000015258789,53.612998962402344,53.765499114990234,53.25870895385742,22226000,0.0,0.0,GOOGL
2018-05-23 00:00:00-04:00,53.5,54.400001525878906,53.347999572753906,54.29800033569336,53.78618621826172,23740000,0.0,0.0,GOOGL
2018-05-24 00:00:00-04:00,54.345001220703125,54.35599899291992,53.6150016784668,54.272499084472656,53.760929107666016,20604000,0.0,0.0,GOOGL
2018-05-25 00:00:00-04:00,54.32749938964844,54.47850036621094,54.130001068115234,54.20399856567383,53.69306564331055,22224000,0.0,0.0,GOOGL
2018-05-29 00:00:00-04:00,53.79999923706055,54.06700134277344,53.15399932861328,53.403499603271484,52.900123596191406,36076000,0.0,0.0,GOOGL
2018-05-30 00:00:00-04:00,53.67399978637695,53.949501037597656,53.32749938964844,53.87350082397461,53.365684509277344,28686000,0.0,0.0,GOOGL
2018-05-31 00:00:00-04:00,54.099998474121094,55.5,53.900001525878906,55.0,54.481571197509766,79368000,0.0,0.0,GOOGL
2018-06-01 00:00:00-04:00,55.64350128173828,56.90800094604492,55.60049819946289,56.75,56.21507263183594,63202000,0.0,0.0,GOOGL
2018-06-04 00:00:00-04:00,56.92499923706055,57.893001556396484,56.849998474121094,57.652000427246094,57.108577728271484,44754000,0.0,0.0,GOOGL
2018-06-05 00:00:00-04:00,57.733001708984375,58.05500030517578,57.37300109863281,57.55099868774414,57.00852584838867,32964000,0.0,0.0,GOOGL
2018-06-06 00:00:00-04:00,57.63850021362305,57.73550033569336,56.816001892089844,57.34749984741211,56.80693817138672,34934000,0.0,0.0,GOOGL
2018-06-07 00:00:00-04:00,57.229000091552734,57.29349899291992,56.305999755859375,56.72100067138672,56.18635177612305,36108000,0.0,0.0,GOOGL
2018-06-08 00:00:00-04:00,56.56050109863281,56.93899917602539,56.1614990234375,56.635501861572266,56.10165023803711,27284000,0.0,0.0,GOOGL
2018-06-11 00:00:00-04:00,56.64699935913086,57.387001037597656,56.56999969482422,57.04499816894531,56.507293701171875,24796000,0.0,0.0,GOOGL
2018-06-12 00:00:00-04:00,57.05099868774414,57.4375,57.05099868774414,57.40950012207031,56.86835861206055,26092000,0.0,0.0,GOOGL
2018-06-13 00:00:00-04:00,57.61399841308594,57.78200149536133,57.16899871826172,57.21149826049805,56.67222213745117,34302000,0.0,0.0,GOOGL
2018-06-14 00:00:00-04:00,57.61050033569336,58.29949951171875,57.529998779296875,58.00550079345703,57.458736419677734,35422000,0.0,0.0,GOOGL
2018-06-15 00:00:00-04:00,57.99599838256836,58.195499420166016,57.68450164794922,57.9635009765625,57.41712951660156,44438000,0.0,0.0,GOOGL
2018-06-18 00:00:00-04:00,57.634498596191406,59.20650100708008,57.54999923706055,59.17900085449219,58.62118148803711,33038000,0.0,0.0,GOOGL
2018-06-19 00:00:00-04:00,58.50550079345703,59.140499114990234,58.080501556396484,58.93450164794922,58.37898635864258,47282000,0.0,0.0,GOOGL
2018-06-20 00:00:00-04:00,59.165000915527344,60.074501037597656,59.10150146484375,59.20349884033203,58.64544677734375,51686000,0.0,0.0,GOOGL
2018-06-21 00:00:00-04:00,59.2755012512207,59.51649856567383,58.17399978637695,58.47200012207031,57.92084503173828,44966000,0.0,0.0,GOOGL
2018-06-22 00:00:00-04:00,58.574501037597656,58.75,57.98249816894531,58.464500427246094,57.91341018676758,34220000,0.0,0.0,GOOGL
2018-06-25 00:00:00-04:00,57.75,57.79949951171875,55.994998931884766,56.9640007019043,56.42705535888672,57682000,0.0,0.0,GOOGL
2018-06-26 00:00:00-04:00,57.207000732421875,57.34349822998047,56.45000076293945,56.63100051879883,56.097198486328125,34688000,0.0,0.0,GOOGL
2018-06-27 00:00:00-04:00,56.79999923706055,57.31050109863281,55.834999084472656,55.84700012207031,55.320587158203125,34538000,0.0,0.0,GOOGL
2018-06-28 00:00:00-04:00,55.61949920654297,56.70000076293945,55.30350112915039,56.3390007019043,55.80794906616211,29726000,0.0,0.0,GOOGL
2018-06-29 00:00:00-04:00,56.615501403808594,57.06800079345703,56.35100173950195,56.45949935913086,55.92731475830078,31562000,0.0,0.0,GOOGL
2018-07-02 00:00:00-04:00,55.76750183105469,57.14950180053711,55.33000183105469,57.105499267578125,56.567222595214844,23216000,0.0,0.0,GOOGL
2018-07-03 00:00:00-04:00,57.47100067138672,57.49549865722656,55.721500396728516,55.81399917602539,55.28789520263672,16448000,0.0,0.0,GOOGL
2018-07-05 00:00:00-04:00,56.22999954223633,57.207000732421875,56.15599822998047,57.06449890136719,56.52660369873047,28594000,0.0,0.0,GOOGL
2018-07-06 00:00:00-04:00,57.0885009765625,57.810001373291016,56.86199951171875,57.75400161743164,57.20961380004883,21820000,0.0,0.0,GOOGL
2018-07-09 00:00:00-04:00,58.0,58.39649963378906,57.86149978637695,58.36399841308594,57.81385803222656,21584000,0.0,0.0,GOOGL
2018-07-10 00:00:00-04:00,58.4995002746582,58.67499923706055,58.12799835205078,58.356998443603516,57.80693054199219,21334000,0.0,0.0,GOOGL
2018-07-11 00:00:00-04:00,57.78099822998047,59.02199935913086,57.76850128173828,58.573001861572266,58.02089309692383,33252000,0.0,0.0,GOOGL
2018-07-12 00:00:00-04:00,58.74300003051758,60.0994987487793,58.654998779296875,60.0629997253418,59.49684143066406,44148000,0.0,0.0,GOOGL
2018-07-13 00:00:00-04:00,60.13999938964844,60.52199935913086,59.76449966430664,60.22100067138672,59.65336227416992,32612000,0.0,0.0,GOOGL
2018-07-16 00:00:00-04:00,60.19049835205078,60.43550109863281,59.66999816894531,59.82550048828125,59.2615852355957,26784000,0.0,0.0,GOOGL
2018-07-17 00:00:00-04:00,59.137001037597656,60.9379997253418,59.099998474121094,60.65399932861328,60.082279205322266,40162000,0.0,0.0,GOOGL
2018-07-18 00:00:00-04:00,60.42649841308594,61.079498291015625,60.22800064086914,60.64550018310547,60.073856353759766,38948000,0.0,0.0,GOOGL
2018-07-19 00:00:00-04:00,60.33250045776367,60.82400131225586,59.88650131225586,59.95500183105469,59.38986587524414,38338000,0.0,0.0,GOOGL
2018-07-20 00:00:00-04:00,59.96200180053711,60.53850173950195,59.829498291015625,59.89400100708008,59.329444885253906,37938000,0.0,0.0,GOOGL
2018-07-23 00:00:00-04:00,59.78300094604492,60.755001068115234,59.60049819946289,60.54999923706055,59.979251861572266,65446000,0.0,0.0,GOOGL
2018-07-24 00:00:00-04:00,63.54999923706055,63.75,62.207000732421875,62.907501220703125,62.31453323364258,107600000,0.0,0.0,GOOGL
2018-07-25 00:00:00-04:00,62.63100051879883,63.9119987487793,62.45249938964844,63.797000885009766,63.195648193359375,51104000,0.0,0.0,GOOGL
2018-07-26 00:00:00-04:00,63.35900115966797,64.37000274658203,63.150001525878906,64.2750015258789,63.66914749145508,54686000,0.0,0.0,GOOGL
2018-07-27 00:00:00-04:00,64.45600128173828,64.5719985961914,62.2244987487793,62.644500732421875,62.05400848388672,48362000,0.0,0.0,GOOGL
2018-07-30 00:00:00-04:00,62.252498626708984,62.644500732421875,61.208499908447266,61.50199890136719,60.92228317260742,43896000,0.0,0.0,GOOGL
2018-07-31 00:00:00-04:00,61.58549880981445,62.06050109863281,60.80950164794922,61.361000061035156,60.78261184692383,39382000,0.0,0.0,GOOGL
2018-08-01 00:00:00-04:00,61.955501556396484,62.29499816894531,61.24700164794922,61.64950180053711,61.06839370727539,36994000,0.0,0.0,GOOGL
2018-08-02 00:00:00-04:00,60.92499923706055,62.22050094604492,60.90299987792969,62.05649948120117,61.47154998779297,34704000,0.0,0.0,GOOGL
2018-08-03 00:00:00-04:00,62.25899887084961,62.32600021362305,61.47100067138672,61.90800094604492,61.324459075927734,21264000,0.0,0.0,GOOGL
2018-08-06 00:00:00-04:00,62.080501556396484,62.12300109863281,61.5265007019043,61.88349914550781,61.30018997192383,22114000,0.0,0.0,GOOGL
2018-08-07 00:00:00-04:00,62.60049819946289,63.30400085449219,62.59000015258789,62.79199981689453,62.20012283325195,42506000,0.0,0.0,GOOGL
2018-08-08 00:00:00-04:00,62.83599853515625,63.58599853515625,62.60599899291992,63.06650161743164,62.4720344543457,34344000,0.0,0.0,GOOGL
2018-08-09 00:00:00-04:00,63.13650131225586,63.597999572753906,63.005001068115234,63.222999572753906,62.6270637512207,27326000,0.0,0.0,GOOGL
2018-08-10 00:00:00-04:00,62.95899963378906,63.060001373291016,62.358001708984375,62.6254997253418,62.03519058227539,26602000,0.0,0.0,GOOGL
2018-08-13 00:00:00-04:00,62.560001373291016,63.298500061035156,62.35150146484375,62.43199920654297,61.843509674072266,27500000,0.0,0.0,GOOGL
2018-08-14 00:00:00-04:00,62.625,63.02949905395508,61.97700119018555,62.90700149536133,62.31404495239258,28080000,0.0,0.0,GOOGL
2018-08-15 00:00:00-04:00,62.2140007019043,62.5989990234375,61.3120002746582,61.611000061035156,61.03025436401367,37052000,0.0,0.0,GOOGL
2018-08-16 00:00:00-04:00,62.0994987487793,62.185001373291016,60.98149871826172,61.202999114990234,60.62610626220703,32176000,0.0,0.0,GOOGL
2018-08-17 00:00:00-04:00,61.10200119018555,61.34749984741211,60.20000076293945,60.79249954223633,60.21946716308594,33092000,0.0,0.0,GOOGL
2018-08-20 00:00:00-04:00,61.03300094604492,61.295501708984375,60.435001373291016,61.09749984741211,60.5215950012207,22218000,0.0,0.0,GOOGL
2018-08-21 00:00:00-04:00,61.1510009765625,61.63800048828125,60.75149917602539,60.87049865722656,60.29673767089844,23082000,0.0,0.0,GOOGL
2018-08-22 00:00:00-04:00,60.71099853515625,61.326499938964844,60.6609992980957,61.087501525878906,60.51169204711914,22296000,0.0,0.0,GOOGL
2018-08-23 00:00:00-04:00,60.99399948120117,61.75849914550781,60.967498779296875,61.05799865722656,60.48247146606445,24666000,0.0,0.0,GOOGL
2018-08-24 00:00:00-04:00,61.29999923706055,61.869998931884766,61.07099914550781,61.837501525878906,61.25461959838867,24454000,0.0,0.0,GOOGL
2018-08-27 00:00:00-04:00,62.207000732421875,62.89350128173828,62.034000396728516,62.813499450683594,62.2214241027832,28580000,0.0,0.0,GOOGL
2018-08-28 00:00:00-04:00,62.79499816894531,62.827999114990234,62.14849853515625,62.292999267578125,61.70582580566406,27330000,0.0,0.0,GOOGL
2018-08-29 00:00:00-04:00,62.75,63.35850143432617,62.63999938964844,63.23249816894531,62.636470794677734,36926000,0.0,0.0,GOOGL
2018-08-30 00:00:00-04:00,63.16999816894531,63.4744987487793,62.36050033569336,62.72200012207031,62.13078308105469,30104000,0.0,0.0,GOOGL
2018-08-31 00:00:00-04:00,62.61050033569336,62.627498626708984,61.287498474121094,61.59000015258789,61.00945281982422,42308000,0.0,0.0,GOOGL
2018-09-04 00:00:00-04:00,61.125999450683594,61.39350128173828,60.327999114990234,60.56549835205078,59.99460983276367,41458000,0.0,0.0,GOOGL
2018-09-05 00:00:00-04:00,60.46099853515625,60.743499755859375,58.766998291015625,59.95500183105469,59.38986587524414,53988000,0.0,0.0,GOOGL
2018-09-06 00:00:00-04:00,59.92850112915039,59.949501037597656,58.18050003051758,59.199501037597656,58.64148712158203,46854000,0.0,0.0,GOOGL
2018-09-07 00:00:00-04:00,58.599998474121094,59.4275016784668,58.4635009765625,58.87950134277344,58.324501037597656,32658000,0.0,0.0,GOOGL
2018-09-10 00:00:00-04:00,59.209999084472656,59.33300018310547,58.53049850463867,58.75299835205078,58.199195861816406,27670000,0.0,0.0,GOOGL
2018-09-11 00:00:00-04:00,58.55500030517578,59.547000885009766,58.29750061035156,59.4995002746582,58.93865966796875,29254000,0.0,0.0,GOOGL
2018-09-12 00:00:00-04:00,59.099998474121094,59.53450012207031,58.30799865722656,58.58000183105469,58.027828216552734,35716000,0.0,0.0,GOOGL
2018-09-13 00:00:00-04:00,58.98500061035156,59.393001556396484,58.46099853515625,59.106998443603516,58.54985046386719,40068000,0.0,0.0,GOOGL
2018-09-14 00:00:00-04:00,59.400001525878906,59.400001525878906,58.67599868774414,58.89899826049805,58.343814849853516,24176000,0.0,0.0,GOOGL
2018-09-17 00:00:00-04:00,58.88850021362305,59.090999603271484,57.92300033569336,57.99150085449219,57.44487762451172,34096000,0.0,0.0,GOOGL
2018-09-18 00:00:00-04:00,58.132999420166016,59.06650161743164,58.07149887084961,58.355499267578125,57.805442810058594,32314000,0.0,0.0,GOOGL
2018-09-19 00:00:00-04:00,58.448001861572266,58.813499450683594,57.930999755859375,58.7135009765625,58.16006851196289,25962000,0.0,0.0,GOOGL
2018-09-20 00:00:00-04:00,59.03350067138672,59.70000076293945,58.8125,59.57849884033203,59.01690673828125,29244000,0.0,0.0,GOOGL
2018-09-21 00:00:00-04:00,59.74599838256836,59.82899856567383,58.60300064086914,58.60599899291992,58.0535774230957,91222000,0.0,0.0,GOOGL
2018-09-24 00:00:00-04:00,57.97050094604492,59.259498596191406,57.57500076293945,58.97800064086914,58.42207717895508,31150000,0.0,0.0,GOOGL
2018-09-25 00:00:00-04:00,59.212501525878906,59.84299850463867,58.704498291015625,59.69449996948242,59.1318244934082,33152000,0.0,0.0,GOOGL
2018-09-26 00:00:00-04:00,59.68450164794922,60.36199951171875,59.27000045776367,59.702999114990234,59.140235900878906,37650000,0.0,0.0,GOOGL
2018-09-27 00:00:00-04:00,60.0,60.84299850463867,59.90250015258789,60.36800003051758,59.79896926879883,36274000,0.0,0.0,GOOGL
2018-09-28 00:00:00-04:00,60.204498291015625,60.42250061035156,59.89149856567383,60.354000091552734,59.78510665893555,35612000,0.0,0.0,GOOGL
2018-10-01 00:00:00-04:00,60.650001525878906,61.209999084472656,60.15950012207031,60.42649841308594,59.8569221496582,33164000,0.0,0.0,GOOGL
2018-10-02 00:00:00-04:00,60.333499908447266,61.22600173950195,59.983001708984375,60.38199996948242,59.81283950805664,40180000,0.0,0.0,GOOGL
2018-10-03 00:00:00-04:00,60.599998474121094,60.70899963378906,60.10749816894531,60.576499938964844,60.0055046081543,26246000,0.0,0.0,GOOGL
2018-10-04 00:00:00-04:00,60.25149917602539,60.29499816894531,58.192501068115234,58.85350036621094,58.298744201660156,46576000,0.0,0.0,GOOGL
2018-10-05 00:00:00-04:00,58.79999923706055,59.099998474121094,57.715999603271484,58.39149856567383,57.841094970703125,31852000,0.0,0.0,GOOGL
2018-10-08 00:00:00-04:00,58.0,58.792999267578125,56.77000045776367,57.79600143432617,57.25121307373047,46190000,0.0,0.0,GOOGL
2018-10-09 00:00:00-04:00,57.56549835205078,58.07749938964844,57.208499908447266,57.25849914550781,56.718780517578125,33690000,0.0,0.0,GOOGL
2018-10-10 00:00:00-04:00,56.81999969482422,56.85100173950195,54.57550048828125,54.608001708984375,54.09326934814453,58980000,0.0,0.0,GOOGL
2018-10-11 00:00:00-04:00,53.95199966430664,55.803001403808594,53.794498443603516,54.5369987487793,54.0229377746582,67696000,0.0,0.0,GOOGL
2018-10-12 00:00:00-04:00,55.981998443603516,56.291500091552734,54.75149917602539,56.027000427246094,55.49888229370117,49370000,0.0,0.0,GOOGL
2018-10-15 00:00:00-04:00,55.900001525878906,56.09000015258789,54.9109992980957,55.12200164794922,54.602420806884766,30074000,0.0,0.0,GOOGL
2018-10-16 00:00:00-04:00,55.67399978637695,56.81850051879883,55.587501525878906,56.65399932861328,56.1199836730957,38378000,0.0,0.0,GOOGL
2018-10-17 00:00:00-04:00,57.0,57.349998474121094,55.70000076293945,56.37950134277344,55.84806442260742,35652000,0.0,0.0,GOOGL
2018-10-18 00:00:00-04:00,56.5,56.61750030517578,54.31700134277344,54.89550018310547,54.378055572509766,46152000,0.0,0.0,GOOGL
2018-10-19 00:00:00-04:00,55.18550109863281,56.04750061035156,54.85150146484375,55.25899887084961,54.738128662109375,41286000,0.0,0.0,GOOGL
2018-10-22 00:00:00-04:00,55.6254997253418,56.08449935913086,55.0,55.56850051879883,55.044708251953125,27116000,0.0,0.0,GOOGL
2018-10-23 00:00:00-04:00,54.56449890136719,55.900001525878906,53.95050048828125,55.74549865722656,55.22004318237305,37686000,0.0,0.0,GOOGL
2018-10-24 00:00:00-04:00,55.75,55.83100128173828,52.75299835205078,52.85599899291992,52.35778045654297,49286000,0.0,0.0,GOOGL
2018-10-25 00:00:00-04:00,54.01499938964844,55.89099884033203,53.77750015258789,55.179500579833984,54.65938186645508,72956000,0.0,0.0,GOOGL
2018-10-26 00:00:00-04:00,52.416500091552734,55.849998474121094,52.11149978637695,54.1875,53.676727294921875,106438000,0.0,0.0,GOOGL
2018-10-29 00:00:00-04:00,54.82699966430664,55.44150161743164,50.36000061035156,51.73649978637695,51.24882888793945,81290000,0.0,0.0,GOOGL
2018-10-30 00:00:00-04:00,51.0004997253418,52.54499816894531,50.69850158691406,52.47549819946289,51.98086166381836,59768000,0.0,0.0,GOOGL
2018-10-31 00:00:00-04:00,53.40999984741211,55.400001525878906,53.40999984741211,54.52899932861328,54.01500701904297,70916000,0.0,0.0,GOOGL
2018-11-01 00:00:00-04:00,54.56999969482422,54.994998931884766,53.89099884033203,54.29899978637695,53.78717803955078,40132000,0.0,0.0,GOOGL
2018-11-02 00:00:00-04:00,54.45000076293945,54.900001525878906,53.382999420166016,53.574501037597656,53.06951141357422,43438000,0.0,0.0,GOOGL
2018-11-05 00:00:00-05:00,53.62649917602539,53.66749954223633,51.70000076293945,52.7864990234375,52.28892517089844,45358000,0.0,0.0,GOOGL
2018-11-06 00:00:00-05:00,52.750999450683594,53.99100112915039,52.68050003051758,53.47850036621094,52.97440719604492,28660000,0.0,0.0,GOOGL
2018-11-07 00:00:00-05:00,54.17449951171875,55.496498107910156,54.02949905395508,55.4119987487793,54.889686584472656,43388000,0.0,0.0,GOOGL
2018-11-08 00:00:00-05:00,55.3650016784668,55.4109992980957,54.21799850463867,54.73149871826172,54.21560287475586,33694000,0.0,0.0,GOOGL
2018-11-09 00:00:00-05:00,54.20100021362305,54.41749954223633,53.2130012512207,53.85100173950195,53.34340286254883,34860000,0.0,0.0,GOOGL
2018-11-12 00:00:00-05:00,53.65650177001953,53.70500183105469,52.01750183105469,52.46799850463867,51.97343444824219,34002000,0.0,0.0,GOOGL
2018-11-13 00:00:00-05:00,52.740501403808594,53.333499908447266,52.02000045776367,52.39849853515625,51.90458297729492,25750000,0.0,0.0,GOOGL
2018-11-14 00:00:00-05:00,53.0,53.28950119018555,52.05550003051758,52.729000091552734,52.231971740722656,34666000,0.0,0.0,GOOGL
2018-11-15 00:00:00-05:00,52.573001861572266,53.94350051879883,52.06449890136719,53.5525016784668,53.04771423339844,41584000,0.0,0.0,GOOGL
2018-11-16 00:00:00-05:00,53.26150131225586,53.62200164794922,52.744998931884766,53.41350173950195,52.910030364990234,35366000,0.0,0.0,GOOGL
2018-11-19 00:00:00-05:00,53.169498443603516,53.400001525878906,51.14350128173828,51.37099838256836,50.88677978515625,45684000,0.0,0.0,GOOGL
2018-11-20 00:00:00-05:00,50.364498138427734,51.86750030517578,50.11050033569336,51.522499084472656,51.03684616088867,54458000,0.0,0.0,GOOGL
2018-11-21 00:00:00-05:00,52.265499114990234,52.73550033569336,51.972999572753906,52.17150115966797,51.67973327636719,29698000,0.0,0.0,GOOGL
2018-11-23 00:00:00-05:00,51.67499923706055,52.150001525878906,51.42599868774414,51.505001068115234,51.019508361816406,14178000,0.0,0.0,GOOGL
2018-11-26 00:00:00-05:00,52.20000076293945,52.849998474121094,51.98849868774414,52.797000885009766,52.299339294433594,31558000,0.0,0.0,GOOGL
2018-11-27 00:00:00-05:00,52.56700134277344,53.3380012512207,52.275001525878906,52.61399841308594,52.11805725097656,33048000,0.0,0.0,GOOGL
2018-11-28 00:00:00-05:00,52.87300109863281,54.643001556396484,52.147499084472656,54.589500427246094,54.07493591308594,46042000,0.0,0.0,GOOGL
2018-11-29 00:00:00-05:00,54.17649841308594,55.00749969482422,54.099998474121094,54.729000091552734,54.21312713623047,31004000,0.0,0.0,GOOGL
2018-11-30 00:00:00-05:00,54.78150177001953,55.48249816894531,54.159000396728516,55.48249816894531,54.95951843261719,59668000,0.0,0.0,GOOGL
2018-12-03 00:00:00-05:00,56.608001708984375,56.75,55.58649826049805,55.81800079345703,55.29186248779297,57532000,0.0,0.0,GOOGL
2018-12-04 00:00:00-05:00,55.64950180053711,55.71200180053711,53.03900146484375,53.12350082397461,52.62276077270508,45630000,0.0,0.0,GOOGL
2018-12-06 00:00:00-05:00,52.25,53.97100067138672,52.124000549316406,53.90399932861328,53.395896911621094,47436000,0.0,0.0,GOOGL
2018-12-07 00:00:00-05:00,53.61149978637695,54.25149917602539,51.96849822998047,52.32899856567383,51.83574295043945,42682000,0.0,0.0,GOOGL
2018-12-10 00:00:00-05:00,52.14699935913086,52.97999954223633,51.650001525878906,52.659000396728516,52.162635803222656,33652000,0.0,0.0,GOOGL
2018-12-11 00:00:00-05:00,53.34700012207031,53.52000045776367,52.505001068115234,53.08250045776367,52.58214569091797,33852000,0.0,0.0,GOOGL
2018-12-12 00:00:00-05:00,53.854000091552734,54.58649826049805,53.5984992980957,53.686500549316406,53.180450439453125,28960000,0.0,0.0,GOOGL
2018-12-13 00:00:00-05:00,53.78350067138672,54.42100143432617,53.2495002746582,53.676998138427734,53.17103958129883,24986000,0.0,0.0,GOOGL
2018-12-14 00:00:00-05:00,53.000999450683594,53.58599853515625,52.46849822998047,52.58549880981445,52.08982849121094,36358000,0.0,0.0,GOOGL
2018-12-17 00:00:00-05:00,52.35049819946289,53.11899948120117,50.83150100708008,51.282501220703125,50.79910659790039,49932000,0.0,0.0,GOOGL
2018-12-18 00:00:00-05:00,51.70000076293945,52.984500885009766,51.52399826049805,52.170501708984375,51.67874526977539,43640000,0.0,0.0,GOOGL
2018-12-19 00:00:00-05:00,52.364498138427734,53.785499572753906,50.971500396728516,51.77299880981445,51.28498458862305,58264000,0.0,0.0,GOOGL
2018-12-20 00:00:00-05:00,51.29999923706055,52.37200164794922,50.393001556396484,51.17900085449219,50.69658279418945,53674000,0.0,0.0,GOOGL
2018-12-21 00:00:00-05:00,51.60200119018555,51.88349914550781,49.05950164794922,49.5625,49.0953254699707,104656000,0.0,0.0,GOOGL
2018-12-24 00:00:00-05:00,49.215999603271484,50.60599899291992,48.882999420166016,49.23350143432617,48.76942825317383,36360000,0.0,0.0,GOOGL
2018-12-26 00:00:00-05:00,49.89950180053711,52.42250061035156,49.63249969482422,52.39250183105469,51.89864730834961,46318000,0.0,0.0,GOOGL
2018-12-27 00:00:00-05:00,51.310001373291016,52.66699981689453,50.349998474121094,52.64500045776367,52.14876937866211,45996000,0.0,0.0,GOOGL
2018-12-28 00:00:00-05:00,52.974998474121094,53.21149826049805,52.099998474121094,52.33399963378906,51.8406982421875,34398000,0.0,0.0,GOOGL
2018-12-31 00:00:00-05:00,52.89149856567383,53.14950180053711,51.652000427246094,52.24800109863281,51.755516052246094,33110000,0.0,0.0,GOOGL
2019-01-02 00:00:00-05:00,51.36000061035156,53.03950119018555,51.263999938964844,52.73400115966797,52.23693084716797,31868000,0.0,0.0,GOOGL
2019-01-03 00:00:00-05:00,52.53350067138672,53.3129997253418,51.118499755859375,51.27349853515625,50.79019546508789,41960000,0.0,0.0,GOOGL
2019-01-04 00:00:00-05:00,52.12799835205078,54.0,51.84299850463867,53.903499603271484,53.39540481567383,46022000,0.0,0.0,GOOGL
2019-01-07 00:00:00-05:00,54.048500061035156,54.1349983215332,53.13199996948242,53.79600143432617,53.28892517089844,47446000,0.0,0.0,GOOGL
2019-01-08 00:00:00-05:00,54.29999923706055,54.66749954223633,53.41749954223633,54.26850128173828,53.7569694519043,35414000,0.0,0.0,GOOGL
2019-01-09 00:00:00-05:00,54.39950180053711,54.582000732421875,53.71849822998047,54.08250045776367,53.57271957397461,26998000,0.0,0.0,GOOGL
2019-01-10 00:00:00-05:00,53.74700164794922,53.990501403808594,53.23400115966797,53.94150161743164,53.433048248291016,26598000,0.0,0.0,GOOGL
2019-01-11 00:00:00-05:00,53.494998931884766,53.66849899291992,52.82149887084961,53.2234992980957,52.7218132019043,30864000,0.0,0.0,GOOGL
2019-01-14 00:00:00-05:00,52.66699981689453,52.92250061035156,52.4275016784668,52.57550048828125,52.07992172241211,28490000,0.0,0.0,GOOGL
2019-01-15 00:00:00-05:00,52.9005012512207,54.41350173950195,52.72200012207031,54.32550048828125,53.81342697143555,37518000,0.0,0.0,GOOGL
2019-01-16 00:00:00-05:00,54.5,55.11800003051758,54.4005012512207,54.47549819946289,53.962013244628906,38280000,0.0,0.0,GOOGL
2019-01-17 00:00:00-05:00,54.39950180053711,55.03499984741211,54.16299819946289,54.95600128173828,54.437984466552734,24896000,0.0,0.0,GOOGL
2019-01-18 00:00:00-05:00,55.429500579833984,55.900001525878906,54.9640007019043,55.3650016784668,54.84313201904297,44892000,0.0,0.0,GOOGL
2019-01-22 00:00:00-05:00,54.79999923706055,54.94850158691406,53.544498443603516,53.93149948120117,53.42314529418945,39632000,0.0,0.0,GOOGL
2019-01-23 00:00:00-05:00,54.34299850463867,54.647499084472656,53.378501892089844,54.22050094604492,53.70941925048828,25194000,0.0,0.0,GOOGL
2019-01-24 00:00:00-05:00,54.1254997253418,54.400001525878906,53.500999450683594,54.20000076293945,53.68911361694336,29114000,0.0,0.0,GOOGL
2019-01-25 00:00:00-05:00,54.71149826049805,55.167999267578125,54.59000015258789,55.07550048828125,54.556358337402344,23260000,0.0,0.0,GOOGL
2019-01-28 00:00:00-05:00,54.503501892089844,54.66849899291992,53.730499267578125,53.99300003051758,53.48406219482422,29334000,0.0,0.0,GOOGL
2019-01-29 00:00:00-05:00,54.051998138427734,54.23649978637695,53.30099868774414,53.50299835205078,52.99868392944336,19704000,0.0,0.0,GOOGL
2019-01-30 00:00:00-05:00,53.86800003051758,54.97600173950195,53.832000732421875,54.89950180053711,54.382022857666016,29452000,0.0,0.0,GOOGL
2019-01-31 00:00:00-05:00,55.61199951171875,56.38349914550781,55.26250076293945,56.294498443603516,55.76387023925781,40232000,0.0,0.0,GOOGL
2019-02-01 00:00:00-05:00,56.114498138427734,56.720001220703125,55.712501525878906,55.930999755859375,55.40379333496094,33116000,0.0,0.0,GOOGL
2019-02-04 00:00:00-05:00,55.95050048828125,57.117000579833984,55.8754997253418,57.07099914550781,56.53304672241211,78408000,0.0,0.0,GOOGL
2019-02-05 00:00:00-05:00,56.48149871826172,57.63850021362305,56.18000030517578,57.59349822998047,57.05062484741211,82296000,0.0,0.0,GOOGL
2019-02-06 00:00:00-05:00,57.4635009765625,57.70000076293945,55.917999267578125,56.144500732421875,55.61528396606445,48256000,0.0,0.0,GOOGL
2019-02-07 00:00:00-05:00,55.590999603271484,55.5994987487793,54.679500579833984,55.295501708984375,54.77428436279297,38298000,0.0,0.0,GOOGL
2019-02-08 00:00:00-05:00,54.74399948120117,55.255001068115234,54.71200180053711,55.11899948120117,54.599449157714844,21766000,0.0,0.0,GOOGL
2019-02-11 00:00:00-05:00,55.1875,55.67150115966797,55.0,55.10599899291992,54.586570739746094,18498000,0.0,0.0,GOOGL
2019-02-12 00:00:00-05:00,55.550498962402344,56.643001556396484,55.550498962402344,56.37900161743164,55.84756851196289,35036000,0.0,0.0,GOOGL
2019-02-13 00:00:00-05:00,56.652000427246094,57.14250183105469,56.29999923706055,56.43149948120117,55.899574279785156,28042000,0.0,0.0,GOOGL
2019-02-14 00:00:00-05:00,56.25,56.80649948120117,55.85449981689453,56.459999084472656,55.92780685424805,21106000,0.0,0.0,GOOGL
2019-02-15 00:00:00-05:00,56.96500015258789,56.96500015258789,55.83599853515625,55.98149871826172,55.45381546020508,27826000,0.0,0.0,GOOGL
2019-02-19 00:00:00-05:00,55.832000732421875,56.481998443603516,55.832000732421875,56.32550048828125,55.79457092285156,21980000,0.0,0.0,GOOGL
2019-02-20 00:00:00-05:00,56.444000244140625,56.54650115966797,55.587501525878906,56.02949905395508,55.501365661621094,24090000,0.0,0.0,GOOGL
2019-02-21 00:00:00-05:00,55.93899917602539,55.95750045776367,54.89899826049805,55.21049880981445,54.69009017944336,33272000,0.0,0.0,GOOGL
2019-02-22 00:00:00-05:00,55.48500061035156,55.86249923706055,55.025001525878906,55.827999114990234,55.3017692565918,29436000,0.0,0.0,GOOGL
2019-02-25 00:00:00-05:00,56.096500396728516,56.27000045776367,55.705501556396484,55.86650085449219,55.33989715576172,26208000,0.0,0.0,GOOGL
2019-02-26 00:00:00-05:00,55.71849822998047,56.321998596191406,55.334999084472656,56.10049819946289,55.57169723510742,35026000,0.0,0.0,GOOGL
2019-02-27 00:00:00-05:00,55.70050048828125,56.2864990234375,55.428001403808594,56.144500732421875,55.61528396606445,22092000,0.0,0.0,GOOGL
2019-02-28 00:00:00-05:00,55.95000076293945,56.699501037597656,55.920501708984375,56.32749938964844,55.79655075073242,27422000,0.0,0.0,GOOGL
2019-03-01 00:00:00-05:00,56.54999923706055,57.5,56.54999923706055,57.42599868774414,56.884700775146484,34086000,0.0,0.0,GOOGL
2019-03-04 00:00:00-05:00,57.72800064086914,58.2760009765625,56.912498474121094,57.67100143432617,57.12739944458008,35490000,0.0,0.0,GOOGL
2019-03-05 00:00:00-05:00,57.79999923706055,58.824501037597656,57.6510009765625,58.45949935913086,57.90846633911133,40094000,0.0,0.0,GOOGL
2019-03-06 00:00:00-05:00,58.5880012512207,58.73699951171875,58.15250015258789,58.24700164794922,57.69796371459961,23602000,0.0,0.0,GOOGL
2019-03-07 00:00:00-05:00,58.025001525878906,58.17900085449219,57.08549880981445,57.54249954223633,57.000099182128906,30086000,0.0,0.0,GOOGL
2019-03-08 00:00:00-05:00,56.69499969482422,57.67250061035156,56.5099983215332,57.49850082397461,56.956520080566406,23694000,0.0,0.0,GOOGL
2019-03-11 00:00:00-04:00,57.599998474121094,58.99549865722656,57.57849884033203,58.9630012512207,58.4072151184082,30032000,0.0,0.0,GOOGL
2019-03-12 00:00:00-04:00,59.1150016784668,60.285499572753906,59.1150016784668,59.86249923706055,59.29823303222656,42220000,0.0,0.0,GOOGL
2019-03-13 00:00:00-04:00,60.29650115966797,60.35599899291992,59.89550018310547,59.952999114990234,59.38787841796875,25888000,0.0,0.0,GOOGL
2019-03-14 00:00:00-04:00,59.95100021362305,60.23500061035156,59.561500549316406,59.62649917602539,59.064456939697266,27302000,0.0,0.0,GOOGL
2019-03-15 00:00:00-04:00,59.900001525878906,60.08599853515625,59.35049819946289,59.51499938964844,58.954010009765625,51886000,0.0,0.0,GOOGL
2019-03-18 00:00:00-04:00,59.484500885009766,59.747501373291016,59.07400131225586,59.4275016784668,58.86733627319336,24442000,0.0,0.0,GOOGL
2019-03-19 00:00:00-04:00,59.58599853515625,60.170501708984375,59.472999572753906,60.12300109863281,59.55628204345703,29788000,0.0,0.0,GOOGL
2019-03-20 00:00:00-04:00,60.06999969482422,61.4995002746582,59.97949981689453,61.32149887084961,60.74348068237305,41508000,0.0,0.0,GOOGL
2019-03-21 00:00:00-04:00,61.0,61.821998596191406,60.82899856567383,61.80649948120117,61.223907470703125,28150000,0.0,0.0,GOOGL
2019-03-22 00:00:00-04:00,61.442501068115234,61.68149948120117,60.29999923706055,60.38249969482422,59.813331604003906,34422000,0.0,0.0,GOOGL
2019-03-25 00:00:00-04:00,59.97800064086914,60.47200012207031,59.5,59.86899948120117,59.3046760559082,27576000,0.0,0.0,GOOGL
2019-03-26 00:00:00-04:00,60.259498596191406,60.38249969482422,59.0880012512207,59.492000579833984,58.93122482299805,30752000,0.0,0.0,GOOGL
2019-03-27 00:00:00-04:00,59.59600067138672,59.59600067138672,58.21149826049805,58.9005012512207,58.34530258178711,29428000,0.0,0.0,GOOGL
2019-03-28 00:00:00-04:00,58.775001525878906,58.86249923706055,58.17150115966797,58.61349868774414,58.06100845336914,22402000,0.0,0.0,GOOGL
2019-03-29 00:00:00-04:00,59.00899887084961,59.19850158691406,58.319000244140625,58.84450149536133,58.289833068847656,30890000,0.0,0.0,GOOGL
2019-04-01 00:00:00-04:00,59.37699890136719,60.0099983215332,59.31800079345703,59.94900131225586,59.38391876220703,27706000,0.0,0.0,GOOGL
2019-04-02 00:00:00-04:00,60.002498626708984,60.29050064086914,59.5620002746582,60.277000427246094,59.70883560180664,18288000,0.0,0.0,GOOGL
2019-04-03 00:00:00-04:00,60.6349983215332,61.029998779296875,60.25400161743164,60.54050064086914,59.969852447509766,22180000,0.0,0.0,GOOGL
2019-04-04 00:00:00-04:00,60.56449890136719,61.02750015258789,60.45199966430664,60.97249984741211,60.397769927978516,21022000,0.0,0.0,GOOGL
2019-04-05 00:00:00-04:00,60.96500015258789,61.019500732421875,60.50149917602539,60.5724983215332,60.001548767089844,20012000,0.0,0.0,GOOGL
2019-04-08 00:00:00-04:00,60.55550003051758,60.6974983215332,60.23500061035156,60.41400146484375,59.84454345703125,21750000,0.0,0.0,GOOGL
2019-04-09 00:00:00-04:00,60.09450149536133,60.35749816894531,59.91899871826172,60.134498596191406,59.56767272949219,19668000,0.0,0.0,GOOGL
2019-04-10 00:00:00-04:00,60.25450134277344,60.446998596191406,60.03300094604492,60.3224983215332,59.753902435302734,15510000,0.0,0.0,GOOGL
2019-04-11 00:00:00-04:00,60.44499969482422,60.637001037597656,60.22700119018555,60.47949981689453,59.90941619873047,16998000,0.0,0.0,GOOGL
2019-04-12 00:00:00-04:00,60.78099822998047,61.15250015258789,60.66450119018555,61.13650131225586,60.56022644042969,24312000,0.0,0.0,GOOGL
2019-04-15 00:00:00-04:00,61.204498291015625,61.46500015258789,60.72800064086914,61.326499938964844,60.74843978881836,23796000,0.0,0.0,GOOGL
2019-04-16 00:00:00-04:00,61.5,61.79899978637695,61.25199890136719,61.59550094604492,61.0149040222168,22622000,0.0,0.0,GOOGL
2019-04-17 00:00:00-04:00,61.849998474121094,62.255001068115234,61.64500045776367,62.00699996948242,61.42252731323242,30366000,0.0,0.0,GOOGL
2019-04-18 00:00:00-04:00,62.25,62.297000885009766,61.97050094604492,62.07350158691406,61.4883918762207,24750000,0.0,0.0,GOOGL
2019-04-22 00:00:00-04:00,61.833499908447266,62.71699905395508,61.66849899291992,62.6879997253418,62.097103118896484,19084000,0.0,0.0,GOOGL
2019-04-23 00:00:00-04:00,62.832000732421875,63.721500396728516,62.5984992980957,63.52949905395508,62.930667877197266,31868000,0.0,0.0,GOOGL
2019-04-24 00:00:00-04:00,63.52949905395508,63.70000076293945,62.990501403808594,63.002498626708984,62.408634185791016,23396000,0.0,0.0,GOOGL
2019-04-25 00:00:00-04:00,63.51499938964844,63.63999938964844,62.900001525878906,63.367000579833984,62.76970291137695,31344000,0.0,0.0,GOOGL
2019-04-26 00:00:00-04:00,63.66899871826172,63.945499420166016,63.25,63.87099838256836,63.26894760131836,27228000,0.0,0.0,GOOGL
2019-04-29 00:00:00-04:00,64.02549743652344,64.84850311279297,63.58549880981445,64.80999755859375,64.19910430908203,72368000,0.0,0.0,GOOGL
2019-04-30 00:00:00-04:00,59.53150177001953,60.04899978637695,59.150001525878906,59.948001861572266,59.382930755615234,133178000,0.0,0.0,GOOGL
2019-05-01 00:00:00-04:00,59.875,59.962501525878906,58.58399963378906,58.66600036621094,58.11301803588867,74340000,0.0,0.0,GOOGL
2019-05-02 00:00:00-04:00,58.630001068115234,58.96900177001953,57.916500091552734,58.32550048828125,57.775726318359375,45098000,0.0,0.0,GOOGL
2019-05-03 00:00:00-04:00,58.87049865722656,59.56999969482422,58.6775016784668,59.477500915527344,58.9168701171875,41588000,0.0,0.0,GOOGL
2019-05-06 00:00:00-04:00,58.599998474121094,59.77149963378906,58.55799865722656,59.67300033569336,59.11052703857422,31774000,0.0,0.0,GOOGL
2019-05-07 00:00:00-04:00,59.29050064086914,59.73849868774414,58.25,58.94300079345703,58.38740158081055,36604000,0.0,0.0,GOOGL
2019-05-08 00:00:00-04:00,58.864498138427734,59.2135009765625,58.381500244140625,58.53900146484375,57.98720932006836,25520000,0.0,0.0,GOOGL
2019-05-09 00:00:00-04:00,58.130001068115234,58.70349884033203,57.731998443603516,58.39849853515625,57.84803009033203,29556000,0.0,0.0,GOOGL
2019-05-10 00:00:00-04:00,58.44200134277344,58.81399917602539,57.31850051879883,58.38199996948242,57.83169174194336,31650000,0.0,0.0,GOOGL
2019-05-13 00:00:00-04:00,57.262001037597656,57.5984992980957,56.275001525878906,56.829498291015625,56.293819427490234,45626000,0.0,0.0,GOOGL
2019-05-14 00:00:00-04:00,57.11600112915039,57.243499755859375,56.17649841308594,56.24300003051758,55.71285629272461,40392000,0.0,0.0,GOOGL
2019-05-15 00:00:00-04:00,56.127498626708984,58.915000915527344,56.06999969482422,58.540000915527344,57.98820495605469,59302000,0.0,0.0,GOOGL
2019-05-16 00:00:00-04:00,58.59199905395508,59.70800018310547,58.42250061035156,59.224998474121094,58.666744232177734,35308000,0.0,0.0,GOOGL
2019-05-17 00:00:00-04:00,58.791500091552734,59.31449890136719,58.32099914550781,58.43899917602539,57.88814926147461,25362000,0.0,0.0,GOOGL
2019-05-20 00:00:00-04:00,57.650001525878906,57.650001525878906,56.90700149536133,57.233001708984375,56.69352722167969,30602000,0.0,0.0,GOOGL
2019-05-21 00:00:00-04:00,57.7239990234375,57.900001525878906,57.16550064086914,57.72200012207031,57.177913665771484,20562000,0.0,0.0,GOOGL
2019-05-22 00:00:00-04:00,57.5625,58.18899917602539,57.54999923706055,57.79249954223633,57.24774932861328,18826000,0.0,0.0,GOOGL
2019-05-23 00:00:00-04:00,57.30350112915039,57.502498626708984,56.65800094604492,57.266998291015625,56.72719955444336,25214000,0.0,0.0,GOOGL
2019-05-24 00:00:00-04:00,57.599998474121094,57.71799850463867,56.83549880981445,56.93050003051758,56.39387512207031,18554000,0.0,0.0,GOOGL
2019-05-28 00:00:00-04:00,57.07400131225586,57.824501037597656,56.93349838256836,56.97800064086914,56.440921783447266,20948000,0.0,0.0,GOOGL
2019-05-29 00:00:00-04:00,56.6349983215332,56.75,55.59749984741211,55.99700164794922,55.46917724609375,36230000,0.0,0.0,GOOGL
2019-05-30 00:00:00-04:00,56.00749969482422,56.34000015258789,55.79499816894531,56.070499420166016,55.54197692871094,18088000,0.0,0.0,GOOGL
2019-05-31 00:00:00-04:00,55.28200149536133,55.66999816894531,55.16749954223633,55.32500076293945,54.80350112915039,31582000,0.0,0.0,GOOGL
2019-06-03 00:00:00-04:00,53.346500396728516,53.349998474121094,51.35150146484375,51.9370002746582,51.44743728637695,96890000,0.0,0.0,GOOGL
2019-06-04 00:00:00-04:00,52.2244987487793,52.922000885009766,51.80149841308594,52.7244987487793,52.22751998901367,60512000,0.0,0.0,GOOGL
2019-06-05 00:00:00-04:00,52.75,52.84049987792969,51.650001525878906,52.231998443603516,51.73965835571289,46988000,0.0,0.0,GOOGL
2019-06-06 00:00:00-04:00,52.31050109863281,52.5,51.7755012512207,52.38800048828125,51.89419174194336,29020000,0.0,0.0,GOOGL
2019-06-07 00:00:00-04:00,52.7140007019043,53.67150115966797,52.557498931884766,53.41849899291992,52.91497039794922,43828000,0.0,0.0,GOOGL
2019-06-10 00:00:00-04:00,53.849998474121094,54.742000579833984,53.763999938964844,54.13800048828125,53.6276969909668,28510000,0.0,0.0,GOOGL
2019-06-11 00:00:00-04:00,54.8494987487793,55.20050048828125,53.97850036621094,54.051998138427734,53.542503356933594,33508000,0.0,0.0,GOOGL
2019-06-12 00:00:00-04:00,53.997501373291016,54.125999450683594,53.47999954223633,53.95500183105469,53.4464225769043,23670000,0.0,0.0,GOOGL
2019-06-13 00:00:00-04:00,54.23550033569336,54.829498291015625,54.128501892089844,54.550498962402344,54.036312103271484,20814000,0.0,0.0,GOOGL
2019-06-14 00:00:00-04:00,54.48699951171875,54.737998962402344,54.07400131225586,54.314998626708984,53.80302429199219,24582000,0.0,0.0,GOOGL
2019-06-17 00:00:00-04:00,54.45500183105469,55.06399917602539,54.400001525878906,54.69449996948242,54.178951263427734,19770000,0.0,0.0,GOOGL
2019-06-18 00:00:00-04:00,55.57500076293945,55.93899917602539,55.03950119018555,55.262001037597656,54.7411003112793,34526000,0.0,0.0,GOOGL
2019-06-19 00:00:00-04:00,55.36199951171875,55.471500396728516,54.80149841308594,55.22549819946289,54.7049446105957,26714000,0.0,0.0,GOOGL
2019-06-20 00:00:00-04:00,56.084999084472656,56.13600158691406,55.349998474121094,55.65999984741211,55.13534927368164,24018000,0.0,0.0,GOOGL
2019-06-21 00:00:00-04:00,55.49300003051758,56.32849884033203,55.486000061035156,56.26850128173828,55.73811721801758,50774000,0.0,0.0,GOOGL
2019-06-24 00:00:00-04:00,56.0,56.17850112915039,55.66550064086914,55.834999084472656,55.30870056152344,24236000,0.0,0.0,GOOGL
2019-06-25 00:00:00-04:00,55.75400161743164,55.78499984741211,54.22999954223633,54.37900161743164,53.866424560546875,31644000,0.0,0.0,GOOGL
2019-06-26 00:00:00-04:00,54.54999923706055,54.75600051879883,53.68450164794922,54.01599884033203,53.50684356689453,34698000,0.0,0.0,GOOGL
2019-06-27 00:00:00-04:00,54.337501525878906,54.42300033569336,53.79249954223633,53.83150100708008,53.32408905029297,24078000,0.0,0.0,GOOGL
2019-06-28 00:00:00-04:00,53.86149978637695,54.13999938964844,53.689998626708984,54.13999938964844,53.629676818847656,33672000,0.0,0.0,GOOGL
2019-07-01 00:00:00-04:00,55.051998138427734,55.429500579833984,54.76649856567383,55.0,54.481571197509766,29196000,0.0,0.0,GOOGL
2019-07-02 00:00:00-04:00,55.24150085449219,55.644500732421875,54.98350143432617,55.630001068115234,55.10562515258789,20630000,0.0,0.0,GOOGL
2019-07-03 00:00:00-04:00,55.92499923706055,56.39950180053711,55.74250030517578,56.14950180053711,55.620235443115234,20154000,0.0,0.0,GOOGL
2019-07-05 00:00:00-04:00,55.96849822998047,56.73249816894531,55.875,56.63349914550781,56.099674224853516,29794000,0.0,0.0,GOOGL
2019-07-08 00:00:00-04:00,56.29349899291992,56.36050033569336,55.5880012512207,55.839500427246094,55.31315612792969,29888000,0.0,0.0,GOOGL
2019-07-09 00:00:00-04:00,55.51599884033203,56.393001556396484,55.35749816894531,56.214500427246094,55.68461990356445,29472000,0.0,0.0,GOOGL
2019-07-10 00:00:00-04:00,56.61600112915039,57.117000579833984,56.53300094604492,57.045501708984375,56.507789611816406,30710000,0.0,0.0,GOOGL
2019-07-11 00:00:00-04:00,57.30799865722656,57.6619987487793,56.97650146484375,57.20399856567383,56.664791107177734,26004000,0.0,0.0,GOOGL
2019-07-12 00:00:00-04:00,57.14649963378906,57.375,56.928001403808594,57.266998291015625,56.72719955444336,21878000,0.0,0.0,GOOGL
2019-07-15 00:00:00-04:00,57.266998291015625,57.534000396728516,57.0,57.5255012512207,56.98326110839844,21164000,0.0,0.0,GOOGL
2019-07-16 00:00:00-04:00,57.33649826049805,57.92900085449219,57.33649826049805,57.67300033569336,57.129371643066406,25352000,0.0,0.0,GOOGL
2019-07-17 00:00:00-04:00,57.54600143432617,57.922000885009766,57.33100128173828,57.33700180053711,56.79655456542969,19538000,0.0,0.0,GOOGL
2019-07-18 00:00:00-04:00,57.099998474121094,57.40850067138672,56.643001556396484,57.36199951171875,56.8213005065918,25450000,0.0,0.0,GOOGL
2019-07-19 00:00:00-04:00,57.465999603271484,57.57899856567383,56.5625,56.57749938964844,56.0442008972168,23184000,0.0,0.0,GOOGL
2019-07-22 00:00:00-04:00,56.77349853515625,57.000999450683594,56.260501861572266,56.96049880981445,56.42359161376953,28914000,0.0,0.0,GOOGL
2019-07-23 00:00:00-04:00,57.17250061035156,57.44300079345703,56.64250183105469,57.40250015258789,56.861427307128906,20648000,0.0,0.0,GOOGL
2019-07-24 00:00:00-04:00,56.63100051879883,57.27299880981445,56.425498962402344,56.98649978637695,56.449337005615234,27192000,0.0,0.0,GOOGL
2019-07-25 00:00:00-04:00,56.9474983215332,57.179500579833984,56.18550109863281,56.797000885009766,56.26163101196289,54762000,0.0,0.0,GOOGL
2019-07-26 00:00:00-04:00,61.400001525878906,63.419498443603516,61.400001525878906,62.26100158691406,61.67412567138672,121216000,0.0,0.0,GOOGL
2019-07-29 00:00:00-04:00,62.125,62.449501037597656,61.5099983215332,62.09199905395508,61.5067253112793,41382000,0.0,0.0,GOOGL
2019-07-30 00:00:00-04:00,61.349998474121094,61.84550094604492,61.26599884033203,61.400001525878906,60.82123947143555,28616000,0.0,0.0,GOOGL
2019-07-31 00:00:00-04:00,61.243499755859375,61.74549865722656,60.409000396728516,60.90999984741211,60.33586120605469,39960000,0.0,0.0,GOOGL
2019-08-01 00:00:00-04:00,60.881500244140625,61.814998626708984,60.349998474121094,60.5890007019043,60.01789093017578,35426000,0.0,0.0,GOOGL
2019-08-02 00:00:00-04:00,60.150001525878906,60.474998474121094,59.5,59.816001892089844,59.25217819213867,34910000,0.0,0.0,GOOGL
2019-08-05 00:00:00-04:00,58.64849853515625,58.84400177001953,57.13750076293945,57.73749923706055,57.193267822265625,47840000,0.0,0.0,GOOGL
2019-08-06 00:00:00-04:00,58.2760009765625,59.06999969482422,58.076499938964844,58.55400085449219,58.0020751953125,36014000,0.0,0.0,GOOGL
2019-08-07 00:00:00-04:00,57.88999938964844,58.993499755859375,57.54199981689453,58.795501708984375,58.24129104614258,30686000,0.0,0.0,GOOGL
2019-08-08 00:00:00-04:00,59.32149887084961,60.31399917602539,58.70000076293945,60.30950164794922,59.74103546142578,30116000,0.0,0.0,GOOGL
2019-08-09 00:00:00-04:00,59.9995002746582,60.222999572753906,59.24449920654297,59.44499969482422,58.88467025756836,20418000,0.0,0.0,GOOGL
2019-08-12 00:00:00-04:00,59.0,59.28049850463867,58.43600082397461,58.724998474121094,58.17145919799805,22064000,0.0,0.0,GOOGL
2019-08-13 00:00:00-04:00,58.717498779296875,60.27149963378906,58.64950180053711,59.83649826049805,59.27248001098633,28434000,0.0,0.0,GOOGL
2019-08-14 00:00:00-04:00,58.80350112915039,59.13949966430664,58.05350112915039,58.212501525878906,57.663795471191406,35430000,0.0,0.0,GOOGL
2019-08-15 00:00:00-04:00,58.42150115966797,58.82099914550781,58.150001525878906,58.465999603271484,57.9149055480957,28506000,0.0,0.0,GOOGL
2019-08-16 00:00:00-04:00,59.03950119018555,59.19200134277344,58.650001525878906,58.96049880981445,58.40473556518555,24916000,0.0,0.0,GOOGL
2019-08-19 00:00:00-04:00,59.59149932861328,60.46950149536133,59.52000045776367,60.02199935913086,59.456241607666016,24450000,0.0,0.0,GOOGL
2019-08-20 00:00:00-04:00,59.76750183105469,59.900001525878906,59.15250015258789,59.17649841308594,58.61869812011719,20206000,0.0,0.0,GOOGL
2019-08-21 00:00:00-04:00,59.79100036621094,60.02799987792969,59.395999908447266,59.57899856567383,59.01740264892578,14152000,0.0,0.0,GOOGL
2019-08-22 00:00:00-04:00,59.689998626708984,59.93899917602539,58.945499420166016,59.57600021362305,59.014434814453125,17352000,0.0,0.0,GOOGL
2019-08-23 00:00:00-04:00,59.25849914550781,59.78350067138672,57.5,57.67900085449219,57.13531494140625,36254000,0.0,0.0,GOOGL
2019-08-26 00:00:00-04:00,57.97249984741211,58.59299850463867,57.74250030517578,58.558998107910156,58.007015228271484,21166000,0.0,0.0,GOOGL
2019-08-27 00:00:00-04:00,59.150001525878906,59.25,58.22800064086914,58.54100036621094,57.989200592041016,23460000,0.0,0.0,GOOGL
2019-08-28 00:00:00-04:00,58.243499755859375,58.92499923706055,58.01250076293945,58.6875,58.13431930541992,16810000,0.0,0.0,GOOGL
2019-08-29 00:00:00-04:00,59.32099914550781,59.95949935913086,59.263999938964844,59.71200180053711,59.14915466308594,19636000,0.0,0.0,GOOGL
2019-08-30 00:00:00-04:00,60.01750183105469,60.01750183105469,59.2859992980957,59.5265007019043,58.96540451049805,18064000,0.0,0.0,GOOGL
2019-09-03 00:00:00-04:00,59.092498779296875,59.45399856567383,58.18550109863281,58.477500915527344,57.926292419433594,25908000,0.0,0.0,GOOGL
2019-09-04 00:00:00-04:00,58.97249984741211,59.24399948120117,58.576499938964844,59.11349868774414,58.5562858581543,21312000,0.0,0.0,GOOGL
2019-09-05 00:00:00-04:00,59.68299865722656,60.70000076293945,59.634498596191406,60.609500885009766,60.03819274902344,26394000,0.0,0.0,GOOGL
2019-09-06 00:00:00-04:00,60.457000732421875,60.647499084472656,60.16299819946289,60.316001892089844,59.747467041015625,18972000,0.0,0.0,GOOGL
2019-09-09 00:00:00-04:00,60.354000091552734,61.02750015258789,59.65850067138672,60.26350021362305,59.695457458496094,31854000,0.0,0.0,GOOGL
2019-09-10 00:00:00-04:00,59.804500579833984,60.5,59.800498962402344,60.28499984741211,59.71675109863281,27922000,0.0,0.0,GOOGL
2019-09-11 00:00:00-04:00,60.19449996948242,61.12350082397461,60.11399841308594,61.0,60.42501449584961,23522000,0.0,0.0,GOOGL
2019-09-12 00:00:00-04:00,61.173500061035156,62.12099838256836,61.12799835205078,61.74850082397461,61.16645812988281,31644000,0.0,0.0,GOOGL
2019-09-13 00:00:00-04:00,61.605499267578125,62.0525016784668,61.354000091552734,62.00149917602539,61.41707229614258,23676000,0.0,0.0,GOOGL
2019-09-16 00:00:00-04:00,61.52199935913086,61.95100021362305,61.259498596191406,61.58150100708008,61.001033782958984,28218000,0.0,0.0,GOOGL
2019-09-17 00:00:00-04:00,61.58150100708008,61.75,61.16749954223633,61.49399948120117,60.91436004638672,20806000,0.0,0.0,GOOGL
2019-09-18 00:00:00-04:00,61.512001037597656,61.8120002746582,60.82350158691406,61.63249969482422,61.05155563354492,17440000,0.0,0.0,GOOGL
2019-09-19 00:00:00-04:00,61.61600112915039,62.21699905395508,61.615501403808594,61.9375,61.353675842285156,16554000,0.0,0.0,GOOGL
2019-09-20 00:00:00-04:00,61.68199920654297,62.13999938964844,61.17900085449219,61.492000579833984,60.91237258911133,37692000,0.0,0.0,GOOGL
2019-09-23 00:00:00-04:00,61.32849884033203,61.98400115966797,61.18899917602539,61.734500885009766,61.152591705322266,20798000,0.0,0.0,GOOGL
2019-09-24 00:00:00-04:00,62.0,62.355499267578125,60.53200149536133,60.916500091552734,60.34230422973633,35804000,0.0,0.0,GOOGL
2019-09-25 00:00:00-04:00,60.800498962402344,62.4010009765625,60.459999084472656,62.297000885009766,61.70978927612305,26798000,0.0,0.0,GOOGL
2019-09-26 00:00:00-04:00,62.106998443603516,62.23350143432617,61.590999603271484,62.114498138427734,61.52901077270508,23166000,0.0,0.0,GOOGL
2019-09-27 00:00:00-04:00,62.14149856567383,62.2495002746582,60.7599983215332,61.29750061035156,60.71971130371094,34122000,0.0,0.0,GOOGL
2019-09-30 00:00:00-04:00,61.029998779296875,61.37049865722656,60.67100143432617,61.05699920654297,60.481475830078125,24470000,0.0,0.0,GOOGL
2019-10-01 00:00:00-04:00,61.1245002746582,61.643001556396484,60.27750015258789,60.29999923706055,59.73160934448242,24504000,0.0,0.0,GOOGL
2019-10-02 00:00:00-04:00,59.82500076293945,59.9379997253418,58.631500244140625,58.895999908447266,58.34083938598633,33030000,0.0,0.0,GOOGL
2019-10-03 00:00:00-04:00,59.16699981689453,59.54999923706055,58.15700149536133,59.471500396728516,58.91092300415039,28368000,0.0,0.0,GOOGL
2019-10-04 00:00:00-04:00,59.714500427246094,60.62300109863281,59.548500061035156,60.54800033569336,59.97727584838867,24282000,0.0,0.0,GOOGL
2019-10-07 00:00:00-04:00,60.349998474121094,60.945499420166016,60.21799850463867,60.412498474121094,59.84305191040039,17040000,0.0,0.0,GOOGL
2019-10-08 00:00:00-04:00,59.938499450683594,60.34349822998047,59.4739990234375,59.506500244140625,58.945594787597656,20086000,0.0,0.0,GOOGL
2019-10-09 00:00:00-04:00,60.06650161743164,60.42300033569336,59.90599822998047,60.119998931884766,59.553306579589844,15948000,0.0,0.0,GOOGL
2019-10-10 00:00:00-04:00,59.93000030517578,60.78099822998047,59.893001556396484,60.4734992980957,59.90347671508789,12842000,0.0,0.0,GOOGL
2019-10-11 00:00:00-04:00,61.201499938964844,61.4375,60.68199920654297,60.785499572753906,60.2125358581543,22330000,0.0,0.0,GOOGL
2019-10-14 00:00:00-04:00,60.69449996948242,61.29399871826172,60.59400177001953,60.88850021362305,60.31456756591797,13296000,0.0,0.0,GOOGL
2019-10-15 00:00:00-04:00,61.07500076293945,62.35649871826172,61.04600143432617,62.11199951171875,61.52653121948242,27584000,0.0,0.0,GOOGL
2019-10-16 00:00:00-04:00,62.09049987792969,62.70949935913086,61.92649841308594,62.150001525878906,61.564178466796875,22986000,0.0,0.0,GOOGL
2019-10-17 00:00:00-04:00,62.56999969482422,63.1875,62.493499755859375,62.63999938964844,62.049560546875,20958000,0.0,0.0,GOOGL
2019-10-18 00:00:00-04:00,62.734500885009766,62.90549850463867,62.00699996948242,62.22050094604492,61.63400650024414,31624000,0.0,0.0,GOOGL
2019-10-21 00:00:00-04:00,62.435001373291016,62.675498962402344,61.9995002746582,62.2140007019043,61.627567291259766,18094000,0.0,0.0,GOOGL
2019-10-22 00:00:00-04:00,62.2239990234375,62.436500549316406,61.99250030517578,62.060001373291016,61.47501754760742,22862000,0.0,0.0,GOOGL
2019-10-23 00:00:00-04:00,62.010501861572266,62.902000427246094,62.010501861572266,62.881500244140625,62.288780212402344,21282000,0.0,0.0,GOOGL
2019-10-24 00:00:00-04:00,62.955501556396484,63.14500045776367,62.61750030517578,62.955501556396484,62.362083435058594,20224000,0.0,0.0,GOOGL
2019-10-25 00:00:00-04:00,62.599998474121094,63.400001525878906,62.45750045776367,63.21500015258789,62.619136810302734,27104000,0.0,0.0,GOOGL
2019-10-28 00:00:00-04:00,63.75,64.96199798583984,63.615501403808594,64.4489974975586,63.84151077270508,65428000,0.0,0.0,GOOGL
2019-10-29 00:00:00-04:00,63.79999923706055,64.04000091552734,62.78049850463867,63.03300094604492,62.43885040283203,52654000,0.0,0.0,GOOGL
2019-10-30 00:00:00-04:00,62.75749969482422,63.4010009765625,62.532501220703125,63.03499984741211,62.440834045410156,29204000,0.0,0.0,GOOGL
2019-10-31 00:00:00-04:00,63.0,63.32600021362305,62.4739990234375,62.939998626708984,62.34672546386719,31904000,0.0,0.0,GOOGL
2019-11-01 00:00:00-04:00,63.290000915527344,63.650001525878906,62.98550033569336,63.61249923706055,63.01288604736328,28812000,0.0,0.0,GOOGL
2019-11-04 00:00:00-05:00,63.80550003051758,64.625,63.80550003051758,64.48049926757812,63.872711181640625,30632000,0.0,0.0,GOOGL
2019-11-05 00:00:00-05:00,64.55999755859375,64.86199951171875,64.46900177001953,64.5719985961914,63.96332931518555,25148000,0.0,0.0,GOOGL
2019-11-06 00:00:00-05:00,64.50450134277344,64.64949798583984,64.1135025024414,64.55049896240234,63.94205093383789,24626000,0.0,0.0,GOOGL
2019-11-07 00:00:00-05:00,64.71399688720703,66.13249969482422,64.6875,65.34700012207031,64.73104095458984,45140000,0.0,0.0,GOOGL
2019-11-08 00:00:00-05:00,65.07599639892578,65.85549926757812,65.07599639892578,65.44999694824219,64.83306121826172,30392000,0.0,0.0,GOOGL
2019-11-11 00:00:00-05:00,65.19999694824219,65.24500274658203,64.79350280761719,64.91400146484375,64.30211639404297,17234000,0.0,0.0,GOOGL
2019-11-12 00:00:00-05:00,64.92849731445312,65.46749877929688,64.71199798583984,64.8604965209961,64.24911499023438,28852000,0.0,0.0,GOOGL
2019-11-13 00:00:00-05:00,64.65899658203125,65.1259994506836,64.60749816894531,64.80899810791016,64.19810485839844,20538000,0.0,0.0,GOOGL
2019-11-14 00:00:00-05:00,64.75,65.78600311279297,64.6969985961914,65.4574966430664,64.84049987792969,28948000,0.0,0.0,GOOGL
2019-11-15 00:00:00-05:00,65.75250244140625,66.677001953125,65.59449768066406,66.677001953125,66.04850769042969,39286000,0.0,0.0,GOOGL
2019-11-18 00:00:00-05:00,66.61699676513672,66.69599914550781,65.80799865722656,65.99199676513672,65.36995697021484,27984000,0.0,0.0,GOOGL
2019-11-19 00:00:00-05:00,66.33149719238281,66.33149719238281,65.5885009765625,65.62950134277344,65.0108642578125,21864000,0.0,0.0,GOOGL
2019-11-20 00:00:00-05:00,65.56800079345703,65.6604995727539,64.46050262451172,65.09300231933594,64.47943115234375,28892000,0.0,0.0,GOOGL
2019-11-21 00:00:00-05:00,64.9625015258789,65.55599975585938,64.5374984741211,65.00700378417969,64.39425659179688,25546000,0.0,0.0,GOOGL
2019-11-22 00:00:00-05:00,65.1500015258789,65.34500122070312,64.46800231933594,64.68350219726562,64.07379913330078,27776000,0.0,0.0,GOOGL
2019-11-25 00:00:00-05:00,64.81300354003906,65.52050018310547,64.78050231933594,65.28199768066406,64.66665649414062,23590000,0.0,0.0,GOOGL
2019-11-26 00:00:00-05:00,65.49549865722656,65.70050048828125,65.2020034790039,65.6500015258789,65.03118896484375,21910000,0.0,0.0,GOOGL
2019-11-27 00:00:00-05:00,65.77100372314453,65.88200378417969,65.47350311279297,65.60649871826172,64.98809051513672,18808000,0.0,0.0,GOOGL
2019-11-29 00:00:00-05:00,65.33000183105469,65.49749755859375,65.1614990234375,65.20449829101562,64.58988952636719,12802000,0.0,0.0,GOOGL
2019-12-02 00:00:00-05:00,65.12799835205078,65.27200317382812,64.01899719238281,64.44300079345703,63.8355598449707,26538000,0.0,0.0,GOOGL
2019-12-03 00:00:00-05:00,63.93299865722656,64.86150360107422,63.852500915527344,64.73699951171875,64.12678527832031,25270000,0.0,0.0,GOOGL
2019-12-04 00:00:00-05:00,65.30500030517578,66.2135009765625,65.15249633789062,65.9469985961914,65.32538604736328,35506000,0.0,0.0,GOOGL
2019-12-05 00:00:00-05:00,66.3499984741211,66.39900207519531,65.71600341796875,66.3479995727539,65.72261047363281,24408000,0.0,0.0,GOOGL
2019-12-06 00:00:00-05:00,66.63749694824219,67.12349700927734,66.5615005493164,66.96949768066406,66.33824157714844,32968000,0.0,0.0,GOOGL
2019-12-09 00:00:00-05:00,66.94300079345703,67.87750244140625,66.80349731445312,67.14949798583984,66.51655578613281,30842000,0.0,0.0,GOOGL
2019-12-10 00:00:00-05:00,66.99700164794922,67.4000015258789,66.69999694824219,67.14450073242188,66.5115966796875,17606000,0.0,0.0,GOOGL
2019-12-11 00:00:00-05:00,67.41500091552734,67.49449920654297,67.05500030517578,67.2125015258789,66.57897186279297,20480000,0.0,0.0,GOOGL
2019-12-12 00:00:00-05:00,67.1604995727539,67.72899627685547,66.91000366210938,67.42449951171875,66.78894805908203,29114000,0.0,0.0,GOOGL
2019-12-13 00:00:00-05:00,67.3949966430664,67.56749725341797,67.08300018310547,67.34349822998047,66.70873260498047,33170000,0.0,0.0,GOOGL
2019-12-16 00:00:00-05:00,67.75,68.17649841308594,67.53050231933594,68.03500366210938,67.39372253417969,28128000,0.0,0.0,GOOGL
2019-12-17 00:00:00-05:00,68.12049865722656,68.21649932861328,67.53849792480469,67.74449920654297,67.10594177246094,32948000,0.0,0.0,GOOGL
2019-12-18 00:00:00-05:00,67.8499984741211,67.97149658203125,67.52300262451172,67.59549713134766,66.95832824707031,23330000,0.0,0.0,GOOGL
2019-12-19 00:00:00-05:00,67.59549713134766,67.87650299072266,67.4375,67.8219985961914,67.18269348144531,28922000,0.0,0.0,GOOGL
2019-12-20 00:00:00-05:00,68.15499877929688,68.19999694824219,67.5364990234375,67.56099700927734,66.92416381835938,50090000,0.0,0.0,GOOGL
2019-12-23 00:00:00-05:00,67.9365005493164,68.09249877929688,67.4000015258789,67.53150177001953,66.89495086669922,19936000,0.0,0.0,GOOGL
2019-12-24 00:00:00-05:00,67.510498046875,67.60050201416016,67.20850372314453,67.22149658203125,66.5878677368164,13468000,0.0,0.0,GOOGL
2019-12-26 00:00:00-05:00,67.32749938964844,68.16000366210938,67.27549743652344,68.12349700927734,67.48136901855469,23662000,0.0,0.0,GOOGL
2019-12-27 00:00:00-05:00,68.19999694824219,68.35250091552734,67.6500015258789,67.73200225830078,67.09357452392578,23212000,0.0,0.0,GOOGL
2019-12-30 00:00:00-05:00,67.84049987792969,67.8499984741211,66.89199829101562,66.9854965209961,66.35409545898438,19994000,0.0,0.0,GOOGL
2019-12-31 00:00:00-05:00,66.78949737548828,67.03299713134766,66.60649871826172,66.96949768066406,66.33824157714844,19514000,0.0,0.0,GOOGL
2020-01-02 00:00:00-05:00,67.42050170898438,68.43399810791016,67.32450103759766,68.43399810791016,67.7889404296875,27278000,0.0,0.0,GOOGL
2020-01-03 00:00:00-05:00,67.4000015258789,68.6875,67.36599731445312,68.07599639892578,67.4343032836914,23408000,0.0,0.0,GOOGL
2020-01-06 00:00:00-05:00,67.58149719238281,69.91600036621094,67.55000305175781,69.8905029296875,69.23171997070312,46768000,0.0,0.0,GOOGL
2020-01-07 00:00:00-05:00,70.02300262451172,70.17500305175781,69.5780029296875,69.75550079345703,69.09796905517578,34330000,0.0,0.0,GOOGL
2020-01-08 00:00:00-05:00,69.74099731445312,70.59249877929688,69.63150024414062,70.25199890136719,69.58979797363281,35314000,0.0,0.0,GOOGL
2020-01-09 00:00:00-05:00,71.09649658203125,71.43399810791016,70.510498046875,70.989501953125,70.32035827636719,33200000,0.0,0.0,GOOGL
2020-01-10 00:00:00-05:00,71.47350311279297,71.74700164794922,70.9800033569336,71.447998046875,70.77452087402344,26258000,0.0,0.0,GOOGL
2020-01-13 00:00:00-05:00,71.76249694824219,72.0739974975586,71.26850128173828,72.00150299072266,71.32282257080078,30730000,0.0,0.0,GOOGL
2020-01-14 00:00:00-05:00,72.0,72.13150024414062,71.38849639892578,71.52950286865234,70.85526275634766,26076000,0.0,0.0,GOOGL
2020-01-15 00:00:00-05:00,71.6510009765625,72.03900146484375,71.58300018310547,71.95999908447266,71.28170776367188,21550000,0.0,0.0,GOOGL
2020-01-16 00:00:00-05:00,72.27249908447266,72.53500366210938,72.0,72.50800323486328,71.82455444335938,26080000,0.0,0.0,GOOGL
2020-01-17 00:00:00-05:00,73.12699890136719,74.02749633789062,72.82749938964844,73.97599792480469,73.27869415283203,52424000,0.0,0.0,GOOGL
2020-01-21 00:00:00-05:00,73.94999694824219,74.49400329589844,73.510498046875,74.11250305175781,73.41392517089844,48930000,0.0,0.0,GOOGL
2020-01-22 00:00:00-05:00,74.48650360107422,75.02899932861328,74.13300323486328,74.19349670410156,73.49415588378906,28458000,0.0,0.0,GOOGL
2020-01-23 00:00:00-05:00,74.37750244140625,74.67500305175781,74.01599884033203,74.2344970703125,73.5347671508789,26650000,0.0,0.0,GOOGL
2020-01-24 00:00:00-05:00,74.64099884033203,74.70999908447266,73.15899658203125,73.30850219726562,72.61749267578125,29786000,0.0,0.0,GOOGL
2020-01-27 00:00:00-05:00,71.5770034790039,71.8290023803711,70.9749984741211,71.58650207519531,70.91173553466797,34132000,0.0,0.0,GOOGL
2020-01-28 00:00:00-05:00,72.08699798583984,72.73999786376953,71.51799774169922,72.5250015258789,71.84138488769531,29724000,0.0,0.0,GOOGL
2020-01-29 00:00:00-05:00,72.9229965209961,73.20700073242188,72.26950073242188,72.83499908447266,72.1484603881836,21566000,0.0,0.0,GOOGL
2020-01-30 00:00:00-05:00,71.90499877929688,72.76249694824219,71.75,72.7125015258789,72.02710723876953,27110000,0.0,0.0,GOOGL
2020-01-31 00:00:00-05:00,73.39299774169922,73.4834976196289,71.35299682617188,71.63899993896484,70.96373748779297,43822000,0.0,0.0,GOOGL
2020-02-03 00:00:00-05:00,73.0824966430664,74.31500244140625,72.83049774169922,74.12999725341797,73.4312515258789,71636000,0.0,0.0,GOOGL
2020-02-04 00:00:00-05:00,72.72450256347656,73.36699676513672,71.10150146484375,72.27050018310547,71.58927154541016,95880000,0.0,0.0,GOOGL
2020-02-05 00:00:00-05:00,73.18049621582031,73.22899627685547,71.48400115966797,72.30249786376953,71.62096405029297,36376000,0.0,0.0,GOOGL
2020-02-06 00:00:00-05:00,72.5989990234375,74.0780029296875,72.52400207519531,73.79850006103516,73.10289001464844,37822000,0.0,0.0,GOOGL
2020-02-07 00:00:00-05:00,73.36949920654297,74.26249694824219,73.27050018310547,73.95549774169922,73.25839233398438,28360000,0.0,0.0,GOOGL
2020-02-10 00:00:00-05:00,73.86150360107422,75.44400024414062,73.76000213623047,75.43299865722656,74.72196960449219,38302000,0.0,0.0,GOOGL
2020-02-11 00:00:00-05:00,75.66349792480469,76.49400329589844,75.27249908447266,75.50299835205078,74.79130554199219,34852000,0.0,0.0,GOOGL
2020-02-12 00:00:00-05:00,75.79299926757812,76.01499938964844,75.43350219726562,75.93150329589844,75.21576690673828,31042000,0.0,0.0,GOOGL
2020-02-13 00:00:00-05:00,75.5,76.29750061035156,75.19999694824219,75.66950225830078,74.95624542236328,22914000,0.0,0.0,GOOGL
2020-02-14 00:00:00-05:00,75.72650146484375,76.00250244140625,75.27749633789062,75.9365005493164,75.22071075439453,23198000,0.0,0.0,GOOGL
2020-02-18 00:00:00-05:00,75.71700286865234,76.52799987792969,75.55049896240234,75.97200012207031,75.2558822631836,25642000,0.0,0.0,GOOGL
2020-02-19 00:00:00-05:00,76.36000061035156,76.53700256347656,76.04900360107422,76.24349975585938,75.52483367919922,22746000,0.0,0.0,GOOGL
2020-02-20 00:00:00-05:00,75.95050048828125,76.35350036621094,75.21299743652344,75.84950256347656,75.13453674316406,25962000,0.0,0.0,GOOGL
2020-02-21 00:00:00-05:00,75.22899627685547,75.54750061035156,73.92449951171875,74.1729965209961,73.47384643554688,42520000,0.0,0.0,GOOGL
2020-02-24 00:00:00-05:00,71.15249633789062,71.81900024414062,70.3395004272461,70.99299621582031,70.32381439208984,49560000,0.0,0.0,GOOGL
2020-02-25 00:00:00-05:00,71.55000305175781,71.84249877929688,69.02100372314453,69.31600189208984,68.66264343261719,51580000,0.0,0.0,GOOGL
2020-02-26 00:00:00-05:00,69.7490005493164,70.68350219726562,68.82749938964844,69.52349853515625,68.86817932128906,49776000,0.0,0.0,GOOGL
2020-02-27 00:00:00-05:00,67.95700073242188,68.47000122070312,65.71199798583984,65.74749755859375,65.12777709960938,62290000,0.0,0.0,GOOGL
2020-02-28 00:00:00-05:00,63.71549987792969,67.12249755859375,63.410499572753906,66.9625015258789,66.33131408691406,80198000,0.0,0.0,GOOGL
2020-03-02 00:00:00-05:00,67.56950378417969,69.37349700927734,66.26000213623047,69.31600189208984,68.66264343261719,55430000,0.0,0.0,GOOGL
2020-03-03 00:00:00-05:00,69.88400268554688,70.40950012207031,66.46199798583984,66.88600158691406,66.25552368164062,56602000,0.0,0.0,GOOGL
2020-03-04 00:00:00-05:00,67.947998046875,69.13899993896484,66.8499984741211,69.08000183105469,68.42886352539062,47598000,0.0,0.0,GOOGL
2020-03-05 00:00:00-05:00,67.27749633789062,67.68150329589844,65.08200073242188,65.73799896240234,65.11835479736328,54380000,0.0,0.0,GOOGL
2020-03-06 00:00:00-05:00,63.497501373291016,65.13749694824219,62.86050033569336,64.78700256347656,64.17630767822266,64640000,0.0,0.0,GOOGL
2020-03-09 00:00:00-04:00,60.24800109863281,62.63650131225586,59.902000427246094,60.78950119018555,60.216495513916016,69252000,0.0,0.0,GOOGL
2020-03-10 00:00:00-04:00,62.71950149536133,63.79249954223633,60.72549819946289,63.75849914550781,63.15751266479492,54872000,0.0,0.0,GOOGL
2020-03-11 00:00:00-04:00,62.41350173950195,62.846500396728516,59.55699920654297,60.54499816894531,59.97429656982422,54732000,0.0,0.0,GOOGL
2020-03-12 00:00:00-04:00,56.13100051879883,59.4375,55.423500061035156,55.57749938964844,55.053627014160156,94326000,0.0,0.0,GOOGL
2020-03-13 00:00:00-04:00,58.7495002746582,60.720001220703125,55.614498138427734,60.7135009765625,60.14122009277344,79400000,0.0,0.0,GOOGL
2020-03-16 00:00:00-04:00,54.480499267578125,57.27349853515625,53.354000091552734,53.650001525878906,53.1442985534668,96520000,0.0,0.0,GOOGL
2020-03-17 00:00:00-04:00,54.53200149536133,56.29999923706055,52.45500183105469,55.90299987792969,55.37605667114258,83194000,0.0,0.0,GOOGL
2020-03-18 00:00:00-04:00,52.99700164794922,55.2495002746582,51.849998474121094,54.55950164794922,54.045223236083984,93044000,0.0,0.0,GOOGL
2020-03-19 00:00:00-04:00,54.4109992980957,57.63050079345703,52.77750015258789,55.583499908447266,55.0595703125,74064000,0.0,0.0,GOOGL
2020-03-20 00:00:00-04:00,56.54499816894531,56.92399978637695,53.10499954223633,53.410499572753906,52.90705490112305,82878000,0.0,0.0,GOOGL
2020-03-23 00:00:00-04:00,52.81850051879883,53.34550094604492,50.44350051879883,52.70650100708008,52.20969009399414,83672000,0.0,0.0,GOOGL
2020-03-24 00:00:00-04:00,55.19900131225586,56.666500091552734,54.32149887084961,56.5004997253418,55.96792984008789,72468000,0.0,0.0,GOOGL
2020-03-25 00:00:00-04:00,56.229000091552734,57.30849838256836,54.1505012512207,55.08100128173828,54.561805725097656,90324000,0.0,0.0,GOOGL
2020-03-26 00:00:00-04:00,55.736000061035156,58.57400131225586,54.60150146484375,58.145999908447266,57.597923278808594,76562000,0.0,0.0,GOOGL
2020-03-27 00:00:00-04:00,56.37350082397461,57.5525016784668,55.20000076293945,55.51300048828125,54.9897346496582,62794000,0.0,0.0,GOOGL
2020-03-30 00:00:00-04:00,56.63199996948242,57.54999923706055,54.92449951171875,57.31549835205078,56.77524185180664,58736000,0.0,0.0,GOOGL
2020-03-31 00:00:00-04:00,57.436500549316406,58.66999816894531,56.83599853515625,58.09749984741211,57.54987335205078,65228000,0.0,0.0,GOOGL
2020-04-01 00:00:00-04:00,56.20000076293945,56.47100067138672,54.67449951171875,55.10499954223633,54.58557891845703,51970000,0.0,0.0,GOOGL
2020-04-02 00:00:00-04:00,55.0,56.13850021362305,54.65650177001953,55.85150146484375,55.32504653930664,56410000,0.0,0.0,GOOGL
2020-04-03 00:00:00-04:00,55.73550033569336,55.93949890136719,53.75400161743164,54.6349983215332,54.12001037597656,51374000,0.0,0.0,GOOGL
2020-04-06 00:00:00-04:00,56.650001525878906,59.537498474121094,56.25,59.15950012207031,58.601871490478516,63320000,0.0,0.0,GOOGL
2020-04-07 00:00:00-04:00,60.85049819946289,61.03900146484375,58.86249923706055,59.12799835205078,58.570655822753906,61620000,0.0,0.0,GOOGL
2020-04-08 00:00:00-04:00,60.154998779296875,60.744998931884766,59.1974983215332,60.349998474121094,59.78114318847656,40334000,0.0,0.0,GOOGL
2020-04-09 00:00:00-04:00,60.909000396728516,61.0994987487793,59.62099838256836,60.32849884033203,59.75984573364258,54028000,0.0,0.0,GOOGL
2020-04-13 00:00:00-04:00,60.07500076293945,60.72600173950195,59.11650085449219,60.52050018310547,59.950035095214844,38702000,0.0,0.0,GOOGL
2020-04-14 00:00:00-04:00,61.99850082397461,63.787498474121094,61.426998138427734,63.26150131225586,62.665199279785156,63358000,0.0,0.0,GOOGL
2020-04-15 00:00:00-04:00,62.32550048828125,63.75550079345703,61.70000076293945,62.8650016784668,62.272438049316406,42236000,0.0,0.0,GOOGL
2020-04-16 00:00:00-04:00,63.356998443603516,63.667999267578125,61.90999984741211,62.871498107910156,62.27887725830078,57896000,0.0,0.0,GOOGL
2020-04-17 00:00:00-04:00,64.08499908447266,64.5,63.29999923706055,63.95000076293945,63.34720230102539,51050000,0.0,0.0,GOOGL
2020-04-20 00:00:00-04:00,63.49449920654297,63.840999603271484,62.821998596191406,63.057498931884766,62.46311569213867,35292000,0.0,0.0,GOOGL
2020-04-21 00:00:00-04:00,62.135501861572266,62.5,60.25,60.608001708984375,60.03670883178711,49648000,0.0,0.0,GOOGL
2020-04-22 00:00:00-04:00,62.05550003051758,63.99399948120117,61.86000061035156,62.920501708984375,62.32740783691406,46296000,0.0,0.0,GOOGL
2020-04-23 00:00:00-04:00,63.2869987487793,64.40750122070312,63.0265007019043,63.55849838256836,62.95939254760742,34202000,0.0,0.0,GOOGL
2020-04-24 00:00:00-04:00,62.75,63.885501861572266,62.20000076293945,63.83000183105469,63.22834014892578,37402000,0.0,0.0,GOOGL
2020-04-27 00:00:00-04:00,64.5999984741211,64.70500183105469,63.25299835205078,63.542999267578125,62.94404220581055,44186000,0.0,0.0,GOOGL
2020-04-28 00:00:00-04:00,64.16000366210938,64.23799896240234,61.51900100708008,61.62950134277344,61.048587799072266,80700000,0.0,0.0,GOOGL
2020-04-29 00:00:00-04:00,67.25,68.00749969482422,66.33650207519531,67.10900115966797,66.47642517089844,108358000,0.0,0.0,GOOGL
2020-04-30 00:00:00-04:00,66.56800079345703,67.5,66.07499694824219,67.33499908447266,66.7002944946289,55842000,0.0,0.0,GOOGL
2020-05-01 00:00:00-04:00,66.20449829101562,67.57150268554688,65.48300170898438,65.86599731445312,65.24514770507812,48872000,0.0,0.0,GOOGL
2020-05-04 00:00:00-04:00,65.40650177001953,66.22350311279297,64.80049896240234,66.1449966430664,65.5215072631836,30806000,0.0,0.0,GOOGL
2020-05-05 00:00:00-04:00,66.875,68.55049896240234,66.75150299072266,67.45099639892578,66.8152084350586,39666000,0.0,0.0,GOOGL
2020-05-06 00:00:00-04:00,67.9000015258789,68.43450164794922,67.25650024414062,67.27149963378906,66.63739013671875,31732000,0.0,0.0,GOOGL
2020-05-07 00:00:00-04:00,68.06549835205078,68.80000305175781,67.62699890136719,68.46399688720703,67.81864166259766,30652000,0.0,0.0,GOOGL
2020-05-08 00:00:00-04:00,69.09100341796875,69.83200073242188,68.60050201416016,69.21700286865234,68.56455993652344,33326000,0.0,0.0,GOOGL
2020-05-11 00:00:00-04:00,68.8395004272461,70.77649688720703,68.7750015258789,70.17949676513672,69.51799011230469,32718000,0.0,0.0,GOOGL
2020-05-12 00:00:00-04:00,70.41100311279297,70.71649932861328,68.72550201416016,68.75900268554688,68.11087036132812,33918000,0.0,0.0,GOOGL
2020-05-13 00:00:00-04:00,68.80799865722656,69.2665023803711,66.40049743652344,67.41649627685547,66.78102111816406,40368000,0.0,0.0,GOOGL
2020-05-14 00:00:00-04:00,66.6760025024414,67.86849975585938,66.16500091552734,67.84300231933594,67.2035140991211,36660000,0.0,0.0,GOOGL
2020-05-15 00:00:00-04:00,67.41300201416016,68.72899627685547,66.94999694824219,68.65299987792969,68.00586700439453,41544000,0.0,0.0,GOOGL
2020-05-18 00:00:00-04:00,68.0790023803711,69.63800048828125,67.70999908447266,69.25900268554688,68.60617065429688,47094000,0.0,0.0,GOOGL
2020-05-19 00:00:00-04:00,69.27400207519531,69.62449645996094,68.68800354003906,68.72000122070312,68.07225036621094,31586000,0.0,0.0,GOOGL
2020-05-20 00:00:00-04:00,69.45800018310547,70.60150146484375,69.37100219726562,70.45800018310547,69.79385375976562,38262000,0.0,0.0,GOOGL
2020-05-21 00:00:00-04:00,70.54949951171875,70.822998046875,69.71949768066406,70.3375015258789,69.67449188232422,30894000,0.0,0.0,GOOGL
2020-05-22 00:00:00-04:00,70.19499969482422,70.8499984741211,69.79750061035156,70.66200256347656,69.9959487915039,28544000,0.0,0.0,GOOGL
2020-05-26 00:00:00-04:00,72.0979995727539,72.25550079345703,70.97000122070312,71.06849670410156,70.39860534667969,44590000,0.0,0.0,GOOGL
2020-05-27 00:00:00-04:00,71.0,71.26750183105469,69.7300033569336,71.01399993896484,70.3446273803711,31684000,0.0,0.0,GOOGL
2020-05-28 00:00:00-04:00,70.0,72.2229995727539,69.9540023803711,70.91200256347656,70.24358367919922,35170000,0.0,0.0,GOOGL
2020-05-29 00:00:00-04:00,71.02149963378906,71.83650207519531,70.79900360107422,71.6760025024414,71.00038146972656,37044000,0.0,0.0,GOOGL
2020-06-01 00:00:00-04:00,71.28500366210938,72.0790023803711,71.11399841308594,71.74349975585938,71.0672378540039,25162000,0.0,0.0,GOOGL
2020-06-02 00:00:00-04:00,71.75,72.1500015258789,71.08049774169922,72.1155014038086,71.43574523925781,23442000,0.0,0.0,GOOGL
2020-06-03 00:00:00-04:00,72.13500213623047,72.45050048828125,71.58100128173828,71.9625015258789,71.28417205810547,27732000,0.0,0.0,GOOGL
2020-06-04 00:00:00-04:00,71.83899688720703,72.06600189208984,70.30049896240234,70.71499633789062,70.0484390258789,26982000,0.0,0.0,GOOGL
2020-06-05 00:00:00-04:00,70.78199768066406,72.31500244140625,70.38099670410156,72.0009994506836,71.32233428955078,42642000,0.0,0.0,GOOGL
2020-06-08 00:00:00-04:00,71.31400299072266,72.44999694824219,71.2239990234375,72.4020004272461,71.71954345703125,33878000,0.0,0.0,GOOGL
2020-06-09 00:00:00-04:00,72.26200103759766,73.38999938964844,72.11799621582031,72.60399627685547,71.91963195800781,33624000,0.0,0.0,GOOGL
2020-06-10 00:00:00-04:00,73.07550048828125,73.63849639892578,72.71800231933594,73.23500061035156,72.54469299316406,31762000,0.0,0.0,GOOGL
2020-06-11 00:00:00-04:00,72.05149841308594,72.58000183105469,69.92050170898438,70.09500122070312,69.4343032836914,47144000,0.0,0.0,GOOGL
2020-06-12 00:00:00-04:00,71.29299926757812,71.72550201416016,69.29000091552734,70.64600372314453,69.98009490966797,36676000,0.0,0.0,GOOGL
2020-06-15 00:00:00-04:00,69.47450256347656,71.25,69.36000061035156,71.03700256347656,70.36741638183594,30468000,0.0,0.0,GOOGL
2020-06-16 00:00:00-04:00,72.44999694824219,72.8584976196289,71.44950103759766,72.32350158691406,71.64179229736328,30648000,0.0,0.0,GOOGL
2020-06-17 00:00:00-04:00,72.64700317382812,73.11000061035156,71.75650024414062,72.62699890136719,71.94242095947266,30610000,0.0,0.0,GOOGL
2020-06-18 00:00:00-04:00,72.49250030517578,72.64849853515625,71.31199645996094,71.70600128173828,71.03009796142578,34862000,0.0,0.0,GOOGL
2020-06-19 00:00:00-04:00,72.0,72.2249984741211,70.94999694824219,71.23200225830078,70.5605697631836,52784000,0.0,0.0,GOOGL
2020-06-22 00:00:00-04:00,71.25050354003906,72.54750061035156,70.95950317382812,72.53299713134766,71.84929656982422,29442000,0.0,0.0,GOOGL
2020-06-23 00:00:00-04:00,72.5999984741211,73.76000213623047,72.25,73.1989974975586,72.50902557373047,37752000,0.0,0.0,GOOGL
2020-06-24 00:00:00-04:00,73.16400146484375,73.78949737548828,71.5,71.63500213623047,70.95974731445312,31592000,0.0,0.0,GOOGL
2020-06-25 00:00:00-04:00,71.56099700927734,72.11599731445312,70.97699737548828,72.05500030517578,71.37580871582031,23958000,0.0,0.0,GOOGL
2020-06-26 00:00:00-04:00,71.63150024414062,71.85099792480469,67.75,68.12699890136719,67.48483276367188,97640000,0.0,0.0,GOOGL
2020-06-29 00:00:00-04:00,68.01699829101562,69.9000015258789,67.5824966430664,69.8584976196289,69.20001220703125,45074000,0.0,0.0,GOOGL
2020-06-30 00:00:00-04:00,69.84400177001953,71.19999694824219,69.34649658203125,70.90249633789062,70.23417663574219,40286000,0.0,0.0,GOOGL
2020-07-01 00:00:00-04:00,70.95850372314453,72.42400360107422,70.70899963378906,72.0999984741211,71.42037963867188,42182000,0.0,0.0,GOOGL
2020-07-02 00:00:00-04:00,72.59200286865234,74.4260025024414,72.55349731445312,73.49649810791016,72.80371856689453,57218000,0.0,0.0,GOOGL
2020-07-06 00:00:00-04:00,74.40750122070312,75.5,73.8489990234375,74.98249816894531,74.27571868896484,44712000,0.0,0.0,GOOGL
2020-07-07 00:00:00-04:00,74.80650329589844,76.06600189208984,74.48500061035156,74.49600219726562,73.79379272460938,42364000,0.0,0.0,GOOGL
2020-07-08 00:00:00-04:00,75.04000091552734,75.55850219726562,74.61499786376953,75.18000030517578,74.47135162353516,31766000,0.0,0.0,GOOGL
2020-07-09 00:00:00-04:00,75.49649810791016,76.45700073242188,74.77950286865234,75.93299865722656,75.2172622680664,41836000,0.0,0.0,GOOGL
2020-07-10 00:00:00-04:00,75.6624984741211,77.06700134277344,75.03600311279297,76.95050048828125,76.22515106201172,35918000,0.0,0.0,GOOGL
2020-07-13 00:00:00-04:00,77.49700164794922,78.81800079345703,75.3280029296875,75.61150360107422,74.89879608154297,42954000,0.0,0.0,GOOGL
2020-07-14 00:00:00-04:00,74.6395034790039,76.13999938964844,74.29650115966797,76.04299926757812,75.32622528076172,38108000,0.0,0.0,GOOGL
2020-07-15 00:00:00-04:00,76.1614990234375,76.81649780273438,74.8915023803711,75.84400177001953,75.12909698486328,31026000,0.0,0.0,GOOGL
2020-07-16 00:00:00-04:00,75.07499694824219,75.79550170898438,74.41349792480469,75.74600219726562,75.03202056884766,26484000,0.0,0.0,GOOGL
2020-07-17 00:00:00-04:00,75.84549713134766,76.17150115966797,74.90499877929688,75.84249877929688,75.12760162353516,34264000,0.0,0.0,GOOGL
2020-07-20 00:00:00-04:00,75.75,78.45050048828125,75.13500213623047,78.19200134277344,77.45494842529297,30166000,0.0,0.0,GOOGL
2020-07-21 00:00:00-04:00,79.25150299072266,79.35250091552734,77.63099670410156,77.7959976196289,77.06268310546875,27486000,0.0,0.0,GOOGL
2020-07-22 00:00:00-04:00,77.7854995727539,78.3489990234375,77.1614990234375,78.24250030517578,77.50498962402344,24482000,0.0,0.0,GOOGL
2020-07-23 00:00:00-04:00,78.29650115966797,78.51750183105469,75.42949676513672,75.8375015258789,75.1226577758789,33910000,0.0,0.0,GOOGL
2020-07-24 00:00:00-04:00,74.95950317382812,75.77149963378906,74.37950134277344,75.4104995727539,74.69969177246094,29902000,0.0,0.0,GOOGL
2020-07-27 00:00:00-04:00,75.66300201416016,76.87799835205078,75.61650085449219,76.47149658203125,75.75067901611328,27124000,0.0,0.0,GOOGL
2020-07-28 00:00:00-04:00,76.25,76.30049896240234,75.0260009765625,75.18250274658203,74.47382354736328,30910000,0.0,0.0,GOOGL
2020-07-29 00:00:00-04:00,75.25,76.66649627685547,75.15049743652344,76.17549896240234,75.45746612548828,22676000,0.0,0.0,GOOGL
2020-07-30 00:00:00-04:00,74.89849853515625,77.04450225830078,74.75849914550781,76.91850280761719,76.19346618652344,36042000,0.0,0.0,GOOGL
2020-07-31 00:00:00-04:00,74.85250091552734,75.2509994506836,72.69999694824219,74.39749908447266,73.69622802734375,91468000,0.0,0.0,GOOGL
2020-08-03 00:00:00-04:00,74.55000305175781,74.8864974975586,73.58599853515625,74.13800048828125,73.43917083740234,45482000,0.0,0.0,GOOGL
2020-08-04 00:00:00-04:00,74.33550262451172,74.65550231933594,73.20149993896484,73.66500091552734,72.97064208984375,37212000,0.0,0.0,GOOGL
2020-08-05 00:00:00-04:00,73.84100341796875,74.5,73.56099700927734,73.95449829101562,73.25739288330078,29134000,0.0,0.0,GOOGL
2020-08-06 00:00:00-04:00,73.80750274658203,75.3134994506836,73.59500122070312,75.24749755859375,74.5382080078125,33306000,0.0,0.0,GOOGL
2020-08-07 00:00:00-04:00,75.4520034790039,76.00450134277344,74.3134994506836,74.91850280761719,74.21231842041016,27718000,0.0,0.0,GOOGL
2020-08-10 00:00:00-04:00,74.54000091552734,75.35749816894531,73.87449645996094,74.84100341796875,74.13554382324219,20546000,0.0,0.0,GOOGL
2020-08-11 00:00:00-04:00,74.69999694824219,75.52200317382812,73.90950012207031,74.0270004272461,73.32923126220703,31098000,0.0,0.0,GOOGL
2020-08-12 00:00:00-04:00,74.35600280761719,75.58350372314453,74.25,75.36199951171875,74.65162658691406,22512000,0.0,0.0,GOOGL
2020-08-13 00:00:00-04:00,75.4104995727539,76.84850311279297,75.4104995727539,75.8324966430664,75.11771392822266,22388000,0.0,0.0,GOOGL
2020-08-14 00:00:00-04:00,75.68049621582031,75.989501953125,74.94999694824219,75.23149871826172,74.52236938476562,21942000,0.0,0.0,GOOGL
2020-08-17 00:00:00-04:00,75.79850006103516,76.18900299072266,75.25,75.81199645996094,75.0973892211914,19990000,0.0,0.0,GOOGL
2020-08-18 00:00:00-04:00,76.30599975585938,77.86849975585938,76.08350372314453,77.78900146484375,77.0557632446289,28378000,0.0,0.0,GOOGL
2020-08-19 00:00:00-04:00,77.62449645996094,78.44300079345703,77.0,77.23049926757812,76.50253295898438,30472000,0.0,0.0,GOOGL
2020-08-20 00:00:00-04:00,76.99849700927734,79.00849914550781,76.7229995727539,78.8125,78.0696029663086,26382000,0.0,0.0,GOOGL
2020-08-21 00:00:00-04:00,78.58999633789062,79.59400177001953,78.1155014038086,78.77850341796875,78.03594207763672,34838000,0.0,0.0,GOOGL
2020-08-24 00:00:00-04:00,79.62349700927734,80.43900299072266,78.75199890136719,79.25749969482422,78.51041412353516,25638000,0.0,0.0,GOOGL
2020-08-25 00:00:00-04:00,79.00499725341797,80.44400024414062,78.89399719238281,80.2925033569336,79.5356674194336,25150000,0.0,0.0,GOOGL
2020-08-26 00:00:00-04:00,80.31500244140625,82.6395034790039,80.04900360107422,82.20649719238281,81.43161010742188,52188000,0.0,0.0,GOOGL
2020-08-27 00:00:00-04:00,82.33049774169922,82.39949798583984,80.94049835205078,81.4260025024414,80.65849304199219,31350000,0.0,0.0,GOOGL
2020-08-28 00:00:00-04:00,81.47350311279297,82.06749725341797,81.28050231933594,81.97149658203125,81.1988296508789,22418000,0.0,0.0,GOOGL
2020-08-31 00:00:00-04:00,82.17849731445312,82.2249984741211,81.2665023803711,81.47650146484375,80.70851135253906,26422000,0.0,0.0,GOOGL
2020-09-01 00:00:00-04:00,81.60800170898438,82.96099853515625,81.47650146484375,82.75399780273438,81.97395324707031,22652000,0.0,0.0,GOOGL
2020-09-02 00:00:00-04:00,83.40049743652344,86.30500030517578,83.0094985961914,85.86949920654297,85.06009674072266,49522000,0.0,0.0,GOOGL
2020-09-03 00:00:00-04:00,84.97599792480469,85.0,80.385498046875,81.47550201416016,80.70751953125,63726000,0.0,0.0,GOOGL
2020-09-04 00:00:00-04:00,80.44999694824219,81.74949645996094,76.89849853515625,79.06050109863281,78.31526947021484,55850000,0.0,0.0,GOOGL
2020-09-08 00:00:00-04:00,76.25,77.77749633789062,75.82499694824219,76.18000030517578,75.46192932128906,54032000,0.0,0.0,GOOGL
2020-09-09 00:00:00-04:00,77.44499969482422,77.93599700927734,76.25849914550781,77.36150360107422,76.63228607177734,39242000,0.0,0.0,GOOGL
2020-09-10 00:00:00-04:00,77.50900268554688,78.68299865722656,76.0,76.30249786376953,75.58328247070312,33024000,0.0,0.0,GOOGL
2020-09-11 00:00:00-04:00,76.40750122070312,76.93499755859375,74.6510009765625,75.78800201416016,75.0736312866211,30706000,0.0,0.0,GOOGL
2020-09-14 00:00:00-04:00,76.5824966430664,77.8499984741211,75.25550079345703,75.44149780273438,74.73037719726562,42660000,0.0,0.0,GOOGL
2020-09-15 00:00:00-04:00,76.39450073242188,77.54949951171875,76.1050033569336,76.75599670410156,76.03250122070312,23042000,0.0,0.0,GOOGL
2020-09-16 00:00:00-04:00,77.1240005493164,77.71849822998047,75.57949829101562,75.60449981689453,74.89185333251953,22128000,0.0,0.0,GOOGL
2020-09-17 00:00:00-04:00,74.29049682617188,74.93299865722656,73.12300109863281,74.35199737548828,73.6511459350586,40008000,0.0,0.0,GOOGL
2020-09-18 00:00:00-04:00,74.41500091552734,74.76000213623047,71.58100128173828,72.55449676513672,71.87059020996094,63056000,0.0,0.0,GOOGL
2020-09-21 00:00:00-04:00,71.58100128173828,72.00299835205078,70.13400268554688,71.50700378417969,70.83296966552734,56908000,0.0,0.0,GOOGL
2020-09-22 00:00:00-04:00,72.51599884033203,73.19850158691406,71.4749984741211,72.99099731445312,72.30299377441406,33950000,0.0,0.0,GOOGL
2020-09-23 00:00:00-04:00,72.60449981689453,72.65399932861328,70.13400268554688,70.46949768066406,69.80524444580078,37726000,0.0,0.0,GOOGL
2020-09-24 00:00:00-04:00,70.13400268554688,71.89949798583984,70.10749816894531,71.14299774169922,70.47240447998047,34552000,0.0,0.0,GOOGL
2020-09-25 00:00:00-04:00,71.25250244140625,72.2969970703125,70.38400268554688,71.9530029296875,71.2747802734375,30326000,0.0,0.0,GOOGL
2020-09-28 00:00:00-04:00,73.59950256347656,73.64949798583984,72.31400299072266,72.93299865722656,72.24552917480469,30784000,0.0,0.0,GOOGL
2020-09-29 00:00:00-04:00,73.19550323486328,73.5999984741211,72.69999694824219,73.3010025024414,72.61005401611328,31816000,0.0,0.0,GOOGL
2020-09-30 00:00:00-04:00,73.0469970703125,74.30999755859375,72.78800201416016,73.27999877929688,72.5892562866211,40924000,0.0,0.0,GOOGL
2020-10-01 00:00:00-04:00,74.18299865722656,74.75350189208984,73.83999633789062,74.3949966430664,73.69376373291016,32884000,0.0,0.0,GOOGL
2020-10-02 00:00:00-04:00,72.98149871826172,73.95149993896484,72.36750030517578,72.77999877929688,72.0939712524414,31222000,0.0,0.0,GOOGL
2020-10-05 00:00:00-04:00,73.13249969482422,74.23500061035156,73.00450134277344,74.1415023803711,73.4426498413086,21602000,0.0,0.0,GOOGL
2020-10-06 00:00:00-04:00,73.7750015258789,74.22599792480469,72.25050354003906,72.5510025024414,71.86714172363281,26096000,0.0,0.0,GOOGL
2020-10-07 00:00:00-04:00,72.96549987792969,73.44850158691406,71.6614990234375,72.95700073242188,72.26930236816406,36108000,0.0,0.0,GOOGL
2020-10-08 00:00:00-04:00,73.27249908447266,74.40149688720703,73.27249908447266,74.17150115966797,73.47235870361328,26076000,0.0,0.0,GOOGL
2020-10-09 00:00:00-04:00,74.64299774169922,75.59249877929688,74.3499984741211,75.52249908447266,74.81062316894531,32966000,0.0,0.0,GOOGL
2020-10-12 00:00:00-04:00,76.9000015258789,79.4209976196289,76.46499633789062,78.22949981689453,77.49211120605469,55344000,0.0,0.0,GOOGL
2020-10-13 00:00:00-04:00,78.85050201416016,79.25800323486328,77.93150329589844,78.35350036621094,77.61494445800781,39072000,0.0,0.0,GOOGL
2020-10-14 00:00:00-04:00,78.7300033569336,79.19249725341797,77.29499816894531,78.1719970703125,77.43513488769531,33174000,0.0,0.0,GOOGL
2020-10-15 00:00:00-04:00,77.2249984741211,78.56999969482422,77.05650329589844,77.77349853515625,77.0404052734375,31210000,0.0,0.0,GOOGL
2020-10-16 00:00:00-04:00,78.09149932861328,78.885498046875,77.88300323486328,78.38500213623047,77.64614868164062,34194000,0.0,0.0,GOOGL
2020-10-19 00:00:00-04:00,78.79650115966797,79.19650268554688,76.14600372314453,76.49749755859375,75.77643585205078,29734000,0.0,0.0,GOOGL
2020-10-20 00:00:00-04:00,76.15550231933594,78.69200134277344,76.0250015258789,77.55400085449219,76.8229751586914,41670000,0.0,0.0,GOOGL
2020-10-21 00:00:00-04:00,78.49250030517578,80.75700378417969,78.35700225830078,79.29949951171875,78.55200958251953,60322000,0.0,0.0,GOOGL
2020-10-22 00:00:00-04:00,79.25,80.6709976196289,78.8740005493164,80.33300018310547,79.57576751708984,30512000,0.0,0.0,GOOGL
2020-10-23 00:00:00-04:00,80.75250244140625,81.70600128173828,80.59549713134766,81.64900207519531,80.87938690185547,30548000,0.0,0.0,GOOGL
2020-10-26 00:00:00-04:00,80.75,81.47899627685547,78.38899993896484,79.2145004272461,78.46781921386719,35826000,0.0,0.0,GOOGL
2020-10-27 00:00:00-04:00,79.44650268554688,80.0999984741211,78.84950256347656,79.94400024414062,79.19044494628906,25902000,0.0,0.0,GOOGL
2020-10-28 00:00:00-04:00,77.50050354003906,77.69049835205078,75.42400360107422,75.54000091552734,74.82796478271484,45174000,0.0,0.0,GOOGL
2020-10-29 00:00:00-04:00,75.85099792480469,79.43699645996094,75.82749938964844,77.84400177001953,77.11024475097656,55406000,0.0,0.0,GOOGL
2020-10-30 00:00:00-04:00,83.37200164794922,84.06600189208984,80.07849884033203,80.80549621582031,80.0438232421875,99878000,0.0,0.0,GOOGL
2020-11-02 00:00:00-05:00,81.177001953125,82.91200256347656,80.71199798583984,81.21600341796875,80.4504623413086,44228000,0.0,0.0,GOOGL
2020-11-03 00:00:00-05:00,81.53800201416016,82.94999694824219,80.60549926757812,82.28299713134766,81.50740051269531,31432000,0.0,0.0,GOOGL
2020-11-04 00:00:00-05:00,85.27899932861328,88.50150299072266,85.1500015258789,87.2925033569336,86.46968078613281,71342000,0.0,0.0,GOOGL
2020-11-05 00:00:00-05:00,88.52249908447266,89.59100341796875,87.05149841308594,88.125,87.2943344116211,39758000,0.0,0.0,GOOGL
2020-11-06 00:00:00-05:00,87.56700134277344,88.42500305175781,86.83399963378906,87.98650360107422,87.15713500976562,28622000,0.0,0.0,GOOGL
2020-11-09 00:00:00-05:00,89.79900360107422,90.84449768066406,87.87750244140625,88.07099914550781,87.2408447265625,53440000,0.0,0.0,GOOGL
2020-11-10 00:00:00-05:00,86.4885025024414,87.96900177001953,85.80599975585938,86.88600158691406,86.06702423095703,43022000,0.0,0.0,GOOGL
2020-11-11 00:00:00-05:00,87.41999816894531,88.1449966430664,87.15299987792969,87.36150360107422,86.53804016113281,31838000,0.0,0.0,GOOGL
2020-11-12 00:00:00-05:00,87.0999984741211,88.2490005493164,86.89849853515625,87.14099884033203,86.31961059570312,26474000,0.0,0.0,GOOGL
2020-11-13 00:00:00-05:00,87.4000015258789,88.85649871826172,86.79900360107422,88.61299896240234,87.77774047851562,29744000,0.0,0.0,GOOGL
2020-11-16 00:00:00-05:00,88.20700073242188,89.71700286865234,88.06649780273438,88.70149993896484,87.86539459228516,25468000,0.0,0.0,GOOGL
2020-11-17 00:00:00-05:00,88.39299774169922,88.85700225830078,87.97450256347656,88.08300018310547,87.25273132324219,21314000,0.0,0.0,GOOGL
2020-11-18 00:00:00-05:00,87.83200073242188,88.25,86.92849731445312,87.03199768066406,86.21163177490234,20108000,0.0,0.0,GOOGL
2020-11-19 00:00:00-05:00,86.6614990234375,88.17449951171875,86.5009994506836,87.92849731445312,87.09968566894531,20106000,0.0,0.0,GOOGL
2020-11-20 00:00:00-05:00,88.0999984741211,88.41799926757812,86.75,86.81900024414062,86.00064849853516,27694000,0.0,0.0,GOOGL
2020-11-23 00:00:00-05:00,87.01100158691406,87.29949951171875,85.50900268554688,86.37799835205078,85.56379699707031,22530000,0.0,0.0,GOOGL
2020-11-24 00:00:00-05:00,86.375,88.3239974975586,86.0364990234375,88.19499969482422,87.3636703491211,27984000,0.0,0.0,GOOGL
2020-11-25 00:00:00-05:00,88.3905029296875,88.51899719238281,87.41799926757812,88.20649719238281,87.37506103515625,19600000,0.0,0.0,GOOGL
2020-11-27 00:00:00-05:00,88.22699737548828,89.85050201416016,88.22699737548828,89.35099792480469,88.50878143310547,14790000,0.0,0.0,GOOGL
2020-11-30 00:00:00-05:00,88.78250122070312,89.01699829101562,87.39199829101562,87.72000122070312,86.89315795898438,32418000,0.0,0.0,GOOGL
2020-12-01 00:00:00-05:00,88.33300018310547,91.08599853515625,88.15149688720703,89.76799774169922,88.92185974121094,37350000,0.0,0.0,GOOGL
2020-12-02 00:00:00-05:00,89.76799774169922,91.63700103759766,89.25849914550781,91.24849700927734,90.38837432861328,29424000,0.0,0.0,GOOGL
2020-12-03 00:00:00-05:00,91.0270004272461,92.19149780273438,90.8499984741211,91.09200286865234,90.23338317871094,24728000,0.0,0.0,GOOGL
2020-12-04 00:00:00-05:00,91.01100158691406,91.4749984741211,90.67949676513672,91.18800354003906,90.32846069335938,20544000,0.0,0.0,GOOGL
2020-12-07 00:00:00-05:00,90.77749633789062,91.4645004272461,90.1520004272461,90.85150146484375,89.9951400756836,22288000,0.0,0.0,GOOGL
2020-12-08 00:00:00-05:00,90.4260025024414,90.79850006103516,89.56400299072266,90.56649780273438,89.71281433105469,19936000,0.0,0.0,GOOGL
2020-12-09 00:00:00-05:00,90.51799774169922,91.41850280761719,88.0999984741211,88.89299774169922,88.05510711669922,31728000,0.0,0.0,GOOGL
2020-12-10 00:00:00-05:00,88.12999725341797,88.74949645996094,86.67649841308594,88.38249969482422,87.54940795898438,28688000,0.0,0.0,GOOGL
2020-12-11 00:00:00-05:00,88.0,88.8655014038086,87.63700103759766,88.73999786376953,87.90353393554688,18628000,0.0,0.0,GOOGL
2020-12-14 00:00:00-05:00,88.53600311279297,89.48999786376953,87.45649719238281,87.61299896240234,86.78717041015625,33050000,0.0,0.0,GOOGL
2020-12-15 00:00:00-05:00,87.99299621582031,88.19999694824219,87.08350372314453,88.05400085449219,87.22399139404297,21352000,0.0,0.0,GOOGL
2020-12-16 00:00:00-05:00,88.45549774169922,88.45549774169922,87.4530029296875,87.8594970703125,87.03133392333984,24676000,0.0,0.0,GOOGL
2020-12-17 00:00:00-05:00,88.19650268554688,88.33550262451172,86.55750274658203,87.02549743652344,86.2052001953125,34880000,0.0,0.0,GOOGL
2020-12-18 00:00:00-05:00,87.30850219726562,87.41799926757812,85.75,86.31099700927734,85.4974365234375,85256000,0.0,0.0,GOOGL
2020-12-21 00:00:00-05:00,85.45649719238281,86.8499984741211,84.69999694824219,86.72799682617188,85.9104995727539,33974000,0.0,0.0,GOOGL
2020-12-22 00:00:00-05:00,86.46649932861328,86.63050079345703,85.28900146484375,86.01100158691406,85.20027160644531,20370000,0.0,0.0,GOOGL
2020-12-23 00:00:00-05:00,86.19650268554688,87.20549774169922,86.05999755859375,86.4114990234375,85.59698486328125,22974000,0.0,0.0,GOOGL
2020-12-24 00:00:00-05:00,86.44999694824219,87.12049865722656,86.21749877929688,86.70800018310547,85.89069366455078,9312000,0.0,0.0,GOOGL
2020-12-28 00:00:00-05:00,87.24549865722656,89.3499984741211,87.09100341796875,88.697998046875,87.86193084716797,27650000,0.0,0.0,GOOGL
2020-12-29 00:00:00-05:00,89.36150360107422,89.42350006103516,87.75550079345703,87.88800048828125,87.0595703125,19726000,0.0,0.0,GOOGL
2020-12-30 00:00:00-05:00,88.25,88.38800048828125,86.4000015258789,86.8125,85.99420928955078,21026000,0.0,0.0,GOOGL
2020-12-31 00:00:00-05:00,86.8635025024414,87.875,86.80449676513672,87.63200378417969,86.80596923828125,21070000,0.0,0.0,GOOGL
2021-01-04 00:00:00-05:00,88.0,88.12449645996094,85.35700225830078,86.30650329589844,85.49298095703125,37324000,0.0,0.0,GOOGL
2021-01-05 00:00:00-05:00,86.25450134277344,87.34149932861328,85.84500122070312,87.00250244140625,86.18241882324219,20360000,0.0,0.0,GOOGL
2021-01-06 00:00:00-05:00,85.01300048828125,87.19850158691406,84.80500030517578,86.14399719238281,85.33201599121094,46588000,0.0,0.0,GOOGL
2021-01-07 00:00:00-05:00,86.33799743652344,88.89099884033203,86.33799743652344,88.71700286865234,87.8807601928711,41936000,0.0,0.0,GOOGL
2021-01-08 00:00:00-05:00,88.85800170898438,89.96800231933594,88.06099700927734,89.8915023803711,89.0441665649414,35484000,0.0,0.0,GOOGL
2021-01-11 00:00:00-05:00,88.85099792480469,89.21900177001953,87.60700225830078,87.81449890136719,86.98676300048828,34796000,0.0,0.0,GOOGL
2021-01-12 00:00:00-05:00,87.26799774169922,88.3949966430664,85.81900024414062,86.87149810791016,86.05264282226562,29528000,0.0,0.0,GOOGL
2021-01-13 00:00:00-05:00,86.36599731445312,87.81950378417969,86.36599731445312,87.36250305175781,86.53902435302734,23432000,0.0,0.0,GOOGL
2021-01-14 00:00:00-05:00,87.44349670410156,88.37750244140625,86.30349731445312,86.5459976196289,85.73021697998047,29212000,0.0,0.0,GOOGL
2021-01-15 00:00:00-05:00,86.45099639892578,87.38099670410156,85.58550262451172,86.38099670410156,85.56676483154297,31444000,0.0,0.0,GOOGL
2021-01-19 00:00:00-05:00,87.1500015258789,90.19200134277344,86.6415023803711,89.22350311279297,88.3824691772461,41660000,0.0,0.0,GOOGL
2021-01-20 00:00:00-05:00,91.31849670410156,94.98600006103516,90.97550201416016,94.00350189208984,93.117431640625,64152000,0.0,0.0,GOOGL
2021-01-21 00:00:00-05:00,94.68250274658203,96.60399627685547,93.97049713134766,94.2074966430664,93.31950378417969,58634000,0.0,0.0,GOOGL
2021-01-22 00:00:00-05:00,94.572998046875,95.21949768066406,93.82499694824219,94.62799835205078,93.73603820800781,32744000,0.0,0.0,GOOGL
2021-01-25 00:00:00-05:00,95.63700103759766,96.09100341796875,92.95800018310547,94.71399688720703,93.82121276855469,50586000,0.0,0.0,GOOGL
2021-01-26 00:00:00-05:00,94.29949951171875,95.7874984741211,93.80650329589844,95.39749908447266,94.49828338623047,31462000,0.0,0.0,GOOGL
2021-01-27 00:00:00-05:00,93.74549865722656,94.02349853515625,89.86399841308594,90.9469985961914,90.08973693847656,82512000,0.0,0.0,GOOGL
2021-01-28 00:00:00-05:00,91.55000305175781,94.39949798583984,91.55000305175781,92.66000366210938,91.78658294677734,55278000,0.0,0.0,GOOGL
2021-01-29 00:00:00-05:00,91.70099639892578,92.37699890136719,90.0780029296875,91.36799621582031,90.50677490234375,44530000,0.0,0.0,GOOGL
2021-02-01 00:00:00-05:00,92.22949981689453,95.7770004272461,92.22949981689453,94.65350341796875,93.76129913330078,40252000,0.0,0.0,GOOGL
2021-02-02 00:00:00-05:00,95.65650177001953,97.46849822998047,95.31849670410156,95.95600128173828,95.05152893066406,66332000,0.0,0.0,GOOGL
2021-02-03 00:00:00-05:00,103.28050231933594,105.33100128173828,100.67749786376953,102.94400024414062,101.9736557006836,97882000,0.0,0.0,GOOGL
2021-02-04 00:00:00-05:00,103.03099822998047,103.46499633789062,101.75499725341797,102.68150329589844,101.71361541748047,48596000,0.0,0.0,GOOGL
2021-02-05 00:00:00-05:00,102.97799682617188,104.7969970703125,102.5,104.44149780273438,103.45703125,29866000,0.0,0.0,GOOGL
2021-02-08 00:00:00-05:00,105.0,105.75,103.1675033569336,104.22599792480469,103.2435531616211,28828000,0.0,0.0,GOOGL
2021-02-09 00:00:00-05:00,103.73999786376953,104.92549896240234,103.5,103.76950073242188,102.79136657714844,21892000,0.0,0.0,GOOGL
2021-02-10 00:00:00-05:00,104.15699768066406,104.94400024414062,102.61199951171875,104.3239974975586,103.34063720703125,25102000,0.0,0.0,GOOGL
2021-02-11 00:00:00-05:00,104.55000305175781,104.69999694824219,103.44300079345703,104.4375,103.45307159423828,20480000,0.0,0.0,GOOGL
2021-02-12 00:00:00-05:00,103.9885025024414,104.9749984741211,103.67849731445312,104.75150299072266,103.76412200927734,18990000,0.0,0.0,GOOGL
2021-02-16 00:00:00-05:00,104.5875015258789,107.25700378417969,104.5875015258789,105.53500366210938,104.54023742675781,31004000,0.0,0.0,GOOGL
2021-02-17 00:00:00-05:00,104.6989974975586,106.12200164794922,104.4175033569336,105.93099975585938,104.93250274658203,20294000,0.0,0.0,GOOGL
2021-02-18 00:00:00-05:00,105.25,106.09950256347656,104.66649627685547,105.29049682617188,104.29801940917969,22546000,0.0,0.0,GOOGL
2021-02-19 00:00:00-05:00,105.3895034790039,105.92900085449219,104.17150115966797,104.44049835205078,103.45603942871094,37938000,0.0,0.0,GOOGL
2021-02-22 00:00:00-05:00,102.68000030517578,104.0165023803711,102.4000015258789,102.71299743652344,101.74482727050781,29466000,0.0,0.0,GOOGL
2021-02-23 00:00:00-05:00,100.69950103759766,103.625,99.5114974975586,103.00599670410156,102.03507232666016,34658000,0.0,0.0,GOOGL
2021-02-24 00:00:00-05:00,101.50199890136719,104.41600036621094,101.37650299072266,104.19049835205078,103.20838165283203,22608000,0.0,0.0,GOOGL
2021-02-25 00:00:00-05:00,102.79650115966797,104.1500015258789,100.32450103759766,100.79750061035156,99.84738159179688,41548000,0.0,0.0,GOOGL
2021-02-26 00:00:00-05:00,101.49749755859375,102.82599639892578,100.05049896240234,101.09549713134766,100.14257049560547,40042000,0.0,0.0,GOOGL
2021-03-01 00:00:00-05:00,102.4000015258789,103.8115005493164,101.72100067138672,103.48300170898438,102.50757598876953,26060000,0.0,0.0,GOOGL
2021-03-02 00:00:00-05:00,103.24199676513672,104.73699951171875,102.83350372314453,103.2239990234375,102.25100708007812,25564000,0.0,0.0,GOOGL
2021-03-03 00:00:00-05:00,102.59750366210938,103.79949951171875,99.69999694824219,100.57050323486328,99.62252807617188,33892000,0.0,0.0,GOOGL
2021-03-04 00:00:00-05:00,100.74349975585938,103.72949981689453,100.27149963378906,101.69650268554688,100.7379150390625,49216000,0.0,0.0,GOOGL
2021-03-05 00:00:00-05:00,103.05750274658203,105.30999755859375,101.38899993896484,104.85350036621094,103.86515808105469,53100000,0.0,0.0,GOOGL
2021-03-08 00:00:00-05:00,104.2030029296875,105.68699645996094,100.2594985961914,100.375,99.42886352539062,36868000,0.0,0.0,GOOGL
2021-03-09 00:00:00-05:00,102.48750305175781,103.19599914550781,101.77999877929688,102.01799774169922,101.0563735961914,33920000,0.0,0.0,GOOGL
2021-03-10 00:00:00-05:00,103.06999969482422,103.06999969482422,100.96649932861328,101.80950164794922,100.84984588623047,27100000,0.0,0.0,GOOGL
2021-03-11 00:00:00-05:00,102.91100311279297,105.5634994506836,102.82250213623047,105.0270004272461,104.03701782226562,27702000,0.0,0.0,GOOGL
2021-03-12 00:00:00-05:00,103.82050323486328,103.88050079345703,101.62100219726562,102.5,101.53382873535156,33818000,0.0,0.0,GOOGL
2021-03-15 00:00:00-04:00,102.2490005493164,102.74949645996094,101.3895034790039,102.72200012207031,101.75374603271484,26168000,0.0,0.0,GOOGL
2021-03-16 00:00:00-04:00,103.29949951171875,105.68399810791016,102.9645004272461,104.19450378417969,103.21237182617188,31900000,0.0,0.0,GOOGL
2021-03-17 00:00:00-04:00,103.42350006103516,104.94999694824219,102.20600128173828,104.11100006103516,103.12965393066406,26382000,0.0,0.0,GOOGL
2021-03-18 00:00:00-04:00,102.40899658203125,103.4375,100.95899963378906,101.06700134277344,100.11434173583984,31700000,0.0,0.0,GOOGL
2021-03-19 00:00:00-04:00,101.48650360107422,101.85199737548828,100.14649963378906,101.3479995727539,100.39269256591797,46072000,0.0,0.0,GOOGL
2021-03-22 00:00:00-04:00,101.38150024414062,102.41699981689453,100.69999694824219,101.53450012207031,100.57742309570312,33536000,0.0,0.0,GOOGL
2021-03-23 00:00:00-04:00,101.99749755859375,103.20549774169922,101.4000015258789,102.06649780273438,101.10441589355469,28510000,0.0,0.0,GOOGL
2021-03-24 00:00:00-04:00,102.58799743652344,103.37999725341797,101.44999694824219,101.62650299072266,100.66858673095703,25218000,0.0,0.0,GOOGL
2021-03-25 00:00:00-04:00,101.45249938964844,102.28199768066406,99.80449676513672,101.62300109863281,100.66510772705078,35616000,0.0,0.0,GOOGL
2021-03-26 00:00:00-04:00,101.5895004272461,101.96949768066406,100.19249725341797,101.23650360107422,100.28224182128906,27978000,0.0,0.0,GOOGL
2021-03-29 00:00:00-04:00,101.10800170898438,102.46050262451172,100.27249908447266,102.28949737548828,101.32530975341797,26492000,0.0,0.0,GOOGL
2021-03-30 00:00:00-04:00,102.64900207519531,103.13349914550781,101.80750274658203,102.32350158691406,101.3589859008789,27312000,0.0,0.0,GOOGL
2021-03-31 00:00:00-04:00,102.72000122070312,104.31300354003906,102.3499984741211,103.1259994506836,102.1539306640625,42570000,0.0,0.0,GOOGL
2021-04-01 00:00:00-04:00,104.61250305175781,106.7874984741211,104.57150268554688,106.48899841308594,105.48522186279297,39880000,0.0,0.0,GOOGL
2021-04-05 00:00:00-04:00,107.35749816894531,111.44950103759766,107.260498046875,110.947998046875,109.90220642089844,48510000,0.0,0.0,GOOGL
2021-04-06 00:00:00-04:00,110.5459976196289,111.4000015258789,110.0895004272461,110.46299743652344,109.4217758178711,35240000,0.0,0.0,GOOGL
2021-04-07 00:00:00-04:00,110.65499877929688,112.2249984741211,110.65499877929688,111.95149993896484,110.89624786376953,24134000,0.0,0.0,GOOGL
2021-04-08 00:00:00-04:00,113.19999694824219,113.5895004272461,112.15049743652344,112.52149963378906,111.46085357666016,28664000,0.0,0.0,GOOGL
2021-04-09 00:00:00-04:00,112.27200317382812,113.69850158691406,111.86299896240234,113.53350067138672,112.46333312988281,26146000,0.0,0.0,GOOGL
2021-04-12 00:00:00-04:00,112.70600128173828,112.84449768066406,111.39099884033203,112.23100280761719,111.1731185913086,25024000,0.0,0.0,GOOGL
2021-04-13 00:00:00-04:00,112.54949951171875,113.17350006103516,112.15249633789062,112.72149658203125,111.65897369384766,25682000,0.0,0.0,GOOGL
2021-04-14 00:00:00-04:00,113.37149810791016,113.37149810791016,111.8010025024414,112.09549713134766,111.03887939453125,21002000,0.0,0.0,GOOGL
2021-04-15 00:00:00-04:00,113.09750366210938,114.80000305175781,112.55850219726562,114.26249694824219,113.18546295166016,29174000,0.0,0.0,GOOGL
2021-04-16 00:00:00-04:00,114.46199798583984,114.71199798583984,113.5459976196289,114.13749694824219,113.06163787841797,26282000,0.0,0.0,GOOGL
2021-04-19 00:00:00-04:00,113.50900268554688,115.20449829101562,113.50900268554688,114.48799896240234,113.40882110595703,30290000,0.0,0.0,GOOGL
2021-04-20 00:00:00-04:00,114.87449645996094,114.94999694824219,112.85600280761719,113.95050048828125,112.87638854980469,22288000,0.0,0.0,GOOGL
2021-04-21 00:00:00-04:00,113.60250091552734,114.0,112.24099731445312,113.9175033569336,112.84371948242188,23204000,0.0,0.0,GOOGL
2021-04-22 00:00:00-04:00,113.7699966430664,114.44400024414062,112.01599884033203,112.6259994506836,111.56439208984375,24146000,0.0,0.0,GOOGL
2021-04-23 00:00:00-04:00,113.3499984741211,115.30599975585938,113.0625,114.99649810791016,113.91253662109375,29066000,0.0,0.0,GOOGL
2021-04-26 00:00:00-04:00,115.22599792480469,116.22650146484375,114.86599731445312,115.49649810791016,114.4078369140625,32038000,0.0,0.0,GOOGL
2021-04-27 00:00:00-04:00,115.88150024414062,115.92250061035156,114.30799865722656,114.54900360107422,113.46925354003906,44386000,0.0,0.0,GOOGL
2021-04-28 00:00:00-04:00,119.625,121.56900024414062,117.66100311279297,117.9520034790039,116.8401870727539,81106000,0.0,0.0,GOOGL
2021-04-29 00:00:00-04:00,119.46150207519531,120.20800018310547,118.69249725341797,119.63800048828125,118.5102767944336,41234000,0.0,0.0,GOOGL
2021-04-30 00:00:00-04:00,118.4010009765625,119.09249877929688,117.3280029296875,117.67500305175781,116.56580352783203,44856000,0.0,0.0,GOOGL
2021-05-03 00:00:00-04:00,118.24549865722656,119.07749938964844,116.7750015258789,117.15399932861328,116.0497055053711,28242000,0.0,0.0,GOOGL
2021-05-04 00:00:00-04:00,115.67749786376953,116.24949645996094,112.83399963378906,115.34149932861328,114.25430297851562,44818000,0.0,0.0,GOOGL
2021-05-05 00:00:00-04:00,116.43150329589844,116.75,115.41400146484375,115.7385025024414,114.64755249023438,26636000,0.0,0.0,GOOGL
2021-05-06 00:00:00-04:00,115.31649780273438,116.86750030517578,114.6520004272461,116.86750030517578,115.76592254638672,25190000,0.0,0.0,GOOGL
2021-05-07 00:00:00-04:00,118.19450378417969,118.5625,117.30799865722656,117.59649658203125,116.488037109375,28898000,0.0,0.0,GOOGL
2021-05-10 00:00:00-04:00,116.40699768066406,116.55000305175781,114.22699737548828,114.5875015258789,113.50740814208984,30914000,0.0,0.0,GOOGL
2021-05-11 00:00:00-04:00,112.15350341796875,114.01399993896484,111.69599914550781,113.50299835205078,112.4331283569336,34186000,0.0,0.0,GOOGL
2021-05-12 00:00:00-04:00,111.30950164794922,112.39900207519531,109.68099975585938,110.01249694824219,108.97552490234375,46376000,0.0,0.0,GOOGL
2021-05-13 00:00:00-04:00,111.30599975585938,111.97200012207031,110.33599853515625,111.4520034790039,110.40145874023438,33204000,0.0,0.0,GOOGL
2021-05-14 00:00:00-04:00,112.927001953125,114.23600006103516,112.5,113.91899871826172,112.8451919555664,31996000,0.0,0.0,GOOGL
2021-05-17 00:00:00-04:00,113.17849731445312,114.48899841308594,112.77549743652344,114.44599914550781,113.36723327636719,21598000,0.0,0.0,GOOGL
2021-05-18 00:00:00-04:00,115.11750030517578,115.38400268554688,113.1094970703125,113.12349700927734,112.05719757080078,22204000,0.0,0.0,GOOGL
2021-05-19 00:00:00-04:00,111.42150115966797,113.74949645996094,111.27200317382812,113.57499694824219,112.50444030761719,23684000,0.0,0.0,GOOGL
2021-05-20 00:00:00-04:00,114.55000305175781,115.5999984741211,114.1760025024414,115.34750366210938,114.26024627685547,32352000,0.0,0.0,GOOGL
2021-05-21 00:00:00-04:00,115.87049865722656,115.94450378417969,114.46499633789062,114.70649719238281,113.62528228759766,40632000,0.0,0.0,GOOGL
2021-05-24 00:00:00-04:00,115.74449920654297,118.27749633789062,115.5979995727539,118.052001953125,116.93923950195312,31832000,0.0,0.0,GOOGL
2021-05-25 00:00:00-04:00,118.5999984741211,119.19999694824219,117.75,118.14350128173828,117.02987670898438,22440000,0.0,0.0,GOOGL
2021-05-26 00:00:00-04:00,118.32599639892578,119.44950103759766,118.322998046875,119.0155029296875,117.89366912841797,21572000,0.0,0.0,GOOGL
2021-05-27 00:00:00-04:00,119.45249938964844,119.45249938964844,117.81300354003906,118.13400268554688,117.02046966552734,35224000,0.0,0.0,GOOGL
2021-05-28 00:00:00-04:00,118.72100067138672,118.80349731445312,117.64250183105469,117.84249877929688,116.73172760009766,21482000,0.0,0.0,GOOGL
2021-06-01 00:00:00-04:00,118.72200012207031,119.2854995727539,117.71399688720703,119.05899810791016,117.93675231933594,23354000,0.0,0.0,GOOGL
2021-06-02 00:00:00-04:00,119.4574966430664,119.68199920654297,117.61799621582031,118.52950286865234,117.4122314453125,21158000,0.0,0.0,GOOGL
2021-06-03 00:00:00-04:00,117.2864990234375,117.85099792480469,116.47599792480469,117.37899780273438,116.2725830078125,18696000,0.0,0.0,GOOGL
2021-06-04 00:00:00-04:00,118.4635009765625,119.95149993896484,118.12049865722656,119.67849731445312,118.55039978027344,24458000,0.0,0.0,GOOGL
2021-06-07 00:00:00-04:00,119.47200012207031,120.22550201416016,119.05000305175781,120.11499786376953,118.98279571533203,24120000,0.0,0.0,GOOGL
2021-06-08 00:00:00-04:00,120.60050201416016,120.97599792480469,119.73899841308594,119.9219970703125,118.79161834716797,24240000,0.0,0.0,GOOGL
2021-06-09 00:00:00-04:00,120.57150268554688,120.64399719238281,119.84500122070312,120.39700317382812,119.26213836669922,17942000,0.0,0.0,GOOGL
2021-06-10 00:00:00-04:00,120.34600067138672,121.80000305175781,120.18900299072266,121.75650024414062,120.60882568359375,25904000,0.0,0.0,GOOGL
2021-06-11 00:00:00-04:00,122.0,122.08599853515625,120.947998046875,121.51000213623047,120.36463928222656,21958000,0.0,0.0,GOOGL
2021-06-14 00:00:00-04:00,121.61299896240234,122.44599914550781,120.9000015258789,122.44550323486328,121.29132080078125,22098000,0.0,0.0,GOOGL
2021-06-15 00:00:00-04:00,122.44999694824219,122.77549743652344,121.05599975585938,121.41950225830078,120.27500915527344,21562000,0.0,0.0,GOOGL
2021-06-16 00:00:00-04:00,121.5719985961914,121.88600158691406,119.47000122070312,120.77249908447266,119.63409423828125,26472000,0.0,0.0,GOOGL
2021-06-17 00:00:00-04:00,120.69750213623047,122.52249908447266,120.5,121.74349975585938,120.59593963623047,25842000,0.0,0.0,GOOGL
2021-06-18 00:00:00-04:00,121.36699676513672,121.60299682617188,120.01499938964844,120.11100006103516,118.97883605957031,46116000,0.0,0.0,GOOGL
2021-06-21 00:00:00-04:00,120.50050354003906,122.0,119.89849853515625,121.8125,120.66429901123047,27414000,0.0,0.0,GOOGL
2021-06-22 00:00:00-04:00,121.75,122.4000015258789,121.06400299072266,122.33049774169922,121.17741394042969,22390000,0.0,0.0,GOOGL
2021-06-23 00:00:00-04:00,122.09349822998047,123.09549713134766,121.83450317382812,122.12699890136719,120.975830078125,19148000,0.0,0.0,GOOGL
2021-06-24 00:00:00-04:00,122.69999694824219,123.05549621582031,122.30000305175781,122.5,121.34532165527344,21362000,0.0,0.0,GOOGL
2021-06-25 00:00:00-04:00,122.0,122.63300323486328,121.56500244140625,122.50849914550781,121.35372161865234,34594000,0.0,0.0,GOOGL
2021-06-28 00:00:00-04:00,122.67849731445312,122.78500366210938,121.40550231933594,122.53600311279297,121.3809814453125,28526000,0.0,0.0,GOOGL
2021-06-29 00:00:00-04:00,122.67050170898438,123.02100372314453,121.69100189208984,122.27249908447266,121.11996459960938,23108000,0.0,0.0,GOOGL
2021-06-30 00:00:00-04:00,121.99449920654297,122.25700378417969,121.35449981689453,122.0895004272461,120.93869018554688,24474000,0.0,0.0,GOOGL
2021-07-01 00:00:00-04:00,121.7249984741211,122.58699798583984,121.53150177001953,122.44450378417969,121.29034423828125,18110000,0.0,0.0,GOOGL
2021-07-02 00:00:00-04:00,123.1500015258789,125.40399932861328,123.05950164794922,125.25749969482422,124.07681274414062,25982000,0.0,0.0,GOOGL
2021-07-06 00:00:00-04:00,125.64849853515625,126.4280014038086,124.5824966430664,126.19000244140625,125.00054168701172,26404000,0.0,0.0,GOOGL
2021-07-07 00:00:00-04:00,127.16200256347656,127.28399658203125,126.15299987792969,126.4739990234375,125.28185272216797,24060000,0.0,0.0,GOOGL
2021-07-08 00:00:00-04:00,124.0260009765625,125.59549713134766,124.02200317382812,125.04399871826172,123.8653335571289,23790000,0.0,0.0,GOOGL
2021-07-09 00:00:00-04:00,125.0250015258789,125.7344970703125,124.55149841308594,125.51850128173828,124.33536529541016,18632000,0.0,0.0,GOOGL
2021-07-12 00:00:00-04:00,126.1780014038086,127.06950378417969,125.61100006103516,126.97550201416016,125.77861785888672,17668000,0.0,0.0,GOOGL
2021-07-13 00:00:00-04:00,127.03849792480469,128.0574951171875,126.67449951171875,127.34149932861328,126.14118194580078,19240000,0.0,0.0,GOOGL
2021-07-14 00:00:00-04:00,127.95800018310547,129.32650756835938,127.91449737548828,128.23699951171875,127.02823638916016,23742000,0.0,0.0,GOOGL
2021-07-15 00:00:00-04:00,128.6490020751953,128.6999969482422,126.52999877929688,127.00499725341797,125.807861328125,24218000,0.0,0.0,GOOGL
2021-07-16 00:00:00-04:00,127.66300201416016,127.8115005493164,126.15350341796875,126.97000122070312,125.77318572998047,20424000,0.0,0.0,GOOGL
2021-07-19 00:00:00-04:00,126.0895004272461,126.20500183105469,123.50499725341797,124.5780029296875,123.40373992919922,27968000,0.0,0.0,GOOGL
2021-07-20 00:00:00-04:00,125.52749633789062,127.04299926757812,124.35050201416016,126.20950317382812,125.01985168457031,26312000,0.0,0.0,GOOGL
2021-07-21 00:00:00-04:00,126.13349914550781,127.59600067138672,126.02349853515625,127.54900360107422,126.34672546386719,20746000,0.0,0.0,GOOGL
2021-07-22 00:00:00-04:00,127.84400177001953,128.48300170898438,127.4990005493164,128.42149353027344,127.21100616455078,14302000,0.0,0.0,GOOGL
2021-07-23 00:00:00-04:00,130.4304962158203,133.3990020751953,129.80050659179688,133.01499938964844,131.76121520996094,41506000,0.0,0.0,GOOGL
2021-07-26 00:00:00-04:00,133.32850646972656,134.23699951171875,132.30149841308594,134.03500366210938,132.7716064453125,30572000,0.0,0.0,GOOGL
2021-07-27 00:00:00-04:00,134.25050354003906,134.3990020751953,130.10400390625,131.89999389648438,130.6566925048828,54710000,0.0,0.0,GOOGL
2021-07-28 00:00:00-04:00,136.31199645996094,138.2969970703125,135.27749633789062,136.093994140625,134.8112030029297,95130000,0.0,0.0,GOOGL
2021-07-29 00:00:00-04:00,136.14999389648438,136.66099548339844,135.54299926757812,135.77749633789062,134.4976348876953,31716000,0.0,0.0,GOOGL
2021-07-30 00:00:00-04:00,135.03500366210938,135.30450439453125,134.2550048828125,134.72650146484375,133.45657348632812,25576000,0.0,0.0,GOOGL
2021-08-02 00:00:00-04:00,135.11700439453125,135.3365020751953,133.79400634765625,134.85450744628906,133.58335876464844,21634000,0.0,0.0,GOOGL
2021-08-03 00:00:00-04:00,135.13499450683594,135.73199462890625,133.3195037841797,135.6300048828125,134.35153198242188,20762000,0.0,0.0,GOOGL
2021-08-04 00:00:00-04:00,135.34950256347656,135.64950561523438,134.48699951171875,135.12550354003906,133.85179138183594,19676000,0.0,0.0,GOOGL
2021-08-05 00:00:00-04:00,135.6804962158203,136.35000610351562,134.8459930419922,136.25149536132812,134.96719360351562,17870000,0.0,0.0,GOOGL
2021-08-06 00:00:00-04:00,136.04200744628906,136.47250366210938,135.2100067138672,135.73849487304688,134.45901489257812,20488000,0.0,0.0,GOOGL
2021-08-09 00:00:00-04:00,135.9425048828125,137.1840057373047,135.33949279785156,136.91299438476562,135.62246704101562,17760000,0.0,0.0,GOOGL
2021-08-10 00:00:00-04:00,137.3419952392578,137.7725067138672,136.364501953125,136.8070068359375,135.51747131347656,19414000,0.0,0.0,GOOGL
2021-08-11 00:00:00-04:00,137.18150329589844,137.6824951171875,136.27149963378906,136.2790069580078,134.9944305419922,15352000,0.0,0.0,GOOGL
2021-08-12 00:00:00-04:00,135.97549438476562,137.3000030517578,135.42550659179688,137.19400024414062,135.90081787109375,16506000,0.0,0.0,GOOGL
2021-08-13 00:00:00-04:00,137.25,137.85650634765625,137.0330047607422,137.7274932861328,136.42929077148438,15948000,0.0,0.0,GOOGL
2021-08-16 00:00:00-04:00,137.52499389648438,138.3625030517578,135.2989959716797,138.3094940185547,137.00579833984375,22384000,0.0,0.0,GOOGL
2021-08-17 00:00:00-04:00,137.75,138.2655029296875,136.08200073242188,136.6614990234375,135.37332153320312,21716000,0.0,0.0,GOOGL
2021-08-18 00:00:00-04:00,136.5,137.10450744628906,135.32150268554688,135.44900512695312,134.1722869873047,19258000,0.0,0.0,GOOGL
2021-08-19 00:00:00-04:00,134.4355010986328,136.3524932861328,134.25,135.67999267578125,134.40110778808594,21782000,0.0,0.0,GOOGL
2021-08-20 00:00:00-04:00,136.0,137.5540008544922,135.25,137.42950439453125,136.1340789794922,31194000,0.0,0.0,GOOGL
2021-08-23 00:00:00-04:00,137.96949768066406,140.87449645996094,137.6074981689453,140.04150390625,138.7214813232422,28454000,0.0,0.0,GOOGL
2021-08-24 00:00:00-04:00,140.6114959716797,142.0800018310547,140.3385009765625,141.26150512695312,139.9299774169922,19268000,0.0,0.0,GOOGL
2021-08-25 00:00:00-04:00,141.625,142.1894989013672,141.37600708007812,142.07899475097656,140.73973083496094,15848000,0.0,0.0,GOOGL
2021-08-26 00:00:00-04:00,141.75,142.41749572753906,141.35699462890625,141.4405059814453,140.1072998046875,20610000,0.0,0.0,GOOGL
2021-08-27 00:00:00-04:00,141.65249633789062,144.5124969482422,141.4969940185547,144.00399780273438,142.64662170410156,28780000,0.0,0.0,GOOGL
2021-08-30 00:00:00-04:00,144.39999389648438,145.9705047607422,144.16299438476562,144.5904998779297,143.2275848388672,24434000,0.0,0.0,GOOGL
2021-08-31 00:00:00-04:00,145.14700317382812,145.17149353027344,144.281005859375,144.69749450683594,143.33358764648438,22448000,0.0,0.0,GOOGL
2021-09-01 00:00:00-04:00,145.0,146.25399780273438,144.8834991455078,145.2154998779297,143.84669494628906,21936000,0.0,0.0,GOOGL
2021-09-02 00:00:00-04:00,145.21600341796875,145.51950073242188,143.18499755859375,143.28700256347656,141.93638610839844,32342000,0.0,0.0,GOOGL
2021-09-03 00:00:00-04:00,143.08050537109375,144.15499877929688,142.40049743652344,143.739501953125,142.38458251953125,19850000,0.0,0.0,GOOGL
2021-09-07 00:00:00-04:00,143.83450317382812,144.56500244140625,143.61900329589844,144.28050231933594,142.92050170898438,20124000,0.0,0.0,GOOGL
2021-09-08 00:00:00-04:00,144.10000610351562,144.39999389648438,143.0,143.6909942626953,142.33657836914062,18344000,0.0,0.0,GOOGL
2021-09-09 00:00:00-04:00,143.8404998779297,144.3105010986328,143.17750549316406,143.54100036621094,142.18800354003906,15314000,0.0,0.0,GOOGL
2021-09-10 00:00:00-04:00,144.21249389648438,144.718505859375,140.73800659179688,140.87600708007812,139.54811096191406,36840000,0.0,0.0,GOOGL
2021-09-13 00:00:00-04:00,141.94949340820312,142.9499969482422,141.25,142.33250427246094,140.9908447265625,22094000,0.0,0.0,GOOGL
2021-09-14 00:00:00-04:00,142.99549865722656,143.36300659179688,141.75,142.54449462890625,141.20086669921875,19674000,0.0,0.0,GOOGL
2021-09-15 00:00:00-04:00,142.77149963378906,144.45050048828125,141.34750366210938,144.42950439453125,143.06813049316406,27408000,0.0,0.0,GOOGL
2021-09-16 00:00:00-04:00,143.95050048828125,144.3000030517578,142.40150451660156,143.61000061035156,142.25633239746094,26190000,0.0,0.0,GOOGL
2021-09-17 00:00:00-04:00,143.03050231933594,143.4499969482422,140.47000122070312,140.8000030517578,139.47280883789062,53384000,0.0,0.0,GOOGL
2021-09-20 00:00:00-04:00,138.1614990234375,139.0,136.32200622558594,138.71949768066406,137.41192626953125,46518000,0.0,0.0,GOOGL
2021-09-21 00:00:00-04:00,139.74949645996094,140.01150512695312,138.2779998779297,139.0330047607422,137.72247314453125,25332000,0.0,0.0,GOOGL
2021-09-22 00:00:00-04:00,139.3040008544922,140.88699340820312,138.55149841308594,140.2834930419922,138.96119689941406,25056000,0.0,0.0,GOOGL
2021-09-23 00:00:00-04:00,140.9875030517578,141.69650268554688,140.40150451660156,141.21600341796875,139.88491821289062,20952000,0.0,0.0,GOOGL
2021-09-24 00:00:00-04:00,140.5384979248047,142.33050537109375,140.24099731445312,142.21499633789062,140.87451171875,22984000,0.0,0.0,GOOGL
2021-09-27 00:00:00-04:00,140.80450439453125,141.93850708007812,140.0675048828125,141.07200622558594,139.7422637939453,21882000,0.0,0.0,GOOGL
2021-09-28 00:00:00-04:00,138.65499877929688,139.09649658203125,135.36000061035156,135.8300018310547,134.54966735839844,45772000,0.0,0.0,GOOGL
2021-09-29 00:00:00-04:00,136.97999572753906,137.1510009765625,133.86500549316406,134.35350036621094,133.0870819091797,30848000,0.0,0.0,GOOGL
2021-09-30 00:00:00-04:00,134.26150512695312,135.54249572753906,133.55599975585938,133.67599487304688,132.4159698486328,37996000,0.0,0.0,GOOGL
2021-10-01 00:00:00-04:00,134.44749450683594,136.91050720214844,134.072998046875,136.54299926757812,135.2559356689453,35360000,0.0,0.0,GOOGL
2021-10-04 00:00:00-04:00,135.9604949951172,135.9604949951172,131.0500030517578,133.6595001220703,132.39964294433594,51202000,0.0,0.0,GOOGL
2021-10-05 00:00:00-04:00,134.04100036621094,137.22450256347656,134.04100036621094,136.0229949951172,134.74082946777344,32404000,0.0,0.0,GOOGL
2021-10-06 00:00:00-04:00,134.75,137.75,134.5500030517578,137.56500244140625,136.268310546875,24364000,0.0,0.0,GOOGL
2021-10-07 00:00:00-04:00,138.89199829101562,140.04200744628906,138.6510009765625,139.22500610351562,137.91268920898438,25110000,0.0,0.0,GOOGL
2021-10-08 00:00:00-04:00,139.57699584960938,140.33099365234375,139.21749877929688,139.78550720214844,138.4678955078125,26526000,0.0,0.0,GOOGL
2021-10-11 00:00:00-04:00,139.29200744628906,140.71200561523438,138.85899353027344,138.91400146484375,137.6046142578125,17954000,0.0,0.0,GOOGL
2021-10-12 00:00:00-04:00,139.47999572753906,139.5070037841797,135.75999450683594,136.44900512695312,135.16282653808594,36332000,0.0,0.0,GOOGL
2021-10-13 00:00:00-04:00,137.40249633789062,138.0,136.5189971923828,137.58200073242188,136.28515625,19654000,0.0,0.0,GOOGL
2021-10-14 00:00:00-04:00,139.4739990234375,141.33749389648438,138.8249969482422,141.1510009765625,139.82052612304688,31894000,0.0,0.0,GOOGL
2021-10-15 00:00:00-04:00,141.614501953125,141.71800231933594,140.7550048828125,141.3679962158203,140.0354766845703,30274000,0.0,0.0,GOOGL
2021-10-18 00:00:00-04:00,141.07650756835938,142.79600524902344,141.0695037841797,142.7779998779297,141.4321746826172,20396000,0.0,0.0,GOOGL
2021-10-19 00:00:00-04:00,143.3874969482422,143.66250610351562,142.60000610351562,143.23699951171875,141.88687133789062,20164000,0.0,0.0,GOOGL
2021-10-20 00:00:00-04:00,143.33799743652344,143.54600524902344,141.37649536132812,141.7689971923828,140.43267822265625,23288000,0.0,0.0,GOOGL
2021-10-21 00:00:00-04:00,141.7689971923828,142.156005859375,140.5,141.88600158691406,140.54859924316406,26292000,0.0,0.0,GOOGL
2021-10-22 00:00:00-04:00,139.14999389648438,140.58299255371094,136.05599975585938,137.56649780273438,136.26980590820312,50588000,0.0,0.0,GOOGL
2021-10-25 00:00:00-04:00,137.5500030517578,138.0,135.4239959716797,137.44700622558594,136.15142822265625,34412000,0.0,0.0,GOOGL
2021-10-26 00:00:00-04:00,139.2635040283203,140.08299255371094,138.30450439453125,139.30850219726562,137.99537658691406,49236000,0.0,0.0,GOOGL
2021-10-27 00:00:00-04:00,139.40499877929688,148.64999389648438,139.40499877929688,146.21749877929688,144.83924865722656,85782000,0.0,0.0,GOOGL
2021-10-28 00:00:00-04:00,147.13450622558594,147.1580047607422,144.6269989013672,145.8489990234375,144.47421264648438,36206000,0.0,0.0,GOOGL
2021-10-29 00:00:00-04:00,145.0780029296875,148.24200439453125,144.64950561523438,148.04600524902344,146.65049743652344,43320000,0.0,0.0,GOOGL
2021-11-01 00:00:00-04:00,148.04600524902344,148.04600524902344,143.22549438476562,143.4969940185547,142.14439392089844,46924000,0.0,0.0,GOOGL
2021-11-02 00:00:00-04:00,144.57949829101562,146.60899353027344,144.3354949951172,145.4324951171875,144.0616455078125,33482000,0.0,0.0,GOOGL
2021-11-03 00:00:00-04:00,145.90049743652344,146.66900634765625,144.59100341796875,146.59800720214844,145.2161865234375,27494000,0.0,0.0,GOOGL
2021-11-04 00:00:00-04:00,147.12449645996094,149.73350524902344,146.30799865722656,148.2675018310547,146.86993408203125,38412000,0.0,0.0,GOOGL
2021-11-05 00:00:00-04:00,149.16949462890625,150.32749938964844,148.19700622558594,148.8520050048828,147.4489288330078,38354000,0.0,0.0,GOOGL
2021-11-08 00:00:00-05:00,149.8249969482422,150.61500549316406,148.4304962158203,149.031005859375,147.62625122070312,23052000,0.0,0.0,GOOGL
2021-11-09 00:00:00-05:00,149.23300170898438,149.83450317382812,147.2449951171875,148.9185028076172,147.51480102539062,19530000,0.0,0.0,GOOGL
2021-11-10 00:00:00-05:00,147.5,148.07000732421875,144.53750610351562,145.89349365234375,144.51828002929688,29970000,0.0,0.0,GOOGL
2021-11-11 00:00:00-05:00,146.489501953125,147.53550720214844,145.60049438476562,145.76649475097656,144.3925018310547,16518000,0.0,0.0,GOOGL
2021-11-12 00:00:00-05:00,146.61549377441406,148.85000610351562,145.41099548339844,148.67799377441406,147.2765655517578,22360000,0.0,0.0,GOOGL
2021-11-15 00:00:00-05:00,148.90049743652344,149.54949951171875,147.5749969482422,148.45199584960938,147.05267333984375,23508000,0.0,0.0,GOOGL
2021-11-16 00:00:00-05:00,148.14950561523438,148.7624969482422,147.3125,147.87600708007812,146.4821319580078,18904000,0.0,0.0,GOOGL
2021-11-17 00:00:00-05:00,148.02749633789062,148.5594940185547,147.24000549316406,148.0469970703125,146.6514892578125,19594000,0.0,0.0,GOOGL
2021-11-18 00:00:00-05:00,148.2415008544922,150.58050537109375,147.88450622558594,149.8385009765625,148.42611694335938,35608000,0.0,0.0,GOOGL
2021-11-19 00:00:00-05:00,149.97549438476562,150.9665069580078,148.8990020751953,148.92649841308594,147.52272033691406,33682000,0.0,0.0,GOOGL
2021-11-22 00:00:00-05:00,149.33250427246094,149.82949829101562,146.1475067138672,146.302001953125,144.92295837402344,30594000,0.0,0.0,GOOGL
2021-11-23 00:00:00-05:00,146.1529998779297,146.66000366210938,144.11500549316406,145.78199768066406,144.4078369140625,27218000,0.0,0.0,GOOGL
2021-11-24 00:00:00-05:00,145.47349548339844,146.24949645996094,144.3730010986328,146.1199951171875,144.74266052246094,18040000,0.0,0.0,GOOGL
2021-11-26 00:00:00-05:00,144.34849548339844,144.5574951171875,141.84249877929688,142.18299865722656,140.84278869628906,30470000,0.0,0.0,GOOGL
2021-11-29 00:00:00-05:00,144.0,146.29750061035156,143.89349365234375,145.53050231933594,144.1587371826172,32596000,0.0,0.0,GOOGL
2021-11-30 00:00:00-05:00,145.0084991455078,146.0,141.60150146484375,141.8975067138672,140.55996704101562,42068000,0.0,0.0,GOOGL
2021-12-01 00:00:00-05:00,144.0,145.95050048828125,140.91200256347656,141.05149841308594,139.72193908691406,34020000,0.0,0.0,GOOGL
2021-12-02 00:00:00-05:00,141.25,143.864501953125,140.21449279785156,142.96600341796875,141.61837768554688,29194000,0.0,0.0,GOOGL
2021-12-03 00:00:00-05:00,143.68099975585938,144.39999389648438,140.30099487304688,142.00149536132812,140.6630096435547,41230000,0.0,0.0,GOOGL
2021-12-06 00:00:00-05:00,143.04049682617188,143.8524932861328,140.14999389648438,143.15499877929688,141.8056182861328,30618000,0.0,0.0,GOOGL
2021-12-07 00:00:00-05:00,145.59649658203125,147.531005859375,145.2274932861328,147.26950073242188,145.88134765625,32240000,0.0,0.0,GOOGL
2021-12-08 00:00:00-05:00,147.59649658203125,148.39300537109375,146.406005859375,148.18649291992188,146.7896728515625,24270000,0.0,0.0,GOOGL
2021-12-09 00:00:00-05:00,147.59100341796875,149.10000610351562,147.11500549316406,147.6385040283203,146.24688720703125,23270000,0.0,0.0,GOOGL
2021-12-10 00:00:00-05:00,148.6999969482422,148.9774932861328,146.70399475097656,148.00149536132812,146.6064453125,24458000,0.0,0.0,GOOGL
2021-12-13 00:00:00-05:00,147.781494140625,147.97000122070312,145.5175018310547,145.82650756835938,144.4519500732422,27070000,0.0,0.0,GOOGL
2021-12-14 00:00:00-05:00,143.96800231933594,144.47999572753906,141.21499633789062,143.90699768066406,142.55055236816406,38446000,0.0,0.0,GOOGL
2021-12-15 00:00:00-05:00,143.40899658203125,146.7209930419922,141.67799377441406,146.4409942626953,145.06063842773438,36370000,0.0,0.0,GOOGL
2021-12-16 00:00:00-05:00,147.17050170898438,147.677001953125,143.60699462890625,144.44500732421875,143.08348083496094,33650000,0.0,0.0,GOOGL
2021-12-17 00:00:00-05:00,142.5,143.83450317382812,141.3000030517578,141.72500610351562,140.3890838623047,50416000,0.0,0.0,GOOGL
2021-12-20 00:00:00-05:00,140.0,141.77450561523438,139.3209991455078,141.60699462890625,140.27220153808594,27192000,0.0,0.0,GOOGL
2021-12-21 00:00:00-05:00,142.05349731445312,143.86900329589844,140.50250244140625,143.47250366210938,142.12013244628906,28756000,0.0,0.0,GOOGL
2021-12-22 00:00:00-05:00,143.0675048828125,146.5,143.0675048828125,146.4149932861328,145.0348663330078,26322000,0.0,0.0,GOOGL
2021-12-23 00:00:00-05:00,146.5,148.24349975585938,146.45199584960938,146.91650390625,145.5316925048828,26384000,0.0,0.0,GOOGL
2021-12-27 00:00:00-05:00,147.25599670410156,148.343994140625,147.16949462890625,147.906494140625,146.51231384277344,15976000,0.0,0.0,GOOGL
2021-12-28 00:00:00-05:00,148.23599243164062,148.2989959716797,146.05450439453125,146.68699645996094,145.30433654785156,18200000,0.0,0.0,GOOGL
2021-12-29 00:00:00-05:00,146.64450073242188,147.41700744628906,145.6475067138672,146.65499877929688,145.27259826660156,17788000,0.0,0.0,GOOGL
2021-12-30 00:00:00-05:00,146.69400024414062,147.3000030517578,145.9945068359375,146.20050048828125,144.82240295410156,15688000,0.0,0.0,GOOGL
2021-12-31 00:00:00-05:00,146.0500030517578,146.69850158691406,144.8520050048828,144.8520050048828,143.48663330078125,18136000,0.0,0.0,GOOGL
2022-01-03 00:00:00-05:00,145.05499267578125,145.8509979248047,143.71299743652344,144.9915008544922,143.6248321533203,28646000,0.0,0.0,GOOGL
2022-01-04 00:00:00-05:00,145.39599609375,146.48500061035156,143.7165069580078,144.39950561523438,143.03839111328125,28400000,0.0,0.0,GOOGL
2022-01-05 00:00:00-05:00,144.4199981689453,144.49949645996094,137.68800354003906,137.77499389648438,136.476318359375,54618000,0.0,0.0,GOOGL
2022-01-06 00:00:00-05:00,136.99850463867188,139.94000244140625,136.55850219726562,137.74749755859375,136.44908142089844,37348000,0.0,0.0,GOOGL
2022-01-07 00:00:00-05:00,138.14549255371094,138.44850158691406,135.76649475097656,137.01699829101562,135.72549438476562,29760000,0.0,0.0,GOOGL
2022-01-10 00:00:00-05:00,135.0780029296875,138.8195037841797,133.1645050048828,138.66949462890625,137.3623809814453,44408000,0.0,0.0,GOOGL
2022-01-11 00:00:00-05:00,138.0070037841797,140.21600341796875,136.6925048828125,139.73599243164062,138.4188232421875,28730000,0.0,0.0,GOOGL
2022-01-12 00:00:00-05:00,141.14999389648438,142.60800170898438,140.6945037841797,141.4304962158203,140.09738159179688,26108000,0.0,0.0,GOOGL
2022-01-13 00:00:00-05:00,141.5399932861328,142.85000610351562,138.40899658203125,138.58700561523438,137.2806854248047,31436000,0.0,0.0,GOOGL
2022-01-14 00:00:00-05:00,137.07899475097656,140.74200439453125,136.99850463867188,139.48049926757812,138.16575622558594,29662000,0.0,0.0,GOOGL
2022-01-18 00:00:00-05:00,136.1750030517578,137.13150024414062,135.43850708007812,135.9980010986328,134.716064453125,34872000,0.0,0.0,GOOGL
2022-01-19 00:00:00-05:00,136.52349853515625,137.95950317382812,135.0155029296875,135.1165008544922,133.84292602539062,28648000,0.0,0.0,GOOGL
2022-01-20 00:00:00-05:00,136.25,137.62600708007812,132.96449279785156,133.3074951171875,132.05091857910156,29908000,0.0,0.0,GOOGL
2022-01-21 00:00:00-05:00,132.593505859375,134.86549377441406,130.0865020751953,130.35150146484375,129.12278747558594,55652000,0.0,0.0,GOOGL
2022-01-24 00:00:00-05:00,125.97799682617188,131.2030029296875,124.5,130.8040008544922,129.57102966308594,76622000,0.0,0.0,GOOGL
2022-01-25 00:00:00-05:00,128.74000549316406,129.3990020751953,126.50050354003906,126.93499755859375,125.73851013183594,46960000,0.0,0.0,GOOGL
2022-01-26 00:00:00-05:00,131.11900329589844,133.0,127.14199829101562,129.23300170898438,128.0148468017578,49130000,0.0,0.0,GOOGL
2022-01-27 00:00:00-05:00,131.3040008544922,132.65249633789062,128.9324951171875,129.0050048828125,127.78900146484375,31950000,0.0,0.0,GOOGL
2022-01-28 00:00:00-05:00,129.65899658203125,133.35650634765625,128.48500061035156,133.3509979248047,132.0940399169922,34362000,0.0,0.0,GOOGL
2022-01-31 00:00:00-05:00,134.16200256347656,135.47300720214844,132.20950317382812,135.30349731445312,134.02813720703125,39986000,0.0,0.0,GOOGL
2022-02-01 00:00:00-05:00,137.59449768066406,137.79299926757812,134.36849975585938,137.6439971923828,136.34654235839844,68644000,0.0,0.0,GOOGL
2022-02-02 00:00:00-05:00,151.25,151.54649353027344,145.5225067138672,148.0,146.60496520996094,123200000,0.0,0.0,GOOGL
2022-02-03 00:00:00-05:00,145.70550537109375,149.6750030517578,142.66549682617188,143.08999633789062,141.7412567138672,71518000,0.0,0.0,GOOGL
2022-02-04 00:00:00-05:00,143.4445037841797,144.875,140.51499938964844,143.29299926757812,141.9423370361328,57998000,0.0,0.0,GOOGL
2022-02-07 00:00:00-05:00,144.25,144.25,138.89999389648438,139.2010040283203,137.88888549804688,54974000,0.0,0.0,GOOGL
2022-02-08 00:00:00-05:00,139.02650451660156,140.0,137.01400756835938,139.3990020751953,138.08505249023438,54284000,0.0,0.0,GOOGL
2022-02-09 00:00:00-05:00,140.9635009765625,142.52450561523438,140.18699645996094,141.5919952392578,140.25735473632812,40144000,0.0,0.0,GOOGL
2022-02-10 00:00:00-05:00,139.70350646972656,141.4844970703125,137.95700073242188,138.6199951171875,137.31336975097656,39330000,0.0,0.0,GOOGL
2022-02-11 00:00:00-05:00,138.60000610351562,139.156494140625,133.39999389648438,134.28250122070312,133.01673889160156,39958000,0.0,0.0,GOOGL
2022-02-14 00:00:00-05:00,133.25650024414062,136.3000030517578,133.25650024414062,135.5260009765625,134.24851989746094,34302000,0.0,0.0,GOOGL
2022-02-15 00:00:00-05:00,137.57049560546875,138.10850524902344,135.82150268554688,136.60850524902344,135.32081604003906,26680000,0.0,0.0,GOOGL
2022-02-16 00:00:00-05:00,136.64649963378906,138.08599853515625,134.9239959716797,137.73800659179688,136.43968200683594,25022000,0.0,0.0,GOOGL
2022-02-17 00:00:00-05:00,136.2429962158203,137.11349487304688,132.47850036621094,132.53900146484375,131.28968811035156,38950000,0.0,0.0,GOOGL
2022-02-18 00:00:00-05:00,133.4669952392578,134.07000732421875,130.19650268554688,130.4029998779297,129.17381286621094,45620000,0.0,0.0,GOOGL
2022-02-22 00:00:00-05:00,129.83799743652344,132.1804962158203,128.22349548339844,129.81350708007812,128.58987426757812,44990000,0.0,0.0,GOOGL
2022-02-23 00:00:00-05:00,131.64849853515625,132.05099487304688,127.52749633789062,127.58799743652344,126.3853530883789,32786000,0.0,0.0,GOOGL
2022-02-24 00:00:00-05:00,124.95349884033203,133.0,124.95349884033203,132.6909942626953,131.4402313232422,54456000,0.0,0.0,GOOGL
2022-02-25 00:00:00-05:00,133.552001953125,135.27149963378906,131.75149536132812,134.45950317382812,133.19207763671875,36406000,0.0,0.0,GOOGL
2022-02-28 00:00:00-05:00,133.0500030517578,135.75149536132812,132.59249877929688,135.0570068359375,133.78395080566406,38864000,0.0,0.0,GOOGL
2022-03-01 00:00:00-05:00,134.8784942626953,136.2554931640625,133.218505859375,134.06149291992188,132.79783630371094,26496000,0.0,0.0,GOOGL
2022-03-02 00:00:00-05:00,134.6280059814453,135.2624969482422,133.07150268554688,134.57150268554688,133.3030242919922,23520000,0.0,0.0,GOOGL
2022-03-03 00:00:00-05:00,136.00999450683594,136.4394989013672,133.02549743652344,133.89950561523438,132.6373748779297,24604000,0.0,0.0,GOOGL
2022-03-04 00:00:00-05:00,132.92750549316406,133.85150146484375,130.33749389648438,131.906494140625,130.66314697265625,30430000,0.0,0.0,GOOGL
2022-03-07 00:00:00-05:00,131.48800659179688,131.73500061035156,126.29499816894531,126.37850189208984,125.187255859375,45112000,0.0,0.0,GOOGL
2022-03-08 00:00:00-05:00,126.25,131.25,125.67449951171875,127.10449981689453,125.90641021728516,40428000,0.0,0.0,GOOGL
2022-03-09 00:00:00-05:00,131.25,133.73550415039062,129.90049743652344,133.4199981689453,132.1623992919922,37026000,0.0,0.0,GOOGL
2022-03-10 00:00:00-05:00,131.26600646972656,133.27200317382812,130.91250610351562,132.42950439453125,131.18124389648438,27102000,0.0,0.0,GOOGL
2022-03-11 00:00:00-05:00,133.48849487304688,133.79550170898438,129.63150024414062,129.87049865722656,128.64634704589844,31526000,0.0,0.0,GOOGL
2022-03-14 00:00:00-04:00,130.25,130.40899658203125,125.2750015258789,125.95099639892578,124.76377868652344,38812000,0.0,0.0,GOOGL
2022-03-15 00:00:00-04:00,126.97599792480469,129.85450744628906,125.72049713134766,129.197998046875,127.98017120361328,30920000,0.0,0.0,GOOGL
2022-03-16 00:00:00-04:00,130.73300170898438,133.33299255371094,128.7344970703125,133.28050231933594,132.02420043945312,35576000,0.0,0.0,GOOGL
2022-03-17 00:00:00-04:00,133.1490020751953,134.08050537109375,132.18499755859375,133.83900451660156,132.5774383544922,28264000,0.0,0.0,GOOGL
2022-03-18 00:00:00-04:00,133.42449951171875,136.24400329589844,132.2584991455078,136.12550354003906,134.84234619140625,44566000,0.0,0.0,GOOGL
2022-03-21 00:00:00-04:00,136.1634979248047,137.0500030517578,134.09249877929688,136.10150146484375,134.81858825683594,26832000,0.0,0.0,GOOGL
2022-03-22 00:00:00-04:00,136.10150146484375,141.0500030517578,136.10150146484375,139.8679962158203,138.5496063232422,35496000,0.0,0.0,GOOGL
2022-03-23 00:00:00-04:00,138.70249938964844,139.5885009765625,137.8350067138672,138.27549743652344,136.9721221923828,25154000,0.0,0.0,GOOGL
2022-03-24 00:00:00-04:00,139.1999969482422,141.61900329589844,137.75050354003906,141.57200622558594,140.23753356933594,26396000,0.0,0.0,GOOGL
2022-03-25 00:00:00-04:00,141.91600036621094,142.03500366210938,139.7375030517578,141.67300415039062,140.3376007080078,24126000,0.0,0.0,GOOGL
2022-03-28 00:00:00-04:00,140.90049743652344,142.00250244140625,139.81149291992188,141.45550537109375,140.12216186523438,35050000,0.0,0.0,GOOGL
2022-03-29 00:00:00-04:00,142.6475067138672,143.7935028076172,142.0384979248047,142.5054931640625,141.1622314453125,34318000,0.0,0.0,GOOGL
2022-03-30 00:00:00-04:00,142.4600067138672,142.7205047607422,141.60000610351562,141.93850708007812,140.6005859375,19884000,0.0,0.0,GOOGL
2022-03-31 00:00:00-04:00,142.05299377441406,142.10800170898438,139.02450561523438,139.0675048828125,137.7566680908203,37524000,0.0,0.0,GOOGL
2022-04-01 00:00:00-04:00,139.5,140.4709930419922,138.3074951171875,140.15049743652344,138.8294677734375,25942000,0.0,0.0,GOOGL
2022-04-04 00:00:00-04:00,140.35850524902344,143.71200561523438,140.3105010986328,142.97149658203125,141.6238555908203,25942000,0.0,0.0,GOOGL
2022-04-05 00:00:00-04:00,142.86900329589844,142.99049377441406,140.38250732421875,140.59100341796875,139.2658233642578,21418000,0.0,0.0,GOOGL
2022-04-06 00:00:00-04:00,138.75,139.36050415039062,135.51699829101562,136.54800415039062,135.26089477539062,32468000,0.0,0.0,GOOGL
2022-04-07 00:00:00-04:00,136.00999450683594,137.1645050048828,134.2274932861328,135.8885040283203,134.6076202392578,26234000,0.0,0.0,GOOGL
2022-04-08 00:00:00-04:00,135.58349609375,135.6699981689453,132.9654998779297,133.28750610351562,132.0311279296875,25142000,0.0,0.0,GOOGL
2022-04-11 00:00:00-04:00,131.82350158691406,132.09249877929688,128.6685028076172,128.82350158691406,127.60923767089844,36884000,0.0,0.0,GOOGL
2022-04-12 00:00:00-04:00,131.60000610351562,131.60000610351562,126.78900146484375,127.7145004272461,126.51066589355469,32710000,0.0,0.0,GOOGL
2022-04-13 00:00:00-04:00,128.0,130.33399963378906,127.74099731445312,129.8939971923828,128.6696319580078,27928000,0.0,0.0,GOOGL
2022-04-14 00:00:00-04:00,130.47950744628906,130.47950744628906,126.60099792480469,126.7300033569336,125.53543853759766,31598000,0.0,0.0,GOOGL
2022-04-18 00:00:00-04:00,127.0,128.21249389648438,126.18199920654297,127.67649841308594,126.4730224609375,20808000,0.0,0.0,GOOGL
2022-04-19 00:00:00-04:00,127.69149780273438,130.33299255371094,126.99949645996094,130.00900268554688,128.78353881835938,26490000,0.0,0.0,GOOGL
2022-04-20 00:00:00-04:00,130.89199829101562,131.3990020751953,127.5,128.0399932861328,126.83307647705078,31696000,0.0,0.0,GOOGL
2022-04-21 00:00:00-04:00,129.25,130.09849548339844,124.52649688720703,124.81449890136719,123.63800811767578,36446000,0.0,0.0,GOOGL
2022-04-22 00:00:00-04:00,125.0,125.4020004272461,118.92500305175781,119.635498046875,118.50780487060547,56884000,0.0,0.0,GOOGL
2022-04-25 00:00:00-04:00,119.10099792480469,123.27749633789062,118.51100158691406,123.0739974975586,121.91390228271484,46128000,0.0,0.0,GOOGL
2022-04-26 00:00:00-04:00,122.29450225830078,122.51000213623047,118.51100158691406,118.6500015258789,117.53160095214844,73054000,0.0,0.0,GOOGL
2022-04-27 00:00:00-04:00,114.46949768066406,117.24199676513672,112.73650360107422,114.29450225830078,113.21715545654297,91820000,0.0,0.0,GOOGL
2022-04-28 00:00:00-04:00,116.41500091552734,119.64949798583984,114.11499786376953,118.52249908447266,117.40531158447266,48884000,0.0,0.0,GOOGL
2022-04-29 00:00:00-04:00,116.7344970703125,117.91999816894531,113.81449890136719,114.1094970703125,113.0339126586914,42676000,0.0,0.0,GOOGL
2022-05-02 00:00:00-04:00,113.40499877929688,116.74549865722656,112.5999984741211,116.58300018310547,115.48408508300781,35534000,0.0,0.0,GOOGL
2022-05-03 00:00:00-04:00,116.43049621582031,118.44200134277344,116.03450012207031,117.33399963378906,116.22799682617188,24968000,0.0,0.0,GOOGL
2022-05-04 00:00:00-04:00,117.03150177001953,122.85449981689453,115.11599731445312,122.26100158691406,121.10855865478516,49916000,0.0,0.0,GOOGL
2022-05-05 00:00:00-04:00,120.2040023803711,121.03900146484375,115.00550079345703,116.50550079345703,115.40733337402344,45840000,0.0,0.0,GOOGL
2022-05-06 00:00:00-04:00,115.18450164794922,117.57150268554688,114.0155029296875,115.74649810791016,114.65547943115234,39710000,0.0,0.0,GOOGL
2022-05-09 00:00:00-04:00,113.25,115.0770034790039,112.00050354003906,112.51100158691406,111.45047760009766,40802000,0.0,0.0,GOOGL
2022-05-10 00:00:00-04:00,115.50749969482422,116.25,112.90049743652344,114.3949966430664,113.31669616699219,39900000,0.0,0.0,GOOGL
2022-05-11 00:00:00-04:00,113.23650360107422,116.364501953125,113.23650360107422,113.60250091552734,112.53169250488281,37534000,0.0,0.0,GOOGL
2022-05-12 00:00:00-04:00,111.37750244140625,114.29499816894531,109.82450103759766,112.84400177001953,111.78032684326172,53836000,0.0,0.0,GOOGL
2022-05-13 00:00:00-04:00,114.53299713134766,117.875,113.6050033569336,116.05049896240234,114.95661163330078,35038000,0.0,0.0,GOOGL
2022-05-16 00:00:00-04:00,114.95549774169922,116.16999816894531,113.8895034790039,114.44499969482422,113.36624908447266,25990000,0.0,0.0,GOOGL
2022-05-17 00:00:00-04:00,116.84049987792969,116.9000015258789,114.87000274658203,116.4729995727539,115.37513732910156,23054000,0.0,0.0,GOOGL
2022-05-18 00:00:00-04:00,115.0,115.4000015258789,111.55549621582031,111.89949798583984,110.8447265625,35126000,0.0,0.0,GOOGL
2022-05-19 00:00:00-04:00,111.43150329589844,113.01000213623047,110.0,110.38400268554688,109.34352111816406,34144000,0.0,0.0,GOOGL
2022-05-20 00:00:00-04:00,111.95099639892578,112.18350219726562,105.79650115966797,108.90799713134766,107.88142395019531,48962000,0.0,0.0,GOOGL
2022-05-23 00:00:00-04:00,109.5875015258789,112.14749908447266,108.74099731445312,111.48799896240234,110.43711853027344,37184000,0.0,0.0,GOOGL
2022-05-24 00:00:00-04:00,105.77200317382812,106.45850372314453,101.8844985961914,105.97000122070312,104.97111511230469,76780000,0.0,0.0,GOOGL
2022-05-25 00:00:00-04:00,104.9854965209961,106.5,103.85649871826172,105.80500030517578,104.80767059326172,40258000,0.0,0.0,GOOGL
2022-05-26 00:00:00-04:00,105.677001953125,108.64949798583984,105.2249984741211,107.7925033569336,106.77645111083984,37948000,0.0,0.0,GOOGL
2022-05-27 00:00:00-04:00,109.48300170898438,112.31800079345703,109.13849639892578,112.31649780273438,111.25779724121094,37914000,0.0,0.0,GOOGL
2022-05-31 00:00:00-04:00,112.74649810791016,115.73500061035156,112.07849884033203,113.76200103759766,112.6896743774414,50012000,0.0,0.0,GOOGL
2022-06-01 00:00:00-04:00,114.8550033569336,117.10150146484375,113.25,113.89199829101562,112.81845092773438,36606000,0.0,0.0,GOOGL
2022-06-02 00:00:00-04:00,114.0,117.89949798583984,112.94650268554688,117.62249755859375,116.51380157470703,37992000,0.0,0.0,GOOGL
2022-06-03 00:00:00-04:00,116.0625,116.32150268554688,113.51850128173828,114.54100036621094,113.4613265991211,26136000,0.0,0.0,GOOGL
2022-06-06 00:00:00-04:00,116.70449829101562,119.34700012207031,116.16400146484375,116.82050323486328,115.71935272216797,33542000,0.0,0.0,GOOGL
2022-06-07 00:00:00-04:00,115.48049926757812,117.69100189208984,115.052001953125,117.14949798583984,116.04524230957031,31590000,0.0,0.0,GOOGL
2022-06-08 00:00:00-04:00,116.7614974975586,118.57050323486328,116.5999984741211,117.19400024414062,116.08932495117188,26108000,0.0,0.0,GOOGL
2022-06-09 00:00:00-04:00,116.32749938964844,118.29900360107422,114.7760009765625,114.83550262451172,113.75305938720703,25798000,0.0,0.0,GOOGL
2022-06-10 00:00:00-04:00,112.44499969482422,113.27899932861328,110.36599731445312,111.1614990234375,110.11370086669922,41452000,0.0,0.0,GOOGL
2022-06-13 00:00:00-04:00,106.7864990234375,108.79149627685547,106.11900329589844,106.39250183105469,105.38964080810547,47252000,0.0,0.0,GOOGL
2022-06-14 00:00:00-04:00,106.53500366210938,107.92449951171875,105.80000305175781,106.71549987792969,105.70958709716797,33706000,0.0,0.0,GOOGL
2022-06-15 00:00:00-04:00,108.54499816894531,111.42350006103516,107.66950225830078,109.7645034790039,108.7298583984375,39698000,0.0,0.0,GOOGL
2022-06-16 00:00:00-04:00,107.22100067138672,108.64849853515625,105.13800048828125,106.03350067138672,105.0340347290039,51684000,0.0,0.0,GOOGL
2022-06-17 00:00:00-04:00,106.03350067138672,108.69950103759766,105.0459976196289,107.14350128173828,106.1335678100586,51376000,0.0,0.0,GOOGL
2022-06-21 00:00:00-04:00,108.92949676513672,112.489501953125,108.5999984741211,111.54399871826172,110.4925765991211,47416000,0.0,0.0,GOOGL
2022-06-22 00:00:00-04:00,110.55650329589844,113.34649658203125,110.38249969482422,111.48750305175781,110.43663024902344,30774000,0.0,0.0,GOOGL
2022-06-23 00:00:00-04:00,112.23149871826172,112.74250030517578,110.50050354003906,112.24199676513672,111.18400573730469,28362000,0.0,0.0,GOOGL
2022-06-24 00:00:00-04:00,112.99500274658203,118.0790023803711,112.95249938964844,117.9749984741211,116.86296844482422,41164000,0.0,0.0,GOOGL
2022-06-27 00:00:00-04:00,118.27300262451172,118.57949829101562,115.17949676513672,115.83350372314453,114.74164581298828,36420000,0.0,0.0,GOOGL
2022-06-28 00:00:00-04:00,115.80249786376953,117.30950164794922,111.8479995727539,112.00749969482422,110.95171356201172,35792000,0.0,0.0,GOOGL
2022-06-29 00:00:00-04:00,111.552001953125,113.1604995727539,110.87249755859375,111.70149993896484,110.64860534667969,24716000,0.0,0.0,GOOGL
2022-06-30 00:00:00-04:00,110.0,110.88800048828125,106.75,108.96299743652344,107.93592071533203,43170000,0.0,0.0,GOOGL
2022-07-01 00:00:00-04:00,107.93299865722656,109.25,106.73049926757812,108.73750305175781,107.71253967285156,35476000,0.0,0.0,GOOGL
2022-07-05 00:00:00-04:00,107.10050201416016,113.37699890136719,105.73149871826172,113.26300048828125,112.19538879394531,39342000,0.0,0.0,GOOGL
2022-07-06 00:00:00-04:00,113.302001953125,115.5895004272461,111.47599792480469,114.5719985961914,113.4920425415039,37432000,0.0,0.0,GOOGL
2022-07-07 00:00:00-04:00,115.08000183105469,119.18949890136719,114.83350372314453,118.78299713134766,117.66333770751953,40936000,0.0,0.0,GOOGL
2022-07-08 00:00:00-04:00,117.25,119.68499755859375,116.90149688720703,119.35350036621094,118.22846221923828,38238000,0.0,0.0,GOOGL
2022-07-11 00:00:00-04:00,117.99800109863281,117.99800109863281,115.33049774169922,115.67649841308594,114.58613586425781,31196000,0.0,0.0,GOOGL
2022-07-12 00:00:00-04:00,116.21499633789062,116.9739990234375,113.69000244140625,114.02050018310547,112.94573211669922,29960000,0.0,0.0,GOOGL
2022-07-13 00:00:00-04:00,111.70099639892578,114.19599914550781,111.20149993896484,111.35350036621094,110.30387115478516,43722000,0.0,0.0,GOOGL
2022-07-14 00:00:00-04:00,110.21050262451172,111.09300231933594,108.37300109863281,110.36750030517578,109.32717895507812,37004000,0.0,0.0,GOOGL
2022-07-15 00:00:00-04:00,112.00050354003906,113.1405029296875,110.9000015258789,111.77749633789062,110.72388458251953,46770000,0.0,0.0,GOOGL
2022-07-18 00:00:00-04:00,112.63999938964844,113.68000030517578,108.37000274658203,109.02999877929688,108.00228118896484,43164600,0.0,20.0,GOOGL
2022-07-19 00:00:00-04:00,110.8499984741211,114.0199966430664,109.55999755859375,113.80999755859375,112.73722076416016,36530900,0.0,0.0,GOOGL
2022-07-20 00:00:00-04:00,113.16999816894531,115.4000015258789,112.4800033569336,113.9000015258789,112.82637786865234,35600400,0.0,0.0,GOOGL
2022-07-21 00:00:00-04:00,114.27999877929688,114.55000305175781,111.11000061035156,114.33999633789062,113.2622299194336,32676200,0.0,0.0,GOOGL
2022-07-22 00:00:00-04:00,111.0,112.33999633789062,106.5,107.9000015258789,106.88291931152344,48901200,0.0,0.0,GOOGL
2022-07-25 00:00:00-04:00,108.41000366210938,109.87000274658203,106.30000305175781,107.51000213623047,106.49661254882812,34690900,0.0,0.0,GOOGL
2022-07-26 00:00:00-04:00,106.5999984741211,107.19999694824219,104.06999969482422,105.0199966430664,104.03009033203125,47991000,0.0,0.0,GOOGL
2022-07-27 00:00:00-04:00,109.26000213623047,113.91000366210938,108.01000213623047,113.05999755859375,111.99430084228516,59858500,0.0,0.0,GOOGL
2022-07-28 00:00:00-04:00,112.37000274658203,114.33999633789062,111.45999908447266,114.22000122070312,113.14335632324219,32816600,0.0,0.0,GOOGL
2022-07-29 00:00:00-04:00,113.08000183105469,116.70999908447266,113.05999755859375,116.31999969482422,115.22355651855469,37223400,0.0,0.0,GOOGL
2022-08-01 00:00:00-04:00,115.30000305175781,116.72000122070312,114.33999633789062,114.86000061035156,113.77733612060547,26034300,0.0,0.0,GOOGL
2022-08-02 00:00:00-04:00,114.0,116.3499984741211,113.72000122070312,115.12999725341797,114.04478454589844,20236000,0.0,0.0,GOOGL
2022-08-03 00:00:00-04:00,115.70999908447266,118.62000274658203,115.4800033569336,118.08000183105469,116.96696472167969,28499000,0.0,0.0,GOOGL
2022-08-04 00:00:00-04:00,117.4800033569336,118.77999877929688,116.88999938964844,118.19000244140625,117.0759506225586,21602900,0.0,0.0,GOOGL
2022-08-05 00:00:00-04:00,116.2300033569336,118.11000061035156,116.0,117.47000122070312,116.36273193359375,19159500,0.0,0.0,GOOGL
2022-08-08 00:00:00-04:00,118.38999938964844,120.1500015258789,116.87999725341797,117.30000305175781,116.1943359375,19138300,0.0,0.0,GOOGL
2022-08-09 00:00:00-04:00,117.13999938964844,117.31999969482422,115.70999908447266,116.62999725341797,115.53062438964844,19086500,0.0,0.0,GOOGL
2022-08-10 00:00:00-04:00,118.77999877929688,120.91999816894531,118.41000366210938,119.69999694824219,118.57170104980469,30930400,0.0,0.0,GOOGL
2022-08-11 00:00:00-04:00,121.27999877929688,121.48999786376953,118.55999755859375,118.83999633789062,117.7198257446289,24293700,0.0,0.0,GOOGL
2022-08-12 00:00:00-04:00,120.26000213623047,121.68000030517578,119.45999908447266,121.68000030517578,120.53305053710938,19096300,0.0,0.0,GOOGL
2022-08-15 00:00:00-04:00,121.12999725341797,122.30000305175781,120.61000061035156,122.08000183105469,120.92927551269531,19494800,0.0,0.0,GOOGL
2022-08-16 00:00:00-04:00,121.5199966430664,122.43000030517578,120.63999938964844,121.69999694824219,120.55284881591797,19041200,0.0,0.0,GOOGL
2022-08-17 00:00:00-04:00,120.12000274658203,121.29000091552734,119.37999725341797,119.55000305175781,118.42311096191406,22847000,0.0,0.0,GOOGL
2022-08-18 00:00:00-04:00,119.43000030517578,120.81999969482422,118.72000122070312,120.16999816894531,119.03728485107422,17987700,0.0,0.0,GOOGL
2022-08-19 00:00:00-04:00,119.05999755859375,119.1500015258789,116.76000213623047,117.20999908447266,116.10517883300781,21809500,0.0,0.0,GOOGL
2022-08-22 00:00:00-04:00,115.19999694824219,115.62999725341797,113.8499984741211,114.23999786376953,113.16316986083984,21456600,0.0,0.0,GOOGL
2022-08-23 00:00:00-04:00,113.4800033569336,115.01000213623047,113.43000030517578,113.86000061035156,112.78675842285156,15870400,0.0,0.0,GOOGL
2022-08-24 00:00:00-04:00,113.5,114.77999877929688,112.87000274658203,113.69000244140625,112.61835479736328,17734600,0.0,0.0,GOOGL
2022-08-25 00:00:00-04:00,114.23999786376953,116.72000122070312,114.11000061035156,116.6500015258789,115.55046844482422,16956800,0.0,0.0,GOOGL
2022-08-26 00:00:00-04:00,114.72000122070312,115.12000274658203,110.19000244140625,110.33999633789062,109.29991912841797,37245700,0.0,0.0,GOOGL
2022-08-29 00:00:00-04:00,109.98999786376953,110.94999694824219,108.80000305175781,109.41999816894531,108.38861083984375,21191200,0.0,0.0,GOOGL
2022-08-30 00:00:00-04:00,110.16999816894531,110.5,107.80000305175781,108.94000244140625,107.91313934326172,27513300,0.0,0.0,GOOGL
2022-08-31 00:00:00-04:00,110.6500015258789,110.8499984741211,108.12999725341797,108.22000122070312,107.19992065429688,28627000,0.0,0.0,GOOGL
2022-09-01 00:00:00-04:00,108.27999877929688,110.44999694824219,107.36000061035156,109.73999786376953,108.7055892944336,28360900,0.0,0.0,GOOGL
2022-09-02 00:00:00-04:00,110.58999633789062,110.73999786376953,107.26000213623047,107.8499984741211,106.83340454101562,24160700,0.0,0.0,GOOGL
2022-09-06 00:00:00-04:00,107.30000305175781,108.02999877929688,105.77999877929688,106.80999755859375,105.80321502685547,25068300,0.0,0.0,GOOGL
2022-09-07 00:00:00-04:00,107.05999755859375,109.9800033569336,106.9000015258789,109.44999694824219,108.41831970214844,23167000,0.0,0.0,GOOGL
2022-09-08 00:00:00-04:00,108.04000091552734,109.5999984741211,107.16000366210938,108.37999725341797,107.3583984375,24238300,0.0,0.0,GOOGL
2022-09-09 00:00:00-04:00,109.06999969482422,110.98999786376953,109.0199966430664,110.6500015258789,109.60700225830078,23197700,0.0,0.0,GOOGL
2022-09-12 00:00:00-04:00,110.98999786376953,111.62000274658203,109.93000030517578,110.86000061035156,109.8150405883789,22966800,0.0,0.0,GOOGL
2022-09-13 00:00:00-04:00,107.80000305175781,108.30000305175781,104.08999633789062,104.31999969482422,103.33667755126953,38172900,0.0,0.0,GOOGL
2022-09-14 00:00:00-04:00,104.56999969482422,105.27999877929688,103.66000366210938,105.0,104.01026916503906,26395100,0.0,0.0,GOOGL
2022-09-15 00:00:00-04:00,104.02999877929688,105.2699966430664,102.3499984741211,102.91000366210938,101.93997192382812,34188300,0.0,0.0,GOOGL
2022-09-16 00:00:00-04:00,102.06999969482422,103.12999725341797,100.94000244140625,102.80000305175781,101.83101654052734,42797200,0.0,0.0,GOOGL
2022-09-19 00:00:00-04:00,101.75,103.33000183105469,101.55000305175781,103.06999969482422,102.09846496582031,23036800,0.0,0.0,GOOGL
2022-09-20 00:00:00-04:00,102.08000183105469,102.37000274658203,100.5199966430664,101.13999938964844,100.18666076660156,26517100,0.0,0.0,GOOGL
2022-09-21 00:00:00-04:00,101.66999816894531,102.87999725341797,99.2699966430664,99.27999877929688,98.34418487548828,31487300,0.0,0.0,GOOGL
2022-09-22 00:00:00-04:00,98.81999969482422,101.23999786376953,98.79000091552734,100.13999938964844,99.19609069824219,34298600,0.0,0.0,GOOGL
2022-09-23 00:00:00-04:00,99.62999725341797,99.66000366210938,97.47000122070312,98.73999786376953,97.80927276611328,31625400,0.0,0.0,GOOGL
2022-09-26 00:00:00-04:00,98.0999984741211,99.87999725341797,97.80000305175781,98.16999816894531,97.2446517944336,27072700,0.0,0.0,GOOGL
2022-09-27 00:00:00-04:00,99.43000030517578,100.0,96.87000274658203,97.5,96.58097076416016,30072800,0.0,0.0,GOOGL
2022-09-28 00:00:00-04:00,97.6500015258789,100.69999694824219,97.11000061035156,100.05000305175781,99.10693359375,32466300,0.0,0.0,GOOGL
2022-09-29 00:00:00-04:00,98.63999938964844,98.63999938964844,95.95999908447266,97.41999816894531,96.5017318725586,31047200,0.0,0.0,GOOGL
2022-09-30 00:00:00-04:00,97.05000305175781,98.9000015258789,95.55999755859375,95.6500015258789,94.74839782714844,32941500,0.0,0.0,GOOGL
2022-10-03 00:00:00-04:00,96.76000213623047,99.29000091552734,96.5199966430664,98.63999938964844,97.71021270751953,27982000,0.0,0.0,GOOGL
2022-10-04 00:00:00-04:00,100.44000244140625,101.83999633789062,100.37999725341797,101.63999938964844,100.68193817138672,28850800,0.0,0.0,GOOGL
2022-10-05 00:00:00-04:00,99.83000183105469,101.93000030517578,98.80000305175781,101.43000030517578,100.47391510009766,22176900,0.0,0.0,GOOGL
2022-10-06 00:00:00-04:00,100.68000030517578,102.93000030517578,100.58999633789062,101.41999816894531,100.4640121459961,22324000,0.0,0.0,GOOGL
2022-10-07 00:00:00-04:00,99.8499984741211,100.52999877929688,98.30000305175781,98.68000030517578,97.74983215332031,27502800,0.0,0.0,GOOGL
2022-10-10 00:00:00-04:00,99.0,99.0999984741211,97.01000213623047,97.86000061035156,96.93756866455078,18225100,0.0,0.0,GOOGL
2022-10-11 00:00:00-04:00,97.43000030517578,99.25,96.30999755859375,97.18000030517578,96.26398468017578,26507100,0.0,0.0,GOOGL
2022-10-12 00:00:00-04:00,97.30000305175781,98.75,96.73999786376953,97.55999755859375,96.6404037475586,21876400,0.0,0.0,GOOGL
2022-10-13 00:00:00-04:00,95.1500015258789,99.77999877929688,94.37999725341797,99.05999755859375,98.12625885009766,34574500,0.0,0.0,GOOGL
2022-10-14 00:00:00-04:00,99.98999786376953,100.69000244140625,96.37000274658203,96.55999755859375,95.64981842041016,25410700,0.0,0.0,GOOGL
2022-10-17 00:00:00-04:00,98.86000061035156,100.93000030517578,98.83000183105469,99.97000122070312,99.02767944335938,28419200,0.0,0.0,GOOGL
2022-10-18 00:00:00-04:00,103.12999725341797,103.47000122070312,99.97000122070312,100.7699966430664,99.82014465332031,24060700,0.0,0.0,GOOGL
2022-10-19 00:00:00-04:00,100.01000213623047,101.0199966430664,98.91999816894531,99.62999725341797,98.69088745117188,23811100,0.0,0.0,GOOGL
2022-10-20 00:00:00-04:00,100.0,102.31999969482422,99.38999938964844,99.97000122070312,99.02767944335938,25323200,0.0,0.0,GOOGL
2022-10-21 00:00:00-04:00,97.8499984741211,101.30999755859375,97.72000122070312,101.12999725341797,100.1767349243164,32458700,0.0,0.0,GOOGL
2022-10-24 00:00:00-04:00,101.80000305175781,102.75,99.9800033569336,102.5199966430664,101.55364227294922,27176400,0.0,0.0,GOOGL
2022-10-25 00:00:00-04:00,102.9000015258789,104.81999969482422,102.72000122070312,104.4800033569336,103.49517059326172,40611400,0.0,0.0,GOOGL
2022-10-26 00:00:00-04:00,96.43000030517578,98.30999755859375,94.69000244140625,94.93000030517578,94.03520202636719,88114100,0.0,0.0,GOOGL
2022-10-27 00:00:00-04:00,94.5199966430664,95.43000030517578,91.80000305175781,92.22000122070312,91.3507308959961,60710900,0.0,0.0,GOOGL
2022-10-28 00:00:00-04:00,92.2699966430664,96.55000305175781,92.12999725341797,96.29000091552734,95.38237762451172,43697300,0.0,0.0,GOOGL
2022-10-31 00:00:00-04:00,95.41999816894531,96.02999877929688,93.9800033569336,94.51000213623047,93.61915588378906,31675000,0.0,0.0,GOOGL
2022-11-01 00:00:00-04:00,95.44999694824219,96.02999877929688,90.37000274658203,90.47000122070312,89.61723327636719,47161400,0.0,0.0,GOOGL
2022-11-02 00:00:00-04:00,90.94000244140625,91.18000030517578,86.87999725341797,86.97000122070312,86.15022277832031,57038300,0.0,0.0,GOOGL
2022-11-03 00:00:00-04:00,86.31999969482422,86.5199966430664,83.33999633789062,83.43000030517578,82.6435775756836,61288000,0.0,0.0,GOOGL
2022-11-04 00:00:00-04:00,85.4000015258789,86.63999938964844,83.70999908447266,86.58000183105469,85.76390075683594,51124900,0.0,0.0,GOOGL
2022-11-07 00:00:00-05:00,87.27999877929688,88.9000015258789,86.8499984741211,88.48999786376953,87.65589141845703,34078900,0.0,0.0,GOOGL
2022-11-08 00:00:00-05:00,88.9000015258789,90.31999969482422,87.58999633789062,88.9000015258789,88.06202697753906,30429000,0.0,0.0,GOOGL
2022-11-09 00:00:00-05:00,88.44999694824219,89.44000244140625,87.27999877929688,87.31999969482422,86.49693298339844,31769100,0.0,0.0,GOOGL
2022-11-10 00:00:00-05:00,92.25,94.38999938964844,91.61000061035156,93.94000244140625,93.05451965332031,51620100,0.0,0.0,GOOGL
2022-11-11 00:00:00-05:00,94.69000244140625,96.93000030517578,93.91999816894531,96.41000366210938,95.5012435913086,33090500,0.0,0.0,GOOGL
2022-11-14 00:00:00-05:00,95.08999633789062,96.79000091552734,94.51000213623047,95.69999694824219,94.79792022705078,30179500,0.0,0.0,GOOGL
2022-11-15 00:00:00-05:00,98.26000213623047,100.13999938964844,96.70999908447266,98.44000244140625,97.51210021972656,41640800,0.0,0.0,GOOGL
2022-11-16 00:00:00-05:00,97.9000015258789,99.63999938964844,97.63999938964844,98.8499984741211,97.91824340820312,29105200,0.0,0.0,GOOGL
2022-11-17 00:00:00-05:00,96.97000122070312,99.27999877929688,96.79000091552734,98.36000061035156,97.43286895751953,26052600,0.0,0.0,GOOGL
2022-11-18 00:00:00-05:00,98.7699966430664,98.9000015258789,96.37000274658203,97.43000030517578,96.5116195678711,28342300,0.0,0.0,GOOGL
2022-11-21 00:00:00-05:00,97.29000091552734,98.4000015258789,95.36000061035156,95.5999984741211,94.69886779785156,21647400,0.0,0.0,GOOGL
2022-11-22 00:00:00-05:00,95.94999694824219,97.22000122070312,94.05000305175781,97.05000305175781,96.13521575927734,23438500,0.0,0.0,GOOGL
2022-11-23 00:00:00-05:00,97.08999633789062,98.76000213623047,97.08999633789062,98.45999908447266,97.53191375732422,18868100,0.0,0.0,GOOGL
2022-11-25 00:00:00-05:00,98.23999786376953,98.63999938964844,97.4000015258789,97.45999908447266,96.54135131835938,9701400,0.0,0.0,GOOGL
2022-11-28 00:00:00-05:00,97.04000091552734,97.58000183105469,95.61000061035156,96.05000305175781,95.14463806152344,26237500,0.0,0.0,GOOGL
2022-11-29 00:00:00-05:00,95.7300033569336,96.12000274658203,94.11000061035156,95.19000244140625,94.2927474975586,20061700,0.0,0.0,GOOGL
2022-11-30 00:00:00-05:00,94.81999969482422,101.04000091552734,94.41999816894531,100.98999786376953,100.0380630493164,43647500,0.0,0.0,GOOGL
2022-12-01 00:00:00-05:00,101.0199966430664,102.25,100.25,100.98999786376953,100.0380630493164,28687100,0.0,0.0,GOOGL
2022-12-02 00:00:00-05:00,99.05000305175781,100.7699966430664,98.9000015258789,100.44000244140625,99.49324798583984,21480700,0.0,0.0,GOOGL
2022-12-05 00:00:00-05:00,99.4000015258789,101.37999725341797,99.0,99.4800033569336,98.54231262207031,24405100,0.0,0.0,GOOGL
2022-12-06 00:00:00-05:00,99.30000305175781,99.77999877929688,96.41999816894531,96.9800033569336,96.06585693359375,24910700,0.0,0.0,GOOGL
2022-12-07 00:00:00-05:00,96.41000366210938,96.87999725341797,94.72000122070312,94.94000244140625,94.04509735107422,31045400,0.0,0.0,GOOGL
2022-12-08 00:00:00-05:00,95.37999725341797,95.58000183105469,93.44999694824219,93.70999908447266,92.82669067382812,32213300,0.0,0.0,GOOGL
2022-12-09 00:00:00-05:00,93.7699966430664,94.26000213623047,92.75,92.83000183105469,91.95499420166016,28225400,0.0,0.0,GOOGL
2022-12-12 00:00:00-05:00,92.70999908447266,93.55999755859375,91.61000061035156,93.30999755859375,92.43045043945312,29420000,0.0,0.0,GOOGL
2022-12-13 00:00:00-05:00,97.76000213623047,99.52999877929688,95.02999877929688,95.62999725341797,94.72858428955078,40593700,0.0,0.0,GOOGL
2022-12-14 00:00:00-05:00,95.19999694824219,96.87000274658203,93.5999984741211,95.06999969482422,94.17387390136719,28733600,0.0,0.0,GOOGL
2022-12-15 00:00:00-05:00,93.12999725341797,93.63999938964844,90.01000213623047,90.86000061035156,90.00354766845703,40107000,0.0,0.0,GOOGL
2022-12-16 00:00:00-05:00,90.76000213623047,91.33000183105469,89.5199966430664,90.26000213623047,89.4092025756836,58011800,0.0,0.0,GOOGL
2022-12-19 00:00:00-05:00,90.26000213623047,90.55999755859375,88.20999908447266,88.44000244140625,87.60636138916016,29493000,0.0,0.0,GOOGL
2022-12-20 00:00:00-05:00,88.11000061035156,89.18000030517578,87.44000244140625,89.0199966430664,88.18090057373047,23453800,0.0,0.0,GOOGL
2022-12-21 00:00:00-05:00,89.08000183105469,90.22000122070312,88.31999969482422,89.58000183105469,88.7356185913086,24745600,0.0,0.0,GOOGL
2022-12-22 00:00:00-05:00,88.16000366210938,88.54000091552734,86.31999969482422,87.76000213623047,86.9327621459961,27658300,0.0,0.0,GOOGL
2022-12-23 00:00:00-05:00,87.11000061035156,89.55000305175781,87.06999969482422,89.2300033569336,88.38892364501953,23003000,0.0,0.0,GOOGL
2022-12-27 00:00:00-05:00,88.80000305175781,88.94000244140625,87.01000213623047,87.38999938964844,86.56624603271484,20097300,0.0,0.0,GOOGL
2022-12-28 00:00:00-05:00,86.9800033569336,88.04000091552734,85.94000244140625,86.0199966430664,85.20916748046875,19523200,0.0,0.0,GOOGL
2022-12-29 00:00:00-05:00,86.62000274658203,88.8499984741211,86.61000061035156,88.44999694824219,87.61627197265625,23333500,0.0,0.0,GOOGL
2022-12-30 00:00:00-05:00,86.9800033569336,88.30000305175781,86.56999969482422,88.2300033569336,87.39836120605469,23986300,0.0,0.0,GOOGL
2023-01-03 00:00:00-05:00,89.58999633789062,91.05000305175781,88.5199966430664,89.12000274658203,88.27995300292969,28131200,0.0,0.0,GOOGL
2023-01-04 00:00:00-05:00,90.3499984741211,90.6500015258789,87.2699966430664,88.08000183105469,87.24974822998047,34854800,0.0,0.0,GOOGL
2023-01-05 00:00:00-05:00,87.47000122070312,87.56999969482422,85.9000015258789,86.19999694824219,85.38746643066406,27194400,0.0,0.0,GOOGL
2023-01-06 00:00:00-05:00,86.79000091552734,87.69000244140625,84.86000061035156,87.33999633789062,86.5167236328125,41381500,0.0,0.0,GOOGL
2023-01-09 00:00:00-05:00,88.36000061035156,90.05000305175781,87.86000061035156,88.0199966430664,87.1903076171875,29003900,0.0,0.0,GOOGL
2023-01-10 00:00:00-05:00,85.9800033569336,88.66999816894531,85.83000183105469,88.41999816894531,87.58655548095703,30467800,0.0,0.0,GOOGL
2023-01-11 00:00:00-05:00,89.18000030517578,91.5999984741211,89.01000213623047,91.5199966430664,90.65734100341797,26862000,0.0,0.0,GOOGL
2023-01-12 00:00:00-05:00,91.4800033569336,91.87000274658203,89.75,91.12999725341797,90.27099609375,30258100,0.0,0.0,GOOGL
2023-01-13 00:00:00-05:00,90.8499984741211,92.19000244140625,90.12999725341797,92.12000274658203,91.25167083740234,26329200,0.0,0.0,GOOGL
2023-01-17 00:00:00-05:00,92.05999755859375,92.25,90.05000305175781,91.29000091552734,90.42951202392578,32602400,0.0,0.0,GOOGL
2023-01-18 00:00:00-05:00,92.13999938964844,92.80000305175781,90.63999938964844,91.12000274658203,90.26109313964844,29116700,0.0,0.0,GOOGL
2023-01-19 00:00:00-05:00,90.72000122070312,93.61000061035156,90.62999725341797,93.05000305175781,92.17290496826172,37000400,0.0,0.0,GOOGL
2023-01-20 00:00:00-05:00,95.0999984741211,98.30000305175781,95.0199966430664,98.0199966430664,97.09605407714844,63191100,0.0,0.0,GOOGL
2023-01-23 00:00:00-05:00,97.94999694824219,100.04000091552734,97.5,99.79000091552734,98.84938049316406,40005100,0.0,0.0,GOOGL
2023-01-24 00:00:00-05:00,98.0999984741211,99.61000061035156,97.19999694824219,97.69999694824219,96.77908325195312,33078500,0.0,0.0,GOOGL
2023-01-25 00:00:00-05:00,95.56999969482422,96.16000366210938,93.76000213623047,95.22000122070312,94.32245635986328,42330000,0.0,0.0,GOOGL
2023-01-26 00:00:00-05:00,96.5,97.56999969482422,95.37999725341797,97.5199966430664,96.60076141357422,30114000,0.0,0.0,GOOGL
2023-01-27 00:00:00-05:00,97.30999755859375,100.31999969482422,97.30999755859375,99.37000274658203,98.43333435058594,33879800,0.0,0.0,GOOGL
2023-01-30 00:00:00-05:00,97.4800033569336,98.29000091552734,96.4000015258789,96.94000244140625,96.02625274658203,27226200,0.0,0.0,GOOGL
2023-01-31 00:00:00-05:00,96.87000274658203,98.87999725341797,96.81999969482422,98.83999633789062,97.90833282470703,29870700,0.0,0.0,GOOGL
2023-02-01 00:00:00-05:00,98.70999908447266,101.19000244140625,97.58000183105469,100.43000030517578,99.48335266113281,35531100,0.0,0.0,GOOGL
2023-02-02 00:00:00-05:00,105.80000305175781,107.8499984741211,105.61000061035156,107.73999786376953,106.72444152832031,69883800,0.0,0.0,GOOGL
2023-02-03 00:00:00-05:00,102.93000030517578,107.80999755859375,102.58000183105469,104.77999877929688,103.7923355102539,65309300,0.0,0.0,GOOGL
2023-02-06 00:00:00-05:00,102.4000015258789,104.36000061035156,101.87999725341797,102.9000015258789,101.93006896972656,31999600,0.0,0.0,GOOGL
2023-02-07 00:00:00-05:00,103.22000122070312,108.18000030517578,103.12000274658203,107.63999938964844,106.6253890991211,49010200,0.0,0.0,GOOGL
2023-02-08 00:00:00-05:00,102.05000305175781,103.13999938964844,98.04000091552734,99.37000274658203,98.43333435058594,94743500,0.0,0.0,GOOGL
2023-02-09 00:00:00-05:00,100.0,100.02999877929688,93.62999725341797,95.01000213623047,94.11444091796875,119455000,0.0,0.0,GOOGL
2023-02-10 00:00:00-05:00,95.44999694824219,96.75,94.25,94.56999969482422,93.67859649658203,54980700,0.0,0.0,GOOGL
2023-02-13 00:00:00-05:00,94.73999786376953,95.19999694824219,93.83999633789062,94.61000061035156,93.71821594238281,50076100,0.0,0.0,GOOGL
2023-02-14 00:00:00-05:00,94.43000030517578,94.8499984741211,92.26000213623047,94.68000030517578,93.78752899169922,54726100,0.0,0.0,GOOGL
2023-02-15 00:00:00-05:00,94.48999786376953,97.12000274658203,94.1500015258789,96.94000244140625,96.02625274658203,50169000,0.0,0.0,GOOGL
2023-02-16 00:00:00-05:00,95.37000274658203,97.68000030517578,94.73999786376953,95.51000213623047,94.60971069335938,42462600,0.0,0.0,GOOGL
2023-02-17 00:00:00-05:00,94.8499984741211,95.55999755859375,93.20999908447266,94.3499984741211,93.46065521240234,34284100,0.0,0.0,GOOGL
2023-02-21 00:00:00-05:00,93.0,93.0999984741211,91.72000122070312,91.79000091552734,90.92478942871094,33629300,0.0,0.0,GOOGL
2023-02-22 00:00:00-05:00,91.69999694824219,92.11000061035156,90.61000061035156,91.6500015258789,90.78611755371094,30884000,0.0,0.0,GOOGL
2023-02-23 00:00:00-05:00,91.91999816894531,91.94000244140625,89.76000213623047,90.88999938964844,90.03327941894531,41206400,0.0,0.0,GOOGL
2023-02-24 00:00:00-05:00,89.44000244140625,89.88999938964844,88.58000183105469,89.12999725341797,88.28984832763672,36585100,0.0,0.0,GOOGL
2023-02-27 00:00:00-05:00,89.87000274658203,90.16000366210938,89.33999633789062,89.87000274658203,89.02289581298828,27502300,0.0,0.0,GOOGL
2023-02-28 00:00:00-05:00,89.33000183105469,91.2300033569336,89.31999969482422,90.05999755859375,89.21109008789062,30142000,0.0,0.0,GOOGL
2023-03-01 00:00:00-05:00,89.9800033569336,91.02999877929688,89.66999816894531,90.36000061035156,89.50826263427734,31111200,0.0,0.0,GOOGL
2023-03-02 00:00:00-05:00,89.66000366210938,92.27999877929688,89.58999633789062,92.0,91.13279724121094,32204400,0.0,0.0,GOOGL
2023-03-03 00:00:00-05:00,92.4800033569336,93.7300033569336,92.44999694824219,93.6500015258789,92.76725006103516,35160100,0.0,0.0,GOOGL
2023-03-06 00:00:00-05:00,94.0199966430664,95.97000122070312,94.0,95.12999725341797,94.23330688476562,32639300,0.0,0.0,GOOGL
2023-03-07 00:00:00-05:00,94.9800033569336,95.66999816894531,93.52999877929688,93.86000061035156,92.97526550292969,27835500,0.0,0.0,GOOGL
2023-03-08 00:00:00-05:00,94.12000274658203,95.95999908447266,94.0,94.25,93.36161041259766,34103300,0.0,0.0,GOOGL
2023-03-09 00:00:00-05:00,94.05000305175781,95.52999877929688,91.9000015258789,92.31999969482422,91.44979858398438,28813500,0.0,0.0,GOOGL
2023-03-10 00:00:00-05:00,92.16999816894531,92.79000091552734,90.4000015258789,90.62999725341797,89.77571105957031,35941000,0.0,0.0,GOOGL
2023-03-13 00:00:00-04:00,90.08999633789062,92.56999969482422,89.41999816894531,91.11000061035156,90.2511978149414,37335600,0.0,0.0,GOOGL
2023-03-14 00:00:00-04:00,92.55999755859375,94.36000061035156,92.44000244140625,93.97000122070312,93.08424377441406,36050200,0.0,0.0,GOOGL
2023-03-15 00:00:00-04:00,93.22000122070312,96.93000030517578,92.63999938964844,96.11000061035156,95.20406341552734,50622100,0.0,0.0,GOOGL
2023-03-16 00:00:00-04:00,96.19999694824219,101.19000244140625,95.5,100.31999969482422,99.37438201904297,65492000,0.0,0.0,GOOGL
2023-03-17 00:00:00-04:00,100.26000213623047,102.83999633789062,100.0999984741211,101.62000274658203,100.66212463378906,61028500,0.0,0.0,GOOGL
2023-03-20 00:00:00-04:00,100.12000274658203,101.75,99.87000274658203,101.22000122070312,100.26589965820312,32960400,0.0,0.0,GOOGL
2023-03-21 00:00:00-04:00,101.25,105.0999984741211,101.22000122070312,104.91999816894531,103.93102264404297,42110300,0.0,0.0,GOOGL
2023-03-22 00:00:00-04:00,104.2699966430664,106.58999633789062,103.33000183105469,103.37000274658203,102.3956527709961,43427400,0.0,0.0,GOOGL
2023-03-23 00:00:00-04:00,105.05999755859375,106.30000305175781,104.45999908447266,105.5999984741211,104.60460662841797,40797800,0.0,0.0,GOOGL
2023-03-24 00:00:00-04:00,104.98999786376953,105.48999786376953,103.83999633789062,105.44000244140625,104.44612884521484,30393300,0.0,0.0,GOOGL
2023-03-27 00:00:00-04:00,104.62000274658203,104.76000213623047,101.93000030517578,102.45999908447266,101.49421691894531,31120900,0.0,0.0,GOOGL
2023-03-28 00:00:00-04:00,102.44000244140625,102.44999694824219,99.73999786376953,101.02999877929688,100.07769012451172,32057900,0.0,0.0,GOOGL
2023-03-29 00:00:00-04:00,102.27999877929688,102.48999786376953,100.6500015258789,101.38999938964844,100.43429565429688,28779600,0.0,0.0,GOOGL
2023-03-30 00:00:00-04:00,100.91000366210938,101.16000366210938,99.77999877929688,100.88999938964844,99.93900299072266,33086200,0.0,0.0,GOOGL
2023-03-31 00:00:00-04:00,101.30000305175781,103.88999938964844,101.04000091552734,103.7300033569336,102.75225067138672,36863400,0.0,0.0,GOOGL
2023-04-03 00:00:00-04:00,102.38999938964844,104.52999877929688,101.93000030517578,104.36000061035156,103.37629699707031,25035400,0.0,0.0,GOOGL
2023-04-04 00:00:00-04:00,104.33000183105469,105.58000183105469,104.04000091552734,104.72000122070312,103.73290252685547,24420100,0.0,0.0,GOOGL
2023-04-05 00:00:00-04:00,105.77999877929688,106.0999984741211,103.66000366210938,104.47000122070312,103.48528289794922,28290500,0.0,0.0,GOOGL
2023-04-06 00:00:00-04:00,105.26000213623047,109.16999816894531,104.33000183105469,108.41999816894531,107.39801788330078,48711500,0.0,0.0,GOOGL
2023-04-10 00:00:00-04:00,106.9800033569336,107.58999633789062,105.12000274658203,106.44000244140625,105.43669891357422,27067400,0.0,0.0,GOOGL
2023-04-11 00:00:00-04:00,106.55000305175781,106.7300033569336,104.68000030517578,105.3499984741211,104.35696411132812,26311800,0.0,0.0,GOOGL
2023-04-12 00:00:00-04:00,106.58000183105469,106.75,104.33999633789062,104.63999938964844,103.6536636352539,24370300,0.0,0.0,GOOGL
2023-04-13 00:00:00-04:00,105.83999633789062,107.48999786376953,105.83999633789062,107.43000030517578,106.41737365722656,24843600,0.0,0.0,GOOGL
2023-04-14 00:00:00-04:00,106.88999938964844,108.94000244140625,106.83999633789062,108.87000274658203,107.84378814697266,26578000,0.0,0.0,GOOGL
2023-04-17 00:00:00-04:00,104.66000366210938,106.16000366210938,104.5199966430664,105.97000122070312,104.97111511230469,37571200,0.0,0.0,GOOGL
2023-04-18 00:00:00-04:00,106.48999786376953,106.54000091552734,104.06999969482422,104.5,103.51497650146484,26596400,0.0,0.0,GOOGL
2023-04-19 00:00:00-04:00,103.58000183105469,104.9800033569336,103.06999969482422,104.18000030517578,103.19799041748047,20905700,0.0,0.0,GOOGL
2023-04-20 00:00:00-04:00,103.91000366210938,106.25,103.87000274658203,105.29000091552734,104.29753875732422,27820800,0.0,0.0,GOOGL
2023-04-21 00:00:00-04:00,105.47000122070312,106.0,104.77999877929688,105.41000366210938,104.41641235351562,25800100,0.0,0.0,GOOGL
2023-04-24 00:00:00-04:00,105.48999786376953,106.62999725341797,104.69999694824219,105.97000122070312,104.97111511230469,23542800,0.0,0.0,GOOGL
2023-04-25 00:00:00-04:00,105.83000183105469,106.69000244140625,103.83999633789062,103.8499984741211,102.8711166381836,46664100,0.0,0.0,GOOGL
2023-04-26 00:00:00-04:00,104.91999816894531,106.3499984741211,102.62999725341797,103.70999908447266,102.73243713378906,53347600,0.0,0.0,GOOGL
2023-04-27 00:00:00-04:00,104.44999694824219,108.37000274658203,103.54000091552734,107.58999633789062,106.57585144042969,50089200,0.0,0.0,GOOGL
2023-04-28 00:00:00-04:00,107.04000091552734,107.3499984741211,105.08999633789062,107.33999633789062,106.32821655273438,36139800,0.0,0.0,GOOGL
2023-05-01 00:00:00-04:00,106.83999633789062,107.98999786376953,106.81999969482422,107.19999694824219,106.18952941894531,26681700,0.0,0.0,GOOGL
2023-05-02 00:00:00-04:00,107.13999938964844,107.19999694824219,103.70999908447266,105.31999969482422,104.32725524902344,30997200,0.0,0.0,GOOGL
2023-05-03 00:00:00-04:00,105.52999877929688,107.48999786376953,104.95999908447266,105.41000366210938,104.41641235351562,21795400,0.0,0.0,GOOGL
2023-05-04 00:00:00-04:00,105.48999786376953,105.5999984741211,103.97000122070312,104.69000244140625,103.70318603515625,23419500,0.0,0.0,GOOGL
2023-05-05 00:00:00-04:00,104.81999969482422,105.87999725341797,104.11000061035156,105.56999969482422,104.57491302490234,26639300,0.0,0.0,GOOGL
2023-05-08 00:00:00-04:00,105.18000030517578,107.95999908447266,105.16000366210938,107.7699966430664,106.75415802001953,26511400,0.0,0.0,GOOGL
2023-05-09 00:00:00-04:00,108.38999938964844,110.1500015258789,107.19000244140625,107.3499984741211,106.3381118774414,36360100,0.0,0.0,GOOGL
2023-05-10 00:00:00-04:00,107.97000122070312,112.94000244140625,107.93000030517578,111.75,110.69664001464844,63153400,0.0,0.0,GOOGL
2023-05-11 00:00:00-04:00,115.4000015258789,117.91999816894531,114.41000366210938,116.56999969482422,115.4712142944336,78900000,0.0,0.0,GOOGL
2023-05-12 00:00:00-04:00,116.68000030517578,118.02999877929688,116.11000061035156,117.51000213623047,116.40234375,41102300,0.0,0.0,GOOGL
2023-05-15 00:00:00-04:00,116.11000061035156,118.4800033569336,116.01000213623047,116.51000213623047,115.41177368164062,36266800,0.0,0.0,GOOGL
2023-05-16 00:00:00-04:00,116.48999786376953,120.75,116.43000030517578,119.51000213623047,118.38349914550781,45035600,0.0,0.0,GOOGL
2023-05-17 00:00:00-04:00,119.61000061035156,121.66999816894531,118.88999938964844,120.83999633789062,119.70095825195312,33323600,0.0,0.0,GOOGL
2023-05-18 00:00:00-04:00,120.94999694824219,123.30999755859375,120.83000183105469,122.83000183105469,121.67221069335938,35234200,0.0,0.0,GOOGL
2023-05-19 00:00:00-04:00,123.55000305175781,125.97000122070312,122.1500015258789,122.76000213623047,121.60286712646484,41353400,0.0,0.0,GOOGL
2023-05-22 00:00:00-04:00,122.94000244140625,126.43000030517578,122.73999786376953,125.05000305175781,123.87128448486328,35253000,0.0,0.0,GOOGL
2023-05-23 00:00:00-04:00,124.16000366210938,124.62999725341797,122.20999908447266,122.55999755859375,121.40475463867188,34046300,0.0,0.0,GOOGL
2023-05-24 00:00:00-04:00,121.12000274658203,121.91000366210938,119.86000061035156,120.9000015258789,119.76040649414062,34182600,0.0,0.0,GOOGL
2023-05-25 00:00:00-04:00,124.5199966430664,125.31999969482422,121.95999908447266,123.4800033569336,122.31608581542969,42317000,0.0,0.0,GOOGL
2023-05-26 00:00:00-04:00,123.16999816894531,125.26000213623047,122.44999694824219,124.61000061035156,123.4354248046875,35635900,0.0,0.0,GOOGL
2023-05-30 00:00:00-04:00,125.63999938964844,125.66000366210938,122.0,123.66999816894531,122.50428009033203,35076700,0.0,0.0,GOOGL
2023-05-31 00:00:00-04:00,122.75,124.05999755859375,122.5,122.87000274658203,121.71183013916016,37325800,0.0,0.0,GOOGL
2023-06-01 00:00:00-04:00,122.81999969482422,124.41999816894531,122.62000274658203,123.72000122070312,122.55382537841797,30772700,0.0,0.0,GOOGL
2023-06-02 00:00:00-04:00,123.98999786376953,126.1500015258789,123.76000213623047,124.66999816894531,123.4948501586914,26980100,0.0,0.0,GOOGL
2023-06-05 00:00:00-04:00,124.01000213623047,127.43000030517578,123.83999633789062,126.01000213623047,124.82222747802734,32305500,0.0,0.0,GOOGL
2023-06-06 00:00:00-04:00,126.01000213623047,128.2899932861328,125.36000061035156,127.30999755859375,126.10997009277344,26638300,0.0,0.0,GOOGL
2023-06-07 00:00:00-04:00,126.97000122070312,129.0399932861328,122.12000274658203,122.5,121.34532165527344,52539000,0.0,0.0,GOOGL
2023-06-08 00:00:00-04:00,122.2300033569336,123.2300033569336,121.23999786376953,122.13999938964844,120.98870849609375,29389200,0.0,0.0,GOOGL
2023-06-09 00:00:00-04:00,122.25,123.76000213623047,121.91000366210938,122.2300033569336,121.07786560058594,23778300,0.0,0.0,GOOGL
2023-06-12 00:00:00-04:00,122.79000091552734,124.05000305175781,121.66000366210938,123.63999938964844,122.47456359863281,28306400,0.0,0.0,GOOGL
2023-06-13 00:00:00-04:00,124.9800033569336,125.16000366210938,123.18000030517578,123.83000183105469,122.66277313232422,22278300,0.0,0.0,GOOGL
2023-06-14 00:00:00-04:00,123.0999984741211,124.05000305175781,121.44999694824219,123.66999816894531,122.50428009033203,30592300,0.0,0.0,GOOGL
2023-06-15 00:00:00-04:00,123.13999938964844,125.45999908447266,122.4000015258789,125.08999633789062,123.91090393066406,35246300,0.0,0.0,GOOGL
2023-06-16 00:00:00-04:00,125.93000030517578,126.11000061035156,123.27999877929688,123.52999877929688,122.3656005859375,45535600,0.0,0.0,GOOGL
2023-06-20 00:00:00-04:00,122.93000030517578,124.56999969482422,122.13999938964844,123.0999984741211,121.93966674804688,26097500,0.0,0.0,GOOGL
2023-06-21 00:00:00-04:00,122.4000015258789,122.66000366210938,120.0999984741211,120.55000305175781,119.4136962890625,30306300,0.0,0.0,GOOGL
2023-06-22 00:00:00-04:00,120.0,123.23999786376953,118.83000183105469,123.1500015258789,121.98917388916016,26952200,0.0,0.0,GOOGL
2023-06-23 00:00:00-04:00,121.37999725341797,122.79000091552734,121.05999755859375,122.33999633789062,121.18681335449219,34913600,0.0,0.0,GOOGL
2023-06-26 00:00:00-04:00,120.76000213623047,122.0,118.2699966430664,118.33999633789062,117.22451782226562,33969900,0.0,0.0,GOOGL
2023-06-27 00:00:00-04:00,117.08000183105469,119.08000183105469,116.0999984741211,118.33000183105469,117.2146224975586,39535900,0.0,0.0,GOOGL
2023-06-28 00:00:00-04:00,117.08999633789062,120.38999938964844,116.8499984741211,120.18000030517578,119.04718017578125,27091400,0.0,0.0,GOOGL
2023-06-29 00:00:00-04:00,119.23999786376953,120.05999755859375,118.30000305175781,119.0999984741211,117.97735595703125,24090900,0.0,0.0,GOOGL
2023-06-30 00:00:00-04:00,120.16999816894531,121.08000183105469,119.69000244140625,119.69999694824219,118.57170104980469,29532200,0.0,0.0,GOOGL
2023-07-03 00:00:00-04:00,119.23999786376953,120.19000244140625,118.81999969482422,119.9000015258789,118.76982879638672,14467900,0.0,0.0,GOOGL
2023-07-05 00:00:00-04:00,119.23999786376953,122.61000061035156,119.2300033569336,121.75,120.60237121582031,27584800,0.0,0.0,GOOGL
2023-07-06 00:00:00-04:00,119.80000305175781,120.30000305175781,118.4000015258789,120.11000061035156,118.97783660888672,24745200,0.0,0.0,GOOGL
2023-07-07 00:00:00-04:00,120.0999984741211,121.05000305175781,119.4000015258789,119.4800033569336,118.35379028320312,21709500,0.0,0.0,GOOGL
2023-07-10 00:00:00-04:00,118.30000305175781,118.30999755859375,116.13999938964844,116.44999694824219,115.35234069824219,35315200,0.0,0.0,GOOGL
2023-07-11 00:00:00-04:00,116.29000091552734,117.70999908447266,115.3499984741211,117.13999938964844,116.03584289550781,23078800,0.0,0.0,GOOGL
2023-07-12 00:00:00-04:00,118.80000305175781,120.33000183105469,118.41000366210938,118.93000030517578,117.8089599609375,30404400,0.0,0.0,GOOGL
2023-07-13 00:00:00-04:00,120.93000030517578,124.83000183105469,120.44999694824219,124.54000091552734,123.3660888671875,44297900,0.0,0.0,GOOGL
2023-07-14 00:00:00-04:00,124.80000305175781,126.77999877929688,123.48999786376953,125.41999816894531,124.23779296875,33283100,0.0,0.0,GOOGL
2023-07-17 00:00:00-04:00,125.94000244140625,127.0999984741211,124.19999694824219,124.6500015258789,123.47504425048828,25716200,0.0,0.0,GOOGL
2023-07-18 00:00:00-04:00,124.5999984741211,124.68000030517578,122.95999908447266,123.76000213623047,122.59343719482422,26193600,0.0,0.0,GOOGL
2023-07-19 00:00:00-04:00,124.5999984741211,125.18000030517578,121.80000305175781,122.02999877929688,120.87974548339844,37224000,0.0,0.0,GOOGL
2023-07-20 00:00:00-04:00,121.41999816894531,124.08999633789062,118.22000122070312,119.19999694824219,118.076416015625,37906800,0.0,0.0,GOOGL
2023-07-21 00:00:00-04:00,120.62000274658203,120.98999786376953,118.7300033569336,120.0199966430664,118.88868713378906,72937900,0.0,0.0,GOOGL
2023-07-24 00:00:00-04:00,121.66000366210938,123.0,120.9800033569336,121.52999877929688,120.38446807861328,29686100,0.0,0.0,GOOGL
2023-07-25 00:00:00-04:00,121.36000061035156,123.1500015258789,121.0199966430664,122.20999908447266,121.05805206298828,52509600,0.0,0.0,GOOGL
2023-07-26 00:00:00-04:00,130.07000732421875,130.97999572753906,128.32000732421875,129.27000427246094,128.05149841308594,61682100,0.0,0.0,GOOGL
2023-07-27 00:00:00-04:00,131.6699981689453,133.24000549316406,128.7899932861328,129.39999389648438,128.18023681640625,44952100,0.0,0.0,GOOGL
2023-07-28 00:00:00-04:00,130.77999877929688,133.74000549316406,130.57000732421875,132.5800018310547,131.33029174804688,36591200,0.0,0.0,GOOGL
2023-07-31 00:00:00-04:00,132.72999572753906,133.52999877929688,131.77999877929688,132.72000122070312,131.46896362304688,28055500,0.0,0.0,GOOGL
2023-08-01 00:00:00-04:00,130.77999877929688,132.6300048828125,130.67999267578125,131.5500030517578,130.30999755859375,23166800,0.0,0.0,GOOGL
2023-08-02 00:00:00-04:00,129.4499969482422,130.08999633789062,127.55999755859375,128.3800048828125,127.16988372802734,26273300,0.0,0.0,GOOGL
2023-08-03 00:00:00-04:00,127.97000122070312,129.38999938964844,127.41999816894531,128.4499969482422,127.23921966552734,20089500,0.0,0.0,GOOGL
2023-08-04 00:00:00-04:00,129.27999877929688,131.50999450683594,127.91000366210938,128.11000061035156,126.90243530273438,26147200,0.0,0.0,GOOGL
2023-08-07 00:00:00-04:00,129.16000366210938,131.61000061035156,129.02000427246094,131.52999877929688,130.29019165039062,22746300,0.0,0.0,GOOGL
2023-08-08 00:00:00-04:00,130.6199951171875,131.50999450683594,129.5399932861328,131.39999389648438,130.16140747070312,23535200,0.0,0.0,GOOGL
2023-08-09 00:00:00-04:00,131.66000366210938,132.0399932861328,129.0,129.66000366210938,128.4378204345703,24912900,0.0,0.0,GOOGL
2023-08-10 00:00:00-04:00,131.32000732421875,132.0500030517578,129.4499969482422,129.69000244140625,128.46755981445312,20857800,0.0,0.0,GOOGL
2023-08-11 00:00:00-04:00,128.66000366210938,129.92999267578125,128.1699981689453,129.55999755859375,128.33876037597656,19591100,0.0,0.0,GOOGL
2023-08-14 00:00:00-04:00,129.38999938964844,131.3699951171875,128.9600067138672,131.3300018310547,130.0920867919922,24695600,0.0,0.0,GOOGL
2023-08-15 00:00:00-04:00,131.10000610351562,131.4199981689453,129.27999877929688,129.77999877929688,128.5566864013672,19770700,0.0,0.0,GOOGL
2023-08-16 00:00:00-04:00,128.6999969482422,130.27999877929688,127.87000274658203,128.6999969482422,127.48686981201172,25216100,0.0,0.0,GOOGL
2023-08-17 00:00:00-04:00,129.8000030517578,131.99000549316406,129.2899932861328,129.9199981689453,128.69537353515625,33446300,0.0,0.0,GOOGL
2023-08-18 00:00:00-04:00,128.50999450683594,129.25,126.37999725341797,127.45999908447266,126.2585678100586,30504800,0.0,0.0,GOOGL
2023-08-21 00:00:00-04:00,127.18000030517578,128.72999572753906,126.55999755859375,128.3699951171875,127.15997314453125,25248700,0.0,0.0,GOOGL
2023-08-22 00:00:00-04:00,128.50999450683594,130.27999877929688,128.32000732421875,129.0800018310547,127.86328125,22054900,0.0,0.0,GOOGL
2023-08-23 00:00:00-04:00,130.17999267578125,133.41000366210938,129.8699951171875,132.3699951171875,131.12228393554688,27819700,0.0,0.0,GOOGL
2023-08-24 00:00:00-04:00,133.9499969482422,134.25,129.57000732421875,129.77999877929688,128.5566864013672,28500700,0.0,0.0,GOOGL
2023-08-25 00:00:00-04:00,129.5399932861328,130.75999450683594,127.25,129.8800048828125,128.65574645996094,26762900,0.0,0.0,GOOGL
2023-08-28 00:00:00-04:00,131.30999755859375,132.5399932861328,130.13999938964844,131.00999450683594,129.77508544921875,20543300,0.0,0.0,GOOGL
2023-08-29 00:00:00-04:00,132.24000549316406,136.57000732421875,132.24000549316406,134.57000732421875,133.30154418945312,43075600,0.0,0.0,GOOGL
2023-08-30 00:00:00-04:00,134.77999877929688,136.27999877929688,134.07000732421875,135.8800048828125,134.59921264648438,28315800,0.0,0.0,GOOGL
2023-08-31 00:00:00-04:00,136.00999450683594,138.0,135.7899932861328,136.1699981689453,134.88644409179688,30053800,0.0,0.0,GOOGL
2023-09-01 00:00:00-04:00,137.4600067138672,137.4600067138672,134.85000610351562,135.66000366210938,134.38128662109375,21543700,0.0,0.0,GOOGL
2023-09-05 00:00:00-04:00,135.44000244140625,136.4199981689453,134.5800018310547,135.77000427246094,134.490234375,19403100,0.0,0.0,GOOGL
2023-09-06 00:00:00-04:00,136.02000427246094,136.52999877929688,133.6699981689453,134.4600067138672,133.1925811767578,18684500,0.0,0.0,GOOGL
2023-09-07 00:00:00-04:00,133.58999633789062,135.5800018310547,132.9499969482422,135.25999450683594,133.9850311279297,18844300,0.0,0.0,GOOGL
2023-09-08 00:00:00-04:00,134.91000366210938,136.66000366210938,134.85000610351562,136.3800048828125,135.09446716308594,23558300,0.0,0.0,GOOGL
2023-09-11 00:00:00-04:00,136.5399932861328,137.47999572753906,135.7899932861328,136.9199981689453,135.62939453125,20763400,0.0,0.0,GOOGL
2023-09-12 00:00:00-04:00,136.25999450683594,136.8699951171875,135.19000244140625,135.33999633789062,134.06427001953125,18405500,0.0,0.0,GOOGL
2023-09-13 00:00:00-04:00,135.08999633789062,136.89999389648438,134.14999389648438,136.7100067138672,135.42138671875,20749500,0.0,0.0,GOOGL
2023-09-14 00:00:00-04:00,137.60000610351562,138.6999969482422,136.24000549316406,138.10000610351562,136.7982635498047,24751000,0.0,0.0,GOOGL
2023-09-15 00:00:00-04:00,137.97999572753906,138.52000427246094,136.47999572753906,137.39999389648438,136.10487365722656,38919600,0.0,0.0,GOOGL
2023-09-18 00:00:00-04:00,136.61000061035156,139.16000366210938,136.61000061035156,138.2100067138672,136.90725708007812,21861300,0.0,0.0,GOOGL
2023-09-19 00:00:00-04:00,137.4199981689453,138.41000366210938,136.6199951171875,138.0399932861328,136.73883056640625,20353700,0.0,0.0,GOOGL
2023-09-20 00:00:00-04:00,138.0800018310547,138.0800018310547,133.6199951171875,133.74000549316406,132.47938537597656,29927500,0.0,0.0,GOOGL
2023-09-21 00:00:00-04:00,131.44000244140625,132.22999572753906,130.07000732421875,130.44000244140625,129.2104949951172,31503900,0.0,0.0,GOOGL
2023-09-22 00:00:00-04:00,130.75999450683594,132.02999877929688,129.60000610351562,130.25,129.02227783203125,26397300,0.0,0.0,GOOGL
2023-09-25 00:00:00-04:00,129.8300018310547,131.1699981689453,128.9600067138672,131.11000061035156,129.8741455078125,20094600,0.0,0.0,GOOGL
2023-09-26 00:00:00-04:00,129.77000427246094,130.36000061035156,127.22000122070312,128.57000732421875,127.35810852050781,25718700,0.0,0.0,GOOGL
2023-09-27 00:00:00-04:00,128.57000732421875,130.89999389648438,128.57000732421875,130.5399932861328,129.30950927734375,22746500,0.0,0.0,GOOGL
2023-09-28 00:00:00-04:00,129.83999633789062,133.3000030517578,129.7899932861328,132.30999755859375,131.06285095214844,22513100,0.0,0.0,GOOGL
2023-09-29 00:00:00-04:00,133.27999877929688,134.0500030517578,130.36000061035156,130.86000061035156,129.6265106201172,30859800,0.0,0.0,GOOGL
2023-10-02 00:00:00-04:00,131.2100067138672,134.4199981689453,131.1699981689453,134.1699981689453,132.90533447265625,22288000,0.0,0.0,GOOGL
2023-10-03 00:00:00-04:00,133.94000244140625,134.25999450683594,131.83999633789062,132.42999267578125,131.18173217773438,22989400,0.0,0.0,GOOGL
2023-10-04 00:00:00-04:00,132.7899932861328,135.57000732421875,132.52999877929688,135.24000549316406,133.96524047851562,26752300,0.0,0.0,GOOGL
2023-10-05 00:00:00-04:00,135.07000732421875,135.49000549316406,133.4499969482422,135.07000732421875,133.7968292236328,19832600,0.0,0.0,GOOGL
2023-10-06 00:00:00-04:00,134.00999450683594,138.16000366210938,134.00999450683594,137.5800018310547,136.28318786621094,27597600,0.0,0.0,GOOGL
2023-10-09 00:00:00-04:00,136.94000244140625,138.94000244140625,135.61000061035156,138.4199981689453,137.11526489257812,19278100,0.0,0.0,GOOGL
2023-10-10 00:00:00-04:00,138.5,139.72000122070312,137.3300018310547,138.05999755859375,136.75863647460938,27786600,0.0,0.0,GOOGL
2023-10-11 00:00:00-04:00,138.5800018310547,141.11000061035156,138.5800018310547,140.5500030517578,139.22520446777344,25884300,0.0,0.0,GOOGL
2023-10-12 00:00:00-04:00,141.0500030517578,141.22000122070312,138.25999450683594,138.97000122070312,137.6600799560547,24765500,0.0,0.0,GOOGL
2023-10-13 00:00:00-04:00,139.3800048828125,140.0,136.6199951171875,137.36000061035156,136.06521606445312,23420500,0.0,0.0,GOOGL
2023-10-16 00:00:00-04:00,138.1699981689453,139.6300048828125,137.99000549316406,139.10000610351562,137.78884887695312,28501900,0.0,0.0,GOOGL
2023-10-17 00:00:00-04:00,138.6300048828125,139.89999389648438,137.17999267578125,139.72000122070312,138.40301513671875,23515800,0.0,0.0,GOOGL
2023-10-18 00:00:00-04:00,139.4499969482422,140.72000122070312,137.3800048828125,137.9600067138672,136.6595916748047,23375000,0.0,0.0,GOOGL
2023-10-19 00:00:00-04:00,138.5,139.66000366210938,137.3800048828125,137.75,136.45156860351562,26066000,0.0,0.0,GOOGL
2023-10-20 00:00:00-04:00,137.3300018310547,137.8699951171875,135.0800018310547,135.60000610351562,134.32186889648438,26335700,0.0,0.0,GOOGL
2023-10-23 00:00:00-04:00,135.0399932861328,137.66000366210938,133.9499969482422,136.5,135.21334838867188,26317900,0.0,0.0,GOOGL
2023-10-24 00:00:00-04:00,137.8300018310547,139.36000061035156,137.4199981689453,138.80999755859375,137.5015869140625,44814300,0.0,0.0,GOOGL
2023-10-25 00:00:00-04:00,128.16000366210938,128.30999755859375,125.06999969482422,125.61000061035156,124.42599487304688,84366200,0.0,0.0,GOOGL
2023-10-26 00:00:00-04:00,123.2699966430664,124.33000183105469,121.2699966430664,122.27999877929688,121.12738037109375,57061100,0.0,0.0,GOOGL
2023-10-27 00:00:00-04:00,122.87999725341797,123.30999755859375,120.20999908447266,122.16999816894531,121.01844024658203,44566500,0.0,0.0,GOOGL
2023-10-30 00:00:00-04:00,123.20999908447266,125.4000015258789,122.75,124.45999908447266,123.28683471679688,28940100,0.0,0.0,GOOGL
2023-10-31 00:00:00-04:00,125.05999755859375,125.37000274658203,122.69000244140625,124.08000183105469,122.91040802001953,26292300,0.0,0.0,GOOGL
2023-11-01 00:00:00-04:00,124.06999969482422,126.48999786376953,123.72000122070312,126.44999694824219,125.25807189941406,30082400,0.0,0.0,GOOGL
2023-11-02 00:00:00-04:00,128.4199981689453,128.97999572753906,126.93000030517578,127.48999786376953,126.28826904296875,27124600,0.0,0.0,GOOGL
2023-11-03 00:00:00-04:00,128.02000427246094,129.52999877929688,127.86000061035156,129.10000610351562,127.88312530517578,26393100,0.0,0.0,GOOGL
2023-11-06 00:00:00-05:00,129.0500030517578,130.33999633789062,128.6699981689453,130.25,129.02227783203125,19052700,0.0,0.0,GOOGL
2023-11-07 00:00:00-05:00,130.7100067138672,131.91000366210938,129.8800048828125,130.97000122070312,129.73548889160156,29757300,0.0,0.0,GOOGL
2023-11-08 00:00:00-05:00,130.97000122070312,132.2100067138672,130.77999877929688,131.83999633789062,130.5972900390625,26425800,0.0,0.0,GOOGL
2023-11-09 00:00:00-05:00,131.9600067138672,132.5500030517578,130.07000732421875,130.24000549316406,129.01235961914062,23747800,0.0,0.0,GOOGL
2023-11-10 00:00:00-05:00,130.10000610351562,132.8000030517578,129.41000366210938,132.58999633789062,131.3402099609375,26913300,0.0,0.0,GOOGL
2023-11-13 00:00:00-05:00,131.77999877929688,132.58999633789062,131.25,132.08999633789062,130.84490966796875,18324800,0.0,0.0,GOOGL
2023-11-14 00:00:00-05:00,134.19000244140625,135.6999969482422,133.32000732421875,133.6199951171875,132.36050415039062,32395200,0.0,0.0,GOOGL
2023-11-15 00:00:00-05:00,134.8699951171875,135.02999877929688,133.57000732421875,134.6199951171875,133.35107421875,23861500,0.0,0.0,GOOGL
2023-11-16 00:00:00-05:00,135.19000244140625,137.22000122070312,134.32000732421875,136.92999267578125,135.63925170898438,28013200,0.0,0.0,GOOGL
2023-11-17 00:00:00-05:00,136.0,136.05999755859375,133.64999389648438,135.30999755859375,134.03456115722656,37240600,0.0,0.0,GOOGL
2023-11-20 00:00:00-05:00,133.69000244140625,136.66000366210938,133.6199951171875,136.25,134.96571350097656,27815500,0.0,0.0,GOOGL
2023-11-21 00:00:00-05:00,136.2899932861328,137.17999267578125,135.9600067138672,136.97000122070312,135.6789093017578,22635300,0.0,0.0,GOOGL
2023-11-22 00:00:00-05:00,137.47000122070312,139.4199981689453,137.47000122070312,138.49000549316406,137.18460083007812,17813900,0.0,0.0,GOOGL
2023-11-24 00:00:00-05:00,138.02999877929688,138.1300048828125,135.99000549316406,136.69000244140625,135.40155029296875,12514300,0.0,0.0,GOOGL
2023-11-27 00:00:00-05:00,136.02999877929688,138.4199981689453,136.0,136.41000366210938,135.1241912841797,23436500,0.0,0.0,GOOGL
2023-11-28 00:00:00-05:00,136.0800018310547,137.25,135.4199981689453,137.1999969482422,135.90675354003906,18730000,0.0,0.0,GOOGL
2023-11-29 00:00:00-05:00,137.57000732421875,138.2899932861328,134.83999633789062,134.99000549316406,133.71759033203125,23967200,0.0,0.0,GOOGL
2023-11-30 00:00:00-05:00,135.0500030517578,135.5500030517578,131.27999877929688,132.52999877929688,131.28074645996094,38988300,0.0,0.0,GOOGL
2023-12-01 00:00:00-05:00,131.86000061035156,132.11000061035156,130.6699981689453,131.86000061035156,130.6170654296875,31442300,0.0,0.0,GOOGL
2023-12-04 00:00:00-05:00,129.8800048828125,130.02999877929688,127.9000015258789,129.27000427246094,128.05149841308594,36669900,0.0,0.0,GOOGL
2023-12-05 00:00:00-05:00,128.9499969482422,132.13999938964844,128.25,130.99000549316406,129.7552947998047,27384800,0.0,0.0,GOOGL
2023-12-06 00:00:00-05:00,131.44000244140625,131.83999633789062,129.8800048828125,130.02000427246094,128.79443359375,23576200,0.0,0.0,GOOGL
2023-12-07 00:00:00-05:00,135.0399932861328,138.55999755859375,134.6999969482422,136.92999267578125,135.63925170898438,56767100,0.0,0.0,GOOGL
2023-12-08 00:00:00-05:00,134.1999969482422,136.39999389648438,134.02999877929688,134.99000549316406,133.71759033203125,32260100,0.0,0.0,GOOGL
2023-12-11 00:00:00-05:00,132.3800048828125,133.33999633789062,131.36000061035156,133.2899932861328,132.03358459472656,31138000,0.0,0.0,GOOGL
2023-12-12 00:00:00-05:00,131.80999755859375,133.0,131.25999450683594,132.52000427246094,131.2708740234375,29032800,0.0,0.0,GOOGL
2023-12-13 00:00:00-05:00,133.3800048828125,133.5,131.57000732421875,132.57000732421875,131.3203887939453,30104800,0.0,0.0,GOOGL
2023-12-14 00:00:00-05:00,133.3800048828125,133.72000122070312,129.69000244140625,131.94000244140625,130.6963348388672,38722400,0.0,0.0,GOOGL
2023-12-15 00:00:00-05:00,131.6199951171875,133.50999450683594,131.17999267578125,132.60000610351562,131.35011291503906,50847100,0.0,0.0,GOOGL
2023-12-18 00:00:00-05:00,132.6300048828125,137.14999389648438,132.42999267578125,135.8000030517578,134.51995849609375,32258000,0.0,0.0,GOOGL
2023-12-19 00:00:00-05:00,136.83999633789062,137.47000122070312,136.0800018310547,136.64999389648438,135.36192321777344,25476800,0.0,0.0,GOOGL
2023-12-20 00:00:00-05:00,138.97000122070312,141.6999969482422,138.07000732421875,138.33999633789062,137.03599548339844,49107200,0.0,0.0,GOOGL
2023-12-21 00:00:00-05:00,139.49000549316406,140.69000244140625,139.17999267578125,140.4199981689453,139.09637451171875,27488300,0.0,0.0,GOOGL
2023-12-22 00:00:00-05:00,140.77000427246094,141.99000549316406,140.7100067138672,141.49000549316406,140.15631103515625,26532200,0.0,0.0,GOOGL
2023-12-26 00:00:00-05:00,141.58999633789062,142.67999267578125,141.19000244140625,141.52000427246094,140.18605041503906,16780300,0.0,0.0,GOOGL
2023-12-27 00:00:00-05:00,141.58999633789062,142.0800018310547,139.88999938964844,140.3699951171875,139.04685974121094,19628600,0.0,0.0,GOOGL
2023-12-28 00:00:00-05:00,140.77999877929688,141.13999938964844,139.75,140.22999572753906,138.90818786621094,16045700,0.0,0.0,GOOGL
2023-12-29 00:00:00-05:00,139.6300048828125,140.36000061035156,138.77999877929688,139.69000244140625,138.373291015625,18733000,0.0,0.0,GOOGL
2024-01-02 00:00:00-05:00,138.5500030517578,139.4499969482422,136.47999572753906,138.1699981689453,136.86761474609375,23711200,0.0,0.0,GOOGL
2024-01-03 00:00:00-05:00,137.25,139.6300048828125,137.0800018310547,138.9199981689453,137.6105499267578,24212100,0.0,0.0,GOOGL
2024-01-04 00:00:00-05:00,138.4199981689453,139.16000366210938,136.35000610351562,136.38999938964844,135.10438537597656,27137700,0.0,0.0,GOOGL
2024-01-05 00:00:00-05:00,136.75,137.16000366210938,135.14999389648438,135.72999572753906,134.45062255859375,22513900,0.0,0.0,GOOGL
2024-01-08 00:00:00-05:00,136.2899932861328,139.00999450683594,136.25999450683594,138.83999633789062,137.53128051757812,21404000,0.0,0.0,GOOGL
2024-01-09 00:00:00-05:00,138.5,141.49000549316406,138.14999389648438,140.9499969482422,139.6214141845703,24759600,0.0,0.0,GOOGL
2024-01-10 00:00:00-05:00,141.0,143.0,140.91000366210938,142.27999877929688,140.93887329101562,21320200,0.0,0.0,GOOGL
2024-01-11 00:00:00-05:00,143.49000549316406,145.22000122070312,140.63999938964844,142.0800018310547,140.74073791503906,24008700,0.0,0.0,GOOGL
2024-01-12 00:00:00-05:00,142.6699981689453,143.1999969482422,141.82000732421875,142.64999389648438,141.3053741455078,18785500,0.0,0.0,GOOGL
2024-01-16 00:00:00-05:00,142.0,144.35000610351562,141.4499969482422,142.49000549316406,141.14691162109375,22670500,0.0,0.0,GOOGL
2024-01-17 00:00:00-05:00,141.35000610351562,141.83999633789062,138.89999389648438,141.47000122070312,140.13650512695312,20968600,0.0,0.0,GOOGL
2024-01-18 00:00:00-05:00,142.0500030517578,144.2100067138672,141.99000549316406,143.47999572753906,142.1275634765625,25746400,0.0,0.0,GOOGL
2024-01-19 00:00:00-05:00,144.74000549316406,146.4499969482422,144.3800048828125,146.3800048828125,145.000244140625,34271900,0.0,0.0,GOOGL
2024-01-22 00:00:00-05:00,147.10000610351562,148.38999938964844,145.83999633789062,145.99000549316406,144.61390686035156,32200400,0.0,0.0,GOOGL
2024-01-23 00:00:00-05:00,145.88999938964844,147.17999267578125,145.5,147.0399932861328,145.6539764404297,21636100,0.0,0.0,GOOGL
2024-01-24 00:00:00-05:00,148.5399932861328,149.85000610351562,148.10000610351562,148.6999969482422,147.29835510253906,25233500,0.0,0.0,GOOGL
2024-01-25 00:00:00-05:00,150.07000732421875,153.0500030517578,149.5399932861328,151.8699951171875,150.43850708007812,29149100,0.0,0.0,GOOGL
2024-01-26 00:00:00-05:00,151.10000610351562,152.5399932861328,151.00999450683594,152.19000244140625,150.7554473876953,26115500,0.0,0.0,GOOGL
2024-01-29 00:00:00-05:00,152.05999755859375,153.77999877929688,151.42999267578125,153.50999450683594,152.06300354003906,27784300,0.0,0.0,GOOGL
2024-01-30 00:00:00-05:00,152.8000030517578,153.6199951171875,151.19000244140625,151.4600067138672,150.03233337402344,36331800,0.0,0.0,GOOGL
2024-01-31 00:00:00-05:00,143.6199951171875,144.0,139.8699951171875,140.10000610351562,138.77940368652344,71910000,0.0,0.0,GOOGL
2024-02-01 00:00:00-05:00,142.1199951171875,143.05999755859375,140.7899932861328,141.16000366210938,139.8294219970703,40466500,0.0,0.0,GOOGL
2024-02-02 00:00:00-05:00,139.25999450683594,142.6199951171875,136.5,142.3800048828125,141.03793334960938,62499600,0.0,0.0,GOOGL
2024-02-05 00:00:00-05:00,142.82000732421875,145.47000122070312,142.77999877929688,143.67999267578125,142.32566833496094,38505400,0.0,0.0,GOOGL
2024-02-06 00:00:00-05:00,144.64999389648438,145.36000061035156,143.19000244140625,144.10000610351562,142.74171447753906,29128200,0.0,0.0,GOOGL
2024-02-07 00:00:00-05:00,144.75999450683594,145.6199951171875,143.92999267578125,145.5399932861328,144.16812133789062,25208900,0.0,0.0,GOOGL
2024-02-08 00:00:00-05:00,145.8300018310547,146.3300018310547,145.10000610351562,145.91000366210938,144.53466796875,22563800,0.0,0.0,GOOGL
2024-02-09 00:00:00-05:00,146.67999267578125,149.44000244140625,146.17999267578125,149.0,147.5955352783203,26829500,0.0,0.0,GOOGL
2024-02-12 00:00:00-05:00,148.4199981689453,149.33999633789062,147.3699951171875,147.52999877929688,146.13937377929688,21564100,0.0,0.0,GOOGL
2024-02-13 00:00:00-05:00,144.9199981689453,146.6699981689453,143.69000244140625,145.13999938964844,143.77191162109375,27837700,0.0,0.0,GOOGL
2024-02-14 00:00:00-05:00,146.0800018310547,146.52000427246094,144.08999633789062,145.94000244140625,144.56436157226562,22704200,0.0,0.0,GOOGL
2024-02-15 00:00:00-05:00,143.13999938964844,143.52000427246094,140.4600067138672,142.77000427246094,141.4242401123047,37590700,0.0,0.0,GOOGL
2024-02-16 00:00:00-05:00,142.99000549316406,143.19000244140625,140.13999938964844,140.52000427246094,139.19546508789062,31468900,0.0,0.0,GOOGL
2024-02-20 00:00:00-05:00,139.66000366210938,142.0800018310547,139.49000549316406,141.1199951171875,139.78977966308594,25144700,0.0,0.0,GOOGL
2024-02-21 00:00:00-05:00,141.4499969482422,142.69000244140625,140.67999267578125,142.5500030517578,141.20632934570312,23223300,0.0,0.0,GOOGL
2024-02-22 00:00:00-05:00,144.92999267578125,145.0,142.8000030517578,144.08999633789062,142.73179626464844,27191900,0.0,0.0,GOOGL
2024-02-23 00:00:00-05:00,143.6699981689453,144.67999267578125,143.42999267578125,143.9600067138672,142.60304260253906,19493800,0.0,0.0,GOOGL
2024-02-26 00:00:00-05:00,142.13999938964844,142.44000244140625,137.38999938964844,137.57000732421875,136.2732696533203,53641800,0.0,0.0,GOOGL
2024-02-27 00:00:00-05:00,138.02000427246094,139.25,137.08999633789062,138.8800048828125,137.5709228515625,33099200,0.0,0.0,GOOGL
2024-02-28 00:00:00-05:00,137.89999389648438,138.00999450683594,135.41000366210938,136.3800048828125,135.09446716308594,37328600,0.0,0.0,GOOGL
2024-02-29 00:00:00-05:00,137.27999877929688,138.86000061035156,136.39999389648438,138.4600067138672,137.15489196777344,42133000,0.0,0.0,GOOGL
2024-03-01 00:00:00-05:00,138.42999267578125,138.8699951171875,136.9199981689453,137.13999938964844,135.8473358154297,31151100,0.0,0.0,GOOGL
2024-03-04 00:00:00-05:00,135.66000366210938,135.66000366210938,131.91000366210938,133.35000610351562,132.09304809570312,55999400,0.0,0.0,GOOGL
2024-03-05 00:00:00-05:00,131.8800048828125,133.24000549316406,130.6699981689453,132.6699981689453,131.41944885253906,40194800,0.0,0.0,GOOGL
2024-03-06 00:00:00-05:00,133.1199951171875,133.5800018310547,130.85000610351562,131.39999389648438,130.16140747070312,35318600,0.0,0.0,GOOGL
2024-03-07 00:00:00-05:00,132.7899932861328,134.94000244140625,131.61000061035156,134.3800048828125,133.11334228515625,37738200,0.0,0.0,GOOGL
2024-03-08 00:00:00-05:00,134.2100067138672,138.08999633789062,134.0,135.41000366210938,134.1336212158203,39370400,0.0,0.0,GOOGL
2024-03-11 00:00:00-04:00,136.1300048828125,139.10000610351562,136.1300048828125,137.6699981689453,136.37229919433594,32437800,0.0,0.0,GOOGL
2024-03-12 00:00:00-04:00,137.02999877929688,139.3800048828125,137.02999877929688,138.5,137.19451904296875,27563400,0.0,0.0,GOOGL
2024-03-13 00:00:00-04:00,139.0,141.08999633789062,138.99000549316406,139.7899932861328,138.47230529785156,23347200,0.0,0.0,GOOGL
2024-03-14 00:00:00-04:00,141.19000244140625,143.58999633789062,140.4600067138672,143.10000610351562,141.75115966796875,42753400,0.0,0.0,GOOGL
2024-03-15 00:00:00-04:00,142.5,143.17999267578125,140.02999877929688,141.17999267578125,139.84922790527344,49475400,0.0,0.0,GOOGL
2024-03-18 00:00:00-04:00,148.61000061035156,152.14999389648438,147.1699981689453,147.67999267578125,146.2879638671875,69273700,0.0,0.0,GOOGL
2024-03-19 00:00:00-04:00,148.16000366210938,148.7899932861328,146.0800018310547,147.02999877929688,145.64410400390625,24070400,0.0,0.0,GOOGL
2024-03-20 00:00:00-04:00,148.0,148.86000061035156,146.74000549316406,148.74000549316406,147.33799743652344,21311500,0.0,0.0,GOOGL
2024-03-21 00:00:00-04:00,149.47000122070312,150.3699951171875,146.89999389648438,147.60000610351562,146.20872497558594,24755600,0.0,0.0,GOOGL
2024-03-22 00:00:00-04:00,149.1199951171875,151.5800018310547,148.97999572753906,150.77000427246094,149.34886169433594,29211800,0.0,0.0,GOOGL
2024-03-25 00:00:00-04:00,149.94000244140625,150.3800048828125,147.82000732421875,150.07000732421875,148.6554718017578,19229300,0.0,0.0,GOOGL
2024-03-26 00:00:00-04:00,150.22000122070312,152.25999450683594,149.97999572753906,150.6699981689453,149.24978637695312,22149100,0.0,0.0,GOOGL
2024-03-27 00:00:00-04:00,151.17999267578125,151.63999938964844,148.89999389648438,150.8699951171875,149.4479217529297,22879200,0.0,0.0,GOOGL
2024-03-28 00:00:00-04:00,150.85000610351562,151.42999267578125,150.1699981689453,150.92999267578125,149.50732421875,24485400,0.0,0.0,GOOGL
2024-04-01 00:00:00-04:00,150.69000244140625,155.74000549316406,150.61000061035156,155.49000549316406,154.0243682861328,31730800,0.0,0.0,GOOGL
2024-04-02 00:00:00-04:00,153.5,154.6999969482422,152.14999389648438,154.55999755859375,153.10311889648438,24586000,0.0,0.0,GOOGL
2024-04-03 00:00:00-04:00,153.60000610351562,155.0800018310547,152.72999572753906,154.9199981689453,153.45973205566406,24705000,0.0,0.0,GOOGL
2024-04-04 00:00:00-04:00,153.5,154.77000427246094,150.4499969482422,150.52999877929688,149.111083984375,34724700,0.0,0.0,GOOGL
2024-04-05 00:00:00-04:00,150.02999877929688,153.4199981689453,149.60000610351562,152.5,151.0625457763672,23459200,0.0,0.0,GOOGL
2024-04-08 00:00:00-04:00,152.77999877929688,155.27000427246094,152.61000061035156,154.85000610351562,153.390380859375,20702000,0.0,0.0,GOOGL
2024-04-09 00:00:00-04:00,156.08999633789062,158.55999755859375,155.19000244140625,156.60000610351562,155.12388610839844,31079500,0.0,0.0,GOOGL
2024-04-10 00:00:00-04:00,156.2100067138672,156.61000061035156,154.67999267578125,156.13999938964844,154.66822814941406,22838600,0.0,0.0,GOOGL
2024-04-11 00:00:00-04:00,156.91000366210938,159.67999267578125,156.4600067138672,159.41000366210938,157.9073944091797,27166400,0.0,0.0,GOOGL
2024-04-12 00:00:00-04:00,157.9600067138672,160.22000122070312,157.13999938964844,157.72999572753906,156.2432403564453,25353700,0.0,0.0,GOOGL
2024-04-15 00:00:00-04:00,158.86000061035156,159.24000549316406,154.58999633789062,154.86000061035156,153.40029907226562,27136500,0.0,0.0,GOOGL
2024-04-16 00:00:00-04:00,154.19000244140625,155.64999389648438,153.42999267578125,154.39999389648438,152.94461059570312,20779500,0.0,0.0,GOOGL
2024-04-17 00:00:00-04:00,155.6199951171875,157.0800018310547,154.5800018310547,155.47000122070312,154.00453186035156,21763100,0.0,0.0,GOOGL
2024-04-18 00:00:00-04:00,155.33999633789062,156.94000244140625,154.6199951171875,156.00999450683594,154.53944396972656,19883000,0.0,0.0,GOOGL
2024-04-19 00:00:00-04:00,156.1999969482422,156.36000061035156,152.3000030517578,154.08999633789062,152.6375274658203,32615600,0.0,0.0,GOOGL
2024-04-22 00:00:00-04:00,154.30999755859375,157.63999938964844,154.05999755859375,156.27999877929688,154.8069305419922,26446200,0.0,0.0,GOOGL
2024-04-23 00:00:00-04:00,156.9600067138672,158.97000122070312,156.27999877929688,158.25999450683594,156.7682342529297,21151600,0.0,0.0,GOOGL
2024-04-24 00:00:00-04:00,157.49000549316406,159.57000732421875,157.1699981689453,159.1300048828125,157.6300506591797,22779100,0.0,0.0,GOOGL
2024-04-25 00:00:00-04:00,151.3300018310547,156.49000549316406,150.8699951171875,156.0,154.529541015625,57109700,0.0,0.0,GOOGL
2024-04-26 00:00:00-04:00,174.3699951171875,174.7100067138672,169.64999389648438,171.9499969482422,170.32920837402344,64665300,0.0,0.0,GOOGL
2024-04-29 00:00:00-04:00,169.05999755859375,169.5500030517578,165.2100067138672,166.14999389648438,164.58384704589844,45610000,0.0,0.0,GOOGL
2024-04-30 00:00:00-04:00,165.61000061035156,168.10000610351562,162.60000610351562,162.77999877929688,161.2456512451172,33562900,0.0,0.0,GOOGL
2024-05-01 00:00:00-04:00,164.3000030517578,167.1199951171875,163.08999633789062,163.86000061035156,162.31546020507812,33493200,0.0,0.0,GOOGL
2024-05-02 00:00:00-04:00,164.7899932861328,166.72999572753906,163.88999938964844,166.6199951171875,165.0494384765625,24294500,0.0,0.0,GOOGL
2024-05-03 00:00:00-04:00,167.55999755859375,167.9600067138672,163.0500030517578,167.24000549316406,165.66360473632812,34662400,0.0,0.0,GOOGL
2024-05-06 00:00:00-04:00,167.4600067138672,168.13999938964844,166.02999877929688,168.10000610351562,166.5155029296875,21871300,0.0,0.0,GOOGL
2024-05-07 00:00:00-04:00,168.5,171.75999450683594,168.38999938964844,171.25,169.6357879638672,28039700,0.0,0.0,GOOGL
2024-05-08 00:00:00-04:00,169.0,170.14999389648438,168.74000549316406,169.3800048828125,167.78343200683594,19569100,0.0,0.0,GOOGL
2024-05-09 00:00:00-04:00,169.38999938964844,170.69000244140625,168.17999267578125,169.9600067138672,168.35797119140625,15346700,0.0,0.0,GOOGL
2024-05-10 00:00:00-04:00,168.02999877929688,169.85000610351562,166.19000244140625,168.64999389648438,167.06028747558594,29799900,0.0,0.0,GOOGL
2024-05-13 00:00:00-04:00,164.25999450683594,169.27999877929688,164.0,169.13999938964844,167.54566955566406,31327600,0.0,0.0,GOOGL
2024-05-14 00:00:00-04:00,169.77000427246094,171.25,168.8000030517578,170.33999633789062,168.73439025878906,25127100,0.0,0.0,GOOGL
2024-05-15 00:00:00-04:00,170.6300048828125,172.64999389648438,170.50999450683594,172.50999450683594,170.8839111328125,26948400,0.0,0.0,GOOGL
2024-05-16 00:00:00-04:00,173.2899932861328,175.1199951171875,172.69000244140625,174.17999267578125,172.53817749023438,27867900,0.0,0.0,GOOGL
2024-05-17 00:00:00-04:00,174.17999267578125,176.27000427246094,173.69000244140625,176.05999755859375,174.40045166015625,24479300,0.0,0.0,GOOGL
2024-05-20 00:00:00-04:00,176.19000244140625,178.77000427246094,176.0800018310547,176.9199981689453,175.25234985351562,22554400,0.0,0.0,GOOGL
2024-05-21 00:00:00-04:00,176.89999389648438,178.14999389648438,175.80999755859375,177.85000610351562,176.173583984375,16989400,0.0,0.0,GOOGL
2024-05-22 00:00:00-04:00,176.63999938964844,177.14999389648438,175.2100067138672,176.3800048828125,174.71746826171875,17880000,0.0,0.0,GOOGL
2024-05-23 00:00:00-04:00,177.07000732421875,178.25,172.9499969482422,173.5500030517578,171.9141082763672,21024900,0.0,0.0,GOOGL
2024-05-24 00:00:00-04:00,174.97999572753906,175.77000427246094,173.64999389648438,174.99000549316406,173.34054565429688,16579400,0.0,0.0,GOOGL
2024-05-28 00:00:00-04:00,174.4499969482422,177.27000427246094,174.3699951171875,176.39999389648438,174.7372283935547,20572200,0.0,0.0,GOOGL
2024-05-29 00:00:00-04:00,175.42999267578125,176.83999633789062,174.72000122070312,175.89999389648438,174.24195861816406,23388700,0.0,0.0,GOOGL
2024-05-30 00:00:00-04:00,175.1999969482422,175.22000122070312,171.7899932861328,172.11000061035156,170.48768615722656,22931500,0.0,0.0,GOOGL
2024-05-31 00:00:00-04:00,171.86000061035156,173.05999755859375,169.44000244140625,172.5,170.87400817871094,37638900,0.0,0.0,GOOGL
2024-06-03 00:00:00-04:00,172.5399932861328,174.52999877929688,171.16000366210938,173.1699981689453,171.53770446777344,27459100,0.0,0.0,GOOGL
2024-06-04 00:00:00-04:00,173.27999877929688,173.85000610351562,171.88999938964844,173.7899932861328,172.15182495117188,26879600,0.0,0.0,GOOGL
2024-06-05 00:00:00-04:00,175.1999969482422,176.64999389648438,173.92999267578125,175.41000366210938,173.756591796875,22068500,0.0,0.0,GOOGL
2024-06-06 00:00:00-04:00,175.89999389648438,177.14999389648438,175.75,176.72999572753906,175.06411743164062,23251000,0.0,0.0,GOOGL
2024-06-07 00:00:00-04:00,177.0500030517578,177.8699951171875,174.3000030517578,174.4600067138672,172.8155517578125,19661400,0.0,0.0,GOOGL
2024-06-10 00:00:00-04:00,174.97000122070312,177.05999755859375,172.75999450683594,175.00999450683594,173.55929565429688,23726700,0.2,0.0,GOOGL
2024-06-11 00:00:00-04:00,176.22000122070312,176.83999633789062,173.77000427246094,176.6199951171875,175.15597534179688,21540600,0.0,0.0,GOOGL
2024-06-12 00:00:00-04:00,178.25,180.41000366210938,176.11000061035156,177.7899932861328,176.31626892089844,27864700,0.0,0.0,GOOGL
2024-06-13 00:00:00-04:00,176.11000061035156,176.74000549316406,174.8800048828125,175.16000366210938,173.70806884765625,20913300,0.0,0.0,GOOGL
2024-06-14 00:00:00-04:00,174.22000122070312,177.05999755859375,174.14999389648438,176.7899932861328,175.32456970214844,18063600,0.0,0.0,GOOGL
2024-06-17 00:00:00-04:00,175.4600067138672,178.36000061035156,174.80999755859375,177.24000549316406,175.77084350585938,19618500,0.0,0.0,GOOGL
2024-06-18 00:00:00-04:00,177.13999938964844,177.38999938964844,174.10000610351562,175.08999633789062,173.63865661621094,21869900,0.0,0.0,GOOGL
2024-06-20 00:00:00-04:00,175.3699951171875,177.2899932861328,174.99000549316406,176.3000030517578,174.838623046875,20160100,0.0,0.0,GOOGL
2024-06-21 00:00:00-04:00,177.0,180.85000610351562,176.61000061035156,179.6300048828125,178.1410369873047,57759000,0.0,0.0,GOOGL
2024-06-24 00:00:00-04:00,180.16000366210938,180.88999938964844,178.6699981689453,179.22000122070312,177.7344207763672,18298000,0.0,0.0,GOOGL
2024-06-25 00:00:00-04:00,179.6199951171875,184.2899932861328,179.4199981689453,184.02999877929688,182.50454711914062,23130200,0.0,0.0,GOOGL
2024-06-26 00:00:00-04:00,182.6300048828125,184.50999450683594,182.47999572753906,183.8800048828125,182.35580444335938,19839000,0.0,0.0,GOOGL
2024-06-27 00:00:00-04:00,184.17999267578125,186.0500030517578,184.02000427246094,185.41000366210938,183.87310791015625,18848900,0.0,0.0,GOOGL
2024-06-28 00:00:00-04:00,184.32000732421875,185.1300048828125,181.9600067138672,182.14999389648438,180.64015197753906,29156600,0.0,0.0,GOOGL
2024-07-01 00:00:00-04:00,183.02999877929688,183.8800048828125,181.3000030517578,182.99000549316406,181.4731903076172,16006100,0.0,0.0,GOOGL
2024-07-02 00:00:00-04:00,182.0500030517578,185.57000732421875,181.55999755859375,185.24000549316406,183.7045135498047,17372500,0.0,0.0,GOOGL
2024-07-03 00:00:00-04:00,184.85000610351562,186.08999633789062,184.0,185.82000732421875,184.2797088623047,10242100,0.0,0.0,GOOGL
2024-07-05 00:00:00-04:00,185.86000061035156,190.86000061035156,185.8000030517578,190.60000610351562,189.02008056640625,20967500,0.0,0.0,GOOGL
2024-07-08 00:00:00-04:00,189.89999389648438,190.1699981689453,187.77999877929688,189.02999877929688,187.46311950683594,21035900,0.0,0.0,GOOGL
2024-07-09 00:00:00-04:00,190.30999755859375,191.36000061035156,188.72000122070312,188.97999572753906,187.41351318359375,15121400,0.0,0.0,GOOGL
2024-07-10 00:00:00-04:00,189.14999389648438,191.75,189.02999877929688,191.17999267578125,189.5952606201172,15952500,0.0,0.0,GOOGL
2024-07-11 00:00:00-04:00,189.85000610351562,190.86000061035156,185.0800018310547,185.57000732421875,184.0318145751953,25625800,0.0,0.0,GOOGL
2024-07-12 00:00:00-04:00,185.0800018310547,187.11000061035156,184.49000549316406,185.07000732421875,183.5359344482422,22898400,0.0,0.0,GOOGL
2024-07-15 00:00:00-04:00,184.9199981689453,188.24000549316406,184.9199981689453,186.52999877929688,184.9838409423828,16474000,0.0,0.0,GOOGL
2024-07-16 00:00:00-04:00,187.36000061035156,188.67999267578125,183.3699951171875,183.9199981689453,182.3954620361328,18290700,0.0,0.0,GOOGL
2024-07-17 00:00:00-04:00,182.97000122070312,183.5500030517578,179.89999389648438,181.02000427246094,179.51950073242188,20734100,0.0,0.0,GOOGL
2024-07-18 00:00:00-04:00,181.92999267578125,182.5,176.47000122070312,177.69000244140625,176.2171173095703,25315700,0.0,0.0,GOOGL
2024-07-19 00:00:00-04:00,178.8800048828125,180.2899932861328,177.1300048828125,177.66000366210938,176.18734741210938,18881900,0.0,0.0,GOOGL
2024-07-22 00:00:00-04:00,180.58999633789062,182.6999969482422,180.22999572753906,181.6699981689453,180.16409301757812,24100300,0.0,0.0,GOOGL
2024-07-23 00:00:00-04:00,182.0500030517578,183.61000061035156,181.5399932861328,181.7899932861328,180.28311157226562,36352700,0.0,0.0,GOOGL
2024-07-24 00:00:00-04:00,173.60000610351562,176.19000244140625,171.82000732421875,172.6300048828125,171.19903564453125,49585200,0.0,0.0,GOOGL
2024-07-25 00:00:00-04:00,172.52000427246094,173.4199981689453,167.19000244140625,167.27999877929688,165.8933868408203,44852000,0.0,0.0,GOOGL
2024-07-26 00:00:00-04:00,167.14999389648438,168.08999633789062,164.05999755859375,167.0,165.61572265625,41336900,0.0,0.0,GOOGL
2024-07-29 00:00:00-04:00,168.8300018310547,170.42999267578125,167.99000549316406,169.52999877929688,168.12474060058594,20293800,0.0,0.0,GOOGL
2024-07-30 00:00:00-04:00,170.24000549316406,171.22999572753906,168.44000244140625,170.2899932861328,168.87843322753906,18959700,0.0,0.0,GOOGL
2024-07-31 00:00:00-04:00,173.24000549316406,174.25,170.00999450683594,171.5399932861328,170.11810302734375,25729100,0.0,0.0,GOOGL
2024-08-01 00:00:00-04:00,170.25,174.0500030517578,168.8800048828125,170.75999450683594,169.34454345703125,24531400,0.0,0.0,GOOGL
2024-08-02 00:00:00-04:00,166.44000244140625,168.50999450683594,164.6699981689453,166.66000366210938,165.27853393554688,29130100,0.0,0.0,GOOGL
2024-08-05 00:00:00-04:00,155.5,164.42999267578125,154.92999267578125,159.25,157.92996215820312,53630700,0.0,0.0,GOOGL
2024-08-06 00:00:00-04:00,159.3300018310547,160.57000732421875,156.41000366210938,158.2899932861328,156.97793579101562,49004600,0.0,0.0,GOOGL
2024-08-07 00:00:00-04:00,161.25,162.97999572753906,158.47000122070312,158.94000244140625,157.62254333496094,25138600,0.0,0.0,GOOGL
2024-08-08 00:00:00-04:00,160.50999450683594,163.69000244140625,160.2100067138672,162.02999877929688,160.68692016601562,25578800,0.0,0.0,GOOGL
2024-08-09 00:00:00-04:00,160.00999450683594,163.7899932861328,159.05999755859375,163.6699981689453,162.31332397460938,28602300,0.0,0.0,GOOGL
2024-08-12 00:00:00-04:00,164.35000610351562,164.89999389648438,161.83999633789062,162.2899932861328,160.9447479248047,15895300,0.0,0.0,GOOGL
2024-08-13 00:00:00-04:00,163.41000366210938,164.72999572753906,162.97000122070312,164.16000366210938,162.7992706298828,18551700,0.0,0.0,GOOGL
2024-08-14 00:00:00-04:00,162.39999389648438,163.22000122070312,157.7100067138672,160.3699951171875,159.04067993164062,40591100,0.0,0.0,GOOGL
2024-08-15 00:00:00-04:00,160.5,161.63999938964844,159.61000061035156,161.3000030517578,159.96295166015625,31524300,0.0,0.0,GOOGL
2024-08-16 00:00:00-04:00,161.47000122070312,165.05999755859375,161.1300048828125,162.9600067138672,161.6092071533203,24208600,0.0,0.0,GOOGL
2024-08-19 00:00:00-04:00,165.27999877929688,166.69000244140625,164.25999450683594,166.6699981689453,165.28843688964844,22416200,0.0,0.0,GOOGL
2024-08-20 00:00:00-04:00,166.89999389648438,168.63999938964844,166.82000732421875,167.17999267578125,165.79421997070312,18341500,0.0,0.0,GOOGL
2024-08-21 00:00:00-04:00,165.14999389648438,166.85000610351562,164.6699981689453,165.85000610351562,164.47525024414062,22902000,0.0,0.0,GOOGL
2024-08-22 00:00:00-04:00,167.25999450683594,167.58999633789062,163.30999755859375,163.8000030517578,162.44224548339844,22493300,0.0,0.0,GOOGL
2024-08-23 00:00:00-04:00,164.72000122070312,166.17999267578125,163.8300018310547,165.6199951171875,164.2471466064453,13955700,0.0,0.0,GOOGL
2024-08-26 00:00:00-04:00,166.3800048828125,167.5500030517578,164.4600067138672,166.16000366210938,164.78269958496094,14190400,0.0,0.0,GOOGL
2024-08-27 00:00:00-04:00,165.83999633789062,166.44000244140625,164.4600067138672,164.67999267578125,163.31492614746094,11821900,0.0,0.0,GOOGL
2024-08-28 00:00:00-04:00,165.0399932861328,165.60000610351562,161.52999877929688,162.85000610351562,161.5001220703125,16407400,0.0,0.0,GOOGL
2024-08-29 00:00:00-04:00,164.30999755859375,165.97000122070312,160.25,161.77999877929688,160.43899536132812,19699800,0.0,0.0,GOOGL
2024-08-30 00:00:00-04:00,162.6199951171875,163.66000366210938,161.69000244140625,163.3800048828125,162.02572631835938,22123800,0.0,0.0,GOOGL
2024-09-03 00:00:00-04:00,161.72000122070312,161.85000610351562,156.47999572753906,157.36000061035156,156.0555877685547,38945300,0.0,0.0,GOOGL
2024-09-04 00:00:00-04:00,156.66000366210938,159.0,155.9600067138672,156.4499969482422,155.15313720703125,19353800,0.0,0.0,GOOGL
2024-09-05 00:00:00-04:00,156.3000030517578,159.4499969482422,155.97999572753906,157.24000549316406,155.93663024902344,18688700,0.0,0.0,GOOGL
2024-09-06 00:00:00-04:00,157.3000030517578,157.8300018310547,150.5500030517578,150.9199981689453,149.66900634765625,37912100,0.0,0.0,GOOGL
2024-09-09 00:00:00-04:00,152.50999450683594,153.39999389648438,147.22000122070312,148.7100067138672,147.6730194091797,39260500,0.2,0.0,GOOGL
2024-09-10 00:00:00-04:00,150.4499969482422,151.27000427246094,148.33999633789062,148.66000366210938,147.6233673095703,31118800,0.0,0.0,GOOGL
2024-09-11 00:00:00-04:00,149.9199981689453,151.5,147.52000427246094,151.16000366210938,150.10594177246094,29607700,0.0,0.0,GOOGL
2024-09-12 00:00:00-04:00,153.8000030517578,154.82000732421875,152.64999389648438,154.69000244140625,153.61134338378906,29621500,0.0,0.0,GOOGL
2024-09-13 00:00:00-04:00,155.42999267578125,158.3800048828125,155.2100067138672,157.4600067138672,156.36199951171875,29591200,0.0,0.0,GOOGL
2024-09-16 00:00:00-04:00,157.30999755859375,158.25,156.60000610351562,158.05999755859375,156.9578094482422,18379800,0.0,0.0,GOOGL
2024-09-17 00:00:00-04:00,159.02000427246094,160.5500030517578,158.3800048828125,159.32000732421875,158.20904541015625,20715600,0.0,0.0,GOOGL
2024-09-18 00:00:00-04:00,159.86000061035156,160.5,158.60000610351562,159.80999755859375,158.6956329345703,23677300,0.0,0.0,GOOGL
2024-09-19 00:00:00-04:00,163.7100067138672,163.7899932861328,161.33999633789062,162.13999938964844,161.00936889648438,26587700,0.0,0.0,GOOGL
2024-09-20 00:00:00-04:00,163.5,163.72999572753906,162.05999755859375,163.58999633789062,162.44924926757812,40896400,0.0,0.0,GOOGL
2024-09-23 00:00:00-04:00,164.35000610351562,165.49000549316406,161.6699981689453,161.85000610351562,160.7213897705078,24150900,0.0,0.0,GOOGL
2024-09-24 00:00:00-04:00,163.02999877929688,163.22000122070312,160.69000244140625,162.2899932861328,161.1583251953125,23332100,0.0,0.0,GOOGL
2024-09-25 00:00:00-04:00,161.47000122070312,162.80999755859375,161.3000030517578,161.49000549316406,160.36390686035156,18869200,0.0,0.0,GOOGL
2024-09-26 00:00:00-04:00,163.63999938964844,164.0800018310547,162.27999877929688,162.72999572753906,161.59524536132812,20319300,0.0,0.0,GOOGL
2024-09-27 00:00:00-04:00,162.80999755859375,165.6999969482422,162.6300048828125,163.9499969482422,162.80677795410156,21101300,0.0,0.0,GOOGL
2024-09-30 00:00:00-04:00,163.32000732421875,166.14999389648438,163.25999450683594,165.85000610351562,164.69349670410156,20413900,0.0,0.0,GOOGL
2024-10-01 00:00:00-04:00,167.69000244140625,169.16000366210938,164.5800018310547,166.99000549316406,165.8255615234375,28338100,0.0,0.0,GOOGL
2024-10-02 00:00:00-04:00,166.4199981689453,167.52000427246094,164.72999572753906,165.86000061035156,164.7034454345703,17760200,0.0,0.0,GOOGL
2024-10-03 00:00:00-04:00,164.41000366210938,166.63999938964844,163.9199981689453,165.86000061035156,164.7034454345703,15073100,0.0,0.0,GOOGL
2024-10-04 00:00:00-04:00,168.05999755859375,168.22999572753906,165.47999572753906,167.05999755859375,165.89505004882812,19047400,0.0,0.0,GOOGL
2024-10-07 00:00:00-04:00,167.72000122070312,168.47999572753906,162.75,162.97999572753906,161.843505859375,22463100,0.0,0.0,GOOGL
2024-10-08 00:00:00-04:00,163.94000244140625,164.72999572753906,162.8699951171875,164.3800048828125,163.2337646484375,23072700,0.0,0.0,GOOGL
2024-10-09 00:00:00-04:00,163.4499969482422,164.83999633789062,159.74000549316406,161.86000061035156,160.73130798339844,31181800,0.0,0.0,GOOGL
2024-10-10 00:00:00-04:00,160.8699951171875,163.07000732421875,160.39999389648438,162.0800018310547,160.94979858398438,14144100,0.0,0.0,GOOGL
2024-10-11 00:00:00-04:00,162.1300048828125,163.89999389648438,161.24000549316406,163.24000549316406,162.10169982910156,15344300,0.0,0.0,GOOGL
2024-10-14 00:00:00-04:00,163.63999938964844,166.22999572753906,163.39999389648438,164.9600067138672,163.8096923828125,19016100,0.0,0.0,GOOGL
2024-10-15 00:00:00-04:00,165.7899932861328,167.67999267578125,164.6300048828125,165.4600067138672,164.30624389648438,20247200,0.0,0.0,GOOGL
2024-10-16 00:00:00-04:00,164.52999877929688,165.8000030517578,163.74000549316406,165.16000366210938,164.00831604003906,16406000,0.0,0.0,GOOGL
2024-10-17 00:00:00-04:00,165.72999572753906,166.3699951171875,162.75999450683594,162.92999267578125,161.79385375976562,21453400,0.0,0.0,GOOGL
2024-10-18 00:00:00-04:00,163.19000244140625,164.7100067138672,163.0800018310547,163.4199981689453,162.28042602539062,19757700,0.0,0.0,GOOGL
2024-10-21 00:00:00-04:00,162.9499969482422,164.5,162.6199951171875,164.07000732421875,162.92591857910156,20946500,0.0,0.0,GOOGL
2024-10-22 00:00:00-04:00,162.97999572753906,165.77000427246094,162.97999572753906,165.13999938964844,163.9884796142578,16568100,0.0,0.0,GOOGL
2024-10-23 00:00:00-04:00,164.75999450683594,165.82000732421875,161.92999267578125,162.77999877929688,161.6448974609375,18280500,0.0,0.0,GOOGL
2024-10-24 00:00:00-04:00,162.8300018310547,163.3300018310547,161.00999450683594,162.72000122070312,161.58531188964844,22412500,0.0,0.0,GOOGL
2024-10-25 00:00:00-04:00,163.6699981689453,165.58999633789062,163.4199981689453,165.27000427246094,164.1175537109375,19828900,0.0,0.0,GOOGL
2024-10-28 00:00:00-04:00,168.75,168.75,163.9499969482422,166.72000122070312,165.55743408203125,32138600,0.0,0.0,GOOGL
2024-10-29 00:00:00-04:00,167.72999572753906,170.3800048828125,167.08999633789062,169.67999267578125,168.4967803955078,42169000,0.0,0.0,GOOGL
2024-10-30 00:00:00-04:00,180.67999267578125,182.02000427246094,174.05999755859375,174.4600067138672,173.24346923828125,68890800,0.0,0.0,GOOGL
2024-10-31 00:00:00-04:00,173.1300048828125,176.82000732421875,171.0,171.11000061035156,169.9168243408203,44769000,0.0,0.0,GOOGL
2024-11-01 00:00:00-04:00,170.07000732421875,172.32000732421875,168.8800048828125,171.2899932861328,170.0955810546875,31796500,0.0,0.0,GOOGL
2024-11-04 00:00:00-05:00,169.92999267578125,170.72999572753906,168.00999450683594,169.24000549316406,168.05987548828125,21492700,0.0,0.0,GOOGL
2024-11-05 00:00:00-05:00,169.42999267578125,170.52999877929688,168.83999633789062,169.74000549316406,168.55636596679688,18242100,0.0,0.0,GOOGL
2024-11-06 00:00:00-05:00,173.8000030517578,176.94000244140625,173.5,176.50999450683594,175.27915954589844,33695500,0.0,0.0,GOOGL
2024-11-07 00:00:00-05:00,177.41000366210938,181.0800018310547,177.19000244140625,180.75,179.48960876464844,25352900,0.0,0.0,GOOGL
2024-11-08 00:00:00-05:00,180.64999389648438,180.89999389648438,178.0800018310547,178.35000610351562,177.10633850097656,22006200,0.0,0.0,GOOGL
2024-11-11 00:00:00-05:00,178.5800018310547,180.5500030517578,178.47000122070312,180.35000610351562,179.0924072265625,17450400,0.0,0.0,GOOGL
2024-11-12 00:00:00-05:00,179.82000732421875,182.49000549316406,179.38999938964844,181.6199951171875,180.353515625,25134900,0.0,0.0,GOOGL
2024-11-13 00:00:00-05:00,180.4600067138672,180.9600067138672,178.5399932861328,178.8800048828125,177.6326446533203,23184000,0.0,0.0,GOOGL
2024-11-14 00:00:00-05:00,178.27999877929688,178.82000732421875,174.32000732421875,175.5800018310547,174.35565185546875,31007500,0.0,0.0,GOOGL
2024-11-15 00:00:00-05:00,173.72999572753906,174.13999938964844,171.22000122070312,172.49000549316406,171.28721618652344,32504600,0.0,0.0,GOOGL
2024-11-18 00:00:00-05:00,173.4199981689453,175.44000244140625,172.89999389648438,175.3000030517578,174.07760620117188,20135300,0.0,0.0,GOOGL
2024-11-19 00:00:00-05:00,173.72000122070312,178.8699951171875,173.55999755859375,178.1199951171875,176.8779296875,23434900,0.0,0.0,GOOGL
2024-11-20 00:00:00-05:00,177.33999633789062,177.67999267578125,173.77999877929688,175.97999572753906,174.75283813476562,18997100,0.0,0.0,GOOGL
2024-11-21 00:00:00-05:00,173.89999389648438,174.1300048828125,163.6999969482422,167.6300048828125,166.46109008789062,59734400,0.0,0.0,GOOGL
2024-11-22 00:00:00-05:00,165.85000610351562,166.4600067138672,163.89999389648438,164.75999450683594,163.61109924316406,38604600,0.0,0.0,GOOGL
2024-11-25 00:00:00-05:00,166.08999633789062,168.6300048828125,165.61000061035156,167.64999389648438,166.48092651367188,33135300,0.0,0.0,GOOGL
2024-11-26 00:00:00-05:00,167.6300048828125,169.82000732421875,167.5800018310547,169.1199951171875,167.940673828125,20486700,0.0,0.0,GOOGL
2024-11-27 00:00:00-05:00,169.0,169.47999572753906,168.02000427246094,169.22999572753906,168.0499267578125,19266500,0.0,0.0,GOOGL
2024-11-29 00:00:00-05:00,168.5,169.42999267578125,167.16000366210938,168.9499969482422,167.77186584472656,14257200,0.0,0.0,GOOGL
2024-12-02 00:00:00-05:00,168.77000427246094,172.0800018310547,168.57000732421875,171.49000549316406,170.294189453125,23789100,0.0,0.0,GOOGL
2024-12-03 00:00:00-05:00,171.49000549316406,172.67999267578125,170.85000610351562,171.33999633789062,170.1452178955078,22248700,0.0,0.0,GOOGL
2024-12-04 00:00:00-05:00,171.14999389648438,174.91000366210938,171.05999755859375,174.3699951171875,173.15408325195312,31615100,0.0,0.0,GOOGL
2024-12-05 00:00:00-05:00,175.36000061035156,176.05999755859375,172.3300018310547,172.63999938964844,171.43614196777344,21356200,0.0,0.0,GOOGL
2024-12-06 00:00:00-05:00,172.02999877929688,175.0800018310547,171.86000061035156,174.7100067138672,173.49171447753906,21462400,0.0,0.0,GOOGL
2024-12-09 00:00:00-05:00,173.9600067138672,176.25999450683594,173.64999389648438,175.3699951171875,174.34669494628906,25389600,0.2,0.0,GOOGL
2024-12-10 00:00:00-05:00,182.85000610351562,186.36000061035156,181.0500030517578,185.1699981689453,184.08950805664062,54813000,0.0,0.0,GOOGL
2024-12-11 00:00:00-05:00,185.30999755859375,195.61000061035156,184.85000610351562,195.39999389648438,194.2598114013672,67894100,0.0,0.0,GOOGL
2024-12-12 00:00:00-05:00,195.0,195.17999267578125,191.7100067138672,191.9600067138672,190.83990478515625,34817500,0.0,0.0,GOOGL
2024-12-13 00:00:00-05:00,191.00999450683594,192.72999572753906,189.63999938964844,189.82000732421875,188.71238708496094,25143500,0.0,0.0,GOOGL
2024-12-16 00:00:00-05:00,192.8699951171875,199.0,192.6199951171875,196.66000366210938,195.51248168945312,44934900,0.0,0.0,GOOGL
2024-12-17 00:00:00-05:00,197.25,201.4199981689453,194.97999572753906,195.4199981689453,194.27969360351562,43504000,0.0,0.0,GOOGL
2024-12-18 00:00:00-05:00,195.22000122070312,197.0,187.74000549316406,188.39999389648438,187.30064392089844,34166100,0.0,0.0,GOOGL
2024-12-19 00:00:00-05:00,191.6300048828125,193.02999877929688,188.3800048828125,188.50999450683594,187.41001892089844,32265200,0.0,0.0,GOOGL
2024-12-20 00:00:00-05:00,185.77999877929688,192.88999938964844,185.22000122070312,191.41000366210938,190.29312133789062,63462900,0.0,0.0,GOOGL
2024-12-23 00:00:00-05:00,192.6199951171875,195.10000610351562,190.14999389648438,194.6300048828125,193.49432373046875,25675000,0.0,0.0,GOOGL
2024-12-24 00:00:00-05:00,194.83999633789062,196.11000061035156,193.77999877929688,196.11000061035156,194.96566772460938,10403300,0.0,0.0,GOOGL
2024-12-26 00:00:00-05:00,195.14999389648438,196.75,194.3800048828125,195.60000610351562,194.4586639404297,12046600,0.0,0.0,GOOGL
2024-12-27 00:00:00-05:00,194.9499969482422,195.32000732421875,190.64999389648438,192.75999450683594,191.6352081298828,18891400,0.0,0.0,GOOGL
2024-12-30 00:00:00-05:00,189.8000030517578,192.5500030517578,189.1199951171875,191.24000549316406,190.12411499023438,14264700,0.0,0.0,GOOGL
2024-12-31 00:00:00-05:00,191.0800018310547,191.9600067138672,188.50999450683594,189.3000030517578,188.19540405273438,17466900,0.0,0.0,GOOGL
2025-01-02 00:00:00-05:00,190.64999389648438,192.0,187.5,189.42999267578125,188.3246612548828,20370800,0.0,0.0,GOOGL
2025-01-03 00:00:00-05:00,191.3699951171875,193.2100067138672,189.97999572753906,191.7899932861328,190.67088317871094,18596200,0.0,0.0,GOOGL
2025-01-06 00:00:00-05:00,193.97999572753906,198.22000122070312,193.85000610351562,196.8699951171875,195.7212371826172,29563600,0.0,0.0,GOOGL
2025-01-07 00:00:00-05:00,197.11000061035156,201.0,194.60000610351562,195.49000549316406,194.34930419921875,26487200,0.0,0.0,GOOGL
2025-01-08 00:00:00-05:00,192.57000732421875,196.2899932861328,192.3800048828125,193.9499969482422,192.81829833984375,24864800,0.0,0.0,GOOGL
2025-01-10 00:00:00-05:00,194.3000030517578,196.52000427246094,190.30999755859375,192.0399932861328,190.91941833496094,26665200,0.0,0.0,GOOGL
2025-01-13 00:00:00-05:00,190.07000732421875,191.17999267578125,187.36000061035156,191.00999450683594,189.8954315185547,21823700,0.0,0.0,GOOGL
2025-01-14 00:00:00-05:00,191.24000549316406,191.97999572753906,188.30999755859375,189.66000366210938,188.55331420898438,17174900,0.0,0.0,GOOGL
2025-01-15 00:00:00-05:00,193.08999633789062,196.36000061035156,191.86000061035156,195.5500030517578,194.40896606445312,21776000,0.0,0.0,GOOGL
2025-01-16 00:00:00-05:00,194.13999938964844,195.47999572753906,192.80999755859375,192.91000366210938,191.7843780517578,17815400,0.0,0.0,GOOGL
2025-01-17 00:00:00-05:00,196.52999877929688,197.22999572753906,193.75,196.0,194.8563232421875,27735100,0.0,0.0,GOOGL
2025-01-21 00:00:00-05:00,199.07000732421875,202.2899932861328,197.8699951171875,198.0500030517578,196.89439392089844,29971300,0.0,0.0,GOOGL
2025-01-22 00:00:00-05:00,199.05999755859375,200.47999572753906,197.52999877929688,198.3699951171875,197.21249389648438,26200600,0.0,0.0,GOOGL
2025-01-23 00:00:00-05:00,198.13999938964844,200.3000030517578,195.1999969482422,197.97999572753906,196.82476806640625,26951400,0.0,0.0,GOOGL
2025-01-24 00:00:00-05:00,198.10000610351562,200.89999389648438,198.0,200.2100067138672,199.04176330566406,23877500,0.0,0.0,GOOGL
2025-01-27 00:00:00-05:00,192.41000366210938,196.8800048828125,190.72999572753906,191.80999755859375,190.69076538085938,41728900,0.0,0.0,GOOGL
2025-01-28 00:00:00-05:00,192.75,195.47999572753906,190.67999267578125,195.3000030517578,194.16038513183594,24157900,0.0,0.0,GOOGL
2025-01-29 00:00:00-05:00,195.55999755859375,196.7899932861328,193.42999267578125,195.41000366210938,194.269775390625,18218300,0.0,0.0,GOOGL
2025-01-30 00:00:00-05:00,198.0,201.39999389648438,197.6699981689453,200.8699951171875,199.69789123535156,24354700,0.0,0.0,GOOGL
2025-01-31 00:00:00-05:00,202.0,205.47999572753906,201.8000030517578,204.02000427246094,202.8295135498047,32001100,0.0,0.0,GOOGL
2025-02-03 00:00:00-05:00,200.69000244140625,203.75,200.10000610351562,201.22999572753906,200.0557861328125,27838300,0.0,0.0,GOOGL
2025-02-04 00:00:00-05:00,203.38999938964844,207.0500030517578,202.80999755859375,206.3800048828125,205.17576599121094,43856400,0.0,0.0,GOOGL
2025-02-05 00:00:00-05:00,191.07000732421875,192.75,188.02999877929688,191.3300018310547,190.21356201171875,70373900,0.0,0.0,GOOGL
2025-02-06 00:00:00-05:00,189.5,192.10000610351562,188.72000122070312,191.60000610351562,190.48202514648438,29297400,0.0,0.0,GOOGL
2025-02-07 00:00:00-05:00,191.0500030517578,191.17999267578125,183.24000549316406,185.33999633789062,184.25851440429688,49315000,0.0,0.0,GOOGL
2025-02-10 00:00:00-05:00,187.35000610351562,188.1999969482422,185.86000061035156,186.47000122070312,185.3819122314453,23105600,0.0,0.0,GOOGL
2025-02-11 00:00:00-05:00,185.02999877929688,186.94000244140625,184.27999877929688,185.32000732421875,184.23863220214844,21239500,0.0,0.0,GOOGL
2025-02-12 00:00:00-05:00,183.22000122070312,185.11000061035156,181.8300018310547,183.61000061035156,182.53860473632812,22072600,0.0,0.0,GOOGL
2025-02-13 00:00:00-05:00,184.32000732421875,186.27999877929688,183.13999938964844,186.13999938964844,185.05386352539062,21402500,0.0,0.0,GOOGL
2025-02-14 00:00:00-05:00,185.05999755859375,186.39999389648438,184.32000732421875,185.22999572753906,184.149169921875,20448400,0.0,0.0,GOOGL
2025-02-18 00:00:00-05:00,185.60000610351562,185.9600067138672,181.74000549316406,183.77000427246094,182.69769287109375,29916700,0.0,0.0,GOOGL
2025-02-19 00:00:00-05:00,184.07000732421875,185.4600067138672,183.58999633789062,185.27000427246094,184.18893432617188,19549400,0.0,0.0,GOOGL
2025-02-20 00:00:00-05:00,184.8000030517578,185.30999755859375,182.72000122070312,184.55999755859375,183.4830780029297,20441500,0.0,0.0,GOOGL
2025-02-21 00:00:00-05:00,185.14999389648438,185.33999633789062,179.0800018310547,179.66000366210938,178.61166381835938,35199200,0.0,0.0,GOOGL
2025-02-24 00:00:00-05:00,181.99000549316406,183.1199951171875,178.88999938964844,179.25,178.20407104492188,29854200,0.0,0.0,GOOGL
2025-02-25 00:00:00-05:00,178.0399932861328,178.74000549316406,174.69000244140625,175.4199981689453,174.3964080810547,41913400,0.0,0.0,GOOGL
2025-02-26 00:00:00-05:00,175.07000732421875,176.0800018310547,171.5800018310547,172.72999572753906,171.72210693359375,35431300,0.0,0.0,GOOGL
2025-02-27 00:00:00-05:00,173.99000549316406,174.55999755859375,167.94000244140625,168.5,167.51678466796875,39991000,0.0,0.0,GOOGL
2025-02-28 00:00:00-05:00,168.67999267578125,170.61000061035156,166.77000427246094,170.27999877929688,169.2864227294922,48130600,0.0,0.0,GOOGL
2025-03-03 00:00:00-05:00,171.92999267578125,173.3699951171875,165.92999267578125,167.00999450683594,166.03549194335938,40770500,0.0,0.0,GOOGL
2025-03-04 00:00:00-05:00,166.24000549316406,173.2899932861328,165.8000030517578,170.9199981689453,169.92266845703125,45388000,0.0,0.0,GOOGL
2025-03-05 00:00:00-05:00,170.52000427246094,173.77999877929688,169.05999755859375,173.02000427246094,172.01040649414062,30954900,0.0,0.0,GOOGL
2025-03-06 00:00:00-05:00,170.52999877929688,174.80999755859375,170.5,172.35000610351562,171.3443145751953,28302000,0.0,0.0,GOOGL
2025-03-07 00:00:00-05:00,171.25999450683594,174.97000122070312,170.27000427246094,173.86000061035156,172.84552001953125,27385800,0.0,0.0,GOOGL
2025-03-10 00:00:00-04:00,168.25999450683594,168.4600067138672,163.69000244140625,165.8699951171875,165.092041015625,43604000,0.2,0.0,GOOGL
2025-03-11 00:00:00-04:00,164.91000366210938,166.75,161.3699951171875,164.0399932861328,163.2706298828125,39587400,0.0,0.0,GOOGL
2025-03-12 00:00:00-04:00,166.5800018310547,167.63999938964844,163.52999877929688,167.11000061035156,166.32623291015625,28372400,0.0,0.0,GOOGL
2025-03-13 00:00:00-04:00,166.0399932861328,166.1300048828125,162.11000061035156,162.75999450683594,161.99664306640625,31756200,0.0,0.0,GOOGL
2025-03-14 00:00:00-04:00,163.27000427246094,166.49000549316406,162.4499969482422,165.49000549316406,164.71383666992188,31995900,0.0,0.0,GOOGL
2025-03-17 00:00:00-04:00,165.02999877929688,166.3000030517578,163.6699981689453,164.2899932861328,163.51943969726562,31184300,0.0,0.0,GOOGL
2025-03-18 00:00:00-04:00,163.67999267578125,164.25,156.72000122070312,160.6699981689453,159.91644287109375,42074800,0.0,0.0,GOOGL
2025-03-19 00:00:00-04:00,161.75999450683594,165.8699951171875,161.0,163.88999938964844,163.121337890625,34275600,0.0,0.0,GOOGL
2025-03-20 00:00:00-04:00,161.57000732421875,164.88999938964844,160.9600067138672,162.8000030517578,162.03646850585938,28138500,0.0,0.0,GOOGL
2025-03-21 00:00:00-04:00,161.2100067138672,164.24000549316406,160.88999938964844,163.99000549316406,163.22088623046875,36625800,0.0,0.0,GOOGL
2025-03-24 00:00:00-04:00,167.07000732421875,168.32000732421875,165.13999938964844,167.67999267578125,166.89356994628906,30879100,0.0,0.0,GOOGL
2025-03-25 00:00:00-04:00,168.97999572753906,170.6300048828125,168.32000732421875,170.55999755859375,169.76007080078125,24174400,0.0,0.0,GOOGL
2025-03-26 00:00:00-04:00,169.0,169.61000061035156,164.83999633789062,165.05999755859375,164.28582763671875,28901600,0.0,0.0,GOOGL
2025-03-27 00:00:00-04:00,164.6300048828125,165.4199981689453,162.0,162.24000549316406,161.47906494140625,24508300,0.0,0.0,GOOGL
2025-03-28 00:00:00-04:00,160.49000549316406,161.82000732421875,153.6300048828125,154.3300018310547,153.60617065429688,48669300,0.0,0.0,GOOGL
2025-03-31 00:00:00-04:00,153.11000061035156,155.5399932861328,150.66000366210938,154.63999938964844,153.91473388671875,54603500,0.0,0.0,GOOGL
2025-04-01 00:00:00-04:00,153.6199951171875,158.10000610351562,153.6199951171875,157.07000732421875,156.33335876464844,30672900,0.0,0.0,GOOGL
2025-04-02 00:00:00-04:00,155.14999389648438,158.41000366210938,154.6999969482422,157.0399932861328,156.30345153808594,25041700,0.0,0.0,GOOGL
2025-04-03 00:00:00-04:00,151.11000061035156,152.77999877929688,150.38999938964844,150.72000122070312,150.01312255859375,46883400,0.0,0.0,GOOGL
2025-04-04 00:00:00-04:00,148.00999450683594,151.07000732421875,145.3800048828125,145.60000610351562,144.91714477539062,62259500,0.0,0.0,GOOGL
2025-04-07 00:00:00-04:00,141.5500030517578,152.85000610351562,140.52999877929688,146.75,146.0617218017578,76794100,0.0,0.0,GOOGL
2025-04-08 00:00:00-04:00,151.22000122070312,152.24000549316406,143.02999877929688,144.6999969482422,144.0213165283203,52200200,0.0,0.0,GOOGL
2025-04-09 00:00:00-04:00,144.4199981689453,159.5500030517578,143.91000366210938,158.7100067138672,157.96563720703125,70406200,0.0,0.0,GOOGL
2025-04-10 00:00:00-04:00,156.5399932861328,157.72000122070312,149.92999267578125,152.82000732421875,152.103271484375,48022000,0.0,0.0,GOOGL
2025-04-11 00:00:00-04:00,152.89999389648438,157.6699981689453,152.82000732421875,157.13999938964844,156.4029998779297,33636200,0.0,0.0,GOOGL
2025-04-14 00:00:00-04:00,160.0,161.72000122070312,157.55999755859375,159.07000732421875,158.32395935058594,30333000,0.0,0.0,GOOGL
2025-04-15 00:00:00-04:00,159.1300048828125,159.64999389648438,155.2100067138672,156.30999755859375,155.57688903808594,27551500,0.0,0.0,GOOGL
2025-04-16 00:00:00-04:00,153.10000610351562,155.88999938964844,151.50999450683594,153.3300018310547,152.61087036132812,28187400,0.0,0.0,GOOGL
2025-04-17 00:00:00-04:00,154.2899932861328,154.67999267578125,148.5,151.16000366210938,150.4510498046875,33046600,0.0,0.0,GOOGL
2025-04-21 00:00:00-04:00,148.8800048828125,148.9499969482422,146.10000610351562,147.6699981689453,146.9774169921875,26049100,0.0,0.0,GOOGL
2025-04-22 00:00:00-04:00,148.88999938964844,152.19000244140625,148.5399932861328,151.47000122070312,150.7595672607422,26971800,0.0,0.0,GOOGL
2025-04-23 00:00:00-04:00,155.61000061035156,157.52999877929688,153.80999755859375,155.35000610351562,154.62139892578125,31128800,0.0,0.0,GOOGL
2025-04-24 00:00:00-04:00,156.14999389648438,159.58999633789062,155.7899932861328,159.27999877929688,158.532958984375,45894000,0.0,0.0,GOOGL
2025-04-25 00:00:00-04:00,165.07000732421875,166.10000610351562,161.0399932861328,161.9600067138672,161.20037841796875,56034000,0.0,0.0,GOOGL
2025-04-28 00:00:00-04:00,162.42999267578125,163.14999389648438,158.60000610351562,160.61000061035156,159.85671997070312,29745800,0.0,0.0,GOOGL
2025-04-29 00:00:00-04:00,160.32000732421875,160.74000549316406,157.52000427246094,160.16000366210938,159.40882873535156,26809000,0.0,0.0,GOOGL
2025-04-30 00:00:00-04:00,157.97999572753906,159.27000427246094,155.39999389648438,158.8000030517578,158.0552215576172,34981100,0.0,0.0,GOOGL
2025-05-01 00:00:00-04:00,160.4499969482422,161.9499969482422,158.91000366210938,161.3000030517578,160.54348754882812,30203200,0.0,0.0,GOOGL
2025-05-02 00:00:00-04:00,163.41000366210938,164.97000122070312,161.8699951171875,164.02999877929688,163.2606658935547,25715000,0.0,0.0,GOOGL
2025-05-05 00:00:00-04:00,163.0,165.38999938964844,162.72000122070312,164.2100067138672,163.43983459472656,21341800,0.0,0.0,GOOGL
2025-05-06 00:00:00-04:00,162.1699981689453,164.8000030517578,161.19000244140625,163.22999572753906,162.4644317626953,21277200,0.0,0.0,GOOGL
2025-05-07 00:00:00-04:00,164.0800018310547,165.0,147.83999633789062,151.3800048828125,150.6699981689453,127490100,0.0,0.0,GOOGL
2025-05-08 00:00:00-04:00,155.0,155.92999267578125,152.89999389648438,154.27999877929688,153.556396484375,57498700,0.0,0.0,GOOGL
2025-05-09 00:00:00-04:00,154.1699981689453,155.0500030517578,152.1999969482422,152.75,152.03358459472656,32435300,0.0,0.0,GOOGL
2025-05-12 00:00:00-04:00,157.49000549316406,159.10000610351562,156.25,158.4600067138672,157.716796875,44138800,0.0,0.0,GOOGL
2025-05-13 00:00:00-04:00,158.7899932861328,160.57000732421875,156.16000366210938,159.52999877929688,158.78176879882812,42382100,0.0,0.0,GOOGL
2025-05-14 00:00:00-04:00,159.9600067138672,167.0,159.61000061035156,165.3699951171875,164.59439086914062,48755900,0.0,0.0,GOOGL
2025-05-15 00:00:00-04:00,165.83999633789062,166.2100067138672,162.3699951171875,163.9600067138672,163.19100952148438,33146700,0.0,0.0,GOOGL
2025-05-16 00:00:00-04:00,167.72999572753906,169.35000610351562,165.6199951171875,166.19000244140625,165.41053771972656,42846900,0.0,0.0,GOOGL
2025-05-19 00:00:00-04:00,164.50999450683594,166.63999938964844,164.22000122070312,166.5399932861328,165.75889587402344,30426100,0.0,0.0,GOOGL
2025-05-20 00:00:00-04:00,166.42999267578125,168.5,162.89999389648438,163.97999572753906,163.2108917236328,46607700,0.0,0.0,GOOGL
2025-05-21 00:00:00-04:00,163.69000244140625,173.13999938964844,163.55999755859375,168.55999755859375,167.76942443847656,73416000,0.0,0.0,GOOGL
2025-05-22 00:00:00-04:00,171.85000610351562,176.77000427246094,170.7100067138672,170.8699951171875,170.06858825683594,74864400,0.0,0.0,GOOGL
2025-05-23 00:00:00-04:00,169.05999755859375,169.9600067138672,167.88999938964844,168.47000122070312,167.6798553466797,35211400,0.0,0.0,GOOGL
2025-05-27 00:00:00-04:00,170.16000366210938,173.1699981689453,170.0,172.89999389648438,172.08909606933594,37995700,0.0,0.0,GOOGL
2025-05-28 00:00:00-04:00,173.16000366210938,175.27000427246094,171.91000366210938,172.36000061035156,171.55162048339844,34784000,0.0,0.0,GOOGL
2025-05-29 00:00:00-04:00,174.0,174.4199981689453,170.6300048828125,171.86000061035156,171.053955078125,29317300,0.0,0.0,GOOGL
2025-05-30 00:00:00-04:00,171.35000610351562,172.2100067138672,167.44000244140625,171.74000549316406,170.9345245361328,52639900,0.0,0.0,GOOGL
2025-06-02 00:00:00-04:00,167.83999633789062,169.8699951171875,167.38999938964844,169.02999877929688,168.23721313476562,38612300,0.0,0.0,GOOGL
2025-06-03 00:00:00-04:00,167.49000549316406,168.47999572753906,165.27999877929688,166.17999267578125,165.4005889892578,45084900,0.0,0.0,GOOGL
2025-06-04 00:00:00-04:00,166.74000549316406,168.22000122070312,166.36000061035156,168.0500030517578,167.26182556152344,26900800,0.0,0.0,GOOGL
2025-06-05 00:00:00-04:00,170.33999633789062,170.92999267578125,167.58999633789062,168.2100067138672,167.42108154296875,36379100,0.0,0.0,GOOGL
2025-06-06 00:00:00-04:00,170.8300018310547,174.5,170.8300018310547,173.67999267578125,172.86541748046875,35731800,0.0,0.0,GOOGL
2025-06-09 00:00:00-04:00,174.5399932861328,176.47000122070312,174.3699951171875,176.08999633789062,175.47628784179688,28935900,0.21,0.0,GOOGL
2025-06-10 00:00:00-04:00,176.1999969482422,181.11000061035156,174.91000366210938,178.60000610351562,177.97755432128906,61766100,0.0,0.0,GOOGL
2025-06-11 00:00:00-04:00,179.77000427246094,180.3699951171875,176.75,177.35000610351562,176.73191833496094,31646800,0.0,0.0,GOOGL
2025-06-12 00:00:00-04:00,176.17999267578125,176.72000122070312,174.75,175.6999969482422,175.087646484375,20941900,0.0,0.0,GOOGL
2025-06-13 00:00:00-04:00,172.44000244140625,177.1300048828125,172.38999938964844,174.6699981689453,174.0612335205078,27663100,0.0,0.0,GOOGL
2025-06-16 00:00:00-04:00,174.72999572753906,176.94000244140625,174.64999389648438,176.77000427246094,176.1539306640625,27389200,0.0,0.0,GOOGL
2025-06-17 00:00:00-04:00,175.6999969482422,177.36000061035156,174.5800018310547,175.9499969482422,175.33676147460938,24973000,0.0,0.0,GOOGL
2025-06-18 00:00:00-04:00,176.00999450683594,176.55999755859375,173.1999969482422,173.32000732421875,172.71595764160156,28707500,0.0,0.0,GOOGL
2025-06-20 00:00:00-04:00,173.9499969482422,174.33999633789062,165.4600067138672,166.63999938964844,166.05921936035156,75659900,0.0,0.0,GOOGL
2025-06-23 00:00:00-04:00,166.27000427246094,167.33999633789062,162.0,165.19000244140625,164.6142578125,57671000,0.0,0.0,GOOGL
2025-06-24 00:00:00-04:00,166.9199981689453,168.22000122070312,166.1300048828125,166.77000427246094,166.18878173828125,40524300,0.0,0.0,GOOGL
2025-06-25 00:00:00-04:00,167.6300048828125,172.36000061035156,167.5500030517578,170.67999267578125,170.08514404296875,35479000,0.0,0.0,GOOGL
2025-06-26 00:00:00-04:00,172.42999267578125,173.69000244140625,169.94000244140625,173.5399932861328,172.9351806640625,31796700,0.0,0.0,GOOGL
2025-06-27 00:00:00-04:00,173.5399932861328,178.67999267578125,171.72999572753906,178.52999877929688,177.9077911376953,108140200,0.0,0.0,GOOGL
2025-06-30 00:00:00-04:00,180.77999877929688,181.22999572753906,174.5800018310547,176.22999572753906,175.61581420898438,63378900,0.0,0.0,GOOGL
2025-07-01 00:00:00-04:00,175.74000549316406,176.08999633789062,173.52999877929688,175.83999633789062,175.2271728515625,35904500,0.0,0.0,GOOGL
2025-07-02 00:00:00-04:00,175.5399932861328,178.86000061035156,175.07000732421875,178.63999938964844,178.01739501953125,29128900,0.0,0.0,GOOGL
2025-07-03 00:00:00-04:00,178.5,179.6699981689453,177.0500030517578,179.52999877929688,178.90431213378906,21689700,0.0,0.0,GOOGL
2025-07-07 00:00:00-04:00,179.05999755859375,179.3000030517578,175.67999267578125,176.7899932861328,176.17385864257812,34175600,0.0,0.0,GOOGL
2025-07-08 00:00:00-04:00,177.85000610351562,177.9499969482422,172.80999755859375,174.36000061035156,173.75233459472656,40442500,0.0,0.0,GOOGL
2025-07-09 00:00:00-04:00,175.25,179.44000244140625,172.77000427246094,176.6199951171875,176.0044403076172,43025600,0.0,0.0,GOOGL
2025-07-10 00:00:00-04:00,175.6300048828125,178.42999267578125,174.3800048828125,177.6199951171875,177.00094604492188,29252400,0.0,0.0,GOOGL
2025-07-11 00:00:00-04:00,176.7899932861328,181.42999267578125,176.47999572753906,180.19000244140625,179.56201171875,34282900,0.0,0.0,GOOGL
2025-07-14 00:00:00-04:00,181.00999450683594,183.6699981689453,179.67999267578125,181.55999755859375,180.92723083496094,32536600,0.0,0.0,GOOGL
2025-07-15 00:00:00-04:00,182.80999755859375,184.22000122070312,181.60000610351562,182.0,181.36569213867188,33448300,0.0,0.0,GOOGL
2025-07-16 00:00:00-04:00,183.24000549316406,184.3300018310547,182.02999877929688,182.97000122070312,182.3323211669922,33104200,0.0,0.0,GOOGL
2025-07-17 00:00:00-04:00,182.13999938964844,184.05999755859375,180.47999572753906,183.5800018310547,182.94020080566406,31992600,0.0,0.0,GOOGL
2025-07-18 00:00:00-04:00,185.39999389648438,186.4199981689453,183.7100067138672,185.05999755859375,184.41502380371094,34014500,0.0,0.0,GOOGL
2025-07-21 00:00:00-04:00,186.25,190.2899932861328,186.14999389648438,190.10000610351562,189.43746948242188,45803100,0.0,0.0,GOOGL
2025-07-22 00:00:00-04:00,191.5,191.64999389648438,187.4600067138672,191.33999633789062,190.67315673828125,44660200,0.0,0.0,GOOGL
2025-07-23 00:00:00-04:00,191.5,192.52999877929688,189.17999267578125,190.22999572753906,189.56700134277344,58681900,0.0,0.0,GOOGL
2025-07-24 00:00:00-04:00,197.02999877929688,197.9499969482422,191.0,192.1699981689453,191.500244140625,74881700,0.0,0.0,GOOGL
2025-07-25 00:00:00-04:00,191.97999572753906,194.3300018310547,191.25999450683594,193.17999267578125,192.5067138671875,39785900,0.0,0.0,GOOGL
2025-07-28 00:00:00-04:00,193.64999389648438,194.0500030517578,190.83999633789062,192.5800018310547,191.90882873535156,38139500,0.0,0.0,GOOGL
2025-07-29 00:00:00-04:00,192.42999267578125,195.9199981689453,192.0800018310547,195.75,195.06776428222656,41389200,0.0,0.0,GOOGL
2025-07-30 00:00:00-04:00,195.60000610351562,197.60000610351562,194.69000244140625,196.52999877929688,195.84507751464844,32445400,0.0,0.0,GOOGL
2025-07-31 00:00:00-04:00,195.7100067138672,195.99000549316406,191.08999633789062,191.89999389648438,191.23118591308594,51329200,0.0,0.0,GOOGL
2025-08-01 00:00:00-04:00,189.02999877929688,190.8300018310547,187.82000732421875,189.1300048828125,188.47085571289062,34832200,0.0,0.0,GOOGL
2025-08-04 00:00:00-04:00,190.2899932861328,195.27000427246094,190.1199951171875,195.0399932861328,194.3602294921875,31547400,0.0,0.0,GOOGL
2025-08-05 00:00:00-04:00,194.7100067138672,197.86000061035156,193.88999938964844,194.6699981689453,193.9915313720703,31602300,0.0,0.0,GOOGL
2025-08-06 00:00:00-04:00,194.5,196.6300048828125,193.6699981689453,196.08999633789062,195.4065704345703,21562900,0.0,0.0,GOOGL
2025-08-07 00:00:00-04:00,197.05999755859375,197.5399932861328,194.3300018310547,196.52000427246094,195.8350830078125,26321800,0.0,0.0,GOOGL
2025-08-08 00:00:00-04:00,197.22000122070312,202.61000061035156,197.1699981689453,201.4199981689453,200.71800231933594,39161800,0.0,0.0,GOOGL
2025-08-11 00:00:00-04:00,200.94000244140625,201.47999572753906,199.07000732421875,201.0,200.29946899414062,25832400,0.0,0.0,GOOGL
2025-08-12 00:00:00-04:00,201.3699951171875,204.5,200.58999633789062,203.33999633789062,202.63133239746094,30397900,0.0,0.0,GOOGL
2025-08-13 00:00:00-04:00,204.1300048828125,204.52999877929688,197.50999450683594,201.9600067138672,201.25613403320312,28342900,0.0,0.0,GOOGL
2025-08-14 00:00:00-04:00,201.5,204.44000244140625,201.22999572753906,202.94000244140625,202.23269653320312,25230400,0.0,0.0,GOOGL
2025-08-15 00:00:00-04:00,203.85000610351562,206.44000244140625,201.27999877929688,203.89999389648438,203.18936157226562,34931400,0.0,0.0,GOOGL
2025-08-18 00:00:00-04:00,204.1999969482422,205.27000427246094,202.49000549316406,203.5,202.79074096679688,18526600,0.0,0.0,GOOGL
2025-08-19 00:00:00-04:00,203.02999877929688,203.44000244140625,199.9600067138672,201.57000732421875,200.86749267578125,24240200,0.0,0.0,GOOGL
2025-08-20 00:00:00-04:00,200.72999572753906,201.27999877929688,196.60000610351562,199.32000732421875,198.62533569335938,28955500,0.0,0.0,GOOGL
2025-08-21 00:00:00-04:00,199.75,202.47999572753906,199.42999267578125,199.75,199.05381774902344,19774600,0.0,0.0,GOOGL
2025-08-22 00:00:00-04:00,202.72999572753906,208.5399932861328,201.3000030517578,206.08999633789062,205.37173461914062,42827000,0.0,0.0,GOOGL
2025-08-25 00:00:00-04:00,206.42999267578125,210.52000427246094,205.27999877929688,208.49000549316406,207.76336669921875,29928900,0.0,0.0,GOOGL
2025-08-26 00:00:00-04:00,207.50999450683594,207.85000610351562,205.6999969482422,207.13999938964844,206.4180908203125,28464100,0.0,0.0,GOOGL
2025-08-27 00:00:00-04:00,205.6999969482422,208.91000366210938,205.64999389648438,207.47999572753906,206.75689697265625,23022900,0.0,0.0,GOOGL
2025-08-28 00:00:00-04:00,207.25,212.22000122070312,206.89999389648438,211.63999938964844,210.9023895263672,32339300,0.0,0.0,GOOGL
2025-08-29 00:00:00-04:00,210.50999450683594,214.64999389648438,210.1999969482422,212.91000366210938,212.16798400878906,39728400,0.0,0.0,GOOGL
2025-09-02 00:00:00-04:00,208.44000244140625,211.67999267578125,206.1999969482422,211.35000610351562,210.61341857910156,47523000,0.0,0.0,GOOGL
2025-09-03 00:00:00-04:00,226.2100067138672,231.30999755859375,224.7899932861328,230.66000366210938,229.85610961914062,103336100,0.0,0.0,GOOGL
2025-09-04 00:00:00-04:00,229.64999389648438,232.3699951171875,226.11000061035156,232.3000030517578,231.4904022216797,51684200,0.0,0.0,GOOGL
2025-09-05 00:00:00-04:00,232.1999969482422,235.75999450683594,231.89999389648438,235.0,234.1809844970703,46588900,0.0,0.0,GOOGL
2025-09-08 00:00:00-04:00,235.47000122070312,238.1300048828125,233.6699981689453,234.0399932861328,233.43292236328125,32474700,0.21,0.0,GOOGL
2025-09-09 00:00:00-04:00,234.1699981689453,240.47000122070312,233.22999572753906,239.6300048828125,239.00843811035156,38061000,0.0,0.0,GOOGL
2025-09-10 00:00:00-04:00,238.89999389648438,241.66000366210938,237.85000610351562,239.1699981689453,238.5496063232422,35141100,0.0,0.0,GOOGL
2025-09-11 00:00:00-04:00,239.8800048828125,242.25,236.25,240.3699951171875,239.7465057373047,30599300,0.0,0.0,GOOGL
2025-09-12 00:00:00-04:00,240.3699951171875,242.0800018310547,238.0,240.8000030517578,240.17539978027344,26771600,0.0,0.0,GOOGL
2025-09-15 00:00:00-04:00,244.66000366210938,252.41000366210938,244.66000366210938,251.61000061035156,250.95733642578125,58383800,0.0,0.0,GOOGL
2025-09-16 00:00:00-04:00,252.0800018310547,253.0399932861328,249.47000122070312,251.16000366210938,250.5084991455078,34109700,0.0,0.0,GOOGL
2025-09-17 00:00:00-04:00,251.22000122070312,251.60000610351562,246.27999877929688,249.52999877929688,248.8827362060547,34108000,0.0,0.0,GOOGL
2025-09-18 00:00:00-04:00,251.67999267578125,253.99000549316406,249.8000030517578,252.02999877929688,251.37625122070312,31239500,0.0,0.0,GOOGL
2025-09-19 00:00:00-04:00,253.25,256.0,251.80999755859375,254.72000122070312,254.0592803955078,55571400,0.0,0.0,GOOGL
2025-09-22 00:00:00-04:00,254.42999267578125,255.77999877929688,250.3000030517578,252.52999877929688,251.87496948242188,32290500,0.0,0.0,GOOGL
2025-09-23 00:00:00-04:00,253.0399932861328,254.36000061035156,250.47999572753906,251.66000366210938,251.00721740722656,26628000,0.0,0.0,GOOGL
2025-09-24 00:00:00-04:00,251.66000366210938,252.35000610351562,246.44000244140625,247.13999938964844,246.49891662597656,28201000,0.0,0.0,GOOGL
2025-09-25 00:00:00-04:00,244.39999389648438,246.49000549316406,240.74000549316406,245.7899932861328,245.15243530273438,31020400,0.0,0.0,GOOGL
2025-09-26 00:00:00-04:00,247.07000732421875,249.4199981689453,245.97000122070312,246.5399932861328,245.90049743652344,18503200,0.0,0.0,GOOGL
2025-09-29 00:00:00-04:00,247.85000610351562,251.14999389648438,242.77000427246094,244.0500030517578,243.41696166992188,32505800,0.0,0.0,GOOGL
2025-09-30 00:00:00-04:00,242.80999755859375,243.2899932861328,239.25,243.10000610351562,242.46942138671875,34724300,0.0,0.0,GOOGL
2025-10-01 00:00:00-04:00,240.75,246.3000030517578,238.61000061035156,244.89999389648438,244.26473999023438,31658200,0.0,0.0,GOOGL
2025-10-02 00:00:00-04:00,245.14999389648438,246.80999755859375,242.3000030517578,245.69000244140625,245.0526885986328,25483300,0.0,0.0,GOOGL
2025-10-03 00:00:00-04:00,244.49000549316406,246.3000030517578,241.66000366210938,245.35000610351562,244.71359252929688,30249600,0.0,0.0,GOOGL
2025-10-06 00:00:00-04:00,244.77999877929688,251.32000732421875,244.5800018310547,250.42999267578125,249.78041076660156,28894700,0.0,0.0,GOOGL
2025-10-07 00:00:00-04:00,248.27000427246094,250.44000244140625,245.52000427246094,245.75999450683594,245.12249755859375,23181300,0.0,0.0,GOOGL
2025-10-08 00:00:00-04:00,244.9600067138672,246.00999450683594,243.82000732421875,244.6199951171875,243.9854736328125,21307100,0.0,0.0,GOOGL
2025-10-09 00:00:00-04:00,244.47000122070312,244.75999450683594,239.14999389648438,241.52999877929688,240.9034881591797,27892100,0.0,0.0,GOOGL
2025-10-10 00:00:00-04:00,241.42999267578125,244.08999633789062,235.83999633789062,236.57000732421875,235.9563751220703,33180300,0.0,0.0,GOOGL
2025-10-13 00:00:00-04:00,240.2100067138672,244.5,239.7100067138672,244.14999389648438,243.5166778564453,24995000,0.0,0.0,GOOGL
2025-10-14 00:00:00-04:00,241.22999572753906,247.1199951171875,240.50999450683594,245.4499969482422,244.8133087158203,22111600,0.0,0.0,GOOGL
2025-10-15 00:00:00-04:00,247.25,252.11000061035156,245.99000549316406,251.02999877929688,250.37884521484375,27007700,0.0,0.0,GOOGL
2025-10-16 00:00:00-04:00,251.77000427246094,256.9599914550781,250.10000610351562,251.4600067138672,250.8077392578125,27997200,0.0,0.0,GOOGL
2025-10-17 00:00:00-04:00,250.75999450683594,254.22000122070312,247.80999755859375,253.3000030517578,252.64295959472656,29671600,0.0,0.0,GOOGL
2025-10-20 00:00:00-04:00,254.69000244140625,257.3299865722656,254.22999572753906,256.54998779296875,255.88450622558594,22350200,0.0,0.0,GOOGL
2025-10-21 00:00:00-04:00,254.74000549316406,254.8800048828125,244.14999389648438,250.4600067138672,249.81033325195312,47312100,0.0,0.0,GOOGL
2025-10-22 00:00:00-04:00,254.3699951171875,256.3599853515625,249.2899932861328,251.69000244140625,251.0371551513672,35029400,0.0,0.0,GOOGL
2025-10-23 00:00:00-04:00,252.97999572753906,255.0399932861328,251.85000610351562,253.0800018310547,252.4235382080078,19901400,0.0,0.0,GOOGL
2025-10-24 00:00:00-04:00,256.5799865722656,261.67999267578125,255.32000732421875,259.9200134277344,259.2458190917969,28655100,0.0,0.0,GOOGL
2025-10-27 00:00:00-04:00,264.82000732421875,270.1400146484375,264.2799987792969,269.2699890136719,268.571533203125,35235200,0.0,0.0,GOOGL
2025-10-28 00:00:00-04:00,269.69000244140625,270.7300109863281,266.5,267.4700012207031,266.7762145996094,29738600,0.0,0.0,GOOGL
2025-10-29 00:00:00-04:00,267.75,275.3399963378906,267.6700134277344,274.57000732421875,273.8577880859375,43580300,0.0,0.0,GOOGL
2025-10-30 00:00:00-04:00,291.5899963378906,291.5899963378906,280.05999755859375,281.4800109863281,280.7499084472656,74876000,0.0,0.0,GOOGL
2025-10-31 00:00:00-04:00,283.2099914550781,286.0,277.0299987792969,281.19000244140625,280.46063232421875,39267900,0.0,0.0,GOOGL
2025-11-03 00:00:00-05:00,282.17999267578125,285.5299987792969,279.79998779296875,283.7200012207031,282.98406982421875,29786000,0.0,0.0,GOOGL
2025-11-04 00:00:00-05:00,276.75,281.2699890136719,276.260009765625,277.5400085449219,276.8200988769531,30078400,0.0,0.0,GOOGL
2025-11-05 00:00:00-05:00,278.8699951171875,286.4200134277344,277.3399963378906,284.30999755859375,283.572509765625,31010300,0.0,0.0,GOOGL
2025-11-06 00:00:00-05:00,285.3299865722656,288.3500061035156,281.1400146484375,284.75,284.0113830566406,37173600,0.0,0.0,GOOGL
2025-11-07 00:00:00-05:00,283.2099914550781,283.7799987792969,275.19000244140625,278.8299865722656,278.1067199707031,34479600,0.0,0.0,GOOGL
2025-11-10 00:00:00-05:00,284.4200134277344,290.79998779296875,282.8599853515625,290.1000061035156,289.3475036621094,29557300,0.0,0.0,GOOGL
2025-11-11 00:00:00-05:00,287.75,291.9200134277344,287.32000732421875,291.30999755859375,290.5543518066406,19842100,0.0,0.0,GOOGL
2025-11-12 00:00:00-05:00,291.67999267578125,292.010009765625,283.69000244140625,286.7099914550781,285.96630859375,24829900,0.0,0.0,GOOGL
2025-11-13 00:00:00-05:00,282.3399963378906,282.8399963378906,277.239990234375,278.57000732421875,277.8474426269531,29494000,0.0,0.0,GOOGL
2025-11-14 00:00:00-05:00,271.4100036621094,278.55999755859375,270.70001220703125,276.4100036621094,275.6930236816406,31647200,0.0,0.0,GOOGL
2025-11-17 00:00:00-05:00,285.7799987792969,293.95001220703125,283.57000732421875,285.0199890136719,284.2806701660156,52670200,0.0,0.0,GOOGL
2025-11-18 00:00:00-05:00,287.9200134277344,288.79998779296875,278.20001220703125,284.2799987792969,283.5426025390625,49158700,0.0,0.0,GOOGL
2025-11-19 00:00:00-05:00,287.1600036621094,303.80999755859375,286.6300048828125,292.80999755859375,292.0505065917969,68198900,0.0,0.0,GOOGL
2025-11-20 00:00:00-05:00,304.5400085449219,306.4200134277344,288.6700134277344,289.45001220703125,288.6991882324219,62025200,0.0,0.0,GOOGL
2025-11-21 00:00:00-05:00,296.4200134277344,303.9200134277344,293.8500061035156,299.6600036621094,298.88275146484375,74137700,0.0,0.0,GOOGL
2025-11-24 00:00:00-05:00,311.1300048828125,319.4800109863281,309.6000061035156,318.5799865722656,317.75360107421875,85165100,0.0,0.0,GOOGL
2025-11-25 00:00:00-05:00,326.2099914550781,328.8299865722656,317.6499938964844,323.44000244140625,322.60101318359375,88632100,0.0,0.0,GOOGL
2025-11-26 00:00:00-05:00,320.67999267578125,324.5,316.7900085449219,319.95001220703125,319.1201171875,51373400,0.0,0.0,GOOGL
2025-11-28 00:00:00-05:00,323.3699951171875,326.8500061035156,316.7900085449219,320.17999267578125,319.3495178222656,26018600,0.0,0.0,GOOGL
2025-12-01 00:00:00-05:00,317.70001220703125,319.8500061035156,313.8900146484375,314.8900146484375,314.0732421875,41183000,0.0,0.0,GOOGL
2025-12-02 00:00:00-05:00,316.739990234375,318.3800048828125,313.9100036621094,315.80999755859375,314.9908142089844,35854700,0.0,0.0,GOOGL
2025-12-03 00:00:00-05:00,315.8900146484375,321.5799865722656,314.1000061035156,319.6300048828125,318.8008728027344,41838300,0.0,0.0,GOOGL
2025-12-04 00:00:00-05:00,322.2300109863281,322.3599853515625,314.70001220703125,317.6199951171875,316.796142578125,31240900,0.0,0.0,GOOGL
2025-12-05 00:00:00-05:00,319.489990234375,323.1600036621094,319.1700134277344,321.2699890136719,320.4366149902344,28851700,0.0,0.0,GOOGL
2025-12-08 00:00:00-05:00,320.04998779296875,320.44000244140625,311.2200012207031,313.7200012207031,313.1109313964844,33909400,0.21,0.0,GOOGL
2025-12-09 00:00:00-05:00,312.3699951171875,317.989990234375,311.8999938964844,317.0799865722656,316.4643859863281,30194000,0.0,0.0,GOOGL
2025-12-10 00:00:00-05:00,315.8299865722656,321.30999755859375,314.67999267578125,320.2099914550781,319.58831787109375,33428900,0.0,0.0,GOOGL
2025-12-11 00:00:00-05:00,320.0799865722656,321.1199951171875,308.6000061035156,312.42999267578125,311.8233947753906,42353700,0.0,0.0,GOOGL
2025-12-12 00:00:00-05:00,313.70001220703125,314.8699951171875,305.55999755859375,309.2900085449219,308.68951416015625,35940200,0.0,0.0,GOOGL
2025-12-15 00:00:00-05:00,311.32000732421875,311.4200134277344,304.8800048828125,308.2200012207031,307.62158203125,29151900,0.0,0.0,GOOGL
2025-12-16 00:00:00-05:00,304.95001220703125,310.7699890136719,302.5899963378906,306.57000732421875,305.97479248046875,30585000,0.0,0.0,GOOGL
2025-12-17 00:00:00-05:00,308.010009765625,308.0899963378906,296.1199951171875,296.7200012207031,296.1439208984375,43930400,0.0,0.0,GOOGL
2025-12-18 00:00:00-05:00,301.7200012207031,303.9599914550781,299.2300109863281,302.4599914550781,301.8727722167969,33518000,0.0,0.0,GOOGL
2025-12-19 00:00:00-05:00,301.7300109863281,307.25,300.9700012207031,307.1600036621094,306.56365966796875,59943200,0.0,0.0,GOOGL
2025-12-22 00:00:00-05:00,309.8800048828125,310.1300048828125,305.29998779296875,309.7799987792969,309.1785583496094,26429900,0.0,0.0,GOOGL
2025-12-23 00:00:00-05:00,309.6300048828125,314.94000244140625,309.32000732421875,314.3500061035156,313.73968505859375,25478700,0.0,0.0,GOOGL
2025-12-24 00:00:00-05:00,314.7699890136719,315.0799865722656,311.9200134277344,314.0899963378906,313.4801940917969,10097400,0.0,0.0,GOOGL
2025-12-26 00:00:00-05:00,314.4800109863281,315.0899963378906,312.2799987792969,313.510009765625,312.9013366699219,10899000,0.0,0.0,GOOGL
2025-12-29 00:00:00-05:00,311.3699951171875,314.0199890136719,310.6199951171875,313.55999755859375,312.95123291015625,19621800,0.0,0.0,GOOGL
2025-12-30 00:00:00-05:00,312.5,316.95001220703125,312.4599914550781,313.8500061035156,313.24066162109375,17380900,0.0,0.0,GOOGL
2025-12-31 00:00:00-05:00,312.8500061035156,314.5799865722656,311.44000244140625,313.0,312.3923034667969,16377700,0.0,0.0,GOOGL
2026-01-02 00:00:00-05:00,316.8999938964844,322.5,310.3299865722656,315.1499938964844,314.53814697265625,32009400,0.0,0.0,GOOGL
2026-01-05 00:00:00-05:00,317.6600036621094,319.0199890136719,314.6300048828125,316.5400085449219,315.92547607421875,30195600,0.0,0.0,GOOGL
2026-01-06 00:00:00-05:00,316.3999938964844,320.94000244140625,311.7799987792969,314.3399963378906,313.7297058105469,31212100,0.0,0.0,GOOGL
2026-01-07 00:00:00-05:00,314.3599853515625,326.1499938964844,314.19000244140625,321.9800109863281,321.3548889160156,35104400,0.0,0.0,GOOGL
2026-01-08 00:00:00-05:00,328.9700012207031,330.32000732421875,321.5,325.44000244140625,324.80816650390625,31896100,0.0,0.0,GOOGL
2026-01-09 00:00:00-05:00,327.0899963378906,330.8299865722656,325.79998779296875,328.57000732421875,327.9320983886719,26214200,0.0,0.0,GOOGL
2026-01-12 00:00:00-05:00,325.79998779296875,334.0400085449219,325.0,331.8599853515625,331.2156677246094,33923900,0.0,0.0,GOOGL
2026-01-13 00:00:00-05:00,334.95001220703125,340.489990234375,333.6199951171875,335.9700012207031,335.3177185058594,33517600,0.0,0.0,GOOGL
2026-01-14 00:00:00-05:00,335.05999755859375,336.5199890136719,330.4800109863281,335.8399963378906,335.1879577636719,28525600,0.0,0.0,GOOGL
2026-01-15 00:00:00-05:00,337.6499938964844,337.69000244140625,330.739990234375,332.7799987792969,332.1338806152344,28442400,0.0,0.0,GOOGL
2026-01-16 00:00:00-05:00,334.4100036621094,334.6499938964844,327.70001220703125,330.0,329.35931396484375,40341600,0.0,0.0,GOOGL
2026-01-20 00:00:00-05:00,320.8699951171875,327.7300109863281,320.42999267578125,322.0,321.3748474121094,35361000,0.0,0.0,GOOGL
2026-01-21 00:00:00-05:00,320.9200134277344,332.4800109863281,319.3500061035156,328.3800048828125,327.7424621582031,35386600,0.0,0.0,GOOGL
2026-01-22 00:00:00-05:00,334.45001220703125,335.1499938964844,328.75,330.5400085449219,329.8982849121094,26253600,0.0,0.0,GOOGL
2026-01-23 00:00:00-05:00,332.489990234375,333.69000244140625,327.45001220703125,327.92999267578125,327.2933044433594,27280000,0.0,0.0,GOOGL
2026-01-26 00:00:00-05:00,327.80999755859375,335.8399963378906,327.0,333.260009765625,332.61297607421875,26042100,0.0,0.0,GOOGL
2026-01-27 00:00:00-05:00,335.3699951171875,337.9100036621094,333.4800109863281,334.54998779296875,333.90045166015625,21636200,0.0,0.0,GOOGL
2026-01-28 00:00:00-05:00,336.05999755859375,337.5400085449219,331.94000244140625,336.010009765625,335.357666015625,27434400,0.0,0.0,GOOGL
2026-01-29 00:00:00-05:00,340.29998779296875,342.2900085449219,326.5400085449219,338.25,337.59326171875,39785600,0.0,0.0,GOOGL
2026-01-30 00:00:00-05:00,340.0,340.0,332.2900085449219,338.0,337.3437805175781,31024000,0.0,0.0,GOOGL
2026-02-02 00:00:00-05:00,336.2200012207031,344.8299865722656,335.6300048828125,343.69000244140625,343.0227355957031,32006100,0.0,0.0,GOOGL
2026-02-03 00:00:00-05:00,347.3399963378906,349.0,337.4700012207031,339.7099914550781,339.0504455566406,36506700,0.0,0.0,GOOGL
2026-02-04 00:00:00-05:00,342.9599914550781,343.30999755859375,328.5199890136719,333.0400085449219,332.3934020996094,70618400,0.0,0.0,GOOGL
2026-02-05 00:00:00-05:00,312.2200012207031,332.69000244140625,306.4599914550781,331.25,330.60687255859375,88205800,0.0,0.0,GOOGL
2026-02-06 00:00:00-05:00,327.17999267578125,330.3800048828125,319.9200134277344,322.8599853515625,322.233154296875,56380500,0.0,0.0,GOOGL
2026-02-09 00:00:00-05:00,320.92999267578125,327.70001220703125,317.260009765625,324.32000732421875,323.6903381347656,39640100,0.0,0.0,GOOGL
2026-02-10 00:00:00-05:00,320.9700012207031,321.6700134277344,314.6099853515625,318.5799865722656,317.9614562988281,39170000,0.0,0.0,GOOGL
2026-02-11 00:00:00-05:00,318.9700012207031,321.05999755859375,309.6600036621094,310.9599914550781,310.35626220703125,45406400,0.0,0.0,GOOGL
2026-02-12 00:00:00-05:00,312.0899963378906,316.239990234375,307.20001220703125,309.0,308.4000549316406,47761300,0.0,0.0,GOOGL
2026-02-13 00:00:00-05:00,307.7300109863281,308.6300048828125,303.7099914550781,305.7200012207031,305.1264343261719,38499700,0.0,0.0,GOOGL
2026-02-17 00:00:00-05:00,300.0400085449219,304.44000244140625,296.25,302.0199890136719,301.43359375,39247600,0.0,0.0,GOOGL
2026-02-18 00:00:00-05:00,302.0899963378906,305.3800048828125,301.25,303.3299865722656,302.7410888671875,28482100,0.0,0.0,GOOGL
2026-02-19 00:00:00-05:00,301.82000732421875,305.4700012207031,300.0400085449219,302.8500061035156,302.26202392578125,25834400,0.0,0.0,GOOGL
2026-02-20 00:00:00-05:00,304.32000732421875,316.5,303.8999938964844,314.9800109863281,314.36846923828125,53210800,0.0,0.0,GOOGL
2026-02-23 00:00:00-05:00,319.04998779296875,319.5199890136719,309.8699951171875,311.489990234375,310.8852233886719,31423000,0.0,0.0,GOOGL
2026-02-24 00:00:00-05:00,310.5199890136719,312.2699890136719,305.92999267578125,310.8999938964844,310.29638671875,25615600,0.0,0.0,GOOGL
2026-02-25 00:00:00-05:00,312.05999755859375,313.6400146484375,309.44000244140625,312.8999938964844,312.29248046875,29963600,0.0,0.0,GOOGL
2026-02-26 00:00:00-05:00,312.6400146484375,313.1400146484375,302.3500061035156,307.3800048828125,306.7832336425781,36431200,0.0,0.0,GOOGL
2026-02-27 00:00:00-05:00,304.1400146484375,312.3699951171875,303.79998779296875,311.760009765625,311.15472412109375,44640600,0.0,0.0,GOOGL
2026-03-02 00:00:00-05:00,303.2300109863281,308.489990234375,301.29998779296875,306.5199890136719,305.9248962402344,34790200,0.0,0.0,GOOGL
2026-03-03 00:00:00-05:00,298.5899963378906,303.94000244140625,296.7099914550781,303.5799865722656,302.9905700683594,35497000,0.0,0.0,GOOGL
2026-03-04 00:00:00-05:00,302.8900146484375,305.4700012207031,300.75,303.1300048828125,302.54150390625,29536200,0.0,0.0,GOOGL
2026-03-05 00:00:00-05:00,303.0400085449219,303.29998779296875,297.989990234375,300.8800048828125,300.29583740234375,35752300,0.0,0.0,GOOGL
2026-03-06 00:00:00-05:00,296.0899963378906,300.5299987792969,295.17999267578125,298.5199890136719,297.9404296875,25576900,0.0,0.0,GOOGL
2026-03-09 00:00:00-04:00,294.3599853515625,306.79998779296875,294.0799865722656,306.3599853515625,305.98040771484375,29312100,0.21,0.0,GOOGL
2026-03-10 00:00:00-04:00,306.1700134277344,309.510009765625,305.57000732421875,307.0400085449219,306.65960693359375,23239700,0.0,0.0,GOOGL
2026-03-11 00:00:00-04:00,306.75,311.4200134277344,305.9200134277344,308.70001220703125,308.31756591796875,24125700,0.0,0.0,GOOGL
2026-03-12 00:00:00-04:00,306.82000732421875,308.94000244140625,301.0299987792969,303.54998779296875,303.17388916015625,24928300,0.0,0.0,GOOGL
2026-03-13 00:00:00-04:00,307.010009765625,307.69000244140625,300.44000244140625,302.2799987792969,301.9054870605469,23693100,0.0,0.0,GOOGL
2026-03-16 00:00:00-04:00,304.3500061035156,306.489990234375,303.0199890136719,305.55999755859375,305.1814270019531,23519700,0.0,0.0,GOOGL
2026-03-17 00:00:00-04:00,305.8599853515625,311.4200134277344,305.5,310.9200134277344,310.5347900390625,21955200,0.0,0.0,GOOGL
2026-03-18 00:00:00-04:00,309.2699890136719,312.4700012207031,306.92999267578125,307.69000244140625,307.30877685546875,20009800,0.0,0.0,GOOGL
2026-03-19 00:00:00-04:00,304.010009765625,308.05999755859375,302.3500061035156,307.1300048828125,306.7494812011719,25075800,0.0,0.0,GOOGL
2026-03-20 00:00:00-04:00,305.4599914550781,306.0,298.2699890136719,301.0,300.6270751953125,44364100,0.0,0.0,GOOGL
2026-03-23 00:00:00-04:00,302.1099853515625,305.9800109863281,300.92999267578125,302.05999755859375,301.685791015625,29326900,0.0,0.0,GOOGL
2026-03-24 00:00:00-04:00,299.20001220703125,299.9200134277344,290.3299865722656,290.44000244140625,290.0801696777344,36864300,0.0,0.0,GOOGL
2026-03-25 00:00:00-04:00,293.44000244140625,296.0,289.239990234375,290.92999267578125,290.5695495605469,29460700,0.0,0.0,GOOGL
2026-03-26 00:00:00-04:00,287.9100036621094,287.95001220703125,278.5,280.9200134277344,280.57196044921875,39080600,0.0,0.0,GOOGL
2026-03-27 00:00:00-04:00,277.2799987792969,279.3699951171875,273.95001220703125,274.3399963378906,274.0001220703125,35890600,0.0,0.0,GOOGL
2026-03-30 00:00:00-04:00,276.4200134277344,277.0899963378906,272.1099853515625,273.5,273.1611633300781,35141200,0.0,0.0,GOOGL
2026-03-31 00:00:00-04:00,278.0400085449219,288.0799865722656,277.0899963378906,287.55999755859375,287.2037353515625,43875400,0.0,0.0,GOOGL
2026-04-01 00:00:00-04:00,290.8399963378906,300.5199890136719,290.4100036621094,297.3900146484375,297.0215759277344,37684500,0.0,0.0,GOOGL
2026-04-02 00:00:00-04:00,290.69000244140625,298.0799865722656,289.45001220703125,295.7699890136719,295.403564453125,21666500,0.0,0.0,GOOGL
2026-04-06 00:00:00-04:00,295.8699951171875,300.6199951171875,295.17999267578125,299.989990234375,299.6183166503906,16945500,0.0,0.0,GOOGL
2026-04-07 00:00:00-04:00,302.7300109863281,305.6300048828125,297.7200012207031,305.4599914550781,305.08154296875,23205400,0.0,0.0,GOOGL
2026-04-08 00:00:00-04:00,320.45001220703125,322.0799865722656,315.0199890136719,317.32000732421875,316.9268798828125,33547100,0.0,0.0,GOOGL
2026-04-09 00:00:00-04:00,315.9100036621094,319.5400085449219,311.05999755859375,318.489990234375,318.09539794921875,23739200,0.0,0.0,GOOGL
2026-04-10 00:00:00-04:00,320.0199890136719,321.8299865722656,316.32000732421875,317.239990234375,316.8469543457031,19152600,0.0,0.0,GOOGL
2026-04-13 00:00:00-04:00,317.1400146484375,321.6300048828125,315.4700012207031,321.30999755859375,320.91192626953125,18866400,0.0,0.0,GOOGL
2026-04-14 00:00:00-04:00,324.7900085449219,333.2900085449219,323.75,332.9100036621094,332.49755859375,27721400,0.0,0.0,GOOGL
2026-04-15 00:00:00-04:00,332.8900146484375,337.4800109863281,330.8999938964844,337.1199951171875,336.70233154296875,24918800,0.0,0.0,GOOGL
2026-04-16 00:00:00-04:00,338.75,339.8800048828125,334.5199890136719,336.0199890136719,335.6036682128906,20541500,0.0,0.0,GOOGL
2026-04-17 00:00:00-04:00,337.6499938964844,342.32000732421875,336.239990234375,341.67999267578125,341.2566833496094,25581900,0.0,0.0,GOOGL
2026-04-20 00:00:00-04:00,340.760009765625,341.3999938964844,336.6099853515625,337.4200134277344,337.0019836425781,18784200,0.0,0.0,GOOGL
2026-04-21 00:00:00-04:00,337.69000244140625,339.3399963378906,331.3500061035156,332.2900085449219,331.8783264160156,23123800,0.0,0.0,GOOGL
2026-04-22 00:00:00-04:00,337.0199890136719,339.82000732421875,335.1700134277344,339.32000732421875,338.8996276855469,20293000,0.0,0.0,GOOGL
2026-04-23 00:00:00-04:00,341.17999267578125,341.9599914550781,336.17999267578125,338.8900146484375,338.47015380859375,18650300,0.0,0.0,GOOGL
2026-04-24 00:00:00-04:00,338.7300109863281,345.2699890136719,335.3900146484375,344.3999938964844,343.9732971191406,26426100,0.0,0.0,GOOGL
2026-04-27 00:00:00-04:00,345.9800109863281,353.17999267578125,342.7300109863281,350.3399963378906,349.90594482421875,28576900,0.0,0.0,GOOGL
2026-04-28 00:00:00-04:00,348.54998779296875,352.4200134277344,346.1199951171875,349.7799987792969,349.3466491699219,27824100,0.0,0.0,GOOGL
2026-04-29 00:00:00-04:00,347.57000732421875,355.7900085449219,344.2099914550781,349.94000244140625,349.5064697265625,35376300,0.0,0.0,GOOGL
2026-04-30 00:00:00-04:00,374.07000732421875,385.8399963378906,365.82000732421875,384.79998779296875,384.3232421875,72040000,0.0,0.0,GOOGL
2026-05-01 00:00:00-04:00,381.6300048828125,386.760009765625,379.04998779296875,385.69000244140625,385.2121887207031,30105200,0.0,0.0,GOOGL
2026-05-04 00:00:00-04:00,385.6300048828125,387.3800048828125,379.7900085449219,383.25,382.7751770019531,26298600,0.0,0.0,GOOGL
2026-05-05 00:00:00-04:00,386.2300109863281,392.82000732421875,384.0199890136719,388.42999267578125,387.9487609863281,23878600,0.0,0.0,GOOGL
2026-05-06 00:00:00-04:00,394.25,399.8500061035156,392.760009765625,398.0400085449219,397.546875,31308500,0.0,0.0,GOOGL
2026-05-07 00:00:00-04:00,399.9200134277344,400.1000061035156,392.67999267578125,397.989990234375,397.4969177246094,24433500,0.0,0.0,GOOGL
2026-05-08 00:00:00-04:00,397.0,402.0,396.3599853515625,400.79998779296875,400.3034362792969,21461800,0.0,0.0,GOOGL
2026-05-11 00:00:00-04:00,393.6499938964844,397.44000244140625,388.4700012207031,388.6400146484375,388.15850830078125,30753700,0.0,0.0,GOOGL
2026-05-12 00:00:00-04:00,387.3399963378906,388.5199890136719,382.7699890136719,387.3500061035156,386.8701171875,26017500,0.0,0.0,GOOGL
2026-05-13 00:00:00-04:00,385.6000061035156,403.70001220703125,385.0,402.6199951171875,402.1211853027344,28144600,0.0,0.0,GOOGL
2026-05-14 00:00:00-04:00,397.2799987792969,402.92999267578125,395.8399963378906,401.07000732421875,400.5731201171875,21136700,0.0,0.0,GOOGL
2026-05-15 00:00:00-04:00,396.32000732421875,399.5400085449219,393.17999267578125,396.7799987792969,396.2884216308594,20309700,0.0,0.0,GOOGL
2026-05-18 00:00:00-04:00,395.69000244140625,408.6099853515625,394.5299987792969,396.94000244140625,396.4482421875,26837200,0.0,0.0,GOOGL
2026-05-19 00:00:00-04:00,396.9599914550781,397.1499938964844,386.1099853515625,387.6600036621094,387.1797180175781,39545700,0.0,0.0,GOOGL
2026-05-20 00:00:00-04:00,387.70001220703125,393.8599853515625,382.8999938964844,388.9100036621094,388.4281921386719,31744400,0.0,0.0,GOOGL
2026-05-21 00:00:00-04:00,385.70001220703125,392.5,383.0199890136719,387.6600036621094,387.1797180175781,24852800,0.0,0.0,GOOGL
2026-05-22 00:00:00-04:00,387.3500061035156,388.739990234375,381.7699890136719,382.9700012207031,382.49554443359375,20442100,0.0,0.0,GOOGL
2026-05-26 00:00:00-04:00,384.510009765625,389.260009765625,382.6000061035156,388.8800048828125,388.398193359375,27747400,0.0,0.0,GOOGL
2026-05-27 00:00:00-04:00,386.6700134277344,393.8800048828125,385.8999938964844,388.8299865722656,388.3482360839844,23087300,0.0,0.0,GOOGL
2026-05-28 00:00:00-04:00,388.0,391.8699951171875,385.1600036621094,390.1300048828125,389.64666748046875,24357500,0.0,0.0,GOOGL
2026-05-29 00:00:00-04:00,385.239990234375,385.239990234375,378.4599914550781,380.3399963378906,379.8687744140625,44415800,0.0,0.0,GOOGL
2026-06-01 00:00:00-04:00,376.5199890136719,378.55999755859375,373.5199890136719,376.3699951171875,375.9037170410156,28672100,0.0,0.0,GOOGL
2026-06-02 00:00:00-04:00,366.5899963378906,373.5400085449219,358.44000244140625,361.8500061035156,361.4017028808594,50412300,0.0,0.0,GOOGL
2026-06-03 00:00:00-04:00,362.0299987792969,366.45001220703125,358.0799865722656,358.989990234375,358.54522705078125,55441600,0.0,0.0,GOOGL
2026-06-04 00:00:00-04:00,358.8999938964844,373.25,358.2099914550781,372.19000244140625,371.7289123535156,44055500,0.0,0.0,GOOGL
2026-06-05 00:00:00-04:00,366.3399963378906,372.0799865722656,364.1199951171875,368.5299987792969,368.07342529296875,37471200,0.0,0.0,GOOGL
2026-06-08 00:00:00-04:00,365.17999267578125,366.20001220703125,360.5299987792969,363.30999755859375,363.0766296386719,27942500,0.22,0.0,GOOGL
2026-06-09 00:00:00-04:00,367.0899963378906,372.0799865722656,357.29998779296875,364.260009765625,364.0260314941406,29535100,0.0,0.0,GOOGL
2026-06-10 00:00:00-04:00,363.19000244140625,368.55999755859375,355.20001220703125,356.3800048828125,356.1510925292969,32357100,0.0,0.0,GOOGL
2026-06-11 00:00:00-04:00,355.92999267578125,358.79998779296875,346.3599853515625,357.7699890136719,357.5401611328125,35538200,0.0,0.0,GOOGL
2026-06-12 00:00:00-04:00,362.6199951171875,366.57000732421875,354.94000244140625,359.67999267578125,359.4489440917969,24704600,0.0,0.0,GOOGL
2026-06-15 00:00:00-04:00,367.92999267578125,372.989990234375,366.54998779296875,369.3500061035156,369.1127624511719,27727500,0.0,0.0,GOOGL
2026-06-16 00:00:00-04:00,369.6000061035156,376.0,367.05999755859375,373.25,373.01025390625,24876100,0.0,0.0,GOOGL
2026-06-17 00:00:00-04:00,369.1300048828125,372.3299865722656,362.0199890136719,363.7900085449219,363.55633544921875,24543600,0.0,0.0,GOOGL
2026-06-18 00:00:00-04:00,365.75,369.4800109863281,358.6700134277344,368.0299987792969,367.7935791015625,44470100,0.0,0.0,GOOGL
2026-06-22 00:00:00-04:00,357.95001220703125,358.9200134277344,341.7200012207031,349.67999267578125,349.45538330078125,52814800,0.0,0.0,GOOGL
2026-06-23 00:00:00-04:00,340.69000244140625,349.2900085449219,340.20001220703125,346.1300048828125,345.90765380859375,34007700,0.0,0.0,GOOGL
2026-06-24 00:00:00-04:00,349.0400085449219,353.4800109863281,341.92999267578125,345.2900085449219,345.0682067871094,44997300,0.0,0.0,GOOGL
2026-06-25 00:00:00-04:00,336.7300109863281,345.57000732421875,335.8399963378906,343.7099914550781,343.48919677734375,44491400,0.0,0.0,GOOGL
2026-06-26 00:00:00-04:00,342.54998779296875,346.3599853515625,330.20001220703125,337.3900146484375,337.17327880859375,114706300,0.0,0.0,GOOGL
2026-06-29 00:00:00-04:00,341.8299865722656,354.3500061035156,340.6700134277344,353.6499938964844,353.4228210449219,34213900,0.0,0.0,GOOGL
2026-06-30 00:00:00-04:00,353.8699951171875,358.6199951171875,350.3999938964844,357.3699951171875,357.14044189453125,35237200,0.0,0.0,GOOGL
2026-07-01 00:00:00-04:00,358.3699951171875,362.9700012207031,356.42999267578125,361.2099914550781,360.97796630859375,26736400,0.0,0.0,GOOGL
2026-07-02 00:00:00-04:00,359.4800109863281,364.2099914550781,353.4200134277344,359.9100036621094,359.6788024902344,25974800,0.0,0.0,GOOGL
2026-07-06 00:00:00-04:00,361.54998779296875,367.92999267578125,357.3800048828125,366.4599914550781,366.2245788574219,26915800,0.0,0.0,GOOGL
2026-07-07 00:00:00-04:00,369.07000732421875,373.1600036621094,365.5,367.0299987792969,366.7942199707031,24045600,0.0,0.0,GOOGL
2026-07-08 00:00:00-04:00,364.760009765625,367.8399963378906,358.0199890136719,361.9200134277344,361.6875305175781,22094800,0.0,0.0,GOOGL
2026-07-09 00:00:00-04:00,354.30999755859375,359.6499938964844,351.0799865722656,358.8900146484375,358.65948486328125,24729100,0.0,0.0,GOOGL
2026-07-10 00:00:00-04:00,357.5299987792969,357.82000732421875,352.75,357.17999267578125,356.9505615234375,18146100,0.0,0.0,GOOGL
2026-07-13 00:00:00-04:00,356.19000244140625,358.1300048828125,351.75,352.510009765625,352.2835693359375,15901700,0.0,0.0,GOOGL
2026-07-14 00:00:00-04:00,351.20001220703125,360.1600036621094,351.0899963378906,359.510009765625,359.2790832519531,18259400,0.0,0.0,GOOGL
2026-07-15 00:00:00-04:00,357.9700012207031,373.6499938964844,357.760009765625,370.9200134277344,370.6817626953125,28284600,0.0,0.0,GOOGL
2026-07-16 00:00:00-04:00,373.05999755859375,375.2699890136719,352.29998779296875,354.4599914550781,354.2322998046875,41158500,0.0,0.0,GOOGL
2026-07-17 00:00:00-04:00,346.0,348.5199890136719,341.3599853515625,346.7699890136719,346.5472412109375,29959300,0.0,0.0,GOOGL
2026-07-20 00:00:00-04:00,350.8800048828125,359.67999267578125,350.5199890136719,351.989990234375,351.7638854980469,24736600,0.0,0.0,GOOGL
2026-07-21 00:00:00-04:00,351.32000732421875,351.32000732421875,347.0,347.1499938964844,346.927001953125,23369800,0.0,0.0,GOOGL
2026-07-22 00:00:00-04:00,348.1600036621094,349.94000244140625,341.7300109863281,342.0899963378906,341.8702392578125,39334100,0.0,0.0,GOOGL
2026-07-23 00:00:00-04:00,321.1300048828125,324.489990234375,314.8999938964844,317.69000244140625,317.4859313964844,69419700,0.0,0.0,GOOGL
2026-07-24 00:00:00-04:00,318.4200134277344,324.17999267578125,317.32000732421875,319.739990234375,319.53460693359375,31806600,0.0,0.0,GOOGL
2026-07-27 00:00:00-04:00,325.0400085449219,330.4200134277344,324.45001220703125,326.55999755859375,326.3502197265625,28471600,0.0,0.0,GOOGL
2026-07-28 00:00:00-04:00,327.8999938964844,335.8800048828125,324.44000244140625,333.7099914550781,333.4956359863281,29511900,0.0,0.0,GOOGL
2026-07-29 00:00:00-04:00,334.6700134277344,342.5,331.6199951171875,336.7099914550781,336.49371337890625,27501600,0.0,0.0,GOOGL
2026-07-30 00:00:00-04:00,334.20001220703125,336.510009765625,330.3399963378906,333.6600036621094,333.4456787109375,30168000,0.0,0.0,GOOGL
2026-07-31 00:00:00-04:00,340.8299865722656,358.5799865722656,340.0,356.1300048828125,355.9012451171875,46498000,0.0,0.0,GOOGL
2026-08-03 00:00:00-04:00,365.45001220703125,376.69000244140625,363.3500061035156,373.510009765625,373.27008056640625,38669700,0.0,0.0,GOOGL
2026-08-04 00:00:00-04:00,368.2200012207031,380.5199890136719,367.5,377.6499938964844,377.40740966796875,35705700,0.0,0.0,GOOGL
2026-08-05 00:00:00-04:00,383.3399963378906,384.4800109863281,356.7699890136719,362.42999267578125,362.1971740722656,46926300,0.0,0.0,GOOGL
2026-08-06 00:00:00-04:00,360.7699890136719,364.1300048828125,356.8800048828125,357.75,357.52020263671875,25235900,0.0,0.0,GOOGL
2026-08-07 00:00:00-04:00,356.7200012207031,358.8999938964844,353.7799987792969,354.29998779296875,354.0723876953125,19859900,0.0,0.0,GOOGL
2026-08-10 00:00:00-04:00,355.17999267578125,357.6099853515625,352.7099914550781,357.5199890136719,357.29034423828125,18991400,0.0,0.0,GOOGL
2026-08-11 00:00:00-04:00,355.8900146484375,356.80999755859375,343.3900146484375,343.79998779296875,343.5791320800781,29081800,0.0,0.0,GOOGL
2026-08-12 00:00:00-04:00,346.30999755859375,346.4800109863281,340.8800048828125,343.5400085449219,343.3193359375,25012000,0.0,0.0,GOOGL
2026-08-13 00:00:00-04:00,345.7699890136719,347.92999267578125,343.760009765625,346.3599853515625,346.13751220703125,17866100,0.0,0.0,GOOGL
2026-08-14 00:00:00-04:00,346.79998779296875,350.45001220703125,344.5,345.8999938964844,345.67779541015625,17808600,0.0,0.0,GOOGL
2026-08-17 00:00:00-04:00,346.2699890136719,347.25,341.92999267578125,344.0,343.7790222167969,18291300,0.0,0.0,GOOGL
2026-08-18 00:00:00-04:00,342.4100036621094,344.8699951171875,340.19000244140625,344.20001220703125,343.9789123535156,19248800,0.0,0.0,GOOGL
2026-08-19 00:00:00-04:00,342.4599914550781,346.7300109863281,340.6600036621094,344.7200012207031,344.4985656738281,19733800,0.0,0.0,GOOGL
2026-08-20 00:00:00-04:00,343.05999755859375,343.8999938964844,338.57000732421875,340.6700134277344,340.451171875,18570400,0.0,0.0,GOOGL
2026-08-21 00:00:00-04:00,342.5799865722656,346.20001220703125,340.3999938964844,344.82000732421875,344.5985107421875,20849800,0.0,0.0,GOOGL
2026-08-24 00:00:00-04:00,343.6199951171875,351.6000061035156,342.489990234375,348.05999755859375,347.83642578125,26338200,0.0,0.0,GOOGL
2026-08-25 00:00:00-04:00,349.6400146484375,350.1600036621094,345.6000061035156,346.9599914550781,346.73712158203125,20649700,0.0,0.0,GOOGL
2026-08-26 00:00:00-04:00,346.6199951171875,346.8800048828125,340.17999267578125,342.0,341.7803039550781,20420300,0.0,0.0,GOOGL
2026-08-27 00:00:00-04:00,339.6700134277344,341.69000244140625,338.5199890136719,340.6499938964844,340.4311828613281,23391400,0.0,0.0,GOOGL
2026-08-28 00:00:00-04:00,340.7099914550781,349.1400146484375,340.2699890136719,346.5899963378906,346.36737060546875,25347200,0.0,0.0,GOOGL
2026-08-31 00:00:00-04:00,343.8299865722656,344.5899963378906,337.1600036621094,339.3500061035156,339.13201904296875,33493600,0.0,0.0,GOOGL
2026-09-01 00:00:00-04:00,336.0,337.20001220703125,333.04998779296875,335.0199890136719,334.8047790527344,23342700,0.0,0.0,GOOGL
2026-09-02 00:00:00-04:00,334.05999755859375,340.0,332.82000732421875,337.1199951171875,336.9034423828125,22582300,0.0,0.0,GOOGL
2026-09-03 00:00:00-04:00,340.55999755859375,344.67999267578125,340.05999755859375,342.4800109863281,342.260009765625,20726900,0.0,0.0,GOOGL
2026-09-04 00:00:00-04:00,342.4700012207031,343.5299987792969,337.0899963378906,338.4599914550781,338.4599914550781,23157700,0.22,0.0,GOOGL
