date,Open,High,Low,Close,Adj Close,Volume,Dividends,Stock Splits,symbole
2016-11-01 00:00:00-04:00,17.05521583557129,17.361963272094727,14.378833770751953,14.509202003479004,13.83649730682373,0,0.0,0.0,HWM
2016-11-02 00:00:00-04:00,14.463190078735352,14.54754638671875,13.519939422607422,13.757669448852539,13.119810104370117,0,0.0,0.0,HWM
2016-11-03 00:00:00-04:00,13.596626281738281,13.842024803161621,13.358896255493164,13.412576675415039,12.790716171264648,0,0.0,0.0,HWM
2016-11-04 00:00:00-04:00,13.496932983398438,13.650306701660156,13.427913665771484,13.558281898498535,12.929667472839355,0,0.0,0.0,HWM
2016-11-07 00:00:00-05:00,13.726993560791016,13.803681373596191,13.251534461975098,13.29754638671875,12.681017875671387,0,0.0,0.0,HWM
2016-11-08 00:00:00-05:00,13.312883377075195,13.458588600158691,13.205520629882812,13.351226806640625,12.798639297485352,8524770,0.069018,0.0,HWM
2016-11-09 00:00:00-05:00,12.998465538024902,13.573619842529297,12.845091819763184,13.443251609802246,12.88685417175293,0,0.0,0.0,HWM
2016-11-10 00:00:00-05:00,13.458588600158691,14.210123062133789,13.458588600158691,14.148773193359375,13.5631742477417,0,0.0,0.0,HWM
2016-11-11 00:00:00-05:00,14.13343620300293,14.524539947509766,14.041411399841309,14.463190078735352,13.864579200744629,6987745,0.0,0.0,HWM
2016-11-14 00:00:00-05:00,14.524539947509766,14.662576675415039,14.440183639526367,14.639571189880371,14.033658981323242,0,0.0,0.0,HWM
2016-11-15 00:00:00-05:00,14.693251609802246,15.306748390197754,14.693251609802246,15.268404960632324,14.636466026306152,0,0.0,0.0,HWM
2016-11-16 00:00:00-05:00,15.145706176757812,15.184048652648926,14.915643692016602,15.038344383239746,14.415929794311523,0,0.0,0.0,HWM
2016-11-17 00:00:00-05:00,14.992330551147461,15.046011924743652,14.846626281738281,14.953988075256348,14.335062980651855,0,0.0,0.0,HWM
2016-11-18 00:00:00-05:00,14.92331314086914,15.268404960632324,14.854293823242188,15.268404960632324,14.636466026306152,0,0.0,0.0,HWM
2016-11-21 00:00:00-05:00,15.253067016601562,15.483128547668457,15.199386596679688,15.475460052490234,14.834952354431152,0,0.0,0.0,HWM
2016-11-22 00:00:00-05:00,15.391103744506836,15.552146911621094,15.184048652648926,15.253067016601562,14.62176513671875,0,0.0,0.0,HWM
2016-11-23 00:00:00-05:00,15.191718101501465,15.644171714782715,15.115031242370605,15.552146911621094,14.908465385437012,0,0.0,0.0,HWM
2016-11-25 00:00:00-05:00,15.5828218460083,15.83588981628418,15.521471977233887,15.743865013122559,15.092245101928711,0,0.0,0.0,HWM
2016-11-28 00:00:00-05:00,15.644171714782715,15.6671781539917,15.276074409484863,15.45245361328125,14.812896728515625,0,0.0,0.0,HWM
2016-11-29 00:00:00-05:00,15.368098258972168,15.368098258972168,14.961655616760254,15.084356307983398,14.460037231445312,0,0.0,0.0,HWM
2016-11-30 00:00:00-05:00,15.023006439208984,15.222393035888672,14.762269973754883,14.785276412963867,14.173334121704102,0,0.0,0.0,HWM
2016-12-01 00:00:00-05:00,14.83128833770752,15.199386596679688,14.769939422607422,14.953988075256348,14.335062980651855,0,0.0,0.0,HWM
2016-12-02 00:00:00-05:00,14.86963176727295,15.122698783874512,14.838956832885742,15.099693298339844,14.474739074707031,0,0.0,0.0,HWM
2016-12-05 00:00:00-05:00,15.061349868774414,15.552146911621094,15.038344383239746,15.536809921264648,14.893763542175293,0,0.0,0.0,HWM
2016-12-06 00:00:00-05:00,15.253067016601562,15.598159790039062,15.107361793518066,15.5828218460083,14.937871932983398,0,0.0,0.0,HWM
2016-12-07 00:00:00-05:00,15.651840209960938,16.027606964111328,15.628833770751953,16.012269973754883,15.349543571472168,0,0.0,0.0,HWM
2016-12-08 00:00:00-05:00,16.111963272094727,16.265336990356445,16.019939422607422,16.035276412963867,15.371599197387695,0,0.0,0.0,HWM
2016-12-09 00:00:00-05:00,16.20398712158203,16.733129501342773,16.188650131225586,16.717790603637695,16.025861740112305,0,0.0,0.0,HWM
2016-12-12 00:00:00-05:00,16.66411018371582,17.024539947509766,16.495399475097656,16.54907989501953,15.8641357421875,0,0.0,0.0,HWM
2016-12-13 00:00:00-05:00,16.541410446166992,16.687116622924805,16.035276412963867,16.25,15.577436447143555,0,0.0,0.0,HWM
2016-12-14 00:00:00-05:00,16.035276412963867,16.40337371826172,15.87423324584961,15.912576675415039,15.253976821899414,0,0.0,0.0,HWM
2016-12-15 00:00:00-05:00,15.881901741027832,16.111963272094727,15.6671781539917,15.766871452331543,15.114304542541504,0,0.0,0.0,HWM
2016-12-16 00:00:00-05:00,15.713190078735352,16.004600524902344,15.437116622924805,15.536809921264648,14.893763542175293,0,0.0,0.0,HWM
2016-12-19 00:00:00-05:00,15.37576675415039,15.490797996520996,15.222393035888672,15.352761268615723,14.71733570098877,0,0.0,0.0,HWM
2016-12-20 00:00:00-05:00,15.337423324584961,15.621166229248047,15.337423324584961,15.41411018371582,14.776140213012695,0,0.0,0.0,HWM
2016-12-21 00:00:00-05:00,15.352761268615723,15.490797996520996,15.28374195098877,15.352761268615723,14.71733570098877,0,0.0,0.0,HWM
2016-12-22 00:00:00-05:00,15.276074409484863,15.437116622924805,15.191718101501465,15.391103744506836,14.754085540771484,0,0.0,0.0,HWM
2016-12-23 00:00:00-05:00,15.337423324584961,15.406441688537598,15.084356307983398,15.16871166229248,14.540900230407715,2820291,0.0,0.0,HWM
2016-12-27 00:00:00-05:00,15.184048652648926,15.437116622924805,15.053681373596191,15.16871166229248,14.540900230407715,3161287,0.0,0.0,HWM
2016-12-28 00:00:00-05:00,15.099693298339844,15.230060577392578,14.746932983398438,14.762269973754883,14.151280403137207,4229394,0.0,0.0,HWM
2016-12-29 00:00:00-05:00,14.769939422607422,14.800613403320312,14.325153350830078,14.34049129486084,13.74696159362793,6064252,0.0,0.0,HWM
2016-12-30 00:00:00-05:00,14.401840209960938,14.631901741027832,14.16411018371582,14.217790603637695,13.629335403442383,6590416,0.0,0.0,HWM
2017-01-03 00:00:00-05:00,14.371166229248047,14.723925590515137,14.294479370117188,14.71625804901123,14.107173919677734,5587901,0.0,0.0,HWM
2017-01-04 00:00:00-05:00,14.723925590515137,15.13036823272705,14.578221321105957,15.107361793518066,14.482090950012207,5782849,0.0,0.0,HWM
2017-01-05 00:00:00-05:00,15.107361793518066,15.490797996520996,15.030674934387207,15.41411018371582,14.776140213012695,7053988,0.0,0.0,HWM
2017-01-06 00:00:00-05:00,15.45245361328125,15.881901741027832,15.345091819763184,15.820551872253418,15.165762901306152,7218422,0.0,0.0,HWM
2017-01-09 00:00:00-05:00,15.789876937866211,15.820551872253418,15.559816360473633,15.636503219604492,14.989326477050781,6366389,0.0,0.0,HWM
2017-01-10 00:00:00-05:00,15.475460052490234,16.050613403320312,15.475460052490234,15.881901741027832,15.22457218170166,5622066,0.0,0.0,HWM
2017-01-11 00:00:00-05:00,15.897238731384277,16.18098258972168,15.83588981628418,16.18098258972168,15.511275291442871,5475887,0.0,0.0,HWM
2017-01-12 00:00:00-05:00,16.050613403320312,16.127300262451172,15.720858573913574,16.104293823242188,15.437760353088379,7235505,0.0,0.0,HWM
2017-01-13 00:00:00-05:00,16.05828285217285,16.280675888061523,16.019939422607422,16.20398712158203,15.53332805633545,6019525,0.0,0.0,HWM
2017-01-17 00:00:00-05:00,15.87423324584961,16.027606964111328,15.782209396362305,15.904908180236816,15.246624946594238,3969898,0.0,0.0,HWM
2017-01-18 00:00:00-05:00,15.897238731384277,16.073619842529297,15.820551872253418,16.012269973754883,15.349543571472168,3360930,0.0,0.0,HWM
2017-01-19 00:00:00-05:00,15.943251609802246,16.372699737548828,15.943251609802246,16.342025756835938,15.665651321411133,4805110,0.0,0.0,HWM
2017-01-20 00:00:00-05:00,16.3343563079834,16.5950927734375,16.21165657043457,16.32668685913086,15.65095043182373,7332914,0.0,0.0,HWM
2017-01-23 00:00:00-05:00,16.303680419921875,16.388036727905273,16.17331314086914,16.357362747192383,15.680353164672852,5454371,0.0,0.0,HWM
2017-01-24 00:00:00-05:00,16.472393035888672,17.177913665771484,16.426380157470703,17.00153350830078,16.29786491394043,10834675,0.0,0.0,HWM
2017-01-25 00:00:00-05:00,17.147239685058594,17.42331314086914,17.04754638671875,17.400306701660156,16.680133819580078,4958982,0.0,0.0,HWM
2017-01-26 00:00:00-05:00,17.292945861816406,17.54601287841797,17.108896255493164,17.530675888061523,16.80510902404785,4269426,0.0,0.0,HWM
2017-01-27 00:00:00-05:00,17.523006439208984,17.54601287841797,17.262269973754883,17.331287384033203,16.613975524902344,3523538,0.0,0.0,HWM
2017-01-30 00:00:00-05:00,17.34662628173828,17.377300262451172,16.993864059448242,17.254600524902344,16.54045295715332,4940856,0.0,0.0,HWM
2017-01-31 00:00:00-05:00,17.101226806640625,17.476993560791016,16.97085952758789,17.476993560791016,16.75364112854004,7382335,0.0,0.0,HWM
2017-02-01 00:00:00-05:00,17.8450927734375,19.55521583557129,17.707054138183594,19.386503219604492,18.6331787109375,21366562,0.046012,0.0,HWM
2017-02-02 00:00:00-05:00,19.179447174072266,19.55521583557129,19.033742904663086,19.325153350830078,18.5742130279541,10545057,0.0,0.0,HWM
2017-02-03 00:00:00-05:00,19.302146911621094,19.877300262451172,19.302146911621094,19.861963272094727,19.090164184570312,7777186,0.0,0.0,HWM
2017-02-06 00:00:00-05:00,19.340490341186523,20.176380157470703,19.340490341186523,20.092025756835938,19.311281204223633,13364826,0.0,0.0,HWM
2017-02-07 00:00:00-05:00,20.092025756835938,20.490798950195312,19.99233055114746,20.41411018371582,19.620853424072266,9796561,0.0,0.0,HWM
2017-02-08 00:00:00-05:00,20.306747436523438,21.019939422607422,20.19171714782715,20.935583114624023,20.122058868408203,9996334,0.0,0.0,HWM
2017-02-09 00:00:00-05:00,20.935583114624023,21.579755783081055,20.820552825927734,21.44171714782715,20.608530044555664,11826237,0.0,0.0,HWM
2017-02-10 00:00:00-05:00,21.648773193359375,22.891103744506836,21.564416885375977,22.714723587036133,21.83207130432129,15049203,0.0,0.0,HWM
2017-02-13 00:00:00-05:00,22.599693298339844,22.906442642211914,22.277606964111328,22.737730026245117,21.854185104370117,13249683,0.0,0.0,HWM
2017-02-14 00:00:00-05:00,22.5843563079834,23.128833770751953,22.5,22.638036727905273,21.758359909057617,15496866,0.0,0.0,HWM
2017-02-15 00:00:00-05:00,22.5,22.638036727905273,22.300613403320312,22.400306701660156,21.52987289428711,6616366,0.0,0.0,HWM
2017-02-16 00:00:00-05:00,22.34662628173828,22.61503028869629,22.285276412963867,22.61503028869629,21.73625373840332,6581158,0.0,0.0,HWM
2017-02-17 00:00:00-05:00,22.515336990356445,23.067485809326172,22.43098258972168,22.937116622924805,22.045822143554688,6065556,0.0,0.0,HWM
2017-02-21 00:00:00-05:00,22.753067016601562,23.29754638671875,22.737730026245117,23.228527069091797,22.325912475585938,5062910,0.0,0.0,HWM
2017-02-22 00:00:00-05:00,22.91411018371582,23.435583114624023,22.91411018371582,23.427913665771484,22.517549514770508,5890168,0.0,0.0,HWM
2017-02-23 00:00:00-05:00,23.45092010498047,23.535276412963867,22.638036727905273,22.676380157470703,21.795223236083984,9063843,0.0,0.0,HWM
2017-02-24 00:00:00-05:00,22.23159408569336,22.645706176757812,22.03987693786621,22.484663009643555,21.61094856262207,5881040,0.0,0.0,HWM
2017-02-27 00:00:00-05:00,22.469324111938477,22.730060577392578,22.323619842529297,22.42331314086914,21.55198097229004,3999498,0.0,0.0,HWM
2017-02-28 00:00:00-05:00,22.315950393676758,22.530675888061523,21.96319007873535,22.07822036743164,21.220300674438477,5402733,0.0,0.0,HWM
2017-03-01 00:00:00-05:00,22.469324111938477,22.92177963256836,22.469324111938477,22.65337371826172,21.773113250732422,4718524,0.0,0.0,HWM
2017-03-02 00:00:00-05:00,22.42331314086914,22.592025756835938,21.871166229248047,21.886503219604492,21.036033630371094,3909653,0.0,0.0,HWM
2017-03-03 00:00:00-05:00,21.901840209960938,22.07822036743164,21.280675888061523,21.541410446166992,20.704347610473633,4725044,0.0,0.0,HWM
2017-03-06 00:00:00-05:00,21.480060577392578,21.495399475097656,21.13496971130371,21.24233055114746,20.416893005371094,4628809,0.0,0.0,HWM
2017-03-07 00:00:00-05:00,21.1656436920166,21.196319580078125,20.437116622924805,20.690183639526367,19.88620376586914,8165518,0.0,0.0,HWM
2017-03-08 00:00:00-05:00,20.682514190673828,20.851226806640625,20.437116622924805,20.590490341186523,19.790388107299805,5336620,0.0,0.0,HWM
2017-03-09 00:00:00-05:00,20.506135940551758,20.705520629882812,20.145706176757812,20.314416885375977,19.52503776550293,5255381,0.0,0.0,HWM
2017-03-10 00:00:00-05:00,20.391103744506836,20.64417266845703,20.26840591430664,20.575153350830078,19.7756404876709,5169708,0.0,0.0,HWM
2017-03-13 00:00:00-04:00,20.544479370117188,20.728527069091797,20.37576675415039,20.552146911621094,19.753530502319336,4141504,0.0,0.0,HWM
2017-03-14 00:00:00-04:00,20.38343620300293,20.521472930908203,20.283742904663086,20.45245361328125,19.6577091217041,2488814,0.0,0.0,HWM
2017-03-15 00:00:00-04:00,20.575153350830078,21.035276412963867,20.53680992126465,20.9049072265625,20.092578887939453,2964253,0.0,0.0,HWM
2017-03-16 00:00:00-04:00,20.996932983398438,21.127300262451172,20.690183639526367,20.95092010498047,20.136812210083008,3481158,0.0,0.0,HWM
2017-03-17 00:00:00-04:00,20.966257095336914,21.32668685913086,20.927913665771484,21.088956832885742,20.26947784423828,7816437,0.0,0.0,HWM
2017-03-20 00:00:00-04:00,21.119632720947266,21.610429763793945,21.012269973754883,21.372699737548828,20.542205810546875,4938639,0.0,0.0,HWM
2017-03-21 00:00:00-04:00,21.418712615966797,21.464723587036133,20.45245361328125,20.513803482055664,19.7166748046875,8356293,0.0,0.0,HWM
2017-03-22 00:00:00-04:00,20.467790603637695,20.759201049804688,20.2607364654541,20.322086334228516,19.532405853271484,4547961,0.0,0.0,HWM
2017-03-23 00:00:00-04:00,20.322086334228516,20.582822799682617,20.283742904663086,20.46012306213379,19.665077209472656,5213392,0.0,0.0,HWM
2017-03-24 00:00:00-04:00,20.46012306213379,20.621166229248047,20.222393035888672,20.46012306213379,19.665077209472656,3822285,0.0,0.0,HWM
2017-03-27 00:00:00-04:00,20.023006439208984,20.44478416442871,19.946319580078125,20.36809730529785,19.576637268066406,3680279,0.0,0.0,HWM
2017-03-28 00:00:00-04:00,20.283742904663086,20.79754638671875,20.283742904663086,20.736196517944336,19.930421829223633,3320114,0.0,0.0,HWM
2017-03-29 00:00:00-04:00,20.521472930908203,20.71319007873535,20.030675888061523,20.092025756835938,19.311281204223633,4206834,0.0,0.0,HWM
2017-03-30 00:00:00-04:00,20.023006439208984,20.38343620300293,19.96165657043457,20.36809730529785,19.576637268066406,3326634,0.0,0.0,HWM
2017-03-31 00:00:00-04:00,20.29907989501953,20.360429763793945,20.092025756835938,20.199386596679688,19.414472579956055,3278778,0.0,0.0,HWM
2017-04-03 00:00:00-04:00,20.306747436523438,20.475460052490234,19.838956832885742,20.07668685913086,19.296541213989258,3058402,0.0,0.0,HWM
2017-04-04 00:00:00-04:00,20.053680419921875,20.306747436523438,20.0,20.230060577392578,19.44396209716797,6896465,0.0,0.0,HWM
2017-04-05 00:00:00-04:00,20.360429763793945,20.590490341186523,19.823619842529297,19.854293823242188,19.082796096801758,4870049,0.0,0.0,HWM
2017-04-06 00:00:00-04:00,19.80828285217285,20.122699737548828,19.769939422607422,20.061349868774414,19.281803131103516,2068535,0.0,0.0,HWM
2017-04-07 00:00:00-04:00,19.938650131225586,20.322086334228516,19.938650131225586,20.253067016601562,19.466062545776367,2363500,0.0,0.0,HWM
2017-04-10 00:00:00-04:00,20.253067016601562,20.582822799682617,20.253067016601562,20.3450927734375,19.554519653320312,3410090,0.0,0.0,HWM
2017-04-11 00:00:00-04:00,20.352760314941406,20.582822799682617,19.984663009643555,20.391103744506836,19.59874725341797,4193794,0.0,0.0,HWM
2017-04-12 00:00:00-04:00,20.322086334228516,20.322086334228516,19.716257095336914,19.823619842529297,19.053314208984375,7089848,0.0,0.0,HWM
2017-04-13 00:00:00-04:00,19.800613403320312,19.93098258972168,19.693252563476562,19.861963272094727,19.090164184570312,6053298,0.0,0.0,HWM
2017-04-17 00:00:00-04:00,20.897239685058594,21.809816360473633,20.322086334228516,20.467790603637695,19.67244529724121,16474345,0.0,0.0,HWM
2017-04-18 00:00:00-04:00,20.176380157470703,20.176380157470703,18.86503028869629,19.785276412963867,19.01645278930664,12056262,0.0,0.0,HWM
2017-04-19 00:00:00-04:00,19.800613403320312,20.306747436523438,19.800613403320312,19.9156436920166,19.14176368713379,6661875,0.0,0.0,HWM
2017-04-20 00:00:00-04:00,20.0843563079834,20.184049606323242,19.984663009643555,20.023006439208984,19.244949340820312,3008980,0.0,0.0,HWM
2017-04-21 00:00:00-04:00,20.053680419921875,20.099693298339844,19.9156436920166,19.938650131225586,19.16387367248535,3883573,0.0,0.0,HWM
2017-04-24 00:00:00-04:00,20.214723587036133,20.360429763793945,19.9156436920166,20.015336990356445,19.237579345703125,5968930,0.0,0.0,HWM
2017-04-25 00:00:00-04:00,20.168712615966797,20.705520629882812,20.11503028869629,20.690183639526367,19.88620376586914,6499136,0.0,0.0,HWM
2017-04-26 00:00:00-04:00,20.743864059448242,21.464723587036133,20.72085952758789,21.088956832885742,20.26947784423828,7444406,0.0,0.0,HWM
2017-04-27 00:00:00-04:00,21.05828285217285,21.088956832885742,20.628833770751953,20.87423324584961,20.06309700012207,4748516,0.0,0.0,HWM
2017-04-28 00:00:00-04:00,20.958589553833008,21.081287384033203,20.843557357788086,20.958589553833008,20.144174575805664,5689352,0.0,0.0,HWM
2017-05-01 00:00:00-04:00,21.035276412963867,21.111963272094727,20.613496780395508,20.897239685058594,20.085214614868164,4207486,0.0,0.0,HWM
2017-05-02 00:00:00-04:00,20.697853088378906,21.012269973754883,20.697853088378906,20.820552825927734,20.01150894165039,4294594,0.0,0.0,HWM
2017-05-03 00:00:00-04:00,20.690183639526367,20.690183639526367,20.3450927734375,20.53680992126465,19.782506942749023,3355844,0.046012,0.0,HWM
2017-05-04 00:00:00-04:00,20.46012306213379,20.52914047241211,20.130367279052734,20.41411018371582,19.664310455322266,3841062,0.0,0.0,HWM
2017-05-05 00:00:00-04:00,20.42177963256836,20.935583114624023,20.352760314941406,20.935583114624023,20.1666316986084,3092045,0.0,0.0,HWM
2017-05-08 00:00:00-04:00,20.86656379699707,20.927913665771484,20.705520629882812,20.766870498657227,20.004112243652344,2429743,0.0,0.0,HWM
2017-05-09 00:00:00-04:00,20.782209396362305,21.004600524902344,20.71319007873535,20.9049072265625,20.137083053588867,2751570,0.0,0.0,HWM
2017-05-10 00:00:00-04:00,20.82822036743164,20.973926544189453,20.79754638671875,20.920244216918945,20.151857376098633,2603436,0.0,0.0,HWM
2017-05-11 00:00:00-04:00,20.820552825927734,20.9049072265625,20.613496780395508,20.86656379699707,20.100147247314453,2466777,0.0,0.0,HWM
2017-05-12 00:00:00-04:00,20.80521583557129,21.29601287841797,20.743864059448242,21.24233055114746,20.462112426757812,3719399,0.0,0.0,HWM
2017-05-15 00:00:00-04:00,21.29601287841797,21.70245361328125,21.29601287841797,21.54907989501953,20.757598876953125,3879139,0.0,0.0,HWM
2017-05-16 00:00:00-04:00,21.54907989501953,21.61809730529785,21.019939422607422,21.019939422607422,20.247892379760742,3165330,0.0,0.0,HWM
2017-05-17 00:00:00-04:00,21.019939422607422,21.019939422607422,20.52914047241211,20.582822799682617,19.826826095581055,4417039,0.0,0.0,HWM
2017-05-18 00:00:00-04:00,20.467790603637695,20.743864059448242,20.360429763793945,20.64417266845703,19.885921478271484,2515286,0.0,0.0,HWM
2017-05-19 00:00:00-04:00,20.774539947509766,21.311349868774414,20.71319007873535,21.150306701660156,20.37346839904785,2622866,0.0,0.0,HWM
2017-05-22 00:00:00-04:00,21.31901741027832,21.97085952758789,21.127300262451172,21.188650131225586,20.4104061126709,3510890,0.0,0.0,HWM
2017-05-23 00:00:00-04:00,21.219324111938477,21.495399475097656,21.027606964111328,21.372699737548828,20.587697982788086,2584528,0.0,0.0,HWM
2017-05-24 00:00:00-04:00,21.434049606323242,21.61809730529785,21.3343563079834,21.533742904663086,20.742820739746094,2576834,0.0,0.0,HWM
2017-05-25 00:00:00-04:00,21.556747436523438,21.641103744506836,20.766870498657227,20.86656379699707,20.100147247314453,3909001,0.0,0.0,HWM
2017-05-26 00:00:00-04:00,20.86656379699707,21.13496971130371,20.782209396362305,21.027606964111328,20.255273818969727,2857325,0.0,0.0,HWM
2017-05-30 00:00:00-04:00,21.050613403320312,21.05828285217285,20.682514190673828,20.87423324584961,20.10753631591797,5367394,0.0,0.0,HWM
2017-05-31 00:00:00-04:00,20.851226806640625,21.09662628173828,20.490798950195312,21.065950393676758,20.292211532592773,10558227,0.0,0.0,HWM
2017-06-01 00:00:00-04:00,21.05828285217285,21.51840591430664,20.927913665771484,21.449386596679688,20.661561965942383,7362384,0.0,0.0,HWM
2017-06-02 00:00:00-04:00,21.5107364654541,21.71012306213379,21.395706176757812,21.5950927734375,20.80191993713379,3160635,0.0,0.0,HWM
2017-06-05 00:00:00-04:00,21.572086334228516,21.67177963256836,21.05828285217285,21.065950393676758,20.292211532592773,3359104,0.0,0.0,HWM
2017-06-06 00:00:00-04:00,20.935583114624023,21.18098258972168,20.736196517944336,21.065950393676758,20.292211532592773,2380322,0.0,0.0,HWM
2017-06-07 00:00:00-04:00,21.188650131225586,21.188650131225586,20.575153350830078,20.628833770751953,19.871150970458984,3724094,0.0,0.0,HWM
2017-06-08 00:00:00-04:00,20.628833770751953,21.142637252807617,20.506135940551758,21.050613403320312,20.277435302734375,2112350,0.0,0.0,HWM
2017-06-09 00:00:00-04:00,21.088956832885742,21.234663009643555,20.843557357788086,20.98159408569336,20.21095085144043,2585962,0.0,0.0,HWM
2017-06-12 00:00:00-04:00,20.774539947509766,21.065950393676758,20.567485809326172,20.567485809326172,19.812053680419922,2727577,0.0,0.0,HWM
2017-06-13 00:00:00-04:00,20.590490341186523,21.219324111938477,20.567485809326172,21.21165657043457,20.43256187438965,2924481,0.0,0.0,HWM
2017-06-14 00:00:00-04:00,21.20398712158203,21.20398712158203,20.559816360473633,20.628833770751953,19.871150970458984,2723404,0.0,0.0,HWM
2017-06-15 00:00:00-04:00,20.406442642211914,20.64417266845703,20.276073455810547,20.475460052490234,19.723413467407227,3757867,0.0,0.0,HWM
2017-06-16 00:00:00-04:00,20.513803482055664,20.567485809326172,20.0,20.26840591430664,19.523963928222656,4224699,0.0,0.0,HWM
2017-06-19 00:00:00-04:00,20.36809730529785,20.46012306213379,20.214723587036133,20.406442642211914,19.656930923461914,3219446,0.0,0.0,HWM
2017-06-20 00:00:00-04:00,20.29907989501953,20.37576675415039,20.122699737548828,20.253067016601562,19.509178161621094,1831990,0.0,0.0,HWM
2017-06-21 00:00:00-04:00,20.2607364654541,20.276073455810547,19.371166229248047,19.417177200317383,18.70399284362793,4138896,0.0,0.0,HWM
2017-06-22 00:00:00-04:00,19.417177200317383,19.601226806640625,19.217790603637695,19.401840209960938,18.689224243164062,3689146,0.0,0.0,HWM
2017-06-23 00:00:00-04:00,19.325153350830078,19.670244216918945,19.256135940551758,19.58588981628418,18.866506576538086,6684174,0.0,0.0,HWM
2017-06-26 00:00:00-04:00,17.38496971130371,18.911043167114258,17.369632720947266,18.41257667541504,17.73629379272461,26356970,0.0,0.0,HWM
2017-06-27 00:00:00-04:00,18.151840209960938,18.33588981628418,16.687116622924805,16.74846649169922,16.13330841064453,27554824,0.0,0.0,HWM
2017-06-28 00:00:00-04:00,16.909509658813477,17.983129501342773,16.89417266845703,17.714723587036133,17.06407356262207,14174610,0.0,0.0,HWM
2017-06-29 00:00:00-04:00,17.676380157470703,17.860429763793945,17.484663009643555,17.5,16.857236862182617,7859599,0.0,0.0,HWM
2017-06-30 00:00:00-04:00,17.5,17.592025756835938,16.97085952758789,17.369632720947266,16.731653213500977,9985771,0.0,0.0,HWM
2017-07-03 00:00:00-04:00,17.438650131225586,17.783742904663086,17.400306701660156,17.515336990356445,16.872011184692383,4411562,0.0,0.0,HWM
2017-07-05 00:00:00-04:00,17.553680419921875,17.668712615966797,17.38496971130371,17.630367279052734,16.982810974121094,7358342,0.0,0.0,HWM
2017-07-06 00:00:00-04:00,17.599693298339844,17.829755783081055,17.446319580078125,17.57668685913086,16.931108474731445,5794976,0.0,0.0,HWM
2017-07-07 00:00:00-04:00,17.5843563079834,17.88343620300293,17.476993560791016,17.737730026245117,17.08623504638672,4078260,0.0,0.0,HWM
2017-07-10 00:00:00-04:00,18.006135940551758,18.519939422607422,17.829755783081055,18.274539947509766,17.603330612182617,7051510,0.0,0.0,HWM
2017-07-11 00:00:00-04:00,18.343557357788086,18.565950393676758,18.174846649169922,18.420244216918945,17.743675231933594,5650493,0.0,0.0,HWM
2017-07-12 00:00:00-04:00,18.573619842529297,18.75,18.466257095336914,18.550613403320312,17.869264602661133,3638160,0.0,0.0,HWM
2017-07-13 00:00:00-04:00,18.75766944885254,18.81901741027832,18.527606964111328,18.75,18.061315536499023,5811667,0.0,0.0,HWM
2017-07-14 00:00:00-04:00,18.611963272094727,18.8343563079834,18.48159408569336,18.70398712158203,18.017004013061523,3421696,0.0,0.0,HWM
2017-07-17 00:00:00-04:00,18.71165657043457,19.348159790039062,18.650306701660156,19.13343620300293,18.4306697845459,5603158,0.0,0.0,HWM
2017-07-18 00:00:00-04:00,19.102760314941406,19.20245361328125,18.926380157470703,19.079755783081055,18.378965377807617,3658372,0.0,0.0,HWM
2017-07-19 00:00:00-04:00,19.17177963256836,19.325153350830078,19.033742904663086,19.263803482055664,18.556255340576172,2918482,0.0,0.0,HWM
2017-07-20 00:00:00-04:00,19.217790603637695,19.417177200317383,18.972393035888672,18.980060577392578,18.28293800354004,7933145,0.0,0.0,HWM
2017-07-21 00:00:00-04:00,19.003067016601562,19.332822799682617,18.918712615966797,19.332822799682617,18.622743606567383,4952853,0.0,0.0,HWM
2017-07-24 00:00:00-04:00,19.762269973754883,19.938650131225586,19.01840591430664,19.302146911621094,18.593189239501953,7415587,0.0,0.0,HWM
2017-07-25 00:00:00-04:00,19.55521583557129,20.015336990356445,19.486196517944336,19.877300262451172,19.147220611572266,6073250,0.0,0.0,HWM
2017-07-26 00:00:00-04:00,19.900306701660156,19.900306701660156,19.608896255493164,19.62423324584961,18.903444290161133,3918259,0.0,0.0,HWM
2017-07-27 00:00:00-04:00,19.716257095336914,19.785276412963867,19.20245361328125,19.263803482055664,18.556255340576172,4363184,0.0,0.0,HWM
2017-07-28 00:00:00-04:00,19.20245361328125,19.47085952758789,19.079755783081055,19.13343620300293,18.4306697845459,2495204,0.0,0.0,HWM
2017-07-31 00:00:00-04:00,19.217790603637695,19.28680992126465,18.86503028869629,19.0107364654541,18.312480926513672,3201059,0.0,0.0,HWM
2017-08-01 00:00:00-04:00,19.12576675415039,19.294479370117188,18.765336990356445,19.24846649169922,18.541484832763672,4228872,0.0,0.0,HWM
2017-08-02 00:00:00-04:00,19.148773193359375,19.294479370117188,19.01840591430664,19.079755783081055,18.423006057739258,6563684,0.046012,0.0,HWM
2017-08-03 00:00:00-04:00,19.04907989501953,19.447853088378906,18.90337371826172,19.424846649169922,18.7562198638916,6384254,0.0,0.0,HWM
2017-08-04 00:00:00-04:00,19.493864059448242,19.53987693786621,19.225460052490234,19.271472930908203,18.608123779296875,2951082,0.0,0.0,HWM
2017-08-07 00:00:00-04:00,19.271472930908203,19.608896255493164,19.225460052490234,19.432514190673828,18.76362419128418,3751999,0.0,0.0,HWM
2017-08-08 00:00:00-04:00,19.340490341186523,19.601226806640625,19.148773193359375,19.16411018371582,18.504457473754883,4665582,0.0,0.0,HWM
2017-08-09 00:00:00-04:00,19.141103744506836,19.19478416442871,18.773006439208984,18.90337371826172,18.252695083618164,3354279,0.0,0.0,HWM
2017-08-10 00:00:00-04:00,18.842025756835938,18.90337371826172,18.38190269470215,18.420244216918945,17.78619384765625,3593433,0.0,0.0,HWM
2017-08-11 00:00:00-04:00,18.351226806640625,18.59662628173828,18.32822036743164,18.397239685058594,17.76398468017578,3000374,0.0,0.0,HWM
2017-08-14 00:00:00-04:00,18.535276412963867,18.90337371826172,18.458589553833008,18.8343563079834,18.186050415039062,2427135,0.0,0.0,HWM
2017-08-15 00:00:00-04:00,18.857362747192383,19.003067016601562,18.719324111938477,18.980060577392578,18.326744079589844,4025057,0.0,0.0,HWM
2017-08-16 00:00:00-04:00,19.102760314941406,19.317485809326172,19.003067016601562,19.04907989501953,18.393381118774414,4596730,0.0,0.0,HWM
2017-08-17 00:00:00-04:00,18.911043167114258,19.148773193359375,18.604293823242188,18.619632720947266,17.978721618652344,2161119,0.0,0.0,HWM
2017-08-18 00:00:00-04:00,18.55828285217285,18.811349868774414,18.420244216918945,18.627300262451172,17.986127853393555,3400180,0.0,0.0,HWM
2017-08-21 00:00:00-04:00,18.650306701660156,18.980060577392578,18.63496971130371,18.773006439208984,18.12681770324707,3512846,0.0,0.0,HWM
2017-08-22 00:00:00-04:00,19.17177963256836,19.7392635345459,19.056747436523438,19.70092010498047,19.02278709411621,4621898,0.0,0.0,HWM
2017-08-23 00:00:00-04:00,19.55521583557129,19.869632720947266,19.516870498657227,19.608896255493164,18.93393325805664,2630429,0.0,0.0,HWM
2017-08-24 00:00:00-04:00,19.708589553833008,19.877300262451172,19.50153350830078,19.532209396362305,18.859888076782227,2973642,0.0,0.0,HWM
2017-08-25 00:00:00-04:00,19.62423324584961,19.670244216918945,19.363496780395508,19.363496780395508,18.696979522705078,2401186,0.0,0.0,HWM
2017-08-28 00:00:00-04:00,19.440183639526367,19.509201049804688,19.233129501342773,19.302146911621094,18.63774299621582,2124086,0.0,0.0,HWM
2017-08-29 00:00:00-04:00,19.13343620300293,19.493864059448242,18.803680419921875,19.440183639526367,18.771028518676758,2195154,0.0,0.0,HWM
2017-08-30 00:00:00-04:00,19.440183639526367,19.55521583557129,19.271472930908203,19.478527069091797,18.80804443359375,1885062,0.0,0.0,HWM
2017-08-31 00:00:00-04:00,19.53987693786621,19.708589553833008,19.432514190673828,19.532209396362305,18.859888076782227,4185058,0.0,0.0,HWM
2017-09-01 00:00:00-04:00,19.593557357788086,19.769939422607422,19.55521583557129,19.562883377075195,18.889503479003906,3814330,0.0,0.0,HWM
2017-09-05 00:00:00-04:00,19.53987693786621,19.53987693786621,18.55828285217285,18.70398712158203,18.0601749420166,6781191,0.0,0.0,HWM
2017-09-06 00:00:00-04:00,18.78834342956543,19.01840591430664,18.650306701660156,18.6656436920166,18.023147583007812,5978449,0.0,0.0,HWM
2017-09-07 00:00:00-04:00,18.70398712158203,18.75,18.4892635345459,18.604293823242188,17.963909149169922,3249829,0.0,0.0,HWM
2017-09-08 00:00:00-04:00,18.581287384033203,18.78834342956543,18.41257667541504,18.726993560791016,18.082387924194336,5446678,0.0,0.0,HWM
2017-09-11 00:00:00-04:00,18.842025756835938,19.309816360473633,18.82668685913086,19.156442642211914,18.49704933166504,4031838,0.0,0.0,HWM
2017-09-12 00:00:00-04:00,19.20245361328125,19.332822799682617,19.148773193359375,19.294479370117188,18.630340576171875,2531194,0.0,0.0,HWM
2017-09-13 00:00:00-04:00,19.294479370117188,19.493864059448242,19.156442642211914,19.363496780395508,18.696979522705078,2974554,0.0,0.0,HWM
2017-09-14 00:00:00-04:00,19.271472930908203,19.509201049804688,19.079755783081055,19.447853088378906,18.778438568115234,3099869,0.0,0.0,HWM
2017-09-15 00:00:00-04:00,19.455520629882812,19.55521583557129,19.28680992126465,19.432514190673828,18.76362419128418,14270324,0.0,0.0,HWM
2017-09-18 00:00:00-04:00,19.46319007873535,19.54754638671875,19.332822799682617,19.432514190673828,18.76362419128418,2477470,0.0,0.0,HWM
2017-09-19 00:00:00-04:00,19.440183639526367,19.907974243164062,19.294479370117188,19.892637252807617,19.20790672302246,5545521,0.0,0.0,HWM
2017-09-20 00:00:00-04:00,19.900306701660156,20.092025756835938,19.762269973754883,20.092025756835938,19.40043067932129,3971202,0.0,0.0,HWM
2017-09-21 00:00:00-04:00,20.0843563079834,20.582822799682617,19.907974243164062,20.544479370117188,19.83731460571289,4972804,0.0,0.0,HWM
2017-09-22 00:00:00-04:00,20.398773193359375,20.513803482055664,20.015336990356445,20.099693298339844,19.407835006713867,4887522,0.0,0.0,HWM
2017-09-25 00:00:00-04:00,20.099693298339844,20.314416885375977,19.831287384033203,20.03834342956543,19.348600387573242,5910771,0.0,0.0,HWM
2017-09-26 00:00:00-04:00,20.145706176757812,20.207054138183594,20.0,20.145706176757812,19.4522647857666,4418474,0.0,0.0,HWM
2017-09-27 00:00:00-04:00,20.283742904663086,20.36809730529785,20.0,20.230060577392578,19.533721923828125,3817590,0.0,0.0,HWM
2017-09-28 00:00:00-04:00,20.230060577392578,20.230060577392578,19.946319580078125,19.95398712158203,19.26714324951172,2539018,0.0,0.0,HWM
2017-09-29 00:00:00-04:00,19.969324111938477,19.969324111938477,18.82668685913086,19.079755783081055,18.423006057739258,10982679,0.0,0.0,HWM
2017-10-02 00:00:00-04:00,19.13343620300293,19.877300262451172,19.11809730529785,19.877300262451172,19.19310188293457,7399548,0.0,0.0,HWM
2017-10-03 00:00:00-04:00,19.815950393676758,20.36809730529785,19.7392635345459,20.03834342956543,19.348600387573242,7913585,0.0,0.0,HWM
2017-10-04 00:00:00-04:00,20.053680419921875,20.613496780395508,20.053680419921875,20.52914047241211,19.822500228881836,5070082,0.0,0.0,HWM
2017-10-05 00:00:00-04:00,20.437116622924805,20.782209396362305,20.437116622924805,20.590490341186523,19.881744384765625,4766772,0.0,0.0,HWM
2017-10-06 00:00:00-04:00,20.46012306213379,20.820552825927734,20.352760314941406,20.782209396362305,20.066858291625977,3666978,0.0,0.0,HWM
2017-10-09 00:00:00-04:00,20.83588981628418,21.20398712158203,20.78987693786621,21.004600524902344,20.28159523010254,4888305,0.0,0.0,HWM
2017-10-10 00:00:00-04:00,21.196319580078125,21.357362747192383,20.920244216918945,21.004600524902344,20.28159523010254,3325330,0.0,0.0,HWM
2017-10-11 00:00:00-04:00,20.920244216918945,21.349693298339844,20.79754638671875,20.973926544189453,20.251976013183594,9011292,0.0,0.0,HWM
2017-10-12 00:00:00-04:00,20.91257667541504,21.234663009643555,20.766870498657227,21.13496971130371,20.407480239868164,4723218,0.0,0.0,HWM
2017-10-13 00:00:00-04:00,21.219324111938477,21.226993560791016,20.736196517944336,20.82822036743164,20.111284255981445,11785291,0.0,0.0,HWM
2017-10-16 00:00:00-04:00,20.889570236206055,21.042945861816406,20.705520629882812,20.83588981628418,20.118696212768555,4455768,0.0,0.0,HWM
2017-10-17 00:00:00-04:00,20.705520629882812,20.88190269470215,20.52914047241211,20.582822799682617,19.874332427978516,2857716,0.0,0.0,HWM
2017-10-18 00:00:00-04:00,20.567485809326172,20.667177200317383,20.45245361328125,20.621166229248047,19.91136360168457,3161678,0.0,0.0,HWM
2017-10-19 00:00:00-04:00,20.437116622924805,20.467790603637695,20.19171714782715,20.46012306213379,19.755855560302734,3753042,0.0,0.0,HWM
2017-10-20 00:00:00-04:00,20.659509658813477,20.943252563476562,20.575153350830078,20.83588981628418,20.118696212768555,5524918,0.0,0.0,HWM
2017-10-23 00:00:00-04:00,21.027606964111328,21.127300262451172,18.59662628173828,18.67331314086914,18.030550003051758,16534068,0.0,0.0,HWM
2017-10-24 00:00:00-04:00,18.803680419921875,19.340490341186523,18.351226806640625,18.657974243164062,18.015745162963867,10369799,0.0,0.0,HWM
2017-10-25 00:00:00-04:00,18.650306701660156,19.148773193359375,18.496932983398438,19.056747436523438,18.40079116821289,5460239,0.0,0.0,HWM
2017-10-26 00:00:00-04:00,19.16411018371582,19.233129501342773,18.627300262451172,18.857362747192383,18.208271026611328,6581288,0.0,0.0,HWM
2017-10-27 00:00:00-04:00,18.79601287841797,18.918712615966797,18.6656436920166,18.872699737548828,18.22307777404785,3817199,0.0,0.0,HWM
2017-10-30 00:00:00-04:00,18.765336990356445,19.041410446166992,18.650306701660156,19.003067016601562,18.348953247070312,3812114,0.0,0.0,HWM
2017-10-31 00:00:00-04:00,18.987730026245117,19.28680992126465,18.895706176757812,19.263803482055664,18.600717544555664,3910305,0.0,0.0,HWM
2017-11-01 00:00:00-04:00,19.363496780395508,19.6549072265625,19.17177963256836,19.263803482055664,18.600717544555664,5475235,0.0,0.0,HWM
2017-11-02 00:00:00-04:00,19.187116622924805,19.417177200317383,19.0107364654541,19.35582733154297,18.734317779541016,4343754,0.046012,0.0,HWM
2017-11-03 00:00:00-04:00,19.294479370117188,19.58588981628418,19.187116622924805,19.432514190673828,18.808547973632812,3540360,0.0,0.0,HWM
2017-11-06 00:00:00-05:00,19.440183639526367,19.762269973754883,19.348159790039062,19.639570236206055,19.008955001831055,5641886,0.0,0.0,HWM
2017-11-07 00:00:00-05:00,19.61656379699707,19.647239685058594,19.0950927734375,19.233129501342773,18.61556625366211,4940204,0.0,0.0,HWM
2017-11-08 00:00:00-05:00,19.148773193359375,19.240798950195312,18.81901741027832,19.003067016601562,18.392887115478516,5431551,0.0,0.0,HWM
2017-11-09 00:00:00-05:00,18.86503028869629,18.86503028869629,18.504600524902344,18.75,18.1479434967041,3883182,0.0,0.0,HWM
2017-11-10 00:00:00-05:00,18.70398712158203,18.842025756835938,18.55828285217285,18.588956832885742,17.992074966430664,3112257,0.0,0.0,HWM
2017-11-13 00:00:00-05:00,18.504600524902344,18.627300262451172,18.167177200317383,18.243864059448242,17.658063888549805,3696840,0.0,0.0,HWM
2017-11-14 00:00:00-05:00,18.121166229248047,18.243864059448242,17.737730026245117,17.791410446166992,17.22014045715332,5855090,0.0,0.0,HWM
2017-11-15 00:00:00-05:00,17.714723587036133,18.159509658813477,17.438650131225586,17.91411018371582,17.338899612426758,5541348,0.0,0.0,HWM
2017-11-16 00:00:00-05:00,17.967790603637695,18.33588981628418,17.967790603637695,18.197853088378906,17.613534927368164,2890055,0.0,0.0,HWM
2017-11-17 00:00:00-05:00,18.136503219604492,18.458589553833008,18.098159790039062,18.28987693786621,17.702604293823242,2492205,0.0,0.0,HWM
2017-11-20 00:00:00-05:00,18.259201049804688,18.33588981628418,18.10582733154297,18.320552825927734,17.73229217529297,2622214,0.0,0.0,HWM
2017-11-21 00:00:00-05:00,18.496932983398438,18.59662628173828,18.121166229248047,18.205520629882812,17.620952606201172,4271774,0.0,0.0,HWM
2017-11-22 00:00:00-05:00,18.243864059448242,18.397239685058594,18.182514190673828,18.21319007873535,17.628376007080078,2182505,0.0,0.0,HWM
2017-11-24 00:00:00-05:00,18.28987693786621,18.527606964111328,18.282209396362305,18.397239685058594,17.806516647338867,2536802,0.0,0.0,HWM
2017-11-27 00:00:00-05:00,18.343557357788086,18.4049072265625,17.668712615966797,18.10582733154297,17.524463653564453,5965930,0.0,0.0,HWM
2017-11-28 00:00:00-05:00,18.182514190673828,18.650306701660156,18.082822799682617,18.581287384033203,17.984651565551758,4545874,0.0,0.0,HWM
2017-11-29 00:00:00-05:00,18.59662628173828,18.765336990356445,18.427913665771484,18.458589553833008,17.865894317626953,4220657,0.0,0.0,HWM
2017-11-30 00:00:00-05:00,18.565950393676758,18.888036727905273,18.4049072265625,18.872699737548828,18.266714096069336,4320413,0.0,0.0,HWM
2017-12-01 00:00:00-05:00,18.888036727905273,19.003067016601562,18.41257667541504,18.78834342956543,18.1850643157959,3457165,0.0,0.0,HWM
2017-12-04 00:00:00-05:00,19.072086334228516,19.378833770751953,18.94171714782715,18.964723587036133,18.35578155517578,5313930,0.0,0.0,HWM
2017-12-05 00:00:00-05:00,18.964723587036133,18.964723587036133,18.504600524902344,18.581287384033203,17.984651565551758,3104824,0.0,0.0,HWM
2017-12-06 00:00:00-05:00,18.4892635345459,18.68098258972168,18.41257667541504,18.504600524902344,17.910432815551758,6614670,0.0,0.0,HWM
2017-12-07 00:00:00-05:00,18.79601287841797,18.972393035888672,18.358896255493164,18.857362747192383,18.25186538696289,2794863,0.0,0.0,HWM
2017-12-08 00:00:00-05:00,18.94171714782715,18.957054138183594,18.6656436920166,18.765336990356445,18.162796020507812,2087574,0.0,0.0,HWM
2017-12-11 00:00:00-05:00,18.75,18.8343563079834,18.512269973754883,18.734663009643555,18.13310432434082,3115908,0.0,0.0,HWM
2017-12-12 00:00:00-05:00,18.74233055114746,18.918712615966797,18.67331314086914,18.90337371826172,18.296398162841797,2765002,0.0,0.0,HWM
2017-12-13 00:00:00-05:00,18.90337371826172,19.58588981628418,18.872699737548828,19.309816360473633,18.689788818359375,5150148,0.0,0.0,HWM
2017-12-14 00:00:00-05:00,19.340490341186523,19.432514190673828,19.056747436523438,19.16411018371582,18.54876136779785,4002237,0.0,0.0,HWM
2017-12-15 00:00:00-05:00,19.302146911621094,19.478527069091797,19.233129501342773,19.401840209960938,18.778860092163086,8691551,0.0,0.0,HWM
2017-12-18 00:00:00-05:00,19.532209396362305,19.723926544189453,19.524539947509766,19.639570236206055,19.008955001831055,3746131,0.0,0.0,HWM
2017-12-19 00:00:00-05:00,19.685583114624023,19.685583114624023,19.28680992126465,19.6549072265625,19.023799896240234,3364842,0.0,0.0,HWM
2017-12-20 00:00:00-05:00,19.746932983398438,20.11503028869629,19.708589553833008,20.03834342956543,19.394926071166992,4180494,0.0,0.0,HWM
2017-12-21 00:00:00-05:00,20.161043167114258,20.567485809326172,20.0,20.552146911621094,19.892229080200195,4671580,0.0,0.0,HWM
2017-12-22 00:00:00-05:00,20.475460052490234,20.674846649169922,20.2607364654541,20.575153350830078,19.91449737548828,3583653,0.0,0.0,HWM
2017-12-26 00:00:00-05:00,20.552146911621094,20.889570236206055,20.483129501342773,20.759201049804688,20.092639923095703,2592482,0.0,0.0,HWM
2017-12-27 00:00:00-05:00,20.759201049804688,20.9892635345459,20.674846649169922,20.966257095336914,20.293039321899414,2443305,0.0,0.0,HWM
2017-12-28 00:00:00-05:00,20.935583114624023,21.20398712158203,20.858896255493164,21.18098258972168,20.50086784362793,3162200,0.0,0.0,HWM
2017-12-29 00:00:00-05:00,21.18098258972168,21.219324111938477,20.88190269470215,20.897239685058594,20.226242065429688,3508282,0.0,0.0,HWM
2018-01-02 00:00:00-05:00,20.943252563476562,21.29601287841797,20.935583114624023,21.28834342956543,20.60478401184082,3907175,0.0,0.0,HWM
2018-01-03 00:00:00-05:00,21.17331314086914,21.472393035888672,20.705520629882812,21.457054138183594,20.768077850341797,7297575,0.0,0.0,HWM
2018-01-04 00:00:00-05:00,21.62576675415039,22.5843563079834,21.480060577392578,22.484663009643555,21.762691497802734,8605357,0.0,0.0,HWM
2018-01-05 00:00:00-05:00,22.43098258972168,22.722393035888672,22.315950393676758,22.707054138183594,21.977941513061523,4825713,0.0,0.0,HWM
2018-01-08 00:00:00-05:00,22.7607364654541,22.88343620300293,22.561349868774414,22.822086334228516,22.089282989501953,5458414,0.0,0.0,HWM
2018-01-09 00:00:00-05:00,22.852760314941406,22.99846649169922,22.5843563079834,22.860429763793945,22.126399993896484,3121124,0.0,0.0,HWM
2018-01-10 00:00:00-05:00,22.676380157470703,22.95245361328125,22.56901741027832,22.8450927734375,22.111543655395508,2703714,0.0,0.0,HWM
2018-01-11 00:00:00-05:00,22.937116622924805,23.343557357788086,22.898773193359375,23.312883377075195,22.564319610595703,4059613,0.0,0.0,HWM
2018-01-12 00:00:00-05:00,23.389570236206055,23.696319580078125,23.282209396362305,23.650306701660156,22.890913009643555,4486021,0.0,0.0,HWM
2018-01-16 00:00:00-05:00,23.71165657043457,23.90337371826172,23.075153350830078,23.320552825927734,22.571746826171875,6490660,0.0,0.0,HWM
2018-01-17 00:00:00-05:00,23.320552825927734,23.535276412963867,23.25153350830078,23.420244216918945,22.668235778808594,4206704,0.0,0.0,HWM
2018-01-18 00:00:00-05:00,23.182514190673828,23.45092010498047,22.975460052490234,23.274539947509766,22.527204513549805,4312850,0.0,0.0,HWM
2018-01-19 00:00:00-05:00,23.236196517944336,23.351226806640625,22.86809730529785,23.174846649169922,22.430713653564453,5923029,0.0,0.0,HWM
2018-01-22 00:00:00-05:00,23.174846649169922,23.33588981628418,23.03680992126465,23.33588981628418,22.58658790588379,4670015,0.0,0.0,HWM
2018-01-23 00:00:00-05:00,23.33588981628418,23.33588981628418,23.090490341186523,23.236196517944336,22.490100860595703,2950300,0.0,0.0,HWM
2018-01-24 00:00:00-05:00,23.266870498657227,23.519939422607422,23.197853088378906,23.37423324584961,22.623701095581055,3307205,0.0,0.0,HWM
2018-01-25 00:00:00-05:00,23.504600524902344,23.619632720947266,23.121166229248047,23.36656379699707,22.61627769470215,2582702,0.0,0.0,HWM
2018-01-26 00:00:00-05:00,23.435583114624023,23.6656436920166,23.259201049804688,23.650306701660156,22.890913009643555,2983552,0.0,0.0,HWM
2018-01-29 00:00:00-05:00,23.642637252807617,23.70398712158203,23.136503219604492,23.205520629882812,22.460407257080078,3211361,0.0,0.0,HWM
2018-01-30 00:00:00-05:00,23.021472930908203,23.14417266845703,22.530675888061523,22.94478416442871,22.208038330078125,5778415,0.0,0.0,HWM
2018-01-31 00:00:00-05:00,23.006135940551758,23.397239685058594,22.829755783081055,23.052146911621094,22.31195831298828,4437773,0.0,0.0,HWM
2018-02-01 00:00:00-05:00,22.814416885375977,23.30521583557129,22.791410446166992,23.090490341186523,22.393762588500977,3662154,0.046012,0.0,HWM
2018-02-02 00:00:00-05:00,22.822086334228516,22.822086334228516,22.108896255493164,22.323619842529297,21.65003204345703,9938827,0.0,0.0,HWM
2018-02-05 00:00:00-05:00,21.012269973754883,21.25,19.815950393676758,20.33742332458496,19.723764419555664,14247504,0.0,0.0,HWM
2018-02-06 00:00:00-05:00,20.0843563079834,20.245399475097656,19.17177963256836,19.386503219604492,18.80154037475586,13062820,0.0,0.0,HWM
2018-02-07 00:00:00-05:00,19.24846649169922,19.524539947509766,19.072086334228516,19.24846649169922,18.667673110961914,7236157,0.0,0.0,HWM
2018-02-08 00:00:00-05:00,19.271472930908203,19.317485809326172,18.550613403320312,18.75,18.184240341186523,9713626,0.0,0.0,HWM
2018-02-09 00:00:00-05:00,18.90337371826172,19.0950927734375,17.88343620300293,18.911043167114258,18.340429306030273,10710404,0.0,0.0,HWM
2018-02-12 00:00:00-05:00,19.026073455810547,19.309816360473633,18.811349868774414,19.04907989501953,18.474294662475586,6439674,0.0,0.0,HWM
2018-02-13 00:00:00-05:00,18.872699737548828,19.072086334228516,18.765336990356445,19.003067016601562,18.42967414855957,7071201,0.0,0.0,HWM
2018-02-14 00:00:00-05:00,18.82668685913086,19.708589553833008,18.82668685913086,19.53987693786621,18.950286865234375,5921464,0.0,0.0,HWM
2018-02-15 00:00:00-05:00,19.7392635345459,19.754600524902344,19.102760314941406,19.340490341186523,18.756916046142578,5887038,0.0,0.0,HWM
2018-02-16 00:00:00-05:00,19.309816360473633,19.838956832885742,19.225460052490234,19.447853088378906,18.861042022705078,7149962,0.0,0.0,HWM
2018-02-20 00:00:00-05:00,19.24846649169922,19.532209396362305,18.987730026245117,19.064416885375977,18.48917579650879,4344537,0.0,0.0,HWM
2018-02-21 00:00:00-05:00,19.102760314941406,19.486196517944336,18.90337371826172,18.911043167114258,18.340429306030273,3468510,0.0,0.0,HWM
2018-02-22 00:00:00-05:00,19.041410446166992,19.17177963256836,18.74233055114746,18.81901741027832,18.25118064880371,3318289,0.0,0.0,HWM
2018-02-23 00:00:00-05:00,18.857362747192383,19.27914047241211,18.811349868774414,19.271472930908203,18.68998146057129,4797286,0.0,0.0,HWM
2018-02-26 00:00:00-05:00,19.340490341186523,19.39417266845703,19.17177963256836,19.271472930908203,18.68998146057129,3289470,0.0,0.0,HWM
2018-02-27 00:00:00-05:00,19.27914047241211,19.432514190673828,18.949386596679688,18.972393035888672,18.399925231933594,3592911,0.0,0.0,HWM
2018-02-28 00:00:00-05:00,19.033742904663086,19.19478416442871,18.70398712158203,18.70398712158203,18.13962173461914,6868038,0.0,0.0,HWM
2018-03-01 00:00:00-05:00,18.75766944885254,18.911043167114258,18.274539947509766,18.420244216918945,17.86443519592285,4513796,0.0,0.0,HWM
2018-03-02 00:00:00-05:00,18.282209396362305,18.48159408569336,17.94478416442871,18.33588981628418,17.78262710571289,3655242,0.0,0.0,HWM
2018-03-05 00:00:00-05:00,18.174846649169922,18.74233055114746,18.121166229248047,18.657974243164062,18.09499740600586,4913472,0.0,0.0,HWM
2018-03-06 00:00:00-05:00,18.75,18.980060577392578,18.696319580078125,18.82668685913086,18.258621215820312,4494106,0.0,0.0,HWM
2018-03-07 00:00:00-05:00,18.619632720947266,18.964723587036133,18.573619842529297,18.880367279052734,18.310678482055664,2568228,0.0,0.0,HWM
2018-03-08 00:00:00-05:00,18.980060577392578,19.072086334228516,18.68098258972168,19.01840591430664,18.444549560546875,2966991,0.0,0.0,HWM
2018-03-09 00:00:00-05:00,19.12576675415039,19.317485809326172,18.995399475097656,19.317485809326172,18.73460578918457,3043797,0.0,0.0,HWM
2018-03-12 00:00:00-04:00,19.340490341186523,19.35582733154297,18.957054138183594,19.11809730529785,18.541231155395508,4123378,0.0,0.0,HWM
2018-03-13 00:00:00-04:00,19.21012306213379,19.340490341186523,19.04907989501953,19.13343620300293,18.556108474731445,4475198,0.0,0.0,HWM
2018-03-14 00:00:00-04:00,19.179447174072266,19.24846649169922,18.320552825927734,18.45092010498047,17.89418601989746,6700734,0.0,0.0,HWM
2018-03-15 00:00:00-04:00,18.504600524902344,18.650306701660156,18.28987693786621,18.588956832885742,18.028059005737305,5052478,0.0,0.0,HWM
2018-03-16 00:00:00-04:00,18.657974243164062,18.926380157470703,18.4892635345459,18.8343563079834,18.266054153442383,6951102,0.0,0.0,HWM
2018-03-19 00:00:00-04:00,18.765336990356445,18.82668685913086,18.25153350830078,18.427913665771484,17.87187957763672,4610944,0.0,0.0,HWM
2018-03-20 00:00:00-04:00,18.458589553833008,18.59662628173828,18.266870498657227,18.473926544189453,17.91650390625,6214864,0.0,0.0,HWM
2018-03-21 00:00:00-04:00,18.473926544189453,18.82668685913086,18.36656379699707,18.527606964111328,17.968555450439453,2752614,0.0,0.0,HWM
2018-03-22 00:00:00-04:00,18.343557357788086,18.389570236206055,17.377300262451172,17.392637252807617,16.867839813232422,5973363,0.0,0.0,HWM
2018-03-23 00:00:00-04:00,17.56901741027832,17.814416885375977,17.30828285217285,17.446319580078125,16.91990089416504,5550737,0.0,0.0,HWM
2018-03-26 00:00:00-04:00,17.714723587036133,17.937116622924805,17.49233055114746,17.929447174072266,17.388450622558594,3980460,0.0,0.0,HWM
2018-03-27 00:00:00-04:00,18.021472930908203,18.03680992126465,17.57668685913086,17.676380157470703,17.143024444580078,4602207,0.0,0.0,HWM
2018-03-28 00:00:00-04:00,17.722393035888672,17.87576675415039,17.315950393676758,17.407974243164062,16.882713317871094,2916787,0.0,0.0,HWM
2018-03-29 00:00:00-04:00,17.446319580078125,17.822086334228516,17.354293823242188,17.668712615966797,17.13558006286621,3193757,0.0,0.0,HWM
2018-04-02 00:00:00-04:00,17.592025756835938,17.65337371826172,16.85582733154297,16.932514190673828,16.421598434448242,5951847,0.0,0.0,HWM
2018-04-03 00:00:00-04:00,17.009201049804688,17.185583114624023,16.863496780395508,17.139570236206055,16.622407913208008,6858127,0.0,0.0,HWM
2018-04-04 00:00:00-04:00,16.817485809326172,17.361963272094727,16.756135940551758,17.354293823242188,16.83064842224121,3507630,0.0,0.0,HWM
2018-04-05 00:00:00-04:00,17.5,17.806747436523438,17.484663009643555,17.699386596679688,17.165325164794922,4347014,0.0,0.0,HWM
2018-04-06 00:00:00-04:00,17.515336990356445,17.630367279052734,17.101226806640625,17.285276412963867,16.763721466064453,4484847,0.0,0.0,HWM
2018-04-09 00:00:00-04:00,17.5,17.83742332458496,17.400306701660156,17.46165657043457,16.934776306152344,4443510,0.0,0.0,HWM
2018-04-10 00:00:00-04:00,17.722393035888672,17.860429763793945,17.561349868774414,17.661043167114258,17.128145217895508,3257001,0.0,0.0,HWM
2018-04-11 00:00:00-04:00,17.50766944885254,17.76840591430664,17.484663009643555,17.607362747192383,17.076082229614258,2003466,0.0,0.0,HWM
2018-04-12 00:00:00-04:00,17.737730026245117,18.02914047241211,17.65337371826172,18.006135940551758,17.46282958984375,2873755,0.0,0.0,HWM
2018-04-13 00:00:00-04:00,18.159509658813477,18.312883377075195,17.745399475097656,17.814416885375977,17.276893615722656,2983161,0.0,0.0,HWM
2018-04-16 00:00:00-04:00,17.99846649169922,18.151840209960938,17.860429763793945,18.067485809326172,17.52232551574707,2151991,0.0,0.0,HWM
2018-04-17 00:00:00-04:00,18.136503219604492,18.4049072265625,18.128833770751953,18.21319007873535,17.663631439208984,2258919,0.0,0.0,HWM
2018-04-18 00:00:00-04:00,18.32822036743164,18.458589553833008,18.159509658813477,18.159509658813477,17.611570358276367,3555747,0.0,0.0,HWM
2018-04-19 00:00:00-04:00,18.151840209960938,18.236196517944336,17.783742904663086,18.044479370117188,17.50001335144043,4665060,0.0,0.0,HWM
2018-04-20 00:00:00-04:00,18.075153350830078,18.151840209960938,17.776073455810547,17.83742332458496,17.299205780029297,3575568,0.0,0.0,HWM
2018-04-23 00:00:00-04:00,16.947853088378906,17.61503028869629,16.848159790039062,16.909509658813477,16.399290084838867,7989738,0.0,0.0,HWM
2018-04-24 00:00:00-04:00,17.101226806640625,17.377300262451172,16.503067016601562,16.85582733154297,16.347227096557617,8054286,0.0,0.0,HWM
2018-04-25 00:00:00-04:00,16.817485809326172,17.032209396362305,16.51840591430664,16.986196517944336,16.47365951538086,4388221,0.0,0.0,HWM
2018-04-26 00:00:00-04:00,17.016870498657227,17.20092010498047,16.832822799682617,17.05521583557129,16.540599822998047,6280325,0.0,0.0,HWM
2018-04-27 00:00:00-04:00,17.062883377075195,17.262269973754883,16.947853088378906,17.208589553833008,16.68934440612793,6019786,0.0,0.0,HWM
2018-04-30 00:00:00-04:00,15.559816360473633,15.851226806640625,13.496932983398438,13.657975196838379,13.24586296081543,35281806,0.0,0.0,HWM
2018-05-01 00:00:00-04:00,13.811349868774414,14.110428810119629,13.481595039367676,13.558281898498535,13.14918041229248,19292289,0.0,0.0,HWM
2018-05-02 00:00:00-04:00,13.650306701660156,13.88036823272705,13.266871452331543,13.320551872253418,12.918620109558105,15012430,0.0,0.0,HWM
2018-05-03 00:00:00-04:00,13.228528022766113,13.289876937866211,12.776074409484863,12.983128547668457,12.63502311706543,11274123,0.046012,0.0,HWM
2018-05-04 00:00:00-04:00,12.960123062133789,13.312883377075195,12.898773193359375,13.205520629882812,12.851454734802246,7474789,0.0,0.0,HWM
2018-05-07 00:00:00-04:00,13.197853088378906,13.565951347351074,13.151840209960938,13.46625804901123,13.105198860168457,7047859,0.0,0.0,HWM
2018-05-08 00:00:00-04:00,13.420245170593262,13.688650131225586,13.351226806640625,13.650306701660156,13.284314155578613,7064942,0.0,0.0,HWM
2018-05-09 00:00:00-04:00,13.91871166229248,14.064416885375977,13.788344383239746,13.819018363952637,13.448503494262695,7089848,0.0,0.0,HWM
2018-05-10 00:00:00-04:00,13.865031242370605,14.041411399841309,13.734663009643555,13.911043167114258,13.538058280944824,8559717,0.0,0.0,HWM
2018-05-11 00:00:00-04:00,13.842024803161621,13.987730026245117,13.696318626403809,13.972393035888672,13.59776496887207,7376076,0.0,0.0,HWM
2018-05-14 00:00:00-04:00,13.987730026245117,14.079754829406738,13.949386596679688,14.049079895019531,13.672395706176758,3919563,0.0,0.0,HWM
2018-05-15 00:00:00-04:00,13.980060577392578,13.995399475097656,13.711655616760254,13.788344383239746,13.418651580810547,6391817,0.0,0.0,HWM
2018-05-16 00:00:00-04:00,13.91871166229248,13.934048652648926,13.765336990356445,13.811349868774414,13.4410400390625,4169670,0.0,0.0,HWM
2018-05-17 00:00:00-04:00,13.842024803161621,13.949386596679688,13.703988075256348,13.91871166229248,13.54552173614502,3944470,0.0,0.0,HWM
2018-05-18 00:00:00-04:00,13.888036727905273,13.95705509185791,13.788344383239746,13.865031242370605,13.493280410766602,3780687,0.0,0.0,HWM
2018-05-21 00:00:00-04:00,13.926380157470703,14.194785118103027,13.911043167114258,14.141103744506836,13.761953353881836,4681490,0.0,0.0,HWM
2018-05-22 00:00:00-04:00,14.194785118103027,14.348159790039062,14.079754829406738,14.240797996520996,13.858973503112793,4428384,0.0,0.0,HWM
2018-05-23 00:00:00-04:00,14.179448127746582,14.516871452331543,14.179448127746582,14.294479370117188,13.911211967468262,5774373,0.0,0.0,HWM
2018-05-24 00:00:00-04:00,14.294479370117188,14.317484855651855,14.118098258972168,14.171778678894043,13.791804313659668,4524098,0.0,0.0,HWM
2018-05-25 00:00:00-04:00,14.148773193359375,14.248465538024902,14.056748390197754,14.13343620300293,13.754488945007324,3620947,0.0,0.0,HWM
2018-05-29 00:00:00-04:00,14.003067016601562,14.064416885375977,13.703988075256348,13.75,13.381333351135254,4546266,0.0,0.0,HWM
2018-05-30 00:00:00-04:00,13.765336990356445,13.949386596679688,13.596626281738281,13.895706176757812,13.523134231567383,5132544,0.0,0.0,HWM
2018-05-31 00:00:00-04:00,13.765336990356445,13.903373718261719,13.512269973754883,13.535276412963867,13.172367095947266,6570595,0.0,0.0,HWM
2018-06-01 00:00:00-04:00,13.565951347351074,13.696318626403809,13.481595039367676,13.611963272094727,13.246997833251953,6321792,0.0,0.0,HWM
2018-06-04 00:00:00-04:00,13.650306701660156,13.857361793518066,13.604293823242188,13.604293823242188,13.239534378051758,3683148,0.0,0.0,HWM
2018-06-05 00:00:00-04:00,13.611963272094727,13.665643692016602,13.473925590515137,13.588956832885742,13.224609375,5401690,0.0,0.0,HWM
2018-06-06 00:00:00-04:00,13.634968757629395,13.788344383239746,13.535276412963867,13.75,13.381333351135254,4270730,0.0,0.0,HWM
2018-06-07 00:00:00-04:00,13.780674934387207,13.964723587036133,13.734663009643555,13.765336990356445,13.396262168884277,3810418,0.0,0.0,HWM
2018-06-08 00:00:00-04:00,13.773006439208984,13.834356307983398,13.596626281738281,13.757669448852539,13.388800621032715,4142547,0.0,0.0,HWM
2018-06-11 00:00:00-04:00,13.788344383239746,14.010736465454102,13.742330551147461,13.926380157470703,13.552985191345215,5805147,0.0,0.0,HWM
2018-06-12 00:00:00-04:00,13.911043167114258,13.980060577392578,13.780674934387207,13.803681373596191,13.433576583862305,4458376,0.0,0.0,HWM
2018-06-13 00:00:00-04:00,13.780674934387207,13.834356307983398,13.657975196838379,13.780674934387207,13.411187171936035,6447237,0.0,0.0,HWM
2018-06-14 00:00:00-04:00,13.819018363952637,13.842024803161621,13.519939422607422,13.803681373596191,13.433576583862305,6599674,0.0,0.0,HWM
2018-06-15 00:00:00-04:00,13.642638206481934,13.765336990356445,13.358896255493164,13.443251609802246,13.082808494567871,9892144,0.0,0.0,HWM
2018-06-18 00:00:00-04:00,13.312883377075195,13.596626281738281,13.312883377075195,13.527606964111328,13.164902687072754,3620295,0.0,0.0,HWM
2018-06-19 00:00:00-04:00,13.36656379699707,13.458588600158691,13.1671781539917,13.343558311462402,12.985788345336914,6241987,0.0,0.0,HWM
2018-06-20 00:00:00-04:00,13.351226806640625,13.37423324584961,13.251534461975098,13.282209396362305,12.92608642578125,3438518,0.0,0.0,HWM
2018-06-21 00:00:00-04:00,13.266871452331543,13.320551872253418,12.967790603637695,13.006134986877441,12.657415390014648,3817982,0.0,0.0,HWM
2018-06-22 00:00:00-04:00,13.098159790039062,13.182515144348145,13.01380443572998,13.067484855651855,12.717119216918945,3793075,0.0,0.0,HWM
2018-06-25 00:00:00-04:00,12.960123062133789,12.998465538024902,12.63036823272705,12.937116622924805,12.59024429321289,5097336,0.0,0.0,HWM
2018-06-26 00:00:00-04:00,12.91411018371582,13.144171714782715,12.806748390197754,13.059816360473633,12.70965576171875,3245004,0.0,0.0,HWM
2018-06-27 00:00:00-04:00,13.09049129486084,13.381901741027832,12.998465538024902,13.006134986877441,12.657415390014648,4044095,0.0,0.0,HWM
2018-06-28 00:00:00-04:00,12.990797996520996,13.052146911621094,12.860428810119629,13.029141426086426,12.679803848266602,3443603,0.0,0.0,HWM
2018-06-29 00:00:00-04:00,13.075153350830078,13.259202003479004,13.044479370117188,13.044479370117188,12.694731712341309,3314768,0.0,0.0,HWM
2018-07-02 00:00:00-04:00,12.91411018371582,13.006134986877441,12.768404960632324,12.929448127746582,12.582781791687012,4086214,0.0,0.0,HWM
2018-07-03 00:00:00-04:00,13.029141426086426,13.15950870513916,12.937116622924805,12.960123062133789,12.61263370513916,1665599,0.0,0.0,HWM
2018-07-05 00:00:00-04:00,13.036809921264648,13.174846649169922,12.960123062133789,13.09049129486084,12.739507675170898,3033104,0.0,0.0,HWM
2018-07-06 00:00:00-04:00,13.121166229248047,13.29754638671875,12.95245361328125,13.213190078735352,12.858916282653809,2662246,0.0,0.0,HWM
2018-07-09 00:00:00-04:00,13.312883377075195,13.657975196838379,13.259202003479004,13.642638206481934,13.276851654052734,5732123,0.0,0.0,HWM
2018-07-10 00:00:00-04:00,13.642638206481934,13.696318626403809,13.420245170593262,13.604293823242188,13.239534378051758,3400962,0.0,0.0,HWM
2018-07-11 00:00:00-04:00,13.397238731384277,13.404908180236816,13.0828218460083,13.105828285217285,12.754434585571289,2915744,0.0,0.0,HWM
2018-07-12 00:00:00-04:00,13.228528022766113,13.33588981628418,13.036809921264648,13.266871452331543,12.911160469055176,3626554,0.0,0.0,HWM
2018-07-13 00:00:00-04:00,13.251534461975098,13.36656379699707,13.1671781539917,13.328221321105957,12.970863342285156,2457258,0.0,0.0,HWM
2018-07-16 00:00:00-04:00,15.184048652648926,15.184048652648926,14.478528022766113,14.723925590515137,14.329146385192871,20845222,0.0,0.0,HWM
2018-07-17 00:00:00-04:00,14.593558311462402,14.846626281738281,14.516871452331543,14.754600524902344,14.358999252319336,8999295,0.0,0.0,HWM
2018-07-18 00:00:00-04:00,14.739263534545898,15.115031242370605,14.662576675415039,15.092024803161621,14.68737506866455,8359422,0.0,0.0,HWM
2018-07-19 00:00:00-04:00,15.0,15.115031242370605,14.677913665771484,14.700920104980469,14.306758880615234,7115928,0.0,0.0,HWM
2018-07-20 00:00:00-04:00,14.608896255493164,14.723925590515137,14.54754638671875,14.593558311462402,14.20227336883545,3437474,0.0,0.0,HWM
2018-07-23 00:00:00-04:00,14.570551872253418,14.631901741027832,14.478528022766113,14.562883377075195,14.172420501708984,2888490,0.0,0.0,HWM
2018-07-24 00:00:00-04:00,14.700920104980469,14.961655616760254,14.639571189880371,14.900306701660156,14.500801086425781,4013582,0.0,0.0,HWM
2018-07-25 00:00:00-04:00,14.877301216125488,14.892638206481934,14.539876937866211,14.769939422607422,14.373926162719727,2782084,0.0,0.0,HWM
2018-07-26 00:00:00-04:00,15.86656379699707,16.526073455810547,15.713190078735352,16.395706176757812,15.95610523223877,9234928,0.0,0.0,HWM
2018-07-27 00:00:00-04:00,16.357362747192383,16.480060577392578,16.20398712158203,16.426380157470703,15.985954284667969,5657143,0.0,0.0,HWM
2018-07-30 00:00:00-04:00,16.357362747192383,16.54907989501953,15.950920104980469,15.996932983398438,15.56801986694336,6914069,0.0,0.0,HWM
2018-07-31 00:00:00-04:00,16.3343563079834,16.717790603637695,15.996932983398438,16.63343620300293,16.18745994567871,5232822,0.0,0.0,HWM
2018-08-01 00:00:00-04:00,16.62576675415039,16.63343620300293,16.25766944885254,16.418712615966797,15.978493690490723,9049630,0.0,0.0,HWM
2018-08-02 00:00:00-04:00,16.265336990356445,16.349693298339844,16.088956832885742,16.157974243164062,15.768936157226562,4822453,0.046012,0.0,HWM
2018-08-03 00:00:00-04:00,16.119632720947266,16.31901741027832,16.065950393676758,16.280675888061523,15.888679504394531,2497551,0.0,0.0,HWM
2018-08-06 00:00:00-04:00,16.226993560791016,16.36503028869629,16.1656436920166,16.24233055114746,15.851263999938965,2319816,0.0,0.0,HWM
2018-08-07 00:00:00-04:00,16.234663009643555,16.29601287841797,16.042945861816406,16.065950393676758,15.679130554199219,3196104,0.0,0.0,HWM
2018-08-08 00:00:00-04:00,16.104293823242188,16.111963272094727,15.943251609802246,16.035276412963867,15.649195671081543,2989029,0.0,0.0,HWM
2018-08-09 00:00:00-04:00,15.935583114624023,16.25766944885254,15.920245170593262,15.927913665771484,15.544415473937988,2699019,0.0,0.0,HWM
2018-08-10 00:00:00-04:00,15.805214881896973,16.019939422607422,15.705520629882812,15.958588600158691,15.574352264404297,2738922,0.0,0.0,HWM
2018-08-13 00:00:00-04:00,15.943251609802246,15.996932983398438,15.598159790039062,15.651840209960938,15.27499008178711,3039754,0.0,0.0,HWM
2018-08-14 00:00:00-04:00,15.720858573913574,15.927913665771484,15.674846649169922,15.86656379699707,15.484540939331055,2371454,0.0,0.0,HWM
2018-08-15 00:00:00-04:00,15.766871452331543,15.766871452331543,15.406441688537598,15.598159790039062,15.222599983215332,4107339,0.0,0.0,HWM
2018-08-16 00:00:00-04:00,15.759202003479004,15.96625804901123,15.728528022766113,15.87423324584961,15.492027282714844,2169074,0.0,0.0,HWM
2018-08-17 00:00:00-04:00,15.851226806640625,16.081287384033203,15.820551872253418,16.012269973754883,15.626741409301758,2037891,0.0,0.0,HWM
2018-08-20 00:00:00-04:00,16.09662628173828,16.303680419921875,16.065950393676758,16.25766944885254,15.866231918334961,2558709,0.0,0.0,HWM
2018-08-21 00:00:00-04:00,16.226993560791016,16.564416885375977,16.226993560791016,16.533742904663086,16.135658264160156,2948083,0.0,0.0,HWM
2018-08-22 00:00:00-04:00,16.54907989501953,16.5950927734375,16.418712615966797,16.434049606323242,16.038366317749023,2910919,0.0,0.0,HWM
2018-08-23 00:00:00-04:00,16.434049606323242,16.434049606323242,16.13496971130371,16.280675888061523,15.888679504394531,2760959,0.0,0.0,HWM
2018-08-24 00:00:00-04:00,16.3343563079834,17.147239685058594,16.29601287841797,17.04754638671875,16.637096405029297,9627693,0.0,0.0,HWM
2018-08-27 00:00:00-04:00,16.901840209960938,17.13190269470215,16.863496780395508,16.917177200317383,16.50986099243164,5244949,0.0,0.0,HWM
2018-08-28 00:00:00-04:00,17.024539947509766,17.032209396362305,16.564416885375977,16.794479370117188,16.390111923217773,2803600,0.0,0.0,HWM
2018-08-29 00:00:00-04:00,16.832822799682617,17.062883377075195,16.733129501342773,17.00153350830078,16.592187881469727,3566701,0.0,0.0,HWM
2018-08-30 00:00:00-04:00,16.924846649169922,17.223926544189453,16.794479370117188,16.924846649169922,16.517343521118164,4553307,0.0,0.0,HWM
2018-08-31 00:00:00-04:00,16.863496780395508,17.20092010498047,16.863496780395508,17.16257667541504,16.749357223510742,3465119,0.0,0.0,HWM
2018-09-04 00:00:00-04:00,16.993864059448242,17.032209396362305,16.840490341186523,16.940183639526367,16.532316207885742,3299250,0.0,0.0,HWM
2018-09-05 00:00:00-04:00,16.947853088378906,17.024539947509766,16.832822799682617,16.993864059448242,16.584699630737305,2309254,0.0,0.0,HWM
2018-09-06 00:00:00-04:00,16.96319007873535,17.185583114624023,16.763803482055664,16.809816360473633,16.405080795288086,2311862,0.0,0.0,HWM
2018-09-07 00:00:00-04:00,16.740798950195312,16.947853088378906,16.67177963256836,16.809816360473633,16.405080795288086,2362587,0.0,0.0,HWM
2018-09-10 00:00:00-04:00,16.863496780395508,17.024539947509766,16.825153350830078,16.863496780395508,16.457473754882812,2899444,0.0,0.0,HWM
2018-09-11 00:00:00-04:00,16.85582733154297,17.147239685058594,16.733129501342773,17.03987693786621,16.629608154296875,3160896,0.0,0.0,HWM
2018-09-12 00:00:00-04:00,17.07822036743164,17.446319580078125,17.070552825927734,17.400306701660156,16.981355667114258,2742312,0.0,0.0,HWM
2018-09-13 00:00:00-04:00,17.446319580078125,17.607362747192383,17.246932983398438,17.254600524902344,16.839160919189453,4983106,0.0,0.0,HWM
2018-09-14 00:00:00-04:00,17.2392635345459,17.46165657043457,17.2392635345459,17.400306701660156,16.981355667114258,3281125,0.0,0.0,HWM
2018-09-17 00:00:00-04:00,17.101226806640625,17.523006439208984,17.016870498657227,17.42331314086914,17.003807067871094,4973978,0.0,0.0,HWM
2018-09-18 00:00:00-04:00,17.515336990356445,17.638036727905273,17.23159408569336,17.630367279052734,17.20587158203125,3301076,0.0,0.0,HWM
2018-09-19 00:00:00-04:00,17.638036727905273,17.737730026245117,17.46165657043457,17.5,17.078649520874023,3032843,0.0,0.0,HWM
2018-09-20 00:00:00-04:00,17.57668685913086,17.630367279052734,17.269939422607422,17.331287384033203,16.913999557495117,3237441,0.0,0.0,HWM
2018-09-21 00:00:00-04:00,17.361963272094727,17.714723587036133,17.338956832885742,17.54601287841797,17.123554229736328,8007603,0.0,0.0,HWM
2018-09-24 00:00:00-04:00,17.42331314086914,17.42331314086914,16.5107364654541,16.579755783081055,16.180561065673828,5641626,0.0,0.0,HWM
2018-09-25 00:00:00-04:00,16.679447174072266,17.04754638671875,16.61809730529785,16.932514190673828,16.52483367919922,4488368,0.0,0.0,HWM
2018-09-26 00:00:00-04:00,16.947853088378906,17.00153350830078,16.44171714782715,16.51840591430664,16.120689392089844,3436170,0.0,0.0,HWM
2018-09-27 00:00:00-04:00,16.533742904663086,16.871166229248047,16.495399475097656,16.809816360473633,16.405080795288086,2830984,0.0,0.0,HWM
2018-09-28 00:00:00-04:00,16.771472930908203,17.062883377075195,16.679447174072266,16.878833770751953,16.472440719604492,3051230,0.0,0.0,HWM
2018-10-01 00:00:00-04:00,16.947853088378906,17.032209396362305,16.763803482055664,16.978527069091797,16.569734573364258,4145677,0.0,0.0,HWM
2018-10-02 00:00:00-04:00,17.024539947509766,17.04754638671875,16.85582733154297,17.016870498657227,16.607149124145508,2064102,0.0,0.0,HWM
2018-10-03 00:00:00-04:00,17.03987693786621,17.177913665771484,16.901840209960938,17.08588981628418,16.67451286315918,1999945,0.0,0.0,HWM
2018-10-04 00:00:00-04:00,17.07822036743164,17.185583114624023,16.909509658813477,17.032209396362305,16.622121810913086,2140386,0.0,0.0,HWM
2018-10-05 00:00:00-04:00,16.993864059448242,17.20092010498047,16.69478416442871,16.74846649169922,16.345216751098633,5232822,0.0,0.0,HWM
2018-10-08 00:00:00-04:00,17.139570236206055,18.098159790039062,17.139570236206055,17.94478416442871,17.512723922729492,8985473,0.0,0.0,HWM
2018-10-09 00:00:00-04:00,17.94478416442871,17.983129501342773,17.315950393676758,17.515336990356445,17.093618392944336,6030478,0.0,0.0,HWM
2018-10-10 00:00:00-04:00,17.46165657043457,17.50766944885254,16.648773193359375,16.679447174072266,16.277851104736328,5064084,0.0,0.0,HWM
2018-10-11 00:00:00-04:00,16.564416885375977,16.77914047241211,16.18098258972168,16.234663009643555,15.843780517578125,5845702,0.0,0.0,HWM
2018-10-12 00:00:00-04:00,16.602760314941406,16.62576675415039,16.226993560791016,16.572086334228516,16.173078536987305,4775378,0.0,0.0,HWM
2018-10-15 00:00:00-04:00,16.610429763793945,16.763803482055664,16.457054138183594,16.472393035888672,16.075782775878906,4555654,0.0,0.0,HWM
2018-10-16 00:00:00-04:00,16.610429763793945,17.03987693786621,16.54907989501953,17.016870498657227,16.607149124145508,4488759,0.0,0.0,HWM
2018-10-17 00:00:00-04:00,17.04754638671875,17.315950393676758,16.85582733154297,17.269939422607422,16.854129791259766,4614074,0.0,0.0,HWM
2018-10-18 00:00:00-04:00,17.193252563476562,17.407974243164062,16.871166229248047,16.89417266845703,16.487409591674805,4290942,0.0,0.0,HWM
2018-10-19 00:00:00-04:00,16.909509658813477,16.978527069091797,16.426380157470703,16.77914047241211,16.37514877319336,5337142,0.0,0.0,HWM
2018-10-22 00:00:00-04:00,16.78680992126465,16.78680992126465,16.127300262451172,16.449386596679688,16.05333709716797,5920290,0.0,0.0,HWM
2018-10-23 00:00:00-04:00,16.127300262451172,16.25,15.628833770751953,15.83588981628418,15.454606056213379,8503514,0.0,0.0,HWM
2018-10-24 00:00:00-04:00,15.851226806640625,15.935583114624023,15.214723587036133,15.237730026245117,14.870849609375,4968370,0.0,0.0,HWM
2018-10-25 00:00:00-04:00,15.314416885375977,15.429448127746582,15.107361793518066,15.299079895019531,14.9307222366333,3998586,0.0,0.0,HWM
2018-10-26 00:00:00-04:00,15.038344383239746,15.322086334228516,14.777606964111328,15.214723587036133,14.848395347595215,3437866,0.0,0.0,HWM
2018-10-29 00:00:00-04:00,15.490797996520996,15.490797996520996,14.463190078735352,14.739263534545898,14.384387016296387,5411339,0.0,0.0,HWM
2018-10-30 00:00:00-04:00,15.015336990356445,15.253067016601562,14.48619556427002,15.107361793518066,14.743619918823242,7328480,0.0,0.0,HWM
2018-10-31 00:00:00-04:00,16.142637252807617,16.142637252807617,15.559816360473633,15.59049129486084,15.215117454528809,11381964,0.0,0.0,HWM
2018-11-01 00:00:00-04:00,15.644171714782715,16.411043167114258,15.498465538024902,16.311349868774414,15.965738296508789,9617391,0.046012,0.0,HWM
2018-11-02 00:00:00-04:00,16.44171714782715,16.656442642211914,16.104293823242188,16.226993560791016,15.8831787109375,5464151,0.0,0.0,HWM
2018-11-05 00:00:00-05:00,16.042945861816406,16.127300262451172,15.437116622924805,15.920245170593262,15.582921981811523,8621526,0.0,0.0,HWM
2018-11-06 00:00:00-05:00,15.927913665771484,16.29601287841797,15.87423324584961,16.042945861816406,15.703025817871094,10155552,0.0,0.0,HWM
2018-11-07 00:00:00-05:00,16.13496971130371,16.36503028869629,16.004600524902344,16.21165657043457,15.868159294128418,7306182,0.0,0.0,HWM
2018-11-08 00:00:00-05:00,16.18098258972168,16.280675888061523,15.927913665771484,16.142637252807617,15.8006010055542,11888177,0.0,0.0,HWM
2018-11-09 00:00:00-05:00,15.973925590515137,16.127300262451172,15.674846649169922,15.927913665771484,15.59042739868164,4423038,0.0,0.0,HWM
2018-11-12 00:00:00-05:00,15.83588981628418,15.858896255493164,15.352761268615723,15.398773193359375,15.07249927520752,5266856,0.0,0.0,HWM
2018-11-13 00:00:00-05:00,15.421778678894043,15.828221321105957,15.276074409484863,15.421778678894043,15.095020294189453,6619626,0.0,0.0,HWM
2018-11-14 00:00:00-05:00,15.651840209960938,15.881901741027832,15.421778678894043,15.598159790039062,15.267660140991211,6962447,0.0,0.0,HWM
2018-11-15 00:00:00-05:00,15.406441688537598,15.897238731384277,15.199386596679688,15.843558311462402,15.507859230041504,4930163,0.0,0.0,HWM
2018-11-16 00:00:00-05:00,15.720858573913574,15.812883377075195,15.345091819763184,15.45245361328125,15.125041961669922,6925414,0.0,0.0,HWM
2018-11-19 00:00:00-05:00,15.45245361328125,16.3343563079834,15.260736465454102,15.598159790039062,15.267660140991211,10604650,0.0,0.0,HWM
2018-11-20 00:00:00-05:00,15.322086334228516,15.605828285217285,15.145706176757812,15.214723587036133,14.892348289489746,5874390,0.0,0.0,HWM
2018-11-21 00:00:00-05:00,15.322086334228516,15.751534461975098,15.191718101501465,15.713190078735352,15.380254745483398,6498875,0.0,0.0,HWM
2018-11-23 00:00:00-05:00,15.613496780395508,15.759202003479004,15.559816360473633,15.720858573913574,15.387757301330566,1820384,0.0,0.0,HWM
2018-11-26 00:00:00-05:00,15.881901741027832,15.927913665771484,15.5828218460083,15.690183639526367,15.35773754119873,3494329,0.0,0.0,HWM
2018-11-27 00:00:00-05:00,15.536809921264648,15.651840209960938,15.345091819763184,15.628833770751953,15.297682762145996,6411768,0.0,0.0,HWM
2018-11-28 00:00:00-05:00,15.682515144348145,16.081287384033203,15.5828218460083,15.96625804901123,15.627957344055176,4213094,0.0,0.0,HWM
2018-11-29 00:00:00-05:00,15.912576675415039,16.63343620300293,15.759202003479004,16.36503028869629,16.01828384399414,10612213,0.0,0.0,HWM
2018-11-30 00:00:00-05:00,16.303680419921875,16.480060577392578,16.050613403320312,16.472393035888672,16.123369216918945,5886908,0.0,0.0,HWM
2018-12-03 00:00:00-05:00,16.54907989501953,16.67177963256836,16.150306701660156,16.503067016601562,16.153396606445312,8049070,0.0,0.0,HWM
2018-12-04 00:00:00-05:00,16.503067016601562,16.61809730529785,15.789876937866211,15.989263534545898,15.65047550201416,5983404,0.0,0.0,HWM
2018-12-06 00:00:00-05:00,15.628833770751953,15.881901741027832,15.467790603637695,15.743865013122559,15.410279273986816,6735160,0.0,0.0,HWM
2018-12-07 00:00:00-05:00,15.759202003479004,15.935583114624023,15.498465538024902,15.559816360473633,15.230128288269043,5292936,0.0,0.0,HWM
2018-12-10 00:00:00-05:00,15.51380443572998,15.605828285217285,14.938650131225586,15.253067016601562,14.929879188537598,7283362,0.0,0.0,HWM
2018-12-11 00:00:00-05:00,15.5828218460083,15.851226806640625,15.199386596679688,15.444785118103027,15.117533683776855,4870310,0.0,0.0,HWM
2018-12-12 00:00:00-05:00,15.720858573913574,15.812883377075195,15.467790603637695,15.536809921264648,15.207611083984375,5604983,0.0,0.0,HWM
2018-12-13 00:00:00-05:00,15.567484855651855,15.713190078735352,15.199386596679688,15.291411399841309,14.967412948608398,3786034,0.0,0.0,HWM
2018-12-14 00:00:00-05:00,15.184048652648926,15.475460052490234,15.069018363952637,15.138036727905273,14.817286491394043,8331126,0.0,0.0,HWM
2018-12-17 00:00:00-05:00,15.07668685913086,15.38343620300293,14.539876937866211,14.685583114624023,14.374420166015625,7767667,0.0,0.0,HWM
2018-12-18 00:00:00-05:00,14.861963272094727,14.992330551147461,14.271471977233887,14.34049129486084,14.036639213562012,5970103,0.0,0.0,HWM
2018-12-19 00:00:00-05:00,14.317484855651855,14.562883377075195,13.688650131225586,13.742330551147461,13.451153755187988,6955927,0.0,0.0,HWM
2018-12-20 00:00:00-05:00,13.872698783874512,13.926380157470703,13.259202003479004,13.46625804901123,13.180930137634277,7843560,0.0,0.0,HWM
2018-12-21 00:00:00-05:00,13.420245170593262,13.765336990356445,12.967790603637695,13.021471977233887,12.745569229125977,13937804,0.0,0.0,HWM
2018-12-24 00:00:00-05:00,12.829754829406738,12.91411018371582,12.346626281738281,12.377301216125488,12.115046501159668,3218533,0.0,0.0,HWM
2018-12-26 00:00:00-05:00,12.492330551147461,12.91411018371582,11.98619556427002,12.91411018371582,12.640480041503906,6208214,0.0,0.0,HWM
2018-12-27 00:00:00-05:00,12.714723587036133,13.067484855651855,12.461655616760254,13.059816360473633,12.783099174499512,4998754,0.0,0.0,HWM
2018-12-28 00:00:00-05:00,13.113496780395508,13.23619556427002,12.799079895019531,12.852761268615723,12.58043384552002,3741176,0.0,0.0,HWM
2018-12-31 00:00:00-05:00,12.868098258972168,12.967790603637695,12.538344383239746,12.929448127746582,12.65549373626709,6649487,0.0,0.0,HWM
2019-01-02 00:00:00-05:00,12.768404960632324,14.26380443572998,12.684048652648926,14.233128547668457,13.931549072265625,14572070,0.0,0.0,HWM
2019-01-03 00:00:00-05:00,14.256134986877441,14.279141426086426,13.803681373596191,14.13343620300293,13.83397102355957,7972656,0.0,0.0,HWM
2019-01-04 00:00:00-05:00,14.317484855651855,14.838956832885742,14.279141426086426,14.539876937866211,14.231801986694336,7616142,0.0,0.0,HWM
2019-01-07 00:00:00-05:00,14.516871452331543,14.953988075256348,14.401840209960938,14.884968757629395,14.569578170776367,6115890,0.0,0.0,HWM
2019-01-08 00:00:00-05:00,15.053681373596191,15.153373718261719,14.900306701660156,14.930981636047363,14.614618301391602,5327101,0.0,0.0,HWM
2019-01-09 00:00:00-05:00,15.122698783874512,15.199386596679688,14.930981636047363,14.969325065612793,14.65215015411377,4124030,0.0,0.0,HWM
2019-01-10 00:00:00-05:00,14.900306701660156,15.122698783874512,14.532209396362305,15.038344383239746,14.719705581665039,5019226,0.0,0.0,HWM
2019-01-11 00:00:00-05:00,14.838956832885742,15.176380157470703,14.838956832885742,15.092024803161621,14.772247314453125,3602300,0.0,0.0,HWM
2019-01-14 00:00:00-05:00,14.79294490814209,14.976993560791016,14.601226806640625,14.854293823242188,14.539557456970215,4984540,0.0,0.0,HWM
2019-01-15 00:00:00-05:00,14.823619842529297,15.567484855651855,14.593558311462402,15.391103744506836,15.06498908996582,16491297,0.0,0.0,HWM
2019-01-16 00:00:00-05:00,15.41411018371582,15.621166229248047,15.20705509185791,15.41411018371582,15.087510108947754,7249327,0.0,0.0,HWM
2019-01-17 00:00:00-05:00,15.337423324584961,15.621166229248047,15.337423324584961,15.475460052490234,15.147560119628906,7015911,0.0,0.0,HWM
2019-01-18 00:00:00-05:00,15.621166229248047,15.805214881896973,15.506134986877441,15.598159790039062,15.267660140991211,8194075,0.0,0.0,HWM
2019-01-22 00:00:00-05:00,12.806748390197754,13.412576675415039,12.361963272094727,13.105828285217285,12.82813835144043,55218793,0.0,0.0,HWM
2019-01-23 00:00:00-05:00,13.251534461975098,14.03374195098877,13.251534461975098,13.842024803161621,13.548734664916992,17022286,0.0,0.0,HWM
2019-01-24 00:00:00-05:00,13.842024803161621,14.233128547668457,13.489263534545898,14.110428810119629,13.811450004577637,9590529,0.0,0.0,HWM
2019-01-25 00:00:00-05:00,14.26380443572998,14.493865013122559,14.187116622924805,14.217790603637695,13.916539192199707,10278780,0.0,0.0,HWM
2019-01-28 00:00:00-05:00,14.03374195098877,14.20245361328125,13.849693298339844,14.003067016601562,13.706365585327148,4928077,0.0,0.0,HWM
2019-01-29 00:00:00-05:00,14.110428810119629,14.325153350830078,14.049079895019531,14.102761268615723,13.803945541381836,7247371,0.0,0.0,HWM
2019-01-30 00:00:00-05:00,14.302146911621094,14.516871452331543,14.03374195098877,14.348159790039062,14.044143676757812,5987838,0.0,0.0,HWM
2019-01-31 00:00:00-05:00,14.294479370117188,14.532209396362305,14.279141426086426,14.432515144348145,14.126712799072266,4855053,0.0,0.0,HWM
2019-02-01 00:00:00-05:00,14.478528022766113,14.562883377075195,14.118098258972168,14.187116622924805,13.886513710021973,6919676,0.0,0.0,HWM
2019-02-04 00:00:00-05:00,14.194785118103027,14.371166229248047,14.064416885375977,14.363496780395508,14.059158325195312,6119672,0.0,0.0,HWM
2019-02-05 00:00:00-05:00,14.386503219604492,14.562883377075195,14.325153350830078,14.424846649169922,14.119207382202148,4241130,0.0,0.0,HWM
2019-02-06 00:00:00-05:00,14.079754829406738,14.470858573913574,13.688650131225586,14.049079895019531,13.751404762268066,13746638,0.0,0.0,HWM
2019-02-07 00:00:00-05:00,13.980060577392578,14.018404960632324,13.29754638671875,13.558281898498535,13.31461238861084,9058106,0.046012,0.0,HWM
2019-02-08 00:00:00-05:00,13.88036823272705,13.95705509185791,12.776074409484863,13.113496780395508,12.877819061279297,13017962,0.0,0.0,HWM
2019-02-11 00:00:00-05:00,13.266871452331543,13.757669448852539,13.266871452331543,13.412576675415039,13.171523094177246,11771208,0.0,0.0,HWM
2019-02-12 00:00:00-05:00,13.496932983398438,13.842024803161621,13.496932983398438,13.742330551147461,13.495351791381836,7829216,0.0,0.0,HWM
2019-02-13 00:00:00-05:00,13.803681373596191,13.995399475097656,13.711655616760254,13.719325065612793,13.472757339477539,6181221,0.0,0.0,HWM
2019-02-14 00:00:00-05:00,13.680981636047363,13.711655616760254,13.389571189880371,13.412576675415039,13.171523094177246,5186660,0.0,0.0,HWM
2019-02-15 00:00:00-05:00,13.519939422607422,13.680981636047363,13.427913665771484,13.458588600158691,13.21670913696289,6403292,0.0,0.0,HWM
2019-02-19 00:00:00-05:00,13.588956832885742,13.995399475097656,13.573619842529297,13.849693298339844,13.600785255432129,8581233,0.0,0.0,HWM
2019-02-20 00:00:00-05:00,13.849693298339844,14.233128547668457,13.788344383239746,14.102761268615723,13.849303245544434,6719642,0.0,0.0,HWM
2019-02-21 00:00:00-05:00,14.072086334228516,14.240797996520996,13.941718101501465,13.987730026245117,13.736339569091797,5853917,0.0,0.0,HWM
2019-02-22 00:00:00-05:00,14.072086334228516,14.110428810119629,13.75,14.018404960632324,13.766465187072754,5308714,0.0,0.0,HWM
2019-02-25 00:00:00-05:00,14.072086334228516,14.187116622924805,13.987730026245117,14.118098258972168,13.864365577697754,6520522,0.0,0.0,HWM
2019-02-26 00:00:00-05:00,14.072086334228516,14.3328218460083,13.995399475097656,14.12576675415039,13.871895790100098,7011608,0.0,0.0,HWM
2019-02-27 00:00:00-05:00,14.095091819763184,14.394171714782715,14.095091819763184,14.286809921264648,14.030045509338379,5267378,0.0,0.0,HWM
2019-02-28 00:00:00-05:00,14.217790603637695,14.325153350830078,14.118098258972168,14.179448127746582,13.924612045288086,4304113,0.0,0.0,HWM
2019-03-01 00:00:00-05:00,14.271471977233887,14.363496780395508,14.095091819763184,14.34049129486084,14.082761764526367,6189175,0.0,0.0,HWM
2019-03-04 00:00:00-05:00,14.478528022766113,14.693251609802246,14.148773193359375,14.179448127746582,13.924612045288086,5137369,0.0,0.0,HWM
2019-03-05 00:00:00-05:00,14.217790603637695,14.432515144348145,14.148773193359375,14.271471977233887,14.014984130859375,6287627,0.0,0.0,HWM
2019-03-06 00:00:00-05:00,14.271471977233887,14.532209396362305,14.20245361328125,14.271471977233887,14.014984130859375,6291409,0.0,0.0,HWM
2019-03-07 00:00:00-05:00,14.233128547668457,14.279141426086426,13.82668685913086,14.049079895019531,13.796590805053711,5810102,0.0,0.0,HWM
2019-03-08 00:00:00-05:00,13.964723587036133,14.355828285217285,13.888036727905273,14.179448127746582,13.924612045288086,3735047,0.0,0.0,HWM
2019-03-11 00:00:00-04:00,13.987730026245117,14.516871452331543,13.972393035888672,14.424846649169922,14.16560173034668,6515827,0.0,0.0,HWM
2019-03-12 00:00:00-04:00,14.4171781539917,14.532209396362305,14.294479370117188,14.470858573913574,14.210787773132324,6652226,0.0,0.0,HWM
2019-03-13 00:00:00-04:00,14.509202003479004,14.654908180236816,14.455520629882812,14.532209396362305,14.271037101745605,5236082,0.0,0.0,HWM
2019-03-14 00:00:00-04:00,14.501534461975098,14.723925590515137,14.501534461975098,14.532209396362305,14.271037101745605,4869918,0.0,0.0,HWM
2019-03-15 00:00:00-04:00,14.516871452331543,14.662576675415039,14.463190078735352,14.562883377075195,14.301156997680664,8152738,0.0,0.0,HWM
2019-03-18 00:00:00-04:00,14.593558311462402,14.83128833770752,14.532209396362305,14.746932983398438,14.481901168823242,5622587,0.0,0.0,HWM
2019-03-19 00:00:00-04:00,14.785276412963867,14.938650131225586,14.58588981628418,14.662576675415039,14.399056434631348,5671096,0.0,0.0,HWM
2019-03-20 00:00:00-04:00,14.631901741027832,14.731595039367676,14.539876937866211,14.631901741027832,14.368935585021973,4658801,0.0,0.0,HWM
2019-03-21 00:00:00-04:00,14.532209396362305,14.800613403320312,14.532209396362305,14.723925590515137,14.459303855895996,5106986,0.0,0.0,HWM
2019-03-22 00:00:00-04:00,14.61656379699707,14.739263534545898,14.13343620300293,14.355828285217285,14.097822189331055,5691308,0.0,0.0,HWM
2019-03-25 00:00:00-04:00,14.325153350830078,14.562883377075195,14.248465538024902,14.26380443572998,14.007452011108398,5100335,0.0,0.0,HWM
2019-03-26 00:00:00-04:00,14.401840209960938,14.516871452331543,14.26380443572998,14.4171781539917,14.15807056427002,4455638,0.0,0.0,HWM
2019-03-27 00:00:00-04:00,14.455520629882812,14.62423324584961,14.363496780395508,14.509202003479004,14.24843978881836,4129377,0.0,0.0,HWM
2019-03-28 00:00:00-04:00,14.555214881896973,14.731595039367676,14.493865013122559,14.670245170593262,14.406588554382324,3812635,0.0,0.0,HWM
2019-03-29 00:00:00-04:00,14.762269973754883,14.946318626403809,14.61656379699707,14.654908180236816,14.39153003692627,6082899,0.0,0.0,HWM
2019-04-01 00:00:00-04:00,14.838956832885742,15.092024803161621,14.777606964111328,15.07668685913086,14.805726051330566,8734974,0.0,0.0,HWM
2019-04-02 00:00:00-04:00,15.061349868774414,15.253067016601562,15.007669448852539,15.145706176757812,14.873505592346191,4540006,0.0,0.0,HWM
2019-04-03 00:00:00-04:00,15.245399475097656,15.276074409484863,14.92331314086914,15.015336990356445,14.745476722717285,5715823,0.0,0.0,HWM
2019-04-04 00:00:00-04:00,14.992330551147461,15.268404960632324,14.984663009643555,15.237730026245117,14.963876724243164,4843056,0.0,0.0,HWM
2019-04-05 00:00:00-04:00,15.291411399841309,15.467790603637695,15.260736465454102,15.421778678894043,15.144619941711426,11605600,0.0,0.0,HWM
2019-04-08 00:00:00-04:00,15.306748390197754,15.59049129486084,15.161043167114258,15.536809921264648,15.25758171081543,5605896,0.0,0.0,HWM
2019-04-09 00:00:00-04:00,15.406441688537598,15.41411018371582,15.184048652648926,15.337423324584961,15.061777114868164,5378870,0.0,0.0,HWM
2019-04-10 00:00:00-04:00,15.337423324584961,15.552146911621094,15.329754829406738,15.398773193359375,15.122025489807129,5221086,0.0,0.0,HWM
2019-04-11 00:00:00-04:00,15.421778678894043,15.697853088378906,15.398773193359375,15.621166229248047,15.340420722961426,5442505,0.0,0.0,HWM
2019-04-12 00:00:00-04:00,15.751534461975098,15.950920104980469,15.713190078735352,15.881901741027832,15.596470832824707,4726739,0.0,0.0,HWM
2019-04-15 00:00:00-04:00,15.87423324584961,15.950920104980469,15.743865013122559,15.759202003479004,15.475975036621094,5200222,0.0,0.0,HWM
2019-04-16 00:00:00-04:00,15.858896255493164,15.981595039367676,15.766871452331543,15.858896255493164,15.573877334594727,4536877,0.0,0.0,HWM
2019-04-17 00:00:00-04:00,15.337423324584961,15.475460052490234,15.092024803161621,15.276074409484863,15.0015287399292,13506702,0.0,0.0,HWM
2019-04-18 00:00:00-04:00,15.322086334228516,15.460123062133789,15.291411399841309,15.368098258972168,15.091902732849121,5796932,0.0,0.0,HWM
2019-04-22 00:00:00-04:00,15.28374195098877,15.598159790039062,15.253067016601562,15.552146911621094,15.272640228271484,4395132,0.0,0.0,HWM
2019-04-23 00:00:00-04:00,15.644171714782715,15.935583114624023,15.621166229248047,15.858896255493164,15.573877334594727,5228910,0.0,0.0,HWM
2019-04-24 00:00:00-04:00,15.927913665771484,16.303680419921875,15.897238731384277,16.18098258972168,15.890177726745605,7018780,0.0,0.0,HWM
2019-04-25 00:00:00-04:00,16.104293823242188,16.150306701660156,15.805214881896973,15.828221321105957,15.543756484985352,4887392,0.0,0.0,HWM
2019-04-26 00:00:00-04:00,15.79754638671875,15.889571189880371,15.728528022766113,15.858896255493164,15.573877334594727,3838976,0.0,0.0,HWM
2019-04-29 00:00:00-04:00,15.858896255493164,16.019939422607422,15.843558311462402,15.87423324584961,15.58893871307373,3714574,0.0,0.0,HWM
2019-04-30 00:00:00-04:00,16.3343563079834,16.503067016601562,15.889571189880371,16.472393035888672,16.176347732543945,9291782,0.0,0.0,HWM
2019-05-01 00:00:00-04:00,16.487730026245117,16.993864059448242,16.44171714782715,16.457054138183594,16.161279678344727,9593137,0.0,0.0,HWM
2019-05-02 00:00:00-04:00,16.809816360473633,17.032209396362305,16.69478416442871,16.802146911621094,16.515567779541016,7618359,0.015337,0.0,HWM
2019-05-03 00:00:00-04:00,16.85582733154297,17.208589553833008,16.69478416442871,17.185583114624023,16.89246368408203,5939329,0.0,0.0,HWM
2019-05-06 00:00:00-04:00,16.77914047241211,17.23159408569336,16.725460052490234,17.170244216918945,16.87738609313965,4250258,0.0,0.0,HWM
2019-05-07 00:00:00-04:00,17.07822036743164,17.277606964111328,16.901840209960938,17.093557357788086,16.80200958251953,4493714,0.0,0.0,HWM
2019-05-08 00:00:00-04:00,17.05521583557129,17.38496971130371,16.97085952758789,17.170244216918945,16.87738609313965,3892570,0.0,0.0,HWM
2019-05-09 00:00:00-04:00,17.00153350830078,17.05521583557129,16.77914047241211,16.940183639526367,16.65125274658203,4511449,0.0,0.0,HWM
2019-05-10 00:00:00-04:00,16.825153350830078,17.30828285217285,16.687116622924805,17.2392635345459,16.94522476196289,4899258,0.0,0.0,HWM
2019-05-13 00:00:00-04:00,16.794479370117188,16.940183639526367,16.44171714782715,16.495399475097656,16.21405029296875,4989104,0.0,0.0,HWM
2019-05-14 00:00:00-04:00,16.5950927734375,16.947853088378906,16.51840591430664,16.763803482055664,16.477882385253906,3649505,0.0,0.0,HWM
2019-05-15 00:00:00-04:00,16.5950927734375,16.955520629882812,16.5950927734375,16.878833770751953,16.590944290161133,4717350,0.0,0.0,HWM
2019-05-16 00:00:00-04:00,16.96319007873535,17.147239685058594,16.901840209960938,16.96319007873535,16.673864364624023,4320543,0.0,0.0,HWM
2019-05-17 00:00:00-04:00,16.733129501342773,17.11656379699707,16.679447174072266,16.840490341186523,16.55325698852539,5740208,0.0,0.0,HWM
2019-05-20 00:00:00-04:00,16.802146911621094,17.00153350830078,16.733129501342773,16.878833770751953,16.590944290161133,4785810,0.0,0.0,HWM
2019-05-21 00:00:00-04:00,16.955520629882812,17.16257667541504,16.932514190673828,17.16257667541504,16.869853973388672,4637937,0.0,0.0,HWM
2019-05-22 00:00:00-04:00,17.177913665771484,17.361963272094727,17.139570236206055,17.1549072265625,16.86231231689453,4263167,0.0,0.0,HWM
2019-05-23 00:00:00-04:00,16.924846649169922,17.13190269470215,16.863496780395508,17.032209396362305,16.741703033447266,3587565,0.0,0.0,HWM
2019-05-24 00:00:00-04:00,17.12423324584961,17.269939422607422,16.978527069091797,17.062883377075195,16.771854400634766,4182319,0.0,0.0,HWM
2019-05-28 00:00:00-04:00,17.05521583557129,17.193252563476562,16.97085952758789,16.978527069091797,16.68893814086914,4153631,0.0,0.0,HWM
2019-05-29 00:00:00-04:00,16.825153350830078,16.978527069091797,16.641103744506836,16.89417266845703,16.606021881103516,4262776,0.0,0.0,HWM
2019-05-30 00:00:00-04:00,16.886503219604492,17.00153350830078,16.809816360473633,16.871166229248047,16.583412170410156,2547364,0.0,0.0,HWM
2019-05-31 00:00:00-04:00,16.74846649169922,16.909509658813477,16.740798950195312,16.794479370117188,16.508028030395508,4355230,0.0,0.0,HWM
2019-06-03 00:00:00-04:00,16.77914047241211,16.986196517944336,16.687116622924805,16.96319007873535,16.673864364624023,6404596,0.0,0.0,HWM
2019-06-04 00:00:00-04:00,17.03987693786621,17.323619842529297,16.978527069091797,17.292945861816406,16.99799346923828,4787897,0.0,0.0,HWM
2019-06-05 00:00:00-04:00,17.331287384033203,17.622699737548828,17.323619842529297,17.622699737548828,17.322124481201172,3951381,0.0,0.0,HWM
2019-06-06 00:00:00-04:00,17.638036727905273,17.92177963256836,17.553680419921875,17.852760314941406,17.54825782775879,5070604,0.0,0.0,HWM
2019-06-07 00:00:00-04:00,17.88343620300293,18.10582733154297,17.8450927734375,18.052146911621094,17.744247436523438,4995102,0.0,0.0,HWM
2019-06-10 00:00:00-04:00,18.182514190673828,18.320552825927734,17.83742332458496,17.860429763793945,17.555795669555664,4324977,0.0,0.0,HWM
2019-06-11 00:00:00-04:00,17.975460052490234,18.021472930908203,17.438650131225586,17.645706176757812,17.344736099243164,4743952,0.0,0.0,HWM
2019-06-12 00:00:00-04:00,17.638036727905273,17.668712615966797,17.300613403320312,17.377300262451172,17.08091163635254,4931858,0.0,0.0,HWM
2019-06-13 00:00:00-04:00,17.484663009643555,17.791410446166992,17.400306701660156,17.783742904663086,17.48042106628418,3333285,0.0,0.0,HWM
2019-06-14 00:00:00-04:00,17.730060577392578,17.730060577392578,17.56901741027832,17.622699737548828,17.322124481201172,4133419,0.0,0.0,HWM
2019-06-17 00:00:00-04:00,17.61503028869629,17.638036727905273,17.392637252807617,17.54601287841797,17.24674415588379,2646729,0.0,0.0,HWM
2019-06-18 00:00:00-04:00,17.638036727905273,18.098159790039062,17.57668685913086,18.044479370117188,17.73670768737793,3488461,0.0,0.0,HWM
2019-06-19 00:00:00-04:00,18.067485809326172,18.22085952758789,17.99846649169922,18.167177200317383,17.857318878173828,4599860,0.0,0.0,HWM
2019-06-20 00:00:00-04:00,18.389570236206055,18.527606964111328,18.30521583557129,18.519939422607422,18.20406150817871,7157134,0.0,0.0,HWM
2019-06-21 00:00:00-04:00,18.504600524902344,18.94171714782715,18.466257095336914,18.657974243164062,18.339746475219727,9969602,0.0,0.0,HWM
2019-06-24 00:00:00-04:00,18.70398712158203,18.842025756835938,18.611963272094727,18.63496971130371,18.317127227783203,4182058,0.0,0.0,HWM
2019-06-25 00:00:00-04:00,18.70398712158203,18.872699737548828,18.527606964111328,18.70398712158203,18.384971618652344,5060954,0.0,0.0,HWM
2019-06-26 00:00:00-04:00,18.803680419921875,19.148773193359375,18.719324111938477,19.08742332458496,18.76186180114746,3782643,0.0,0.0,HWM
2019-06-27 00:00:00-04:00,19.08742332458496,19.493864059448242,18.980060577392578,19.47085952758789,19.138757705688477,5216522,0.0,0.0,HWM
2019-06-28 00:00:00-04:00,19.493864059448242,19.80828285217285,19.447853088378906,19.800613403320312,19.462892532348633,6993352,0.0,0.0,HWM
2019-07-01 00:00:00-04:00,20.092025756835938,20.245399475097656,19.969324111938477,20.0,19.658878326416016,6825136,0.0,0.0,HWM
2019-07-02 00:00:00-04:00,20.023006439208984,20.199386596679688,19.892637252807617,20.053680419921875,19.711645126342773,3720442,0.0,0.0,HWM
2019-07-03 00:00:00-04:00,20.122699737548828,20.122699737548828,19.815950393676758,19.838956832885742,19.500585556030273,2907007,0.0,0.0,HWM
2019-07-05 00:00:00-04:00,19.754600524902344,20.023006439208984,19.61656379699707,20.015336990356445,19.67395782470703,4278424,0.0,0.0,HWM
2019-07-08 00:00:00-04:00,19.88496971130371,19.976993560791016,19.716257095336914,19.800613403320312,19.462892532348633,4398262,0.0,0.0,HWM
2019-07-09 00:00:00-04:00,19.723926544189453,19.84662628173828,19.6549072265625,19.815950393676758,19.477962493896484,3131034,0.0,0.0,HWM
2019-07-10 00:00:00-04:00,19.938650131225586,20.015336990356445,19.746932983398438,19.777606964111328,19.440282821655273,2054582,0.0,0.0,HWM
2019-07-11 00:00:00-04:00,19.769939422607422,19.800613403320312,19.66257667541504,19.723926544189453,19.38751220703125,1531548,0.0,0.0,HWM
2019-07-12 00:00:00-04:00,19.80828285217285,19.946319580078125,19.723926544189453,19.938650131225586,19.598575592041016,2099962,0.0,0.0,HWM
2019-07-15 00:00:00-04:00,19.938650131225586,19.976993560791016,19.608896255493164,19.800613403320312,19.462892532348633,2740747,0.0,0.0,HWM
2019-07-16 00:00:00-04:00,19.769939422607422,19.9156436920166,19.708589553833008,19.769939422607422,19.432737350463867,2926567,0.0,0.0,HWM
2019-07-17 00:00:00-04:00,19.762269973754883,19.762269973754883,19.348159790039062,19.401840209960938,19.0709228515625,2558187,0.0,0.0,HWM
2019-07-18 00:00:00-04:00,19.20245361328125,19.27914047241211,18.995399475097656,19.27914047241211,18.950315475463867,2530803,0.0,0.0,HWM
2019-07-19 00:00:00-04:00,19.46319007873535,19.47085952758789,19.271472930908203,19.309816360473633,18.9804630279541,2480078,0.0,0.0,HWM
2019-07-22 00:00:00-04:00,19.28680992126465,19.417177200317383,19.240798950195312,19.271472930908203,18.942781448364258,2465994,0.0,0.0,HWM
2019-07-23 00:00:00-04:00,19.417177200317383,19.440183639526367,19.187116622924805,19.294479370117188,18.96538734436035,3033104,0.0,0.0,HWM
2019-07-24 00:00:00-04:00,19.24846649169922,19.716257095336914,19.179447174072266,19.670244216918945,19.334749221801758,4106687,0.0,0.0,HWM
2019-07-25 00:00:00-04:00,19.66257667541504,19.723926544189453,19.424846649169922,19.639570236206055,19.30459213256836,2740878,0.0,0.0,HWM
2019-07-26 00:00:00-04:00,19.58588981628418,19.769939422607422,19.58588981628418,19.7392635345459,19.402589797973633,2218626,0.0,0.0,HWM
2019-07-29 00:00:00-04:00,19.7392635345459,19.777606964111328,19.263803482055664,19.28680992126465,18.957855224609375,3381402,0.0,0.0,HWM
2019-07-30 00:00:00-04:00,19.24846649169922,19.302146911621094,19.0107364654541,19.27914047241211,18.950315475463867,2860976,0.0,0.0,HWM
2019-07-31 00:00:00-04:00,19.294479370117188,19.50153350830078,19.056747436523438,19.20245361328125,18.87493133544922,2755352,0.0,0.0,HWM
2019-08-01 00:00:00-04:00,19.102760314941406,19.102760314941406,18.627300262451172,18.68098258972168,18.377031326293945,4906822,0.015337,0.0,HWM
2019-08-02 00:00:00-04:00,19.754600524902344,19.938650131225586,17.776073455810547,18.22085952758789,17.92439842224121,6400554,0.0,0.0,HWM
2019-08-05 00:00:00-04:00,17.891103744506836,18.420244216918945,17.753067016601562,18.067485809326172,17.77351951599121,5245340,0.0,0.0,HWM
2019-08-06 00:00:00-04:00,18.266870498657227,18.934049606323242,18.098159790039062,18.842025756835938,18.53546142578125,4326411,0.0,0.0,HWM
2019-08-07 00:00:00-04:00,18.872699737548828,19.348159790039062,18.4892635345459,19.332822799682617,19.018272399902344,5824577,0.0,0.0,HWM
2019-08-08 00:00:00-04:00,19.50153350830078,19.80828285217285,19.271472930908203,19.50153350830078,19.184236526489258,5348226,0.0,0.0,HWM
2019-08-09 00:00:00-04:00,19.562883377075195,19.716257095336914,19.240798950195312,19.340490341186523,19.02581787109375,2823030,0.0,0.0,HWM
2019-08-12 00:00:00-04:00,19.179447174072266,19.46319007873535,19.08742332458496,19.325153350830078,19.010725021362305,2447086,0.0,0.0,HWM
2019-08-13 00:00:00-04:00,19.225460052490234,19.708589553833008,19.12576675415039,19.47085952758789,19.154056549072266,3603604,0.0,0.0,HWM
2019-08-14 00:00:00-04:00,19.19478416442871,19.302146911621094,18.911043167114258,18.995399475097656,18.686336517333984,4019580,0.0,0.0,HWM
2019-08-15 00:00:00-04:00,19.033742904663086,19.033742904663086,18.71165657043457,18.842025756835938,18.53546142578125,3766474,0.0,0.0,HWM
2019-08-16 00:00:00-04:00,18.949386596679688,19.148773193359375,18.86503028869629,19.04907989501953,18.739145278930664,2415921,0.0,0.0,HWM
2019-08-19 00:00:00-04:00,19.225460052490234,19.317485809326172,19.110429763793945,19.19478416442871,18.882478713989258,3646766,0.0,0.0,HWM
2019-08-20 00:00:00-04:00,19.11809730529785,19.386503219604492,18.957054138183594,19.348159790039062,19.033355712890625,2230753,0.0,0.0,HWM
2019-08-21 00:00:00-04:00,19.601226806640625,19.601226806640625,19.302146911621094,19.325153350830078,19.010725021362305,1889887,0.0,0.0,HWM
2019-08-22 00:00:00-04:00,19.332822799682617,19.50153350830078,19.141103744506836,19.24846649169922,18.935283660888672,2081575,0.0,0.0,HWM
2019-08-23 00:00:00-04:00,19.0950927734375,19.378833770751953,18.4892635345459,18.642637252807617,18.339317321777344,10181371,0.0,0.0,HWM
2019-08-26 00:00:00-04:00,18.842025756835938,19.317485809326172,18.70398712158203,19.21012306213379,18.897567749023438,9535109,0.0,0.0,HWM
2019-08-27 00:00:00-04:00,19.240798950195312,19.53987693786621,19.156442642211914,19.309816360473633,18.995635986328125,11972546,0.0,0.0,HWM
2019-08-28 00:00:00-04:00,19.317485809326172,19.62423324584961,18.995399475097656,19.50153350830078,19.184236526489258,8820256,0.0,0.0,HWM
2019-08-29 00:00:00-04:00,19.746932983398438,19.938650131225586,19.601226806640625,19.792945861816406,19.470911026000977,3608038,0.0,0.0,HWM
2019-08-30 00:00:00-04:00,19.938650131225586,20.0,19.70092010498047,19.815950393676758,19.493532180786133,3953598,0.0,0.0,HWM
2019-09-03 00:00:00-04:00,19.716257095336914,19.938650131225586,19.562883377075195,19.92331314086914,19.599149703979492,3875488,0.0,0.0,HWM
2019-09-04 00:00:00-04:00,20.00766944885254,20.04601287841797,19.838956832885742,19.92331314086914,19.599149703979492,3257522,0.0,0.0,HWM
2019-09-05 00:00:00-04:00,19.99233055114746,20.092025756835938,19.838956832885742,19.946319580078125,19.62178611755371,4507798,0.0,0.0,HWM
2019-09-06 00:00:00-04:00,20.030675888061523,20.130367279052734,19.815950393676758,19.93098258972168,19.606691360473633,3818242,0.0,0.0,HWM
2019-09-09 00:00:00-04:00,20.015336990356445,20.26840591430664,19.93098258972168,20.168712615966797,19.840557098388672,3990631,0.0,0.0,HWM
2019-09-10 00:00:00-04:00,20.145706176757812,20.506135940551758,20.092025756835938,20.483129501342773,20.149860382080078,3136511,0.0,0.0,HWM
2019-09-11 00:00:00-04:00,20.391103744506836,20.636503219604492,20.245399475097656,20.621166229248047,20.28565216064453,3946165,0.0,0.0,HWM
2019-09-12 00:00:00-04:00,20.705520629882812,20.83588981628418,20.582822799682617,20.72085952758789,20.383724212646484,2922003,0.0,0.0,HWM
2019-09-13 00:00:00-04:00,20.843557357788086,20.897239685058594,20.651840209960938,20.774539947509766,20.43653106689453,3226357,0.0,0.0,HWM
2019-09-16 00:00:00-04:00,20.705520629882812,20.9892635345459,20.705520629882812,20.858896255493164,20.519515991210938,2692499,0.0,0.0,HWM
2019-09-17 00:00:00-04:00,20.782209396362305,20.98159408569336,20.567485809326172,20.889570236206055,20.5496883392334,3738698,0.0,0.0,HWM
2019-09-18 00:00:00-04:00,20.82822036743164,20.966257095336914,20.64417266845703,20.943252563476562,20.60249900817871,4099385,0.0,0.0,HWM
2019-09-19 00:00:00-04:00,20.958589553833008,21.019939422607422,20.759201049804688,20.812883377075195,20.4742488861084,3695145,0.0,0.0,HWM
2019-09-20 00:00:00-04:00,20.88190269470215,20.943252563476562,20.314416885375977,20.490798950195312,20.157405853271484,7737284,0.0,0.0,HWM
2019-09-23 00:00:00-04:00,20.398773193359375,20.552146911621094,20.291410446166992,20.52914047241211,20.19512176513672,5208828,0.0,0.0,HWM
2019-09-24 00:00:00-04:00,20.552146911621094,20.71319007873535,20.314416885375977,20.3450927734375,20.014068603515625,4352491,0.0,0.0,HWM
2019-09-25 00:00:00-04:00,20.306747436523438,20.437116622924805,20.11503028869629,20.314416885375977,19.983890533447266,5295935,0.0,0.0,HWM
2019-09-26 00:00:00-04:00,20.360429763793945,20.398773193359375,20.107362747192383,20.168712615966797,19.840557098388672,2904008,0.0,0.0,HWM
2019-09-27 00:00:00-04:00,20.19171714782715,20.306747436523438,19.984663009643555,20.023006439208984,19.697229385375977,3254654,0.0,0.0,HWM
2019-09-30 00:00:00-04:00,20.015336990356445,20.0843563079834,19.861963272094727,19.938650131225586,19.614240646362305,6057862,0.0,0.0,HWM
2019-10-01 00:00:00-04:00,19.96165657043457,20.030675888061523,19.20245361328125,19.371166229248047,19.05599021911621,6737898,0.0,0.0,HWM
2019-10-02 00:00:00-04:00,19.17177963256836,19.21012306213379,18.38190269470215,18.55828285217285,18.256330490112305,5278722,0.0,0.0,HWM
2019-10-03 00:00:00-04:00,18.535276412963867,18.619632720947266,18.205520629882812,18.59662628173828,18.29405403137207,3688364,0.0,0.0,HWM
2019-10-04 00:00:00-04:00,18.565950393676758,18.78834342956543,18.37423324584961,18.780675888061523,18.475107192993164,2934652,0.0,0.0,HWM
2019-10-07 00:00:00-04:00,19.056747436523438,19.156442642211914,18.81901741027832,18.980060577392578,18.671247482299805,3818242,0.0,0.0,HWM
2019-10-08 00:00:00-04:00,18.90337371826172,19.302146911621094,18.82668685913086,19.072086334228516,18.76177406311035,4579387,0.0,0.0,HWM
2019-10-09 00:00:00-04:00,19.27914047241211,19.70092010498047,19.17177963256836,19.62423324584961,19.304941177368164,2302342,0.0,0.0,HWM
2019-10-10 00:00:00-04:00,19.61656379699707,20.015336990356445,19.486196517944336,19.95398712158203,19.62932777404785,2275480,0.0,0.0,HWM
2019-10-11 00:00:00-04:00,20.207054138183594,20.544479370117188,20.207054138183594,20.283742904663086,19.953712463378906,3260522,0.0,0.0,HWM
2019-10-14 00:00:00-04:00,20.544479370117188,20.697853088378906,20.467790603637695,20.582822799682617,20.2479305267334,2852109,0.0,0.0,HWM
2019-10-15 00:00:00-04:00,20.705520629882812,21.411043167114258,20.636503219604492,21.36503028869629,21.017406463623047,4238391,0.0,0.0,HWM
2019-10-16 00:00:00-04:00,21.349693298339844,21.411043167114258,21.065950393676758,21.09662628173828,20.753376007080078,3750826,0.0,0.0,HWM
2019-10-17 00:00:00-04:00,21.188650131225586,21.303680419921875,21.042945861816406,21.24233055114746,20.896709442138672,3029714,0.0,0.0,HWM
2019-10-18 00:00:00-04:00,21.226993560791016,21.226993560791016,20.705520629882812,20.71319007873535,20.37618064880371,3921519,0.0,0.0,HWM
2019-10-21 00:00:00-04:00,20.80521583557129,20.98159408569336,20.667177200317383,20.736196517944336,20.398807525634766,3185020,0.0,0.0,HWM
2019-10-22 00:00:00-04:00,20.759201049804688,20.889570236206055,20.613496780395508,20.766870498657227,20.428987503051758,2147558,0.0,0.0,HWM
2019-10-23 00:00:00-04:00,20.736196517944336,20.98159408569336,20.64417266845703,20.889570236206055,20.5496883392334,3296512,0.0,0.0,HWM
2019-10-24 00:00:00-04:00,20.943252563476562,21.050613403320312,20.75153350830078,21.035276412963867,20.693023681640625,3025802,0.0,0.0,HWM
2019-10-25 00:00:00-04:00,21.035276412963867,21.226993560791016,20.9892635345459,21.196319580078125,20.8514461517334,2305863,0.0,0.0,HWM
2019-10-28 00:00:00-04:00,21.24233055114746,21.418712615966797,21.1656436920166,21.21165657043457,20.866531372070312,3943296,0.0,0.0,HWM
2019-10-29 00:00:00-04:00,21.13496971130371,21.418712615966797,21.088956832885742,21.234663009643555,20.88916778564453,2489206,0.0,0.0,HWM
2019-10-30 00:00:00-04:00,21.1656436920166,21.20398712158203,20.858896255493164,21.111963272094727,20.768463134765625,2438871,0.0,0.0,HWM
2019-10-31 00:00:00-04:00,21.081287384033203,21.081287384033203,20.812883377075195,21.065950393676758,20.723196029663086,2649076,0.0,0.0,HWM
2019-11-01 00:00:00-04:00,21.273006439208984,21.886503219604492,21.18098258972168,21.886503219604492,21.5304012298584,5168534,0.0,0.0,HWM
2019-11-04 00:00:00-05:00,22.108896255493164,22.170244216918945,21.955520629882812,22.070552825927734,21.711458206176758,5615937,0.0,0.0,HWM
2019-11-05 00:00:00-05:00,21.679447174072266,22.661043167114258,21.119632720947266,22.630367279052734,22.26216697692871,8143480,0.0,0.0,HWM
2019-11-06 00:00:00-05:00,22.630367279052734,22.630367279052734,22.285276412963867,22.57668685913086,22.2093505859375,4750863,0.0,0.0,HWM
2019-11-07 00:00:00-05:00,22.57668685913086,22.638036727905273,22.108896255493164,22.170244216918945,21.824352264404297,3918129,0.015337,0.0,HWM
2019-11-08 00:00:00-05:00,22.20092010498047,22.315950393676758,22.05521583557129,22.216257095336914,21.869640350341797,2696150,0.0,0.0,HWM
2019-11-11 00:00:00-05:00,22.2392635345459,22.661043167114258,22.16257667541504,22.630367279052734,22.277297973632812,4136810,0.0,0.0,HWM
2019-11-12 00:00:00-05:00,22.57668685913086,22.714723587036133,22.476993560791016,22.622699737548828,22.269744873046875,3977330,0.0,0.0,HWM
2019-11-13 00:00:00-05:00,22.45398712158203,22.745399475097656,22.392637252807617,22.622699737548828,22.269744873046875,2188894,0.0,0.0,HWM
2019-11-14 00:00:00-05:00,22.699386596679688,23.25153350830078,22.599693298339844,23.174846649169922,22.81328010559082,5079732,0.0,0.0,HWM
2019-11-15 00:00:00-05:00,23.30521583557129,23.696319580078125,23.159509658813477,23.6656436920166,23.296419143676758,6473708,0.0,0.0,HWM
2019-11-18 00:00:00-05:00,23.604293823242188,23.949386596679688,23.496932983398438,23.81901741027832,23.447399139404297,5946240,0.0,0.0,HWM
2019-11-19 00:00:00-05:00,23.803680419921875,23.842025756835938,23.70398712158203,23.780675888061523,23.409656524658203,4696617,0.0,0.0,HWM
2019-11-20 00:00:00-05:00,23.68098258972168,23.79601287841797,23.4892635345459,23.642637252807617,23.273771286010742,5032397,0.0,0.0,HWM
2019-11-21 00:00:00-05:00,23.542945861816406,23.857362747192383,23.435583114624023,23.473926544189453,23.10769271850586,2869582,0.0,0.0,HWM
2019-11-22 00:00:00-05:00,23.527606964111328,23.63496971130371,23.351226806640625,23.427913665771484,23.062397003173828,3649766,0.0,0.0,HWM
2019-11-25 00:00:00-05:00,23.527606964111328,23.75766944885254,23.496932983398438,23.74233055114746,23.371910095214844,2692238,0.0,0.0,HWM
2019-11-26 00:00:00-05:00,23.75766944885254,24.003067016601562,23.63496971130371,23.995399475097656,23.621028900146484,4682534,0.0,0.0,HWM
2019-11-27 00:00:00-05:00,23.995399475097656,24.079755783081055,23.8343563079834,23.972393035888672,23.598386764526367,2330639,0.0,0.0,HWM
2019-11-29 00:00:00-05:00,23.926380157470703,23.949386596679688,23.719324111938477,23.74233055114746,23.371910095214844,3044970,0.0,0.0,HWM
2019-12-02 00:00:00-05:00,23.8343563079834,23.918712615966797,23.435583114624023,23.435583114624023,23.069948196411133,2810642,0.0,0.0,HWM
2019-12-03 00:00:00-05:00,23.205520629882812,23.627300262451172,23.013803482055664,23.542945861816406,23.17563247680664,4009800,0.0,0.0,HWM
2019-12-04 00:00:00-05:00,23.6656436920166,23.71165657043457,23.236196517944336,23.25153350830078,22.888771057128906,3382185,0.0,0.0,HWM
2019-12-05 00:00:00-05:00,23.38190269470215,23.427913665771484,23.21319007873535,23.37423324584961,23.009557723999023,2245618,0.0,0.0,HWM
2019-12-06 00:00:00-05:00,23.588956832885742,23.811349868774414,23.48159408569336,23.78834342956543,23.417207717895508,2876754,0.0,0.0,HWM
2019-12-09 00:00:00-05:00,23.627300262451172,23.811349868774414,23.519939422607422,23.611963272094727,23.24357795715332,2152774,0.0,0.0,HWM
2019-12-10 00:00:00-05:00,23.734663009643555,23.888036727905273,23.70398712158203,23.780675888061523,23.409656524658203,3384532,0.0,0.0,HWM
2019-12-11 00:00:00-05:00,23.918712615966797,24.0107364654541,23.81901741027832,23.949386596679688,23.57573699951172,2124607,0.0,0.0,HWM
2019-12-12 00:00:00-05:00,23.972393035888672,24.348159790039062,23.888036727905273,24.24846649169922,23.870153427124023,3813026,0.0,0.0,HWM
2019-12-13 00:00:00-05:00,24.179447174072266,24.378833770751953,24.079755783081055,24.271472930908203,23.89279556274414,2813902,0.0,0.0,HWM
2019-12-16 00:00:00-05:00,24.225460052490234,24.532209396362305,24.225460052490234,24.386503219604492,24.006032943725586,5156146,0.0,0.0,HWM
2019-12-17 00:00:00-05:00,24.348159790039062,24.39417266845703,23.926380157470703,24.141103744506836,23.764463424682617,3500327,0.0,0.0,HWM
2019-12-18 00:00:00-05:00,24.026073455810547,24.041410446166992,23.588956832885742,23.59662628173828,23.228477478027344,5627542,0.0,0.0,HWM
2019-12-19 00:00:00-05:00,23.619632720947266,23.82668685913086,23.496932983398438,23.773006439208984,23.402109146118164,6282802,0.0,0.0,HWM
2019-12-20 00:00:00-05:00,23.949386596679688,24.072086334228516,23.780675888061523,24.072086334228516,23.69652557373047,8422536,0.0,0.0,HWM
2019-12-23 00:00:00-05:00,24.01840591430664,24.27914047241211,24.0107364654541,24.179447174072266,23.802209854125977,4470373,0.0,0.0,HWM
2019-12-24 00:00:00-05:00,24.21012306213379,24.217790603637695,23.987730026245117,24.0107364654541,23.636127471923828,729588,0.0,0.0,HWM
2019-12-26 00:00:00-05:00,24.056747436523438,24.0950927734375,23.78834342956543,23.926380157470703,23.553089141845703,5644494,0.0,0.0,HWM
2019-12-27 00:00:00-05:00,23.949386596679688,24.033742904663086,23.79601287841797,23.880367279052734,23.507789611816406,5160058,0.0,0.0,HWM
2019-12-30 00:00:00-05:00,23.86503028869629,23.949386596679688,23.59662628173828,23.67331314086914,23.303974151611328,1906187,0.0,0.0,HWM
2019-12-31 00:00:00-05:00,23.657974243164062,23.719324111938477,23.4892635345459,23.59662628173828,23.228477478027344,1945177,0.0,0.0,HWM
2020-01-02 00:00:00-05:00,23.70398712158203,24.187116622924805,23.63496971130371,24.187116622924805,23.809757232666016,3960248,0.0,0.0,HWM
2020-01-03 00:00:00-05:00,23.849693298339844,24.179447174072266,23.71165657043457,24.148773193359375,23.772010803222656,2589614,0.0,0.0,HWM
2020-01-06 00:00:00-05:00,24.041410446166992,24.187116622924805,23.773006439208984,23.934049606323242,23.560636520385742,3143814,0.0,0.0,HWM
2020-01-07 00:00:00-05:00,23.987730026245117,24.16411018371582,23.734663009643555,24.08742332458496,23.711620330810547,2503289,0.0,0.0,HWM
2020-01-08 00:00:00-05:00,23.980060577392578,24.003067016601562,23.542945861816406,23.55828285217285,23.190732955932617,3608559,0.0,0.0,HWM
2020-01-09 00:00:00-05:00,23.397239685058594,23.504600524902344,22.69171714782715,22.829755783081055,22.47357177734375,5825750,0.0,0.0,HWM
2020-01-10 00:00:00-05:00,22.79907989501953,22.79907989501953,22.04754638671875,22.12423324584961,21.779062271118164,5197222,0.0,0.0,HWM
2020-01-13 00:00:00-05:00,22.246932983398438,22.622699737548828,22.05521583557129,22.5843563079834,22.23200225830078,3953598,0.0,0.0,HWM
2020-01-14 00:00:00-05:00,22.5,22.79907989501953,22.446319580078125,22.684049606323242,22.33013916015625,4834971,0.0,0.0,HWM
2020-01-15 00:00:00-05:00,22.54601287841797,22.745399475097656,22.2392635345459,22.38496971130371,22.03572654724121,3210709,0.0,0.0,HWM
2020-01-16 00:00:00-05:00,22.20092010498047,23.013803482055664,22.20092010498047,23.006135940551758,22.647201538085938,6128409,0.0,0.0,HWM
2020-01-17 00:00:00-05:00,23.090490341186523,23.10582733154297,22.407974243164062,22.484663009643555,22.133861541748047,5656491,0.0,0.0,HWM
2020-01-21 00:00:00-05:00,22.292945861816406,22.684049606323242,22.269939422607422,22.54601287841797,22.194255828857422,11169282,0.0,0.0,HWM
2020-01-22 00:00:00-05:00,21.756135940551758,22.292945861816406,21.5950927734375,22.11656379699707,21.771507263183594,9595354,0.0,0.0,HWM
2020-01-23 00:00:00-05:00,22.024539947509766,22.699386596679688,21.924846649169922,22.645706176757812,22.292396545410156,5188094,0.0,0.0,HWM
2020-01-24 00:00:00-05:00,22.76840591430664,22.860429763793945,22.05521583557129,22.323619842529297,21.97533416748047,6917068,0.0,0.0,HWM
2020-01-27 00:00:00-05:00,21.909509658813477,23.765336990356445,21.848159790039062,23.519939422607422,23.15298843383789,13069210,0.0,0.0,HWM
2020-01-28 00:00:00-05:00,23.79601287841797,24.21012306213379,23.773006439208984,24.13343620300293,23.756912231445312,7075765,0.0,0.0,HWM
2020-01-29 00:00:00-05:00,24.064416885375977,24.17177963256836,23.504600524902344,23.888036727905273,23.51534652709961,4875656,0.0,0.0,HWM
2020-01-30 00:00:00-05:00,23.63496971130371,23.773006439208984,23.03680992126465,23.351226806640625,22.986909866333008,7750063,0.0,0.0,HWM
2020-01-31 00:00:00-05:00,23.236196517944336,23.30521583557129,22.898773193359375,22.967790603637695,22.609455108642578,3751999,0.0,0.0,HWM
2020-02-03 00:00:00-05:00,23.113496780395508,23.28987693786621,22.983129501342773,23.052146911621094,22.692493438720703,3357409,0.0,0.0,HWM
2020-02-04 00:00:00-05:00,23.29754638671875,23.435583114624023,23.205520629882812,23.37423324584961,23.009557723999023,3193105,0.0,0.0,HWM
2020-02-05 00:00:00-05:00,23.527606964111328,24.033742904663086,23.4892635345459,23.972393035888672,23.598386764526367,3491199,0.0,0.0,HWM
2020-02-06 00:00:00-05:00,24.01840591430664,24.179447174072266,23.611963272094727,24.079755783081055,23.71924591064453,3386879,0.015337,0.0,HWM
2020-02-07 00:00:00-05:00,24.041410446166992,24.04907989501953,23.74233055114746,24.003067016601562,23.643707275390625,2392449,0.0,0.0,HWM
2020-02-10 00:00:00-05:00,24.003067016601562,24.294479370117188,23.857362747192383,24.271472930908203,23.908092498779297,5554518,0.0,0.0,HWM
2020-02-11 00:00:00-05:00,24.409509658813477,25.0,24.348159790039062,24.55521583557129,24.187589645385742,3370970,0.0,0.0,HWM
2020-02-12 00:00:00-05:00,24.570552825927734,25.276073455810547,24.570552825927734,25.161043167114258,24.784345626831055,4727782,0.0,0.0,HWM
2020-02-13 00:00:00-05:00,25.0843563079834,25.651840209960938,24.92331314086914,25.26840591430664,24.890098571777344,4786854,0.0,0.0,HWM
2020-02-14 00:00:00-05:00,25.19171714782715,25.598159790039062,25.11503028869629,25.582822799682617,25.199813842773438,4788549,0.0,0.0,HWM
2020-02-18 00:00:00-05:00,25.552146911621094,25.552146911621094,25.237730026245117,25.44478416442871,25.063838958740234,2922003,0.0,0.0,HWM
2020-02-19 00:00:00-05:00,25.53680992126465,26.280675888061523,25.513803482055664,26.127300262451172,25.736135482788086,5361526,0.0,0.0,HWM
2020-02-20 00:00:00-05:00,26.150306701660156,26.150306701660156,25.214723587036133,25.843557357788086,25.45663833618164,4942942,0.0,0.0,HWM
2020-02-21 00:00:00-05:00,25.667177200317383,25.80521583557129,25.467790603637695,25.667177200317383,25.28290367126465,4331366,0.0,0.0,HWM
2020-02-24 00:00:00-05:00,24.84662628173828,25.483129501342773,24.723926544189453,25.360429763793945,24.980751037597656,6138580,0.0,0.0,HWM
2020-02-25 00:00:00-05:00,25.46012306213379,25.53680992126465,24.064416885375977,24.317485809326172,23.953420639038086,13339790,0.0,0.0,HWM
2020-02-26 00:00:00-05:00,24.417177200317383,25.0,24.271472930908203,24.424846649169922,24.059171676635742,9501466,0.0,0.0,HWM
2020-02-27 00:00:00-05:00,23.642637252807617,24.072086334228516,23.190183639526367,23.29754638671875,22.94875144958496,12184706,0.0,0.0,HWM
2020-02-28 00:00:00-05:00,22.446319580078125,22.829755783081055,22.009201049804688,22.50766944885254,22.170700073242188,16131914,0.0,0.0,HWM
2020-03-02 00:00:00-05:00,22.607362747192383,22.967790603637695,22.223926544189453,22.967790603637695,22.623929977416992,9613088,0.0,0.0,HWM
2020-03-03 00:00:00-05:00,22.906442642211914,23.535276412963867,22.032209396362305,22.07822036743164,21.747678756713867,8315738,0.0,0.0,HWM
2020-03-04 00:00:00-05:00,22.530675888061523,22.599693298339844,21.901840209960938,22.361963272094727,22.027172088623047,5373002,0.0,0.0,HWM
2020-03-05 00:00:00-05:00,21.740798950195312,21.756135940551758,20.437116622924805,20.513803482055664,20.20667839050293,6465623,0.0,0.0,HWM
2020-03-06 00:00:00-05:00,19.777606964111328,20.41411018371582,19.401840209960938,19.900306701660156,19.60236930847168,5979883,0.0,0.0,HWM
2020-03-09 00:00:00-04:00,18.504600524902344,18.650306701660156,17.523006439208984,17.668712615966797,17.40418815612793,5447330,0.0,0.0,HWM
2020-03-10 00:00:00-04:00,18.389570236206055,18.79601287841797,17.83742332458496,18.63496971130371,18.355974197387695,5842833,0.0,0.0,HWM
2020-03-11 00:00:00-04:00,17.96012306213379,18.082822799682617,16.61809730529785,16.955520629882812,16.701675415039062,5204264,0.0,0.0,HWM
2020-03-12 00:00:00-04:00,15.575153350830078,16.150306701660156,15.069018363952637,15.245399475097656,15.017151832580566,11166152,0.0,0.0,HWM
2020-03-13 00:00:00-04:00,16.226993560791016,16.25,14.900306701660156,15.73619556427002,15.500601768493652,8020774,0.0,0.0,HWM
2020-03-16 00:00:00-04:00,13.803681373596191,14.708588600158691,13.15950870513916,13.37423324584961,13.173999786376953,7779273,0.0,0.0,HWM
2020-03-17 00:00:00-04:00,13.711655616760254,14.13343620300293,12.929448127746582,13.535276412963867,13.332633018493652,6887076,0.0,0.0,HWM
2020-03-18 00:00:00-04:00,12.407975196838379,12.530674934387207,10.45245361328125,12.024539947509766,11.844513893127441,5675138,0.0,0.0,HWM
2020-03-19 00:00:00-04:00,11.717790603637695,12.377301216125488,10.843558311462402,12.154908180236816,11.972931861877441,7519516,0.0,0.0,HWM
2020-03-20 00:00:00-04:00,12.177913665771484,12.269939422607422,9.969325065612793,10.161043167114258,10.008917808532715,10740657,0.0,0.0,HWM
2020-03-23 00:00:00-04:00,10.122698783874512,10.145706176757812,8.726993560791016,9.194785118103027,9.057125091552734,8984430,0.0,0.0,HWM
2020-03-24 00:00:00-04:00,9.762269973754883,11.756134986877441,9.662576675415039,11.618098258972168,11.444157600402832,9667856,0.0,0.0,HWM
2020-03-25 00:00:00-04:00,11.70245361328125,12.944785118103027,11.349693298339844,12.400306701660156,12.2146577835083,10764390,0.0,0.0,HWM
2020-03-26 00:00:00-04:00,12.592024803161621,13.67331314086914,12.177913665771484,13.588956832885742,13.385510444641113,14385598,0.0,0.0,HWM
2020-03-27 00:00:00-04:00,12.78374195098877,13.190183639526367,12.101226806640625,12.791411399841309,12.599906921386719,8342992,0.0,0.0,HWM
2020-03-30 00:00:00-04:00,12.845091819763184,12.88343620300293,12.009202003479004,12.57668685913086,12.388397216796875,5632758,0.0,0.0,HWM
2020-03-31 00:00:00-04:00,12.446318626403809,12.66871166229248,12.016871452331543,12.315951347351074,12.131566047668457,6619365,0.0,0.0,HWM
2020-04-01 00:00:00-04:00,15.399999618530273,15.399999618530273,12.710000038146973,13.199999809265137,13.002375602722168,2531000,0.0,0.0,HWM
2020-04-02 00:00:00-04:00,12.970000267028809,13.710000038146973,12.0,12.5,12.312856674194336,4431900,0.0,0.0,HWM
2020-04-03 00:00:00-04:00,12.100000381469727,12.6899995803833,11.850000381469727,12.539999961853027,12.352258682250977,4053100,0.0,0.0,HWM
2020-04-06 00:00:00-04:00,13.039999961853027,14.0,12.329999923706055,12.6899995803833,12.500011444091797,6035400,0.0,0.0,HWM
2020-04-07 00:00:00-04:00,13.460000038146973,13.970000267028809,12.010000228881836,12.109999656677246,11.928694725036621,5686200,0.0,0.0,HWM
2020-04-08 00:00:00-04:00,12.5,13.390000343322754,12.3100004196167,13.079999923706055,12.884173393249512,6590900,0.0,0.0,HWM
2020-04-09 00:00:00-04:00,13.890000343322754,14.15999984741211,13.210000038146973,13.25,13.051628112792969,3293300,0.0,0.0,HWM
2020-04-13 00:00:00-04:00,13.15999984741211,13.380000114440918,12.210000038146973,12.600000381469727,12.411359786987305,4059700,0.0,0.0,HWM
2020-04-14 00:00:00-04:00,12.829999923706055,13.0600004196167,11.970000267028809,12.199999809265137,12.017345428466797,4926000,0.0,0.0,HWM
2020-04-15 00:00:00-04:00,12.069999694824219,12.100000381469727,10.34000015258789,11.369999885559082,11.199775695800781,7531900,0.0,0.0,HWM
2020-04-16 00:00:00-04:00,10.930000305175781,11.350000381469727,10.399999618530273,10.739999771118164,10.579206466674805,8193100,0.0,0.0,HWM
2020-04-17 00:00:00-04:00,11.25,11.699999809265137,11.09000015258789,11.649999618530273,11.475582122802734,10288300,0.0,0.0,HWM
2020-04-20 00:00:00-04:00,11.619999885559082,12.569999694824219,11.390000343322754,11.640000343322754,11.465730667114258,6322600,0.0,0.0,HWM
2020-04-21 00:00:00-04:00,11.369999885559082,11.5,10.579999923706055,10.59000015258789,10.431452751159668,3304900,0.0,0.0,HWM
2020-04-22 00:00:00-04:00,10.9399995803833,11.300000190734863,10.65999984741211,10.829999923706055,10.667858123779297,2777800,0.0,0.0,HWM
2020-04-23 00:00:00-04:00,10.8100004196167,11.390000343322754,10.770000457763672,11.0,10.835314750671387,4681000,0.0,0.0,HWM
2020-04-24 00:00:00-04:00,11.069999694824219,11.329999923706055,10.579999923706055,10.8100004196167,10.64815902709961,6716800,0.0,0.0,HWM
2020-04-27 00:00:00-04:00,10.899999618530273,11.5600004196167,10.859999656677246,11.40999984741211,11.239173889160156,2776700,0.0,0.0,HWM
2020-04-28 00:00:00-04:00,11.680000305175781,12.25,11.569999694824219,11.989999771118164,11.810494422912598,2876900,0.0,0.0,HWM
2020-04-29 00:00:00-04:00,12.399999618530273,13.930000305175781,12.329999923706055,13.890000343322754,13.682046890258789,4141600,0.0,0.0,HWM
2020-04-30 00:00:00-04:00,13.5600004196167,13.649999618530273,12.8100004196167,13.069999694824219,12.874322891235352,3240800,0.0,0.0,HWM
2020-05-01 00:00:00-04:00,12.920000076293945,12.960000038146973,12.199999809265137,12.539999961853027,12.352258682250977,2455800,0.0,0.0,HWM
2020-05-04 00:00:00-04:00,12.300000190734863,12.359999656677246,11.420000076293945,11.949999809265137,11.77109146118164,3015700,0.0,0.0,HWM
2020-05-05 00:00:00-04:00,12.449999809265137,13.039999961853027,12.15999984741211,12.210000038146973,12.027200698852539,3118900,0.0,0.0,HWM
2020-05-06 00:00:00-04:00,12.270000457763672,12.350000381469727,11.449999809265137,11.489999771118164,11.317977905273438,2303900,0.0,0.0,HWM
2020-05-07 00:00:00-04:00,11.5,12.300000190734863,11.5,11.869999885559082,11.692288398742676,3471900,0.0,0.0,HWM
2020-05-08 00:00:00-04:00,11.960000038146973,12.640000343322754,11.960000038146973,12.619999885559082,12.431061744689941,2154300,0.0,0.0,HWM
2020-05-11 00:00:00-04:00,12.260000228881836,12.479999542236328,11.710000038146973,11.760000228881836,11.583935737609863,1769500,0.0,0.0,HWM
2020-05-12 00:00:00-04:00,11.850000381469727,12.100000381469727,11.109999656677246,11.119999885559082,10.953519821166992,2564200,0.0,0.0,HWM
2020-05-13 00:00:00-04:00,11.0,11.0600004196167,10.510000228881836,10.649999618530273,10.490551948547363,2261600,0.0,0.0,HWM
2020-05-14 00:00:00-04:00,10.399999618530273,11.300000190734863,9.869999885559082,11.25,11.081570625305176,3399300,0.0,0.0,HWM
2020-05-15 00:00:00-04:00,11.0600004196167,11.199999809265137,10.739999771118164,10.770000457763672,10.608758926391602,2882200,0.0,0.0,HWM
2020-05-18 00:00:00-04:00,11.300000190734863,12.420000076293945,11.300000190734863,12.34000015258789,12.155251502990723,3465000,0.0,0.0,HWM
2020-05-19 00:00:00-04:00,12.289999961853027,12.470000267028809,11.899999618530273,12.050000190734863,11.86959457397461,1630800,0.0,0.0,HWM
2020-05-20 00:00:00-04:00,12.279999732971191,13.0,12.260000228881836,12.75,12.559114456176758,2594600,0.0,0.0,HWM
2020-05-21 00:00:00-04:00,12.619999885559082,12.970000267028809,12.369999885559082,12.430000305175781,12.243905067443848,2369600,0.0,0.0,HWM
2020-05-22 00:00:00-04:00,12.449999809265137,12.670000076293945,12.069999694824219,12.369999885559082,12.184803009033203,2002100,0.0,0.0,HWM
2020-05-26 00:00:00-04:00,13.170000076293945,13.399999618530273,12.9399995803833,13.0600004196167,12.864473342895508,2550400,0.0,0.0,HWM
2020-05-27 00:00:00-04:00,13.329999923706055,14.15999984741211,12.899999618530273,14.020000457763672,13.810099601745605,6213100,0.0,0.0,HWM
2020-05-28 00:00:00-04:00,14.350000381469727,14.359999656677246,13.270000457763672,13.279999732971191,13.08117961883545,2955000,0.0,0.0,HWM
2020-05-29 00:00:00-04:00,13.229999542236328,13.4399995803833,12.800000190734863,13.079999923706055,12.884173393249512,6797400,0.0,0.0,HWM
2020-06-01 00:00:00-04:00,13.15999984741211,13.760000228881836,13.100000381469727,13.40999984741211,13.209230422973633,2301800,0.0,0.0,HWM
2020-06-02 00:00:00-04:00,13.40999984741211,14.199999809265137,13.359999656677246,13.989999771118164,13.780550956726074,2832100,0.0,0.0,HWM
2020-06-03 00:00:00-04:00,14.4399995803833,15.1899995803833,14.3100004196167,15.170000076293945,14.94288444519043,2698800,0.0,0.0,HWM
2020-06-04 00:00:00-04:00,15.170000076293945,15.649999618530273,15.010000228881836,15.529999732971191,15.297492027282715,4154000,0.0,0.0,HWM
2020-06-05 00:00:00-04:00,16.809999465942383,17.260000228881836,16.329999923706055,17.15999984741211,16.903093338012695,4226600,0.0,0.0,HWM
2020-06-08 00:00:00-04:00,18.020000457763672,18.3799991607666,17.65999984741211,17.729999542236328,17.46455955505371,5243900,0.0,0.0,HWM
2020-06-09 00:00:00-04:00,17.030000686645508,17.200000762939453,16.059999465942383,16.219999313354492,15.977163314819336,3309500,0.0,0.0,HWM
2020-06-10 00:00:00-04:00,16.030000686645508,16.030000686645508,14.729999542236328,14.970000267028809,14.74587631225586,4739400,0.0,0.0,HWM
2020-06-11 00:00:00-04:00,13.869999885559082,14.270000457763672,12.979999542236328,12.979999542236328,12.785669326782227,3176100,0.0,0.0,HWM
2020-06-12 00:00:00-04:00,14.050000190734863,14.15999984741211,13.279999732971191,14.0,13.790400505065918,4051300,0.0,0.0,HWM
2020-06-15 00:00:00-04:00,13.140000343322754,14.65999984741211,13.079999923706055,14.520000457763672,14.30261516571045,2997400,0.0,0.0,HWM
2020-06-16 00:00:00-04:00,15.380000114440918,15.630000114440918,14.800000190734863,15.229999542236328,15.001984596252441,4129700,0.0,0.0,HWM
2020-06-17 00:00:00-04:00,15.399999618530273,15.460000038146973,14.789999961853027,14.800000190734863,14.578422546386719,5765700,0.0,0.0,HWM
2020-06-18 00:00:00-04:00,14.529999732971191,14.920000076293945,14.420000076293945,14.579999923706055,14.361713409423828,4538200,0.0,0.0,HWM
2020-06-19 00:00:00-04:00,15.0,15.25,13.819999694824219,13.9399995803833,13.73129653930664,9255700,0.0,0.0,HWM
2020-06-22 00:00:00-04:00,13.90999984741211,14.699999809265137,13.569999694824219,14.649999618530273,14.430667877197266,3850600,0.0,0.0,HWM
2020-06-23 00:00:00-04:00,14.65999984741211,15.15999984741211,14.09000015258789,15.039999961853027,14.814830780029297,4986400,0.0,0.0,HWM
2020-06-24 00:00:00-04:00,14.770000457763672,14.960000038146973,14.329999923706055,14.619999885559082,14.401118278503418,6634200,0.0,0.0,HWM
2020-06-25 00:00:00-04:00,14.289999961853027,15.260000228881836,14.1899995803833,15.199999809265137,14.972433090209961,4384600,0.0,0.0,HWM
2020-06-26 00:00:00-04:00,15.359999656677246,15.489999771118164,14.970000267028809,15.420000076293945,15.189140319824219,9079100,0.0,0.0,HWM
2020-06-29 00:00:00-04:00,15.779999732971191,16.309999465942383,15.510000228881836,16.219999313354492,15.977163314819336,4908700,0.0,0.0,HWM
2020-06-30 00:00:00-04:00,16.020000457763672,16.290000915527344,15.739999771118164,15.850000381469727,15.612703323364258,5495400,0.0,0.0,HWM
2020-07-01 00:00:00-04:00,15.930000305175781,16.239999771118164,15.239999771118164,15.279999732971191,15.051236152648926,4367800,0.0,0.0,HWM
2020-07-02 00:00:00-04:00,15.630000114440918,15.869999885559082,15.15999984741211,15.3100004196167,15.080785751342773,4617200,0.0,0.0,HWM
2020-07-06 00:00:00-04:00,15.770000457763672,15.880000114440918,15.420000076293945,15.739999771118164,15.504347801208496,2362100,0.0,0.0,HWM
2020-07-07 00:00:00-04:00,15.5600004196167,15.619999885559082,15.0600004196167,15.140000343322754,14.913331985473633,3194500,0.0,0.0,HWM
2020-07-08 00:00:00-04:00,15.039999961853027,15.430000305175781,14.960000038146973,15.329999923706055,15.100488662719727,3232800,0.0,0.0,HWM
2020-07-09 00:00:00-04:00,15.050000190734863,15.220000267028809,14.739999771118164,14.770000457763672,14.548871994018555,2791800,0.0,0.0,HWM
2020-07-10 00:00:00-04:00,14.770000457763672,15.350000381469727,14.640000343322754,15.329999923706055,15.100488662719727,1489200,0.0,0.0,HWM
2020-07-13 00:00:00-04:00,15.380000114440918,15.699999809265137,15.0600004196167,15.229999542236328,15.001984596252441,2583200,0.0,0.0,HWM
2020-07-14 00:00:00-04:00,15.079999923706055,15.699999809265137,15.050000190734863,15.6899995803833,15.455096244812012,2020400,0.0,0.0,HWM
2020-07-15 00:00:00-04:00,16.1200008392334,16.729999542236328,15.970000267028809,16.700000762939453,16.449975967407227,3045200,0.0,0.0,HWM
2020-07-16 00:00:00-04:00,16.610000610351562,16.610000610351562,16.049999237060547,16.200000762939453,15.957463264465332,2671200,0.0,0.0,HWM
2020-07-17 00:00:00-04:00,16.209999084472656,16.540000915527344,15.9399995803833,16.450000762939453,16.20372200012207,3018700,0.0,0.0,HWM
2020-07-20 00:00:00-04:00,16.219999313354492,16.350000381469727,15.369999885559082,15.680000305175781,15.4452486038208,2826700,0.0,0.0,HWM
2020-07-21 00:00:00-04:00,15.899999618530273,16.260000228881836,15.800000190734863,16.100000381469727,15.858960151672363,2661600,0.0,0.0,HWM
2020-07-22 00:00:00-04:00,15.920000076293945,16.18000030517578,15.779999732971191,16.139999389648438,15.898359298706055,2026100,0.0,0.0,HWM
2020-07-23 00:00:00-04:00,16.049999237060547,16.18000030517578,15.619999885559082,15.75,15.514198303222656,2544700,0.0,0.0,HWM
2020-07-24 00:00:00-04:00,15.800000190734863,15.859999656677246,15.449999809265137,15.550000190734863,15.317193031311035,1841900,0.0,0.0,HWM
2020-07-27 00:00:00-04:00,15.460000038146973,15.539999961853027,15.119999885559082,15.239999771118164,15.011836051940918,3077700,0.0,0.0,HWM
2020-07-28 00:00:00-04:00,15.199999809265137,15.720000267028809,15.1899995803833,15.319999694824219,15.090638160705566,2404000,0.0,0.0,HWM
2020-07-29 00:00:00-04:00,15.260000228881836,15.350000381469727,14.760000228881836,15.270000457763672,15.04138469696045,2688700,0.0,0.0,HWM
2020-07-30 00:00:00-04:00,14.989999771118164,15.359999656677246,14.65999984741211,15.130000114440918,14.903480529785156,3385200,0.0,0.0,HWM
2020-07-31 00:00:00-04:00,15.050000190734863,15.119999885559082,14.520000457763672,14.779999732971191,14.558721542358398,3004400,0.0,0.0,HWM
2020-08-03 00:00:00-04:00,14.800000190734863,15.300000190734863,14.609999656677246,15.130000114440918,14.903480529785156,3047000,0.0,0.0,HWM
2020-08-04 00:00:00-04:00,15.119999885559082,15.289999961853027,14.920000076293945,15.020000457763672,14.795127868652344,2164500,0.0,0.0,HWM
2020-08-05 00:00:00-04:00,15.140000343322754,16.149999618530273,15.140000343322754,16.079999923706055,15.839259147644043,2677400,0.0,0.0,HWM
2020-08-06 00:00:00-04:00,15.319999694824219,17.360000610351562,15.319999694824219,17.280000686645508,17.02129554748535,3926700,0.0,0.0,HWM
2020-08-07 00:00:00-04:00,17.1299991607666,17.1299991607666,16.520000457763672,16.959999084472656,16.706083297729492,2394700,0.0,0.0,HWM
2020-08-10 00:00:00-04:00,16.969999313354492,17.950000762939453,16.969999313354492,17.90999984741211,17.641864776611328,2932900,0.0,0.0,HWM
2020-08-11 00:00:00-04:00,18.34000015258789,18.989999771118164,18.219999313354492,18.280000686645508,18.006324768066406,4807500,0.0,0.0,HWM
2020-08-12 00:00:00-04:00,18.600000381469727,18.65999984741211,17.829999923706055,18.09000015258789,17.819168090820312,3093000,0.0,0.0,HWM
2020-08-13 00:00:00-04:00,17.790000915527344,18.020000457763672,17.469999313354492,17.479999542236328,17.218299865722656,1713500,0.0,0.0,HWM
2020-08-14 00:00:00-04:00,17.469999313354492,17.84000015258789,17.280000686645508,17.549999237060547,17.287250518798828,1326400,0.0,0.0,HWM
2020-08-17 00:00:00-04:00,17.579999923706055,17.639999389648438,17.190000534057617,17.350000381469727,17.090246200561523,1849800,0.0,0.0,HWM
2020-08-18 00:00:00-04:00,17.079999923706055,17.290000915527344,16.889999389648438,16.93000030517578,16.676532745361328,2481100,0.0,0.0,HWM
2020-08-19 00:00:00-04:00,17.139999389648438,17.440000534057617,16.989999771118164,17.1200008392334,16.863691329956055,1422200,0.0,0.0,HWM
2020-08-20 00:00:00-04:00,16.850000381469727,17.170000076293945,16.690000534057617,16.940000534057617,16.686386108398438,1389800,0.0,0.0,HWM
2020-08-21 00:00:00-04:00,16.8799991607666,17.1299991607666,16.770000457763672,16.90999984741211,16.656831741333008,1260300,0.0,0.0,HWM
2020-08-24 00:00:00-04:00,16.93000030517578,17.5,16.920000076293945,17.440000534057617,17.178895950317383,2349400,0.0,0.0,HWM
2020-08-25 00:00:00-04:00,17.5,17.59000015258789,16.989999771118164,17.440000534057617,17.178895950317383,2234600,0.0,0.0,HWM
2020-08-26 00:00:00-04:00,17.469999313354492,17.540000915527344,17.18000030517578,17.190000534057617,16.932641983032227,2428400,0.0,0.0,HWM
2020-08-27 00:00:00-04:00,17.360000610351562,17.729999542236328,17.270000457763672,17.43000030517578,17.169048309326172,1973800,0.0,0.0,HWM
2020-08-28 00:00:00-04:00,17.559999465942383,18.040000915527344,17.5,18.010000228881836,17.74036979675293,1456800,0.0,0.0,HWM
2020-08-31 00:00:00-04:00,17.8700008392334,18.0,17.360000610351562,17.520000457763672,17.257699966430664,2653300,0.0,0.0,HWM
2020-09-01 00:00:00-04:00,17.3700008392334,17.81999969482422,17.25,17.540000915527344,17.277408599853516,1640200,0.0,0.0,HWM
2020-09-02 00:00:00-04:00,17.56999969482422,18.360000610351562,17.43000030517578,18.34000015258789,18.06542205810547,2105500,0.0,0.0,HWM
2020-09-03 00:00:00-04:00,18.31999969482422,18.709999084472656,17.56999969482422,17.729999542236328,17.46455955505371,2316600,0.0,0.0,HWM
2020-09-04 00:00:00-04:00,18.06999969482422,18.3700008392334,17.479999542236328,17.700000762939453,17.43500328063965,2447000,0.0,0.0,HWM
2020-09-08 00:00:00-04:00,17.579999923706055,17.68000030517578,17.110000610351562,17.299999237060547,17.04099464416504,2390900,0.0,0.0,HWM
2020-09-09 00:00:00-04:00,17.5,17.59000015258789,17.0,17.1200008392334,16.863691329956055,2978700,0.0,0.0,HWM
2020-09-10 00:00:00-04:00,18.110000610351562,18.110000610351562,16.93000030517578,16.979999542236328,16.72578239440918,5113600,0.0,0.0,HWM
2020-09-11 00:00:00-04:00,17.030000686645508,18.079999923706055,17.010000228881836,17.799999237060547,17.53350830078125,4054200,0.0,0.0,HWM
2020-09-14 00:00:00-04:00,17.969999313354492,18.43000030517578,17.719999313354492,18.389999389648438,18.114673614501953,3723900,0.0,0.0,HWM
2020-09-15 00:00:00-04:00,18.360000610351562,18.489999771118164,18.0,18.209999084472656,17.93737030029297,2473600,0.0,0.0,HWM
2020-09-16 00:00:00-04:00,18.149999618530273,19.020000457763672,17.889999389648438,18.780000686645508,18.49884033203125,3704800,0.0,0.0,HWM
2020-09-17 00:00:00-04:00,18.510000228881836,19.06999969482422,18.309999465942383,18.489999771118164,18.21317481994629,6219600,0.0,0.0,HWM
2020-09-18 00:00:00-04:00,18.299999237060547,18.739999771118164,17.56999969482422,17.700000762939453,17.43500328063965,7148300,0.0,0.0,HWM
2020-09-21 00:00:00-04:00,17.200000762939453,17.209999084472656,16.739999771118164,16.8799991607666,16.62727928161621,3738400,0.0,0.0,HWM
2020-09-22 00:00:00-04:00,16.780000686645508,17.239999771118164,16.6299991607666,17.079999923706055,16.82428741455078,2753500,0.0,0.0,HWM
2020-09-23 00:00:00-04:00,17.110000610351562,17.56999969482422,16.43000030517578,16.440000534057617,16.19386863708496,2669700,0.0,0.0,HWM
2020-09-24 00:00:00-04:00,16.389999389648438,16.780000686645508,16.149999618530273,16.469999313354492,16.22342300415039,2349700,0.0,0.0,HWM
2020-09-25 00:00:00-04:00,16.299999237060547,16.780000686645508,16.260000228881836,16.670000076293945,16.420427322387695,1935800,0.0,0.0,HWM
2020-09-28 00:00:00-04:00,16.93000030517578,17.559999465942383,16.93000030517578,17.190000534057617,16.932641983032227,1820800,0.0,0.0,HWM
2020-09-29 00:00:00-04:00,17.510000228881836,17.56999969482422,17.149999618530273,17.299999237060547,17.04099464416504,1806400,0.0,0.0,HWM
2020-09-30 00:00:00-04:00,17.290000915527344,17.389999389648438,16.600000381469727,16.719999313354492,16.469675064086914,2483800,0.0,0.0,HWM
2020-10-01 00:00:00-04:00,16.940000534057617,17.239999771118164,16.829999923706055,17.229999542236328,16.9720401763916,2578000,0.0,0.0,HWM
2020-10-02 00:00:00-04:00,16.639999389648438,17.969999313354492,16.510000228881836,17.8799991607666,17.612306594848633,1925300,0.0,0.0,HWM
2020-10-05 00:00:00-04:00,18.030000686645508,18.309999465942383,18.0,18.18000030517578,17.907819747924805,2331500,0.0,0.0,HWM
2020-10-06 00:00:00-04:00,18.3700008392334,18.43000030517578,17.489999771118164,17.530000686645508,17.267549514770508,2488100,0.0,0.0,HWM
2020-10-07 00:00:00-04:00,17.93000030517578,18.309999465942383,17.610000610351562,18.110000610351562,17.8388671875,1953100,0.0,0.0,HWM
2020-10-08 00:00:00-04:00,18.239999771118164,18.790000915527344,18.18000030517578,18.729999542236328,18.4495849609375,1480800,0.0,0.0,HWM
2020-10-09 00:00:00-04:00,18.8700008392334,18.899999618530273,18.270000457763672,18.299999237060547,18.026018142700195,1822600,0.0,0.0,HWM
2020-10-12 00:00:00-04:00,18.200000762939453,18.3799991607666,17.809999465942383,18.190000534057617,17.917675018310547,1999100,0.0,0.0,HWM
2020-10-13 00:00:00-04:00,17.940000534057617,17.950000762939453,17.540000915527344,17.850000381469727,17.5827579498291,1887700,0.0,0.0,HWM
2020-10-14 00:00:00-04:00,17.940000534057617,18.350000381469727,17.8799991607666,18.260000228881836,17.986618041992188,1328500,0.0,0.0,HWM
2020-10-15 00:00:00-04:00,18.010000228881836,18.5,17.739999771118164,18.5,18.22303009033203,1692800,0.0,0.0,HWM
2020-10-16 00:00:00-04:00,18.75,18.829999923706055,18.5,18.59000015258789,18.311676025390625,2241500,0.0,0.0,HWM
2020-10-19 00:00:00-04:00,18.600000381469727,18.850000381469727,18.25,18.610000610351562,18.33138084411621,2065400,0.0,0.0,HWM
2020-10-20 00:00:00-04:00,18.760000228881836,18.760000228881836,18.209999084472656,18.219999313354492,17.947219848632812,2509700,0.0,0.0,HWM
2020-10-21 00:00:00-04:00,18.139999389648438,18.31999969482422,17.93000030517578,18.139999389648438,17.868417739868164,1314800,0.0,0.0,HWM
2020-10-22 00:00:00-04:00,18.239999771118164,18.8799991607666,18.190000534057617,18.850000381469727,18.567790985107422,2288000,0.0,0.0,HWM
2020-10-23 00:00:00-04:00,19.0,19.15999984741211,18.649999618530273,18.950000762939453,18.666288375854492,1610800,0.0,0.0,HWM
2020-10-26 00:00:00-04:00,18.559999465942383,18.6200008392334,18.0,18.280000686645508,18.006324768066406,1954500,0.0,0.0,HWM
2020-10-27 00:00:00-04:00,18.1200008392334,18.239999771118164,17.459999084472656,17.530000686645508,17.267549514770508,1920300,0.0,0.0,HWM
2020-10-28 00:00:00-04:00,17.010000228881836,17.219999313354492,16.59000015258789,16.68000030517578,16.430278778076172,2485700,0.0,0.0,HWM
2020-10-29 00:00:00-04:00,16.65999984741211,17.34000015258789,16.56999969482422,17.209999084472656,16.952341079711914,2072400,0.0,0.0,HWM
2020-10-30 00:00:00-04:00,17.139999389648438,17.299999237060547,16.84000015258789,17.25,16.991741180419922,2732700,0.0,0.0,HWM
2020-11-02 00:00:00-05:00,17.540000915527344,17.969999313354492,17.34000015258789,17.850000381469727,17.5827579498291,2237700,0.0,0.0,HWM
2020-11-03 00:00:00-05:00,18.260000228881836,18.75,18.06999969482422,18.6299991607666,18.3510799407959,2975500,0.0,0.0,HWM
2020-11-04 00:00:00-05:00,18.389999389648438,18.700000762939453,17.93000030517578,18.170000076293945,17.897972106933594,1879400,0.0,0.0,HWM
2020-11-05 00:00:00-05:00,18.3799991607666,19.110000610351562,18.049999237060547,18.84000015258789,18.557937622070312,4703200,0.0,0.0,HWM
2020-11-06 00:00:00-05:00,18.84000015258789,19.059999465942383,18.670000076293945,18.850000381469727,18.567790985107422,2833400,0.0,0.0,HWM
2020-11-09 00:00:00-05:00,20.079999923706055,24.459999084472656,20.0,22.43000030517578,22.094188690185547,9779400,0.0,0.0,HWM
2020-11-10 00:00:00-05:00,22.549999237060547,24.149999618530273,22.450000762939453,23.0,22.65565299987793,7638700,0.0,0.0,HWM
2020-11-11 00:00:00-05:00,23.889999389648438,23.889999389648438,22.06999969482422,22.280000686645508,21.946439743041992,4887500,0.0,0.0,HWM
2020-11-12 00:00:00-05:00,21.829999923706055,22.100000381469727,21.149999618530273,21.440000534057617,21.119009017944336,4710000,0.0,0.0,HWM
2020-11-13 00:00:00-05:00,21.84000015258789,22.549999237060547,21.829999923706055,22.360000610351562,22.025238037109375,3384100,0.0,0.0,HWM
2020-11-16 00:00:00-05:00,23.440000534057617,23.940000534057617,22.8799991607666,23.18000030517578,22.832963943481445,6375900,0.0,0.0,HWM
2020-11-17 00:00:00-05:00,22.729999542236328,23.649999618530273,22.709999084472656,23.5,23.14816665649414,4094900,0.0,0.0,HWM
2020-11-18 00:00:00-05:00,23.899999618530273,24.020000457763672,23.170000076293945,23.190000534057617,22.84281349182129,4464400,0.0,0.0,HWM
2020-11-19 00:00:00-05:00,22.940000534057617,23.6200008392334,22.68000030517578,23.56999969482422,23.21712303161621,4361100,0.0,0.0,HWM
2020-11-20 00:00:00-05:00,23.479999542236328,23.959999084472656,23.309999465942383,23.950000762939453,23.5914306640625,4930700,0.0,0.0,HWM
2020-11-23 00:00:00-05:00,24.290000915527344,24.700000762939453,24.049999237060547,24.31999969482422,23.955888748168945,4430900,0.0,0.0,HWM
2020-11-24 00:00:00-05:00,25.0,25.399999618530273,24.75,25.239999771118164,24.862123489379883,4040800,0.0,0.0,HWM
2020-11-25 00:00:00-05:00,24.75,25.360000610351562,24.450000762939453,24.549999237060547,24.18244743347168,4581000,0.0,0.0,HWM
2020-11-27 00:00:00-05:00,24.6200008392334,24.790000915527344,24.31999969482422,24.600000381469727,24.231706619262695,1795000,0.0,0.0,HWM
2020-11-30 00:00:00-05:00,24.360000610351562,24.559999465942383,23.43000030517578,23.459999084472656,23.108766555786133,6963100,0.0,0.0,HWM
2020-12-01 00:00:00-05:00,24.34000015258789,24.540000915527344,23.670000076293945,23.770000457763672,23.414127349853516,6321800,0.0,0.0,HWM
2020-12-02 00:00:00-05:00,23.610000610351562,24.350000381469727,23.520000457763672,24.260000228881836,23.89679718017578,3345900,0.0,0.0,HWM
2020-12-03 00:00:00-05:00,24.270000457763672,25.520000457763672,24.260000228881836,25.049999237060547,24.674964904785156,6150300,0.0,0.0,HWM
2020-12-04 00:00:00-05:00,25.350000381469727,25.649999618530273,25.190000534057617,25.3700008392334,24.990175247192383,5239300,0.0,0.0,HWM
2020-12-07 00:00:00-05:00,25.3700008392334,25.799999237060547,25.1200008392334,25.579999923706055,25.19702911376953,2834100,0.0,0.0,HWM
2020-12-08 00:00:00-05:00,25.229999542236328,25.510000228881836,24.90999984741211,25.450000762939453,25.0689754486084,2381500,0.0,0.0,HWM
2020-12-09 00:00:00-05:00,25.559999465942383,25.81999969482422,25.079999923706055,25.450000762939453,25.0689754486084,2473700,0.0,0.0,HWM
2020-12-10 00:00:00-05:00,25.139999389648438,26.440000534057617,25.139999389648438,26.1299991607666,25.738800048828125,3436900,0.0,0.0,HWM
2020-12-11 00:00:00-05:00,25.860000610351562,26.670000076293945,25.770000457763672,26.43000030517578,26.034303665161133,3822400,0.0,0.0,HWM
2020-12-14 00:00:00-05:00,27.329999923706055,27.40999984741211,26.520000457763672,26.809999465942383,26.408613204956055,3583300,0.0,0.0,HWM
2020-12-15 00:00:00-05:00,27.149999618530273,27.270000457763672,26.440000534057617,26.940000534057617,26.536670684814453,2411200,0.0,0.0,HWM
2020-12-16 00:00:00-05:00,26.940000534057617,27.049999237060547,26.040000915527344,26.829999923706055,26.428314208984375,3198000,0.0,0.0,HWM
2020-12-17 00:00:00-05:00,26.8799991607666,26.969999313354492,26.010000228881836,26.959999084472656,26.556367874145508,4039000,0.0,0.0,HWM
2020-12-18 00:00:00-05:00,26.850000381469727,27.3700008392334,26.780000686645508,27.270000457763672,26.861724853515625,7408000,0.0,0.0,HWM
2020-12-21 00:00:00-05:00,26.549999237060547,26.770000457763672,26.190000534057617,26.459999084472656,26.06385612487793,3672200,0.0,0.0,HWM
2020-12-22 00:00:00-05:00,26.510000228881836,26.6200008392334,26.18000030517578,26.459999084472656,26.06385612487793,1872000,0.0,0.0,HWM
2020-12-23 00:00:00-05:00,26.709999084472656,27.90999984741211,26.700000762939453,27.770000457763672,27.354244232177734,3266600,0.0,0.0,HWM
2020-12-24 00:00:00-05:00,27.760000228881836,27.81999969482422,27.110000610351562,27.3799991607666,26.970077514648438,878600,0.0,0.0,HWM
2020-12-28 00:00:00-05:00,27.469999313354492,28.06999969482422,27.469999313354492,27.729999542236328,27.314844131469727,1590800,0.0,0.0,HWM
2020-12-29 00:00:00-05:00,27.81999969482422,28.06999969482422,27.479999542236328,27.969999313354492,27.55124855041504,2718200,0.0,0.0,HWM
2020-12-30 00:00:00-05:00,27.8700008392334,28.760000228881836,27.8700008392334,28.360000610351562,27.935409545898438,2684200,0.0,0.0,HWM
2020-12-31 00:00:00-05:00,28.459999084472656,28.68000030517578,28.239999771118164,28.540000915527344,28.112716674804688,2288900,0.0,0.0,HWM
2021-01-04 00:00:00-05:00,28.489999771118164,28.5,26.829999923706055,26.8700008392334,26.46772003173828,3203100,0.0,0.0,HWM
2021-01-05 00:00:00-05:00,26.969999313354492,28.010000228881836,26.81999969482422,27.90999984741211,27.492141723632812,3658800,0.0,0.0,HWM
2021-01-06 00:00:00-05:00,28.09000015258789,28.639999389648438,27.65999984741211,28.030000686645508,27.610353469848633,3137000,0.0,0.0,HWM
2021-01-07 00:00:00-05:00,28.15999984741211,28.219999313354492,27.700000762939453,27.739999771118164,27.324687957763672,2321700,0.0,0.0,HWM
2021-01-08 00:00:00-05:00,27.84000015258789,27.979999542236328,27.31999969482422,27.90999984741211,27.492141723632812,2027100,0.0,0.0,HWM
2021-01-11 00:00:00-05:00,27.469999313354492,28.3700008392334,27.399999618530273,28.209999084472656,27.787656784057617,3090400,0.0,0.0,HWM
2021-01-12 00:00:00-05:00,28.209999084472656,29.100000381469727,28.0,28.8700008392334,28.437774658203125,2367900,0.0,0.0,HWM
2021-01-13 00:00:00-05:00,28.739999771118164,28.8799991607666,28.09000015258789,28.1299991607666,27.708850860595703,1666700,0.0,0.0,HWM
2021-01-14 00:00:00-05:00,28.530000686645508,29.0,28.15999984741211,28.59000015258789,28.161970138549805,6029900,0.0,0.0,HWM
2021-01-15 00:00:00-05:00,28.260000228881836,28.260000228881836,27.6200008392334,27.950000762939453,27.53154754638672,2117800,0.0,0.0,HWM
2021-01-19 00:00:00-05:00,28.25,28.25,27.530000686645508,27.75,27.334543228149414,2658900,0.0,0.0,HWM
2021-01-20 00:00:00-05:00,27.940000534057617,27.989999771118164,27.34000015258789,27.399999618530273,26.989782333374023,4955400,0.0,0.0,HWM
2021-01-21 00:00:00-05:00,27.209999084472656,27.350000381469727,26.6299991607666,26.920000076293945,26.516969680786133,7578800,0.0,0.0,HWM
2021-01-22 00:00:00-05:00,26.709999084472656,27.030000686645508,26.3700008392334,26.760000228881836,26.359365463256836,2339600,0.0,0.0,HWM
2021-01-25 00:00:00-05:00,26.479999542236328,26.610000610351562,25.34000015258789,25.829999923706055,25.443283081054688,7595900,0.0,0.0,HWM
2021-01-26 00:00:00-05:00,26.139999389648438,26.280000686645508,24.90999984741211,25.0,24.625713348388672,7258600,0.0,0.0,HWM
2021-01-27 00:00:00-05:00,24.389999389648438,24.450000762939453,22.90999984741211,23.600000381469727,23.246673583984375,8144000,0.0,0.0,HWM
2021-01-28 00:00:00-05:00,24.09000015258789,24.8799991607666,24.0,24.760000228881836,24.389307022094727,4724500,0.0,0.0,HWM
2021-01-29 00:00:00-05:00,24.639999389648438,25.40999984741211,24.100000381469727,24.579999923706055,24.211999893188477,5861000,0.0,0.0,HWM
2021-02-01 00:00:00-05:00,24.969999313354492,25.34000015258789,24.540000915527344,25.049999237060547,24.674964904785156,2450700,0.0,0.0,HWM
2021-02-02 00:00:00-05:00,25.530000686645508,26.559999465942383,25.229999542236328,26.110000610351562,25.719100952148438,4358000,0.0,0.0,HWM
2021-02-03 00:00:00-05:00,25.299999237060547,27.229999542236328,25.100000381469727,26.860000610351562,26.457862854003906,4079500,0.0,0.0,HWM
2021-02-04 00:00:00-05:00,27.049999237060547,27.950000762939453,26.809999465942383,27.34000015258789,26.93068504333496,5251100,0.0,0.0,HWM
2021-02-05 00:00:00-05:00,27.68000030517578,27.790000915527344,27.0,27.1299991607666,26.72382354736328,2430300,0.0,0.0,HWM
2021-02-08 00:00:00-05:00,27.350000381469727,27.770000457763672,27.25,27.739999771118164,27.324687957763672,1917300,0.0,0.0,HWM
2021-02-09 00:00:00-05:00,27.5,27.920000076293945,27.3700008392334,27.760000228881836,27.344390869140625,2922200,0.0,0.0,HWM
2021-02-10 00:00:00-05:00,27.899999618530273,28.450000762939453,27.649999618530273,28.329999923706055,27.905860900878906,2981100,0.0,0.0,HWM
2021-02-11 00:00:00-05:00,28.260000228881836,28.81999969482422,27.90999984741211,28.75,28.319570541381836,3034200,0.0,0.0,HWM
2021-02-12 00:00:00-05:00,28.420000076293945,28.709999084472656,28.100000381469727,28.280000686645508,27.856605529785156,1850400,0.0,0.0,HWM
2021-02-16 00:00:00-05:00,28.399999618530273,28.770000457763672,28.110000610351562,28.3799991607666,27.955106735229492,2773600,0.0,0.0,HWM
2021-02-17 00:00:00-05:00,28.75,28.75,28.350000381469727,28.639999389648438,28.21121597290039,1581600,0.0,0.0,HWM
2021-02-18 00:00:00-05:00,28.219999313354492,28.549999237060547,27.65999984741211,27.809999465942383,27.39364242553711,1994400,0.0,0.0,HWM
2021-02-19 00:00:00-05:00,28.059999465942383,28.809999465942383,27.979999542236328,28.68000030517578,28.250621795654297,1925700,0.0,0.0,HWM
2021-02-22 00:00:00-05:00,28.229999542236328,29.200000762939453,28.229999542236328,28.649999618530273,28.221071243286133,2592200,0.0,0.0,HWM
2021-02-23 00:00:00-05:00,28.709999084472656,29.170000076293945,28.209999084472656,29.079999923706055,28.644628524780273,1765300,0.0,0.0,HWM
2021-02-24 00:00:00-05:00,29.06999969482422,30.520000457763672,28.899999618530273,30.139999389648438,29.688758850097656,3631100,0.0,0.0,HWM
2021-02-25 00:00:00-05:00,30.0,30.15999984741211,28.15999984741211,28.350000381469727,27.92555809020996,2886600,0.0,0.0,HWM
2021-02-26 00:00:00-05:00,28.360000610351562,28.59000015258789,27.790000915527344,28.110000610351562,27.689159393310547,3186200,0.0,0.0,HWM
2021-03-01 00:00:00-05:00,28.90999984741211,29.399999618530273,28.81999969482422,28.950000762939453,28.516572952270508,2866300,0.0,0.0,HWM
2021-03-02 00:00:00-05:00,28.860000610351562,29.34000015258789,28.610000610351562,28.979999542236328,28.546125411987305,2272800,0.0,0.0,HWM
2021-03-03 00:00:00-05:00,29.18000030517578,30.559999465942383,29.0,30.299999237060547,29.846364974975586,4466100,0.0,0.0,HWM
2021-03-04 00:00:00-05:00,30.3700008392334,30.850000381469727,28.709999084472656,29.549999237060547,29.107593536376953,6978900,0.0,0.0,HWM
2021-03-05 00:00:00-05:00,30.020000457763672,30.520000457763672,28.520000457763672,30.3700008392334,29.915319442749023,3592200,0.0,0.0,HWM
2021-03-08 00:00:00-05:00,30.860000610351562,31.1200008392334,29.75,29.809999465942383,29.363698959350586,3668900,0.0,0.0,HWM
2021-03-09 00:00:00-05:00,30.06999969482422,30.489999771118164,29.229999542236328,29.760000228881836,29.314449310302734,5612300,0.0,0.0,HWM
2021-03-10 00:00:00-05:00,30.079999923706055,31.780000686645508,29.979999542236328,31.450000762939453,30.979148864746094,4037500,0.0,0.0,HWM
2021-03-11 00:00:00-05:00,31.5,32.470001220703125,31.5,31.6299991607666,31.156448364257812,5601800,0.0,0.0,HWM
2021-03-12 00:00:00-05:00,31.559999465942383,31.860000610351562,31.09000015258789,31.549999237060547,31.077648162841797,3352300,0.0,0.0,HWM
2021-03-15 00:00:00-04:00,31.719999313354492,31.940000534057617,31.049999237060547,31.81999969482422,31.343610763549805,2038400,0.0,0.0,HWM
2021-03-16 00:00:00-04:00,31.950000762939453,32.040000915527344,31.030000686645508,31.139999389648438,30.673784255981445,3649100,0.0,0.0,HWM
2021-03-17 00:00:00-04:00,31.139999389648438,32.20000076293945,31.040000915527344,32.15999984741211,31.678518295288086,3269100,0.0,0.0,HWM
2021-03-18 00:00:00-04:00,32.0099983215332,32.959999084472656,31.739999771118164,31.760000228881836,31.284509658813477,4661500,0.0,0.0,HWM
2021-03-19 00:00:00-04:00,31.809999465942383,32.16999816894531,30.649999618530273,31.81999969482422,31.343610763549805,3535900,0.0,0.0,HWM
2021-03-22 00:00:00-04:00,31.809999465942383,31.989999771118164,31.139999389648438,31.549999237060547,31.077648162841797,3971200,0.0,0.0,HWM
2021-03-23 00:00:00-04:00,31.030000686645508,31.559999465942383,30.209999084472656,30.3700008392334,29.915319442749023,3850200,0.0,0.0,HWM
2021-03-24 00:00:00-04:00,30.799999237060547,31.3799991607666,30.350000381469727,30.350000381469727,29.895618438720703,2697400,0.0,0.0,HWM
2021-03-25 00:00:00-04:00,29.959999084472656,31.469999313354492,29.59000015258789,31.350000381469727,30.880643844604492,2649000,0.0,0.0,HWM
2021-03-26 00:00:00-04:00,31.469999313354492,32.25,31.309999465942383,31.989999771118164,31.511066436767578,2890900,0.0,0.0,HWM
2021-03-29 00:00:00-04:00,32.0099983215332,32.349998474121094,31.360000610351562,31.520000457763672,31.048097610473633,2420200,0.0,0.0,HWM
2021-03-30 00:00:00-04:00,31.639999389648438,32.06999969482422,31.260000228881836,31.760000228881836,31.284509658813477,4104700,0.0,0.0,HWM
2021-03-31 00:00:00-04:00,32.15999984741211,32.54999923706055,31.719999313354492,32.130001068115234,31.648967742919922,3185700,0.0,0.0,HWM
2021-04-01 00:00:00-04:00,32.0099983215332,32.29999923706055,31.649999618530273,31.81999969482422,31.343610763549805,3011000,0.0,0.0,HWM
2021-04-05 00:00:00-04:00,32.290000915527344,32.5,31.969999313354492,32.06999969482422,31.589866638183594,3309300,0.0,0.0,HWM
2021-04-06 00:00:00-04:00,31.889999389648438,32.119998931884766,31.149999618530273,31.399999618530273,30.929893493652344,4111500,0.0,0.0,HWM
2021-04-07 00:00:00-04:00,31.540000915527344,32.029998779296875,31.40999984741211,31.799999237060547,31.32390594482422,2676400,0.0,0.0,HWM
2021-04-08 00:00:00-04:00,31.6200008392334,31.899999618530273,31.06999969482422,31.809999465942383,31.333757400512695,1818300,0.0,0.0,HWM
2021-04-09 00:00:00-04:00,31.90999984741211,32.29999923706055,31.5,32.22999954223633,31.747465133666992,1537400,0.0,0.0,HWM
2021-04-12 00:00:00-04:00,32.290000915527344,32.40999984741211,31.790000915527344,32.31999969482422,31.836124420166016,2355500,0.0,0.0,HWM
2021-04-13 00:00:00-04:00,32.189998626708984,32.369998931884766,31.770000457763672,32.13999938964844,31.658815383911133,1902400,0.0,0.0,HWM
2021-04-14 00:00:00-04:00,32.310001373291016,33.41999816894531,32.310001373291016,32.54999923706055,32.062679290771484,4282600,0.0,0.0,HWM
2021-04-15 00:00:00-04:00,32.650001525878906,32.650001525878906,31.920000076293945,32.349998474121094,31.86567497253418,2142200,0.0,0.0,HWM
2021-04-16 00:00:00-04:00,32.810001373291016,32.900001525878906,32.25,32.70000076293945,32.21043014526367,1784200,0.0,0.0,HWM
2021-04-19 00:00:00-04:00,32.540000915527344,32.790000915527344,32.20000076293945,32.56999969482422,32.08237075805664,1827000,0.0,0.0,HWM
2021-04-20 00:00:00-04:00,32.290000915527344,32.349998474121094,30.780000686645508,31.0,30.535884857177734,3703100,0.0,0.0,HWM
2021-04-21 00:00:00-04:00,30.860000610351562,31.959999084472656,30.549999237060547,31.93000030517578,31.45195960998535,1542800,0.0,0.0,HWM
2021-04-22 00:00:00-04:00,32.099998474121094,32.290000915527344,31.420000076293945,31.420000076293945,30.94959831237793,3119200,0.0,0.0,HWM
2021-04-23 00:00:00-04:00,31.559999465942383,32.16999816894531,31.440000534057617,31.959999084472656,31.481508255004883,2649400,0.0,0.0,HWM
2021-04-26 00:00:00-04:00,32.27000045776367,32.470001220703125,32.02000045776367,32.220001220703125,31.737619400024414,3867300,0.0,0.0,HWM
2021-04-27 00:00:00-04:00,32.38999938964844,32.45000076293945,31.809999465942383,32.029998779296875,31.550464630126953,1615300,0.0,0.0,HWM
2021-04-28 00:00:00-04:00,31.81999969482422,32.290000915527344,31.690000534057617,32.119998931884766,31.639114379882812,4477100,0.0,0.0,HWM
2021-04-29 00:00:00-04:00,32.43000030517578,32.59000015258789,31.75,32.13999938964844,31.658815383911133,1814100,0.0,0.0,HWM
2021-04-30 00:00:00-04:00,32.0,32.29999923706055,31.780000686645508,31.959999084472656,31.481508255004883,1853000,0.0,0.0,HWM
2021-05-03 00:00:00-04:00,32.099998474121094,32.43000030517578,31.920000076293945,32.029998779296875,31.550464630126953,2262100,0.0,0.0,HWM
2021-05-04 00:00:00-04:00,32.06999969482422,32.52000045776367,31.649999618530273,32.189998626708984,31.708066940307617,2487200,0.0,0.0,HWM
2021-05-05 00:00:00-04:00,32.40999984741211,32.77000045776367,32.209999084472656,32.349998474121094,31.86567497253418,3795500,0.0,0.0,HWM
2021-05-06 00:00:00-04:00,32.119998931884766,32.34000015258789,30.809999465942383,32.209999084472656,31.727766036987305,4166900,0.0,0.0,HWM
2021-05-07 00:00:00-04:00,32.29999923706055,33.689998626708984,31.84000015258789,33.56999969482422,33.06740951538086,4696900,0.0,0.0,HWM
2021-05-10 00:00:00-04:00,33.86000061035156,33.88999938964844,32.54999923706055,32.58000183105469,32.092227935791016,2593300,0.0,0.0,HWM
2021-05-11 00:00:00-04:00,32.099998474121094,33.099998474121094,31.8700008392334,32.400001525878906,31.914926528930664,3896100,0.0,0.0,HWM
2021-05-12 00:00:00-04:00,32.20000076293945,32.47999954223633,31.510000228881836,31.8799991607666,31.402711868286133,4508700,0.0,0.0,HWM
2021-05-13 00:00:00-04:00,32.150001525878906,32.88999938964844,32.09000015258789,32.349998474121094,31.86567497253418,3087200,0.0,0.0,HWM
2021-05-14 00:00:00-04:00,32.65999984741211,33.43000030517578,32.369998931884766,33.25,32.752197265625,5161200,0.0,0.0,HWM
2021-05-17 00:00:00-04:00,32.9900016784668,33.77000045776367,32.720001220703125,33.709999084472656,33.2053108215332,4119000,0.0,0.0,HWM
2021-05-18 00:00:00-04:00,33.869998931884766,34.189998626708984,33.5099983215332,33.720001220703125,33.21516799926758,6696300,0.0,0.0,HWM
2021-05-19 00:00:00-04:00,33.33000183105469,33.61000061035156,32.810001373291016,33.59000015258789,33.08711624145508,4490400,0.0,0.0,HWM
2021-05-20 00:00:00-04:00,33.540000915527344,33.90999984741211,33.2599983215332,33.790000915527344,33.28411865234375,3144900,0.0,0.0,HWM
2021-05-21 00:00:00-04:00,34.20000076293945,34.54999923706055,33.68000030517578,33.7599983215332,33.25455856323242,4480700,0.0,0.0,HWM
2021-05-24 00:00:00-04:00,34.060001373291016,34.150001525878906,33.650001525878906,34.040000915527344,33.53037643432617,4785100,0.0,0.0,HWM
2021-05-25 00:00:00-04:00,34.04999923706055,34.470001220703125,33.75,33.77000045776367,33.264408111572266,3306600,0.0,0.0,HWM
2021-05-26 00:00:00-04:00,33.869998931884766,34.20000076293945,33.83000183105469,34.02000045776367,33.51066970825195,2900800,0.0,0.0,HWM
2021-05-27 00:00:00-04:00,35.189998626708984,35.54999923706055,34.66999816894531,35.47999954223633,34.94880676269531,7790700,0.0,0.0,HWM
2021-05-28 00:00:00-04:00,35.459999084472656,35.5099983215332,35.02000045776367,35.47999954223633,34.94880676269531,2585800,0.0,0.0,HWM
2021-06-01 00:00:00-04:00,35.97999954223633,36.0099983215332,35.4900016784668,35.61000061035156,35.07685852050781,3491300,0.0,0.0,HWM
2021-06-02 00:00:00-04:00,35.650001525878906,35.7599983215332,35.11000061035156,35.40999984741211,34.87986755371094,2761700,0.0,0.0,HWM
2021-06-03 00:00:00-04:00,35.130001068115234,35.2599983215332,34.650001525878906,34.83000183105469,34.30854797363281,3109900,0.0,0.0,HWM
2021-06-04 00:00:00-04:00,34.9900016784668,35.2400016784668,34.72999954223633,35.20000076293945,34.673011779785156,2516200,0.0,0.0,HWM
2021-06-07 00:00:00-04:00,35.25,35.43000030517578,34.97999954223633,35.29999923706055,34.771507263183594,2046400,0.0,0.0,HWM
2021-06-08 00:00:00-04:00,35.310001373291016,36.029998779296875,35.310001373291016,35.72999954223633,35.195064544677734,3703300,0.0,0.0,HWM
2021-06-09 00:00:00-04:00,35.4900016784668,35.689998626708984,35.02000045776367,35.029998779296875,34.50554656982422,2051000,0.0,0.0,HWM
2021-06-10 00:00:00-04:00,35.38999938964844,35.560001373291016,34.93000030517578,35.0099983215332,34.48584747314453,4648500,0.0,0.0,HWM
2021-06-11 00:00:00-04:00,35.27000045776367,35.54999923706055,34.959999084472656,35.369998931884766,34.840457916259766,2025800,0.0,0.0,HWM
2021-06-14 00:00:00-04:00,35.29999923706055,35.470001220703125,34.75,34.959999084472656,34.43659973144531,1652200,0.0,0.0,HWM
2021-06-15 00:00:00-04:00,34.869998931884766,35.15999984741211,34.72999954223633,35.0099983215332,34.48584747314453,2011000,0.0,0.0,HWM
2021-06-16 00:00:00-04:00,34.939998626708984,35.58000183105469,34.68000030517578,34.93000030517578,34.40705490112305,2758700,0.0,0.0,HWM
2021-06-17 00:00:00-04:00,34.84000015258789,34.900001525878906,33.5099983215332,34.02000045776367,33.51066970825195,3171500,0.0,0.0,HWM
2021-06-18 00:00:00-04:00,33.439998626708984,33.91999816894531,33.130001068115234,33.189998626708984,32.69309997558594,4716900,0.0,0.0,HWM
2021-06-21 00:00:00-04:00,33.52000045776367,34.130001068115234,33.47999954223633,34.06999969482422,33.55991744995117,3652700,0.0,0.0,HWM
2021-06-22 00:00:00-04:00,33.9900016784668,34.09000015258789,33.189998626708984,33.810001373291016,33.303810119628906,3652200,0.0,0.0,HWM
2021-06-23 00:00:00-04:00,33.810001373291016,34.09000015258789,33.619998931884766,33.810001373291016,33.303810119628906,1876500,0.0,0.0,HWM
2021-06-24 00:00:00-04:00,34.16999816894531,34.599998474121094,33.77000045776367,34.58000183105469,34.062294006347656,1976200,0.0,0.0,HWM
2021-06-25 00:00:00-04:00,34.7400016784668,35.060001373291016,34.540000915527344,34.84000015258789,34.318389892578125,5229700,0.0,0.0,HWM
2021-06-28 00:00:00-04:00,34.68000030517578,34.88999938964844,33.61000061035156,33.880001068115234,33.372772216796875,2249000,0.0,0.0,HWM
2021-06-29 00:00:00-04:00,34.08000183105469,34.349998474121094,33.61000061035156,33.66999816894531,33.165916442871094,3339200,0.0,0.0,HWM
2021-06-30 00:00:00-04:00,33.7599983215332,34.529998779296875,33.7599983215332,34.470001220703125,33.95393753051758,2644500,0.0,0.0,HWM
2021-07-01 00:00:00-04:00,34.58000183105469,34.790000915527344,34.369998931884766,34.619998931884766,34.10169219970703,2130600,0.0,0.0,HWM
2021-07-02 00:00:00-04:00,34.790000915527344,34.79999923706055,34.310001373291016,34.439998626708984,33.92437744140625,1691500,0.0,0.0,HWM
2021-07-06 00:00:00-04:00,34.2400016784668,34.349998474121094,33.099998474121094,33.5099983215332,33.00830841064453,3327100,0.0,0.0,HWM
2021-07-07 00:00:00-04:00,33.29999923706055,33.779998779296875,32.650001525878906,33.2400016784668,32.74234390258789,3078000,0.0,0.0,HWM
2021-07-08 00:00:00-04:00,32.59000015258789,33.41999816894531,32.209999084472656,32.939998626708984,32.44684600830078,2816900,0.0,0.0,HWM
2021-07-09 00:00:00-04:00,33.470001220703125,33.970001220703125,33.29999923706055,33.95000076293945,33.44172286987305,1802800,0.0,0.0,HWM
2021-07-12 00:00:00-04:00,33.59000015258789,34.060001373291016,33.34000015258789,33.869998931884766,33.3629150390625,2552300,0.0,0.0,HWM
2021-07-13 00:00:00-04:00,33.5099983215332,33.72999954223633,32.84000015258789,32.88999938964844,32.397586822509766,2295100,0.0,0.0,HWM
2021-07-14 00:00:00-04:00,33.11000061035156,33.630001068115234,32.66999816894531,32.79999923706055,32.30892562866211,1940100,0.0,0.0,HWM
2021-07-15 00:00:00-04:00,32.38999938964844,33.08000183105469,32.11000061035156,32.40999984741211,31.924789428710938,4087800,0.0,0.0,HWM
2021-07-16 00:00:00-04:00,32.72999954223633,32.88999938964844,31.56999969482422,31.65999984741211,31.186010360717773,6108400,0.0,0.0,HWM
2021-07-19 00:00:00-04:00,30.889999389648438,30.940000534057617,29.93000030517578,30.489999771118164,30.033519744873047,4668400,0.0,0.0,HWM
2021-07-20 00:00:00-04:00,30.510000228881836,32.119998931884766,30.350000381469727,31.889999389648438,31.412559509277344,3306600,0.0,0.0,HWM
2021-07-21 00:00:00-04:00,32.209999084472656,33.040000915527344,32.16999816894531,32.869998931884766,32.37787628173828,1903300,0.0,0.0,HWM
2021-07-22 00:00:00-04:00,32.77000045776367,32.779998779296875,32.189998626708984,32.33000183105469,31.845966339111328,3796200,0.0,0.0,HWM
2021-07-23 00:00:00-04:00,32.720001220703125,32.83000183105469,32.2400016784668,32.380001068115234,31.89522933959961,2189900,0.0,0.0,HWM
2021-07-26 00:00:00-04:00,32.36000061035156,32.84000015258789,32.27000045776367,32.5099983215332,32.023277282714844,2340800,0.0,0.0,HWM
2021-07-27 00:00:00-04:00,32.31999969482422,32.84000015258789,32.150001525878906,32.72999954223633,32.239986419677734,2399300,0.0,0.0,HWM
2021-07-28 00:00:00-04:00,33.459999084472656,33.56999969482422,32.5,32.810001373291016,32.31878662109375,3406100,0.0,0.0,HWM
2021-07-29 00:00:00-04:00,33.209999084472656,33.540000915527344,32.93000030517578,33.099998474121094,32.60443878173828,1839000,0.0,0.0,HWM
2021-07-30 00:00:00-04:00,32.79999923706055,33.099998474121094,32.5,32.81999969482422,32.328636169433594,1729500,0.0,0.0,HWM
2021-08-02 00:00:00-04:00,33.22999954223633,34.0099983215332,32.619998931884766,32.72999954223633,32.239986419677734,1853600,0.0,0.0,HWM
2021-08-03 00:00:00-04:00,32.84000015258789,33.06999969482422,31.709999084472656,33.0,32.50594711303711,2423700,0.0,0.0,HWM
2021-08-04 00:00:00-04:00,32.0,32.689998626708984,30.68000030517578,30.700000762939453,30.240375518798828,5556500,0.0,0.0,HWM
2021-08-05 00:00:00-04:00,30.8799991607666,31.950000762939453,30.850000381469727,31.649999618530273,31.19647789001465,5523100,0.02,0.0,HWM
2021-08-06 00:00:00-04:00,32.150001525878906,32.4900016784668,31.649999618530273,31.739999771118164,31.285188674926758,4706000,0.0,0.0,HWM
2021-08-09 00:00:00-04:00,31.469999313354492,31.81999969482422,31.020000457763672,31.559999465942383,31.107769012451172,2840200,0.0,0.0,HWM
2021-08-10 00:00:00-04:00,31.6299991607666,32.66999816894531,31.5,32.29999923706055,31.837160110473633,2001700,0.0,0.0,HWM
2021-08-11 00:00:00-04:00,32.27000045776367,33.029998779296875,31.809999465942383,33.0099983215332,32.5369987487793,2045900,0.0,0.0,HWM
2021-08-12 00:00:00-04:00,32.91999816894531,32.97999954223633,32.47999954223633,32.68000030517578,32.21171569824219,1303600,0.0,0.0,HWM
2021-08-13 00:00:00-04:00,32.720001220703125,32.779998779296875,32.11000061035156,32.119998931884766,31.659740447998047,994300,0.0,0.0,HWM
2021-08-16 00:00:00-04:00,31.770000457763672,32.189998626708984,31.3700008392334,31.979999542236328,31.521745681762695,1763400,0.0,0.0,HWM
2021-08-17 00:00:00-04:00,31.559999465942383,31.739999771118164,31.110000610351562,31.479999542236328,31.02890968322754,1715100,0.0,0.0,HWM
2021-08-18 00:00:00-04:00,31.81999969482422,32.91999816894531,31.3799991607666,32.22999954223633,31.76816177368164,3637100,0.0,0.0,HWM
2021-08-19 00:00:00-04:00,31.739999771118164,32.189998626708984,31.110000610351562,31.75,31.2950439453125,3758800,0.0,0.0,HWM
2021-08-20 00:00:00-04:00,31.639999389648438,31.989999771118164,31.469999313354492,31.809999465942383,31.35418128967285,1687300,0.0,0.0,HWM
2021-08-23 00:00:00-04:00,32.150001525878906,32.439998626708984,32.09000015258789,32.20000076293945,31.73859405517578,1808800,0.0,0.0,HWM
2021-08-24 00:00:00-04:00,32.43000030517578,32.970001220703125,32.41999816894531,32.52000045776367,32.05400466918945,1685700,0.0,0.0,HWM
2021-08-25 00:00:00-04:00,32.68000030517578,33.15999984741211,32.5,32.939998626708984,32.46800231933594,1805700,0.0,0.0,HWM
2021-08-26 00:00:00-04:00,32.93000030517578,32.93000030517578,32.189998626708984,32.209999084472656,31.748451232910156,1223000,0.0,0.0,HWM
2021-08-27 00:00:00-04:00,32.45000076293945,33.08000183105469,32.38999938964844,32.790000915527344,32.32014846801758,2083700,0.0,0.0,HWM
2021-08-30 00:00:00-04:00,32.810001373291016,32.900001525878906,31.770000457763672,31.780000686645508,31.324613571166992,1522000,0.0,0.0,HWM
2021-08-31 00:00:00-04:00,31.68000030517578,32.36000061035156,31.579999923706055,31.75,31.2950439453125,3454000,0.0,0.0,HWM
2021-09-01 00:00:00-04:00,31.969999313354492,32.119998931884766,31.40999984741211,31.899999618530273,31.44289779663086,2006300,0.0,0.0,HWM
2021-09-02 00:00:00-04:00,31.950000762939453,32.369998931884766,31.770000457763672,31.889999389648438,31.43303680419922,1338500,0.0,0.0,HWM
2021-09-03 00:00:00-04:00,31.739999771118164,31.8799991607666,31.1299991607666,31.3700008392334,30.920490264892578,1411600,0.0,0.0,HWM
2021-09-07 00:00:00-04:00,31.18000030517578,31.520000457763672,30.899999618530273,31.260000228881836,30.812061309814453,1633800,0.0,0.0,HWM
2021-09-08 00:00:00-04:00,31.079999923706055,31.31999969482422,30.8700008392334,31.09000015258789,30.644502639770508,1288500,0.0,0.0,HWM
2021-09-09 00:00:00-04:00,31.100000381469727,31.899999618530273,30.989999771118164,31.670000076293945,31.2161865234375,1535600,0.0,0.0,HWM
2021-09-10 00:00:00-04:00,31.90999984741211,32.0,31.200000762939453,31.219999313354492,30.77263832092285,1509600,0.0,0.0,HWM
2021-09-13 00:00:00-04:00,31.559999465942383,32.400001525878906,31.440000534057617,32.25,31.787878036499023,2404600,0.0,0.0,HWM
2021-09-14 00:00:00-04:00,32.45000076293945,32.45000076293945,31.5,31.59000015258789,31.13733673095703,1693300,0.0,0.0,HWM
2021-09-15 00:00:00-04:00,31.489999771118164,32.04999923706055,31.360000610351562,32.0099983215332,31.551313400268555,1396700,0.0,0.0,HWM
2021-09-16 00:00:00-04:00,32.029998779296875,32.20000076293945,31.3799991607666,31.440000534057617,30.989484786987305,1318100,0.0,0.0,HWM
2021-09-17 00:00:00-04:00,31.25,31.559999465942383,30.75,30.989999771118164,30.545934677124023,4280300,0.0,0.0,HWM
2021-09-20 00:00:00-04:00,30.209999084472656,30.969999313354492,30.040000915527344,30.940000534057617,30.49665069580078,2585500,0.0,0.0,HWM
2021-09-21 00:00:00-04:00,31.209999084472656,31.350000381469727,30.40999984741211,30.600000381469727,30.161523818969727,2635400,0.0,0.0,HWM
2021-09-22 00:00:00-04:00,31.049999237060547,31.489999771118164,30.559999465942383,31.110000610351562,30.664213180541992,3354800,0.0,0.0,HWM
2021-09-23 00:00:00-04:00,31.350000381469727,32.08000183105469,31.31999969482422,31.709999084472656,31.255615234375,3017300,0.0,0.0,HWM
2021-09-24 00:00:00-04:00,31.56999969482422,31.950000762939453,31.399999618530273,31.530000686645508,31.07819175720215,3183300,0.0,0.0,HWM
2021-09-27 00:00:00-04:00,31.809999465942383,33.189998626708984,31.760000228881836,33.0,32.52713394165039,4630800,0.0,0.0,HWM
2021-09-28 00:00:00-04:00,33.209999084472656,33.619998931884766,32.2400016784668,32.40999984741211,31.945594787597656,3728200,0.0,0.0,HWM
2021-09-29 00:00:00-04:00,32.59000015258789,32.75,31.8700008392334,31.90999984741211,31.4527530670166,2547500,0.0,0.0,HWM
2021-09-30 00:00:00-04:00,32.0,32.060001373291016,31.18000030517578,31.200000762939453,30.752927780151367,2626100,0.0,0.0,HWM
2021-10-01 00:00:00-04:00,31.43000030517578,32.65999984741211,31.329999923706055,32.43000030517578,31.965303421020508,5084500,0.0,0.0,HWM
2021-10-04 00:00:00-04:00,32.380001068115234,32.599998474121094,31.81999969482422,31.8799991607666,31.423179626464844,4333100,0.0,0.0,HWM
2021-10-05 00:00:00-04:00,31.959999084472656,32.369998931884766,31.549999237060547,32.11000061035156,31.649887084960938,1990100,0.0,0.0,HWM
2021-10-06 00:00:00-04:00,31.75,32.06999969482422,30.81999969482422,31.959999084472656,31.502031326293945,2058900,0.0,0.0,HWM
2021-10-07 00:00:00-04:00,32.189998626708984,32.720001220703125,32.09000015258789,32.13999938964844,31.679452896118164,1578800,0.0,0.0,HWM
2021-10-08 00:00:00-04:00,32.220001220703125,32.34000015258789,31.600000381469727,31.639999389648438,31.186622619628906,1120800,0.0,0.0,HWM
2021-10-11 00:00:00-04:00,31.549999237060547,32.130001068115234,31.329999923706055,31.420000076293945,30.96977424621582,2315500,0.0,0.0,HWM
2021-10-12 00:00:00-04:00,31.399999618530273,31.84000015258789,31.360000610351562,31.40999984741211,30.95992088317871,1115000,0.0,0.0,HWM
2021-10-13 00:00:00-04:00,31.389999389648438,31.610000610351562,30.729999542236328,31.350000381469727,30.900774002075195,1602800,0.0,0.0,HWM
2021-10-14 00:00:00-04:00,31.690000534057617,31.690000534057617,30.860000610351562,30.889999389648438,30.44736671447754,3263200,0.0,0.0,HWM
2021-10-15 00:00:00-04:00,31.600000381469727,31.860000610351562,31.270000457763672,31.329999923706055,30.88106346130371,2913000,0.0,0.0,HWM
2021-10-18 00:00:00-04:00,31.049999237060547,31.43000030517578,30.850000381469727,30.899999618530273,30.457223892211914,2339100,0.0,0.0,HWM
2021-10-19 00:00:00-04:00,31.0,31.209999084472656,30.559999465942383,30.8799991607666,30.43750762939453,1576100,0.0,0.0,HWM
2021-10-20 00:00:00-04:00,30.6299991607666,31.309999465942383,30.450000762939453,30.940000534057617,30.49665069580078,2045800,0.0,0.0,HWM
2021-10-21 00:00:00-04:00,30.799999237060547,30.93000030517578,30.3799991607666,30.719999313354492,30.279800415039062,1081700,0.0,0.0,HWM
2021-10-22 00:00:00-04:00,30.760000228881836,31.0,30.280000686645508,30.459999084472656,30.023530960083008,2546500,0.0,0.0,HWM
2021-10-25 00:00:00-04:00,30.440000534057617,30.520000457763672,29.81999969482422,30.3700008392334,29.934818267822266,2901900,0.0,0.0,HWM
2021-10-26 00:00:00-04:00,30.239999771118164,30.700000762939453,29.950000762939453,29.959999084472656,29.53069305419922,4585500,0.0,0.0,HWM
2021-10-27 00:00:00-04:00,30.059999465942383,30.6200008392334,29.360000610351562,29.3799991607666,28.95900535583496,3616600,0.0,0.0,HWM
2021-10-28 00:00:00-04:00,29.34000015258789,29.899999618530273,29.290000915527344,29.700000762939453,29.274415969848633,4465200,0.0,0.0,HWM
2021-10-29 00:00:00-04:00,29.68000030517578,30.010000228881836,29.420000076293945,29.690000534057617,29.264570236206055,2975400,0.0,0.0,HWM
2021-11-01 00:00:00-04:00,29.68000030517578,30.579999923706055,29.6299991607666,30.5,30.06295394897461,2479000,0.0,0.0,HWM
2021-11-02 00:00:00-04:00,30.479999542236328,30.950000762939453,30.229999542236328,30.68000030517578,30.240375518798828,3214200,0.0,0.0,HWM
2021-11-03 00:00:00-04:00,30.3799991607666,30.84000015258789,30.1299991607666,30.43000030517578,29.99395751953125,3418600,0.0,0.0,HWM
2021-11-04 00:00:00-04:00,30.15999984741211,31.65999984741211,29.690000534057617,31.0,30.575885772705078,4901300,0.02,0.0,HWM
2021-11-05 00:00:00-04:00,31.899999618530273,33.630001068115234,31.75,33.400001525878906,32.943050384521484,4394900,0.0,0.0,HWM
2021-11-08 00:00:00-05:00,33.54999923706055,33.84000015258789,32.52000045776367,32.7599983215332,32.31180953979492,3035800,0.0,0.0,HWM
2021-11-09 00:00:00-05:00,32.970001220703125,33.349998474121094,32.709999084472656,33.09000015258789,32.63729476928711,2611400,0.0,0.0,HWM
2021-11-10 00:00:00-05:00,32.970001220703125,33.43000030517578,32.27000045776367,32.290000915527344,31.848247528076172,1718600,0.0,0.0,HWM
2021-11-11 00:00:00-05:00,32.290000915527344,32.5099983215332,31.989999771118164,32.0,31.562204360961914,1517300,0.0,0.0,HWM
2021-11-12 00:00:00-05:00,32.060001373291016,32.2400016784668,31.84000015258789,31.969999313354492,31.532617568969727,1585000,0.0,0.0,HWM
2021-11-15 00:00:00-05:00,32.40999984741211,33.15999984741211,32.16999816894531,33.04999923706055,32.59784698486328,4154000,0.0,0.0,HWM
2021-11-16 00:00:00-05:00,33.0099983215332,33.029998779296875,31.520000457763672,31.709999084472656,31.276172637939453,3593600,0.0,0.0,HWM
2021-11-17 00:00:00-05:00,31.950000762939453,32.08000183105469,31.350000381469727,31.479999542236328,31.0493221282959,1602700,0.0,0.0,HWM
2021-11-18 00:00:00-05:00,31.600000381469727,31.610000610351562,30.889999389648438,31.31999969482422,30.891510009765625,1490400,0.0,0.0,HWM
2021-11-19 00:00:00-05:00,31.020000457763672,31.09000015258789,29.920000076293945,30.18000030517578,29.767108917236328,3956400,0.0,0.0,HWM
2021-11-22 00:00:00-05:00,30.3799991607666,30.559999465942383,30.020000457763672,30.280000686645508,29.86573600769043,2228000,0.0,0.0,HWM
2021-11-23 00:00:00-05:00,30.579999923706055,30.899999618530273,30.440000534057617,30.780000686645508,30.358898162841797,1577700,0.0,0.0,HWM
2021-11-24 00:00:00-05:00,30.510000228881836,30.979999542236328,30.34000015258789,30.729999542236328,30.30957794189453,2231600,0.0,0.0,HWM
2021-11-26 00:00:00-05:00,29.0,29.040000915527344,27.950000762939453,28.75,28.35666847229004,2382900,0.0,0.0,HWM
2021-11-29 00:00:00-05:00,29.190000534057617,29.31999969482422,28.350000381469727,28.5,28.110092163085938,3218200,0.0,0.0,HWM
2021-11-30 00:00:00-05:00,28.09000015258789,28.440000534057617,27.780000686645508,28.1299991607666,27.745153427124023,4977900,0.0,0.0,HWM
2021-12-01 00:00:00-05:00,28.860000610351562,28.989999771118164,27.40999984741211,27.40999984741211,27.035003662109375,3771000,0.0,0.0,HWM
2021-12-02 00:00:00-05:00,27.809999465942383,28.979999542236328,27.690000534057617,28.799999237060547,28.405981063842773,3673400,0.0,0.0,HWM
2021-12-03 00:00:00-05:00,29.0,29.3700008392334,28.739999771118164,29.059999465942383,28.66242790222168,4616900,0.0,0.0,HWM
2021-12-06 00:00:00-05:00,29.31999969482422,30.920000076293945,29.239999771118164,30.43000030517578,30.01368522644043,4473500,0.0,0.0,HWM
2021-12-07 00:00:00-05:00,30.90999984741211,31.469999313354492,30.690000534057617,30.829999923706055,30.40821075439453,3942500,0.0,0.0,HWM
2021-12-08 00:00:00-05:00,30.989999771118164,31.649999618530273,30.81999969482422,31.079999923706055,30.654787063598633,2024600,0.0,0.0,HWM
2021-12-09 00:00:00-05:00,30.520000457763672,31.190000534057617,30.450000762939453,30.850000381469727,30.427942276000977,2294000,0.0,0.0,HWM
2021-12-10 00:00:00-05:00,31.1200008392334,31.18000030517578,30.709999084472656,30.860000610351562,30.43779945373535,1807500,0.0,0.0,HWM
2021-12-13 00:00:00-05:00,30.709999084472656,30.860000610351562,29.3700008392334,30.079999923706055,29.668474197387695,2953500,0.0,0.0,HWM
2021-12-14 00:00:00-05:00,29.959999084472656,30.68000030517578,29.610000610351562,29.68000030517578,29.27395248413086,2089300,0.0,0.0,HWM
2021-12-15 00:00:00-05:00,29.850000381469727,30.030000686645508,29.34000015258789,29.989999771118164,29.57970428466797,2049500,0.0,0.0,HWM
2021-12-16 00:00:00-05:00,30.270000457763672,30.649999618530273,29.3799991607666,29.479999542236328,29.076679229736328,2002600,0.0,0.0,HWM
2021-12-17 00:00:00-05:00,29.5,30.079999923706055,28.979999542236328,29.959999084472656,29.55011558532715,4169000,0.0,0.0,HWM
2021-12-20 00:00:00-05:00,29.15999984741211,29.329999923706055,28.510000228881836,29.260000228881836,28.85969352722168,1752100,0.0,0.0,HWM
2021-12-21 00:00:00-05:00,29.40999984741211,31.059999465942383,29.290000915527344,30.59000015258789,30.171493530273438,2950100,0.0,0.0,HWM
2021-12-22 00:00:00-05:00,30.59000015258789,30.75,30.049999237060547,30.299999237060547,29.885465621948242,3817200,0.0,0.0,HWM
2021-12-23 00:00:00-05:00,30.389999389648438,31.229999542236328,30.31999969482422,31.1299991607666,30.70410919189453,2557600,0.0,0.0,HWM
2021-12-27 00:00:00-05:00,31.0,31.40999984741211,30.770000457763672,31.350000381469727,30.921100616455078,1125900,0.0,0.0,HWM
2021-12-28 00:00:00-05:00,31.15999984741211,31.709999084472656,31.15999984741211,31.639999389648438,31.20712661743164,1293000,0.0,0.0,HWM
2021-12-29 00:00:00-05:00,31.420000076293945,31.729999542236328,31.239999771118164,31.6299991607666,31.197265625,1226000,0.0,0.0,HWM
2021-12-30 00:00:00-05:00,31.549999237060547,32.02000045776367,31.530000686645508,31.639999389648438,31.20712661743164,1127400,0.0,0.0,HWM
2021-12-31 00:00:00-05:00,31.649999618530273,31.959999084472656,31.420000076293945,31.829999923706055,31.39453125,1270400,0.0,0.0,HWM
2022-01-03 00:00:00-05:00,32.0,32.77000045776367,31.989999771118164,32.33000183105469,31.887693405151367,2015600,0.0,0.0,HWM
2022-01-04 00:00:00-05:00,32.689998626708984,33.689998626708984,32.45000076293945,33.529998779296875,33.07127380371094,2892100,0.0,0.0,HWM
2022-01-05 00:00:00-05:00,33.810001373291016,34.29999923706055,33.279998779296875,33.31999969482422,32.8641471862793,3357200,0.0,0.0,HWM
2022-01-06 00:00:00-05:00,33.779998779296875,34.09000015258789,33.36000061035156,33.650001525878906,33.18962478637695,2997900,0.0,0.0,HWM
2022-01-07 00:00:00-05:00,33.779998779296875,34.619998931884766,33.34000015258789,34.0099983215332,33.54471206665039,3595000,0.0,0.0,HWM
2022-01-10 00:00:00-05:00,34.11000061035156,34.38999938964844,33.439998626708984,33.97999954223633,33.51511764526367,5001400,0.0,0.0,HWM
2022-01-11 00:00:00-05:00,33.959999084472656,34.36000061035156,33.34000015258789,33.91999816894531,33.4559326171875,2696500,0.0,0.0,HWM
2022-01-12 00:00:00-05:00,34.18000030517578,34.4900016784668,33.810001373291016,33.90999984741211,33.446075439453125,1861800,0.0,0.0,HWM
2022-01-13 00:00:00-05:00,34.060001373291016,34.91999816894531,34.029998779296875,34.380001068115234,33.9096565246582,2598800,0.0,0.0,HWM
2022-01-14 00:00:00-05:00,34.0099983215332,35.09000015258789,33.810001373291016,35.06999969482422,34.5902099609375,2453500,0.0,0.0,HWM
2022-01-18 00:00:00-05:00,34.79999923706055,35.04999923706055,34.029998779296875,34.31999969482422,33.8504638671875,2414700,0.0,0.0,HWM
2022-01-19 00:00:00-05:00,34.34000015258789,34.349998474121094,33.66999816894531,33.83000183105469,33.36717224121094,2097300,0.0,0.0,HWM
2022-01-20 00:00:00-05:00,33.869998931884766,34.380001068115234,33.540000915527344,33.58000183105469,33.12059020996094,2650300,0.0,0.0,HWM
2022-01-21 00:00:00-05:00,33.47999954223633,33.47999954223633,32.34000015258789,32.630001068115234,32.18359375,2816300,0.0,0.0,HWM
2022-01-24 00:00:00-05:00,31.889999389648438,33.02000045776367,31.1299991607666,32.81999969482422,32.3709831237793,2627700,0.0,0.0,HWM
2022-01-25 00:00:00-05:00,32.16999816894531,32.68000030517578,31.1299991607666,32.22999954223633,31.789060592651367,3943600,0.0,0.0,HWM
2022-01-26 00:00:00-05:00,32.599998474121094,33.0,31.209999084472656,31.6200008392334,31.18739891052246,3066900,0.0,0.0,HWM
2022-01-27 00:00:00-05:00,32.040000915527344,32.5,30.399999618530273,30.639999389648438,30.22081184387207,3769500,0.0,0.0,HWM
2022-01-28 00:00:00-05:00,30.469999313354492,30.8799991607666,29.350000381469727,30.760000228881836,30.33917236328125,4743600,0.0,0.0,HWM
2022-01-31 00:00:00-05:00,30.399999618530273,31.170000076293945,30.190000534057617,31.09000015258789,30.664655685424805,4605900,0.0,0.0,HWM
2022-02-01 00:00:00-05:00,31.1200008392334,31.649999618530273,30.850000381469727,31.6200008392334,31.18739891052246,6089400,0.0,0.0,HWM
2022-02-02 00:00:00-05:00,32.08000183105469,32.869998931884766,31.90999984741211,32.61000061035156,32.16386032104492,5159700,0.0,0.0,HWM
2022-02-03 00:00:00-05:00,33.09000015258789,33.16999816894531,32.41999816894531,32.52000045776367,32.09477233886719,3291400,0.02,0.0,HWM
2022-02-04 00:00:00-05:00,32.31999969482422,32.5099983215332,31.639999389648438,32.18000030517578,31.759225845336914,4698400,0.0,0.0,HWM
2022-02-07 00:00:00-05:00,32.290000915527344,33.34000015258789,32.15999984741211,32.83000183105469,32.400726318359375,4858000,0.0,0.0,HWM
2022-02-08 00:00:00-05:00,33.150001525878906,33.56999969482422,32.75,33.5099983215332,33.07182312011719,3374300,0.0,0.0,HWM
2022-02-09 00:00:00-05:00,33.9900016784668,34.70000076293945,33.88999938964844,34.470001220703125,34.01927947998047,3098300,0.0,0.0,HWM
2022-02-10 00:00:00-05:00,34.15999984741211,35.540000915527344,34.029998779296875,34.560001373291016,34.10810470581055,2426600,0.0,0.0,HWM
2022-02-11 00:00:00-05:00,34.43000030517578,35.13999938964844,33.93000030517578,34.34000015258789,33.89097595214844,2930500,0.0,0.0,HWM
2022-02-14 00:00:00-05:00,34.349998474121094,34.689998626708984,33.939998626708984,34.06999969482422,33.62450408935547,2353900,0.0,0.0,HWM
2022-02-15 00:00:00-05:00,34.25,35.54999923706055,34.25,34.9900016784668,34.53247833251953,3309800,0.0,0.0,HWM
2022-02-16 00:00:00-05:00,34.880001068115234,35.93000030517578,34.79999923706055,35.72999954223633,35.26280975341797,2682000,0.0,0.0,HWM
2022-02-17 00:00:00-05:00,35.16999816894531,35.369998931884766,34.77000045776367,34.97999954223633,34.52260971069336,1920900,0.0,0.0,HWM
2022-02-18 00:00:00-05:00,34.93000030517578,35.349998474121094,34.43000030517578,34.560001373291016,34.10810470581055,3063600,0.0,0.0,HWM
2022-02-22 00:00:00-05:00,34.63999938964844,35.11000061035156,34.119998931884766,34.40999984741211,33.96006774902344,3305300,0.0,0.0,HWM
2022-02-23 00:00:00-05:00,34.650001525878906,34.810001373291016,33.790000915527344,33.810001373291016,33.3679084777832,2743700,0.0,0.0,HWM
2022-02-24 00:00:00-05:00,33.02000045776367,34.41999816894531,32.68000030517578,34.380001068115234,33.930458068847656,4188800,0.0,0.0,HWM
2022-02-25 00:00:00-05:00,34.5,35.93000030517578,34.5,35.75,35.28254318237305,3493000,0.0,0.0,HWM
2022-02-28 00:00:00-05:00,35.29999923706055,36.68000030517578,35.290000915527344,35.91999816894531,35.450321197509766,6708600,0.0,0.0,HWM
2022-03-01 00:00:00-05:00,35.81999969482422,36.0099983215332,32.880001068115234,33.11000061035156,32.67705535888672,6908400,0.0,0.0,HWM
2022-03-02 00:00:00-05:00,33.560001373291016,35.5099983215332,33.540000915527344,35.130001068115234,34.670650482177734,4966000,0.0,0.0,HWM
2022-03-03 00:00:00-05:00,35.36000061035156,35.470001220703125,34.22999954223633,34.849998474121094,34.39430618286133,3488300,0.0,0.0,HWM
2022-03-04 00:00:00-05:00,34.40999984741211,34.77000045776367,33.310001373291016,33.849998474121094,33.407386779785156,3408600,0.0,0.0,HWM
2022-03-07 00:00:00-05:00,34.0099983215332,34.279998779296875,32.349998474121094,32.41999816894531,31.99608039855957,4347500,0.0,0.0,HWM
2022-03-08 00:00:00-05:00,32.81999969482422,34.220001220703125,32.400001525878906,32.93000030517578,32.499420166015625,3188600,0.0,0.0,HWM
2022-03-09 00:00:00-05:00,33.65999984741211,34.439998626708984,33.56999969482422,33.97999954223633,33.53569412231445,2609700,0.0,0.0,HWM
2022-03-10 00:00:00-05:00,33.400001525878906,34.61000061035156,33.310001373291016,34.279998779296875,33.83176803588867,1873700,0.0,0.0,HWM
2022-03-11 00:00:00-05:00,34.54999923706055,35.15999984741211,33.65999984741211,33.72999954223633,33.28894805908203,2563800,0.0,0.0,HWM
2022-03-14 00:00:00-04:00,33.810001373291016,33.9900016784668,33.09000015258789,33.41999816894531,32.98300552368164,2330800,0.0,0.0,HWM
2022-03-15 00:00:00-04:00,33.66999816894531,34.29999923706055,33.47999954223633,34.099998474121094,33.654109954833984,2826400,0.0,0.0,HWM
2022-03-16 00:00:00-04:00,34.560001373291016,35.06999969482422,34.099998474121094,34.93000030517578,34.473262786865234,3011800,0.0,0.0,HWM
2022-03-17 00:00:00-04:00,34.40999984741211,35.20000076293945,34.40999984741211,34.939998626708984,34.48313522338867,2161200,0.0,0.0,HWM
2022-03-18 00:00:00-04:00,35.47999954223633,35.810001373291016,34.560001373291016,35.72999954223633,35.26280975341797,6526100,0.0,0.0,HWM
2022-03-21 00:00:00-04:00,35.59000015258789,35.900001525878906,34.970001220703125,35.880001068115234,35.41084289550781,2398600,0.0,0.0,HWM
2022-03-22 00:00:00-04:00,36.0,37.65999984741211,35.9900016784668,37.31999969482422,36.83201599121094,4712100,0.0,0.0,HWM
2022-03-23 00:00:00-04:00,37.09000015258789,37.33000183105469,36.33000183105469,36.72999954223633,36.249725341796875,2184500,0.0,0.0,HWM
2022-03-24 00:00:00-04:00,36.91999816894531,37.09000015258789,36.380001068115234,37.02000045776367,36.53593826293945,2370900,0.0,0.0,HWM
2022-03-25 00:00:00-04:00,37.09000015258789,37.439998626708984,36.790000915527344,37.0,36.516204833984375,1231900,0.0,0.0,HWM
2022-03-28 00:00:00-04:00,36.790000915527344,36.83000183105469,35.9900016784668,36.4900016784668,36.012882232666016,1686700,0.0,0.0,HWM
2022-03-29 00:00:00-04:00,36.75,37.0099983215332,36.380001068115234,36.880001068115234,36.39776611328125,2106300,0.0,0.0,HWM
2022-03-30 00:00:00-04:00,36.810001373291016,36.900001525878906,36.04999923706055,36.439998626708984,35.96352005004883,2309200,0.0,0.0,HWM
2022-03-31 00:00:00-04:00,36.209999084472656,36.93000030517578,35.90999984741211,35.939998626708984,35.470054626464844,2318000,0.0,0.0,HWM
2022-04-01 00:00:00-04:00,36.11000061035156,36.400001525878906,35.779998779296875,36.31999969482422,35.84508514404297,1676500,0.0,0.0,HWM
2022-04-04 00:00:00-04:00,36.45000076293945,36.4900016784668,35.720001220703125,35.81999969482422,35.35162353515625,1757700,0.0,0.0,HWM
2022-04-05 00:00:00-04:00,35.68000030517578,35.959999084472656,34.290000915527344,34.45000076293945,33.999542236328125,3241000,0.0,0.0,HWM
2022-04-06 00:00:00-04:00,34.220001220703125,34.56999969482422,33.849998474121094,34.15999984741211,33.71333312988281,2353300,0.0,0.0,HWM
2022-04-07 00:00:00-04:00,33.970001220703125,34.5099983215332,33.470001220703125,34.41999816894531,33.96992874145508,2184200,0.0,0.0,HWM
2022-04-08 00:00:00-04:00,34.54999923706055,35.060001373291016,34.220001220703125,34.52000045776367,34.068626403808594,1908600,0.0,0.0,HWM
2022-04-11 00:00:00-04:00,34.5,35.029998779296875,34.13999938964844,34.22999954223633,33.78242111206055,1617700,0.0,0.0,HWM
2022-04-12 00:00:00-04:00,34.36000061035156,34.939998626708984,34.22999954223633,34.68000030517578,34.226539611816406,1832100,0.0,0.0,HWM
2022-04-13 00:00:00-04:00,34.86000061035156,35.459999084472656,34.79999923706055,35.279998779296875,34.81867980957031,1812000,0.0,0.0,HWM
2022-04-14 00:00:00-04:00,35.40999984741211,35.91999816894531,35.34000015258789,35.47999954223633,35.01606750488281,2242300,0.0,0.0,HWM
2022-04-18 00:00:00-04:00,35.41999816894531,35.880001068115234,35.16999816894531,35.439998626708984,34.976593017578125,1728400,0.0,0.0,HWM
2022-04-19 00:00:00-04:00,35.54999923706055,36.790000915527344,35.4900016784668,36.63999938964844,36.16089630126953,2149100,0.0,0.0,HWM
2022-04-20 00:00:00-04:00,36.77000045776367,37.20000076293945,36.58000183105469,36.84000015258789,36.3582878112793,1713800,0.0,0.0,HWM
2022-04-21 00:00:00-04:00,37.20000076293945,37.529998779296875,35.529998779296875,35.66999816894531,35.20359420776367,2232600,0.0,0.0,HWM
2022-04-22 00:00:00-04:00,35.5,35.77000045776367,34.869998931884766,34.959999084472656,34.502872467041016,1802800,0.0,0.0,HWM
2022-04-25 00:00:00-04:00,34.689998626708984,34.849998474121094,33.7599983215332,34.81999969482422,34.364707946777344,3184800,0.0,0.0,HWM
2022-04-26 00:00:00-04:00,34.630001068115234,34.959999084472656,34.25,34.2599983215332,33.812015533447266,3203700,0.0,0.0,HWM
2022-04-27 00:00:00-04:00,34.220001220703125,34.56999969482422,33.369998931884766,34.400001525878906,33.9501953125,3115700,0.0,0.0,HWM
2022-04-28 00:00:00-04:00,34.77000045776367,35.15999984741211,33.93000030517578,34.95000076293945,34.49300003051758,1892500,0.0,0.0,HWM
2022-04-29 00:00:00-04:00,34.93000030517578,35.209999084472656,33.970001220703125,34.119998931884766,33.673851013183594,2090200,0.0,0.0,HWM
2022-05-02 00:00:00-04:00,34.119998931884766,34.34000015258789,32.90999984741211,33.84000015258789,33.39752197265625,3492500,0.0,0.0,HWM
2022-05-03 00:00:00-04:00,34.349998474121094,35.70000076293945,33.4900016784668,34.9900016784668,34.53247833251953,3962800,0.0,0.0,HWM
2022-05-04 00:00:00-04:00,34.93000030517578,36.599998474121094,34.560001373291016,36.560001373291016,36.08195114135742,3614500,0.0,0.0,HWM
2022-05-05 00:00:00-04:00,36.2599983215332,36.5,34.869998931884766,35.41999816894531,34.97599411010742,2463700,0.02,0.0,HWM
2022-05-06 00:00:00-04:00,35.27000045776367,35.310001373291016,34.220001220703125,35.029998779296875,34.590877532958984,3061100,0.0,0.0,HWM
2022-05-09 00:00:00-04:00,34.52000045776367,34.689998626708984,33.04999923706055,33.27000045776367,32.85294723510742,3675500,0.0,0.0,HWM
2022-05-10 00:00:00-04:00,33.66999816894531,34.5099983215332,33.16999816894531,33.97999954223633,33.554046630859375,4580500,0.0,0.0,HWM
2022-05-11 00:00:00-04:00,34.029998779296875,34.689998626708984,33.279998779296875,33.540000915527344,33.11956024169922,2327000,0.0,0.0,HWM
2022-05-12 00:00:00-04:00,33.349998474121094,33.52000045776367,31.940000534057617,32.849998474121094,32.43821334838867,3072100,0.0,0.0,HWM
2022-05-13 00:00:00-04:00,33.33000183105469,34.06999969482422,33.279998779296875,33.790000915527344,33.36642837524414,2323700,0.0,0.0,HWM
2022-05-16 00:00:00-04:00,33.689998626708984,34.58000183105469,33.63999938964844,34.060001373291016,33.6330451965332,2083100,0.0,0.0,HWM
2022-05-17 00:00:00-04:00,34.7400016784668,35.33000183105469,34.52000045776367,35.2400016784668,34.798248291015625,1828700,0.0,0.0,HWM
2022-05-18 00:00:00-04:00,34.810001373291016,35.25,33.41999816894531,33.59000015258789,33.16893005371094,2277500,0.0,0.0,HWM
2022-05-19 00:00:00-04:00,33.20000076293945,34.18000030517578,33.0,33.45000076293945,33.03068542480469,3319400,0.0,0.0,HWM
2022-05-20 00:00:00-04:00,33.75,33.779998779296875,32.22999954223633,33.15999984741211,32.744319915771484,2852300,0.0,0.0,HWM
2022-05-23 00:00:00-04:00,33.63999938964844,34.47999954223633,33.08000183105469,34.29999923706055,33.870025634765625,2246000,0.0,0.0,HWM
2022-05-24 00:00:00-04:00,34.060001373291016,34.15999984741211,32.75,33.709999084472656,33.28742599487305,1509100,0.0,0.0,HWM
2022-05-25 00:00:00-04:00,33.459999084472656,34.220001220703125,33.31999969482422,33.95000076293945,33.524417877197266,1636500,0.0,0.0,HWM
2022-05-26 00:00:00-04:00,34.43000030517578,34.93000030517578,34.29999923706055,34.61000061035156,34.1761474609375,2090700,0.0,0.0,HWM
2022-05-27 00:00:00-04:00,34.93000030517578,36.029998779296875,34.88999938964844,36.029998779296875,35.57834243774414,1874500,0.0,0.0,HWM
2022-05-31 00:00:00-04:00,35.709999084472656,36.029998779296875,35.220001220703125,35.77000045776367,35.32160568237305,5121800,0.0,0.0,HWM
2022-06-01 00:00:00-04:00,36.06999969482422,36.099998474121094,34.7400016784668,35.68000030517578,35.232723236083984,2435000,0.0,0.0,HWM
2022-06-02 00:00:00-04:00,35.81999969482422,37.0099983215332,35.41999816894531,36.9900016784668,36.52630615234375,3513700,0.0,0.0,HWM
2022-06-03 00:00:00-04:00,36.619998931884766,37.060001373291016,36.11000061035156,36.630001068115234,36.17082977294922,1900700,0.0,0.0,HWM
2022-06-06 00:00:00-04:00,37.0,37.099998474121094,36.5099983215332,36.650001525878906,36.190574645996094,1818100,0.0,0.0,HWM
2022-06-07 00:00:00-04:00,36.31999969482422,37.45000076293945,36.099998474121094,37.43000030517578,36.96079635620117,1656900,0.0,0.0,HWM
2022-06-08 00:00:00-04:00,36.93000030517578,37.349998474121094,36.38999938964844,36.470001220703125,36.012840270996094,1963100,0.0,0.0,HWM
2022-06-09 00:00:00-04:00,36.04999923706055,36.130001068115234,35.13999938964844,35.16999816894531,34.7291259765625,1922000,0.0,0.0,HWM
2022-06-10 00:00:00-04:00,34.2400016784668,34.709999084472656,33.72999954223633,33.97999954223633,33.554046630859375,3181400,0.0,0.0,HWM
2022-06-13 00:00:00-04:00,33.060001373291016,33.060001373291016,31.959999084472656,32.189998626708984,31.786474227905273,2575000,0.0,0.0,HWM
2022-06-14 00:00:00-04:00,32.38999938964844,32.880001068115234,31.59000015258789,32.20000076293945,31.796354293823242,3513400,0.0,0.0,HWM
2022-06-15 00:00:00-04:00,32.66999816894531,33.369998931884766,32.290000915527344,32.709999084472656,32.299964904785156,3476600,0.0,0.0,HWM
2022-06-16 00:00:00-04:00,31.75,31.920000076293945,30.700000762939453,30.799999237060547,30.41390037536621,2989300,0.0,0.0,HWM
2022-06-17 00:00:00-04:00,30.950000762939453,31.760000228881836,30.549999237060547,31.520000457763672,31.124879837036133,4905400,0.0,0.0,HWM
2022-06-21 00:00:00-04:00,32.279998779296875,32.34000015258789,31.59000015258789,31.65999984741211,31.263126373291016,2409500,0.0,0.0,HWM
2022-06-22 00:00:00-04:00,30.8799991607666,31.790000915527344,30.770000457763672,31.43000030517578,31.0360107421875,1754200,0.0,0.0,HWM
2022-06-23 00:00:00-04:00,31.459999084472656,31.56999969482422,29.84000015258789,30.700000762939453,30.31515884399414,2668400,0.0,0.0,HWM
2022-06-24 00:00:00-04:00,31.020000457763672,32.22999954223633,30.84000015258789,32.18000030517578,31.7766056060791,2736500,0.0,0.0,HWM
2022-06-27 00:00:00-04:00,32.380001068115234,32.5,31.670000076293945,31.799999237060547,31.401371002197266,1890700,0.0,0.0,HWM
2022-06-28 00:00:00-04:00,32.099998474121094,32.779998779296875,31.770000457763672,31.8799991607666,31.480365753173828,1728800,0.0,0.0,HWM
2022-06-29 00:00:00-04:00,31.979999542236328,32.13999938964844,30.920000076293945,31.31999969482422,30.927383422851562,1431800,0.0,0.0,HWM
2022-06-30 00:00:00-04:00,30.729999542236328,31.739999771118164,30.459999084472656,31.450000762939453,31.055761337280273,2869300,0.0,0.0,HWM
2022-07-01 00:00:00-04:00,31.389999389648438,32.099998474121094,30.969999313354492,31.799999237060547,31.401371002197266,3909100,0.0,0.0,HWM
2022-07-05 00:00:00-04:00,31.030000686645508,31.170000076293945,30.049999237060547,31.100000381469727,30.71014404296875,3444700,0.0,0.0,HWM
2022-07-06 00:00:00-04:00,31.18000030517578,32.15999984741211,30.940000534057617,31.940000534057617,31.539609909057617,2540100,0.0,0.0,HWM
2022-07-07 00:00:00-04:00,32.40999984741211,32.900001525878906,32.2400016784668,32.54999923706055,32.14196014404297,1812200,0.0,0.0,HWM
2022-07-08 00:00:00-04:00,32.869998931884766,33.15999984741211,32.5,32.7400016784668,32.32958984375,2562800,0.0,0.0,HWM
2022-07-11 00:00:00-04:00,32.41999816894531,32.939998626708984,32.369998931884766,32.939998626708984,32.52707290649414,2641000,0.0,0.0,HWM
2022-07-12 00:00:00-04:00,32.65999984741211,33.81999969482422,32.59000015258789,33.40999984741211,32.99118423461914,3367100,0.0,0.0,HWM
2022-07-13 00:00:00-04:00,32.810001373291016,33.369998931884766,32.650001525878906,33.18000030517578,32.76405715942383,2849500,0.0,0.0,HWM
2022-07-14 00:00:00-04:00,32.459999084472656,33.099998474121094,32.290000915527344,33.04999923706055,32.63570785522461,2398800,0.0,0.0,HWM
2022-07-15 00:00:00-04:00,33.70000076293945,33.779998779296875,33.099998474121094,33.31999969482422,32.902313232421875,2074500,0.0,0.0,HWM
2022-07-18 00:00:00-04:00,33.81999969482422,34.439998626708984,32.810001373291016,33.0,32.586326599121094,2877400,0.0,0.0,HWM
2022-07-19 00:00:00-04:00,33.25,34.54999923706055,33.25,34.47999954223633,34.04778289794922,2814200,0.0,0.0,HWM
2022-07-20 00:00:00-04:00,34.459999084472656,35.060001373291016,34.2400016784668,34.849998474121094,34.41313552856445,2191600,0.0,0.0,HWM
2022-07-21 00:00:00-04:00,34.47999954223633,34.84000015258789,34.31999969482422,34.75,34.314388275146484,2456900,0.0,0.0,HWM
2022-07-22 00:00:00-04:00,34.79999923706055,35.040000915527344,34.08000183105469,34.36000061035156,33.92927169799805,1845100,0.0,0.0,HWM
2022-07-25 00:00:00-04:00,34.5099983215332,34.9900016784668,34.349998474121094,34.83000183105469,34.39339065551758,2450000,0.0,0.0,HWM
2022-07-26 00:00:00-04:00,34.79999923706055,35.11000061035156,34.5099983215332,34.83000183105469,34.39339065551758,3012400,0.0,0.0,HWM
2022-07-27 00:00:00-04:00,35.439998626708984,35.93000030517578,34.72999954223633,35.16999816894531,34.7291259765625,3038300,0.0,0.0,HWM
2022-07-28 00:00:00-04:00,35.34000015258789,36.08000183105469,35.060001373291016,36.040000915527344,35.588226318359375,2431500,0.0,0.0,HWM
2022-07-29 00:00:00-04:00,36.18000030517578,37.150001525878906,35.869998931884766,37.130001068115234,36.66455841064453,4008000,0.0,0.0,HWM
2022-08-01 00:00:00-04:00,36.959999084472656,37.63999938964844,36.849998474121094,37.349998474121094,36.88180160522461,5957900,0.0,0.0,HWM
2022-08-02 00:00:00-04:00,37.220001220703125,37.689998626708984,36.93000030517578,37.20000076293945,36.733680725097656,3503600,0.0,0.0,HWM
2022-08-03 00:00:00-04:00,37.47999954223633,37.47999954223633,36.880001068115234,37.22999954223633,36.76329803466797,5317700,0.0,0.0,HWM
2022-08-04 00:00:00-04:00,36.7599983215332,38.06999969482422,36.650001525878906,37.11000061035156,36.66450500488281,3053800,0.02,0.0,HWM
2022-08-05 00:00:00-04:00,36.70000076293945,37.16999816894531,36.279998779296875,37.060001373291016,36.615108489990234,1792500,0.0,0.0,HWM
2022-08-08 00:00:00-04:00,37.380001068115234,37.79999923706055,37.189998626708984,37.560001373291016,37.109100341796875,5912800,0.0,0.0,HWM
2022-08-09 00:00:00-04:00,37.56999969482422,37.72999954223633,37.16999816894531,37.439998626708984,36.990535736083984,3157000,0.0,0.0,HWM
2022-08-10 00:00:00-04:00,38.0,38.349998474121094,37.83000183105469,37.90999984741211,37.454898834228516,4122900,0.0,0.0,HWM
2022-08-11 00:00:00-04:00,38.2400016784668,38.619998931884766,38.04999923706055,38.22999954223633,37.77105712890625,3013900,0.0,0.0,HWM
2022-08-12 00:00:00-04:00,38.45000076293945,38.65999984741211,38.18000030517578,38.54999923706055,38.087215423583984,4392500,0.0,0.0,HWM
2022-08-15 00:00:00-04:00,38.2599983215332,38.9900016784668,38.18000030517578,38.720001220703125,38.25517654418945,3293400,0.0,0.0,HWM
2022-08-16 00:00:00-04:00,38.75,38.959999084472656,38.619998931884766,38.72999954223633,38.265052795410156,2658600,0.0,0.0,HWM
2022-08-17 00:00:00-04:00,38.16999816894531,38.5,37.939998626708984,38.45000076293945,37.98841857910156,3410200,0.0,0.0,HWM
2022-08-18 00:00:00-04:00,38.41999816894531,38.83000183105469,38.290000915527344,38.439998626708984,37.97853469848633,2449400,0.0,0.0,HWM
2022-08-19 00:00:00-04:00,38.22999954223633,38.31999969482422,37.40999984741211,37.599998474121094,37.14862060546875,1992900,0.0,0.0,HWM
2022-08-22 00:00:00-04:00,36.849998474121094,37.13999938964844,36.45000076293945,36.47999954223633,36.04206466674805,1870100,0.0,0.0,HWM
2022-08-23 00:00:00-04:00,36.650001525878906,37.13999938964844,36.5099983215332,36.68000030517578,36.239662170410156,2563200,0.0,0.0,HWM
2022-08-24 00:00:00-04:00,36.77000045776367,37.209999084472656,36.70000076293945,37.029998779296875,36.5854606628418,1636100,0.0,0.0,HWM
2022-08-25 00:00:00-04:00,37.2599983215332,37.81999969482422,37.11000061035156,37.779998779296875,37.32645034790039,1736200,0.0,0.0,HWM
2022-08-26 00:00:00-04:00,37.9900016784668,37.9900016784668,36.65999984741211,36.65999984741211,36.21990203857422,1398600,0.0,0.0,HWM
2022-08-29 00:00:00-04:00,36.43000030517578,36.97999954223633,36.18000030517578,36.599998474121094,36.16061782836914,1751700,0.0,0.0,HWM
2022-08-30 00:00:00-04:00,36.65999984741211,36.810001373291016,35.40999984741211,35.869998931884766,35.439388275146484,2335700,0.0,0.0,HWM
2022-08-31 00:00:00-04:00,35.93000030517578,36.099998474121094,35.400001525878906,35.43000030517578,35.004669189453125,2433100,0.0,0.0,HWM
2022-09-01 00:00:00-04:00,35.08000183105469,35.25,34.459999084472656,35.04999923706055,34.62923049926758,2884100,0.0,0.0,HWM
2022-09-02 00:00:00-04:00,35.540000915527344,35.88999938964844,34.90999984741211,35.02000045776367,34.59959030151367,1866200,0.0,0.0,HWM
2022-09-06 00:00:00-04:00,35.18000030517578,35.38999938964844,34.54999923706055,34.72999954223633,34.313072204589844,2037000,0.0,0.0,HWM
2022-09-07 00:00:00-04:00,34.619998931884766,35.470001220703125,34.459999084472656,35.36000061035156,34.935508728027344,3059200,0.0,0.0,HWM
2022-09-08 00:00:00-04:00,35.16999816894531,35.90999984741211,34.83000183105469,35.849998474121094,35.41962814331055,2117400,0.0,0.0,HWM
2022-09-09 00:00:00-04:00,36.150001525878906,36.4900016784668,35.869998931884766,36.40999984741211,35.97290802001953,2290600,0.0,0.0,HWM
2022-09-12 00:00:00-04:00,36.630001068115234,37.06999969482422,36.34000015258789,37.02000045776367,36.575584411621094,3904500,0.0,0.0,HWM
2022-09-13 00:00:00-04:00,36.16999816894531,36.369998931884766,35.02000045776367,35.20000076293945,34.77743911743164,2271500,0.0,0.0,HWM
2022-09-14 00:00:00-04:00,35.29999923706055,35.720001220703125,34.2400016784668,35.31999969482422,34.89598846435547,3310500,0.0,0.0,HWM
2022-09-15 00:00:00-04:00,34.900001525878906,35.279998779296875,34.15999984741211,34.290000915527344,33.87835693359375,2992500,0.0,0.0,HWM
2022-09-16 00:00:00-04:00,33.709999084472656,33.83000183105469,32.9900016784668,33.61000061035156,33.206520080566406,5014500,0.0,0.0,HWM
2022-09-19 00:00:00-04:00,33.40999984741211,34.52000045776367,33.400001525878906,34.220001220703125,33.8091926574707,2523100,0.0,0.0,HWM
2022-09-20 00:00:00-04:00,34.0099983215332,34.4900016784668,33.72999954223633,34.279998779296875,33.86846923828125,2752600,0.0,0.0,HWM
2022-09-21 00:00:00-04:00,34.779998779296875,34.86000061035156,33.43000030517578,33.43000030517578,33.0286750793457,2789300,0.0,0.0,HWM
2022-09-22 00:00:00-04:00,33.56999969482422,33.59000015258789,32.540000915527344,32.790000915527344,32.3963623046875,2482900,0.0,0.0,HWM
2022-09-23 00:00:00-04:00,32.25,32.36000061035156,31.40999984741211,31.829999923706055,31.447887420654297,2890200,0.0,0.0,HWM
2022-09-26 00:00:00-04:00,31.65999984741211,31.889999389648438,30.940000534057617,31.040000915527344,30.667373657226562,2466200,0.0,0.0,HWM
2022-09-27 00:00:00-04:00,31.5,31.690000534057617,30.690000534057617,31.100000381469727,30.72665023803711,2407400,0.0,0.0,HWM
2022-09-28 00:00:00-04:00,31.329999923706055,32.04999923706055,31.049999237060547,31.850000381469727,31.4676513671875,2062300,0.0,0.0,HWM
2022-09-29 00:00:00-04:00,31.469999313354492,31.520000457763672,30.600000381469727,30.940000534057617,30.568574905395508,2609900,0.0,0.0,HWM
2022-09-30 00:00:00-04:00,30.780000686645508,31.670000076293945,30.649999618530273,30.93000030517578,30.558691024780273,4017300,0.0,0.0,HWM
2022-10-03 00:00:00-04:00,31.440000534057617,32.279998779296875,31.18000030517578,32.09000015258789,31.704769134521484,2266700,0.0,0.0,HWM
2022-10-04 00:00:00-04:00,32.70000076293945,33.56999969482422,32.70000076293945,33.5099983215332,33.10771179199219,2083400,0.0,0.0,HWM
2022-10-05 00:00:00-04:00,32.97999954223633,33.72999954223633,32.81999969482422,33.33000183105469,32.92987823486328,2426100,0.0,0.0,HWM
2022-10-06 00:00:00-04:00,33.060001373291016,33.65999984741211,32.880001068115234,33.20000076293945,32.80144119262695,1778700,0.0,0.0,HWM
2022-10-07 00:00:00-04:00,32.93000030517578,33.0099983215332,32.2599983215332,32.540000915527344,32.14936828613281,2232100,0.0,0.0,HWM
2022-10-10 00:00:00-04:00,32.959999084472656,33.529998779296875,32.630001068115234,32.939998626708984,32.5445556640625,2883100,0.0,0.0,HWM
2022-10-11 00:00:00-04:00,32.869998931884766,33.4900016784668,32.5099983215332,33.0,32.60383987426758,2395400,0.0,0.0,HWM
2022-10-12 00:00:00-04:00,32.720001220703125,32.849998474121094,31.709999084472656,32.11000061035156,31.724531173706055,3847600,0.0,0.0,HWM
2022-10-13 00:00:00-04:00,31.579999923706055,33.08000183105469,31.299999237060547,32.88999938964844,32.49516296386719,2607100,0.0,0.0,HWM
2022-10-14 00:00:00-04:00,33.20000076293945,33.33000183105469,32.130001068115234,32.290000915527344,31.90236473083496,1819000,0.0,0.0,HWM
2022-10-17 00:00:00-04:00,33.0,33.38999938964844,32.650001525878906,32.93000030517578,32.53468704223633,3282600,0.0,0.0,HWM
2022-10-18 00:00:00-04:00,33.72999954223633,33.90999984741211,33.310001373291016,33.61000061035156,33.206520080566406,2343700,0.0,0.0,HWM
2022-10-19 00:00:00-04:00,33.459999084472656,34.34000015258789,33.36000061035156,34.2400016784668,33.828956604003906,4675400,0.0,0.0,HWM
2022-10-20 00:00:00-04:00,34.29999923706055,34.959999084472656,33.9900016784668,34.02000045776367,33.61159896850586,5165300,0.0,0.0,HWM
2022-10-21 00:00:00-04:00,34.0,35.41999816894531,33.9900016784668,35.369998931884766,34.94539260864258,3365900,0.0,0.0,HWM
2022-10-24 00:00:00-04:00,35.650001525878906,35.88999938964844,35.0,35.400001525878906,34.97502899169922,4108900,0.0,0.0,HWM
2022-10-25 00:00:00-04:00,35.25,35.66999816894531,34.880001068115234,35.56999969482422,35.143001556396484,3021600,0.0,0.0,HWM
2022-10-26 00:00:00-04:00,35.869998931884766,36.04999923706055,34.619998931884766,34.709999084472656,34.293312072753906,4502900,0.0,0.0,HWM
2022-10-27 00:00:00-04:00,35.08000183105469,35.709999084472656,35.02000045776367,35.09000015258789,34.66875457763672,2976200,0.0,0.0,HWM
2022-10-28 00:00:00-04:00,35.2400016784668,36.18000030517578,35.02000045776367,36.16999816894531,35.73578643798828,7638700,0.0,0.0,HWM
2022-10-31 00:00:00-04:00,34.70000076293945,35.599998474121094,34.18000030517578,35.54999923706055,35.123226165771484,6714200,0.0,0.0,HWM
2022-11-01 00:00:00-04:00,35.939998626708984,36.529998779296875,35.599998474121094,36.4900016784668,36.05195617675781,4343400,0.0,0.0,HWM
2022-11-02 00:00:00-04:00,36.40999984741211,36.810001373291016,35.29999923706055,35.34000015258789,34.91575241088867,4384100,0.0,0.0,HWM
2022-11-03 00:00:00-04:00,34.95000076293945,35.90999984741211,34.70000076293945,35.22999954223633,34.84651565551758,2788100,0.04,0.0,HWM
2022-11-04 00:00:00-04:00,35.599998474121094,36.54999923706055,35.40999984741211,36.040000915527344,35.64769744873047,5309400,0.0,0.0,HWM
2022-11-07 00:00:00-05:00,36.29999923706055,36.63999938964844,36.15999984741211,36.61000061035156,36.21149444580078,2440900,0.0,0.0,HWM
2022-11-08 00:00:00-05:00,36.83000183105469,37.310001373291016,36.45000076293945,36.84000015258789,36.438987731933594,2574300,0.0,0.0,HWM
2022-11-09 00:00:00-05:00,36.56999969482422,37.31999969482422,36.29999923706055,36.34000015258789,35.94443130493164,3608700,0.0,0.0,HWM
2022-11-10 00:00:00-05:00,37.209999084472656,38.38999938964844,37.130001068115234,38.29999923706055,37.88309097290039,4263800,0.0,0.0,HWM
2022-11-11 00:00:00-05:00,38.43000030517578,39.2400016784668,37.380001068115234,37.43000030517578,37.0225715637207,3631900,0.0,0.0,HWM
2022-11-14 00:00:00-05:00,37.189998626708984,37.61000061035156,36.63999938964844,36.650001525878906,36.25106430053711,3018700,0.0,0.0,HWM
2022-11-15 00:00:00-05:00,37.119998931884766,37.2599983215332,36.47999954223633,36.54999923706055,36.15214157104492,4320200,0.0,0.0,HWM
2022-11-16 00:00:00-05:00,36.38999938964844,37.040000915527344,36.220001220703125,36.84000015258789,36.438987731933594,4513400,0.0,0.0,HWM
2022-11-17 00:00:00-05:00,36.20000076293945,36.5099983215332,34.79999923706055,36.470001220703125,36.07301712036133,2295700,0.0,0.0,HWM
2022-11-18 00:00:00-05:00,37.04999923706055,37.2400016784668,36.7400016784668,37.099998474121094,36.6961555480957,2542900,0.0,0.0,HWM
2022-11-21 00:00:00-05:00,37.0,37.29999923706055,36.65999984741211,37.27000045776367,36.86430740356445,1865600,0.0,0.0,HWM
2022-11-22 00:00:00-05:00,37.630001068115234,38.310001373291016,37.5099983215332,38.22999954223633,37.81386184692383,2621300,0.0,0.0,HWM
2022-11-23 00:00:00-05:00,38.33000183105469,38.45000076293945,37.77000045776367,38.02000045776367,37.606143951416016,1479400,0.0,0.0,HWM
2022-11-25 00:00:00-05:00,38.06999969482422,38.25,37.880001068115234,38.040000915527344,37.62592315673828,713900,0.0,0.0,HWM
2022-11-28 00:00:00-05:00,37.61000061035156,37.689998626708984,36.81999969482422,37.029998779296875,36.62691879272461,1957300,0.0,0.0,HWM
2022-11-29 00:00:00-05:00,37.150001525878906,37.349998474121094,36.959999084472656,37.220001220703125,36.814849853515625,1344100,0.0,0.0,HWM
2022-11-30 00:00:00-05:00,37.22999954223633,37.7400016784668,36.83000183105469,37.66999816894531,37.25994873046875,4229100,0.0,0.0,HWM
2022-12-01 00:00:00-05:00,37.869998931884766,38.4900016784668,37.5099983215332,38.40999984741211,37.99188995361328,2629700,0.0,0.0,HWM
2022-12-02 00:00:00-05:00,37.86000061035156,39.150001525878906,37.81999969482422,39.08000183105469,38.65460968017578,3722100,0.0,0.0,HWM
2022-12-05 00:00:00-05:00,38.83000183105469,39.25,38.31999969482422,38.540000915527344,38.120487213134766,2296900,0.0,0.0,HWM
2022-12-06 00:00:00-05:00,38.779998779296875,39.04999923706055,37.619998931884766,37.869998931884766,37.4577751159668,2116900,0.0,0.0,HWM
2022-12-07 00:00:00-05:00,37.77000045776367,38.34000015258789,37.7400016784668,37.869998931884766,37.4577751159668,1266300,0.0,0.0,HWM
2022-12-08 00:00:00-05:00,38.27000045776367,38.38999938964844,37.529998779296875,37.63999938964844,37.23027801513672,1344800,0.0,0.0,HWM
2022-12-09 00:00:00-05:00,37.63999938964844,38.15999984741211,37.47999954223633,38.0,37.586360931396484,3043300,0.0,0.0,HWM
2022-12-12 00:00:00-05:00,38.33000183105469,38.880001068115234,37.91999816894531,38.880001068115234,38.456787109375,2956400,0.0,0.0,HWM
2022-12-13 00:00:00-05:00,39.61000061035156,39.779998779296875,38.900001525878906,39.209999084472656,38.78319549560547,3236300,0.0,0.0,HWM
2022-12-14 00:00:00-05:00,39.2599983215332,39.439998626708984,38.7599983215332,39.0,38.57546615600586,3362900,0.0,0.0,HWM
2022-12-15 00:00:00-05:00,38.380001068115234,38.5099983215332,37.81999969482422,37.93000030517578,37.51711654663086,2437600,0.0,0.0,HWM
2022-12-16 00:00:00-05:00,37.66999816894531,38.290000915527344,37.25,38.130001068115234,37.714942932128906,4267600,0.0,0.0,HWM
2022-12-19 00:00:00-05:00,38.130001068115234,38.369998931884766,37.2599983215332,37.58000183105469,37.17093276977539,1875600,0.0,0.0,HWM
2022-12-20 00:00:00-05:00,37.61000061035156,38.54999923706055,37.61000061035156,38.279998779296875,37.86331558227539,2648100,0.0,0.0,HWM
2022-12-21 00:00:00-05:00,38.77000045776367,39.310001373291016,38.599998474121094,39.04999923706055,38.62492752075195,3264100,0.0,0.0,HWM
2022-12-22 00:00:00-05:00,38.66999816894531,38.81999969482422,37.959999084472656,38.540000915527344,38.120487213134766,2499400,0.0,0.0,HWM
2022-12-23 00:00:00-05:00,38.41999816894531,39.119998931884766,38.41999816894531,39.060001373291016,38.634822845458984,2059600,0.0,0.0,HWM
2022-12-27 00:00:00-05:00,39.25,39.689998626708984,39.119998931884766,39.400001525878906,38.97112274169922,2134100,0.0,0.0,HWM
2022-12-28 00:00:00-05:00,39.349998474121094,39.599998474121094,38.720001220703125,38.720001220703125,38.29852294921875,2265900,0.0,0.0,HWM
2022-12-29 00:00:00-05:00,38.90999984741211,39.4900016784668,38.849998474121094,39.38999938964844,38.96123123168945,2210300,0.0,0.0,HWM
2022-12-30 00:00:00-05:00,39.16999816894531,39.47999954223633,38.9900016784668,39.40999984741211,38.98101043701172,1572300,0.0,0.0,HWM
2023-01-03 00:00:00-05:00,39.400001525878906,39.61000061035156,38.84000015258789,39.060001373291016,38.634822845458984,2088500,0.0,0.0,HWM
2023-01-04 00:00:00-05:00,39.11000061035156,39.72999954223633,39.08000183105469,39.54999923706055,39.11948776245117,2553300,0.0,0.0,HWM
2023-01-05 00:00:00-05:00,39.369998931884766,39.54999923706055,39.08000183105469,39.31999969482422,38.891990661621094,1523900,0.0,0.0,HWM
2023-01-06 00:00:00-05:00,39.75,40.61000061035156,39.70000076293945,40.459999084472656,40.01957702636719,2511500,0.0,0.0,HWM
2023-01-09 00:00:00-05:00,40.72999954223633,40.9900016784668,40.0,40.08000183105469,39.64372253417969,1943600,0.0,0.0,HWM
2023-01-10 00:00:00-05:00,39.86000061035156,40.56999969482422,39.650001525878906,40.54999923706055,40.108604431152344,1615300,0.0,0.0,HWM
2023-01-11 00:00:00-05:00,40.720001220703125,40.970001220703125,40.29999923706055,40.38999938964844,39.95034408569336,2372900,0.0,0.0,HWM
2023-01-12 00:00:00-05:00,40.5,41.02000045776367,40.38999938964844,40.66999816894531,40.227294921875,2736300,0.0,0.0,HWM
2023-01-13 00:00:00-05:00,40.189998626708984,40.849998474121094,39.93000030517578,40.75,40.306427001953125,1518800,0.0,0.0,HWM
2023-01-17 00:00:00-05:00,40.689998626708984,40.97999954223633,40.380001068115234,40.61000061035156,40.16794204711914,1900300,0.0,0.0,HWM
2023-01-18 00:00:00-05:00,40.90999984741211,40.90999984741211,39.4900016784668,39.529998779296875,39.09970474243164,2708300,0.0,0.0,HWM
2023-01-19 00:00:00-05:00,39.220001220703125,39.31999969482422,38.400001525878906,38.43000030517578,38.011680603027344,2456300,0.0,0.0,HWM
2023-01-20 00:00:00-05:00,38.630001068115234,38.7599983215332,38.310001373291016,38.70000076293945,38.27873992919922,1698000,0.0,0.0,HWM
2023-01-23 00:00:00-05:00,38.810001373291016,39.5,38.70000076293945,39.43000030517578,39.00079345703125,2483500,0.0,0.0,HWM
2023-01-24 00:00:00-05:00,39.38999938964844,39.7599983215332,38.84000015258789,39.40999984741211,38.98101043701172,2589500,0.0,0.0,HWM
2023-01-25 00:00:00-05:00,38.970001220703125,39.66999816894531,38.72999954223633,39.61000061035156,39.178836822509766,1781300,0.0,0.0,HWM
2023-01-26 00:00:00-05:00,39.91999816894531,40.84000015258789,39.4900016784668,40.81999969482422,40.375667572021484,2243800,0.0,0.0,HWM
2023-01-27 00:00:00-05:00,40.720001220703125,41.099998474121094,40.290000915527344,40.400001525878906,39.960235595703125,1720700,0.0,0.0,HWM
2023-01-30 00:00:00-05:00,40.08000183105469,40.560001373291016,40.029998779296875,40.189998626708984,39.752525329589844,1487000,0.0,0.0,HWM
2023-01-31 00:00:00-05:00,40.220001220703125,40.70000076293945,39.849998474121094,40.689998626708984,40.247074127197266,1823400,0.0,0.0,HWM
2023-02-01 00:00:00-05:00,40.470001220703125,40.77000045776367,39.939998626708984,40.59000015258789,40.14816665649414,2352300,0.0,0.0,HWM
2023-02-02 00:00:00-05:00,40.619998931884766,40.720001220703125,39.86000061035156,40.22999954223633,39.792083740234375,2309300,0.0,0.0,HWM
2023-02-03 00:00:00-05:00,40.099998474121094,40.5,39.66999816894531,39.86000061035156,39.426116943359375,2086600,0.0,0.0,HWM
2023-02-06 00:00:00-05:00,39.709999084472656,39.970001220703125,39.4900016784668,39.959999084472656,39.52501678466797,1744600,0.0,0.0,HWM
2023-02-07 00:00:00-05:00,39.90999984741211,40.97999954223633,39.79999923706055,40.86000061035156,40.415225982666016,2267000,0.0,0.0,HWM
2023-02-08 00:00:00-05:00,40.56999969482422,40.95000076293945,40.56999969482422,40.84000015258789,40.39544677734375,1979300,0.0,0.0,HWM
2023-02-09 00:00:00-05:00,41.06999969482422,41.41999816894531,40.45000076293945,40.45000076293945,40.048919677734375,2302100,0.04,0.0,HWM
2023-02-10 00:00:00-05:00,40.40999984741211,40.58000183105469,39.9900016784668,40.52000045776367,40.11822509765625,2981900,0.0,0.0,HWM
2023-02-13 00:00:00-05:00,40.619998931884766,41.33000183105469,40.619998931884766,41.08000183105469,40.672672271728516,4347900,0.0,0.0,HWM
2023-02-14 00:00:00-05:00,40.29999923706055,43.20000076293945,39.279998779296875,43.02000045776367,42.59343719482422,5376000,0.0,0.0,HWM
2023-02-15 00:00:00-05:00,42.5,43.43000030517578,42.31999969482422,43.40999984741211,42.97956848144531,3132000,0.0,0.0,HWM
2023-02-16 00:00:00-05:00,42.970001220703125,43.83000183105469,42.84000015258789,42.95000076293945,42.52412033081055,2836500,0.0,0.0,HWM
2023-02-17 00:00:00-05:00,42.93000030517578,43.15999984741211,42.650001525878906,43.02000045776367,42.59343719482422,2012500,0.0,0.0,HWM
2023-02-21 00:00:00-05:00,43.02000045776367,43.11000061035156,41.9900016784668,42.09000015258789,41.67265701293945,2345100,0.0,0.0,HWM
2023-02-22 00:00:00-05:00,41.90999984741211,42.689998626708984,41.84000015258789,41.9900016784668,41.573646545410156,2293500,0.0,0.0,HWM
2023-02-23 00:00:00-05:00,42.2400016784668,42.66999816894531,41.75,42.029998779296875,41.613250732421875,4853500,0.0,0.0,HWM
2023-02-24 00:00:00-05:00,41.58000183105469,42.060001373291016,41.2599983215332,41.959999084472656,41.5439453125,2847700,0.0,0.0,HWM
2023-02-27 00:00:00-05:00,42.310001373291016,42.4900016784668,42.02000045776367,42.31999969482422,41.90037536621094,1995200,0.0,0.0,HWM
2023-02-28 00:00:00-05:00,42.25,44.369998931884766,41.900001525878906,42.18000030517578,41.76176452636719,4889400,0.0,0.0,HWM
2023-03-01 00:00:00-05:00,42.189998626708984,42.88999938964844,41.939998626708984,42.79999923706055,42.3756103515625,3331800,0.0,0.0,HWM
2023-03-02 00:00:00-05:00,42.58000183105469,43.40999984741211,42.2400016784668,43.349998474121094,42.92015838623047,3253300,0.0,0.0,HWM
2023-03-03 00:00:00-05:00,43.630001068115234,43.900001525878906,43.04999923706055,43.75,43.31619644165039,3189000,0.0,0.0,HWM
2023-03-06 00:00:00-05:00,43.779998779296875,44.18000030517578,43.45000076293945,43.7599983215332,43.326087951660156,3575600,0.0,0.0,HWM
2023-03-07 00:00:00-05:00,43.7599983215332,43.90999984741211,43.34000015258789,43.349998474121094,42.92015838623047,4328400,0.0,0.0,HWM
2023-03-08 00:00:00-05:00,43.43000030517578,43.7400016784668,43.11000061035156,43.72999954223633,43.29639434814453,3865600,0.0,0.0,HWM
2023-03-09 00:00:00-05:00,43.97999954223633,43.97999954223633,41.880001068115234,42.060001373291016,41.642948150634766,5598200,0.0,0.0,HWM
2023-03-10 00:00:00-05:00,41.959999084472656,42.0,40.310001373291016,40.84000015258789,40.4350471496582,4154100,0.0,0.0,HWM
2023-03-13 00:00:00-04:00,40.27000045776367,40.619998931884766,39.61000061035156,40.029998779296875,39.63308334350586,4438200,0.0,0.0,HWM
2023-03-14 00:00:00-04:00,40.79999923706055,41.27000045776367,40.290000915527344,40.779998779296875,40.37564468383789,3872200,0.0,0.0,HWM
2023-03-15 00:00:00-04:00,39.77000045776367,39.900001525878906,38.16999816894531,39.380001068115234,38.98952865600586,5743300,0.0,0.0,HWM
2023-03-16 00:00:00-04:00,39.0099983215332,40.619998931884766,38.83000183105469,40.45000076293945,40.048919677734375,4912300,0.0,0.0,HWM
2023-03-17 00:00:00-04:00,40.20000076293945,40.400001525878906,38.970001220703125,39.209999084472656,38.82120895385742,7541300,0.0,0.0,HWM
2023-03-20 00:00:00-04:00,39.25,40.0099983215332,39.25,39.47999954223633,39.08853530883789,5920100,0.0,0.0,HWM
2023-03-21 00:00:00-04:00,40.369998931884766,41.130001068115234,40.15999984741211,40.54999923706055,40.147926330566406,5558200,0.0,0.0,HWM
2023-03-22 00:00:00-04:00,40.619998931884766,41.33000183105469,40.47999954223633,40.5099983215332,40.10832595825195,4331000,0.0,0.0,HWM
2023-03-23 00:00:00-04:00,40.369998931884766,41.0,39.90999984741211,40.189998626708984,39.7914924621582,3417200,0.0,0.0,HWM
2023-03-24 00:00:00-04:00,39.7599983215332,40.369998931884766,39.2400016784668,40.25,39.85089111328125,2387400,0.0,0.0,HWM
2023-03-27 00:00:00-04:00,40.77000045776367,40.97999954223633,40.470001220703125,40.7599983215332,40.355838775634766,1963000,0.0,0.0,HWM
2023-03-28 00:00:00-04:00,40.72999954223633,41.20000076293945,40.68000030517578,41.119998931884766,40.71227264404297,2825800,0.0,0.0,HWM
2023-03-29 00:00:00-04:00,41.63999938964844,41.849998474121094,41.29999923706055,41.810001373291016,41.39543533325195,1851100,0.0,0.0,HWM
2023-03-30 00:00:00-04:00,42.02000045776367,42.06999969482422,41.599998474121094,41.939998626708984,41.524139404296875,2144100,0.0,0.0,HWM
2023-03-31 00:00:00-04:00,42.900001525878906,42.900001525878906,41.97999954223633,42.369998931884766,41.94988250732422,2712300,0.0,0.0,HWM
2023-04-03 00:00:00-04:00,42.2599983215332,43.040000915527344,42.2599983215332,42.970001220703125,42.54393768310547,2904600,0.0,0.0,HWM
2023-04-04 00:00:00-04:00,42.79999923706055,42.90999984741211,41.650001525878906,42.119998931884766,41.702354431152344,2611100,0.0,0.0,HWM
2023-04-05 00:00:00-04:00,41.97999954223633,42.22999954223633,41.68000030517578,42.11000061035156,41.692447662353516,5486000,0.0,0.0,HWM
2023-04-06 00:00:00-04:00,41.939998626708984,42.20000076293945,41.52000045776367,41.54999923706055,41.13801574707031,2736800,0.0,0.0,HWM
2023-04-10 00:00:00-04:00,41.400001525878906,42.13999938964844,41.400001525878906,42.119998931884766,41.702354431152344,2641400,0.0,0.0,HWM
2023-04-11 00:00:00-04:00,42.380001068115234,43.0099983215332,42.27000045776367,42.65999984741211,42.23699951171875,3548000,0.0,0.0,HWM
2023-04-12 00:00:00-04:00,42.93000030517578,43.66999816894531,42.93000030517578,43.40999984741211,42.97956848144531,3075100,0.0,0.0,HWM
2023-04-13 00:00:00-04:00,43.380001068115234,43.709999084472656,43.08000183105469,43.52000045776367,43.08847427368164,2258500,0.0,0.0,HWM
2023-04-14 00:00:00-04:00,42.540000915527344,42.75,42.119998931884766,42.540000915527344,42.11819076538086,3880800,0.0,0.0,HWM
2023-04-17 00:00:00-04:00,42.9900016784668,42.9900016784668,42.4900016784668,42.869998931884766,42.44491958618164,2138400,0.0,0.0,HWM
2023-04-18 00:00:00-04:00,42.970001220703125,43.529998779296875,42.630001068115234,43.36000061035156,42.93006134033203,3079400,0.0,0.0,HWM
2023-04-19 00:00:00-04:00,43.290000915527344,43.4900016784668,42.880001068115234,43.279998779296875,42.85084915161133,1802300,0.0,0.0,HWM
2023-04-20 00:00:00-04:00,43.119998931884766,43.52000045776367,42.970001220703125,43.20000076293945,42.771644592285156,1898700,0.0,0.0,HWM
2023-04-21 00:00:00-04:00,43.310001373291016,43.31999969482422,42.619998931884766,42.93000030517578,42.50432205200195,1666700,0.0,0.0,HWM
2023-04-24 00:00:00-04:00,43.0,43.279998779296875,42.81999969482422,43.27000045776367,42.84095764160156,3138100,0.0,0.0,HWM
2023-04-25 00:00:00-04:00,43.09000015258789,43.540000915527344,42.720001220703125,42.9900016784668,42.5637321472168,2392300,0.0,0.0,HWM
2023-04-26 00:00:00-04:00,43.04999923706055,43.15999984741211,42.22999954223633,42.40999984741211,41.989479064941406,2428800,0.0,0.0,HWM
2023-04-27 00:00:00-04:00,42.68000030517578,43.75,42.470001220703125,43.72999954223633,43.29639434814453,2663100,0.0,0.0,HWM
2023-04-28 00:00:00-04:00,43.52000045776367,44.33000183105469,43.45000076293945,44.290000915527344,43.85083770751953,3270300,0.0,0.0,HWM
2023-05-01 00:00:00-04:00,44.290000915527344,45.310001373291016,44.25,44.29999923706055,43.86073684692383,4126200,0.0,0.0,HWM
2023-05-02 00:00:00-04:00,45.349998474121094,45.70000076293945,43.7400016784668,44.959999084472656,44.51418685913086,4539700,0.0,0.0,HWM
2023-05-03 00:00:00-04:00,45.0,45.31999969482422,44.5,44.70000076293945,44.25676727294922,3174500,0.0,0.0,HWM
2023-05-04 00:00:00-04:00,44.599998474121094,44.65999984741211,42.939998626708984,43.27000045776367,42.879329681396484,2952000,0.04,0.0,HWM
2023-05-05 00:00:00-04:00,43.709999084472656,44.099998474121094,43.459999084472656,44.0,43.60273361206055,3155400,0.0,0.0,HWM
2023-05-08 00:00:00-04:00,44.2599983215332,44.5,43.58000183105469,43.810001373291016,43.41444778442383,2162200,0.0,0.0,HWM
2023-05-09 00:00:00-04:00,44.119998931884766,44.779998779296875,43.970001220703125,44.7599983215332,44.35586929321289,5901000,0.0,0.0,HWM
2023-05-10 00:00:00-04:00,45.0,45.220001220703125,44.060001373291016,44.2599983215332,43.86038589477539,3308600,0.0,0.0,HWM
2023-05-11 00:00:00-04:00,43.880001068115234,44.060001373291016,43.40999984741211,43.959999084472656,43.5630989074707,1681700,0.0,0.0,HWM
2023-05-12 00:00:00-04:00,44.2400016784668,44.59000015258789,43.689998626708984,43.959999084472656,43.5630989074707,1834600,0.0,0.0,HWM
2023-05-15 00:00:00-04:00,44.18000030517578,44.63999938964844,43.900001525878906,44.529998779296875,44.12794876098633,1724900,0.0,0.0,HWM
2023-05-16 00:00:00-04:00,44.31999969482422,44.470001220703125,44.040000915527344,44.2400016784668,43.84056854248047,1987400,0.0,0.0,HWM
2023-05-17 00:00:00-04:00,44.939998626708984,45.0099983215332,44.380001068115234,44.66999816894531,44.266685485839844,1777500,0.0,0.0,HWM
2023-05-18 00:00:00-04:00,44.5099983215332,45.209999084472656,44.2400016784668,45.18000030517578,44.77207946777344,1596400,0.0,0.0,HWM
2023-05-19 00:00:00-04:00,45.45000076293945,45.59000015258789,44.599998474121094,44.959999084472656,44.554054260253906,1744000,0.0,0.0,HWM
2023-05-22 00:00:00-04:00,44.84000015258789,45.13999938964844,44.720001220703125,44.81999969482422,44.41533660888672,1946200,0.0,0.0,HWM
2023-05-23 00:00:00-04:00,44.43000030517578,44.66999816894531,43.7599983215332,43.77000045776367,43.37480926513672,2162200,0.0,0.0,HWM
2023-05-24 00:00:00-04:00,43.5099983215332,43.54999923706055,43.0099983215332,43.2400016784668,42.84960174560547,1641200,0.0,0.0,HWM
2023-05-25 00:00:00-04:00,43.2400016784668,43.540000915527344,42.900001525878906,43.2599983215332,42.869407653808594,2388600,0.0,0.0,HWM
2023-05-26 00:00:00-04:00,43.27000045776367,43.720001220703125,43.2599983215332,43.5,43.107242584228516,2731800,0.0,0.0,HWM
2023-05-30 00:00:00-04:00,43.5,43.66999816894531,42.84000015258789,43.47999954223633,43.08742904663086,2919500,0.0,0.0,HWM
2023-05-31 00:00:00-04:00,43.33000183105469,43.38999938964844,42.18000030517578,42.75,42.3640251159668,7281800,0.0,0.0,HWM
2023-06-01 00:00:00-04:00,43.13999938964844,44.040000915527344,42.709999084472656,43.72999954223633,43.33517074584961,3480400,0.0,0.0,HWM
2023-06-02 00:00:00-04:00,44.18000030517578,45.27000045776367,44.08000183105469,45.130001068115234,44.7225341796875,4483100,0.0,0.0,HWM
2023-06-05 00:00:00-04:00,45.45000076293945,45.45000076293945,44.290000915527344,44.79999923706055,44.3955078125,2398400,0.0,0.0,HWM
2023-06-06 00:00:00-04:00,44.79999923706055,45.43000030517578,44.689998626708984,45.290000915527344,44.88108825683594,1996000,0.0,0.0,HWM
2023-06-07 00:00:00-04:00,45.36000061035156,46.369998931884766,45.36000061035156,46.16999816894531,45.75313949584961,2273300,0.0,0.0,HWM
2023-06-08 00:00:00-04:00,46.060001373291016,46.66999816894531,46.060001373291016,46.349998474121094,45.931514739990234,1965300,0.0,0.0,HWM
2023-06-09 00:00:00-04:00,46.52000045776367,46.54999923706055,45.66999816894531,45.939998626708984,45.52521896362305,1929300,0.0,0.0,HWM
2023-06-12 00:00:00-04:00,45.970001220703125,46.33000183105469,45.720001220703125,46.18000030517578,45.76304626464844,1568700,0.0,0.0,HWM
2023-06-13 00:00:00-04:00,46.08000183105469,46.5099983215332,45.81999969482422,46.0099983215332,45.59458923339844,2328200,0.0,0.0,HWM
2023-06-14 00:00:00-04:00,46.2400016784668,46.2400016784668,45.56999969482422,45.70000076293945,45.28738784790039,2063900,0.0,0.0,HWM
2023-06-15 00:00:00-04:00,45.59000015258789,46.290000915527344,45.540000915527344,46.040000915527344,45.62431335449219,1949500,0.0,0.0,HWM
2023-06-16 00:00:00-04:00,46.310001373291016,46.70000076293945,45.810001373291016,45.97999954223633,45.564849853515625,2980200,0.0,0.0,HWM
2023-06-20 00:00:00-04:00,45.95000076293945,46.880001068115234,45.95000076293945,46.56999969482422,46.14952850341797,3457800,0.0,0.0,HWM
2023-06-21 00:00:00-04:00,46.619998931884766,47.310001373291016,46.400001525878906,47.15999984741211,46.73420333862305,2582000,0.0,0.0,HWM
2023-06-22 00:00:00-04:00,46.869998931884766,46.970001220703125,46.16999816894531,46.560001373291016,46.139625549316406,2811600,0.0,0.0,HWM
2023-06-23 00:00:00-04:00,46.099998474121094,46.630001068115234,45.959999084472656,46.349998474121094,45.931514739990234,4689200,0.0,0.0,HWM
2023-06-26 00:00:00-04:00,46.529998779296875,46.810001373291016,46.439998626708984,46.68000030517578,46.25853729248047,1764700,0.0,0.0,HWM
2023-06-27 00:00:00-04:00,46.77000045776367,48.13999938964844,46.709999084472656,48.099998474121094,47.665714263916016,3096100,0.0,0.0,HWM
2023-06-28 00:00:00-04:00,48.18000030517578,48.34000015258789,47.959999084472656,48.11000061035156,47.675621032714844,2135100,0.0,0.0,HWM
2023-06-29 00:00:00-04:00,48.060001373291016,48.90999984741211,48.0,48.7599983215332,48.31975173950195,2473200,0.0,0.0,HWM
2023-06-30 00:00:00-04:00,49.47999954223633,49.68000030517578,49.0099983215332,49.560001373291016,49.11252975463867,2480400,0.0,0.0,HWM
2023-07-03 00:00:00-04:00,49.189998626708984,49.599998474121094,49.09000015258789,49.130001068115234,48.68642044067383,877400,0.0,0.0,HWM
2023-07-05 00:00:00-04:00,48.779998779296875,48.97999954223633,48.52000045776367,48.900001525878906,48.458499908447266,2975700,0.0,0.0,HWM
2023-07-06 00:00:00-04:00,48.63999938964844,49.02000045776367,48.369998931884766,48.95000076293945,48.50803756713867,2699100,0.0,0.0,HWM
2023-07-07 00:00:00-04:00,48.939998626708984,49.83000183105469,48.90999984741211,49.400001525878906,48.953983306884766,2145600,0.0,0.0,HWM
2023-07-10 00:00:00-04:00,49.2599983215332,50.25,49.25,50.2400016784668,49.78639602661133,3504200,0.0,0.0,HWM
2023-07-11 00:00:00-04:00,50.25,50.77000045776367,49.880001068115234,50.70000076293945,50.24223709106445,2504000,0.0,0.0,HWM
2023-07-12 00:00:00-04:00,51.31999969482422,51.34000015258789,49.630001068115234,49.65999984741211,49.21162796020508,4557400,0.0,0.0,HWM
2023-07-13 00:00:00-04:00,49.65999984741211,49.91999816894531,49.349998474121094,49.709999084472656,49.26117706298828,2552600,0.0,0.0,HWM
2023-07-14 00:00:00-04:00,49.619998931884766,49.619998931884766,48.91999816894531,49.400001525878906,48.953983306884766,1358000,0.0,0.0,HWM
2023-07-17 00:00:00-04:00,49.34000015258789,50.209999084472656,49.279998779296875,50.20000076293945,49.74675369262695,2671600,0.0,0.0,HWM
2023-07-18 00:00:00-04:00,49.959999084472656,50.36000061035156,49.790000915527344,50.099998474121094,49.647666931152344,1809000,0.0,0.0,HWM
2023-07-19 00:00:00-04:00,49.900001525878906,50.209999084472656,49.36000061035156,49.7400016784668,49.29090118408203,1791100,0.0,0.0,HWM
2023-07-20 00:00:00-04:00,50.119998931884766,50.40999984741211,49.91999816894531,50.38999938964844,49.935035705566406,1549600,0.0,0.0,HWM
2023-07-21 00:00:00-04:00,50.66999816894531,50.70000076293945,49.88999938964844,49.90999984741211,49.45937728881836,1449500,0.0,0.0,HWM
2023-07-24 00:00:00-04:00,49.95000076293945,50.20000076293945,49.63999938964844,50.06999969482422,49.6179313659668,1332800,0.0,0.0,HWM
2023-07-25 00:00:00-04:00,49.779998779296875,50.279998779296875,49.38999938964844,50.220001220703125,49.766571044921875,3176200,0.0,0.0,HWM
2023-07-26 00:00:00-04:00,50.16999816894531,50.630001068115234,50.130001068115234,50.47999954223633,50.024234771728516,1926600,0.0,0.0,HWM
2023-07-27 00:00:00-04:00,50.630001068115234,50.70000076293945,49.95000076293945,50.18000030517578,49.726932525634766,2214400,0.0,0.0,HWM
2023-07-28 00:00:00-04:00,50.470001220703125,50.61000061035156,49.91999816894531,50.43000030517578,49.97468185424805,2095500,0.0,0.0,HWM
2023-07-31 00:00:00-04:00,50.65999984741211,51.189998626708984,50.47999954223633,51.13999938964844,50.67827224731445,3182800,0.0,0.0,HWM
2023-08-01 00:00:00-04:00,49.72999954223633,49.72999954223633,47.75,48.9900016784668,48.547672271728516,5537100,0.0,0.0,HWM
2023-08-02 00:00:00-04:00,48.650001525878906,48.65999984741211,47.91999816894531,48.04999923706055,47.61616516113281,2846400,0.0,0.0,HWM
2023-08-03 00:00:00-04:00,47.95000076293945,48.5,47.540000915527344,48.18000030517578,47.78477096557617,2595700,0.04,0.0,HWM
2023-08-04 00:00:00-04:00,48.38999938964844,49.38999938964844,48.27000045776367,49.04999923706055,48.64763259887695,5030800,0.0,0.0,HWM
2023-08-07 00:00:00-04:00,49.41999816894531,50.65999984741211,49.04999923706055,50.45000076293945,50.03614807128906,6148900,0.0,0.0,HWM
2023-08-08 00:00:00-04:00,50.349998474121094,50.65999984741211,50.02000045776367,50.5,50.08573532104492,4376200,0.0,0.0,HWM
2023-08-09 00:00:00-04:00,50.540000915527344,50.540000915527344,49.7400016784668,49.790000915527344,49.38156509399414,3011400,0.0,0.0,HWM
2023-08-10 00:00:00-04:00,49.90999984741211,50.290000915527344,49.65999984741211,49.84000015258789,49.431156158447266,1822300,0.0,0.0,HWM
2023-08-11 00:00:00-04:00,49.77000045776367,49.84000015258789,49.18000030517578,49.439998626708984,49.03443908691406,2761600,0.0,0.0,HWM
2023-08-14 00:00:00-04:00,49.31999969482422,49.63999938964844,49.15999984741211,49.220001220703125,48.81624221801758,1847300,0.0,0.0,HWM
2023-08-15 00:00:00-04:00,49.0,49.16999816894531,48.689998626708984,48.77000045776367,48.36992645263672,2281800,0.0,0.0,HWM
2023-08-16 00:00:00-04:00,48.72999954223633,49.380001068115234,48.720001220703125,48.849998474121094,48.44926834106445,2317000,0.0,0.0,HWM
2023-08-17 00:00:00-04:00,49.099998474121094,49.290000915527344,48.599998474121094,48.61000061035156,48.21124267578125,2121200,0.0,0.0,HWM
2023-08-18 00:00:00-04:00,48.15999984741211,48.959999084472656,48.0,48.779998779296875,48.37984848022461,1859400,0.0,0.0,HWM
2023-08-21 00:00:00-04:00,48.91999816894531,48.91999816894531,48.189998626708984,48.56999969482422,48.17156982421875,1677600,0.0,0.0,HWM
2023-08-22 00:00:00-04:00,48.86000061035156,48.959999084472656,48.4900016784668,48.689998626708984,48.290584564208984,1951900,0.0,0.0,HWM
2023-08-23 00:00:00-04:00,48.790000915527344,49.33000183105469,48.599998474121094,49.13999938964844,48.73689651489258,2088600,0.0,0.0,HWM
2023-08-24 00:00:00-04:00,48.939998626708984,49.20000076293945,48.09000015258789,48.119998931884766,47.725257873535156,2714800,0.0,0.0,HWM
2023-08-25 00:00:00-04:00,48.290000915527344,48.47999954223633,47.65999984741211,48.18000030517578,47.78477096557617,2429300,0.0,0.0,HWM
2023-08-28 00:00:00-04:00,48.279998779296875,48.959999084472656,48.040000915527344,48.86000061035156,48.459190368652344,1634000,0.0,0.0,HWM
2023-08-29 00:00:00-04:00,48.689998626708984,49.34000015258789,48.33000183105469,49.310001373291016,48.90549850463867,2133100,0.0,0.0,HWM
2023-08-30 00:00:00-04:00,49.45000076293945,49.939998626708984,49.33000183105469,49.720001220703125,49.3121337890625,2230800,0.0,0.0,HWM
2023-08-31 00:00:00-04:00,49.72999954223633,49.97999954223633,49.459999084472656,49.470001220703125,49.0641975402832,2878500,0.0,0.0,HWM
2023-09-01 00:00:00-04:00,49.93000030517578,50.0,49.459999084472656,49.689998626708984,49.282379150390625,2001600,0.0,0.0,HWM
2023-09-05 00:00:00-04:00,49.619998931884766,49.68000030517578,48.2599983215332,48.310001373291016,47.9137077331543,3137900,0.0,0.0,HWM
2023-09-06 00:00:00-04:00,48.380001068115234,48.709999084472656,48.040000915527344,48.43000030517578,48.032718658447266,2214600,0.0,0.0,HWM
2023-09-07 00:00:00-04:00,48.369998931884766,48.61000061035156,48.060001373291016,48.20000076293945,47.80460739135742,2373900,0.0,0.0,HWM
2023-09-08 00:00:00-04:00,48.099998474121094,48.36000061035156,47.599998474121094,47.650001525878906,47.25912094116211,2043800,0.0,0.0,HWM
2023-09-11 00:00:00-04:00,47.88999938964844,47.93000030517578,47.2599983215332,47.84000015258789,47.44755554199219,2511000,0.0,0.0,HWM
2023-09-12 00:00:00-04:00,47.529998779296875,48.0099983215332,47.40999984741211,47.720001220703125,47.32854080200195,1610600,0.0,0.0,HWM
2023-09-13 00:00:00-04:00,47.630001068115234,47.959999084472656,46.93000030517578,47.08000183105469,46.693790435791016,2504100,0.0,0.0,HWM
2023-09-14 00:00:00-04:00,47.380001068115234,47.720001220703125,46.68000030517578,47.09000015258789,46.703712463378906,2970500,0.0,0.0,HWM
2023-09-15 00:00:00-04:00,47.02000045776367,47.13999938964844,46.45000076293945,46.68000030517578,46.29707717895508,6907200,0.0,0.0,HWM
2023-09-18 00:00:00-04:00,46.66999816894531,47.220001220703125,46.61000061035156,47.09000015258789,46.703712463378906,3361500,0.0,0.0,HWM
2023-09-19 00:00:00-04:00,47.09000015258789,47.41999816894531,46.77000045776367,47.119998931884766,46.73346710205078,2001600,0.0,0.0,HWM
2023-09-20 00:00:00-04:00,47.459999084472656,47.66999816894531,46.5099983215332,46.540000915527344,46.15822219848633,1525400,0.0,0.0,HWM
2023-09-21 00:00:00-04:00,46.38999938964844,46.790000915527344,45.9900016784668,46.06999969482422,45.69207763671875,2144500,0.0,0.0,HWM
2023-09-22 00:00:00-04:00,46.029998779296875,46.38999938964844,45.66999816894531,45.79999923706055,45.42428970336914,2026800,0.0,0.0,HWM
2023-09-25 00:00:00-04:00,45.54999923706055,46.45000076293945,45.5,46.29999923706055,45.920188903808594,1519100,0.0,0.0,HWM
2023-09-26 00:00:00-04:00,46.099998474121094,46.31999969482422,45.7599983215332,45.810001373291016,45.434207916259766,1859700,0.0,0.0,HWM
2023-09-27 00:00:00-04:00,46.130001068115234,46.400001525878906,45.790000915527344,46.08000183105469,45.702003479003906,1778900,0.0,0.0,HWM
2023-09-28 00:00:00-04:00,46.31999969482422,47.27000045776367,46.150001525878906,46.47999954223633,46.098716735839844,2203900,0.0,0.0,HWM
2023-09-29 00:00:00-04:00,46.849998474121094,47.130001068115234,46.060001373291016,46.25,45.870609283447266,2331700,0.0,0.0,HWM
2023-10-02 00:00:00-04:00,45.95000076293945,46.22999954223633,45.29999923706055,45.41999816894531,45.04741668701172,1826800,0.0,0.0,HWM
2023-10-03 00:00:00-04:00,45.15999984741211,45.75,45.04999923706055,45.52000045776367,45.14659118652344,2374900,0.0,0.0,HWM
2023-10-04 00:00:00-04:00,45.310001373291016,45.97999954223633,45.150001525878906,45.720001220703125,45.34495162963867,2546200,0.0,0.0,HWM
2023-10-05 00:00:00-04:00,45.5099983215332,46.189998626708984,45.5099983215332,45.630001068115234,45.25568771362305,2430300,0.0,0.0,HWM
2023-10-06 00:00:00-04:00,45.4900016784668,46.40999984741211,45.20000076293945,45.959999084472656,45.58298110961914,2021000,0.0,0.0,HWM
2023-10-09 00:00:00-04:00,46.540000915527344,46.61000061035156,45.75,46.41999816894531,46.03920364379883,2109200,0.0,0.0,HWM
2023-10-10 00:00:00-04:00,46.86000061035156,46.88999938964844,46.380001068115234,46.459999084472656,46.07887268066406,1918900,0.0,0.0,HWM
2023-10-11 00:00:00-04:00,46.5,46.529998779296875,46.18000030517578,46.470001220703125,46.08879470825195,2166500,0.0,0.0,HWM
2023-10-12 00:00:00-04:00,46.470001220703125,46.529998779296875,45.02000045776367,45.45000076293945,45.07716751098633,1887700,0.0,0.0,HWM
2023-10-13 00:00:00-04:00,45.36000061035156,45.84000015258789,44.16999816894531,44.369998931884766,44.00602340698242,3683700,0.0,0.0,HWM
2023-10-16 00:00:00-04:00,44.720001220703125,45.11000061035156,44.54999923706055,44.599998474121094,44.234134674072266,2062600,0.0,0.0,HWM
2023-10-17 00:00:00-04:00,44.40999984741211,45.36000061035156,44.34000015258789,45.2400016784668,44.86888122558594,2054000,0.0,0.0,HWM
2023-10-18 00:00:00-04:00,45.099998474121094,45.11000061035156,44.310001373291016,44.349998474121094,43.98617935180664,2225900,0.0,0.0,HWM
2023-10-19 00:00:00-04:00,44.2400016784668,44.63999938964844,43.59000015258789,43.709999084472656,43.3514404296875,1641600,0.0,0.0,HWM
2023-10-20 00:00:00-04:00,43.779998779296875,43.869998931884766,43.2599983215332,43.439998626708984,43.083656311035156,2560800,0.0,0.0,HWM
2023-10-23 00:00:00-04:00,43.36000061035156,43.93000030517578,43.27000045776367,43.54999923706055,43.192752838134766,1548500,0.0,0.0,HWM
2023-10-24 00:00:00-04:00,44.099998474121094,44.099998474121094,43.209999084472656,43.5,43.143157958984375,2815400,0.0,0.0,HWM
2023-10-25 00:00:00-04:00,43.650001525878906,43.86000061035156,43.18000030517578,43.22999954223633,42.87537384033203,2214000,0.0,0.0,HWM
2023-10-26 00:00:00-04:00,43.349998474121094,44.15999984741211,43.349998474121094,43.470001220703125,43.113407135009766,2307800,0.0,0.0,HWM
2023-10-27 00:00:00-04:00,43.40999984741211,43.560001373291016,42.939998626708984,43.09000015258789,42.73652648925781,1354300,0.0,0.0,HWM
2023-10-30 00:00:00-04:00,43.5,43.68000030517578,43.189998626708984,43.599998474121094,43.24233627319336,2147800,0.0,0.0,HWM
2023-10-31 00:00:00-04:00,43.5,44.150001525878906,43.5,44.099998474121094,43.738243103027344,2651500,0.0,0.0,HWM
2023-11-01 00:00:00-04:00,44.310001373291016,44.779998779296875,43.95000076293945,44.720001220703125,44.353153228759766,3014000,0.0,0.0,HWM
2023-11-02 00:00:00-04:00,48.11000061035156,49.869998931884766,47.720001220703125,48.25,47.85419845581055,4694300,0.0,0.0,HWM
2023-11-03 00:00:00-04:00,48.779998779296875,48.779998779296875,47.939998626708984,47.97999954223633,47.5864143371582,2954700,0.0,0.0,HWM
2023-11-06 00:00:00-05:00,48.189998626708984,48.810001373291016,47.90999984741211,48.72999954223633,48.33026123046875,2459700,0.0,0.0,HWM
2023-11-07 00:00:00-05:00,48.380001068115234,48.540000915527344,48.040000915527344,48.27000045776367,47.8740348815918,1738800,0.0,0.0,HWM
2023-11-08 00:00:00-05:00,48.58000183105469,48.790000915527344,47.880001068115234,48.34000015258789,47.94345474243164,2041100,0.0,0.0,HWM
2023-11-09 00:00:00-05:00,48.56999969482422,49.22999954223633,48.38999938964844,48.7599983215332,48.41008377075195,3726800,0.05,0.0,HWM
2023-11-10 00:00:00-05:00,49.09000015258789,49.65999984741211,48.81999969482422,49.54999923706055,49.19441223144531,2132200,0.0,0.0,HWM
2023-11-13 00:00:00-05:00,49.599998474121094,50.58000183105469,49.36000061035156,50.34000015258789,49.97874450683594,4508400,0.0,0.0,HWM
2023-11-14 00:00:00-05:00,50.849998474121094,51.56999969482422,50.56999969482422,51.5099983215332,51.14034652709961,4064500,0.0,0.0,HWM
2023-11-15 00:00:00-05:00,51.619998931884766,52.06999969482422,51.45000076293945,51.54999923706055,51.1800651550293,3511500,0.0,0.0,HWM
2023-11-16 00:00:00-05:00,51.54999923706055,51.939998626708984,51.27000045776367,51.529998779296875,51.16020584106445,2641200,0.0,0.0,HWM
2023-11-17 00:00:00-05:00,51.709999084472656,52.130001068115234,51.380001068115234,51.470001220703125,51.10063552856445,2113700,0.0,0.0,HWM
2023-11-20 00:00:00-05:00,51.560001373291016,51.65999984741211,51.220001220703125,51.47999954223633,51.11056900024414,2628200,0.0,0.0,HWM
2023-11-21 00:00:00-05:00,51.38999938964844,52.119998931884766,51.290000915527344,52.02000045776367,51.64669418334961,1430200,0.0,0.0,HWM
2023-11-22 00:00:00-05:00,51.959999084472656,52.40999984741211,51.7599983215332,52.279998779296875,51.90482711791992,1591800,0.0,0.0,HWM
2023-11-24 00:00:00-05:00,52.38999938964844,52.54999923706055,52.15999984741211,52.27000045776367,51.89488983154297,776300,0.0,0.0,HWM
2023-11-27 00:00:00-05:00,52.029998779296875,52.709999084472656,52.0,52.619998931884766,52.24238204956055,1984800,0.0,0.0,HWM
2023-11-28 00:00:00-05:00,52.7599983215332,52.959999084472656,51.95000076293945,51.95000076293945,51.57719039916992,2083100,0.0,0.0,HWM
2023-11-29 00:00:00-05:00,52.22999954223633,52.349998474121094,51.470001220703125,51.59000015258789,51.21977996826172,1955000,0.0,0.0,HWM
2023-11-30 00:00:00-05:00,51.84000015258789,52.66999816894531,51.790000915527344,52.599998474121094,52.22252655029297,3258100,0.0,0.0,HWM
2023-12-01 00:00:00-05:00,52.619998931884766,53.2400016784668,52.619998931884766,52.900001525878906,52.52037811279297,2005400,0.0,0.0,HWM
2023-12-04 00:00:00-05:00,52.63999938964844,52.939998626708984,52.099998474121094,52.90999984741211,52.53030776977539,2722300,0.0,0.0,HWM
2023-12-05 00:00:00-05:00,52.75,52.84000015258789,52.060001373291016,52.18000030517578,51.805545806884766,2116100,0.0,0.0,HWM
2023-12-06 00:00:00-05:00,52.45000076293945,52.88999938964844,52.22999954223633,52.310001373291016,51.934608459472656,1523200,0.0,0.0,HWM
2023-12-07 00:00:00-05:00,52.2599983215332,52.83000183105469,52.2599983215332,52.7400016784668,52.36152267456055,1988000,0.0,0.0,HWM
2023-12-08 00:00:00-05:00,52.720001220703125,53.36000061035156,52.720001220703125,53.2599983215332,52.87778854370117,1634800,0.0,0.0,HWM
2023-12-11 00:00:00-05:00,53.18000030517578,53.900001525878906,53.040000915527344,53.65999984741211,53.27492141723633,1464400,0.0,0.0,HWM
2023-12-12 00:00:00-05:00,53.68000030517578,54.22999954223633,53.540000915527344,54.13999938964844,53.75147247314453,1455800,0.0,0.0,HWM
2023-12-13 00:00:00-05:00,54.369998931884766,54.5,53.70000076293945,54.209999084472656,53.82097244262695,2626200,0.0,0.0,HWM
2023-12-14 00:00:00-05:00,54.380001068115234,54.529998779296875,52.36000061035156,52.779998779296875,52.4012336730957,5529000,0.0,0.0,HWM
2023-12-15 00:00:00-05:00,52.45000076293945,53.2599983215332,52.380001068115234,52.79999923706055,52.42108917236328,5428500,0.0,0.0,HWM
2023-12-18 00:00:00-05:00,52.9900016784668,53.47999954223633,52.900001525878906,53.189998626708984,52.808292388916016,1922000,0.0,0.0,HWM
2023-12-19 00:00:00-05:00,53.36000061035156,53.880001068115234,53.22999954223633,53.650001525878906,53.26498794555664,2697000,0.0,0.0,HWM
2023-12-20 00:00:00-05:00,53.33000183105469,53.72999954223633,52.68000030517578,52.720001220703125,52.34166717529297,2075200,0.0,0.0,HWM
2023-12-21 00:00:00-05:00,53.310001373291016,53.68000030517578,53.119998931884766,53.470001220703125,53.08628463745117,1694800,0.0,0.0,HWM
2023-12-22 00:00:00-05:00,53.56999969482422,53.90999984741211,53.43000030517578,53.56999969482422,53.18556213378906,1352700,0.0,0.0,HWM
2023-12-26 00:00:00-05:00,53.56999969482422,54.06999969482422,53.41999816894531,53.84000015258789,53.45362854003906,1067000,0.0,0.0,HWM
2023-12-27 00:00:00-05:00,53.689998626708984,54.08000183105469,53.630001068115234,54.04999923706055,53.66211700439453,1491200,0.0,0.0,HWM
2023-12-28 00:00:00-05:00,54.029998779296875,54.220001220703125,53.77000045776367,54.11000061035156,53.72169494628906,1527900,0.0,0.0,HWM
2023-12-29 00:00:00-05:00,54.20000076293945,54.40999984741211,54.06999969482422,54.119998931884766,53.73162078857422,1964500,0.0,0.0,HWM
2024-01-02 00:00:00-05:00,53.84000015258789,54.130001068115234,53.20000076293945,53.72999954223633,53.34441375732422,2344100,0.0,0.0,HWM
2024-01-03 00:00:00-05:00,53.59000015258789,53.79999923706055,52.72999954223633,52.7599983215332,52.381378173828125,3080000,0.0,0.0,HWM
2024-01-04 00:00:00-05:00,53.040000915527344,53.41999816894531,52.560001373291016,52.599998474121094,52.22252655029297,1695700,0.0,0.0,HWM
2024-01-05 00:00:00-05:00,52.93000030517578,54.25,52.61000061035156,53.83000183105469,53.443702697753906,4007100,0.0,0.0,HWM
2024-01-08 00:00:00-05:00,53.529998779296875,54.130001068115234,52.72999954223633,54.09000015258789,53.70182800292969,2524900,0.0,0.0,HWM
2024-01-09 00:00:00-05:00,53.689998626708984,53.939998626708984,53.40999984741211,53.709999084472656,53.324562072753906,2656600,0.0,0.0,HWM
2024-01-10 00:00:00-05:00,55.0,55.68000030517578,54.75,55.56999969482422,55.17121505737305,4226300,0.0,0.0,HWM
2024-01-11 00:00:00-05:00,55.68000030517578,55.75,54.84000015258789,55.5099983215332,55.11164093017578,2361100,0.0,0.0,HWM
2024-01-12 00:00:00-05:00,55.66999816894531,55.900001525878906,55.25,55.540000915527344,55.14143371582031,2259200,0.0,0.0,HWM
2024-01-16 00:00:00-05:00,55.2400016784668,55.36000061035156,53.290000915527344,53.65999984741211,53.27492141723633,4604300,0.0,0.0,HWM
2024-01-17 00:00:00-05:00,53.29999923706055,54.15999984741211,53.18000030517578,53.56999969482422,53.18556213378906,2264600,0.0,0.0,HWM
2024-01-18 00:00:00-05:00,53.95000076293945,55.279998779296875,53.79999923706055,55.189998626708984,54.79393768310547,3098200,0.0,0.0,HWM
2024-01-19 00:00:00-05:00,55.25,55.93000030517578,54.939998626708984,55.7400016784668,55.339996337890625,2045900,0.0,0.0,HWM
2024-01-22 00:00:00-05:00,55.810001373291016,56.540000915527344,55.75,56.06999969482422,55.667625427246094,2003700,0.0,0.0,HWM
2024-01-23 00:00:00-05:00,56.099998474121094,56.7599983215332,55.970001220703125,56.43000030517578,56.02504348754883,3870700,0.0,0.0,HWM
2024-01-24 00:00:00-05:00,56.68000030517578,57.040000915527344,56.29999923706055,56.34000015258789,55.935691833496094,2420700,0.0,0.0,HWM
2024-01-25 00:00:00-05:00,56.34000015258789,56.56999969482422,55.060001373291016,55.27000045776367,54.87336730957031,8717000,0.0,0.0,HWM
2024-01-26 00:00:00-05:00,55.47999954223633,55.61000061035156,55.0,55.43000030517578,55.0322265625,4240100,0.0,0.0,HWM
2024-01-29 00:00:00-05:00,55.40999984741211,55.790000915527344,55.33000183105469,55.779998779296875,55.379703521728516,3034600,0.0,0.0,HWM
2024-01-30 00:00:00-05:00,55.75,56.16999816894531,55.65999984741211,55.97999954223633,55.57827377319336,2936200,0.0,0.0,HWM
2024-01-31 00:00:00-05:00,56.11000061035156,56.88999938964844,55.88999938964844,56.2599983215332,55.85626220703125,4398500,0.0,0.0,HWM
2024-02-01 00:00:00-05:00,56.599998474121094,57.41999816894531,56.290000915527344,57.380001068115234,56.96822738647461,2302900,0.0,0.0,HWM
2024-02-02 00:00:00-05:00,57.439998626708984,57.939998626708984,57.0,57.720001220703125,57.3057861328125,3097600,0.0,0.0,HWM
2024-02-05 00:00:00-05:00,57.25,57.970001220703125,57.119998931884766,57.790000915527344,57.375282287597656,2611200,0.0,0.0,HWM
2024-02-06 00:00:00-05:00,57.810001373291016,58.4900016784668,57.65999984741211,58.43000030517578,58.01069641113281,2144200,0.0,0.0,HWM
2024-02-07 00:00:00-05:00,58.72999954223633,59.41999816894531,58.58000183105469,59.09000015258789,58.665958404541016,3043200,0.0,0.0,HWM
2024-02-08 00:00:00-05:00,59.150001525878906,59.31999969482422,58.86000061035156,59.16999816894531,58.79513168334961,2165000,0.05,0.0,HWM
2024-02-09 00:00:00-05:00,59.380001068115234,59.400001525878906,58.560001373291016,58.599998474121094,58.228736877441406,2449600,0.0,0.0,HWM
2024-02-12 00:00:00-05:00,58.63999938964844,58.869998931884766,58.34000015258789,58.83000183105469,58.4572868347168,3656200,0.0,0.0,HWM
2024-02-13 00:00:00-05:00,60.0,61.97999954223633,58.54999923706055,61.97999954223633,61.58732223510742,6244900,0.0,0.0,HWM
2024-02-14 00:00:00-05:00,62.56999969482422,63.43000030517578,62.38999938964844,63.380001068115234,62.978458404541016,3361300,0.0,0.0,HWM
2024-02-15 00:00:00-05:00,63.459999084472656,63.689998626708984,63.2599983215332,63.27000045776367,62.86915588378906,3241400,0.0,0.0,HWM
2024-02-16 00:00:00-05:00,63.529998779296875,63.91999816894531,62.720001220703125,62.81999969482422,62.422000885009766,2686700,0.0,0.0,HWM
2024-02-20 00:00:00-05:00,62.84000015258789,63.65999984741211,62.70000076293945,63.11000061035156,62.71017074584961,3710000,0.0,0.0,HWM
2024-02-21 00:00:00-05:00,63.25,64.0,63.150001525878906,63.52000045776367,63.117576599121094,5369200,0.0,0.0,HWM
2024-02-22 00:00:00-05:00,63.970001220703125,65.12000274658203,63.77000045776367,65.05999755859375,64.64781951904297,2705800,0.0,0.0,HWM
2024-02-23 00:00:00-05:00,65.18000030517578,65.94000244140625,65.06999969482422,65.87000274658203,65.45267486572266,4349000,0.0,0.0,HWM
2024-02-26 00:00:00-05:00,66.08000183105469,66.29000091552734,65.6500015258789,65.86000061035156,65.4427490234375,2650100,0.0,0.0,HWM
2024-02-27 00:00:00-05:00,65.91999816894531,66.19000244140625,65.37999725341797,65.97000122070312,65.55204772949219,1981200,0.0,0.0,HWM
2024-02-28 00:00:00-05:00,65.9800033569336,66.9000015258789,65.73999786376953,66.76000213623047,66.33704376220703,2343200,0.0,0.0,HWM
2024-02-29 00:00:00-05:00,66.79000091552734,66.91999816894531,66.23999786376953,66.55000305175781,66.12837219238281,3676100,0.0,0.0,HWM
2024-03-01 00:00:00-05:00,66.63999938964844,67.23999786376953,66.5,67.0,66.57550811767578,2172700,0.0,0.0,HWM
2024-03-04 00:00:00-05:00,67.05000305175781,67.97000122070312,66.94999694824219,67.79000091552734,67.36051940917969,1922800,0.0,0.0,HWM
2024-03-05 00:00:00-05:00,67.63999938964844,68.33000183105469,67.43000030517578,67.95999908447266,67.52945709228516,2954600,0.0,0.0,HWM
2024-03-06 00:00:00-05:00,68.13999938964844,69.2699966430664,68.08999633789062,68.77999877929688,68.34423828125,4685300,0.0,0.0,HWM
2024-03-07 00:00:00-05:00,69.12000274658203,69.48999786376953,68.73999786376953,69.37999725341797,68.94043731689453,2510900,0.0,0.0,HWM
2024-03-08 00:00:00-05:00,69.37999725341797,69.55000305175781,67.33000183105469,67.73999786376953,67.31083679199219,3655200,0.0,0.0,HWM
2024-03-11 00:00:00-04:00,67.47000122070312,67.94999694824219,64.7699966430664,65.0,64.58818817138672,6437500,0.0,0.0,HWM
2024-03-12 00:00:00-04:00,65.05000305175781,66.19999694824219,64.38999938964844,66.06999969482422,65.65142059326172,5843600,0.0,0.0,HWM
2024-03-13 00:00:00-04:00,65.98999786376953,66.08999633789062,65.05999755859375,65.62999725341797,65.2142105102539,4389700,0.0,0.0,HWM
2024-03-14 00:00:00-04:00,65.62999725341797,65.79000091552734,65.18000030517578,65.5,65.08504486083984,3675800,0.0,0.0,HWM
2024-03-15 00:00:00-04:00,65.0,66.23999786376953,65.0,66.23999786376953,65.82032012939453,6494400,0.0,0.0,HWM
2024-03-18 00:00:00-04:00,66.76000213623047,67.1500015258789,66.29000091552734,66.73999786376953,66.31716918945312,4039500,0.0,0.0,HWM
2024-03-19 00:00:00-04:00,66.93000030517578,67.38999938964844,66.45999908447266,67.16999816894531,66.74444580078125,4269100,0.0,0.0,HWM
2024-03-20 00:00:00-04:00,67.11000061035156,67.95999908447266,67.06999969482422,67.52999877929688,67.10216522216797,4558300,0.0,0.0,HWM
2024-03-21 00:00:00-04:00,67.80999755859375,67.97000122070312,67.1500015258789,67.68000030517578,67.25120544433594,3789100,0.0,0.0,HWM
2024-03-22 00:00:00-04:00,67.63999938964844,68.37000274658203,67.5199966430664,68.0999984741211,67.66854858398438,3035200,0.0,0.0,HWM
2024-03-25 00:00:00-04:00,68.29000091552734,68.37999725341797,67.29000091552734,67.36000061035156,66.93324279785156,1764200,0.0,0.0,HWM
2024-03-26 00:00:00-04:00,67.47000122070312,67.87999725341797,67.27999877929688,67.6500015258789,67.22139739990234,1903300,0.0,0.0,HWM
2024-03-27 00:00:00-04:00,68.06999969482422,68.27999877929688,67.5,68.08000183105469,67.64868927001953,2345900,0.0,0.0,HWM
2024-03-28 00:00:00-04:00,68.37999725341797,68.73999786376953,68.01000213623047,68.43000030517578,67.9964599609375,2893100,0.0,0.0,HWM
2024-04-01 00:00:00-04:00,68.3499984741211,68.55999755859375,65.63999938964844,66.11000061035156,65.691162109375,3389100,0.0,0.0,HWM
2024-04-02 00:00:00-04:00,65.76000213623047,65.86000061035156,64.83000183105469,65.26000213623047,64.84654998779297,4960300,0.0,0.0,HWM
2024-04-03 00:00:00-04:00,65.20999908447266,66.66000366210938,65.18000030517578,66.0,65.58186340332031,3707900,0.0,0.0,HWM
2024-04-04 00:00:00-04:00,66.54000091552734,66.83000183105469,65.3499984741211,65.52999877929688,65.11483001708984,3506700,0.0,0.0,HWM
2024-04-05 00:00:00-04:00,65.8499984741211,67.11000061035156,65.58999633789062,67.05999755859375,66.6351318359375,2421500,0.0,0.0,HWM
2024-04-08 00:00:00-04:00,67.2699966430664,67.41999816894531,66.62000274658203,66.7300033569336,66.30724334716797,4441100,0.0,0.0,HWM
2024-04-09 00:00:00-04:00,66.77999877929688,66.79000091552734,65.30999755859375,65.8499984741211,65.43280792236328,4819400,0.0,0.0,HWM
2024-04-10 00:00:00-04:00,65.0199966430664,65.66000366210938,64.66000366210938,65.25,64.83661651611328,2813800,0.0,0.0,HWM
2024-04-11 00:00:00-04:00,65.19999694824219,66.0,64.55999755859375,65.58999633789062,65.1744384765625,2296700,0.0,0.0,HWM
2024-04-12 00:00:00-04:00,65.30000305175781,65.63999938964844,63.529998779296875,64.0,63.59452819824219,2998000,0.0,0.0,HWM
2024-04-15 00:00:00-04:00,65.33999633789062,65.52999877929688,63.11000061035156,63.4900016784668,63.08776092529297,2729400,0.0,0.0,HWM
2024-04-16 00:00:00-04:00,63.70000076293945,64.75,63.47999954223633,64.0199966430664,63.61439895629883,2640700,0.0,0.0,HWM
2024-04-17 00:00:00-04:00,64.44000244140625,64.44000244140625,62.93000030517578,63.459999084472656,63.057945251464844,3088800,0.0,0.0,HWM
2024-04-18 00:00:00-04:00,63.4900016784668,64.3499984741211,63.369998931884766,63.5,63.09769821166992,2294300,0.0,0.0,HWM
2024-04-19 00:00:00-04:00,64.05000305175781,64.33999633789062,62.970001220703125,63.40999984741211,63.00826644897461,3072300,0.0,0.0,HWM
2024-04-22 00:00:00-04:00,63.5,63.7599983215332,62.79999923706055,62.93000030517578,62.53130340576172,2394300,0.0,0.0,HWM
2024-04-23 00:00:00-04:00,63.40999984741211,64.77999877929688,62.83000183105469,64.76000213623047,64.34971618652344,3002400,0.0,0.0,HWM
2024-04-24 00:00:00-04:00,65.0999984741211,65.48999786376953,64.06999969482422,64.69999694824219,64.29008483886719,2836800,0.0,0.0,HWM
2024-04-25 00:00:00-04:00,64.29000091552734,64.94000244140625,63.63999938964844,64.80000305175781,64.38947296142578,2279700,0.0,0.0,HWM
2024-04-26 00:00:00-04:00,64.86000061035156,66.56999969482422,64.70999908447266,66.4000015258789,65.97932434082031,4071600,0.0,0.0,HWM
2024-04-29 00:00:00-04:00,66.33000183105469,67.8499984741211,66.33000183105469,67.11000061035156,66.68482971191406,3792700,0.0,0.0,HWM
2024-04-30 00:00:00-04:00,66.76000213623047,68.33999633789062,66.58000183105469,66.75,66.32711791992188,4954800,0.0,0.0,HWM
2024-05-01 00:00:00-04:00,66.86000061035156,67.87999725341797,66.37000274658203,66.77999877929688,66.35691833496094,4581700,0.0,0.0,HWM
2024-05-02 00:00:00-04:00,74.0,77.87999725341797,73.91999816894531,77.0999984741211,76.61154174804688,8863900,0.0,0.0,HWM
2024-05-03 00:00:00-04:00,78.20999908447266,79.47000122070312,76.94999694824219,78.88999938964844,78.39018249511719,6147900,0.0,0.0,HWM
2024-05-06 00:00:00-04:00,79.72000122070312,80.19999694824219,78.7699966430664,80.18000030517578,79.67201232910156,3253200,0.0,0.0,HWM
2024-05-07 00:00:00-04:00,80.26000213623047,80.3499984741211,79.61000061035156,79.83000183105469,79.32424926757812,4329900,0.0,0.0,HWM
2024-05-08 00:00:00-04:00,80.2300033569336,81.47000122070312,80.12999725341797,81.41999816894531,80.90416717529297,4103000,0.0,0.0,HWM
2024-05-09 00:00:00-04:00,81.55999755859375,82.02999877929688,80.91999816894531,82.02999877929688,81.56039428710938,2359600,0.05,0.0,HWM
2024-05-10 00:00:00-04:00,82.72000122070312,82.80999755859375,80.73999786376953,80.87000274658203,80.40704345703125,3147600,0.0,0.0,HWM
2024-05-13 00:00:00-04:00,80.98999786376953,81.44999694824219,79.94999694824219,80.22000122070312,79.76074981689453,2537800,0.0,0.0,HWM
2024-05-14 00:00:00-04:00,80.11000061035156,81.08000183105469,79.95999908447266,80.87999725341797,80.4169692993164,2029900,0.0,0.0,HWM
2024-05-15 00:00:00-04:00,81.0,82.83999633789062,80.94999694824219,82.75,82.27627563476562,2695000,0.0,0.0,HWM
2024-05-16 00:00:00-04:00,82.76000213623047,83.16999816894531,82.52999877929688,82.52999877929688,82.05752563476562,2620900,0.0,0.0,HWM
2024-05-17 00:00:00-04:00,83.01000213623047,83.06999969482422,82.26000213623047,82.93000030517578,82.45523834228516,1332700,0.0,0.0,HWM
2024-05-20 00:00:00-04:00,83.20999908447266,84.12999725341797,83.20999908447266,84.05999755859375,83.57876586914062,1541100,0.0,0.0,HWM
2024-05-21 00:00:00-04:00,83.91999816894531,84.87000274658203,83.51000213623047,84.79000091552734,84.30457305908203,1589200,0.0,0.0,HWM
2024-05-22 00:00:00-04:00,84.51000213623047,84.5999984741211,83.16999816894531,83.45999908447266,82.9822006225586,2659300,0.0,0.0,HWM
2024-05-23 00:00:00-04:00,83.97000122070312,83.97000122070312,82.20999908447266,82.41999816894531,81.94815826416016,2392200,0.0,0.0,HWM
2024-05-24 00:00:00-04:00,83.25,85.4800033569336,83.0,84.72000122070312,84.2349853515625,2719800,0.0,0.0,HWM
2024-05-28 00:00:00-04:00,85.12000274658203,85.5199966430664,84.06999969482422,85.27999877929688,84.7917709350586,2496400,0.0,0.0,HWM
2024-05-29 00:00:00-04:00,84.69000244140625,85.19999694824219,84.01000213623047,84.06999969482422,83.58870697021484,1886600,0.0,0.0,HWM
2024-05-30 00:00:00-04:00,84.22000122070312,84.54000091552734,83.68000030517578,84.2300033569336,83.74779510498047,1510200,0.0,0.0,HWM
2024-05-31 00:00:00-04:00,84.22000122070312,84.69999694824219,82.93000030517578,84.6500015258789,84.16539764404297,3389600,0.0,0.0,HWM
2024-06-03 00:00:00-04:00,85.29000091552734,85.43000030517578,83.51000213623047,84.62999725341797,84.14549255371094,2019000,0.0,0.0,HWM
2024-06-04 00:00:00-04:00,84.41000366210938,84.41000366210938,82.16000366210938,82.29000091552734,81.81890106201172,2504600,0.0,0.0,HWM
2024-06-05 00:00:00-04:00,82.4000015258789,84.6500015258789,82.4000015258789,84.62999725341797,84.14549255371094,1947500,0.0,0.0,HWM
2024-06-06 00:00:00-04:00,84.41999816894531,85.05000305175781,83.16000366210938,83.2699966430664,82.79328155517578,1734900,0.0,0.0,HWM
2024-06-07 00:00:00-04:00,83.51000213623047,84.66999816894531,83.33999633789062,83.77999877929688,83.30035400390625,2064000,0.0,0.0,HWM
2024-06-10 00:00:00-04:00,83.30999755859375,84.4000015258789,83.30999755859375,83.6500015258789,83.17110443115234,2034400,0.0,0.0,HWM
2024-06-11 00:00:00-04:00,83.37999725341797,83.66000366210938,82.33000183105469,83.18000030517578,82.70381164550781,1446300,0.0,0.0,HWM
2024-06-12 00:00:00-04:00,83.48999786376953,84.16999816894531,82.55000305175781,83.43000030517578,82.9523696899414,2249900,0.0,0.0,HWM
2024-06-13 00:00:00-04:00,83.36000061035156,83.52999877929688,81.79000091552734,82.80000305175781,82.32598876953125,2128400,0.0,0.0,HWM
2024-06-14 00:00:00-04:00,81.69000244140625,81.73999786376953,77.73999786376953,78.94000244140625,78.48808288574219,4958700,0.0,0.0,HWM
2024-06-17 00:00:00-04:00,78.80999755859375,80.19999694824219,78.54000091552734,80.0,79.5420150756836,2863600,0.0,0.0,HWM
2024-06-18 00:00:00-04:00,80.0199966430664,80.38999938964844,79.27999877929688,80.19999694824219,79.74085998535156,1974100,0.0,0.0,HWM
2024-06-20 00:00:00-04:00,80.3499984741211,80.79000091552734,79.2300033569336,79.51000213623047,79.0548095703125,3237100,0.0,0.0,HWM
2024-06-21 00:00:00-04:00,79.44999694824219,80.16000366210938,78.88999938964844,80.13999938964844,79.68121337890625,4992700,0.0,0.0,HWM
2024-06-24 00:00:00-04:00,79.93000030517578,81.3499984741211,78.11000061035156,78.62999725341797,78.17984008789062,4212200,0.0,0.0,HWM
2024-06-25 00:00:00-04:00,78.91000366210938,79.23999786376953,77.48999786376953,78.19999694824219,77.7522964477539,4855500,0.0,0.0,HWM
2024-06-26 00:00:00-04:00,78.13999938964844,79.19999694824219,77.69999694824219,79.0,78.54773712158203,2504300,0.0,0.0,HWM
2024-06-27 00:00:00-04:00,79.0999984741211,79.86000061035156,79.0,79.5999984741211,79.1443099975586,2749900,0.0,0.0,HWM
2024-06-28 00:00:00-04:00,79.77999877929688,80.47000122070312,76.83000183105469,77.62999725341797,77.1855697631836,6548900,0.0,0.0,HWM
2024-07-01 00:00:00-04:00,78.75,78.95999908447266,76.91999816894531,77.30000305175781,76.85748291015625,3021300,0.0,0.0,HWM
2024-07-02 00:00:00-04:00,77.05999755859375,78.48999786376953,76.8499984741211,78.06999969482422,77.62303924560547,2421200,0.0,0.0,HWM
2024-07-03 00:00:00-04:00,78.5,79.45999908447266,78.0,79.33000183105469,78.87584686279297,1712900,0.0,0.0,HWM
2024-07-05 00:00:00-04:00,79.45999908447266,79.6500015258789,78.0,78.80000305175781,78.34888458251953,1880200,0.0,0.0,HWM
2024-07-08 00:00:00-04:00,79.2699966430664,80.51000213623047,79.2699966430664,80.47000122070312,80.00931549072266,2150100,0.0,0.0,HWM
2024-07-09 00:00:00-04:00,80.52999877929688,81.25,80.16999816894531,80.23999786376953,79.78063201904297,1840500,0.0,0.0,HWM
2024-07-10 00:00:00-04:00,80.54000091552734,81.19000244140625,80.11000061035156,80.18000030517578,79.7209701538086,2683500,0.0,0.0,HWM
2024-07-11 00:00:00-04:00,80.08999633789062,80.87999725341797,79.41999816894531,79.66000366210938,79.20394897460938,2603100,0.0,0.0,HWM
2024-07-12 00:00:00-04:00,80.25,80.30999755859375,79.0999984741211,79.2300033569336,78.77641296386719,2129200,0.0,0.0,HWM
2024-07-15 00:00:00-04:00,79.63999938964844,79.86000061035156,78.80000305175781,78.9000015258789,78.44831085205078,2703100,0.0,0.0,HWM
2024-07-16 00:00:00-04:00,79.4000015258789,81.52999877929688,79.4000015258789,81.37999725341797,80.91410827636719,3374300,0.0,0.0,HWM
2024-07-17 00:00:00-04:00,80.2300033569336,80.70999908447266,77.83999633789062,77.86000061035156,77.41426849365234,2558700,0.0,0.0,HWM
2024-07-18 00:00:00-04:00,78.0,78.94000244140625,77.22000122070312,78.77999877929688,78.32899475097656,4132700,0.0,0.0,HWM
2024-07-19 00:00:00-04:00,78.83000183105469,78.9000015258789,77.48999786376953,78.02999877929688,77.58329010009766,1882400,0.0,0.0,HWM
2024-07-22 00:00:00-04:00,78.52999877929688,80.2699966430664,78.33999633789062,80.25,79.79057312011719,4039700,0.0,0.0,HWM
2024-07-23 00:00:00-04:00,80.19000244140625,82.86000061035156,79.91000366210938,82.41000366210938,81.93821716308594,3515100,0.0,0.0,HWM
2024-07-24 00:00:00-04:00,81.94999694824219,82.13999938964844,79.48999786376953,79.58999633789062,79.13434600830078,2670100,0.0,0.0,HWM
2024-07-25 00:00:00-04:00,80.0,83.6500015258789,79.62999725341797,82.33999633789062,81.86859893798828,5342500,0.0,0.0,HWM
2024-07-26 00:00:00-04:00,82.80999755859375,83.29000091552734,81.41000366210938,82.68000030517578,82.20667266845703,2903000,0.0,0.0,HWM
2024-07-29 00:00:00-04:00,83.68000030517578,83.95999908447266,82.20999908447266,82.8499984741211,82.37569427490234,3834900,0.0,0.0,HWM
2024-07-30 00:00:00-04:00,92.55000305175781,94.88999938964844,91.08999633789062,93.80999755859375,93.27294158935547,7825600,0.0,0.0,HWM
2024-07-31 00:00:00-04:00,94.37999725341797,96.93000030517578,92.66000366210938,95.69999694824219,95.15213012695312,4050600,0.0,0.0,HWM
2024-08-01 00:00:00-04:00,96.6500015258789,97.29000091552734,94.0999984741211,94.87000274658203,94.32686614990234,3140500,0.0,0.0,HWM
2024-08-02 00:00:00-04:00,93.44999694824219,93.75,89.80999755859375,90.16000366210938,89.64384460449219,4454800,0.0,0.0,HWM
2024-08-05 00:00:00-04:00,86.12999725341797,87.41999816894531,85.38999938964844,86.75,86.25336456298828,6636700,0.0,0.0,HWM
2024-08-06 00:00:00-04:00,88.41999816894531,91.0,88.01000213623047,89.08000183105469,88.57003784179688,3275200,0.0,0.0,HWM
2024-08-07 00:00:00-04:00,90.31999969482422,90.81999969482422,87.63999938964844,87.91999816894531,87.41667175292969,2290000,0.0,0.0,HWM
2024-08-08 00:00:00-04:00,88.87999725341797,92.5199966430664,88.5199966430664,91.95999908447266,91.43354034423828,3333300,0.0,0.0,HWM
2024-08-09 00:00:00-04:00,92.1500015258789,93.18000030517578,91.19000244140625,93.08999633789062,92.63764190673828,1961000,0.08,0.0,HWM
2024-08-12 00:00:00-04:00,93.12999725341797,93.52999877929688,92.20999908447266,92.83000183105469,92.3789291381836,2236500,0.0,0.0,HWM
2024-08-13 00:00:00-04:00,93.4000015258789,93.95999908447266,92.62999725341797,93.91999816894531,93.46361541748047,3058900,0.0,0.0,HWM
2024-08-14 00:00:00-04:00,93.95999908447266,95.06999969482422,92.94000244140625,93.87999725341797,93.42381286621094,1983100,0.0,0.0,HWM
2024-08-15 00:00:00-04:00,95.25,95.83999633789062,93.91000366210938,95.58000183105469,95.11556243896484,2144700,0.0,0.0,HWM
2024-08-16 00:00:00-04:00,95.5,96.22000122070312,95.19000244140625,95.81999969482422,95.35440063476562,1351000,0.0,0.0,HWM
2024-08-19 00:00:00-04:00,95.58000183105469,96.44999694824219,95.4000015258789,96.37000274658203,95.90171813964844,1971400,0.0,0.0,HWM
2024-08-20 00:00:00-04:00,96.44999694824219,96.70999908447266,94.91999816894531,95.62999725341797,95.1653060913086,1367800,0.0,0.0,HWM
2024-08-21 00:00:00-04:00,95.80000305175781,96.61000061035156,95.55000305175781,96.26000213623047,95.79225158691406,1322900,0.0,0.0,HWM
2024-08-22 00:00:00-04:00,96.25,97.08999633789062,96.06999969482422,96.55000305175781,96.08084869384766,1437600,0.0,0.0,HWM
2024-08-23 00:00:00-04:00,96.80000305175781,97.56999969482422,96.41000366210938,97.08000183105469,96.6082763671875,1158200,0.0,0.0,HWM
2024-08-26 00:00:00-04:00,96.91000366210938,97.86000061035156,96.58000183105469,96.63999938964844,96.17041015625,1677200,0.0,0.0,HWM
2024-08-27 00:00:00-04:00,96.38999938964844,97.19000244140625,95.41999816894531,96.94999694824219,96.47889709472656,1961800,0.0,0.0,HWM
2024-08-28 00:00:00-04:00,97.55000305175781,98.1500015258789,96.18000030517578,96.5199966430664,96.05099487304688,1947400,0.0,0.0,HWM
2024-08-29 00:00:00-04:00,96.83999633789062,97.75,95.66000366210938,96.95999908447266,96.48886108398438,1949300,0.0,0.0,HWM
2024-08-30 00:00:00-04:00,97.16000366210938,97.48999786376953,95.30999755859375,96.66000366210938,96.19031524658203,3188800,0.0,0.0,HWM
2024-09-03 00:00:00-04:00,97.16000366210938,97.9000015258789,92.44999694824219,93.0199966430664,92.56800079345703,3271300,0.0,0.0,HWM
2024-09-04 00:00:00-04:00,92.9000015258789,94.70999908447266,92.58000183105469,94.3499984741211,93.89153289794922,2147700,0.0,0.0,HWM
2024-09-05 00:00:00-04:00,94.08000183105469,94.80999755859375,93.05000305175781,94.20999908447266,93.7522201538086,3001800,0.0,0.0,HWM
2024-09-06 00:00:00-04:00,94.0,94.1500015258789,90.72000122070312,91.44000244140625,90.99568176269531,4137000,0.0,0.0,HWM
2024-09-09 00:00:00-04:00,93.0999984741211,94.62000274658203,92.52999877929688,93.69000244140625,93.2347412109375,1803400,0.0,0.0,HWM
2024-09-10 00:00:00-04:00,94.08999633789062,94.08999633789062,92.19999694824219,93.1500015258789,92.69738006591797,2120900,0.0,0.0,HWM
2024-09-11 00:00:00-04:00,93.18000030517578,94.25,91.02999877929688,94.08999633789062,93.63280487060547,1440600,0.0,0.0,HWM
2024-09-12 00:00:00-04:00,94.0999984741211,95.11000061035156,93.5999984741211,94.2300033569336,93.77210998535156,1842300,0.0,0.0,HWM
2024-09-13 00:00:00-04:00,93.5,95.97000122070312,92.7699966430664,95.27999877929688,94.81700897216797,2815600,0.0,0.0,HWM
2024-09-16 00:00:00-04:00,95.70999908447266,96.55000305175781,94.12999725341797,95.13999938964844,94.67770385742188,2284500,0.0,0.0,HWM
2024-09-17 00:00:00-04:00,95.23999786376953,95.26000213623047,93.51000213623047,94.58999633789062,94.13037109375,2040800,0.0,0.0,HWM
2024-09-18 00:00:00-04:00,94.94000244140625,95.95999908447266,94.26000213623047,94.68000030517578,94.21993255615234,1714700,0.0,0.0,HWM
2024-09-19 00:00:00-04:00,96.94000244140625,97.5199966430664,95.45999908447266,97.43000030517578,96.95655822753906,2520100,0.0,0.0,HWM
2024-09-20 00:00:00-04:00,97.25,98.29000091552734,96.5199966430664,97.44999694824219,96.97647094726562,6550200,0.0,0.0,HWM
2024-09-23 00:00:00-04:00,97.54000091552734,98.97000122070312,97.2300033569336,98.62999725341797,98.15074157714844,2082900,0.0,0.0,HWM
2024-09-24 00:00:00-04:00,98.62000274658203,99.5999984741211,98.04000091552734,99.31999969482422,98.83739471435547,3043100,0.0,0.0,HWM
2024-09-25 00:00:00-04:00,99.6500015258789,100.51000213623047,99.37999725341797,99.72000122070312,99.23544311523438,1547400,0.0,0.0,HWM
2024-09-26 00:00:00-04:00,100.29000091552734,100.62000274658203,99.0199966430664,99.30000305175781,98.8174819946289,1454600,0.0,0.0,HWM
2024-09-27 00:00:00-04:00,99.30000305175781,99.70999908447266,98.58999633789062,99.20999908447266,98.72791290283203,1543600,0.0,0.0,HWM
2024-09-30 00:00:00-04:00,98.55000305175781,100.37000274658203,97.86000061035156,100.25,99.76286315917969,2004900,0.0,0.0,HWM
2024-10-01 00:00:00-04:00,99.9800033569336,101.69999694824219,98.9000015258789,100.91999816894531,100.42960357666016,2084300,0.0,0.0,HWM
2024-10-02 00:00:00-04:00,100.94000244140625,102.12999725341797,100.02999877929688,101.29000091552734,100.79780578613281,1762900,0.0,0.0,HWM
2024-10-03 00:00:00-04:00,101.4800033569336,102.26000213623047,100.13999938964844,100.75,100.26042938232422,2418700,0.0,0.0,HWM
2024-10-04 00:00:00-04:00,101.80999755859375,103.0,101.02999877929688,102.02999877929688,101.53421783447266,2063100,0.0,0.0,HWM
2024-10-07 00:00:00-04:00,101.75,103.37999725341797,101.38999938964844,102.83000183105469,102.33033752441406,1778800,0.0,0.0,HWM
2024-10-08 00:00:00-04:00,103.83000183105469,104.23999786376953,102.94000244140625,102.98999786376953,102.48954772949219,1494300,0.0,0.0,HWM
2024-10-09 00:00:00-04:00,103.11000061035156,104.0999984741211,102.5999984741211,103.69999694824219,103.19609832763672,1498000,0.0,0.0,HWM
2024-10-10 00:00:00-04:00,103.30000305175781,103.33000183105469,101.62000274658203,102.0999984741211,101.60386657714844,1460700,0.0,0.0,HWM
2024-10-11 00:00:00-04:00,102.16000366210938,104.41999816894531,102.13999938964844,103.81999969482422,103.31551361083984,1624000,0.0,0.0,HWM
2024-10-14 00:00:00-04:00,103.81999969482422,104.01000213623047,102.19999694824219,102.6500015258789,102.15120697021484,2571700,0.0,0.0,HWM
2024-10-15 00:00:00-04:00,102.9000015258789,104.29000091552734,102.20999908447266,103.91000366210938,103.40508270263672,2479600,0.0,0.0,HWM
2024-10-16 00:00:00-04:00,104.01000213623047,105.44999694824219,103.91999816894531,105.30999755859375,104.79826354980469,1511000,0.0,0.0,HWM
2024-10-17 00:00:00-04:00,106.0199966430664,106.73999786376953,105.58000183105469,106.20999908447266,105.69391632080078,2450600,0.0,0.0,HWM
2024-10-18 00:00:00-04:00,106.76000213623047,106.76000213623047,104.73999786376953,105.54000091552734,105.02716064453125,1706500,0.0,0.0,HWM
2024-10-21 00:00:00-04:00,106.11000061035156,106.93000030517578,105.72000122070312,106.31999969482422,105.80337524414062,1724400,0.0,0.0,HWM
2024-10-22 00:00:00-04:00,105.55000305175781,105.83000183105469,101.83000183105469,102.6500015258789,102.15120697021484,2807700,0.0,0.0,HWM
2024-10-23 00:00:00-04:00,102.69000244140625,103.80999755859375,102.5,102.83000183105469,102.33033752441406,1851400,0.0,0.0,HWM
2024-10-24 00:00:00-04:00,100.19999694824219,102.06999969482422,99.1500015258789,100.62000274658203,100.13107299804688,1983300,0.0,0.0,HWM
2024-10-25 00:00:00-04:00,101.0,101.83999633789062,100.68000030517578,101.38999938964844,100.89733123779297,1397900,0.0,0.0,HWM
2024-10-28 00:00:00-04:00,102.08000183105469,102.5999984741211,101.30999755859375,102.37999725341797,101.88250732421875,2230900,0.0,0.0,HWM
2024-10-29 00:00:00-04:00,101.05999755859375,101.22000122070312,98.83000183105469,100.08999633789062,99.6036376953125,2844600,0.0,0.0,HWM
2024-10-30 00:00:00-04:00,100.0999984741211,101.3499984741211,99.80999755859375,101.13999938964844,100.64854431152344,3434800,0.0,0.0,HWM
2024-10-31 00:00:00-04:00,100.86000061035156,101.4800033569336,99.0999984741211,99.72000122070312,99.23544311523438,2673600,0.0,0.0,HWM
2024-11-01 00:00:00-04:00,100.5999984741211,101.0,99.80000305175781,100.02999877929688,99.54393005371094,1523000,0.0,0.0,HWM
2024-11-04 00:00:00-05:00,100.16000366210938,101.05000305175781,99.4000015258789,99.83999633789062,99.3548583984375,1728600,0.0,0.0,HWM
2024-11-05 00:00:00-05:00,100.29000091552734,102.16000366210938,99.9000015258789,102.16000366210938,101.66358947753906,2556900,0.0,0.0,HWM
2024-11-06 00:00:00-05:00,111.05000305175781,115.37999725341797,106.18000030517578,114.86000061035156,114.30186462402344,5796300,0.0,0.0,HWM
2024-11-07 00:00:00-05:00,114.3499984741211,115.0,111.13999938964844,111.22000122070312,110.6795654296875,2607800,0.0,0.0,HWM
2024-11-08 00:00:00-05:00,112.0,114.08000183105469,111.01000213623047,113.6500015258789,113.17916870117188,2012900,0.08,0.0,HWM
2024-11-11 00:00:00-05:00,115.25,115.9800033569336,114.04000091552734,114.68000030517578,114.20488739013672,1534500,0.0,0.0,HWM
2024-11-12 00:00:00-05:00,115.0,115.51000213623047,112.31999969482422,113.58000183105469,113.10945129394531,2177200,0.0,0.0,HWM
2024-11-13 00:00:00-05:00,114.72000122070312,116.58999633789062,114.16999816894531,115.7699966430664,115.2903823852539,2331700,0.0,0.0,HWM
2024-11-14 00:00:00-05:00,115.7699966430664,116.73999786376953,112.44000244140625,113.22000122070312,112.75094604492188,2687700,0.0,0.0,HWM
2024-11-15 00:00:00-05:00,112.30000305175781,113.08000183105469,111.13999938964844,112.01000213623047,111.54596710205078,2221700,0.0,0.0,HWM
2024-11-18 00:00:00-05:00,112.04000091552734,113.44000244140625,111.7300033569336,113.16999816894531,112.7011489868164,1817400,0.0,0.0,HWM
2024-11-19 00:00:00-05:00,113.19000244140625,116.02999877929688,113.0,116.0,115.51942443847656,2488800,0.0,0.0,HWM
2024-11-20 00:00:00-05:00,117.06999969482422,118.19999694824219,115.08999633789062,118.0999984741211,117.6107177734375,3650100,0.0,0.0,HWM
2024-11-21 00:00:00-05:00,118.0999984741211,119.27999877929688,116.94000244140625,116.9800033569336,116.49536895751953,2592700,0.0,0.0,HWM
2024-11-22 00:00:00-05:00,117.87000274658203,118.80000305175781,116.37000274658203,118.44000244140625,117.9493179321289,5093300,0.0,0.0,HWM
2024-11-25 00:00:00-05:00,117.58999633789062,118.33999633789062,115.05999755859375,115.83999633789062,115.3600845336914,2907200,0.0,0.0,HWM
2024-11-26 00:00:00-05:00,116.0,117.55999755859375,115.91000366210938,117.18000030517578,116.69454193115234,1947700,0.0,0.0,HWM
2024-11-27 00:00:00-05:00,117.16999816894531,117.55999755859375,115.83999633789062,116.69999694824219,116.2165298461914,1766600,0.0,0.0,HWM
2024-11-29 00:00:00-05:00,118.23999786376953,118.9000015258789,117.37999725341797,118.37999725341797,117.88955688476562,1352000,0.0,0.0,HWM
2024-12-02 00:00:00-05:00,118.69000244140625,118.69000244140625,117.29000091552734,117.69000244140625,117.20242309570312,2926400,0.0,0.0,HWM
2024-12-03 00:00:00-05:00,118.25,119.4000015258789,117.63999938964844,119.11000061035156,118.61654663085938,2251700,0.0,0.0,HWM
2024-12-04 00:00:00-05:00,119.11000061035156,120.23999786376953,118.80999755859375,120.08999633789062,119.59248352050781,2313300,0.0,0.0,HWM
2024-12-05 00:00:00-05:00,120.0,120.69999694824219,119.25,120.06999969482422,119.57256317138672,2472500,0.0,0.0,HWM
2024-12-06 00:00:00-05:00,120.0999984741211,120.70999908447266,117.56999969482422,118.30999755859375,117.81985473632812,1912900,0.0,0.0,HWM
2024-12-09 00:00:00-05:00,117.76000213623047,118.19999694824219,112.9000015258789,113.75,113.27874755859375,3015100,0.0,0.0,HWM
2024-12-10 00:00:00-05:00,113.76000213623047,115.26000213623047,113.5199966430664,114.08000183105469,113.60738372802734,2009100,0.0,0.0,HWM
2024-12-11 00:00:00-05:00,115.41999816894531,116.33000183105469,114.91000366210938,116.08000183105469,115.59909057617188,2399400,0.0,0.0,HWM
2024-12-12 00:00:00-05:00,116.1500015258789,116.38999938964844,113.69999694824219,113.69999694824219,113.22894287109375,2119100,0.0,0.0,HWM
2024-12-13 00:00:00-05:00,114.23999786376953,114.80000305175781,113.12000274658203,113.43000030517578,112.96006774902344,1565500,0.0,0.0,HWM
2024-12-16 00:00:00-05:00,114.0,114.30999755859375,112.55999755859375,113.27999877929688,112.81070709228516,1917600,0.0,0.0,HWM
2024-12-17 00:00:00-05:00,111.98999786376953,112.58000183105469,110.5199966430664,111.93000030517578,111.4662857055664,2764700,0.0,0.0,HWM
2024-12-18 00:00:00-05:00,112.19999694824219,112.30999755859375,107.52999877929688,107.69000244140625,107.24385833740234,2448500,0.0,0.0,HWM
2024-12-19 00:00:00-05:00,109.56999969482422,110.80000305175781,108.52999877929688,109.3499984741211,108.89698028564453,2915800,0.0,0.0,HWM
2024-12-20 00:00:00-05:00,108.33000183105469,111.38999938964844,108.33000183105469,110.83000183105469,110.37085723876953,5806200,0.0,0.0,HWM
2024-12-23 00:00:00-05:00,110.02999877929688,110.77999877929688,108.87999725341797,110.54000091552734,110.08204650878906,1537000,0.0,0.0,HWM
2024-12-24 00:00:00-05:00,110.55000305175781,112.0999984741211,110.05999755859375,112.04000091552734,111.5758285522461,616900,0.0,0.0,HWM
2024-12-26 00:00:00-05:00,111.6500015258789,112.69000244140625,110.97000122070312,112.52999877929688,112.06380462646484,755300,0.0,0.0,HWM
2024-12-27 00:00:00-05:00,111.69999694824219,112.5199966430664,110.22000122070312,111.2300033569336,110.7691879272461,1363200,0.0,0.0,HWM
2024-12-30 00:00:00-05:00,109.33000183105469,110.76000213623047,108.16000366210938,110.27999877929688,109.8231201171875,1199800,0.0,0.0,HWM
2024-12-31 00:00:00-05:00,110.62999725341797,110.7699966430664,108.87000274658203,109.37000274658203,108.9168930053711,1330300,0.0,0.0,HWM
2025-01-02 00:00:00-05:00,110.19999694824219,112.45999908447266,109.5,110.79000091552734,110.33101654052734,2068800,0.0,0.0,HWM
2025-01-03 00:00:00-05:00,111.16999816894531,113.68000030517578,110.58999633789062,112.76000213623047,112.29286193847656,2132600,0.0,0.0,HWM
2025-01-06 00:00:00-05:00,113.72000122070312,114.36000061035156,111.98999786376953,112.47000122070312,112.0040512084961,2115600,0.0,0.0,HWM
2025-01-07 00:00:00-05:00,112.5199966430664,112.87999725341797,109.79000091552734,111.66000366210938,111.19740295410156,2574400,0.0,0.0,HWM
2025-01-08 00:00:00-05:00,111.80999755859375,115.16000366210938,111.11000061035156,115.05000305175781,114.5733642578125,2318800,0.0,0.0,HWM
2025-01-10 00:00:00-05:00,113.80000305175781,114.7300033569336,112.5199966430664,112.63999938964844,112.17334747314453,2474000,0.0,0.0,HWM
2025-01-13 00:00:00-05:00,111.0,114.98999786376953,110.79000091552734,114.75,114.27460479736328,2205600,0.0,0.0,HWM
2025-01-14 00:00:00-05:00,116.27999877929688,119.27999877929688,115.80000305175781,119.19000244140625,118.69622039794922,3202300,0.0,0.0,HWM
2025-01-15 00:00:00-05:00,122.80999755859375,124.1500015258789,120.44999694824219,121.86000061035156,121.35515594482422,4736700,0.0,0.0,HWM
2025-01-16 00:00:00-05:00,123.0,123.55000305175781,121.4800033569336,122.9800033569336,122.47051239013672,2895900,0.0,0.0,HWM
2025-01-17 00:00:00-05:00,124.02999877929688,126.26000213623047,122.69999694824219,125.30000305175781,124.78089904785156,3921400,0.0,0.0,HWM
2025-01-21 00:00:00-05:00,127.6500015258789,129.10000610351562,126.12999725341797,127.16000366210938,126.63318634033203,3341000,0.0,0.0,HWM
2025-01-22 00:00:00-05:00,128.02999877929688,128.3300018310547,125.83999633789062,126.70999908447266,126.18505096435547,2605800,0.0,0.0,HWM
2025-01-23 00:00:00-05:00,127.45999908447266,129.10000610351562,126.93000030517578,127.73999786376953,127.21078491210938,3093100,0.0,0.0,HWM
2025-01-24 00:00:00-05:00,127.0,127.55000305175781,126.23999786376953,127.02999877929688,126.50373077392578,2102600,0.0,0.0,HWM
2025-01-27 00:00:00-05:00,122.69999694824219,124.72000122070312,119.88999938964844,122.08000183105469,121.5742416381836,3448800,0.0,0.0,HWM
2025-01-28 00:00:00-05:00,124.5199966430664,126.63999938964844,124.0,126.41000366210938,125.88629150390625,3629400,0.0,0.0,HWM
2025-01-29 00:00:00-05:00,126.37999725341797,127.1500015258789,125.77999877929688,126.36000061035156,125.83650970458984,1958700,0.0,0.0,HWM
2025-01-30 00:00:00-05:00,126.91999816894531,127.75,125.51000213623047,127.37000274658203,126.84233093261719,2419400,0.0,0.0,HWM
2025-01-31 00:00:00-05:00,128.0,128.30999755859375,125.93000030517578,126.58000183105469,126.05558776855469,2361100,0.0,0.0,HWM
2025-02-03 00:00:00-05:00,124.3499984741211,127.05000305175781,123.5,126.37999725341797,125.85643005371094,1907500,0.0,0.0,HWM
2025-02-04 00:00:00-05:00,127.4000015258789,127.66999816894531,124.73999786376953,125.4800033569336,124.96015167236328,1901100,0.0,0.0,HWM
2025-02-05 00:00:00-05:00,126.2300033569336,128.2899932861328,125.8499984741211,127.80000305175781,127.27053833007812,1838600,0.0,0.0,HWM
2025-02-06 00:00:00-05:00,128.0,129.0,127.0199966430664,129.0,128.46556091308594,2342600,0.0,0.0,HWM
2025-02-07 00:00:00-05:00,129.25999450683594,129.69000244140625,127.33999633789062,127.69999694824219,127.26960754394531,1560700,0.1,0.0,HWM
2025-02-10 00:00:00-05:00,128.4199981689453,128.72999572753906,126.72000122070312,128.1999969482422,127.76793670654297,1759900,0.0,0.0,HWM
2025-02-11 00:00:00-05:00,128.3800048828125,129.57000732421875,126.80999755859375,129.32000732421875,128.88417053222656,1522400,0.0,0.0,HWM
2025-02-12 00:00:00-05:00,127.69000244140625,129.9499969482422,127.61000061035156,128.08999633789062,127.65830993652344,3334400,0.0,0.0,HWM
2025-02-13 00:00:00-05:00,125.63999938964844,128.69000244140625,122.72000122070312,128.0800018310547,127.6483383178711,4829400,0.0,0.0,HWM
2025-02-14 00:00:00-05:00,128.8699951171875,133.9199981689453,126.88999938964844,133.4199981689453,132.97035217285156,4278500,0.0,0.0,HWM
2025-02-18 00:00:00-05:00,136.25,137.41000366210938,134.10000610351562,136.6699981689453,136.20938110351562,3219000,0.0,0.0,HWM
2025-02-19 00:00:00-05:00,136.52999877929688,140.5500030517578,136.52999877929688,139.38999938964844,138.9202117919922,2902900,0.0,0.0,HWM
2025-02-20 00:00:00-05:00,139.3000030517578,139.52999877929688,135.1199951171875,138.44000244140625,137.97340393066406,3030100,0.0,0.0,HWM
2025-02-21 00:00:00-05:00,138.77000427246094,138.8699951171875,129.5399932861328,129.8300018310547,129.39242553710938,3518800,0.0,0.0,HWM
2025-02-24 00:00:00-05:00,131.3800048828125,133.2100067138672,127.68000030517578,129.55999755859375,129.1233673095703,3562500,0.0,0.0,HWM
2025-02-25 00:00:00-05:00,129.9600067138672,131.61000061035156,126.69000244140625,130.22999572753906,129.79107666015625,2614800,0.0,0.0,HWM
2025-02-26 00:00:00-05:00,131.6300048828125,135.22999572753906,131.17999267578125,131.97999572753906,131.53517150878906,2720300,0.0,0.0,HWM
2025-02-27 00:00:00-05:00,133.52999877929688,135.58999633789062,131.83999633789062,133.4199981689453,132.97035217285156,2760100,0.0,0.0,HWM
2025-02-28 00:00:00-05:00,133.38999938964844,136.77000427246094,132.60000610351562,136.60000610351562,136.13963317871094,4362900,0.0,0.0,HWM
2025-03-03 00:00:00-05:00,137.92999267578125,139.25,130.8699951171875,131.02000427246094,130.57843017578125,3224100,0.0,0.0,HWM
2025-03-04 00:00:00-05:00,127.66000366210938,129.94000244140625,123.02999877929688,127.0199966430664,126.5918960571289,5528600,0.0,0.0,HWM
2025-03-05 00:00:00-05:00,127.61000061035156,131.72000122070312,126.77999877929688,130.3000030517578,129.86085510253906,3285000,0.0,0.0,HWM
2025-03-06 00:00:00-05:00,127.61000061035156,129.1199951171875,123.7300033569336,124.48999786376953,124.0704345703125,3090100,0.0,0.0,HWM
2025-03-07 00:00:00-05:00,123.45999908447266,125.01000213623047,119.02999877929688,124.4000015258789,123.98074340820312,5132400,0.0,0.0,HWM
2025-03-10 00:00:00-04:00,121.0,123.30999755859375,120.31999969482422,122.30999755859375,121.89777374267578,4430500,0.0,0.0,HWM
2025-03-11 00:00:00-04:00,122.47000122070312,126.88999938964844,122.37999725341797,125.5,125.07703399658203,4067200,0.0,0.0,HWM
2025-03-12 00:00:00-04:00,129.0,129.3699951171875,125.08999633789062,127.93000030517578,127.49884033203125,2474000,0.0,0.0,HWM
2025-03-13 00:00:00-04:00,127.0,128.0,121.5999984741211,122.7699966430664,122.3562240600586,3882500,0.0,0.0,HWM
2025-03-14 00:00:00-04:00,125.0,126.75,123.12999725341797,126.51000213623047,126.08363342285156,2564100,0.0,0.0,HWM
2025-03-17 00:00:00-04:00,125.69999694824219,130.14999389648438,125.30999755859375,129.27000427246094,128.83432006835938,2275600,0.0,0.0,HWM
2025-03-18 00:00:00-04:00,128.13999938964844,129.0,124.33999633789062,128.25,127.81777954101562,2595500,0.0,0.0,HWM
2025-03-19 00:00:00-04:00,128.8800048828125,133.0,128.75,131.97999572753906,131.53517150878906,2427200,0.0,0.0,HWM
2025-03-20 00:00:00-04:00,130.32000732421875,133.36000061035156,129.89999389648438,131.6699981689453,131.22622680664062,2075000,0.0,0.0,HWM
2025-03-21 00:00:00-04:00,131.1699981689453,131.5399932861328,128.80999755859375,130.85000610351562,130.40899658203125,3841400,0.0,0.0,HWM
2025-03-24 00:00:00-04:00,133.27000427246094,136.49000549316406,132.3800048828125,136.10000610351562,135.6413116455078,2406600,0.0,0.0,HWM
2025-03-25 00:00:00-04:00,136.5500030517578,137.80999755859375,134.89999389648438,137.72000122070312,137.255859375,2661600,0.0,0.0,HWM
2025-03-26 00:00:00-04:00,137.8699951171875,138.05999755859375,133.8300018310547,134.13999938964844,133.68792724609375,2732000,0.0,0.0,HWM
2025-03-27 00:00:00-04:00,133.5800018310547,134.67999267578125,130.72999572753906,132.42999267578125,131.98367309570312,1543000,0.0,0.0,HWM
2025-03-28 00:00:00-04:00,131.6300048828125,133.00999450683594,128.5399932861328,129.69000244140625,129.25289916992188,1945700,0.0,0.0,HWM
2025-03-31 00:00:00-04:00,127.45999908447266,130.6699981689453,124.16999816894531,129.72999572753906,129.2927703857422,3282000,0.0,0.0,HWM
2025-04-01 00:00:00-04:00,128.92999267578125,131.99000549316406,128.02000427246094,131.77999877929688,131.3358612060547,2241400,0.0,0.0,HWM
2025-04-02 00:00:00-04:00,129.1699981689453,134.1300048828125,129.0,133.89999389648438,133.44871520996094,1749400,0.0,0.0,HWM
2025-04-03 00:00:00-04:00,127.80000305175781,130.0,124.80000305175781,125.0,124.57872009277344,2372600,0.0,0.0,HWM
2025-04-04 00:00:00-04:00,115.94999694824219,117.22000122070312,109.41999816894531,112.33000183105469,111.951416015625,6664400,0.0,0.0,HWM
2025-04-07 00:00:00-04:00,107.41000366210938,119.25,105.04000091552734,115.77999877929688,115.38978576660156,5805500,0.0,0.0,HWM
2025-04-08 00:00:00-04:00,122.2300033569336,122.94999694824219,112.69000244140625,114.62000274658203,114.23371124267578,4241900,0.0,0.0,HWM
2025-04-09 00:00:00-04:00,113.27999877929688,129.4600067138672,112.08000183105469,128.08999633789062,127.65830993652344,5275000,0.0,0.0,HWM
2025-04-10 00:00:00-04:00,124.87999725341797,127.44999694824219,120.33999633789062,124.19000244140625,123.77144622802734,3076400,0.0,0.0,HWM
2025-04-11 00:00:00-04:00,123.37000274658203,126.3499984741211,121.93000030517578,125.66999816894531,125.2464599609375,2036000,0.0,0.0,HWM
2025-04-14 00:00:00-04:00,128.4499969482422,129.0800018310547,126.26000213623047,127.45999908447266,127.03042602539062,2011400,0.0,0.0,HWM
2025-04-15 00:00:00-04:00,123.5999984741211,126.56999969482422,123.05000305175781,124.47000122070312,124.05049896240234,3606700,0.0,0.0,HWM
2025-04-16 00:00:00-04:00,123.9000015258789,126.30000305175781,122.25,123.93000030517578,123.51232147216797,2864000,0.0,0.0,HWM
2025-04-17 00:00:00-04:00,123.58000183105469,125.13999938964844,122.95999908447266,123.2300033569336,122.81468200683594,2189000,0.0,0.0,HWM
2025-04-21 00:00:00-04:00,122.48999786376953,122.98999786376953,118.08999633789062,119.47000122070312,119.06735229492188,2008200,0.0,0.0,HWM
2025-04-22 00:00:00-04:00,121.29000091552734,125.0199966430664,121.06999969482422,124.30000305175781,123.88107299804688,2234600,0.0,0.0,HWM
2025-04-23 00:00:00-04:00,129.19000244140625,132.30999755859375,127.51000213623047,129.6999969482422,129.2628631591797,2931400,0.0,0.0,HWM
2025-04-24 00:00:00-04:00,129.27999877929688,134.33999633789062,129.27999877929688,133.49000549316406,133.0401153564453,2224200,0.0,0.0,HWM
2025-04-25 00:00:00-04:00,134.3000030517578,136.4600067138672,133.74000549316406,135.75999450683594,135.30245971679688,1603300,0.0,0.0,HWM
2025-04-28 00:00:00-04:00,138.27000427246094,139.61000061035156,135.05999755859375,136.35000610351562,135.89047241210938,2878600,0.0,0.0,HWM
2025-04-29 00:00:00-04:00,136.0,138.41000366210938,135.75,137.5,137.0365753173828,2450100,0.0,0.0,HWM
2025-04-30 00:00:00-04:00,135.10000610351562,138.97000122070312,134.80999755859375,138.5800018310547,138.11294555664062,3140900,0.0,0.0,HWM
2025-05-01 00:00:00-04:00,146.4600067138672,150.47999572753906,144.7100067138672,148.02999877929688,147.5310821533203,4819600,0.0,0.0,HWM
2025-05-02 00:00:00-04:00,150.2100067138672,154.72999572753906,150.2100067138672,154.07000732421875,153.5507354736328,3651800,0.0,0.0,HWM
2025-05-05 00:00:00-04:00,153.07000732421875,155.58999633789062,152.82000732421875,154.33999633789062,153.81983947753906,1881900,0.0,0.0,HWM
2025-05-06 00:00:00-04:00,151.32000732421875,156.8000030517578,150.6300048828125,155.8000030517578,155.27491760253906,2646400,0.0,0.0,HWM
2025-05-07 00:00:00-04:00,155.6300048828125,157.42999267578125,154.30999755859375,157.1199951171875,156.5904541015625,2908100,0.0,0.0,HWM
2025-05-08 00:00:00-04:00,158.69000244140625,159.0399932861328,157.0500030517578,157.5,156.96917724609375,2806200,0.0,0.0,HWM
2025-05-09 00:00:00-04:00,157.89999389648438,158.97000122070312,154.72000122070312,157.41000366210938,156.97915649414062,2232500,0.1,0.0,HWM
2025-05-12 00:00:00-04:00,160.6199951171875,161.5800018310547,155.61000061035156,156.9600067138672,156.53038024902344,4990400,0.0,0.0,HWM
2025-05-13 00:00:00-04:00,156.6199951171875,160.13999938964844,155.22000122070312,158.3000030517578,157.86672973632812,3635300,0.0,0.0,HWM
2025-05-14 00:00:00-04:00,158.7899932861328,160.8300018310547,158.1199951171875,159.4600067138672,159.02352905273438,3504800,0.0,0.0,HWM
2025-05-15 00:00:00-04:00,159.0,161.72000122070312,159.0,161.2899932861328,160.8485565185547,4660500,0.0,0.0,HWM
2025-05-16 00:00:00-04:00,161.1300048828125,162.91000366210938,160.58999633789062,162.8000030517578,162.35440063476562,1839400,0.0,0.0,HWM
2025-05-19 00:00:00-04:00,162.5,166.3800048828125,160.39999389648438,166.24000549316406,165.78497314453125,2585400,0.0,0.0,HWM
2025-05-20 00:00:00-04:00,165.74000549316406,166.5,164.0800018310547,165.10000610351562,164.6481170654297,1836100,0.0,0.0,HWM
2025-05-21 00:00:00-04:00,164.33999633789062,165.6999969482422,162.16000366210938,162.75999450683594,162.3144989013672,1858600,0.0,0.0,HWM
2025-05-22 00:00:00-04:00,162.55999755859375,164.35000610351562,161.52999877929688,163.00999450683594,162.56381225585938,2073200,0.0,0.0,HWM
2025-05-23 00:00:00-04:00,161.5800018310547,166.02999877929688,160.00999450683594,165.08999633789062,164.6381072998047,2045900,0.0,0.0,HWM
2025-05-27 00:00:00-04:00,167.27000427246094,169.80999755859375,167.13999938964844,169.69000244140625,169.22555541992188,2845100,0.0,0.0,HWM
2025-05-28 00:00:00-04:00,169.75,171.52000427246094,169.35000610351562,170.32000732421875,169.8538360595703,2781500,0.0,0.0,HWM
2025-05-29 00:00:00-04:00,170.11000061035156,171.3000030517578,168.2899932861328,170.08999633789062,169.6244354248047,3285500,0.0,0.0,HWM
2025-05-30 00:00:00-04:00,169.5399932861328,170.7899932861328,167.89999389648438,169.88999938964844,169.42498779296875,4750300,0.0,0.0,HWM
2025-06-02 00:00:00-04:00,170.24000549316406,172.75999450683594,169.9199981689453,172.64999389648438,172.1774444580078,2287800,0.0,0.0,HWM
2025-06-03 00:00:00-04:00,172.55999755859375,174.66000366210938,170.1699981689453,172.61000061035156,172.13755798339844,2764300,0.0,0.0,HWM
2025-06-04 00:00:00-04:00,173.3000030517578,175.25999450683594,172.75999450683594,173.94000244140625,173.4639129638672,2118700,0.0,0.0,HWM
2025-06-05 00:00:00-04:00,174.97999572753906,175.44000244140625,173.17999267578125,175.00999450683594,174.53099060058594,1984500,0.0,0.0,HWM
2025-06-06 00:00:00-04:00,175.83999633789062,177.25,174.60000610351562,175.3699951171875,174.88998413085938,1655800,0.0,0.0,HWM
2025-06-09 00:00:00-04:00,176.57000732421875,176.8699951171875,172.7899932861328,172.8699951171875,172.39682006835938,2277600,0.0,0.0,HWM
2025-06-10 00:00:00-04:00,171.5,173.41000366210938,166.8699951171875,168.6199951171875,168.15846252441406,5076900,0.0,0.0,HWM
2025-06-11 00:00:00-04:00,169.07000732421875,172.10000610351562,165.50999450683594,170.74000549316406,170.27268981933594,2979900,0.0,0.0,HWM
2025-06-12 00:00:00-04:00,168.67999267578125,172.02000427246094,168.5,171.52000427246094,171.050537109375,2280600,0.0,0.0,HWM
2025-06-13 00:00:00-04:00,170.9199981689453,172.5500030517578,170.10000610351562,171.1999969482422,170.7313995361328,2418300,0.0,0.0,HWM
2025-06-16 00:00:00-04:00,172.7899932861328,174.38999938964844,171.2899932861328,171.60000610351562,171.1303253173828,2340000,0.0,0.0,HWM
2025-06-17 00:00:00-04:00,171.47000122070312,172.9199981689453,170.8699951171875,172.1199951171875,171.64889526367188,1965400,0.0,0.0,HWM
2025-06-18 00:00:00-04:00,172.00999450683594,173.6300048828125,169.92999267578125,170.22999572753906,169.76406860351562,2343400,0.0,0.0,HWM
2025-06-20 00:00:00-04:00,171.7100067138672,173.4600067138672,169.05999755859375,173.33999633789062,172.8655548095703,4597400,0.0,0.0,HWM
2025-06-23 00:00:00-04:00,172.89999389648438,175.77999877929688,172.38999938964844,175.6300048828125,175.1492919921875,2427100,0.0,0.0,HWM
2025-06-24 00:00:00-04:00,177.0,177.5,173.77999877929688,176.57000732421875,176.08673095703125,2509400,0.0,0.0,HWM
2025-06-25 00:00:00-04:00,177.72999572753906,178.69000244140625,175.27999877929688,176.0800018310547,175.59805297851562,2692900,0.0,0.0,HWM
2025-06-26 00:00:00-04:00,178.5800018310547,179.32000732421875,175.85000610351562,176.85000610351562,176.365966796875,4390800,0.0,0.0,HWM
2025-06-27 00:00:00-04:00,177.47999572753906,185.52000427246094,177.47999572753906,184.89999389648438,184.39390563964844,23827800,0.0,0.0,HWM
2025-06-30 00:00:00-04:00,183.0399932861328,187.50999450683594,182.16000366210938,186.1300048828125,185.62054443359375,4564700,0.0,0.0,HWM
2025-07-01 00:00:00-04:00,183.8800048828125,186.35000610351562,176.02000427246094,176.22000122070312,175.7376708984375,6061300,0.0,0.0,HWM
2025-07-02 00:00:00-04:00,175.3699951171875,176.9600067138672,173.5,175.9499969482422,175.46839904785156,3249700,0.0,0.0,HWM
2025-07-03 00:00:00-04:00,176.69000244140625,181.05999755859375,176.07000732421875,181.05999755859375,180.56442260742188,1766400,0.0,0.0,HWM
2025-07-07 00:00:00-04:00,180.9499969482422,182.32000732421875,178.77999877929688,180.25,179.7566375732422,2865100,0.0,0.0,HWM
2025-07-08 00:00:00-04:00,179.99000549316406,181.33999633789062,174.13999938964844,179.4600067138672,178.9687957763672,3288700,0.0,0.0,HWM
2025-07-09 00:00:00-04:00,181.39999389648438,182.44000244140625,179.0,181.4199981689453,180.92343139648438,2306100,0.0,0.0,HWM
2025-07-10 00:00:00-04:00,181.92999267578125,182.6999969482422,176.6300048828125,178.52999877929688,178.04135131835938,2824000,0.0,0.0,HWM
2025-07-11 00:00:00-04:00,178.38999938964844,180.30999755859375,178.0,179.67999267578125,179.1881866455078,1748300,0.0,0.0,HWM
2025-07-14 00:00:00-04:00,180.1999969482422,184.66000366210938,179.36000061035156,184.32000732421875,183.81552124023438,2084900,0.0,0.0,HWM
2025-07-15 00:00:00-04:00,184.5,185.1199951171875,182.14999389648438,184.67999267578125,184.17449951171875,1918600,0.0,0.0,HWM
2025-07-16 00:00:00-04:00,185.07000732421875,185.67999267578125,181.0,184.3000030517578,183.79554748535156,1843800,0.0,0.0,HWM
2025-07-17 00:00:00-04:00,185.99000549316406,189.47999572753906,185.25,188.8300018310547,188.3131561279297,3041000,0.0,0.0,HWM
2025-07-18 00:00:00-04:00,189.1199951171875,191.61000061035156,188.5,190.49000549316406,189.9686279296875,2265100,0.0,0.0,HWM
2025-07-21 00:00:00-04:00,190.5,190.6699981689453,187.3000030517578,187.8300018310547,187.31590270996094,2098300,0.0,0.0,HWM
2025-07-22 00:00:00-04:00,185.00999450683594,186.88999938964844,180.27000427246094,183.33999633789062,182.8381805419922,3283100,0.0,0.0,HWM
2025-07-23 00:00:00-04:00,183.80999755859375,186.77999877929688,183.10000610351562,186.39999389648438,185.88980102539062,2769800,0.0,0.0,HWM
2025-07-24 00:00:00-04:00,187.35000610351562,188.3300018310547,186.10000610351562,186.8000030517578,186.28871154785156,2903300,0.0,0.0,HWM
2025-07-25 00:00:00-04:00,187.6300048828125,190.94000244140625,187.00999450683594,189.52000427246094,189.0012664794922,1915600,0.0,0.0,HWM
2025-07-28 00:00:00-04:00,190.1199951171875,190.44000244140625,187.14999389648438,188.1699981689453,187.65496826171875,2337900,0.0,0.0,HWM
2025-07-29 00:00:00-04:00,190.80999755859375,191.1999969482422,188.72999572753906,189.1699981689453,188.65220642089844,2289500,0.0,0.0,HWM
2025-07-30 00:00:00-04:00,189.02999877929688,193.25999450683594,188.47999572753906,192.13999938964844,191.6140899658203,2971700,0.0,0.0,HWM
2025-07-31 00:00:00-04:00,187.77999877929688,188.8000030517578,171.77999877929688,179.77000427246094,179.2779541015625,8508800,0.0,0.0,HWM
2025-08-01 00:00:00-04:00,177.0,186.3699951171875,174.02000427246094,184.25999450683594,183.75564575195312,5089200,0.0,0.0,HWM
2025-08-04 00:00:00-04:00,185.5,186.5500030517578,180.74000549316406,181.16000366210938,180.6641387939453,3729100,0.0,0.0,HWM
2025-08-05 00:00:00-04:00,182.0,182.97999572753906,177.6699981689453,179.32000732421875,178.82920837402344,2986700,0.0,0.0,HWM
2025-08-06 00:00:00-04:00,179.39999389648438,182.67999267578125,178.0500030517578,182.05999755859375,181.56167602539062,2018100,0.0,0.0,HWM
2025-08-07 00:00:00-04:00,181.63999938964844,182.97000122070312,178.0,181.5800018310547,181.08297729492188,1889900,0.0,0.0,HWM
2025-08-08 00:00:00-04:00,182.77000427246094,183.41000366210938,178.7899932861328,180.75,180.37448120117188,1588800,0.12,0.0,HWM
2025-08-11 00:00:00-04:00,180.6699981689453,181.8699951171875,178.16000366210938,179.8800048828125,179.50628662109375,1449700,0.0,0.0,HWM
2025-08-12 00:00:00-04:00,180.80999755859375,181.3000030517578,178.3800048828125,180.89999389648438,180.52415466308594,1256100,0.0,0.0,HWM
2025-08-13 00:00:00-04:00,181.57000732421875,181.80999755859375,172.52000427246094,176.8000030517578,176.4326934814453,3174700,0.0,0.0,HWM
2025-08-14 00:00:00-04:00,176.39999389648438,177.41000366210938,174.1699981689453,175.99000549316406,175.62435913085938,2004000,0.0,0.0,HWM
2025-08-15 00:00:00-04:00,176.0,176.0,170.33999633789062,171.25,170.8942108154297,3265000,0.0,0.0,HWM
2025-08-18 00:00:00-04:00,171.9600067138672,173.47999572753906,170.8000030517578,173.0500030517578,172.6904754638672,2241000,0.0,0.0,HWM
2025-08-19 00:00:00-04:00,172.25,174.19000244140625,171.0399932861328,171.89999389648438,171.54286193847656,2274200,0.0,0.0,HWM
2025-08-20 00:00:00-04:00,171.5,172.66000366210938,169.4499969482422,171.94000244140625,171.582763671875,2762800,0.0,0.0,HWM
2025-08-21 00:00:00-04:00,171.85000610351562,174.49000549316406,171.27000427246094,173.25,172.89004516601562,2261500,0.0,0.0,HWM
2025-08-22 00:00:00-04:00,174.10000610351562,175.0800018310547,170.24000549316406,171.0,170.6447296142578,2996400,0.0,0.0,HWM
2025-08-25 00:00:00-04:00,171.35000610351562,174.72999572753906,170.85000610351562,171.24000549316406,170.8842315673828,1945800,0.0,0.0,HWM
2025-08-26 00:00:00-04:00,172.10000610351562,176.22999572753906,171.41000366210938,175.9199981689453,175.5544891357422,4060100,0.0,0.0,HWM
2025-08-27 00:00:00-04:00,175.5,176.6699981689453,174.94000244140625,175.64999389648438,175.28506469726562,1926600,0.0,0.0,HWM
2025-08-28 00:00:00-04:00,175.75,177.4600067138672,175.3000030517578,176.16000366210938,175.79400634765625,2313300,0.0,0.0,HWM
2025-08-29 00:00:00-04:00,176.14999389648438,176.5399932861328,172.52000427246094,174.10000610351562,173.73828125,1665700,0.0,0.0,HWM
2025-09-02 00:00:00-04:00,172.30999755859375,173.58999633789062,170.80999755859375,173.22000122070312,172.860107421875,1995200,0.0,0.0,HWM
2025-09-03 00:00:00-04:00,173.39999389648438,174.50999450683594,172.41000366210938,174.49000549316406,174.1274871826172,1678700,0.0,0.0,HWM
2025-09-04 00:00:00-04:00,174.8699951171875,180.9499969482422,174.66000366210938,179.52999877929688,179.15699768066406,2265600,0.0,0.0,HWM
2025-09-05 00:00:00-04:00,180.25,181.38999938964844,173.3800048828125,178.1999969482422,177.8297576904297,2016700,0.0,0.0,HWM
2025-09-08 00:00:00-04:00,178.27999877929688,180.5500030517578,178.27999877929688,179.42999267578125,179.05718994140625,1777300,0.0,0.0,HWM
2025-09-09 00:00:00-04:00,178.77999877929688,179.49000549316406,176.32000732421875,178.97999572753906,178.60813903808594,1399600,0.0,0.0,HWM
2025-09-10 00:00:00-04:00,180.0,184.22999572753906,179.6199951171875,183.8000030517578,183.4181365966797,1995500,0.0,0.0,HWM
2025-09-11 00:00:00-04:00,184.38999938964844,185.66000366210938,181.36000061035156,184.2100067138672,183.8272705078125,2000200,0.0,0.0,HWM
2025-09-12 00:00:00-04:00,185.0,187.25999450683594,184.5,185.77000427246094,185.38404846191406,1817100,0.0,0.0,HWM
2025-09-15 00:00:00-04:00,186.0,189.5,186.0,189.25,188.8568115234375,1813200,0.0,0.0,HWM
2025-09-16 00:00:00-04:00,189.5,190.2899932861328,186.47000122070312,187.4600067138672,187.07052612304688,3287800,0.0,0.0,HWM
2025-09-17 00:00:00-04:00,187.5800018310547,188.25,183.24000549316406,185.38999938964844,185.00482177734375,2227600,0.0,0.0,HWM
2025-09-18 00:00:00-04:00,184.6699981689453,192.25,182.77999877929688,191.83999633789062,191.44142150878906,2223200,0.0,0.0,HWM
2025-09-19 00:00:00-04:00,192.89999389648438,192.99000549316406,186.3000030517578,190.22999572753906,189.83477783203125,4621000,0.0,0.0,HWM
2025-09-22 00:00:00-04:00,192.5,192.8000030517578,190.0,192.14999389648438,191.75079345703125,2111200,0.0,0.0,HWM
2025-09-23 00:00:00-04:00,192.4499969482422,194.35000610351562,189.72000122070312,193.5800018310547,193.1778106689453,2224900,0.0,0.0,HWM
2025-09-24 00:00:00-04:00,194.55999755859375,194.69000244140625,190.08999633789062,190.22000122070312,189.82479858398438,1772200,0.0,0.0,HWM
2025-09-25 00:00:00-04:00,189.52999877929688,190.3699951171875,186.72999572753906,189.85000610351562,189.45558166503906,1326900,0.0,0.0,HWM
2025-09-26 00:00:00-04:00,192.0,194.88999938964844,191.1300048828125,193.14999389648438,192.7487030029297,2339400,0.0,0.0,HWM
2025-09-29 00:00:00-04:00,194.69000244140625,196.38999938964844,189.9199981689453,191.9199981689453,191.52125549316406,2485200,0.0,0.0,HWM
2025-09-30 00:00:00-04:00,192.38999938964844,196.66000366210938,191.92999267578125,196.22999572753906,195.8223114013672,2384800,0.0,0.0,HWM
2025-10-01 00:00:00-04:00,194.16000366210938,198.47999572753906,193.0399932861328,194.85000610351562,194.4451904296875,2267200,0.0,0.0,HWM
2025-10-02 00:00:00-04:00,195.1199951171875,196.1300048828125,190.14999389648438,191.0800018310547,190.68301391601562,2133100,0.0,0.0,HWM
2025-10-03 00:00:00-04:00,191.97000122070312,192.02000427246094,186.88999938964844,189.25,188.8568115234375,1617500,0.0,0.0,HWM
2025-10-06 00:00:00-04:00,188.49000549316406,190.97999572753906,186.58999633789062,190.47999572753906,190.08425903320312,1751200,0.0,0.0,HWM
2025-10-07 00:00:00-04:00,190.4199981689453,191.52000427246094,188.85000610351562,191.4600067138672,191.0622100830078,1489300,0.0,0.0,HWM
2025-10-08 00:00:00-04:00,192.5500030517578,193.8300018310547,190.25999450683594,191.64999389648438,191.25181579589844,1265400,0.0,0.0,HWM
2025-10-09 00:00:00-04:00,192.57000732421875,192.92999267578125,188.58999633789062,188.8300018310547,188.43768310546875,1121000,0.0,0.0,HWM
2025-10-10 00:00:00-04:00,188.75,190.13999938964844,183.8300018310547,184.08999633789062,183.70753479003906,1726300,0.0,0.0,HWM
2025-10-13 00:00:00-04:00,186.0800018310547,190.7899932861328,185.8300018310547,189.99000549316406,189.59527587890625,1671700,0.0,0.0,HWM
2025-10-14 00:00:00-04:00,188.0,194.9499969482422,186.8800048828125,193.02999877929688,192.6289520263672,1884500,0.0,0.0,HWM
2025-10-15 00:00:00-04:00,194.47999572753906,196.07000732421875,189.02999877929688,192.27000427246094,191.8705291748047,1212700,0.0,0.0,HWM
2025-10-16 00:00:00-04:00,192.97999572753906,194.4499969482422,190.3800048828125,191.67999267578125,191.28175354003906,1351900,0.0,0.0,HWM
2025-10-17 00:00:00-04:00,189.83999633789062,191.35000610351562,187.4600067138672,189.67999267578125,189.28590393066406,1522700,0.0,0.0,HWM
2025-10-20 00:00:00-04:00,191.6300048828125,193.5,190.58999633789062,192.52000427246094,192.12002563476562,1044900,0.0,0.0,HWM
2025-10-21 00:00:00-04:00,193.24000549316406,197.83999633789062,193.0800018310547,197.17999267578125,196.77032470703125,2022600,0.0,0.0,HWM
2025-10-22 00:00:00-04:00,197.7899932861328,200.0,188.86000061035156,191.22999572753906,190.8326873779297,2251000,0.0,0.0,HWM
2025-10-23 00:00:00-04:00,191.61000061035156,200.1999969482422,191.5,200.10000610351562,199.6842803955078,2300800,0.0,0.0,HWM
2025-10-24 00:00:00-04:00,201.6999969482422,202.5,198.25,198.50999450683594,198.09756469726562,2142300,0.0,0.0,HWM
2025-10-27 00:00:00-04:00,201.1699981689453,202.83999633789062,200.0,201.83999633789062,201.42063903808594,1665600,0.0,0.0,HWM
2025-10-28 00:00:00-04:00,203.0,205.2899932861328,200.85000610351562,201.0399932861328,200.62229919433594,2499900,0.0,0.0,HWM
2025-10-29 00:00:00-04:00,201.07000732421875,205.14999389648438,199.66000366210938,203.47999572753906,203.0572509765625,2517400,0.0,0.0,HWM
2025-10-30 00:00:00-04:00,201.1199951171875,211.9499969482422,200.0,201.77000427246094,201.35079956054688,3983100,0.0,0.0,HWM
2025-10-31 00:00:00-04:00,202.8699951171875,209.8000030517578,202.8699951171875,205.9499969482422,205.52210998535156,3401800,0.0,0.0,HWM
2025-11-03 00:00:00-05:00,208.10000610351562,210.5,206.5399932861328,206.74000549316406,206.31048583984375,3134400,0.0,0.0,HWM
2025-11-04 00:00:00-05:00,203.07000732421875,205.5399932861328,200.58999633789062,205.02000427246094,204.59405517578125,1917800,0.0,0.0,HWM
2025-11-05 00:00:00-05:00,203.02999877929688,207.44000244140625,203.02999877929688,206.30999755859375,205.88136291503906,1406300,0.0,0.0,HWM
2025-11-06 00:00:00-05:00,206.1199951171875,208.24000549316406,204.6699981689453,205.72000122070312,205.2926025390625,1935700,0.0,0.0,HWM
2025-11-07 00:00:00-05:00,204.69000244140625,207.39999389648438,201.32000732421875,206.66000366210938,206.3509979248047,2282400,0.12,0.0,HWM
2025-11-10 00:00:00-05:00,208.8300018310547,211.77999877929688,206.8699951171875,209.74000549316406,209.4263916015625,1413700,0.0,0.0,HWM
2025-11-11 00:00:00-05:00,208.27000427246094,209.9600067138672,204.8000030517578,208.89999389648438,208.58763122558594,1435300,0.0,0.0,HWM
2025-11-12 00:00:00-05:00,208.57000732421875,210.32000732421875,204.75,205.07000732421875,204.76339721679688,2144500,0.0,0.0,HWM
2025-11-13 00:00:00-05:00,205.86000061035156,205.86000061035156,200.25999450683594,201.3000030517578,200.9990234375,3006400,0.0,0.0,HWM
2025-11-14 00:00:00-05:00,200.0,205.0,197.0,203.2899932861328,202.98602294921875,1573800,0.0,0.0,HWM
2025-11-17 00:00:00-05:00,203.97000122070312,204.6999969482422,199.0,200.27999877929688,199.98052978515625,1469200,0.0,0.0,HWM
2025-11-18 00:00:00-05:00,200.80999755859375,202.36000061035156,196.63999938964844,201.22000122070312,200.91912841796875,2035200,0.0,0.0,HWM
2025-11-19 00:00:00-05:00,201.22000122070312,205.35000610351562,200.66000366210938,202.05999755859375,201.7578887939453,2152000,0.0,0.0,HWM
2025-11-20 00:00:00-05:00,206.72000122070312,207.85000610351562,197.57000732421875,197.9199981689453,197.6240692138672,2487100,0.0,0.0,HWM
2025-11-21 00:00:00-05:00,197.0,198.64999389648438,192.75999450683594,197.27999877929688,196.98501586914062,2927600,0.0,0.0,HWM
2025-11-24 00:00:00-05:00,197.61000061035156,201.1699981689453,196.97999572753906,200.1199951171875,199.82077026367188,3086400,0.0,0.0,HWM
2025-11-25 00:00:00-05:00,201.97000122070312,204.39999389648438,198.72999572753906,203.67999267578125,203.37545776367188,3035700,0.0,0.0,HWM
2025-11-26 00:00:00-05:00,204.1999969482422,207.44000244140625,204.1999969482422,204.6300048828125,204.32403564453125,1968200,0.0,0.0,HWM
2025-11-28 00:00:00-05:00,206.14999389648438,207.77000427246094,202.67999267578125,204.58999633789062,204.2841033935547,688600,0.0,0.0,HWM
2025-12-01 00:00:00-05:00,203.0,203.57000732421875,198.5,198.74000549316406,198.44284057617188,1832500,0.0,0.0,HWM
2025-12-02 00:00:00-05:00,200.66000366210938,201.22000122070312,194.97000122070312,196.25999450683594,195.96653747558594,2551800,0.0,0.0,HWM
2025-12-03 00:00:00-05:00,196.64999389648438,196.8800048828125,192.0500030517578,194.2899932861328,193.99949645996094,1851400,0.0,0.0,HWM
2025-12-04 00:00:00-05:00,193.9499969482422,197.75,193.1999969482422,196.27000427246094,195.97654724121094,1976900,0.0,0.0,HWM
2025-12-05 00:00:00-05:00,197.0,197.16000366210938,188.8300018310547,190.97999572753906,190.69444274902344,2754300,0.0,0.0,HWM
2025-12-08 00:00:00-05:00,191.69000244140625,194.69000244140625,190.80999755859375,193.63999938964844,193.35044860839844,2661600,0.0,0.0,HWM
2025-12-09 00:00:00-05:00,193.60000610351562,195.0500030517578,191.25,191.36000061035156,191.07386779785156,2234600,0.0,0.0,HWM
2025-12-10 00:00:00-05:00,191.97000122070312,194.3699951171875,190.32000732421875,192.38999938964844,192.10232543945312,2296000,0.0,0.0,HWM
2025-12-11 00:00:00-05:00,191.64999389648438,196.25,189.19000244140625,195.88999938964844,195.5970916748047,1970900,0.0,0.0,HWM
2025-12-12 00:00:00-05:00,198.17999267578125,201.66000366210938,195.6999969482422,198.30999755859375,198.01348876953125,2466100,0.0,0.0,HWM
2025-12-15 00:00:00-05:00,198.1999969482422,201.2100067138672,195.74000549316406,197.24000549316406,196.94508361816406,2231500,0.0,0.0,HWM
2025-12-16 00:00:00-05:00,194.6699981689453,196.22000122070312,192.50999450683594,195.17999267578125,194.88816833496094,3017500,0.0,0.0,HWM
2025-12-17 00:00:00-05:00,195.1999969482422,197.91000366210938,191.0500030517578,191.19000244140625,190.9041290283203,2645100,0.0,0.0,HWM
2025-12-18 00:00:00-05:00,193.6999969482422,200.05999755859375,193.5800018310547,198.0,197.70394897460938,2899900,0.0,0.0,HWM
2025-12-19 00:00:00-05:00,198.97000122070312,203.8000030517578,198.5,203.49000549316406,203.1857452392578,3462500,0.0,0.0,HWM
2025-12-22 00:00:00-05:00,205.0,209.24000549316406,201.4199981689453,208.1699981689453,207.8587188720703,1919500,0.0,0.0,HWM
2025-12-23 00:00:00-05:00,208.0399932861328,210.42999267578125,207.89999389648438,209.57000732421875,209.25665283203125,1479300,0.0,0.0,HWM
2025-12-24 00:00:00-05:00,210.58999633789062,212.4600067138672,209.74000549316406,212.1699981689453,211.85275268554688,835700,0.0,0.0,HWM
2025-12-26 00:00:00-05:00,211.57000732421875,212.52000427246094,210.02000427246094,211.22000122070312,210.90419006347656,953900,0.0,0.0,HWM
2025-12-29 00:00:00-05:00,210.5,211.36000061035156,208.8800048828125,209.49000549316406,209.17677307128906,1760700,0.0,0.0,HWM
2025-12-30 00:00:00-05:00,209.2899932861328,209.47999572753906,207.1300048828125,207.80999755859375,207.49928283691406,1043400,0.0,0.0,HWM
2025-12-31 00:00:00-05:00,208.0399932861328,208.33999633789062,204.8300018310547,205.02000427246094,204.7134552001953,1211500,0.0,0.0,HWM
2026-01-02 00:00:00-05:00,205.49000549316406,211.72999572753906,204.14999389648438,211.7100067138672,211.39344787597656,1672900,0.0,0.0,HWM
2026-01-05 00:00:00-05:00,212.11000061035156,215.58999633789062,209.13999938964844,212.9199981689453,212.6016387939453,2736900,0.0,0.0,HWM
2026-01-06 00:00:00-05:00,213.58999633789062,216.3800048828125,211.22999572753906,214.69000244140625,214.36900329589844,2451300,0.0,0.0,HWM
2026-01-07 00:00:00-05:00,215.44000244140625,216.35000610351562,210.7100067138672,210.89999389648438,210.58465576171875,2128400,0.0,0.0,HWM
2026-01-08 00:00:00-05:00,215.47999572753906,217.0,205.8800048828125,210.02000427246094,209.7059783935547,3240600,0.0,0.0,HWM
2026-01-09 00:00:00-05:00,212.02999877929688,219.38999938964844,212.02999877929688,218.27000427246094,217.94363403320312,2343500,0.0,0.0,HWM
2026-01-12 00:00:00-05:00,218.16000366210938,221.44000244140625,216.58999633789062,220.14999389648438,219.82081604003906,2076400,0.0,0.0,HWM
2026-01-13 00:00:00-05:00,221.33999633789062,223.61000061035156,219.0800018310547,219.63999938964844,219.31158447265625,2487500,0.0,0.0,HWM
2026-01-14 00:00:00-05:00,219.3000030517578,221.75999450683594,215.8800048828125,220.25,219.92066955566406,2143100,0.0,0.0,HWM
2026-01-15 00:00:00-05:00,222.4600067138672,226.8699951171875,222.4600067138672,224.25999450683594,223.9246826171875,2099600,0.0,0.0,HWM
2026-01-16 00:00:00-05:00,224.49000549316406,225.8000030517578,223.0500030517578,224.88999938964844,224.55374145507812,1671700,0.0,0.0,HWM
2026-01-20 00:00:00-05:00,223.0399932861328,226.6199951171875,217.85000610351562,220.36000061035156,220.030517578125,2489100,0.0,0.0,HWM
2026-01-21 00:00:00-05:00,221.9499969482422,226.74000549316406,220.50999450683594,225.0,224.66357421875,2288700,0.0,0.0,HWM
2026-01-22 00:00:00-05:00,224.33999633789062,226.0,216.1199951171875,217.6999969482422,217.37449645996094,3862700,0.0,0.0,HWM
2026-01-23 00:00:00-05:00,217.80999755859375,219.0,213.8000030517578,214.88999938964844,214.56869506835938,3492900,0.0,0.0,HWM
2026-01-26 00:00:00-05:00,214.44000244140625,218.02000427246094,213.94000244140625,215.38999938964844,215.0679473876953,2798700,0.0,0.0,HWM
2026-01-27 00:00:00-05:00,216.64999389648438,218.47999572753906,214.24000549316406,215.52999877929688,215.20773315429688,2625900,0.0,0.0,HWM
2026-01-28 00:00:00-05:00,214.32000732421875,215.14999389648438,208.3000030517578,210.83999633789062,210.52474975585938,3925400,0.0,0.0,HWM
2026-01-29 00:00:00-05:00,211.75999450683594,213.58999633789062,208.13999938964844,208.92999267578125,208.6175994873047,3235800,0.0,0.0,HWM
2026-01-30 00:00:00-05:00,207.77999877929688,212.0,207.77999877929688,208.0800018310547,207.7688751220703,4293100,0.0,0.0,HWM
2026-02-02 00:00:00-05:00,206.80999755859375,209.1999969482422,204.5500030517578,207.2100067138672,206.90017700195312,2359600,0.0,0.0,HWM
2026-02-03 00:00:00-05:00,210.8699951171875,214.30999755859375,210.13999938964844,213.49000549316406,213.17079162597656,3488600,0.0,0.0,HWM
2026-02-04 00:00:00-05:00,213.0399932861328,214.0,204.85000610351562,208.61000061035156,208.298095703125,3692100,0.0,0.0,HWM
2026-02-05 00:00:00-05:00,207.0399932861328,212.6300048828125,206.22999572753906,209.6300048828125,209.31655883789062,2323000,0.0,0.0,HWM
2026-02-06 00:00:00-05:00,213.97000122070312,223.6999969482422,213.97000122070312,223.16000366210938,222.95396423339844,2905300,0.12,0.0,HWM
2026-02-09 00:00:00-05:00,222.47999572753906,226.1199951171875,220.3800048828125,225.14999389648438,224.94210815429688,3054200,0.0,0.0,HWM
2026-02-10 00:00:00-05:00,225.6999969482422,227.50999450683594,224.0399932861328,224.47000122070312,224.2627410888672,2503800,0.0,0.0,HWM
2026-02-11 00:00:00-05:00,229.3300018310547,233.60000610351562,227.0,230.85000610351562,230.63685607910156,4381000,0.0,0.0,HWM
2026-02-12 00:00:00-05:00,235.80999755859375,256.70001220703125,235.7899932861328,244.7899932861328,244.56398010253906,5210500,0.0,0.0,HWM
2026-02-13 00:00:00-05:00,248.8300018310547,255.89999389648438,246.6999969482422,250.2100067138672,249.97898864746094,3423600,0.0,0.0,HWM
2026-02-17 00:00:00-05:00,247.19000244140625,254.57000732421875,246.02000427246094,252.5500030517578,252.3168182373047,3357700,0.0,0.0,HWM
2026-02-18 00:00:00-05:00,254.02999877929688,254.27999877929688,247.10000610351562,249.35000610351562,249.11978149414062,3187200,0.0,0.0,HWM
2026-02-19 00:00:00-05:00,246.77000427246094,251.67999267578125,245.0,251.3000030517578,251.06797790527344,2435600,0.0,0.0,HWM
2026-02-20 00:00:00-05:00,252.1300048828125,258.8299865722656,251.38999938964844,258.1000061035156,257.8616943359375,3136300,0.0,0.0,HWM
2026-02-23 00:00:00-05:00,256.0799865722656,258.5,255.27000427246094,257.0400085449219,256.80267333984375,2184400,0.0,0.0,HWM
2026-02-24 00:00:00-05:00,256.5,261.69000244140625,253.14999389648438,260.95001220703125,260.7090759277344,1593400,0.0,0.0,HWM
2026-02-25 00:00:00-05:00,259.9800109863281,261.8299865722656,255.82000732421875,259.6400146484375,259.4002990722656,1923600,0.0,0.0,HWM
2026-02-26 00:00:00-05:00,259.75,260.94000244140625,254.86000061035156,260.30999755859375,260.06964111328125,1617500,0.0,0.0,HWM
2026-02-27 00:00:00-05:00,258.4800109863281,262.6300048828125,257.489990234375,262.5299987792969,262.28759765625,3401200,0.0,0.0,HWM
2026-03-02 00:00:00-05:00,263.0,267.30999755859375,259.0,265.1099853515625,264.8652038574219,2240500,0.0,0.0,HWM
2026-03-03 00:00:00-05:00,259.5299987792969,261.0400085449219,252.50999450683594,258.8399963378906,258.60101318359375,2178500,0.0,0.0,HWM
2026-03-04 00:00:00-05:00,260.32000732421875,260.760009765625,256.1300048828125,260.0899963378906,259.849853515625,1511700,0.0,0.0,HWM
2026-03-05 00:00:00-05:00,258.0,259.6400146484375,249.02000427246094,252.38999938964844,252.15696716308594,3215500,0.0,0.0,HWM
2026-03-06 00:00:00-05:00,249.75999450683594,253.25,246.35000610351562,250.1300048828125,249.89906311035156,2299000,0.0,0.0,HWM
2026-03-09 00:00:00-04:00,247.35000610351562,254.24000549316406,243.6199951171875,254.13999938964844,253.9053497314453,2647400,0.0,0.0,HWM
2026-03-10 00:00:00-04:00,253.41000366210938,257.3800048828125,251.67999267578125,253.91000366210938,253.67556762695312,1967200,0.0,0.0,HWM
2026-03-11 00:00:00-04:00,252.52000427246094,253.91000366210938,248.02999877929688,251.64999389648438,251.4176483154297,1970200,0.0,0.0,HWM
2026-03-12 00:00:00-04:00,251.5399932861328,251.5399932861328,239.60000610351562,243.82000732421875,243.5948944091797,2870400,0.0,0.0,HWM
2026-03-13 00:00:00-04:00,245.25999450683594,246.3699951171875,232.82000732421875,236.75,236.5314178466797,2637600,0.0,0.0,HWM
2026-03-16 00:00:00-04:00,241.22999572753906,242.60000610351562,238.52999877929688,240.72999572753906,240.5077362060547,2982600,0.0,0.0,HWM
2026-03-17 00:00:00-04:00,241.64999389648438,242.6199951171875,234.25999450683594,240.24000549316406,240.0181884765625,2329900,0.0,0.0,HWM
2026-03-18 00:00:00-04:00,242.27999877929688,245.22999572753906,240.97999572753906,241.92999267578125,241.7066192626953,2521400,0.0,0.0,HWM
2026-03-19 00:00:00-04:00,237.8699951171875,239.3000030517578,230.97999572753906,232.94000244140625,232.7249298095703,3028500,0.0,0.0,HWM
2026-03-20 00:00:00-04:00,231.3800048828125,233.0,227.67999267578125,231.2100067138672,230.9965362548828,4337300,0.0,0.0,HWM
2026-03-23 00:00:00-04:00,235.00999450683594,241.85000610351562,232.60000610351562,236.0399932861328,235.82205200195312,2226900,0.0,0.0,HWM
2026-03-24 00:00:00-04:00,233.64999389648438,239.57000732421875,231.75999450683594,239.50999450683594,239.28884887695312,1937400,0.0,0.0,HWM
2026-03-25 00:00:00-04:00,242.0,243.66000366210938,240.77000427246094,241.6199951171875,241.3968963623047,1601700,0.0,0.0,HWM
2026-03-26 00:00:00-04:00,237.5,238.6699981689453,229.77999877929688,230.50999450683594,230.2971649169922,1604500,0.0,0.0,HWM
2026-03-27 00:00:00-04:00,230.22999572753906,230.97999572753906,227.3699951171875,227.89999389648438,227.6895751953125,1655700,0.0,0.0,HWM
2026-03-30 00:00:00-04:00,230.50999450683594,230.88999938964844,220.50999450683594,222.99000549316406,222.78411865234375,2405600,0.0,0.0,HWM
2026-03-31 00:00:00-04:00,227.1300048828125,233.22000122070312,225.0,230.4600067138672,230.24722290039062,3431200,0.0,0.0,HWM
2026-04-01 00:00:00-04:00,234.02000427246094,240.3800048828125,233.6300048828125,239.0399932861328,238.8192901611328,2650800,0.0,0.0,HWM
2026-04-02 00:00:00-04:00,234.5500030517578,237.75999450683594,230.97000122070312,232.67999267578125,232.46514892578125,1756600,0.0,0.0,HWM
2026-04-06 00:00:00-04:00,232.39999389648438,236.61000061035156,231.14999389648438,236.57000732421875,236.35157775878906,1499000,0.0,0.0,HWM
2026-04-07 00:00:00-04:00,233.25999450683594,236.9199981689453,232.0800018310547,236.02000427246094,235.80209350585938,1311800,0.0,0.0,HWM
2026-04-08 00:00:00-04:00,245.9199981689453,253.0,245.9199981689453,250.0,249.76918029785156,2106200,0.0,0.0,HWM
2026-04-09 00:00:00-04:00,249.25999450683594,257.3699951171875,249.25999450683594,254.05999755859375,253.82542419433594,1890000,0.0,0.0,HWM
2026-04-10 00:00:00-04:00,253.36000061035156,254.63999938964844,249.2899932861328,252.6699981689453,252.43670654296875,1187100,0.0,0.0,HWM
2026-04-13 00:00:00-04:00,251.42999267578125,256.29998779296875,249.3800048828125,256.1400146484375,255.9035186767578,1975500,0.0,0.0,HWM
2026-04-14 00:00:00-04:00,257.2799987792969,259.82000732421875,255.89999389648438,258.0299987792969,257.791748046875,1632400,0.0,0.0,HWM
2026-04-15 00:00:00-04:00,257.1199951171875,258.07000732421875,252.4199981689453,254.0399932861328,253.80543518066406,1685700,0.0,0.0,HWM
2026-04-16 00:00:00-04:00,254.3699951171875,255.5399932861328,246.36000061035156,247.60000610351562,247.37139892578125,1867900,0.0,0.0,HWM
2026-04-17 00:00:00-04:00,251.3300018310547,258.739990234375,251.3300018310547,255.69000244140625,255.4539337158203,2276400,0.0,0.0,HWM
2026-04-20 00:00:00-04:00,255.6199951171875,257.1499938964844,252.39999389648438,255.6199951171875,255.3839874267578,1841700,0.0,0.0,HWM
2026-04-21 00:00:00-04:00,254.42999267578125,255.1999969482422,245.72000122070312,247.72000122070312,247.49127197265625,2039900,0.0,0.0,HWM
2026-04-22 00:00:00-04:00,250.0,250.22000122070312,233.32000732421875,240.8800048828125,240.65760803222656,3630300,0.0,0.0,HWM
2026-04-23 00:00:00-04:00,242.35000610351562,251.24000549316406,241.72999572753906,246.16000366210938,245.93272399902344,2462400,0.0,0.0,HWM
2026-04-24 00:00:00-04:00,244.42999267578125,245.25999450683594,239.72999572753906,242.44000244140625,242.21615600585938,1452300,0.0,0.0,HWM
2026-04-27 00:00:00-04:00,241.92999267578125,242.4600067138672,238.00999450683594,241.6999969482422,241.47683715820312,1862900,0.0,0.0,HWM
2026-04-28 00:00:00-04:00,241.75999450683594,245.36000061035156,237.27999877929688,240.42999267578125,240.2080078125,2728200,0.0,0.0,HWM
2026-04-29 00:00:00-04:00,241.0,241.7899932861328,234.61000061035156,236.52000427246094,236.30162048339844,2699400,0.0,0.0,HWM
2026-04-30 00:00:00-04:00,236.2899932861328,244.05999755859375,235.8699951171875,243.0399932861328,242.81558227539062,2540700,0.0,0.0,HWM
2026-05-01 00:00:00-04:00,243.57000732421875,244.60000610351562,237.8699951171875,239.50999450683594,239.28884887695312,2026700,0.0,0.0,HWM
2026-05-04 00:00:00-04:00,239.99000549316406,242.39999389648438,238.35000610351562,239.6999969482422,239.4786834716797,1886300,0.0,0.0,HWM
2026-05-05 00:00:00-04:00,243.02999877929688,245.74000549316406,242.00999450683594,242.69000244140625,242.46592712402344,1775700,0.0,0.0,HWM
2026-05-06 00:00:00-04:00,250.72000122070312,258.29998779296875,249.63999938964844,256.42999267578125,256.1932373046875,4287800,0.0,0.0,HWM
2026-05-07 00:00:00-04:00,275.79998779296875,280.739990234375,266.05999755859375,272.5400085449219,272.28839111328125,5794000,0.0,0.0,HWM
2026-05-08 00:00:00-04:00,273.4200134277344,275.82000732421875,269.2099914550781,270.55999755859375,270.42926025390625,3186500,0.12,0.0,HWM
2026-05-11 00:00:00-04:00,269.3500061035156,275.1600036621094,266.0299987792969,273.5799865722656,273.4477844238281,2979700,0.0,0.0,HWM
2026-05-12 00:00:00-04:00,273.6099853515625,274.95001220703125,266.8399963378906,269.760009765625,269.6296691894531,2303500,0.0,0.0,HWM
2026-05-13 00:00:00-04:00,270.67999267578125,276.6700134277344,267.6000061035156,273.1000061035156,272.9680480957031,2442700,0.0,0.0,HWM
2026-05-14 00:00:00-04:00,274.5199890136719,274.7300109863281,267.0,272.3699951171875,272.2383728027344,1701300,0.0,0.0,HWM
2026-05-15 00:00:00-04:00,266.2200012207031,268.3399963378906,260.0,260.3500061035156,260.2242126464844,2392900,0.0,0.0,HWM
2026-05-18 00:00:00-04:00,260.0,263.82000732421875,255.7899932861328,256.989990234375,256.8658142089844,1760200,0.0,0.0,HWM
2026-05-19 00:00:00-04:00,254.7100067138672,256.0,250.85000610351562,253.1199951171875,252.9976806640625,2016800,0.0,0.0,HWM
2026-05-20 00:00:00-04:00,256.260009765625,262.70001220703125,255.3300018310547,261.2099914550781,261.0837707519531,2514500,0.0,0.0,HWM
2026-05-21 00:00:00-04:00,259.5,262.0899963378906,257.3299865722656,259.8900146484375,259.7644348144531,1633100,0.0,0.0,HWM
2026-05-22 00:00:00-04:00,261.8800048828125,261.8999938964844,255.4499969482422,256.54998779296875,256.426025390625,1694800,0.0,0.0,HWM
2026-05-26 00:00:00-04:00,260.7200012207031,263.19000244140625,258.92999267578125,261.8900146484375,261.7634582519531,1777900,0.0,0.0,HWM
2026-05-27 00:00:00-04:00,262.5,263.4800109863281,255.5,258.0199890136719,257.89532470703125,1999800,0.0,0.0,HWM
2026-05-28 00:00:00-04:00,260.0,262.4800109863281,255.52999877929688,259.8900146484375,259.7644348144531,2037600,0.0,0.0,HWM
2026-05-29 00:00:00-04:00,258.8399963378906,259.5799865722656,254.33999633789062,258.25,258.1252136230469,6630900,0.0,0.0,HWM
2026-06-01 00:00:00-04:00,253.6199951171875,257.2799987792969,249.02999877929688,255.52000427246094,255.3965301513672,2928400,0.0,0.0,HWM
2026-06-02 00:00:00-04:00,254.1199951171875,256.57000732421875,249.00999450683594,250.72000122070312,250.59884643554688,2813300,0.0,0.0,HWM
2026-06-03 00:00:00-04:00,249.5399932861328,252.0800018310547,246.1999969482422,248.6300048828125,248.50985717773438,1950800,0.0,0.0,HWM
2026-06-04 00:00:00-04:00,248.22000122070312,251.05999755859375,244.6300048828125,249.3300018310547,249.2095184326172,2181600,0.0,0.0,HWM
2026-06-05 00:00:00-04:00,248.74000549316406,257.0299987792969,248.1199951171875,251.89999389648438,251.7782745361328,2189600,0.0,0.0,HWM
2026-06-08 00:00:00-04:00,254.52999877929688,254.5399932861328,245.1999969482422,246.5500030517578,246.4308624267578,2403100,0.0,0.0,HWM
2026-06-09 00:00:00-04:00,249.22999572753906,257.3399963378906,243.67999267578125,257.1600036621094,257.0357360839844,3162600,0.0,0.0,HWM
2026-06-10 00:00:00-04:00,256.7699890136719,256.7699890136719,248.33999633789062,249.49000549316406,249.36944580078125,2746300,0.0,0.0,HWM
2026-06-11 00:00:00-04:00,251.3800048828125,264.6600036621094,250.85000610351562,264.6000061035156,264.4721374511719,2508400,0.0,0.0,HWM
2026-06-12 00:00:00-04:00,267.94000244140625,268.0299987792969,261.0899963378906,264.6700134277344,264.5421142578125,1796900,0.0,0.0,HWM
2026-06-15 00:00:00-04:00,270.8999938964844,273.04998779296875,268.57000732421875,270.44000244140625,270.309326171875,2257900,0.0,0.0,HWM
2026-06-16 00:00:00-04:00,273.07000732421875,280.7099914550781,272.260009765625,277.4200134277344,277.28594970703125,2841200,0.0,0.0,HWM
2026-06-17 00:00:00-04:00,275.42999267578125,285.6300048828125,273.55999755859375,283.2300109863281,283.0931396484375,2701800,0.0,0.0,HWM
2026-06-18 00:00:00-04:00,288.32000732421875,290.6300048828125,276.010009765625,277.6600036621094,277.5258483886719,4444100,0.0,0.0,HWM
2026-06-22 00:00:00-04:00,278.2200012207031,280.67999267578125,275.5,280.3599853515625,280.2245178222656,2566900,0.0,0.0,HWM
2026-06-23 00:00:00-04:00,276.4700012207031,279.1499938964844,269.2200012207031,275.1300048828125,274.9970703125,3050800,0.0,0.0,HWM
2026-06-24 00:00:00-04:00,275.0299987792969,279.1400146484375,274.2300109863281,276.05999755859375,275.9266052246094,2886200,0.0,0.0,HWM
2026-06-25 00:00:00-04:00,276.32000732421875,281.4599914550781,269.8299865722656,273.1400146484375,273.0080261230469,4997300,0.0,0.0,HWM
2026-06-26 00:00:00-04:00,269.0,270.67999267578125,258.5899963378906,268.8699951171875,268.7400817871094,17578500,0.0,0.0,HWM
2026-06-29 00:00:00-04:00,268.5799865722656,271.7099914550781,264.1000061035156,268.57000732421875,268.4402160644531,5271200,0.0,0.0,HWM
2026-06-30 00:00:00-04:00,271.989990234375,274.0899963378906,264.2099914550781,268.8599853515625,268.7300720214844,3655100,0.0,0.0,HWM
2026-07-01 00:00:00-04:00,271.3399963378906,273.4800109863281,266.44000244140625,267.4100036621094,267.2807922363281,2758600,0.0,0.0,HWM
2026-07-02 00:00:00-04:00,271.8999938964844,277.6499938964844,267.07000732421875,270.4100036621094,270.2793273925781,2292600,0.0,0.0,HWM
2026-07-06 00:00:00-04:00,272.989990234375,280.5,272.8900146484375,277.9100036621094,277.7757263183594,2389000,0.0,0.0,HWM
2026-07-07 00:00:00-04:00,275.6000061035156,276.9200134277344,267.7300109863281,275.42999267578125,275.2969055175781,2288000,0.0,0.0,HWM
2026-07-08 00:00:00-04:00,271.3999938964844,273.6600036621094,268.80999755859375,271.5799865722656,271.4487609863281,1726200,0.0,0.0,HWM
2026-07-09 00:00:00-04:00,276.0799865722656,277.5199890136719,272.94000244140625,273.7699890136719,273.6376953125,1349500,0.0,0.0,HWM
2026-07-10 00:00:00-04:00,273.45001220703125,274.05999755859375,265.010009765625,270.8500061035156,270.7191162109375,1458000,0.0,0.0,HWM
2026-07-13 00:00:00-04:00,269.1600036621094,275.489990234375,268.95001220703125,271.2799987792969,271.14892578125,1570500,0.0,0.0,HWM
2026-07-14 00:00:00-04:00,273.4100036621094,277.45001220703125,271.7900085449219,276.7799987792969,276.646240234375,1653400,0.0,0.0,HWM
2026-07-15 00:00:00-04:00,278.6600036621094,279.9800109863281,271.25,279.239990234375,279.1050720214844,2011300,0.0,0.0,HWM
2026-07-16 00:00:00-04:00,275.8299865722656,279.20001220703125,267.760009765625,271.19000244140625,271.0589599609375,1844300,0.0,0.0,HWM
2026-07-17 00:00:00-04:00,269.3500061035156,277.7900085449219,265.75,272.42999267578125,272.29833984375,2061800,0.0,0.0,HWM
2026-07-20 00:00:00-04:00,274.6000061035156,277.489990234375,270.3299865722656,271.9800109863281,271.84857177734375,1532900,0.0,0.0,HWM
2026-07-21 00:00:00-04:00,274.239990234375,279.739990234375,271.75,279.0,278.86517333984375,1364600,0.0,0.0,HWM
2026-07-22 00:00:00-04:00,278.760009765625,282.0400085449219,277.4800109863281,280.70001220703125,280.5643615722656,1610800,0.0,0.0,HWM
2026-07-23 00:00:00-04:00,280.489990234375,288.6600036621094,278.6099853515625,287.0899963378906,286.9512634277344,2479700,0.0,0.0,HWM
2026-07-24 00:00:00-04:00,287.3599853515625,293.0,286.4599914550781,289.260009765625,289.1202392578125,2112500,0.0,0.0,HWM
2026-07-27 00:00:00-04:00,292.44000244140625,295.2799987792969,282.80999755859375,287.94000244140625,287.8008728027344,2636900,0.0,0.0,HWM
2026-07-28 00:00:00-04:00,287.989990234375,288.9800109863281,281.3500061035156,286.0400085449219,285.90179443359375,2858100,0.0,0.0,HWM
2026-07-29 00:00:00-04:00,285.20001220703125,286.0400085449219,272.7300109863281,272.7900085449219,272.658203125,2476100,0.0,0.0,HWM
2026-07-30 00:00:00-04:00,275.75,278.760009765625,270.25,277.2799987792969,277.1460266113281,2009100,0.0,0.0,HWM
2026-07-31 00:00:00-04:00,281.32000732421875,285.1400146484375,278.0,282.260009765625,282.1236267089844,2282500,0.0,0.0,HWM
2026-08-03 00:00:00-04:00,284.3699951171875,287.0400085449219,279.70001220703125,286.3399963378906,286.2016296386719,1509400,0.0,0.0,HWM
2026-08-04 00:00:00-04:00,290.0,291.5899963378906,283.69000244140625,288.20001220703125,288.0607604980469,2509500,0.0,0.0,HWM
2026-08-05 00:00:00-04:00,289.25,292.8800048828125,288.9700012207031,291.4200134277344,291.2792053222656,2227200,0.0,0.0,HWM
2026-08-06 00:00:00-04:00,299.0,310.0,288.5299987792969,289.7200012207031,289.58001708984375,3376500,0.0,0.0,HWM
2026-08-07 00:00:00-04:00,291.45001220703125,294.70001220703125,280.8900146484375,281.8800048828125,281.8800048828125,2001000,0.14,0.0,HWM
2026-08-10 00:00:00-04:00,285.0,286.8800048828125,282.5,283.7099914550781,283.7099914550781,2292900,0.0,0.0,HWM
2026-08-11 00:00:00-04:00,285.1600036621094,287.1099853515625,280.75,281.3399963378906,281.3399963378906,1369800,0.0,0.0,HWM
2026-08-12 00:00:00-04:00,285.0,286.17999267578125,281.1600036621094,281.6300048828125,281.6300048828125,1714300,0.0,0.0,HWM
2026-08-13 00:00:00-04:00,282.3500061035156,283.6000061035156,276.260009765625,282.82000732421875,282.82000732421875,2451600,0.0,0.0,HWM
2026-08-14 00:00:00-04:00,282.3800048828125,289.989990234375,281.7300109863281,289.17999267578125,289.17999267578125,1923000,0.0,0.0,HWM
2026-08-17 00:00:00-04:00,289.17999267578125,291.3800048828125,287.2099914550781,289.1199951171875,289.1199951171875,1857900,0.0,0.0,HWM
2026-08-18 00:00:00-04:00,286.3999938964844,293.3299865722656,284.0,292.6499938964844,292.6499938964844,1783200,0.0,0.0,HWM
2026-08-19 00:00:00-04:00,293.3999938964844,293.3999938964844,283.0199890136719,283.4800109863281,283.4800109863281,2646200,0.0,0.0,HWM
2026-08-20 00:00:00-04:00,281.30999755859375,285.07000732421875,272.0799865722656,273.6400146484375,273.6400146484375,2237200,0.0,0.0,HWM
2026-08-21 00:00:00-04:00,276.3599853515625,276.82000732421875,270.8900146484375,271.67999267578125,271.67999267578125,1924500,0.0,0.0,HWM
2026-08-24 00:00:00-04:00,270.4700012207031,271.5,261.0899963378906,263.2900085449219,263.2900085449219,2432700,0.0,0.0,HWM
2026-08-25 00:00:00-04:00,268.8500061035156,270.05999755859375,262.6499938964844,264.0400085449219,264.0400085449219,1998200,0.0,0.0,HWM
2026-08-26 00:00:00-04:00,266.1300048828125,271.1700134277344,264.1000061035156,269.3399963378906,269.3399963378906,1633700,0.0,0.0,HWM
2026-08-27 00:00:00-04:00,268.7799987792969,269.010009765625,263.6700134277344,267.6499938964844,267.6499938964844,2720400,0.0,0.0,HWM
2026-08-28 00:00:00-04:00,268.3900146484375,268.3900146484375,261.6199951171875,264.8500061035156,264.8500061035156,1650600,0.0,0.0,HWM
2026-08-31 00:00:00-04:00,248.25,250.7899932861328,240.3800048828125,244.9499969482422,244.9499969482422,9618000,0.0,0.0,HWM
2026-09-01 00:00:00-04:00,249.4600067138672,255.77999877929688,248.6999969482422,254.88999938964844,254.88999938964844,5541200,0.0,0.0,HWM
2026-09-02 00:00:00-04:00,257.7699890136719,257.7699890136719,250.13999938964844,252.9600067138672,252.9600067138672,3636400,0.0,0.0,HWM
2026-09-03 00:00:00-04:00,255.86000061035156,260.739990234375,254.02000427246094,260.489990234375,260.489990234375,3232600,0.0,0.0,HWM
2026-09-04 00:00:00-04:00,260.0,263.3399963378906,258.1499938964844,259.2699890136719,259.2699890136719,2823200,0.0,0.0,HWM
