date,Open,High,Low,Close,Adj Close,Volume,Dividends,Stock Splits,symbole
2016-10-05 00:00:00-04:00,16.0,16.5,15.5,15.5,11.337630271911621,569700,0.0,0.0,VST
2016-10-06 00:00:00-04:00,15.5,15.899999618530273,15.5,15.75,11.520499229431152,264900,0.0,0.0,VST
2016-10-07 00:00:00-04:00,15.899999618530273,15.899999618530273,15.699999809265137,15.899999618530273,11.630215644836426,110900,0.0,0.0,VST
2016-10-10 00:00:00-04:00,15.949999809265137,25.239999771118164,15.899999618530273,16.0,11.703361511230469,6300,0.0,0.0,VST
2016-10-11 00:00:00-04:00,16.100000381469727,16.5,16.0,16.350000381469727,11.959372520446777,158400,0.0,0.0,VST
2016-10-12 00:00:00-04:00,16.350000381469727,17.0,16.0,16.350000381469727,11.959372520446777,160500,0.0,0.0,VST
2016-10-13 00:00:00-04:00,16.5,16.5,16.0,16.100000381469727,11.776509284973145,265800,0.0,0.0,VST
2016-10-14 00:00:00-04:00,16.049999237060547,16.100000381469727,16.049999237060547,16.100000381469727,11.776509284973145,45500,0.0,0.0,VST
2016-10-17 00:00:00-04:00,16.149999618530273,16.149999618530273,16.100000381469727,16.100000381469727,11.776509284973145,20600,0.0,0.0,VST
2016-10-18 00:00:00-04:00,16.139999389648438,16.139999389648438,15.960000038146973,16.0,11.703361511230469,464300,0.0,0.0,VST
2016-10-19 00:00:00-04:00,15.75,16.0,15.75,15.989999771118164,11.696046829223633,140400,0.0,0.0,VST
2016-10-20 00:00:00-04:00,15.899999618530273,16.0,15.75,15.899999618530273,11.630215644836426,653900,0.0,0.0,VST
2016-10-21 00:00:00-04:00,15.649999618530273,15.800000190734863,15.5,15.699999809265137,11.483924865722656,27500,0.0,0.0,VST
2016-10-24 00:00:00-04:00,15.75,15.75,15.5,15.680000305175781,11.4692964553833,130300,0.0,0.0,VST
2016-10-25 00:00:00-04:00,15.510000228881836,15.579999923706055,15.25,15.579999923706055,11.396147727966309,6200,0.0,0.0,VST
2016-10-26 00:00:00-04:00,15.5,15.5,15.350000381469727,15.449999809265137,11.301058769226074,52300,0.0,0.0,VST
2016-10-27 00:00:00-04:00,15.350000381469727,15.350000381469727,15.15999984741211,15.199999809265137,11.118195533752441,271100,0.0,0.0,VST
2016-10-28 00:00:00-04:00,15.199999809265137,15.449999809265137,15.0,15.199999809265137,11.118195533752441,2185200,0.0,0.0,VST
2016-10-31 00:00:00-04:00,15.25,15.25,15.0,15.199999809265137,11.118195533752441,25900,0.0,0.0,VST
2016-11-01 00:00:00-04:00,15.0,15.0,14.899999618530273,15.0,10.971899032592773,11800,0.0,0.0,VST
2016-11-02 00:00:00-04:00,14.800000190734863,14.800000190734863,13.5,13.600000381469727,9.947859764099121,9900,0.0,0.0,VST
2016-11-03 00:00:00-04:00,13.75,13.800000190734863,13.600000381469727,13.600000381469727,9.947859764099121,122300,0.0,0.0,VST
2016-11-04 00:00:00-04:00,13.600000381469727,14.0,13.600000381469727,14.0,10.24044132232666,603600,0.0,0.0,VST
2016-11-07 00:00:00-05:00,14.100000381469727,14.25,14.100000381469727,14.100000381469727,10.313589096069336,2300,0.0,0.0,VST
2016-11-08 00:00:00-05:00,14.0,14.25,13.899999618530273,14.199999809265137,10.386734008789062,335100,0.0,0.0,VST
2016-11-09 00:00:00-05:00,13.899999618530273,14.149999618530273,13.899999618530273,14.050000190734863,10.277013778686523,106300,0.0,0.0,VST
2016-11-10 00:00:00-05:00,14.100000381469727,14.229999542236328,14.100000381469727,14.229999542236328,10.408679962158203,2629000,0.0,0.0,VST
2016-11-11 00:00:00-05:00,14.399999618530273,14.899999618530273,14.399999618530273,14.710000038146973,10.759777069091797,13400,0.0,0.0,VST
2016-11-14 00:00:00-05:00,14.699999809265137,14.949999809265137,14.399999618530273,14.399999618530273,10.533027648925781,121500,0.0,0.0,VST
2016-11-15 00:00:00-05:00,14.399999618530273,14.449999809265137,14.319999694824219,14.319999694824219,10.474506378173828,798600,0.0,0.0,VST
2016-11-16 00:00:00-05:00,14.350000381469727,14.350000381469727,14.100000381469727,14.100000381469727,10.313589096069336,65600,0.0,0.0,VST
2016-11-17 00:00:00-05:00,14.100000381469727,14.100000381469727,14.0,14.050000190734863,10.277013778686523,60400,0.0,0.0,VST
2016-11-18 00:00:00-05:00,14.100000381469727,14.149999618530273,13.899999618530273,14.100000381469727,10.313589096069336,728700,0.0,0.0,VST
2016-11-21 00:00:00-05:00,14.0,14.039999961853027,14.0,14.0,10.24044132232666,28000,0.0,0.0,VST
2016-11-22 00:00:00-05:00,14.050000190734863,14.050000190734863,14.050000190734863,14.050000190734863,10.277013778686523,100000,0.0,0.0,VST
2016-11-23 00:00:00-05:00,14.0,14.0,14.0,14.0,10.24044132232666,50000,0.0,0.0,VST
2016-11-25 00:00:00-05:00,14.0,14.0,14.0,14.0,10.24044132232666,0,0.0,0.0,VST
2016-11-28 00:00:00-05:00,14.050000190734863,14.149999618530273,14.050000190734863,14.149999618530273,10.350162506103516,500,0.0,0.0,VST
2016-11-29 00:00:00-05:00,14.149999618530273,14.149999618530273,13.75,13.75,10.057578086853027,124600,0.0,0.0,VST
2016-11-30 00:00:00-05:00,13.850000381469727,13.949999809265137,13.800000190734863,13.949999809265137,10.20387077331543,291500,0.0,0.0,VST
2016-12-01 00:00:00-05:00,14.010000228881836,14.010000228881836,13.960000038146973,13.960000038146973,10.211186408996582,127300,0.0,0.0,VST
2016-12-02 00:00:00-05:00,13.899999618530273,13.899999618530273,13.649999618530273,13.850000381469727,10.130722999572754,18400,0.0,0.0,VST
2016-12-05 00:00:00-05:00,14.149999618530273,14.5,14.0,14.449999809265137,10.569598197937012,530600,0.0,0.0,VST
2016-12-06 00:00:00-05:00,15.300000190734863,15.649999618530273,15.0,15.600000381469727,11.41077709197998,925600,0.0,0.0,VST
2016-12-07 00:00:00-05:00,15.579999923706055,15.600000381469727,15.449999809265137,15.5,11.337630271911621,523700,0.0,0.0,VST
2016-12-08 00:00:00-05:00,15.550000190734863,16.0,15.5,15.899999618530273,11.630215644836426,625800,0.0,0.0,VST
2016-12-09 00:00:00-05:00,16.0,16.549999237060547,15.899999618530273,16.399999618530273,11.995945930480957,588400,0.0,0.0,VST
2016-12-12 00:00:00-05:00,16.5,16.5,16.25,16.25,11.88622760772705,982700,0.0,0.0,VST
2016-12-13 00:00:00-05:00,16.299999237060547,16.299999237060547,16.149999618530273,16.229999542236328,11.871597290039062,2901100,0.0,0.0,VST
2016-12-14 00:00:00-05:00,16.19499969482422,16.299999237060547,16.0,16.280000686645508,11.908171653747559,2399400,0.0,0.0,VST
2016-12-15 00:00:00-05:00,14.0,14.279999732971191,14.0,14.1899995803833,12.104365348815918,1151700,2.32,0.0,VST
2016-12-16 00:00:00-05:00,14.1899995803833,14.199999809265137,14.0600004196167,14.0600004196167,11.993471145629883,70800,0.0,0.0,VST
2016-12-19 00:00:00-05:00,14.100000381469727,14.229999542236328,13.960000038146973,14.229999542236328,12.138486862182617,1242500,0.0,0.0,VST
2016-12-20 00:00:00-05:00,14.220000267028809,14.399999618530273,14.199999809265137,14.350000381469727,12.240848541259766,1128700,0.0,0.0,VST
2016-12-21 00:00:00-05:00,14.380000114440918,14.4399995803833,14.300000190734863,14.350000381469727,12.240848541259766,607400,0.0,0.0,VST
2016-12-22 00:00:00-05:00,14.350000381469727,14.449999809265137,14.239999771118164,14.289999961853027,12.189665794372559,525600,0.0,0.0,VST
2016-12-23 00:00:00-05:00,14.25,14.399999618530273,14.220000267028809,14.385000228881836,12.270703315734863,35100,0.0,0.0,VST
2016-12-27 00:00:00-05:00,14.449999809265137,15.029999732971191,14.449999809265137,15.0,12.795309066772461,149200,0.0,0.0,VST
2016-12-28 00:00:00-05:00,15.010000228881836,15.25,14.949999809265137,15.0,12.795309066772461,121400,0.0,0.0,VST
2016-12-29 00:00:00-05:00,15.0,15.600000381469727,15.0,15.5,13.221820831298828,414800,0.0,0.0,VST
2016-12-30 00:00:00-05:00,15.5,15.800000190734863,15.460000038146973,15.5,13.221820831298828,72200,0.0,0.0,VST
2017-01-03 00:00:00-05:00,15.5,15.5,15.149999618530273,15.359999656677246,13.102397918701172,3188000,0.0,0.0,VST
2017-01-04 00:00:00-05:00,15.359999656677246,16.100000381469727,15.359999656677246,16.100000381469727,13.733636856079102,869100,0.0,0.0,VST
2017-01-05 00:00:00-05:00,16.139999389648438,16.399999618530273,16.0,16.190000534057617,13.810409545898438,743200,0.0,0.0,VST
2017-01-06 00:00:00-05:00,16.190000534057617,16.280000686645508,16.1200008392334,16.200000762939453,13.818939208984375,1096100,0.0,0.0,VST
2017-01-09 00:00:00-05:00,16.19499969482422,16.299999237060547,15.899999618530273,15.899999618530273,13.563029289245605,655300,0.0,0.0,VST
2017-01-10 00:00:00-05:00,15.90999984741211,15.949999809265137,15.84000015258789,15.850000381469727,13.520381927490234,169400,0.0,0.0,VST
2017-01-11 00:00:00-05:00,15.850000381469727,16.25,15.579999923706055,15.670000076293945,13.366837501525879,660000,0.0,0.0,VST
2017-01-12 00:00:00-05:00,15.739999771118164,16.0,15.6899995803833,16.0,13.648332595825195,278700,0.0,0.0,VST
2017-01-13 00:00:00-05:00,16.040000915527344,16.649999618530273,16.040000915527344,16.450000762939453,14.03219223022461,191300,0.0,0.0,VST
2017-01-17 00:00:00-05:00,16.579999923706055,16.889999389648438,16.399999618530273,16.850000381469727,14.37340259552002,903100,0.0,0.0,VST
2017-01-18 00:00:00-05:00,16.850000381469727,17.100000381469727,16.770000457763672,17.049999237060547,14.544005393981934,1593400,0.0,0.0,VST
2017-01-19 00:00:00-05:00,17.0,17.0,16.729999542236328,16.8799991607666,14.398993492126465,925000,0.0,0.0,VST
2017-01-20 00:00:00-05:00,16.889999389648438,17.020000457763672,16.889999389648438,16.940000534057617,14.450176239013672,1252300,0.0,0.0,VST
2017-01-23 00:00:00-05:00,16.950000762939453,17.049999237060547,16.770000457763672,16.950000762939453,14.45870590209961,1843200,0.0,0.0,VST
2017-01-24 00:00:00-05:00,16.952999114990234,16.979999542236328,16.700000762939453,16.799999237060547,14.330748558044434,659400,0.0,0.0,VST
2017-01-25 00:00:00-05:00,16.770000457763672,16.889999389648438,16.5,16.75,14.288097381591797,510500,0.0,0.0,VST
2017-01-26 00:00:00-05:00,16.799999237060547,16.950000762939453,16.795000076293945,16.850000381469727,14.37340259552002,618200,0.0,0.0,VST
2017-01-27 00:00:00-05:00,16.899999618530273,16.899999618530273,16.670000076293945,16.729999542236328,14.271039962768555,479500,0.0,0.0,VST
2017-01-30 00:00:00-05:00,16.84000015258789,16.84000015258789,16.299999237060547,16.299999237060547,13.904237747192383,87900,0.0,0.0,VST
2017-01-31 00:00:00-05:00,16.399999618530273,16.5,16.049999237060547,16.209999084472656,13.827465057373047,266400,0.0,0.0,VST
2017-02-01 00:00:00-05:00,16.399999618530273,16.40999984741211,16.290000915527344,16.350000381469727,13.94688892364502,751100,0.0,0.0,VST
2017-02-02 00:00:00-05:00,16.389999389648438,16.389999389648438,16.229999542236328,16.290000915527344,13.895710945129395,49900,0.0,0.0,VST
2017-02-03 00:00:00-05:00,16.299999237060547,16.700000762939453,16.200000762939453,16.700000762939453,14.245450019836426,526500,0.0,0.0,VST
2017-02-06 00:00:00-05:00,17.149999618530273,17.809999465942383,17.06999969482422,17.149999618530273,14.62930679321289,521100,0.0,0.0,VST
2017-02-07 00:00:00-05:00,17.299999237060547,17.299999237060547,17.09000015258789,17.1200008392334,14.603717803955078,787700,0.0,0.0,VST
2017-02-08 00:00:00-05:00,17.100000381469727,17.399999618530273,17.06999969482422,17.25,14.714612007141113,727800,0.0,0.0,VST
2017-02-09 00:00:00-05:00,17.25,17.299999237060547,17.170000076293945,17.25,14.714612007141113,120100,0.0,0.0,VST
2017-02-10 00:00:00-05:00,17.299999237060547,17.950000762939453,17.0,17.950000762939453,15.311725616455078,1072200,0.0,0.0,VST
2017-02-13 00:00:00-05:00,17.850000381469727,17.899999618530273,17.5,17.75,15.141118049621582,506200,0.0,0.0,VST
2017-02-14 00:00:00-05:00,17.75,17.770000457763672,17.670000076293945,17.700000762939453,15.098469734191895,543500,0.0,0.0,VST
2017-02-15 00:00:00-05:00,17.719999313354492,17.75,17.649999618530273,17.649999618530273,15.055817604064941,283500,0.0,0.0,VST
2017-02-16 00:00:00-05:00,17.700000762939453,17.700000762939453,17.399999618530273,17.399999618530273,14.842557907104492,267100,0.0,0.0,VST
2017-02-17 00:00:00-05:00,17.399999618530273,17.399999618530273,17.149999618530273,17.350000381469727,14.799911499023438,180000,0.0,0.0,VST
2017-02-21 00:00:00-05:00,17.350000381469727,17.350000381469727,17.100000381469727,17.1299991607666,14.612244606018066,1330900,0.0,0.0,VST
2017-02-22 00:00:00-05:00,17.149999618530273,17.25,16.600000381469727,16.78499984741211,14.31795597076416,626800,0.0,0.0,VST
2017-02-23 00:00:00-05:00,16.729999542236328,16.739999771118164,16.100000381469727,16.299999237060547,13.904237747192383,906900,0.0,0.0,VST
2017-02-24 00:00:00-05:00,16.290000915527344,16.6200008392334,16.18000030517578,16.6200008392334,14.177209854125977,555100,0.0,0.0,VST
2017-02-27 00:00:00-05:00,16.59000015258789,16.600000381469727,16.049999237060547,16.170000076293945,13.79334545135498,1063000,0.0,0.0,VST
2017-02-28 00:00:00-05:00,16.239999771118164,16.239999771118164,16.1200008392334,16.15999984741211,13.784815788269043,82700,0.0,0.0,VST
2017-03-01 00:00:00-05:00,16.15999984741211,16.600000381469727,16.15999984741211,16.299999237060547,13.904237747192383,151000,0.0,0.0,VST
2017-03-02 00:00:00-05:00,16.350000381469727,16.559999465942383,16.200000762939453,16.200000762939453,13.818939208984375,201600,0.0,0.0,VST
2017-03-03 00:00:00-05:00,16.18000030517578,16.299999237060547,16.18000030517578,16.260000228881836,13.870121955871582,550900,0.0,0.0,VST
2017-03-06 00:00:00-05:00,16.299999237060547,16.299999237060547,16.0,16.170000076293945,13.79334545135498,1063000,0.0,0.0,VST
2017-03-07 00:00:00-05:00,16.170000076293945,16.239999771118164,16.059999465942383,16.100000381469727,13.733636856079102,90800,0.0,0.0,VST
2017-03-08 00:00:00-05:00,16.100000381469727,16.100000381469727,15.800000190734863,15.850000381469727,13.520381927490234,481700,0.0,0.0,VST
2017-03-09 00:00:00-05:00,15.8100004196167,15.8100004196167,15.34000015258789,15.40999984741211,13.145051956176758,542700,0.0,0.0,VST
2017-03-10 00:00:00-05:00,15.350000381469727,15.800000190734863,15.350000381469727,15.6899995803833,13.38389778137207,830900,0.0,0.0,VST
2017-03-13 00:00:00-04:00,15.75,16.399999618530273,15.75,16.219999313354492,13.8359956741333,300600,0.0,0.0,VST
2017-03-14 00:00:00-04:00,16.200000762939453,16.219999313354492,16.049999237060547,16.170000076293945,13.79334545135498,331300,0.0,0.0,VST
2017-03-15 00:00:00-04:00,16.21500015258789,16.25,16.049999237060547,16.139999389648438,13.767757415771484,490300,0.0,0.0,VST
2017-03-16 00:00:00-04:00,16.149999618530273,16.25,16.149999618530273,16.149999618530273,13.776286125183105,248000,0.0,0.0,VST
2017-03-17 00:00:00-04:00,16.170000076293945,16.200000762939453,16.0,16.079999923706055,13.716574668884277,1420300,0.0,0.0,VST
2017-03-20 00:00:00-04:00,16.09000015258789,16.219999313354492,16.079999923706055,16.200000762939453,13.818939208984375,167100,0.0,0.0,VST
2017-03-21 00:00:00-04:00,16.239999771118164,16.239999771118164,15.949999809265137,16.0,13.648332595825195,891800,0.0,0.0,VST
2017-03-22 00:00:00-04:00,16.0,16.0,15.800000190734863,15.850000381469727,13.520381927490234,506800,0.0,0.0,VST
2017-03-23 00:00:00-04:00,15.970000267028809,16.0,15.729999542236328,15.729999542236328,13.418018341064453,514100,0.0,0.0,VST
2017-03-24 00:00:00-04:00,15.75,16.0,15.734999656677246,15.800000190734863,13.477730751037598,548800,0.0,0.0,VST
2017-03-27 00:00:00-04:00,15.779999732971191,15.869999885559082,15.770000457763672,15.850000381469727,13.520381927490234,859600,0.0,0.0,VST
2017-03-28 00:00:00-04:00,15.84000015258789,15.960000038146973,15.84000015258789,15.899999618530273,13.563029289245605,2530900,0.0,0.0,VST
2017-03-29 00:00:00-04:00,15.90999984741211,16.260000228881836,15.90999984741211,16.25,13.861589431762695,2384200,0.0,0.0,VST
2017-03-30 00:00:00-04:00,16.549999237060547,16.600000381469727,15.989999771118164,16.280000686645508,13.887179374694824,3010900,0.0,0.0,VST
2017-03-31 00:00:00-04:00,16.280000686645508,16.479999542236328,16.0,16.299999237060547,13.904237747192383,1458000,0.0,0.0,VST
2017-04-03 00:00:00-04:00,16.489999771118164,16.5,16.0,16.350000381469727,13.94688892364502,720000,0.0,0.0,VST
2017-04-04 00:00:00-04:00,16.309999465942383,16.489999771118164,16.309999465942383,16.489999771118164,14.066314697265625,924200,0.0,0.0,VST
2017-04-05 00:00:00-04:00,16.459999084472656,16.530000686645508,16.420000076293945,16.479999542236328,14.057785034179688,120500,0.0,0.0,VST
2017-04-06 00:00:00-04:00,16.5,16.5,16.3799991607666,16.40999984741211,13.998072624206543,66000,0.0,0.0,VST
2017-04-07 00:00:00-04:00,16.399999618530273,16.459999084472656,16.06999969482422,16.25,13.861589431762695,135000,0.0,0.0,VST
2017-04-10 00:00:00-04:00,16.290000915527344,16.299999237060547,16.229999542236328,16.25,13.861589431762695,154400,0.0,0.0,VST
2017-04-11 00:00:00-04:00,16.239999771118164,16.25,16.070999145507812,16.149999618530273,13.776286125183105,78100,0.0,0.0,VST
2017-04-12 00:00:00-04:00,16.1200008392334,16.1200008392334,15.979999542236328,16.0,13.648332595825195,221300,0.0,0.0,VST
2017-04-13 00:00:00-04:00,16.0,16.209999084472656,16.0,16.170000076293945,13.79334545135498,367800,0.0,0.0,VST
2017-04-17 00:00:00-04:00,16.184999465942383,16.219999313354492,15.899999618530273,15.979999542236328,13.631274223327637,1134100,0.0,0.0,VST
2017-04-18 00:00:00-04:00,15.979999542236328,16.030000686645508,15.880000114440918,16.0,13.648332595825195,582200,0.0,0.0,VST
2017-04-19 00:00:00-04:00,16.0,16.010000228881836,15.699999809265137,15.800000190734863,13.477730751037598,752600,0.0,0.0,VST
2017-04-20 00:00:00-04:00,15.800000190734863,15.859999656677246,15.550000190734863,15.550000190734863,13.26447582244873,402100,0.0,0.0,VST
2017-04-21 00:00:00-04:00,15.550000190734863,15.550000190734863,14.970000267028809,15.199999809265137,12.96591854095459,1135000,0.0,0.0,VST
2017-04-24 00:00:00-04:00,15.190999984741211,15.600000381469727,15.15999984741211,15.479999542236328,13.204764366149902,344200,0.0,0.0,VST
2017-04-25 00:00:00-04:00,15.529999732971191,15.550000190734863,15.350000381469727,15.449999809265137,13.179171562194824,614400,0.0,0.0,VST
2017-04-26 00:00:00-04:00,15.425000190734863,15.649999618530273,15.399999618530273,15.630000114440918,13.33271312713623,640600,0.0,0.0,VST
2017-04-27 00:00:00-04:00,15.630000114440918,15.649999618530273,15.199999809265137,15.220000267028809,12.982977867126465,536500,0.0,0.0,VST
2017-04-28 00:00:00-04:00,15.317999839782715,15.329999923706055,14.949999809265137,14.949999809265137,12.75266170501709,629000,0.0,0.0,VST
2017-05-01 00:00:00-04:00,15.0,15.050000190734863,14.930000305175781,14.979999542236328,12.778253555297852,530300,0.0,0.0,VST
2017-05-02 00:00:00-04:00,15.0,15.020000457763672,14.5,14.59000015258789,12.445574760437012,735100,0.0,0.0,VST
2017-05-03 00:00:00-04:00,14.59000015258789,14.9350004196167,14.59000015258789,14.6899995803833,12.530875205993652,770400,0.0,0.0,VST
2017-05-04 00:00:00-04:00,14.71500015258789,14.800000190734863,14.609999656677246,14.619999885559082,12.471163749694824,692200,0.0,0.0,VST
2017-05-05 00:00:00-04:00,14.710000038146973,15.239999771118164,14.710000038146973,15.029999732971191,12.820902824401855,1424300,0.0,0.0,VST
2017-05-08 00:00:00-04:00,15.029999732971191,15.050000190734863,14.970000267028809,15.0,12.795309066772461,2124100,0.0,0.0,VST
2017-05-09 00:00:00-04:00,15.0,15.020000457763672,14.970000267028809,15.010000228881836,12.803844451904297,2346700,0.0,0.0,VST
2017-05-10 00:00:00-04:00,15.149999618530273,15.300000190734863,14.979999542236328,15.149999618530273,12.923264503479004,2299800,0.0,0.0,VST
2017-05-11 00:00:00-04:00,15.100000381469727,15.350000381469727,15.0,15.319999694824219,13.068279266357422,3080400,0.0,0.0,VST
2017-05-12 00:00:00-04:00,15.350000381469727,15.829999923706055,15.329999923706055,15.579999923706055,13.290061950683594,972700,0.0,0.0,VST
2017-05-15 00:00:00-04:00,15.539999961853027,15.770000457763672,15.5,15.729999542236328,13.418018341064453,692600,0.0,0.0,VST
2017-05-16 00:00:00-04:00,15.770000457763672,16.0,15.390000343322754,15.420000076293945,13.15357780456543,1235800,0.0,0.0,VST
2017-05-17 00:00:00-04:00,15.470000267028809,15.670000076293945,15.029999732971191,15.09000015258789,12.872085571289062,1080900,0.0,0.0,VST
2017-05-18 00:00:00-04:00,15.149999618530273,15.149999618530273,14.6899995803833,14.800000190734863,12.624711990356445,1413600,0.0,0.0,VST
2017-05-19 00:00:00-04:00,15.25,15.300000190734863,14.5,15.039999961853027,12.829434394836426,5709800,0.0,0.0,VST
2017-05-22 00:00:00-04:00,15.0,15.140000343322754,14.880000114440918,14.960000038146973,12.761191368103027,1442200,0.0,0.0,VST
2017-05-23 00:00:00-04:00,14.949999809265137,15.005000114440918,14.850000381469727,15.0,12.795309066772461,1370200,0.0,0.0,VST
2017-05-24 00:00:00-04:00,14.960000038146973,15.09000015258789,14.8100004196167,15.0,12.795309066772461,1953300,0.0,0.0,VST
2017-05-25 00:00:00-04:00,14.970000267028809,15.029999732971191,14.805000305175781,14.850000381469727,12.667356491088867,2504400,0.0,0.0,VST
2017-05-26 00:00:00-04:00,14.890000343322754,15.050000190734863,14.779999732971191,14.989999771118164,12.786783218383789,2107000,0.0,0.0,VST
2017-05-30 00:00:00-04:00,14.949999809265137,14.989999771118164,14.760000228881836,14.920000076293945,12.727070808410645,1328500,0.0,0.0,VST
2017-05-31 00:00:00-04:00,14.859999656677246,14.949999809265137,14.699999809265137,14.770000457763672,12.599117279052734,1114300,0.0,0.0,VST
2017-06-01 00:00:00-04:00,14.75,14.954999923706055,14.75,14.90999984741211,12.718541145324707,1227000,0.0,0.0,VST
2017-06-02 00:00:00-04:00,14.949999809265137,15.020000457763672,14.8100004196167,14.989999771118164,12.786783218383789,2294200,0.0,0.0,VST
2017-06-05 00:00:00-04:00,15.1899995803833,15.520000457763672,15.100000381469727,15.260000228881836,13.017095565795898,4910400,0.0,0.0,VST
2017-06-06 00:00:00-04:00,15.170000076293945,15.569999694824219,15.069999694824219,15.520000457763672,13.238883972167969,3637900,0.0,0.0,VST
2017-06-07 00:00:00-04:00,15.5,15.789999961853027,15.350000381469727,15.680000305175781,13.375368118286133,4022700,0.0,0.0,VST
2017-06-08 00:00:00-04:00,15.600000381469727,15.850000381469727,15.5600004196167,15.720000267028809,13.409486770629883,1957000,0.0,0.0,VST
2017-06-09 00:00:00-04:00,15.789999961853027,15.979999542236328,15.670000076293945,15.800000190734863,13.477730751037598,1820300,0.0,0.0,VST
2017-06-12 00:00:00-04:00,15.699999809265137,16.100000381469727,15.600000381469727,16.0,13.648332595825195,2991700,0.0,0.0,VST
2017-06-13 00:00:00-04:00,15.989999771118164,16.479999542236328,15.989999771118164,16.350000381469727,13.94688892364502,3229900,0.0,0.0,VST
2017-06-14 00:00:00-04:00,16.299999237060547,16.799999237060547,16.299999237060547,16.790000915527344,14.322220802307129,5430800,0.0,0.0,VST
2017-06-15 00:00:00-04:00,16.68000030517578,16.84000015258789,16.510000228881836,16.600000381469727,14.160148620605469,2330000,0.0,0.0,VST
2017-06-16 00:00:00-04:00,16.600000381469727,16.8799991607666,16.399999618530273,16.700000762939453,14.245450019836426,22643500,0.0,0.0,VST
2017-06-19 00:00:00-04:00,16.639999389648438,16.790000915527344,16.6299991607666,16.700000762939453,14.245450019836426,2528300,0.0,0.0,VST
2017-06-20 00:00:00-04:00,16.65999984741211,16.780000686645508,16.614999771118164,16.719999313354492,14.2625093460083,4076800,0.0,0.0,VST
2017-06-21 00:00:00-04:00,16.719999313354492,16.739999771118164,16.604999542236328,16.700000762939453,14.245450019836426,2813800,0.0,0.0,VST
2017-06-22 00:00:00-04:00,16.75,16.75,16.479999542236328,16.649999618530273,14.202796936035156,4504500,0.0,0.0,VST
2017-06-23 00:00:00-04:00,16.739999771118164,16.90999984741211,16.600000381469727,16.75,14.288097381591797,20845100,0.0,0.0,VST
2017-06-26 00:00:00-04:00,16.75,16.860000610351562,16.6200008392334,16.700000762939453,14.245450019836426,2591600,0.0,0.0,VST
2017-06-27 00:00:00-04:00,16.700000762939453,16.850000381469727,16.665000915527344,16.700000762939453,14.245450019836426,2854200,0.0,0.0,VST
2017-06-28 00:00:00-04:00,16.75,16.899999618530273,16.6299991607666,16.860000610351562,14.381930351257324,2770800,0.0,0.0,VST
2017-06-29 00:00:00-04:00,16.850000381469727,16.8799991607666,16.690000534057617,16.700000762939453,14.245450019836426,3179800,0.0,0.0,VST
2017-06-30 00:00:00-04:00,16.690000534057617,16.81999969482422,16.610000610351562,16.790000915527344,14.322220802307129,1450000,0.0,0.0,VST
2017-07-03 00:00:00-04:00,16.860000610351562,17.040000915527344,16.790000915527344,17.010000228881836,14.509881019592285,880700,0.0,0.0,VST
2017-07-05 00:00:00-04:00,17.0,17.0,16.649999618530273,16.739999771118164,14.279569625854492,1571800,0.0,0.0,VST
2017-07-06 00:00:00-04:00,16.81999969482422,16.84000015258789,16.389999389648438,16.469999313354492,14.04925537109375,1432000,0.0,0.0,VST
2017-07-07 00:00:00-04:00,16.639999389648438,16.65999984741211,16.329999923706055,16.440000534057617,14.023660659790039,1720600,0.0,0.0,VST
2017-07-10 00:00:00-04:00,16.40999984741211,16.510000228881836,16.309999465942383,16.420000076293945,14.00660228729248,1290000,0.0,0.0,VST
2017-07-11 00:00:00-04:00,16.3700008392334,16.489999771118164,16.15999984741211,16.440000534057617,14.023660659790039,1709400,0.0,0.0,VST
2017-07-12 00:00:00-04:00,16.459999084472656,16.579999923706055,16.149999618530273,16.270000457763672,13.878649711608887,2418600,0.0,0.0,VST
2017-07-13 00:00:00-04:00,16.309999465942383,16.309999465942383,15.789999961853027,15.880000114440918,13.545970916748047,1888500,0.0,0.0,VST
2017-07-14 00:00:00-04:00,15.895000457763672,16.06999969482422,15.824999809265137,16.020000457763672,13.66539478302002,1298400,0.0,0.0,VST
2017-07-17 00:00:00-04:00,16.0,16.084999084472656,15.859999656677246,15.960000038146973,13.614214897155762,1130000,0.0,0.0,VST
2017-07-18 00:00:00-04:00,16.020000457763672,16.149999618530273,15.949999809265137,16.030000686645508,13.67392635345459,1715700,0.0,0.0,VST
2017-07-19 00:00:00-04:00,15.960000038146973,16.149999618530273,15.890000343322754,15.960000038146973,13.614214897155762,836000,0.0,0.0,VST
2017-07-20 00:00:00-04:00,16.049999237060547,16.260000228881836,15.90999984741211,16.200000762939453,13.818939208984375,1209100,0.0,0.0,VST
2017-07-21 00:00:00-04:00,16.280000686645508,16.420000076293945,16.25,16.389999389648438,13.981011390686035,1038700,0.0,0.0,VST
2017-07-24 00:00:00-04:00,16.31999969482422,16.75,16.200000762939453,16.600000381469727,14.160148620605469,1410700,0.0,0.0,VST
2017-07-25 00:00:00-04:00,16.600000381469727,16.770000457763672,16.280000686645508,16.610000610351562,14.168675422668457,1975200,0.0,0.0,VST
2017-07-26 00:00:00-04:00,16.610000610351562,16.68000030517578,16.389999389648438,16.510000228881836,14.083374977111816,1002400,0.0,0.0,VST
2017-07-27 00:00:00-04:00,16.43000030517578,16.545000076293945,16.3700008392334,16.520000457763672,14.091909408569336,598300,0.0,0.0,VST
2017-07-28 00:00:00-04:00,16.479999542236328,16.540000915527344,16.3700008392334,16.43000030517578,14.015132904052734,523800,0.0,0.0,VST
2017-07-31 00:00:00-04:00,16.399999618530273,16.490999221801758,16.360000610351562,16.43000030517578,14.015132904052734,484600,0.0,0.0,VST
2017-08-01 00:00:00-04:00,16.3799991607666,16.610000610351562,16.329999923706055,16.610000610351562,14.168675422668457,920900,0.0,0.0,VST
2017-08-02 00:00:00-04:00,16.489999771118164,16.600000381469727,16.280000686645508,16.520000457763672,14.091909408569336,1092000,0.0,0.0,VST
2017-08-03 00:00:00-04:00,16.600000381469727,16.649999618530273,16.084999084472656,16.18000030517578,13.801876068115234,1056600,0.0,0.0,VST
2017-08-04 00:00:00-04:00,16.18000030517578,16.690000534057617,15.920000076293945,16.65999984741211,14.21132755279541,1611000,0.0,0.0,VST
2017-08-07 00:00:00-04:00,16.690000534057617,17.09000015258789,16.690000534057617,17.020000457763672,14.518418312072754,744200,0.0,0.0,VST
2017-08-08 00:00:00-04:00,16.950000762939453,17.219999313354492,16.850000381469727,17.190000534057617,14.66342544555664,1043500,0.0,0.0,VST
2017-08-09 00:00:00-04:00,17.110000610351562,17.239999771118164,16.989999771118164,17.06999969482422,14.561065673828125,1450100,0.0,0.0,VST
2017-08-10 00:00:00-04:00,17.020000457763672,17.170000076293945,16.950000762939453,17.0,14.50135326385498,1501500,0.0,0.0,VST
2017-08-11 00:00:00-04:00,16.90999984741211,17.329999923706055,16.8799991607666,17.209999084472656,14.680488586425781,1166500,0.0,0.0,VST
2017-08-14 00:00:00-04:00,17.209999084472656,17.5,17.06999969482422,17.3799991607666,14.825498580932617,1239900,0.0,0.0,VST
2017-08-15 00:00:00-04:00,17.3799991607666,17.549999237060547,17.31999969482422,17.510000228881836,14.936392784118652,1405700,0.0,0.0,VST
2017-08-16 00:00:00-04:00,17.450000762939453,17.700000762939453,17.40999984741211,17.65999984741211,15.064349174499512,1334300,0.0,0.0,VST
2017-08-17 00:00:00-04:00,17.81999969482422,17.850000381469727,17.100000381469727,17.1200008392334,14.603717803955078,1558200,0.0,0.0,VST
2017-08-18 00:00:00-04:00,17.18000030517578,17.625,17.09000015258789,17.540000915527344,14.961984634399414,1571900,0.0,0.0,VST
2017-08-21 00:00:00-04:00,17.5,17.770000457763672,17.420000076293945,17.65999984741211,15.064349174499512,1076100,0.0,0.0,VST
2017-08-22 00:00:00-04:00,17.65999984741211,17.770000457763672,17.540000915527344,17.68000030517578,15.08140754699707,947000,0.0,0.0,VST
2017-08-23 00:00:00-04:00,17.639999389648438,17.790000915527344,17.639999389648438,17.719999313354492,15.115530967712402,825800,0.0,0.0,VST
2017-08-24 00:00:00-04:00,17.700000762939453,17.760000228881836,17.635000228881836,17.649999618530273,15.055817604064941,858800,0.0,0.0,VST
2017-08-25 00:00:00-04:00,17.75,17.790000915527344,17.639999389648438,17.75,15.141118049621582,729900,0.0,0.0,VST
2017-08-28 00:00:00-04:00,17.799999237060547,17.799999237060547,17.709999084472656,17.760000228881836,15.149649620056152,955200,0.0,0.0,VST
2017-08-29 00:00:00-04:00,17.59000015258789,17.799999237060547,17.59000015258789,17.709999084472656,15.106993675231934,689800,0.0,0.0,VST
2017-08-30 00:00:00-04:00,17.690000534057617,17.739999771118164,17.299999237060547,17.360000610351562,14.808444023132324,858700,0.0,0.0,VST
2017-08-31 00:00:00-04:00,17.350000381469727,17.709999084472656,17.30500030517578,17.700000762939453,15.098469734191895,792100,0.0,0.0,VST
2017-09-01 00:00:00-04:00,17.68000030517578,18.079999923706055,17.68000030517578,17.84000015258789,15.21789264678955,2499100,0.0,0.0,VST
2017-09-05 00:00:00-04:00,17.950000762939453,17.950000762939453,17.579999923706055,17.75,15.141118049621582,1172700,0.0,0.0,VST
2017-09-06 00:00:00-04:00,17.739999771118164,17.854999542236328,17.68000030517578,17.770000457763672,15.158181190490723,758900,0.0,0.0,VST
2017-09-07 00:00:00-04:00,17.68000030517578,17.920000076293945,17.68000030517578,17.8700008392334,15.243480682373047,912600,0.0,0.0,VST
2017-09-08 00:00:00-04:00,17.860000610351562,17.93000030517578,17.15999984741211,17.649999618530273,15.055817604064941,1159600,0.0,0.0,VST
2017-09-11 00:00:00-04:00,17.719999313354492,17.8700008392334,17.59000015258789,17.719999313354492,15.115530967712402,652300,0.0,0.0,VST
2017-09-12 00:00:00-04:00,17.68000030517578,17.770000457763672,17.56999969482422,17.700000762939453,15.098469734191895,594100,0.0,0.0,VST
2017-09-13 00:00:00-04:00,17.780000686645508,17.90999984741211,17.639999389648438,17.709999084472656,15.106993675231934,1663900,0.0,0.0,VST
2017-09-14 00:00:00-04:00,17.670000076293945,17.989999771118164,17.540000915527344,17.799999237060547,15.183768272399902,1010300,0.0,0.0,VST
2017-09-15 00:00:00-04:00,17.850000381469727,17.950000762939453,17.65999984741211,17.780000686645508,15.166709899902344,1880200,0.0,0.0,VST
2017-09-18 00:00:00-04:00,17.809999465942383,18.0,17.690000534057617,17.989999771118164,15.345847129821777,2046300,0.0,0.0,VST
2017-09-19 00:00:00-04:00,17.959999084472656,18.049999237060547,17.84000015258789,17.8799991607666,15.252006530761719,1584900,0.0,0.0,VST
2017-09-20 00:00:00-04:00,18.049999237060547,18.309999465942383,17.969999313354492,18.219999313354492,15.542037963867188,1534000,0.0,0.0,VST
2017-09-21 00:00:00-04:00,18.170000076293945,18.216999053955078,18.020000457763672,18.15999984741211,15.490857124328613,581200,0.0,0.0,VST
2017-09-22 00:00:00-04:00,18.18000030517578,18.274999618530273,18.1299991607666,18.149999618530273,15.482324600219727,884600,0.0,0.0,VST
2017-09-25 00:00:00-04:00,18.260000228881836,18.274999618530273,18.110000610351562,18.15999984741211,15.490857124328613,848800,0.0,0.0,VST
2017-09-26 00:00:00-04:00,18.239999771118164,18.559999465942383,18.1299991607666,18.459999084472656,15.746764183044434,1247500,0.0,0.0,VST
2017-09-27 00:00:00-04:00,18.489999771118164,18.850000381469727,18.420000076293945,18.700000762939453,15.95148754119873,1481700,0.0,0.0,VST
2017-09-28 00:00:00-04:00,18.700000762939453,18.959999084472656,18.604999542236328,18.649999618530273,15.908836364746094,1769100,0.0,0.0,VST
2017-09-29 00:00:00-04:00,18.65999984741211,18.899999618530273,18.579999923706055,18.690000534057617,15.942961692810059,1895300,0.0,0.0,VST
2017-10-02 00:00:00-04:00,18.700000762939453,18.940000534057617,18.639999389648438,18.899999618530273,16.12209701538086,1875100,0.0,0.0,VST
2017-10-03 00:00:00-04:00,19.200000762939453,19.25,18.700000762939453,18.899999618530273,16.12209701538086,3313000,0.0,0.0,VST
2017-10-04 00:00:00-04:00,18.90999984741211,19.09000015258789,18.860000610351562,18.93000030517578,16.147682189941406,6352000,0.0,0.0,VST
2017-10-05 00:00:00-04:00,18.969999313354492,19.329999923706055,18.93000030517578,19.1200008392334,16.30975914001465,4771000,0.0,0.0,VST
2017-10-06 00:00:00-04:00,19.290000915527344,19.290000915527344,18.649999618530273,18.790000915527344,16.02826690673828,3453900,0.0,0.0,VST
2017-10-09 00:00:00-04:00,18.8700008392334,18.950000762939453,18.690000534057617,18.93000030517578,16.147682189941406,1734300,0.0,0.0,VST
2017-10-10 00:00:00-04:00,18.950000762939453,19.09000015258789,18.709999084472656,18.809999465942383,16.045316696166992,2102500,0.0,0.0,VST
2017-10-11 00:00:00-04:00,18.729999542236328,19.010000228881836,18.719999313354492,19.010000228881836,16.215925216674805,1955100,0.0,0.0,VST
2017-10-12 00:00:00-04:00,19.079999923706055,19.149999618530273,18.829999923706055,19.079999923706055,16.275634765625,2087600,0.0,0.0,VST
2017-10-13 00:00:00-04:00,19.149999618530273,19.15999984741211,18.829999923706055,19.0,16.207399368286133,1540800,0.0,0.0,VST
2017-10-16 00:00:00-04:00,19.06999969482422,19.104999542236328,18.93000030517578,18.989999771118164,16.198867797851562,2834800,0.0,0.0,VST
2017-10-17 00:00:00-04:00,19.030000686645508,19.100000381469727,18.850000381469727,19.010000228881836,16.215925216674805,1915800,0.0,0.0,VST
2017-10-18 00:00:00-04:00,19.0,19.15999984741211,18.649999618530273,18.700000762939453,15.95148754119873,1511600,0.0,0.0,VST
2017-10-19 00:00:00-04:00,18.600000381469727,18.84000015258789,18.440000534057617,18.829999923706055,16.0623836517334,1302100,0.0,0.0,VST
2017-10-20 00:00:00-04:00,18.979999542236328,19.049999237060547,18.8799991607666,19.030000686645508,16.232986450195312,1608200,0.0,0.0,VST
2017-10-23 00:00:00-04:00,19.020000457763672,19.579999923706055,19.020000457763672,19.479999542236328,16.61684226989746,1782700,0.0,0.0,VST
2017-10-24 00:00:00-04:00,19.670000076293945,19.75,19.559999465942383,19.579999923706055,16.702146530151367,1925600,0.0,0.0,VST
2017-10-25 00:00:00-04:00,19.649999618530273,20.440000534057617,19.440000534057617,20.31999969482422,17.33338165283203,6720100,0.0,0.0,VST
2017-10-26 00:00:00-04:00,20.31999969482422,21.200000762939453,20.170000076293945,20.489999771118164,17.4783935546875,4931000,0.0,0.0,VST
2017-10-27 00:00:00-04:00,20.469999313354492,20.65999984741211,20.170000076293945,20.299999237060547,17.31632423400879,3175400,0.0,0.0,VST
2017-10-30 00:00:00-04:00,20.0,20.010000228881836,18.3700008392334,18.56999969482422,15.84058952331543,26446200,0.0,0.0,VST
2017-10-31 00:00:00-04:00,18.719999313354492,19.56999969482422,18.610000610351562,19.440000534057617,16.582721710205078,11236700,0.0,0.0,VST
2017-11-01 00:00:00-04:00,19.56999969482422,19.649999618530273,19.059999465942383,19.209999084472656,16.386531829833984,5730600,0.0,0.0,VST
2017-11-02 00:00:00-04:00,19.219999313354492,19.450000762939453,18.55500030517578,19.1200008392334,16.30975914001465,6306100,0.0,0.0,VST
2017-11-03 00:00:00-04:00,19.1200008392334,19.3700008392334,18.959999084472656,19.229999542236328,16.403589248657227,4222700,0.0,0.0,VST
2017-11-06 00:00:00-05:00,19.270000457763672,19.469999313354492,19.139999389648438,19.360000610351562,16.51448631286621,3905200,0.0,0.0,VST
2017-11-07 00:00:00-05:00,19.3799991607666,19.479999542236328,18.940000534057617,18.950000762939453,16.164749145507812,4194900,0.0,0.0,VST
2017-11-08 00:00:00-05:00,19.0,19.020000457763672,18.834999084472656,18.8799991607666,16.10502815246582,5564100,0.0,0.0,VST
2017-11-09 00:00:00-05:00,18.809999465942383,18.969999313354492,18.219999313354492,18.299999237060547,15.610280990600586,5514300,0.0,0.0,VST
2017-11-10 00:00:00-05:00,18.260000228881836,18.690000534057617,18.239999771118164,18.610000610351562,15.874715805053711,6009500,0.0,0.0,VST
2017-11-13 00:00:00-05:00,18.6299991607666,19.010000228881836,18.450000762939453,18.950000762939453,16.164749145507812,3810700,0.0,0.0,VST
2017-11-14 00:00:00-05:00,18.979999542236328,19.399999618530273,18.969999313354492,19.18000030517578,16.36094093322754,7720500,0.0,0.0,VST
2017-11-15 00:00:00-05:00,19.149999618530273,19.309999465942383,18.81999969482422,19.149999618530273,16.33534812927246,5911600,0.0,0.0,VST
2017-11-16 00:00:00-05:00,19.219999313354492,19.260000228881836,18.899999618530273,18.979999542236328,16.19033432006836,6226300,0.0,0.0,VST
2017-11-17 00:00:00-05:00,19.040000915527344,19.239999771118164,18.889999389648438,19.149999618530273,16.33534812927246,6946200,0.0,0.0,VST
2017-11-20 00:00:00-05:00,19.149999618530273,19.170000076293945,18.850000381469727,18.93000030517578,16.147682189941406,3103300,0.0,0.0,VST
2017-11-21 00:00:00-05:00,18.989999771118164,19.0049991607666,18.729999542236328,18.899999618530273,16.12209701538086,4769900,0.0,0.0,VST
2017-11-22 00:00:00-05:00,18.969999313354492,19.454999923706055,18.969999313354492,19.440000534057617,16.582721710205078,3314800,0.0,0.0,VST
2017-11-24 00:00:00-05:00,19.420000076293945,19.489999771118164,19.200000762939453,19.280000686645508,16.446243286132812,1959900,0.0,0.0,VST
2017-11-27 00:00:00-05:00,19.31999969482422,19.31999969482422,18.850000381469727,19.020000457763672,16.224451065063477,5567000,0.0,0.0,VST
2017-11-28 00:00:00-05:00,19.079999923706055,19.25,19.03499984741211,19.229999542236328,16.403589248657227,5034400,0.0,0.0,VST
2017-11-29 00:00:00-05:00,19.170000076293945,19.280000686645508,18.84000015258789,19.149999618530273,16.33534812927246,6259500,0.0,0.0,VST
2017-11-30 00:00:00-05:00,19.229999542236328,19.420000076293945,18.809999465942383,18.899999618530273,16.12209701538086,18083700,0.0,0.0,VST
2017-12-01 00:00:00-05:00,18.8700008392334,19.06999969482422,18.540000915527344,18.729999542236328,15.977079391479492,6515400,0.0,0.0,VST
2017-12-04 00:00:00-05:00,18.829999923706055,18.860000610351562,18.40999984741211,18.56999969482422,15.84058952331543,6615100,0.0,0.0,VST
2017-12-05 00:00:00-05:00,18.520000457763672,18.540000915527344,17.579999923706055,17.809999465942383,15.192299842834473,5591800,0.0,0.0,VST
2017-12-06 00:00:00-05:00,17.84000015258789,17.889999389648438,17.350000381469727,17.510000228881836,14.936392784118652,5073200,0.0,0.0,VST
2017-12-07 00:00:00-05:00,17.520000457763672,17.81999969482422,17.354999542236328,17.770000457763672,15.158181190490723,4589200,0.0,0.0,VST
2017-12-08 00:00:00-05:00,17.760000228881836,17.860000610351562,17.530000686645508,17.75,15.141118049621582,2862700,0.0,0.0,VST
2017-12-11 00:00:00-05:00,17.719999313354492,18.149999618530273,17.719999313354492,18.110000610351562,15.448206901550293,5689700,0.0,0.0,VST
2017-12-12 00:00:00-05:00,18.139999389648438,18.350000381469727,17.93000030517578,18.06999969482422,15.414088249206543,4216200,0.0,0.0,VST
2017-12-13 00:00:00-05:00,17.950000762939453,18.010000228881836,17.100000381469727,17.450000762939453,14.885212898254395,6053500,0.0,0.0,VST
2017-12-14 00:00:00-05:00,17.31999969482422,17.510000228881836,17.149999618530273,17.239999771118164,14.706076622009277,4332500,0.0,0.0,VST
2017-12-15 00:00:00-05:00,17.209999084472656,17.469999313354492,17.209999084472656,17.309999465942383,14.765787124633789,5321600,0.0,0.0,VST
2017-12-18 00:00:00-05:00,17.270000457763672,17.829999923706055,17.270000457763672,17.790000915527344,15.17524528503418,3594900,0.0,0.0,VST
2017-12-19 00:00:00-05:00,17.829999923706055,18.18000030517578,17.719999313354492,18.0,15.354379653930664,4859500,0.0,0.0,VST
2017-12-20 00:00:00-05:00,18.110000610351562,18.459999084472656,18.059999465942383,18.15999984741211,15.490857124328613,4206600,0.0,0.0,VST
2017-12-21 00:00:00-05:00,18.200000762939453,18.399999618530273,18.06999969482422,18.15999984741211,15.490857124328613,6193900,0.0,0.0,VST
2017-12-22 00:00:00-05:00,18.100000381469727,18.200000762939453,17.834999084472656,17.979999542236328,15.337312698364258,4314700,0.0,0.0,VST
2017-12-26 00:00:00-05:00,17.979999542236328,18.1200008392334,17.719999313354492,17.739999771118164,15.132590293884277,3764100,0.0,0.0,VST
2017-12-27 00:00:00-05:00,17.770000457763672,18.1299991607666,17.770000457763672,17.850000381469727,15.226423263549805,3263000,0.0,0.0,VST
2017-12-28 00:00:00-05:00,17.84000015258789,18.014999389648438,17.739999771118164,17.90999984741211,15.27760124206543,3391900,0.0,0.0,VST
2017-12-29 00:00:00-05:00,17.899999618530273,18.530000686645508,17.8799991607666,18.31999969482422,15.627335548400879,4558300,0.0,0.0,VST
2018-01-02 00:00:00-05:00,18.260000228881836,18.43000030517578,18.1200008392334,18.420000076293945,15.712642669677734,3790700,0.0,0.0,VST
2018-01-03 00:00:00-05:00,18.479999542236328,18.829999923706055,18.31999969482422,18.469999313354492,15.755292892456055,4049700,0.0,0.0,VST
2018-01-04 00:00:00-05:00,18.450000762939453,18.979999542236328,18.399999618530273,18.489999771118164,15.772356986999512,4480500,0.0,0.0,VST
2018-01-05 00:00:00-05:00,18.559999465942383,18.700000762939453,18.299999237060547,18.68000030517578,15.934426307678223,2765500,0.0,0.0,VST
2018-01-08 00:00:00-05:00,18.68000030517578,18.84000015258789,18.514999389648438,18.700000762939453,15.95148754119873,3789300,0.0,0.0,VST
2018-01-09 00:00:00-05:00,18.6200008392334,18.649999618530273,18.209999084472656,18.459999084472656,15.746764183044434,4521200,0.0,0.0,VST
2018-01-10 00:00:00-05:00,18.389999389648438,18.5049991607666,18.200000762939453,18.350000381469727,15.652934074401855,2610800,0.0,0.0,VST
2018-01-11 00:00:00-05:00,18.469999313354492,18.579999923706055,18.239999771118164,18.540000915527344,15.815013885498047,3591900,0.0,0.0,VST
2018-01-12 00:00:00-05:00,18.549999237060547,18.6200008392334,18.440000534057617,18.56999969482422,15.84058952331543,2015200,0.0,0.0,VST
2018-01-16 00:00:00-05:00,18.6299991607666,18.6299991607666,17.950000762939453,17.979999542236328,15.337312698364258,3053200,0.0,0.0,VST
2018-01-17 00:00:00-05:00,18.100000381469727,18.59000015258789,18.010000228881836,18.440000534057617,15.729702949523926,4217000,0.0,0.0,VST
2018-01-18 00:00:00-05:00,18.579999923706055,18.81999969482422,18.545000076293945,18.790000915527344,16.02826690673828,8061900,0.0,0.0,VST
2018-01-19 00:00:00-05:00,18.809999465942383,19.55500030517578,18.774999618530273,19.489999771118164,16.6253719329834,7149300,0.0,0.0,VST
2018-01-22 00:00:00-05:00,19.530000686645508,19.760000228881836,19.219999313354492,19.239999771118164,16.41211700439453,4690700,0.0,0.0,VST
2018-01-23 00:00:00-05:00,19.219999313354492,19.450000762939453,19.139999389648438,19.229999542236328,16.403589248657227,4096300,0.0,0.0,VST
2018-01-24 00:00:00-05:00,19.270000457763672,19.790000915527344,19.219999313354492,19.479999542236328,16.61684226989746,5249700,0.0,0.0,VST
2018-01-25 00:00:00-05:00,19.559999465942383,19.7549991607666,19.350000381469727,19.719999313354492,16.82156753540039,3372600,0.0,0.0,VST
2018-01-26 00:00:00-05:00,19.770000457763672,19.899999618530273,19.59000015258789,19.790000915527344,16.881282806396484,2234800,0.0,0.0,VST
2018-01-29 00:00:00-05:00,19.700000762939453,19.760000228881836,19.415000915527344,19.559999465942383,16.685089111328125,2450900,0.0,0.0,VST
2018-01-30 00:00:00-05:00,19.469999313354492,19.510000228881836,19.03499984741211,19.15999984741211,16.343873977661133,3917400,0.0,0.0,VST
2018-01-31 00:00:00-05:00,19.170000076293945,19.520000457763672,19.1299991607666,19.5,16.633901596069336,2919600,0.0,0.0,VST
2018-02-01 00:00:00-05:00,19.469999313354492,19.850000381469727,19.43000030517578,19.639999389648438,16.75333023071289,4312700,0.0,0.0,VST
2018-02-02 00:00:00-05:00,19.43000030517578,19.59000015258789,19.049999237060547,19.149999618530273,16.33534812927246,3360600,0.0,0.0,VST
2018-02-05 00:00:00-05:00,18.989999771118164,19.19499969482422,18.360000610351562,18.530000686645508,15.806474685668945,3691400,0.0,0.0,VST
2018-02-06 00:00:00-05:00,18.170000076293945,18.850000381469727,17.799999237060547,18.670000076293945,15.925898551940918,5663500,0.0,0.0,VST
2018-02-07 00:00:00-05:00,18.56999969482422,19.260000228881836,18.520000457763672,18.530000686645508,15.806474685668945,5851800,0.0,0.0,VST
2018-02-08 00:00:00-05:00,18.530000686645508,18.635000228881836,17.440000534057617,17.459999084472656,14.893743515014648,4777900,0.0,0.0,VST
2018-02-09 00:00:00-05:00,17.549999237060547,18.06999969482422,17.309999465942383,17.8799991607666,15.252006530761719,5662600,0.0,0.0,VST
2018-02-12 00:00:00-05:00,17.950000762939453,18.030000686645508,17.40999984741211,17.959999084472656,15.320249557495117,4424100,0.0,0.0,VST
2018-02-13 00:00:00-05:00,17.90999984741211,18.334999084472656,17.84000015258789,18.25,15.567633628845215,2400000,0.0,0.0,VST
2018-02-14 00:00:00-05:00,18.1200008392334,18.399999618530273,18.049999237060547,18.260000228881836,15.576162338256836,1754700,0.0,0.0,VST
2018-02-15 00:00:00-05:00,18.389999389648438,18.719999313354492,18.170000076293945,18.690000534057617,15.942961692810059,1950900,0.0,0.0,VST
2018-02-16 00:00:00-05:00,18.639999389648438,19.010000228881836,18.600000381469727,18.829999923706055,16.0623836517334,1548300,0.0,0.0,VST
2018-02-20 00:00:00-05:00,18.780000686645508,18.9950008392334,18.739999771118164,18.8799991607666,16.10502815246582,2945600,0.0,0.0,VST
2018-02-21 00:00:00-05:00,18.950000762939453,19.040000915527344,18.600000381469727,18.670000076293945,15.925898551940918,2487200,0.0,0.0,VST
2018-02-22 00:00:00-05:00,18.729999542236328,18.989999771118164,18.56999969482422,18.719999313354492,15.968551635742188,3585500,0.0,0.0,VST
2018-02-23 00:00:00-05:00,18.799999237060547,19.049999237060547,18.700000762939453,19.020000457763672,16.224451065063477,4884700,0.0,0.0,VST
2018-02-26 00:00:00-05:00,19.1299991607666,19.229999542236328,18.440000534057617,18.979999542236328,16.19033432006836,3358000,0.0,0.0,VST
2018-02-27 00:00:00-05:00,19.010000228881836,19.299999237060547,18.920000076293945,18.979999542236328,16.19033432006836,4245500,0.0,0.0,VST
2018-02-28 00:00:00-05:00,19.100000381469727,19.145000457763672,18.8799991607666,18.950000762939453,16.164749145507812,3852500,0.0,0.0,VST
2018-03-01 00:00:00-05:00,19.0,19.30500030517578,18.799999237060547,19.100000381469727,16.292699813842773,3240000,0.0,0.0,VST
2018-03-02 00:00:00-05:00,18.969999313354492,19.6200008392334,18.860000610351562,19.59000015258789,16.71068000793457,2934000,0.0,0.0,VST
2018-03-05 00:00:00-05:00,19.579999923706055,20.059999465942383,19.5,19.90999984741211,16.983640670776367,4934500,0.0,0.0,VST
2018-03-06 00:00:00-05:00,20.139999389648438,20.530000686645508,19.80500030517578,20.469999313354492,17.46133804321289,8881700,0.0,0.0,VST
2018-03-07 00:00:00-05:00,20.549999237060547,20.760000228881836,20.219999313354492,20.59000015258789,17.563701629638672,4276900,0.0,0.0,VST
2018-03-08 00:00:00-05:00,20.770000457763672,20.8799991607666,20.540000915527344,20.809999465942383,17.751361846923828,5226200,0.0,0.0,VST
2018-03-09 00:00:00-05:00,20.8700008392334,20.96500015258789,20.600000381469727,20.690000534057617,17.649005889892578,4891300,0.0,0.0,VST
2018-03-12 00:00:00-04:00,20.649999618530273,20.780000686645508,20.3799991607666,20.459999084472656,17.45280647277832,5421700,0.0,0.0,VST
2018-03-13 00:00:00-04:00,20.59000015258789,20.6200008392334,20.149999618530273,20.459999084472656,17.45280647277832,8115400,0.0,0.0,VST
2018-03-14 00:00:00-04:00,20.5,20.6200008392334,20.135000228881836,20.290000915527344,17.30778694152832,5061000,0.0,0.0,VST
2018-03-15 00:00:00-04:00,20.3799991607666,20.739999771118164,20.299999237060547,20.690000534057617,17.649005889892578,5541200,0.0,0.0,VST
2018-03-16 00:00:00-04:00,20.690000534057617,20.75,20.350000381469727,20.43000030517578,17.427215576171875,4212200,0.0,0.0,VST
2018-03-19 00:00:00-04:00,20.3799991607666,20.3799991607666,19.790000915527344,19.93000030517578,17.00070571899414,4342900,0.0,0.0,VST
2018-03-20 00:00:00-04:00,20.0,20.110000610351562,19.684999465942383,19.81999969482422,16.906871795654297,3759900,0.0,0.0,VST
2018-03-21 00:00:00-04:00,19.860000610351562,20.299999237060547,19.790000915527344,20.149999618530273,17.188371658325195,4039700,0.0,0.0,VST
2018-03-22 00:00:00-04:00,19.959999084472656,20.559999465942383,19.920000076293945,20.350000381469727,17.358978271484375,6223200,0.0,0.0,VST
2018-03-23 00:00:00-04:00,20.31999969482422,20.584999084472656,20.100000381469727,20.190000534057617,17.222490310668945,4377800,0.0,0.0,VST
2018-03-26 00:00:00-04:00,20.229999542236328,20.850000381469727,20.145000457763672,20.709999084472656,17.666059494018555,4057000,0.0,0.0,VST
2018-03-27 00:00:00-04:00,20.709999084472656,21.149999618530273,20.594999313354492,20.860000610351562,17.794017791748047,4796000,0.0,0.0,VST
2018-03-28 00:00:00-04:00,21.329999923706055,21.434999465942383,20.809999465942383,21.1299991607666,18.02432632446289,4717600,0.0,0.0,VST
2018-03-29 00:00:00-04:00,21.149999618530273,21.18000030517578,20.704999923706055,20.829999923706055,17.768421173095703,4904700,0.0,0.0,VST
2018-04-02 00:00:00-04:00,20.809999465942383,20.90999984741211,20.010000228881836,20.350000381469727,17.358978271484375,3415600,0.0,0.0,VST
2018-04-03 00:00:00-04:00,20.440000534057617,20.84000015258789,20.09000015258789,20.780000686645508,17.725772857666016,4979900,0.0,0.0,VST
2018-04-04 00:00:00-04:00,20.579999923706055,20.700000762939453,20.360000610351562,20.610000610351562,17.580760955810547,5006900,0.0,0.0,VST
2018-04-05 00:00:00-04:00,20.700000762939453,20.940000534057617,20.049999237060547,20.219999313354492,17.248079299926758,4761300,0.0,0.0,VST
2018-04-06 00:00:00-04:00,20.190000534057617,20.229999542236328,19.59000015258789,19.68000030517578,16.787452697753906,14214500,0.0,0.0,VST
2018-04-09 00:00:00-04:00,19.8700008392334,21.344999313354492,19.770000457763672,20.829999923706055,17.768421173095703,11306700,0.0,0.0,VST
2018-04-10 00:00:00-04:00,21.030000686645508,21.31999969482422,20.6299991607666,21.31999969482422,18.186405181884766,9086800,0.0,0.0,VST
2018-04-11 00:00:00-04:00,21.25,21.56999969482422,21.21500015258789,21.469999313354492,18.31435775756836,8343100,0.0,0.0,VST
2018-04-12 00:00:00-04:00,21.559999465942383,22.15999984741211,21.329999923706055,21.459999084472656,18.305824279785156,9270000,0.0,0.0,VST
2018-04-13 00:00:00-04:00,21.5,21.850000381469727,21.350000381469727,21.649999618530273,18.467899322509766,8445400,0.0,0.0,VST
2018-04-16 00:00:00-04:00,21.850000381469727,22.25,21.75,21.989999771118164,18.75792694091797,8280200,0.0,0.0,VST
2018-04-17 00:00:00-04:00,22.170000076293945,22.459999084472656,21.934999465942383,22.350000381469727,19.065019607543945,5408800,0.0,0.0,VST
2018-04-18 00:00:00-04:00,22.3799991607666,22.56999969482422,22.309999465942383,22.34000015258789,19.056486129760742,4540300,0.0,0.0,VST
2018-04-19 00:00:00-04:00,22.25,22.3700008392334,21.81999969482422,22.1200008392334,18.86882209777832,3833100,0.0,0.0,VST
2018-04-20 00:00:00-04:00,22.09000015258789,22.149999618530273,21.795000076293945,21.8799991607666,18.66409683227539,5551200,0.0,0.0,VST
2018-04-23 00:00:00-04:00,21.969999313354492,22.329999923706055,21.90999984741211,22.329999923706055,19.047954559326172,4724800,0.0,0.0,VST
2018-04-24 00:00:00-04:00,22.489999771118164,22.790000915527344,22.19499969482422,22.280000686645508,19.005308151245117,4562900,0.0,0.0,VST
2018-04-25 00:00:00-04:00,22.350000381469727,22.600000381469727,22.190000534057617,22.479999542236328,19.17591094970703,3413300,0.0,0.0,VST
2018-04-26 00:00:00-04:00,22.530000686645508,22.979999542236328,22.360000610351562,22.600000381469727,19.278270721435547,5803000,0.0,0.0,VST
2018-04-27 00:00:00-04:00,22.65999984741211,23.0049991607666,22.354999542236328,22.739999771118164,19.39769172668457,3587200,0.0,0.0,VST
2018-04-30 00:00:00-04:00,22.8700008392334,23.010000228881836,22.760000228881836,22.850000381469727,19.491525650024414,4032800,0.0,0.0,VST
2018-05-01 00:00:00-04:00,22.959999084472656,22.959999084472656,22.489999771118164,22.850000381469727,19.491525650024414,4012800,0.0,0.0,VST
2018-05-02 00:00:00-04:00,22.899999618530273,23.420000076293945,22.8799991607666,22.989999771118164,19.610952377319336,5348600,0.0,0.0,VST
2018-05-03 00:00:00-04:00,23.0,23.3700008392334,22.600000381469727,23.139999389648438,19.738901138305664,5485300,0.0,0.0,VST
2018-05-04 00:00:00-04:00,24.0,24.389999389648438,22.81999969482422,23.010000228881836,19.628009796142578,9115100,0.0,0.0,VST
2018-05-07 00:00:00-04:00,23.040000915527344,24.040000915527344,23.040000915527344,23.799999237060547,20.301895141601562,7160500,0.0,0.0,VST
2018-05-08 00:00:00-04:00,23.81999969482422,23.940000534057617,22.985000610351562,23.170000076293945,19.764497756958008,6072700,0.0,0.0,VST
2018-05-09 00:00:00-04:00,23.200000762939453,23.31999969482422,22.600000381469727,22.989999771118164,19.610952377319336,4587000,0.0,0.0,VST
2018-05-10 00:00:00-04:00,22.65999984741211,23.010000228881836,22.649999618530273,22.90999984741211,19.542709350585938,4681600,0.0,0.0,VST
2018-05-11 00:00:00-04:00,22.959999084472656,23.18000030517578,22.809999465942383,22.940000534057617,19.56829833984375,4052100,0.0,0.0,VST
2018-05-14 00:00:00-04:00,23.079999923706055,23.364999771118164,22.969999313354492,23.100000381469727,19.704782485961914,2878600,0.0,0.0,VST
2018-05-15 00:00:00-04:00,23.030000686645508,23.200000762939453,22.94499969482422,23.139999389648438,19.738901138305664,4516900,0.0,0.0,VST
2018-05-16 00:00:00-04:00,23.18000030517578,23.450000762939453,22.96500015258789,23.079999923706055,19.687721252441406,3837100,0.0,0.0,VST
2018-05-17 00:00:00-04:00,23.059999465942383,23.149999618530273,22.6299991607666,22.8799991607666,19.517114639282227,4051500,0.0,0.0,VST
2018-05-18 00:00:00-04:00,22.790000915527344,23.040000915527344,22.790000915527344,23.010000228881836,19.628009796142578,3841200,0.0,0.0,VST
2018-05-21 00:00:00-04:00,23.110000610351562,23.170000076293945,22.739999771118164,23.010000228881836,19.628009796142578,3340400,0.0,0.0,VST
2018-05-22 00:00:00-04:00,23.1299991607666,23.43000030517578,23.1299991607666,23.219999313354492,19.80714225769043,2017800,0.0,0.0,VST
2018-05-23 00:00:00-04:00,23.18000030517578,23.280000686645508,23.075000762939453,23.229999542236328,19.815673828125,3508500,0.0,0.0,VST
2018-05-24 00:00:00-04:00,23.600000381469727,24.239999771118164,23.549999237060547,24.079999923706055,20.54074478149414,6064400,0.0,0.0,VST
2018-05-25 00:00:00-04:00,24.020000457763672,24.155000686645508,23.815000534057617,23.950000762939453,20.429851531982422,3174000,0.0,0.0,VST
2018-05-29 00:00:00-04:00,23.950000762939453,24.15999984741211,23.860000610351562,24.010000228881836,20.48103141784668,2998300,0.0,0.0,VST
2018-05-30 00:00:00-04:00,24.059999465942383,24.559999465942383,24.059999465942383,24.270000457763672,20.702817916870117,4846900,0.0,0.0,VST
2018-05-31 00:00:00-04:00,24.40999984741211,24.69499969482422,24.260000228881836,24.530000686645508,20.924604415893555,10162400,0.0,0.0,VST
2018-06-01 00:00:00-04:00,24.530000686645508,24.594999313354492,24.309999465942383,24.34000015258789,20.762529373168945,4055800,0.0,0.0,VST
2018-06-04 00:00:00-04:00,24.5,24.649999618530273,24.059999465942383,24.270000457763672,20.702817916870117,3801000,0.0,0.0,VST
2018-06-05 00:00:00-04:00,24.280000686645508,24.639999389648438,24.200000762939453,24.3799991607666,20.79664421081543,3647500,0.0,0.0,VST
2018-06-06 00:00:00-04:00,24.3799991607666,24.719999313354492,24.3700008392334,24.610000610351562,20.992847442626953,4563100,0.0,0.0,VST
2018-06-07 00:00:00-04:00,24.65999984741211,24.809999465942383,24.6299991607666,24.670000076293945,21.044023513793945,3776400,0.0,0.0,VST
2018-06-08 00:00:00-04:00,24.59000015258789,24.729999542236328,24.270000457763672,24.559999465942383,20.950193405151367,2348700,0.0,0.0,VST
2018-06-11 00:00:00-04:00,24.559999465942383,24.674999237060547,24.03499984741211,24.09000015258789,20.549272537231445,3832700,0.0,0.0,VST
2018-06-12 00:00:00-04:00,24.079999923706055,24.3700008392334,24.014999389648438,24.200000762939453,20.643108367919922,4105600,0.0,0.0,VST
2018-06-13 00:00:00-04:00,24.31999969482422,24.639999389648438,24.18000030517578,24.389999389648438,20.805179595947266,9875100,0.0,0.0,VST
2018-06-14 00:00:00-04:00,24.459999084472656,24.809999465942383,23.979999542236328,24.010000228881836,20.48103141784668,4273900,0.0,0.0,VST
2018-06-15 00:00:00-04:00,23.860000610351562,23.920000076293945,23.524999618530273,23.75,20.259246826171875,5565400,0.0,0.0,VST
2018-06-18 00:00:00-04:00,23.6200008392334,23.8799991607666,23.469999313354492,23.520000457763672,20.063047409057617,4715100,0.0,0.0,VST
2018-06-19 00:00:00-04:00,23.3799991607666,23.579999923706055,23.059999465942383,23.459999084472656,20.011869430541992,6467400,0.0,0.0,VST
2018-06-20 00:00:00-04:00,23.600000381469727,23.860000610351562,23.520000457763672,23.649999618530273,20.1739444732666,5305600,0.0,0.0,VST
2018-06-21 00:00:00-04:00,23.780000686645508,24.110000610351562,23.670000076293945,24.06999969482422,20.532209396362305,3552300,0.0,0.0,VST
2018-06-22 00:00:00-04:00,24.059999465942383,24.200000762939453,23.510000228881836,23.649999618530273,20.1739444732666,9068700,0.0,0.0,VST
2018-06-25 00:00:00-04:00,23.65999984741211,23.760000228881836,23.219999313354492,23.329999923706055,19.90097427368164,4497500,0.0,0.0,VST
2018-06-26 00:00:00-04:00,23.360000610351562,23.940000534057617,23.325000762939453,23.84000015258789,20.33601188659668,5392300,0.0,0.0,VST
2018-06-27 00:00:00-04:00,23.739999771118164,24.09000015258789,23.645000457763672,23.75,20.259246826171875,3388600,0.0,0.0,VST
2018-06-28 00:00:00-04:00,23.700000762939453,24.010000228881836,23.489999771118164,23.5,20.045991897583008,4137800,0.0,0.0,VST
2018-06-29 00:00:00-04:00,23.56999969482422,24.024999618530273,23.5,23.65999984741211,20.182476043701172,3085500,0.0,0.0,VST
2018-07-02 00:00:00-04:00,23.479999542236328,24.010000228881836,23.329999923706055,24.010000228881836,20.48103141784668,3306800,0.0,0.0,VST
2018-07-03 00:00:00-04:00,23.889999389648438,23.90999984741211,22.7450008392334,22.809999465942383,19.457406997680664,3476000,0.0,0.0,VST
2018-07-05 00:00:00-04:00,22.889999389648438,22.889999389648438,22.360000610351562,22.6200008392334,19.295330047607422,4288100,0.0,0.0,VST
2018-07-06 00:00:00-04:00,22.6299991607666,23.045000076293945,22.56999969482422,22.90999984741211,19.542709350585938,3452300,0.0,0.0,VST
2018-07-09 00:00:00-04:00,22.950000762939453,23.260000228881836,22.59000015258789,22.709999084472656,19.372100830078125,3806700,0.0,0.0,VST
2018-07-10 00:00:00-04:00,22.68000030517578,23.1299991607666,22.68000030517578,23.010000228881836,19.628009796142578,4119900,0.0,0.0,VST
2018-07-11 00:00:00-04:00,22.979999542236328,23.100000381469727,22.790000915527344,22.8700008392334,19.508586883544922,2321300,0.0,0.0,VST
2018-07-12 00:00:00-04:00,22.84000015258789,23.239999771118164,22.700000762939453,23.190000534057617,19.78156089782715,2422100,0.0,0.0,VST
2018-07-13 00:00:00-04:00,23.110000610351562,23.44499969482422,23.010000228881836,23.440000534057617,19.994810104370117,2506200,0.0,0.0,VST
2018-07-16 00:00:00-04:00,23.43000030517578,23.760000228881836,23.3799991607666,23.709999084472656,20.225120544433594,2937800,0.0,0.0,VST
2018-07-17 00:00:00-04:00,23.739999771118164,24.010000228881836,23.510000228881836,23.59000015258789,20.12276268005371,2562500,0.0,0.0,VST
2018-07-18 00:00:00-04:00,23.639999389648438,23.790000915527344,23.489999771118164,23.549999237060547,20.08864402770996,2991300,0.0,0.0,VST
2018-07-19 00:00:00-04:00,23.510000228881836,23.6299991607666,23.040000915527344,23.229999542236328,19.815673828125,3197200,0.0,0.0,VST
2018-07-20 00:00:00-04:00,23.170000076293945,23.420000076293945,22.899999618530273,23.18000030517578,19.77302360534668,2537600,0.0,0.0,VST
2018-07-23 00:00:00-04:00,23.299999237060547,23.40999984741211,22.829999923706055,22.889999389648438,19.525650024414062,2341900,0.0,0.0,VST
2018-07-24 00:00:00-04:00,22.84000015258789,22.850000381469727,22.280000686645508,22.450000762939453,19.150320053100586,3485500,0.0,0.0,VST
2018-07-25 00:00:00-04:00,22.520000457763672,22.719999313354492,22.190000534057617,22.309999465942383,19.030893325805664,2846900,0.0,0.0,VST
2018-07-26 00:00:00-04:00,22.329999923706055,22.780000686645508,22.299999237060547,22.549999237060547,19.23561668395996,2166000,0.0,0.0,VST
2018-07-27 00:00:00-04:00,22.59000015258789,22.684999465942383,22.329999923706055,22.350000381469727,19.065019607543945,1993700,0.0,0.0,VST
2018-07-30 00:00:00-04:00,22.40999984741211,22.440000534057617,22.079999923706055,22.170000076293945,18.911474227905273,1528100,0.0,0.0,VST
2018-07-31 00:00:00-04:00,22.209999084472656,22.670000076293945,22.139999389648438,22.600000381469727,19.278270721435547,3363900,0.0,0.0,VST
2018-08-01 00:00:00-04:00,22.579999923706055,22.770000457763672,22.360000610351562,22.719999313354492,19.380634307861328,2706600,0.0,0.0,VST
2018-08-02 00:00:00-04:00,22.59000015258789,22.75,22.299999237060547,22.559999465942383,19.244150161743164,3094200,0.0,0.0,VST
2018-08-03 00:00:00-04:00,22.559999465942383,22.860000610351562,22.459999084472656,22.6200008392334,19.295330047607422,3921900,0.0,0.0,VST
2018-08-06 00:00:00-04:00,22.649999618530273,23.75,22.6299991607666,23.200000762939453,19.790081024169922,5380900,0.0,0.0,VST
2018-08-07 00:00:00-04:00,23.1299991607666,23.68000030517578,22.790000915527344,23.469999313354492,20.02039909362793,4320000,0.0,0.0,VST
2018-08-08 00:00:00-04:00,23.309999465942383,23.420000076293945,23.170000076293945,23.329999923706055,19.90097427368164,3454200,0.0,0.0,VST
2018-08-09 00:00:00-04:00,23.309999465942383,23.59000015258789,23.270000457763672,23.360000610351562,19.926572799682617,3569300,0.0,0.0,VST
2018-08-10 00:00:00-04:00,23.229999542236328,23.424999237060547,22.6200008392334,22.780000686645508,19.43181610107422,5373600,0.0,0.0,VST
2018-08-13 00:00:00-04:00,22.709999084472656,22.790000915527344,21.850000381469727,22.100000381469727,18.851757049560547,8113400,0.0,0.0,VST
2018-08-14 00:00:00-04:00,22.3700008392334,22.44499969482422,22.18000030517578,22.40999984741211,19.116195678710938,4114500,0.0,0.0,VST
2018-08-15 00:00:00-04:00,22.489999771118164,22.540000915527344,21.959999084472656,22.059999465942383,18.817638397216797,6609800,0.0,0.0,VST
2018-08-16 00:00:00-04:00,22.100000381469727,22.600000381469727,22.040000915527344,22.450000762939453,19.150320053100586,5167200,0.0,0.0,VST
2018-08-17 00:00:00-04:00,22.420000076293945,22.75,22.315000534057617,22.420000076293945,19.124725341796875,3329800,0.0,0.0,VST
2018-08-20 00:00:00-04:00,22.420000076293945,22.6200008392334,22.309999465942383,22.510000228881836,19.201494216918945,2224200,0.0,0.0,VST
2018-08-21 00:00:00-04:00,22.549999237060547,22.6299991607666,22.31999969482422,22.329999923706055,19.047954559326172,2053000,0.0,0.0,VST
2018-08-22 00:00:00-04:00,22.389999389648438,22.600000381469727,22.329999923706055,22.5,19.192968368530273,3217100,0.0,0.0,VST
2018-08-23 00:00:00-04:00,22.5,22.760000228881836,22.459999084472656,22.479999542236328,19.17591094970703,3149800,0.0,0.0,VST
2018-08-24 00:00:00-04:00,22.579999923706055,22.780000686645508,22.489999771118164,22.65999984741211,19.329452514648438,2519100,0.0,0.0,VST
2018-08-27 00:00:00-04:00,22.709999084472656,23.18000030517578,22.709999084472656,22.790000915527344,19.440349578857422,2964300,0.0,0.0,VST
2018-08-28 00:00:00-04:00,22.809999465942383,23.049999237060547,22.790000915527344,22.899999618530273,19.534177780151367,3041400,0.0,0.0,VST
2018-08-29 00:00:00-04:00,22.989999771118164,23.325000762939453,22.65999984741211,22.979999542236328,19.602420806884766,4622800,0.0,0.0,VST
2018-08-30 00:00:00-04:00,22.93000030517578,23.760000228881836,22.93000030517578,23.399999618530273,19.960693359375,5071500,0.0,0.0,VST
2018-08-31 00:00:00-04:00,23.31999969482422,23.579999923706055,23.31999969482422,23.540000915527344,20.080116271972656,3541100,0.0,0.0,VST
2018-09-04 00:00:00-04:00,23.479999542236328,23.56999969482422,23.149999618530273,23.209999084472656,19.798614501953125,4398800,0.0,0.0,VST
2018-09-05 00:00:00-04:00,23.209999084472656,23.260000228881836,22.719999313354492,22.989999771118164,19.610952377319336,3610400,0.0,0.0,VST
2018-09-06 00:00:00-04:00,22.90999984741211,23.110000610351562,22.40999984741211,22.459999084472656,19.158842086791992,3974000,0.0,0.0,VST
2018-09-07 00:00:00-04:00,22.34000015258789,22.540000915527344,22.174999237060547,22.5,19.192968368530273,2871000,0.0,0.0,VST
2018-09-10 00:00:00-04:00,22.610000610351562,23.040000915527344,22.530000686645508,22.899999618530273,19.534177780151367,2600100,0.0,0.0,VST
2018-09-11 00:00:00-04:00,22.81999969482422,23.209999084472656,22.760000228881836,22.979999542236328,19.602420806884766,3520300,0.0,0.0,VST
2018-09-12 00:00:00-04:00,22.959999084472656,23.334999084472656,22.950000762939453,23.25,19.832733154296875,3761600,0.0,0.0,VST
2018-09-13 00:00:00-04:00,23.31999969482422,23.489999771118164,23.1299991607666,23.350000381469727,19.91803741455078,2445000,0.0,0.0,VST
2018-09-14 00:00:00-04:00,23.270000457763672,23.610000610351562,23.270000457763672,23.350000381469727,19.91803741455078,3375300,0.0,0.0,VST
2018-09-17 00:00:00-04:00,23.270000457763672,23.6200008392334,22.954999923706055,23.030000686645508,19.64507293701172,3389100,0.0,0.0,VST
2018-09-18 00:00:00-04:00,23.020000457763672,23.43000030517578,23.0,23.270000457763672,19.84979820251465,4486600,0.0,0.0,VST
2018-09-19 00:00:00-04:00,23.34000015258789,23.549999237060547,23.020000457763672,23.059999465942383,19.670663833618164,4876400,0.0,0.0,VST
2018-09-20 00:00:00-04:00,23.219999313354492,23.610000610351562,23.170000076293945,23.420000076293945,19.97774887084961,3276000,0.0,0.0,VST
2018-09-21 00:00:00-04:00,23.399999618530273,23.979999542236328,23.3700008392334,23.84000015258789,20.33601188659668,9448800,0.0,0.0,VST
2018-09-24 00:00:00-04:00,23.790000915527344,24.020000457763672,23.68000030517578,23.8700008392334,20.36160659790039,2797500,0.0,0.0,VST
2018-09-25 00:00:00-04:00,23.649999618530273,23.940000534057617,23.25,23.549999237060547,20.08864402770996,3803800,0.0,0.0,VST
2018-09-26 00:00:00-04:00,23.649999618530273,24.020000457763672,23.540000915527344,23.739999771118164,20.250713348388672,4466200,0.0,0.0,VST
2018-09-27 00:00:00-04:00,23.81999969482422,24.25,23.690000534057617,24.18000030517578,20.626041412353516,3433400,0.0,0.0,VST
2018-09-28 00:00:00-04:00,24.18000030517578,25.219999313354492,24.18000030517578,24.8799991607666,21.223161697387695,8265600,0.0,0.0,VST
2018-10-01 00:00:00-04:00,24.920000076293945,25.260000228881836,24.780000686645508,25.260000228881836,21.54730987548828,4817700,0.0,0.0,VST
2018-10-02 00:00:00-04:00,25.360000610351562,26.290000915527344,25.280000686645508,25.450000762939453,21.709388732910156,12196700,0.0,0.0,VST
2018-10-03 00:00:00-04:00,25.420000076293945,26.020000457763672,25.325000762939453,25.420000076293945,21.683786392211914,6891400,0.0,0.0,VST
2018-10-04 00:00:00-04:00,25.350000381469727,25.520000457763672,25.06999969482422,25.25,21.538780212402344,4223100,0.0,0.0,VST
2018-10-05 00:00:00-04:00,25.350000381469727,25.639999389648438,25.18000030517578,25.6200008392334,21.854394912719727,4186200,0.0,0.0,VST
2018-10-08 00:00:00-04:00,25.59000015258789,25.81999969482422,25.260000228881836,25.43000030517578,21.69231605529785,3751900,0.0,0.0,VST
2018-10-09 00:00:00-04:00,25.399999618530273,25.59000015258789,24.954999923706055,25.309999465942383,21.589954376220703,5025700,0.0,0.0,VST
2018-10-10 00:00:00-04:00,25.170000076293945,25.489999771118164,24.889999389648438,24.899999618530273,21.240219116210938,4841900,0.0,0.0,VST
2018-10-11 00:00:00-04:00,24.899999618530273,24.940000534057617,24.149999618530273,24.209999084472656,20.65163230895996,5257700,0.0,0.0,VST
2018-10-12 00:00:00-04:00,24.459999084472656,24.610000610351562,23.799999237060547,24.219999313354492,20.660160064697266,5217800,0.0,0.0,VST
2018-10-15 00:00:00-04:00,24.209999084472656,24.440000534057617,23.780000686645508,23.829999923706055,20.32748794555664,6142600,0.0,0.0,VST
2018-10-16 00:00:00-04:00,23.940000534057617,24.360000610351562,23.719999313354492,23.989999771118164,20.46396827697754,6074400,0.0,0.0,VST
2018-10-17 00:00:00-04:00,24.020000457763672,24.040000915527344,23.1299991607666,23.389999389648438,19.9521541595459,5479700,0.0,0.0,VST
2018-10-18 00:00:00-04:00,23.239999771118164,23.299999237060547,22.799999237060547,22.860000610351562,19.50006103515625,5397400,0.0,0.0,VST
2018-10-19 00:00:00-04:00,22.8700008392334,23.190000534057617,22.6299991607666,22.649999618530273,19.3209228515625,3817300,0.0,0.0,VST
2018-10-22 00:00:00-04:00,22.670000076293945,23.200000762939453,22.389999389648438,23.010000228881836,19.628009796142578,8097200,0.0,0.0,VST
2018-10-23 00:00:00-04:00,22.780000686645508,22.80500030517578,21.81999969482422,22.5,19.192968368530273,8845700,0.0,0.0,VST
2018-10-24 00:00:00-04:00,22.56999969482422,22.639999389648438,22.049999237060547,22.139999389648438,18.88588523864746,3283500,0.0,0.0,VST
2018-10-25 00:00:00-04:00,22.299999237060547,22.56999969482422,22.219999313354492,22.260000228881836,18.988243103027344,4280200,0.0,0.0,VST
2018-10-26 00:00:00-04:00,22.170000076293945,22.350000381469727,21.760000228881836,22.110000610351562,18.860292434692383,4335900,0.0,0.0,VST
2018-10-29 00:00:00-04:00,22.239999771118164,22.399999618530273,21.6299991607666,21.809999465942383,18.604387283325195,4170900,0.0,0.0,VST
2018-10-30 00:00:00-04:00,21.799999237060547,22.065000534057617,21.559999465942383,21.889999389648438,18.672630310058594,3713900,0.0,0.0,VST
2018-10-31 00:00:00-04:00,22.010000228881836,22.770000457763672,22.010000228881836,22.6299991607666,19.303865432739258,5737500,0.0,0.0,VST
2018-11-01 00:00:00-04:00,22.610000610351562,23.149999618530273,22.360000610351562,23.100000381469727,19.704782485961914,4285800,0.0,0.0,VST
2018-11-02 00:00:00-04:00,24.0,24.84000015258789,23.75,24.389999389648438,20.805179595947266,14068000,0.0,0.0,VST
2018-11-05 00:00:00-05:00,24.469999313354492,25.010000228881836,24.469999313354492,24.969999313354492,21.2999267578125,6764400,0.0,0.0,VST
2018-11-06 00:00:00-05:00,24.809999465942383,25.21500015258789,24.225000381469727,24.479999542236328,20.881946563720703,4607300,0.0,0.0,VST
2018-11-07 00:00:00-05:00,24.56999969482422,24.850000381469727,24.440000534057617,24.709999084472656,21.07814598083496,4831900,0.0,0.0,VST
2018-11-08 00:00:00-05:00,24.6200008392334,24.8799991607666,23.989999771118164,24.25,20.685752868652344,3636200,0.0,0.0,VST
2018-11-09 00:00:00-05:00,24.010000228881836,24.420000076293945,23.93000030517578,24.079999923706055,20.54074478149414,4188700,0.0,0.0,VST
2018-11-12 00:00:00-05:00,24.079999923706055,24.770000457763672,23.969999313354492,24.610000610351562,20.992847442626953,3833400,0.0,0.0,VST
2018-11-13 00:00:00-05:00,24.75,24.940000534057617,24.229999542236328,24.31999969482422,20.745466232299805,2708800,0.0,0.0,VST
2018-11-14 00:00:00-05:00,24.290000915527344,24.450000762939453,23.649999618530273,23.850000381469727,20.34454345703125,3392100,0.0,0.0,VST
2018-11-15 00:00:00-05:00,23.729999542236328,23.829999923706055,23.020000457763672,23.290000915527344,19.866851806640625,3855800,0.0,0.0,VST
2018-11-16 00:00:00-05:00,23.5,23.799999237060547,23.30500030517578,23.670000076293945,20.191003799438477,5241900,0.0,0.0,VST
2018-11-19 00:00:00-05:00,23.639999389648438,23.975000381469727,23.475000381469727,23.549999237060547,20.08864402770996,6656300,0.0,0.0,VST
2018-11-20 00:00:00-05:00,23.389999389648438,23.40999984741211,22.020000457763672,22.3700008392334,19.08207893371582,10882000,0.0,0.0,VST
2018-11-21 00:00:00-05:00,22.540000915527344,23.260000228881836,22.540000915527344,22.799999237060547,19.44887351989746,5246200,0.0,0.0,VST
2018-11-23 00:00:00-05:00,22.729999542236328,23.010000228881836,22.690000534057617,22.860000610351562,19.50006103515625,1640200,0.0,0.0,VST
2018-11-26 00:00:00-05:00,22.979999542236328,23.350000381469727,22.910999298095703,23.190000534057617,19.78156089782715,4428100,0.0,0.0,VST
2018-11-27 00:00:00-05:00,23.200000762939453,23.280000686645508,22.8700008392334,22.920000076293945,19.55123519897461,2747300,0.0,0.0,VST
2018-11-28 00:00:00-05:00,23.040000915527344,23.510000228881836,23.010000228881836,23.350000381469727,19.91803741455078,4785700,0.0,0.0,VST
2018-11-29 00:00:00-05:00,23.350000381469727,23.520000457763672,22.969999313354492,23.200000762939453,19.790081024169922,4539300,0.0,0.0,VST
2018-11-30 00:00:00-05:00,23.219999313354492,23.614999771118164,23.18000030517578,23.479999542236328,20.028926849365234,6242700,0.0,0.0,VST
2018-12-03 00:00:00-05:00,23.709999084472656,23.950000762939453,23.59000015258789,23.780000686645508,20.284839630126953,5523900,0.0,0.0,VST
2018-12-04 00:00:00-05:00,23.799999237060547,24.125,23.479999542236328,23.479999542236328,20.028926849365234,4473400,0.0,0.0,VST
2018-12-06 00:00:00-05:00,23.299999237060547,24.219999313354492,22.899999618530273,24.09000015258789,20.549272537231445,9417400,0.0,0.0,VST
2018-12-07 00:00:00-05:00,24.190000534057617,24.360000610351562,23.8700008392334,23.950000762939453,20.429851531982422,5018600,0.0,0.0,VST
2018-12-10 00:00:00-05:00,23.649999618530273,23.959999084472656,23.399999618530273,23.649999618530273,20.1739444732666,4263700,0.0,0.0,VST
2018-12-11 00:00:00-05:00,23.84000015258789,24.2450008392334,23.610000610351562,23.920000076293945,20.404260635375977,5070900,0.0,0.0,VST
2018-12-12 00:00:00-05:00,24.18000030517578,24.80500030517578,24.010000228881836,24.420000076293945,20.830772399902344,7325900,0.0,0.0,VST
2018-12-13 00:00:00-05:00,24.440000534057617,25.09000015258789,24.40999984741211,24.84000015258789,21.189041137695312,5780200,0.0,0.0,VST
2018-12-14 00:00:00-05:00,24.6200008392334,25.094999313354492,24.559999465942383,24.709999084472656,21.07814598083496,4239300,0.0,0.0,VST
2018-12-17 00:00:00-05:00,24.719999313354492,24.795000076293945,23.790000915527344,23.889999389648438,20.378671646118164,6226800,0.0,0.0,VST
2018-12-18 00:00:00-05:00,24.010000228881836,24.450000762939453,23.270000457763672,23.360000610351562,19.926572799682617,5057200,0.0,0.0,VST
2018-12-19 00:00:00-05:00,23.389999389648438,23.700000762939453,23.010000228881836,23.15999984741211,19.755964279174805,4556000,0.0,0.0,VST
2018-12-20 00:00:00-05:00,23.079999923706055,23.139999389648438,22.0049991607666,22.25,18.97971534729004,7677400,0.0,0.0,VST
2018-12-21 00:00:00-05:00,22.309999465942383,22.469999313354492,21.34000015258789,21.43000030517578,18.28023910522461,7803500,0.0,0.0,VST
2018-12-24 00:00:00-05:00,21.290000915527344,21.489999771118164,20.834999084472656,21.190000534057617,18.07551383972168,2728400,0.0,0.0,VST
2018-12-26 00:00:00-05:00,21.229999542236328,22.260000228881836,21.030000686645508,22.200000762939453,18.937063217163086,6044000,0.0,0.0,VST
2018-12-27 00:00:00-05:00,21.969999313354492,22.31999969482422,21.489999771118164,22.309999465942383,19.030893325805664,3088500,0.0,0.0,VST
2018-12-28 00:00:00-05:00,22.34000015258789,22.600000381469727,22.100000381469727,22.299999237060547,19.022369384765625,2659600,0.0,0.0,VST
2018-12-31 00:00:00-05:00,22.40999984741211,22.93000030517578,22.360000610351562,22.889999389648438,19.525650024414062,2697800,0.0,0.0,VST
2019-01-02 00:00:00-05:00,22.510000228881836,23.100000381469727,22.274999618530273,22.3799991607666,19.090604782104492,3952300,0.0,0.0,VST
2019-01-03 00:00:00-05:00,22.360000610351562,22.65999984741211,22.020000457763672,22.170000076293945,18.911474227905273,2940800,0.0,0.0,VST
2019-01-04 00:00:00-05:00,22.309999465942383,23.1299991607666,22.309999465942383,23.06999969482422,19.679189682006836,3017400,0.0,0.0,VST
2019-01-07 00:00:00-05:00,23.1200008392334,23.895000457763672,23.065000534057617,23.459999084472656,20.011869430541992,5250900,0.0,0.0,VST
2019-01-08 00:00:00-05:00,23.510000228881836,23.860000610351562,23.309999465942383,23.469999313354492,20.02039909362793,3681700,0.0,0.0,VST
2019-01-09 00:00:00-05:00,23.450000762939453,23.56999969482422,23.21500015258789,23.309999465942383,19.88391876220703,3416900,0.0,0.0,VST
2019-01-10 00:00:00-05:00,23.260000228881836,24.1200008392334,23.260000228881836,24.110000610351562,20.566335678100586,4586800,0.0,0.0,VST
2019-01-11 00:00:00-05:00,24.09000015258789,24.09000015258789,23.489999771118164,23.790000915527344,20.293365478515625,3299300,0.0,0.0,VST
2019-01-14 00:00:00-05:00,23.639999389648438,23.829999923706055,23.309999465942383,23.549999237060547,20.08864402770996,4236800,0.0,0.0,VST
2019-01-15 00:00:00-05:00,23.43000030517578,24.020000457763672,23.43000030517578,23.729999542236328,20.242185592651367,3058600,0.0,0.0,VST
2019-01-16 00:00:00-05:00,23.709999084472656,24.344999313354492,23.65999984741211,24.25,20.685752868652344,3899200,0.0,0.0,VST
2019-01-17 00:00:00-05:00,24.260000228881836,24.790000915527344,24.200000762939453,24.610000610351562,20.992847442626953,3331700,0.0,0.0,VST
2019-01-18 00:00:00-05:00,24.700000762939453,24.850000381469727,24.110000610351562,24.200000762939453,20.643108367919922,3435600,0.0,0.0,VST
2019-01-22 00:00:00-05:00,24.34000015258789,24.450000762939453,24.0,24.280000686645508,20.71134376525879,3867000,0.0,0.0,VST
2019-01-23 00:00:00-05:00,24.3799991607666,24.93000030517578,24.3799991607666,24.760000228881836,21.12079620361328,4387800,0.0,0.0,VST
2019-01-24 00:00:00-05:00,24.75,24.885000228881836,24.450000762939453,24.639999389648438,21.018434524536133,3841900,0.0,0.0,VST
2019-01-25 00:00:00-05:00,24.649999618530273,24.84000015258789,24.510000228881836,24.649999618530273,21.026966094970703,3375700,0.0,0.0,VST
2019-01-28 00:00:00-05:00,24.479999542236328,24.719999313354492,24.3799991607666,24.40999984741211,20.822240829467773,3821300,0.0,0.0,VST
2019-01-29 00:00:00-05:00,24.399999618530273,24.850000381469727,24.399999618530273,24.639999389648438,21.018434524536133,2159800,0.0,0.0,VST
2019-01-30 00:00:00-05:00,24.75,25.049999237060547,24.68000030517578,24.920000076293945,21.257282257080078,2272500,0.0,0.0,VST
2019-01-31 00:00:00-05:00,24.860000610351562,25.364999771118164,24.75,25.110000610351562,21.41935920715332,3321200,0.0,0.0,VST
2019-02-01 00:00:00-05:00,25.100000381469727,25.459999084472656,25.040000915527344,25.06999969482422,21.385231018066406,3218000,0.0,0.0,VST
2019-02-04 00:00:00-05:00,25.100000381469727,25.530000686645508,24.93000030517578,25.399999618530273,21.66672706604004,3418400,0.0,0.0,VST
2019-02-05 00:00:00-05:00,25.540000915527344,25.6299991607666,25.1299991607666,25.200000762939453,21.49612808227539,2689400,0.0,0.0,VST
2019-02-06 00:00:00-05:00,25.15999984741211,25.454999923706055,25.09000015258789,25.260000228881836,21.54730987548828,2268100,0.0,0.0,VST
2019-02-07 00:00:00-05:00,25.25,25.614999771118164,25.170000076293945,25.530000686645508,21.777624130249023,2210100,0.0,0.0,VST
2019-02-08 00:00:00-05:00,25.489999771118164,25.940000534057617,25.479999542236328,25.93000030517578,22.11882781982422,3836100,0.0,0.0,VST
2019-02-11 00:00:00-05:00,26.0,26.170000076293945,25.895000457763672,26.110000610351562,22.272371292114258,2210800,0.0,0.0,VST
2019-02-12 00:00:00-05:00,26.25,26.610000610351562,26.200000762939453,26.290000915527344,22.425918579101562,3827600,0.0,0.0,VST
2019-02-13 00:00:00-05:00,26.270000457763672,26.549999237060547,26.014999389648438,26.1299991607666,22.28943634033203,3822500,0.0,0.0,VST
2019-02-14 00:00:00-05:00,26.139999389648438,26.440000534057617,26.06999969482422,26.309999465942383,22.44297981262207,2292600,0.0,0.0,VST
2019-02-15 00:00:00-05:00,26.43000030517578,26.549999237060547,26.239999771118164,26.510000228881836,22.61358642578125,3044200,0.0,0.0,VST
2019-02-19 00:00:00-05:00,26.469999313354492,26.709999084472656,26.399999618530273,26.59000015258789,22.68182945251465,3671800,0.0,0.0,VST
2019-02-20 00:00:00-05:00,26.549999237060547,26.780000686645508,26.43000030517578,26.639999389648438,22.72447967529297,3886400,0.0,0.0,VST
2019-02-21 00:00:00-05:00,26.510000228881836,26.860000610351562,26.43000030517578,26.760000228881836,22.82684326171875,2699600,0.0,0.0,VST
2019-02-22 00:00:00-05:00,26.770000457763672,27.010000228881836,26.719999313354492,26.889999389648438,22.937732696533203,2100600,0.0,0.0,VST
2019-02-25 00:00:00-05:00,26.889999389648438,26.905000686645508,26.399999618530273,26.559999465942383,22.65623664855957,2567300,0.0,0.0,VST
2019-02-26 00:00:00-05:00,26.610000610351562,26.610000610351562,26.15999984741211,26.280000686645508,22.417388916015625,4181600,0.0,0.0,VST
2019-02-27 00:00:00-05:00,26.280000686645508,26.434999465942383,26.049999237060547,26.149999618530273,22.30649185180664,3589200,0.0,0.0,VST
2019-02-28 00:00:00-05:00,25.979999542236328,26.5,25.615999221801758,26.040000915527344,22.212663650512695,4580200,0.0,0.0,VST
2019-03-01 00:00:00-05:00,26.170000076293945,26.6200008392334,25.9950008392334,26.549999237060547,22.647703170776367,3233900,0.0,0.0,VST
2019-03-04 00:00:00-05:00,26.68000030517578,26.75,25.040000915527344,25.43000030517578,21.69231605529785,7132300,0.0,0.0,VST
2019-03-05 00:00:00-05:00,25.34000015258789,25.704999923706055,24.969999313354492,25.479999542236328,21.734968185424805,5089800,0.0,0.0,VST
2019-03-06 00:00:00-05:00,25.43000030517578,25.530000686645508,25.1299991607666,25.229999542236328,21.52171516418457,4467900,0.0,0.0,VST
2019-03-07 00:00:00-05:00,25.309999465942383,25.440000534057617,24.84000015258789,24.940000534057617,21.274337768554688,3579100,0.0,0.0,VST
2019-03-08 00:00:00-05:00,24.760000228881836,25.139999389648438,24.56999969482422,25.1299991607666,21.43641471862793,3973000,0.0,0.0,VST
2019-03-11 00:00:00-04:00,25.15999984741211,25.329999923706055,25.049999237060547,25.25,21.538780212402344,3277400,0.0,0.0,VST
2019-03-12 00:00:00-04:00,25.31999969482422,25.920000076293945,25.149999618530273,25.8799991607666,22.076181411743164,4597900,0.0,0.0,VST
2019-03-13 00:00:00-04:00,25.959999084472656,26.40999984741211,25.934999465942383,26.020000457763672,22.19560432434082,5225600,0.0,0.0,VST
2019-03-14 00:00:00-04:00,25.8700008392334,25.8700008392334,25.5,25.549999237060547,21.899885177612305,2368000,0.125,0.0,VST
2019-03-15 00:00:00-04:00,25.549999237060547,25.860000610351562,25.309999465942383,25.59000015258789,21.93417739868164,3760700,0.0,0.0,VST
2019-03-18 00:00:00-04:00,25.579999923706055,25.790000915527344,25.524999618530273,25.790000915527344,22.105609893798828,2922700,0.0,0.0,VST
2019-03-19 00:00:00-04:00,25.809999465942383,25.969999313354492,25.4950008392334,25.579999923706055,21.92560577392578,2720900,0.0,0.0,VST
2019-03-20 00:00:00-04:00,25.610000610351562,25.920000076293945,25.559999465942383,25.600000381469727,21.942750930786133,4261900,0.0,0.0,VST
2019-03-21 00:00:00-04:00,25.6299991607666,26.25,25.6299991607666,26.139999389648438,22.40559959411621,2994500,0.0,0.0,VST
2019-03-22 00:00:00-04:00,26.25,26.360000610351562,25.940000534057617,25.979999542236328,22.268457412719727,3882300,0.0,0.0,VST
2019-03-25 00:00:00-04:00,26.079999923706055,26.350000381469727,25.790000915527344,26.09000015258789,22.362749099731445,4295800,0.0,0.0,VST
2019-03-26 00:00:00-04:00,26.219999313354492,26.30500030517578,25.850000381469727,25.959999084472656,22.251312255859375,3703400,0.0,0.0,VST
2019-03-27 00:00:00-04:00,26.020000457763672,26.100000381469727,25.65999984741211,25.899999618530273,22.19989013671875,5556500,0.0,0.0,VST
2019-03-28 00:00:00-04:00,25.950000762939453,26.075000762939453,25.684999465942383,25.799999237060547,22.11417579650879,4626300,0.0,0.0,VST
2019-03-29 00:00:00-04:00,25.719999313354492,26.200000762939453,25.719999313354492,26.030000686645508,22.311323165893555,4165800,0.0,0.0,VST
2019-04-01 00:00:00-04:00,26.149999618530273,26.385000228881836,25.84000015258789,26.030000686645508,22.311323165893555,2725300,0.0,0.0,VST
2019-04-02 00:00:00-04:00,26.06999969482422,26.34000015258789,25.90999984741211,26.31999969482422,22.559885025024414,2903700,0.0,0.0,VST
2019-04-03 00:00:00-04:00,26.34000015258789,26.610000610351562,26.149999618530273,26.190000534057617,22.44845962524414,3727000,0.0,0.0,VST
2019-04-04 00:00:00-04:00,26.139999389648438,26.209999084472656,25.84000015258789,26.049999237060547,22.328458786010742,3376600,0.0,0.0,VST
2019-04-05 00:00:00-04:00,26.1200008392334,26.149999618530273,25.764999389648438,25.940000534057617,22.234174728393555,3946000,0.0,0.0,VST
2019-04-08 00:00:00-04:00,25.899999618530273,25.920000076293945,25.600000381469727,25.760000228881836,22.07988929748535,3864600,0.0,0.0,VST
2019-04-09 00:00:00-04:00,25.770000457763672,25.80500030517578,25.309999465942383,25.489999771118164,21.848464965820312,4313100,0.0,0.0,VST
2019-04-10 00:00:00-04:00,25.530000686645508,26.059999465942383,25.459999084472656,25.899999618530273,22.19989013671875,3990200,0.0,0.0,VST
2019-04-11 00:00:00-04:00,25.969999313354492,26.15999984741211,25.899999618530273,26.040000915527344,22.319889068603516,3489700,0.0,0.0,VST
2019-04-12 00:00:00-04:00,26.110000610351562,26.149999618530273,25.920000076293945,26.100000381469727,22.37131690979004,3590200,0.0,0.0,VST
2019-04-15 00:00:00-04:00,26.1299991607666,26.364999771118164,25.889999389648438,25.989999771118164,22.277027130126953,2842700,0.0,0.0,VST
2019-04-16 00:00:00-04:00,25.979999542236328,26.260000228881836,25.94499969482422,25.979999542236328,22.268457412719727,3230800,0.0,0.0,VST
2019-04-17 00:00:00-04:00,26.049999237060547,26.209999084472656,25.489999771118164,25.670000076293945,22.00274658203125,3477200,0.0,0.0,VST
2019-04-18 00:00:00-04:00,25.790000915527344,26.15999984741211,25.729999542236328,26.010000228881836,22.294170379638672,3179200,0.0,0.0,VST
2019-04-22 00:00:00-04:00,25.989999771118164,26.329999923706055,25.989999771118164,26.200000762939453,22.457033157348633,3166900,0.0,0.0,VST
2019-04-23 00:00:00-04:00,26.260000228881836,26.56999969482422,26.209999084472656,26.420000076293945,22.645597457885742,2535000,0.0,0.0,VST
2019-04-24 00:00:00-04:00,26.450000762939453,26.700000762939453,26.329999923706055,26.59000015258789,22.791322708129883,2735200,0.0,0.0,VST
2019-04-25 00:00:00-04:00,26.610000610351562,27.0,26.424999237060547,26.799999237060547,22.971311569213867,3315700,0.0,0.0,VST
2019-04-26 00:00:00-04:00,26.920000076293945,27.100000381469727,26.8700008392334,27.020000457763672,23.15988540649414,3630800,0.0,0.0,VST
2019-04-29 00:00:00-04:00,27.06999969482422,27.149999618530273,26.899999618530273,27.049999237060547,23.18560028076172,2567200,0.0,0.0,VST
2019-04-30 00:00:00-04:00,27.020000457763672,27.270000457763672,26.934999465942383,27.25,23.35702896118164,6184100,0.0,0.0,VST
2019-05-01 00:00:00-04:00,27.229999542236328,27.459999084472656,27.110000610351562,27.25,23.35702896118164,3825500,0.0,0.0,VST
2019-05-02 00:00:00-04:00,27.110000610351562,27.479999542236328,27.065000534057617,27.25,23.35702896118164,4376300,0.0,0.0,VST
2019-05-03 00:00:00-04:00,27.559999465942383,27.860000610351562,26.594999313354492,26.65999984741211,22.851308822631836,5232500,0.0,0.0,VST
2019-05-06 00:00:00-04:00,26.829999923706055,26.850000381469727,26.06999969482422,26.309999465942383,22.551319122314453,5325500,0.0,0.0,VST
2019-05-07 00:00:00-04:00,26.100000381469727,26.56999969482422,26.06999969482422,26.149999618530273,22.41417121887207,5209900,0.0,0.0,VST
2019-05-08 00:00:00-04:00,25.899999618530273,26.020000457763672,24.600000381469727,25.190000534057617,21.591318130493164,10494100,0.0,0.0,VST
2019-05-09 00:00:00-04:00,24.950000762939453,25.040000915527344,24.514999389648438,24.850000381469727,21.29989242553711,5930200,0.0,0.0,VST
2019-05-10 00:00:00-04:00,24.920000076293945,25.010000228881836,24.56999969482422,24.829999923706055,21.282752990722656,4873900,0.0,0.0,VST
2019-05-13 00:00:00-04:00,24.450000762939453,24.489999771118164,24.030000686645508,24.469999313354492,20.97418212890625,5866300,0.0,0.0,VST
2019-05-14 00:00:00-04:00,24.549999237060547,25.010000228881836,24.5,24.56999969482422,21.05989646911621,5193500,0.0,0.0,VST
2019-05-15 00:00:00-04:00,24.540000915527344,24.809999465942383,24.280000686645508,24.5,20.999897003173828,3506800,0.0,0.0,VST
2019-05-16 00:00:00-04:00,24.479999542236328,24.8799991607666,24.43000030517578,24.65999984741211,21.13703727722168,3576600,0.0,0.0,VST
2019-05-17 00:00:00-04:00,24.450000762939453,24.989999771118164,24.420000076293945,24.809999465942383,21.265607833862305,5581100,0.0,0.0,VST
2019-05-20 00:00:00-04:00,24.75,25.309999465942383,24.690000534057617,25.059999465942383,21.479894638061523,4867300,0.0,0.0,VST
2019-05-21 00:00:00-04:00,25.1299991607666,25.979999542236328,25.1299991607666,25.75,22.071319580078125,8589500,0.0,0.0,VST
2019-05-22 00:00:00-04:00,25.639999389648438,25.75,25.280000686645508,25.450000762939453,21.814178466796875,3870800,0.0,0.0,VST
2019-05-23 00:00:00-04:00,25.309999465942383,25.329999923706055,24.594999313354492,24.799999237060547,21.25704002380371,4289000,0.0,0.0,VST
2019-05-24 00:00:00-04:00,24.829999923706055,24.920000076293945,24.479999542236328,24.479999542236328,20.982751846313477,3022300,0.0,0.0,VST
2019-05-28 00:00:00-04:00,24.56999969482422,24.895000457763672,24.30500030517578,24.59000015258789,21.07703399658203,5944700,0.0,0.0,VST
2019-05-29 00:00:00-04:00,24.579999923706055,24.649999618530273,23.75,24.020000457763672,20.588470458984375,5216100,0.0,0.0,VST
2019-05-30 00:00:00-04:00,23.979999542236328,24.1200008392334,22.959999084472656,23.420000076293945,20.074180603027344,6915600,0.0,0.0,VST
2019-05-31 00:00:00-04:00,23.229999542236328,23.864999771118164,23.190000534057617,23.559999465942383,20.194181442260742,7731200,0.0,0.0,VST
2019-06-03 00:00:00-04:00,23.6200008392334,23.889999389648438,23.530000686645508,23.760000228881836,20.365612030029297,3868100,0.0,0.0,VST
2019-06-04 00:00:00-04:00,24.1200008392334,24.309999465942383,23.514999389648438,24.270000457763672,20.802753448486328,5738800,0.0,0.0,VST
2019-06-05 00:00:00-04:00,24.3700008392334,24.690000534057617,24.100000381469727,24.610000610351562,21.094181060791016,3995100,0.0,0.0,VST
2019-06-06 00:00:00-04:00,24.709999084472656,25.139999389648438,24.40999984741211,24.6200008392334,21.102754592895508,2783900,0.0,0.0,VST
2019-06-07 00:00:00-04:00,24.719999313354492,24.809999465942383,24.290000915527344,24.309999465942383,20.837038040161133,4268600,0.0,0.0,VST
2019-06-10 00:00:00-04:00,24.299999237060547,24.479999542236328,24.03499984741211,24.110000610351562,20.665607452392578,2852300,0.0,0.0,VST
2019-06-11 00:00:00-04:00,24.1200008392334,24.59000015258789,24.040000915527344,24.56999969482422,21.05989646911621,2895400,0.0,0.0,VST
2019-06-12 00:00:00-04:00,24.6200008392334,24.700000762939453,24.040000915527344,24.219999313354492,20.759891510009766,3577100,0.0,0.0,VST
2019-06-13 00:00:00-04:00,24.139999389648438,24.34000015258789,23.7450008392334,23.860000610351562,20.55742073059082,3474800,0.125,0.0,VST
2019-06-14 00:00:00-04:00,23.860000610351562,23.899999618530273,23.55500030517578,23.770000457763672,20.479883193969727,2875100,0.0,0.0,VST
2019-06-17 00:00:00-04:00,23.739999771118164,23.75,23.165000915527344,23.260000228881836,20.04047203063965,6941800,0.0,0.0,VST
2019-06-18 00:00:00-04:00,23.440000534057617,23.719999313354492,23.360000610351562,23.600000381469727,20.33341407775879,4431900,0.0,0.0,VST
2019-06-19 00:00:00-04:00,23.600000381469727,23.920000076293945,23.59000015258789,23.81999969482422,20.52295684814453,3856000,0.0,0.0,VST
2019-06-20 00:00:00-04:00,24.110000610351562,24.25,23.899999618530273,24.190000534057617,20.841751098632812,3043400,0.0,0.0,VST
2019-06-21 00:00:00-04:00,24.209999084472656,24.31999969482422,23.75,24.100000381469727,20.76421356201172,11378100,0.0,0.0,VST
2019-06-24 00:00:00-04:00,24.200000762939453,24.225000381469727,23.770000457763672,23.889999389648438,20.583271026611328,4640000,0.0,0.0,VST
2019-06-25 00:00:00-04:00,23.899999618530273,23.90999984741211,23.290000915527344,23.3700008392334,20.135244369506836,5542400,0.0,0.0,VST
2019-06-26 00:00:00-04:00,23.329999923706055,23.469999313354492,22.200000762939453,22.260000228881836,19.17888832092285,9892000,0.0,0.0,VST
2019-06-27 00:00:00-04:00,22.260000228881836,22.3700008392334,21.889999389648438,22.239999771118164,19.161657333374023,9463400,0.0,0.0,VST
2019-06-28 00:00:00-04:00,22.299999237060547,22.665000915527344,22.290000915527344,22.639999389648438,19.50628662109375,8405600,0.0,0.0,VST
2019-07-01 00:00:00-04:00,22.709999084472656,22.850000381469727,22.43000030517578,22.760000228881836,19.60968017578125,4171100,0.0,0.0,VST
2019-07-02 00:00:00-04:00,22.790000915527344,22.84000015258789,22.43000030517578,22.6200008392334,19.489057540893555,4029900,0.0,0.0,VST
2019-07-03 00:00:00-04:00,22.690000534057617,22.889999389648438,22.514999389648438,22.540000915527344,19.420127868652344,6179900,0.0,0.0,VST
2019-07-05 00:00:00-04:00,22.459999084472656,22.84000015258789,22.389999389648438,22.540000915527344,19.420127868652344,3071800,0.0,0.0,VST
2019-07-08 00:00:00-04:00,22.40999984741211,22.559999465942383,22.170000076293945,22.43000030517578,19.325355529785156,4829400,0.0,0.0,VST
2019-07-09 00:00:00-04:00,22.389999389648438,22.559999465942383,22.260000228881836,22.420000076293945,19.31673812866211,3373000,0.0,0.0,VST
2019-07-10 00:00:00-04:00,22.440000534057617,22.7549991607666,22.389999389648438,22.43000030517578,19.325355529785156,3610700,0.0,0.0,VST
2019-07-11 00:00:00-04:00,22.440000534057617,22.459999084472656,22.15999984741211,22.389999389648438,19.290891647338867,5320800,0.0,0.0,VST
2019-07-12 00:00:00-04:00,22.469999313354492,22.719999313354492,22.219999313354492,22.579999923706055,19.45459747314453,2316000,0.0,0.0,VST
2019-07-15 00:00:00-04:00,22.600000381469727,22.639999389648438,22.350000381469727,22.549999237060547,19.428741455078125,2719200,0.0,0.0,VST
2019-07-16 00:00:00-04:00,22.450000762939453,22.639999389648438,21.860000610351562,21.969999313354492,18.92902374267578,4410100,0.0,0.0,VST
2019-07-17 00:00:00-04:00,21.950000762939453,22.3700008392334,21.950000762939453,22.219999313354492,19.144420623779297,3056700,0.0,0.0,VST
2019-07-18 00:00:00-04:00,22.170000076293945,22.280000686645508,21.84000015258789,22.110000610351562,19.049650192260742,2598000,0.0,0.0,VST
2019-07-19 00:00:00-04:00,22.139999389648438,22.270000457763672,21.829999923706055,21.829999923706055,18.808408737182617,2978900,0.0,0.0,VST
2019-07-22 00:00:00-04:00,21.84000015258789,21.854999542236328,21.579999923706055,21.610000610351562,18.618850708007812,2981300,0.0,0.0,VST
2019-07-23 00:00:00-04:00,21.670000076293945,21.68000030517578,21.364999771118164,21.43000030517578,18.46377182006836,2451400,0.0,0.0,VST
2019-07-24 00:00:00-04:00,21.40999984741211,21.635000228881836,21.325000762939453,21.559999465942383,18.575775146484375,1959100,0.0,0.0,VST
2019-07-25 00:00:00-04:00,21.459999084472656,22.075000762939453,21.440000534057617,21.920000076293945,18.88595199584961,2949900,0.0,0.0,VST
2019-07-26 00:00:00-04:00,21.950000762939453,22.059999465942383,21.649999618530273,21.75,18.739479064941406,1956000,0.0,0.0,VST
2019-07-29 00:00:00-04:00,21.770000457763672,21.934999465942383,21.530000686645508,21.770000457763672,18.756711959838867,3175100,0.0,0.0,VST
2019-07-30 00:00:00-04:00,21.68000030517578,21.899999618530273,21.600000381469727,21.8700008392334,18.84286880493164,2870400,0.0,0.0,VST
2019-07-31 00:00:00-04:00,21.850000381469727,21.96500015258789,21.43000030517578,21.459999084472656,18.489620208740234,5401600,0.0,0.0,VST
2019-08-01 00:00:00-04:00,21.450000762939453,21.799999237060547,21.350000381469727,21.549999237060547,18.567163467407227,3266500,0.0,0.0,VST
2019-08-02 00:00:00-04:00,21.75,22.360000610351562,21.350000381469727,22.040000915527344,18.98933982849121,4687400,0.0,0.0,VST
2019-08-05 00:00:00-04:00,21.84000015258789,21.954999923706055,21.510000228881836,21.719999313354492,18.713626861572266,5243000,0.0,0.0,VST
2019-08-06 00:00:00-04:00,21.75,22.325000762939453,21.6299991607666,22.280000686645508,19.196123123168945,5022400,0.0,0.0,VST
2019-08-07 00:00:00-04:00,22.229999542236328,22.610000610351562,22.059999465942383,22.059999465942383,19.006567001342773,6233800,0.0,0.0,VST
2019-08-08 00:00:00-04:00,22.09000015258789,22.829999923706055,22.045000076293945,22.75,19.601064682006836,4783200,0.0,0.0,VST
2019-08-09 00:00:00-04:00,22.700000762939453,22.770000457763672,22.1299991607666,22.1299991607666,19.066879272460938,3182400,0.0,0.0,VST
2019-08-12 00:00:00-04:00,22.030000686645508,22.110000610351562,21.7450008392334,22.100000381469727,19.041032791137695,1880900,0.0,0.0,VST
2019-08-13 00:00:00-04:00,22.049999237060547,22.739999771118164,22.0,22.59000015258789,19.463214874267578,4371500,0.0,0.0,VST
2019-08-14 00:00:00-04:00,22.530000686645508,22.8700008392334,22.219999313354492,22.290000915527344,19.204736709594727,8127100,0.0,0.0,VST
2019-08-15 00:00:00-04:00,22.399999618530273,22.739999771118164,22.25,22.610000610351562,19.480445861816406,5829700,0.0,0.0,VST
2019-08-16 00:00:00-04:00,22.700000762939453,23.739999771118164,22.700000762939453,23.690000534057617,20.41095542907715,5835000,0.0,0.0,VST
2019-08-19 00:00:00-04:00,23.989999771118164,23.989999771118164,23.454999923706055,23.690000534057617,20.41095542907715,5318100,0.0,0.0,VST
2019-08-20 00:00:00-04:00,23.610000610351562,23.829999923706055,23.290000915527344,23.790000915527344,20.497112274169922,7207500,0.0,0.0,VST
2019-08-21 00:00:00-04:00,23.940000534057617,24.190000534057617,23.760000228881836,24.110000610351562,20.7728214263916,6583200,0.0,0.0,VST
2019-08-22 00:00:00-04:00,24.1200008392334,24.415000915527344,24.049999237060547,24.139999389648438,20.79866600036621,4263000,0.0,0.0,VST
2019-08-23 00:00:00-04:00,24.219999313354492,24.399999618530273,23.899999618530273,23.979999542236328,20.66081428527832,5871000,0.0,0.0,VST
2019-08-26 00:00:00-04:00,24.100000381469727,24.270000457763672,23.950000762939453,24.260000228881836,20.902057647705078,3064000,0.0,0.0,VST
2019-08-27 00:00:00-04:00,24.350000381469727,24.59000015258789,23.950000762939453,23.989999771118164,20.66942596435547,4009600,0.0,0.0,VST
2019-08-28 00:00:00-04:00,24.0,24.05500030517578,23.93000030517578,24.040000915527344,20.712514877319336,2858900,0.0,0.0,VST
2019-08-29 00:00:00-04:00,24.200000762939453,24.440000534057617,24.18000030517578,24.399999618530273,21.022676467895508,4064700,0.0,0.0,VST
2019-08-30 00:00:00-04:00,24.5,25.017000198364258,24.5,24.950000762939453,21.49655532836914,3064800,0.0,0.0,VST
2019-09-03 00:00:00-04:00,24.899999618530273,25.110000610351562,24.790000915527344,25.06999969482422,21.59994125366211,4526500,0.0,0.0,VST
2019-09-04 00:00:00-04:00,25.299999237060547,25.459999084472656,25.020000457763672,25.219999313354492,21.72918128967285,3647800,0.0,0.0,VST
2019-09-05 00:00:00-04:00,25.219999313354492,25.719999313354492,25.104999542236328,25.68000030517578,22.125511169433594,3816200,0.0,0.0,VST
2019-09-06 00:00:00-04:00,25.75,25.8799991607666,25.399999618530273,25.530000686645508,21.99627113342285,4901800,0.0,0.0,VST
2019-09-09 00:00:00-04:00,25.520000457763672,25.670000076293945,25.3799991607666,25.549999237060547,22.013500213623047,5314100,0.0,0.0,VST
2019-09-10 00:00:00-04:00,25.6299991607666,26.1200008392334,25.584999084472656,25.6200008392334,22.07381248474121,6054100,0.0,0.0,VST
2019-09-11 00:00:00-04:00,25.6299991607666,26.100000381469727,25.5939998626709,25.969999313354492,22.375368118286133,9105700,0.0,0.0,VST
2019-09-12 00:00:00-04:00,26.010000228881836,26.485000610351562,25.979999542236328,26.270000457763672,22.633848190307617,3636600,0.0,0.0,VST
2019-09-13 00:00:00-04:00,26.0,26.280000686645508,25.84000015258789,26.25,22.72474479675293,3741800,0.125,0.0,VST
2019-09-16 00:00:00-04:00,26.260000228881836,26.68000030517578,26.1200008392334,26.559999465942383,22.99311065673828,4657500,0.0,0.0,VST
2019-09-17 00:00:00-04:00,26.59000015258789,26.94499969482422,26.559999465942383,26.65999984741211,23.079683303833008,7206700,0.0,0.0,VST
2019-09-18 00:00:00-04:00,26.709999084472656,26.829999923706055,26.479999542236328,26.75,23.157594680786133,6021000,0.0,0.0,VST
2019-09-19 00:00:00-04:00,26.850000381469727,26.920000076293945,26.579999923706055,26.68000030517578,23.097000122070312,4201100,0.0,0.0,VST
2019-09-20 00:00:00-04:00,26.799999237060547,27.190000534057617,26.65999984741211,27.139999389648438,23.49521827697754,9024200,0.0,0.0,VST
2019-09-23 00:00:00-04:00,27.079999923706055,27.229999542236328,26.924999237060547,26.959999084472656,23.33939552307129,4127200,0.0,0.0,VST
2019-09-24 00:00:00-04:00,27.020000457763672,27.209999084472656,26.709999084472656,26.979999542236328,23.356706619262695,4222900,0.0,0.0,VST
2019-09-25 00:00:00-04:00,26.90999984741211,27.209999084472656,26.739999771118164,27.149999618530273,23.503877639770508,3781200,0.0,0.0,VST
2019-09-26 00:00:00-04:00,27.149999618530273,27.15999984741211,26.760000228881836,26.8799991607666,23.2701358795166,3351900,0.0,0.0,VST
2019-09-27 00:00:00-04:00,26.940000534057617,26.969999313354492,26.545000076293945,26.739999771118164,23.148941040039062,3232400,0.0,0.0,VST
2019-09-30 00:00:00-04:00,26.6200008392334,26.8799991607666,26.59000015258789,26.729999542236328,23.140283584594727,4049400,0.0,0.0,VST
2019-10-01 00:00:00-04:00,26.709999084472656,26.8700008392334,26.469999313354492,26.5,22.941171646118164,2711000,0.0,0.0,VST
2019-10-02 00:00:00-04:00,26.389999389648438,26.461999893188477,26.1200008392334,26.1200008392334,22.61220359802246,5042500,0.0,0.0,VST
2019-10-03 00:00:00-04:00,26.15999984741211,26.295000076293945,26.020000457763672,26.229999542236328,22.707433700561523,3152900,0.0,0.0,VST
2019-10-04 00:00:00-04:00,26.34000015258789,26.93000030517578,26.170000076293945,26.93000030517578,23.31342315673828,2798200,0.0,0.0,VST
2019-10-07 00:00:00-04:00,26.93000030517578,27.219999313354492,26.809999465942383,27.0,23.374021530151367,4198200,0.0,0.0,VST
2019-10-08 00:00:00-04:00,26.940000534057617,27.479999542236328,26.81999969482422,27.139999389648438,23.49521827697754,4395500,0.0,0.0,VST
2019-10-09 00:00:00-04:00,27.18000030517578,27.31999969482422,26.940000534057617,27.06999969482422,23.43461799621582,3013700,0.0,0.0,VST
2019-10-10 00:00:00-04:00,27.049999237060547,27.049999237060547,26.75,26.920000076293945,23.304763793945312,3639100,0.0,0.0,VST
2019-10-11 00:00:00-04:00,27.030000686645508,27.415000915527344,26.93000030517578,27.09000015258789,23.45193862915039,3626200,0.0,0.0,VST
2019-10-14 00:00:00-04:00,27.229999542236328,27.229999542236328,26.90999984741211,26.969999313354492,23.348052978515625,2106400,0.0,0.0,VST
2019-10-15 00:00:00-04:00,27.0,27.149999618530273,26.80500030517578,26.899999618530273,23.28744888305664,3470900,0.0,0.0,VST
2019-10-16 00:00:00-04:00,26.84000015258789,26.940000534057617,26.540000915527344,26.65999984741211,23.079683303833008,2974300,0.0,0.0,VST
2019-10-17 00:00:00-04:00,26.760000228881836,26.93000030517578,26.639999389648438,26.84000015258789,23.23551368713379,2899100,0.0,0.0,VST
2019-10-18 00:00:00-04:00,26.84000015258789,26.94499969482422,26.56999969482422,26.790000915527344,23.19222640991211,4131700,0.0,0.0,VST
2019-10-21 00:00:00-04:00,26.950000762939453,27.219999313354492,26.950000762939453,27.049999237060547,23.417308807373047,3258200,0.0,0.0,VST
2019-10-22 00:00:00-04:00,27.1200008392334,27.204999923706055,26.940000534057617,27.100000381469727,23.46059799194336,2334500,0.0,0.0,VST
2019-10-23 00:00:00-04:00,27.059999465942383,27.165000915527344,26.8799991607666,27.040000915527344,23.408647537231445,2594800,0.0,0.0,VST
2019-10-24 00:00:00-04:00,27.170000076293945,27.170000076293945,26.850000381469727,26.989999771118164,23.3653621673584,2787000,0.0,0.0,VST
2019-10-25 00:00:00-04:00,26.950000762939453,27.149999618530273,26.920000076293945,27.100000381469727,23.46059799194336,3156500,0.0,0.0,VST
2019-10-28 00:00:00-04:00,27.139999389648438,27.235000610351562,26.979999542236328,26.989999771118164,23.3653621673584,2671700,0.0,0.0,VST
2019-10-29 00:00:00-04:00,26.860000610351562,27.184999465942383,26.790000915527344,27.030000686645508,23.399991989135742,4210100,0.0,0.0,VST
2019-10-30 00:00:00-04:00,27.079999923706055,27.290000915527344,26.829999923706055,27.25,23.590452194213867,4523800,0.0,0.0,VST
2019-10-31 00:00:00-04:00,27.200000762939453,27.420000076293945,26.979999542236328,27.030000686645508,23.399991989135742,3552900,0.0,0.0,VST
2019-11-01 00:00:00-04:00,27.09000015258789,27.280000686645508,26.950000762939453,27.170000076293945,23.521190643310547,3485700,0.0,0.0,VST
2019-11-04 00:00:00-05:00,27.1299991607666,27.520000457763672,27.06999969482422,27.3700008392334,23.6943302154541,4911800,0.0,0.0,VST
2019-11-05 00:00:00-05:00,27.559999465942383,27.959999084472656,26.325000762939453,26.360000610351562,22.819971084594727,5592900,0.0,0.0,VST
2019-11-06 00:00:00-05:00,26.440000534057617,26.579999923706055,25.649999618530273,25.75,22.29189109802246,4139700,0.0,0.0,VST
2019-11-07 00:00:00-05:00,26.229999542236328,26.729999542236328,25.825000762939453,26.209999084472656,22.690114974975586,5206900,0.0,0.0,VST
2019-11-08 00:00:00-05:00,26.209999084472656,26.290000915527344,25.88800048828125,26.0,22.50831413269043,3823000,0.0,0.0,VST
2019-11-11 00:00:00-05:00,26.040000915527344,26.219999313354492,26.010000228881836,26.09000015258789,22.58623504638672,3014700,0.0,0.0,VST
2019-11-12 00:00:00-05:00,26.010000228881836,26.479999542236328,26.010000228881836,26.299999237060547,22.768030166625977,3348800,0.0,0.0,VST
2019-11-13 00:00:00-05:00,26.290000915527344,26.290000915527344,25.979999542236328,26.0,22.50831413269043,3509000,0.0,0.0,VST
2019-11-14 00:00:00-05:00,26.059999465942383,26.530000686645508,25.84000015258789,26.34000015258789,22.80265235900879,10555700,0.0,0.0,VST
2019-11-15 00:00:00-05:00,26.389999389648438,26.510000228881836,26.125,26.200000762939453,22.68146324157715,7102000,0.0,0.0,VST
2019-11-18 00:00:00-05:00,26.280000686645508,26.780000686645508,26.2450008392334,26.68000030517578,23.097000122070312,6045000,0.0,0.0,VST
2019-11-19 00:00:00-05:00,26.719999313354492,26.719999313354492,26.200000762939453,26.440000534057617,22.889230728149414,4163900,0.0,0.0,VST
2019-11-20 00:00:00-05:00,26.360000610351562,26.690000534057617,26.360000610351562,26.690000534057617,23.10565757751465,4800800,0.0,0.0,VST
2019-11-21 00:00:00-05:00,26.719999313354492,26.799999237060547,26.270000457763672,26.440000534057617,22.889230728149414,3049600,0.0,0.0,VST
2019-11-22 00:00:00-05:00,26.43000030517578,26.690000534057617,26.299999237060547,26.530000686645508,22.967144012451172,2878300,0.0,0.0,VST
2019-11-25 00:00:00-05:00,26.5,26.700000762939453,26.170000076293945,26.270000457763672,22.7420597076416,2721100,0.0,0.0,VST
2019-11-26 00:00:00-05:00,26.309999465942383,26.309999465942383,26.0049991607666,26.170000076293945,22.655488967895508,3042500,0.0,0.0,VST
2019-11-27 00:00:00-05:00,26.280000686645508,26.510000228881836,26.139999389648438,26.479999542236328,22.923852920532227,1759300,0.0,0.0,VST
2019-11-29 00:00:00-05:00,26.43000030517578,26.68000030517578,26.264999389648438,26.530000686645508,22.967144012451172,1477800,0.0,0.0,VST
2019-12-02 00:00:00-05:00,26.520000457763672,26.690000534057617,26.440000534057617,26.459999084472656,22.906543731689453,3318000,0.0,0.0,VST
2019-12-03 00:00:00-05:00,26.43000030517578,26.510000228881836,26.09000015258789,26.40999984741211,22.863256454467773,2968000,0.0,0.0,VST
2019-12-04 00:00:00-05:00,25.729999542236328,25.729999542236328,24.94499969482422,25.110000610351562,21.73784065246582,15051700,0.0,0.0,VST
2019-12-05 00:00:00-05:00,25.209999084472656,25.299999237060547,24.329999923706055,24.450000762939453,21.166473388671875,7182300,0.0,0.0,VST
2019-12-06 00:00:00-05:00,24.479999542236328,24.59000015258789,24.010000228881836,24.09000015258789,20.854827880859375,7784500,0.0,0.0,VST
2019-12-09 00:00:00-05:00,24.170000076293945,24.264999389648438,23.56999969482422,23.670000076293945,20.491228103637695,7410700,0.0,0.0,VST
2019-12-10 00:00:00-05:00,23.899999618530273,24.059999465942383,23.434999465942383,23.84000015258789,20.63838768005371,7237800,0.0,0.0,VST
2019-12-11 00:00:00-05:00,23.780000686645508,24.110000610351562,23.780000686645508,23.899999618530273,20.690343856811523,3455300,0.0,0.0,VST
2019-12-12 00:00:00-05:00,24.0,24.235000610351562,23.920000076293945,24.049999237060547,20.82019805908203,3563300,0.0,0.0,VST
2019-12-13 00:00:00-05:00,24.0,24.100000381469727,23.65999984741211,23.709999084472656,20.633094787597656,3242500,0.125,0.0,VST
2019-12-16 00:00:00-05:00,23.68000030517578,24.30500030517578,23.65999984741211,24.239999771118164,21.094316482543945,6451200,0.0,0.0,VST
2019-12-17 00:00:00-05:00,24.389999389648438,24.40999984741211,23.829999923706055,23.940000534057617,20.8332462310791,5751700,0.0,0.0,VST
2019-12-18 00:00:00-05:00,23.899999618530273,24.190000534057617,23.739999771118164,23.8799991607666,20.781034469604492,5735300,0.0,0.0,VST
2019-12-19 00:00:00-05:00,23.889999389648438,24.514999389648438,23.8799991607666,24.229999542236328,21.08561134338379,7397400,0.0,0.0,VST
2019-12-20 00:00:00-05:00,24.280000686645508,24.600000381469727,23.940000534057617,24.010000228881836,20.894168853759766,13691800,0.0,0.0,VST
2019-12-23 00:00:00-05:00,24.06999969482422,24.079999923706055,23.549999237060547,23.649999618530273,20.580881118774414,4751000,0.0,0.0,VST
2019-12-24 00:00:00-05:00,23.68000030517578,23.709999084472656,23.440000534057617,23.489999771118164,20.4416446685791,1177000,0.0,0.0,VST
2019-12-26 00:00:00-05:00,23.549999237060547,23.579999923706055,22.969999313354492,23.030000686645508,20.041339874267578,3350000,0.0,0.0,VST
2019-12-27 00:00:00-05:00,23.0,23.09000015258789,22.645000457763672,22.81999969482422,19.858592987060547,4282600,0.0,0.0,VST
2019-12-30 00:00:00-05:00,22.719999313354492,23.014999389648438,22.684999465942383,22.81999969482422,19.858592987060547,3846800,0.0,0.0,VST
2019-12-31 00:00:00-05:00,22.739999771118164,23.049999237060547,22.719999313354492,22.989999771118164,20.00653076171875,3475900,0.0,0.0,VST
2020-01-02 00:00:00-05:00,23.079999923706055,23.079999923706055,22.625,22.84000015258789,19.875999450683594,3934900,0.0,0.0,VST
2020-01-03 00:00:00-05:00,22.719999313354492,23.1299991607666,22.719999313354492,23.079999923706055,20.084848403930664,3768200,0.0,0.0,VST
2020-01-06 00:00:00-05:00,23.040000915527344,23.135000228881836,22.610000610351562,22.690000534057617,19.745460510253906,4901400,0.0,0.0,VST
2020-01-07 00:00:00-05:00,22.610000610351562,22.8799991607666,22.53499984741211,22.829999923706055,19.86729621887207,4697800,0.0,0.0,VST
2020-01-08 00:00:00-05:00,22.790000915527344,23.21500015258789,22.700000762939453,23.1299991607666,20.12836265563965,5776900,0.0,0.0,VST
2020-01-09 00:00:00-05:00,23.149999618530273,23.219999313354492,22.829999923706055,22.860000610351562,19.893404006958008,3955900,0.0,0.0,VST
2020-01-10 00:00:00-05:00,22.860000610351562,23.065000534057617,22.665000915527344,22.760000228881836,19.806379318237305,4132500,0.0,0.0,VST
2020-01-13 00:00:00-05:00,22.719999313354492,22.860000610351562,22.5,22.530000686645508,19.60622787475586,5545700,0.0,0.0,VST
2020-01-14 00:00:00-05:00,22.510000228881836,22.739999771118164,22.479999542236328,22.670000076293945,19.728057861328125,3805800,0.0,0.0,VST
2020-01-15 00:00:00-05:00,22.600000381469727,23.010000228881836,22.600000381469727,22.729999542236328,19.780275344848633,4738600,0.0,0.0,VST
2020-01-16 00:00:00-05:00,22.809999465942383,23.43000030517578,22.809999465942383,23.200000762939453,20.18928337097168,6538100,0.0,0.0,VST
2020-01-17 00:00:00-05:00,23.260000228881836,23.360000610351562,22.93000030517578,22.940000534057617,19.96302032470703,3208700,0.0,0.0,VST
2020-01-21 00:00:00-05:00,22.93000030517578,22.989999771118164,22.700000762939453,22.709999084472656,19.76286506652832,3703100,0.0,0.0,VST
2020-01-22 00:00:00-05:00,22.829999923706055,23.020000457763672,22.690000534057617,22.739999771118164,19.788972854614258,2727500,0.0,0.0,VST
2020-01-23 00:00:00-05:00,22.770000457763672,23.010000228881836,22.6299991607666,22.959999084472656,19.980424880981445,3577200,0.0,0.0,VST
2020-01-24 00:00:00-05:00,22.8799991607666,22.934999465942383,22.059999465942383,22.170000076293945,19.292945861816406,3768600,0.0,0.0,VST
2020-01-27 00:00:00-05:00,22.010000228881836,22.09000015258789,21.649999618530273,21.649999618530273,18.840425491333008,3040000,0.0,0.0,VST
2020-01-28 00:00:00-05:00,21.709999084472656,21.790000915527344,21.540000915527344,21.540000915527344,18.744699478149414,2610400,0.0,0.0,VST
2020-01-29 00:00:00-05:00,21.510000228881836,22.219999313354492,21.360000610351562,22.1299991607666,19.258132934570312,5300400,0.0,0.0,VST
2020-01-30 00:00:00-05:00,22.15999984741211,22.450000762939453,21.81999969482422,22.40999984741211,19.501798629760742,4797800,0.0,0.0,VST
2020-01-31 00:00:00-05:00,22.299999237060547,22.600000381469727,22.219999313354492,22.520000457763672,19.597522735595703,5032700,0.0,0.0,VST
2020-02-03 00:00:00-05:00,22.530000686645508,22.75,22.3700008392334,22.56999969482422,19.641035079956055,3294300,0.0,0.0,VST
2020-02-04 00:00:00-05:00,22.68000030517578,22.829999923706055,22.040000915527344,22.040000915527344,19.17981719970703,3919600,0.0,0.0,VST
2020-02-05 00:00:00-05:00,22.06999969482422,22.5049991607666,21.850000381469727,21.93000030517578,19.084091186523438,4304300,0.0,0.0,VST
2020-02-06 00:00:00-05:00,21.959999084472656,22.010000228881836,21.719999313354492,21.719999313354492,18.901338577270508,3945300,0.0,0.0,VST
2020-02-07 00:00:00-05:00,21.739999771118164,22.360000610351562,21.739999771118164,22.299999237060547,19.406078338623047,4736800,0.0,0.0,VST
2020-02-10 00:00:00-05:00,22.299999237060547,22.375,22.06999969482422,22.270000457763672,19.37996482849121,2971400,0.0,0.0,VST
2020-02-11 00:00:00-05:00,22.3700008392334,23.440000534057617,22.329999923706055,22.979999542236328,19.997827529907227,9173400,0.0,0.0,VST
2020-02-12 00:00:00-05:00,22.829999923706055,23.19499969482422,22.829999923706055,22.93000030517578,19.95431900024414,5164400,0.0,0.0,VST
2020-02-13 00:00:00-05:00,22.93000030517578,23.09000015258789,22.860000610351562,23.06999969482422,20.076148986816406,1847200,0.0,0.0,VST
2020-02-14 00:00:00-05:00,23.1299991607666,23.299999237060547,23.059999465942383,23.290000915527344,20.26759910583496,3262100,0.0,0.0,VST
2020-02-18 00:00:00-05:00,23.3799991607666,23.600000381469727,23.15999984741211,23.360000610351562,20.328516006469727,4229100,0.0,0.0,VST
2020-02-19 00:00:00-05:00,23.399999618530273,23.454999923706055,22.68000030517578,22.690000534057617,19.745460510253906,3211100,0.0,0.0,VST
2020-02-20 00:00:00-05:00,22.709999084472656,22.959999084472656,22.584999084472656,22.90999984741211,19.93691062927246,3439100,0.0,0.0,VST
2020-02-21 00:00:00-05:00,22.8700008392334,23.459999084472656,22.790000915527344,23.43000030517578,20.389427185058594,4101600,0.0,0.0,VST
2020-02-24 00:00:00-05:00,23.18000030517578,23.190000534057617,22.6200008392334,22.979999542236328,19.997827529907227,3824400,0.0,0.0,VST
2020-02-25 00:00:00-05:00,23.040000915527344,23.280000686645508,22.1299991607666,22.139999389648438,19.26683807373047,6927000,0.0,0.0,VST
2020-02-26 00:00:00-05:00,22.31999969482422,22.625,21.670000076293945,21.68000030517578,18.866533279418945,6505700,0.0,0.0,VST
2020-02-27 00:00:00-05:00,21.579999923706055,21.600000381469727,20.459999084472656,20.59000015258789,17.917987823486328,7335100,0.0,0.0,VST
2020-02-28 00:00:00-05:00,20.43000030517578,20.43000030517578,18.75,19.229999542236328,16.734477996826172,12553900,0.0,0.0,VST
2020-03-02 00:00:00-05:00,19.299999237060547,20.235000610351562,18.940000534057617,20.139999389648438,17.526384353637695,8020800,0.0,0.0,VST
2020-03-03 00:00:00-05:00,20.25,21.030000686645508,20.100000381469727,20.25,17.622108459472656,5850400,0.0,0.0,VST
2020-03-04 00:00:00-05:00,20.520000457763672,21.079999923706055,20.420000076293945,21.049999237060547,18.318288803100586,5557900,0.0,0.0,VST
2020-03-05 00:00:00-05:00,20.8799991607666,21.0,20.3799991607666,20.639999389648438,17.961490631103516,4195700,0.0,0.0,VST
2020-03-06 00:00:00-05:00,19.90999984741211,20.829999923706055,19.84000015258789,20.530000686645508,17.865774154663086,3905500,0.0,0.0,VST
2020-03-09 00:00:00-04:00,19.040000915527344,19.315000534057617,18.040000915527344,18.43000030517578,16.03829002380371,7633800,0.0,0.0,VST
2020-03-10 00:00:00-04:00,18.969999313354492,19.3799991607666,17.889999389648438,19.34000015258789,16.830196380615234,5197100,0.0,0.0,VST
2020-03-11 00:00:00-04:00,18.760000228881836,18.940000534057617,17.270000457763672,17.790000915527344,15.481351852416992,9774300,0.0,0.0,VST
2020-03-12 00:00:00-04:00,16.360000610351562,16.75,14.270000457763672,14.550000190734863,12.661810874938965,9958400,0.0,0.0,VST
2020-03-13 00:00:00-04:00,15.40999984741211,15.90999984741211,14.510000228881836,15.489999771118164,13.479825019836426,8778900,0.0,0.0,VST
2020-03-16 00:00:00-04:00,14.260000228881836,15.475000381469727,13.5,13.6899995803833,12.018157005310059,6744100,0.135,0.0,VST
2020-03-17 00:00:00-04:00,14.069999694824219,14.380000114440918,12.664999961853027,12.890000343322754,11.315852165222168,5373900,0.0,0.0,VST
2020-03-18 00:00:00-04:00,11.949999809265137,13.039999961853027,11.300000190734863,12.600000381469727,11.061270713806152,8804100,0.0,0.0,VST
2020-03-19 00:00:00-04:00,12.430000305175781,14.4399995803833,12.34000015258789,14.220000267028809,12.48343276977539,7457700,0.0,0.0,VST
2020-03-20 00:00:00-04:00,14.600000381469727,14.729999542236328,13.824999809265137,14.079999923706055,12.360530853271484,11443200,0.0,0.0,VST
2020-03-23 00:00:00-04:00,14.029999732971191,14.119999885559082,12.704999923706055,12.920000076293945,11.34218978881836,9830700,0.0,0.0,VST
2020-03-24 00:00:00-04:00,13.729999542236328,15.015000343322754,13.675000190734863,14.609999656677246,12.825801849365234,6688200,0.0,0.0,VST
2020-03-25 00:00:00-04:00,14.569999694824219,15.529999732971191,13.859999656677246,14.6899995803833,12.896035194396973,6976600,0.0,0.0,VST
2020-03-26 00:00:00-04:00,14.84000015258789,16.204999923706055,14.260000228881836,15.789999961853027,13.861698150634766,7048600,0.0,0.0,VST
2020-03-27 00:00:00-04:00,15.210000038146973,16.709999084472656,14.720000267028809,16.389999389648438,14.388428688049316,6820300,0.0,0.0,VST
2020-03-30 00:00:00-04:00,16.489999771118164,16.6299991607666,15.460000038146973,16.059999465942383,14.098727226257324,4086300,0.0,0.0,VST
2020-03-31 00:00:00-04:00,15.829999923706055,16.260000228881836,15.595000267028809,15.960000038146973,14.010941505432129,5448300,0.0,0.0,VST
2020-04-01 00:00:00-04:00,15.270000457763672,15.454999923706055,15.039999961853027,15.329999923706055,13.457877159118652,4538300,0.0,0.0,VST
2020-04-02 00:00:00-04:00,15.15999984741211,16.030000686645508,15.09000015258789,15.979999542236328,14.028498649597168,6455400,0.0,0.0,VST
2020-04-03 00:00:00-04:00,15.850000381469727,16.149999618530273,15.600000381469727,15.829999923706055,13.896814346313477,7313300,0.0,0.0,VST
2020-04-06 00:00:00-04:00,16.489999771118164,16.81999969482422,15.729999542236328,16.020000457763672,14.063612937927246,6454300,0.0,0.0,VST
2020-04-07 00:00:00-04:00,16.600000381469727,16.969999313354492,16.260000228881836,16.299999237060547,14.309418678283691,4790600,0.0,0.0,VST
2020-04-08 00:00:00-04:00,16.399999618530273,17.530000686645508,16.309999465942383,17.459999084472656,15.327756881713867,2937600,0.0,0.0,VST
2020-04-09 00:00:00-04:00,17.780000686645508,18.690000534057617,17.415000915527344,17.790000915527344,15.617462158203125,3392700,0.0,0.0,VST
2020-04-13 00:00:00-04:00,17.690000534057617,17.739999771118164,16.469999313354492,17.139999389648438,15.046836853027344,2806900,0.0,0.0,VST
2020-04-14 00:00:00-04:00,17.459999084472656,17.709999084472656,16.969999313354492,17.420000076293945,15.292641639709473,4031900,0.0,0.0,VST
2020-04-15 00:00:00-04:00,16.8700008392334,16.969999313354492,15.975000381469727,16.190000534057617,14.21285343170166,5434600,0.0,0.0,VST
2020-04-16 00:00:00-04:00,16.270000457763672,16.31999969482422,15.770000457763672,16.100000381469727,14.133842468261719,5722500,0.0,0.0,VST
2020-04-17 00:00:00-04:00,16.5,17.6299991607666,16.40999984741211,17.540000915527344,15.397987365722656,4376100,0.0,0.0,VST
2020-04-20 00:00:00-04:00,17.219999313354492,17.59000015258789,16.68000030517578,16.889999389648438,14.827369689941406,5457200,0.0,0.0,VST
2020-04-21 00:00:00-04:00,16.530000686645508,17.075000762939453,16.360000610351562,17.020000457763672,14.941495895385742,4577500,0.0,0.0,VST
2020-04-22 00:00:00-04:00,17.389999389648438,17.729999542236328,17.06999969482422,17.639999389648438,15.48577880859375,2847300,0.0,0.0,VST
2020-04-23 00:00:00-04:00,17.75,17.770000457763672,17.3700008392334,17.5,15.362870216369629,2386400,0.0,0.0,VST
2020-04-24 00:00:00-04:00,17.520000457763672,18.22599983215332,17.459999084472656,18.040000915527344,15.836928367614746,1728400,0.0,0.0,VST
2020-04-27 00:00:00-04:00,18.389999389648438,19.06999969482422,18.1299991607666,18.950000762939453,16.635801315307617,3005900,0.0,0.0,VST
2020-04-28 00:00:00-04:00,19.329999923706055,19.940000534057617,19.06999969482422,19.209999084472656,16.864046096801758,3901500,0.0,0.0,VST
2020-04-29 00:00:00-04:00,19.790000915527344,20.200000762939453,19.469999313354492,19.75,17.338098526000977,5214900,0.0,0.0,VST
2020-04-30 00:00:00-04:00,19.549999237060547,19.690000534057617,19.079999923706055,19.540000915527344,17.153745651245117,3620100,0.0,0.0,VST
2020-05-01 00:00:00-04:00,19.15999984741211,19.520000457763672,18.850000381469727,19.350000381469727,16.986948013305664,3537300,0.0,0.0,VST
2020-05-04 00:00:00-04:00,19.149999618530273,19.25,18.649999618530273,18.969999313354492,16.653350830078125,3783000,0.0,0.0,VST
2020-05-05 00:00:00-04:00,20.68000030517578,20.68000030517578,18.68000030517578,18.719999313354492,16.43388557434082,5490000,0.0,0.0,VST
2020-05-06 00:00:00-04:00,18.760000228881836,18.8700008392334,18.040000915527344,18.229999542236328,16.003725051879883,3254600,0.0,0.0,VST
2020-05-07 00:00:00-04:00,18.420000076293945,18.540000915527344,17.8799991607666,17.950000762939453,15.757919311523438,4784200,0.0,0.0,VST
2020-05-08 00:00:00-04:00,18.229999542236328,19.104999542236328,18.09000015258789,18.899999618530273,16.591903686523438,2832400,0.0,0.0,VST
2020-05-11 00:00:00-04:00,18.719999313354492,18.719999313354492,18.135000228881836,18.31999969482422,16.082731246948242,3006500,0.0,0.0,VST
2020-05-12 00:00:00-04:00,18.270000457763672,18.5,18.030000686645508,18.100000381469727,15.889599800109863,2913000,0.0,0.0,VST
2020-05-13 00:00:00-04:00,18.010000228881836,18.25,17.5,17.81999969482422,15.643793106079102,4922700,0.0,0.0,VST
2020-05-14 00:00:00-04:00,17.709999084472656,18.7450008392334,17.610000610351562,18.709999084472656,16.42510414123535,3079300,0.0,0.0,VST
2020-05-15 00:00:00-04:00,18.489999771118164,18.85099983215332,18.3700008392334,18.56999969482422,16.30219841003418,3130400,0.0,0.0,VST
2020-05-18 00:00:00-04:00,19.219999313354492,20.030000686645508,19.219999313354492,19.920000076293945,17.487342834472656,4311500,0.0,0.0,VST
2020-05-19 00:00:00-04:00,19.84000015258789,20.024999618530273,19.530000686645508,19.530000686645508,17.144968032836914,2721200,0.0,0.0,VST
2020-05-20 00:00:00-04:00,19.799999237060547,20.59000015258789,19.78499984741211,19.989999771118164,17.548791885375977,4293300,0.0,0.0,VST
2020-05-21 00:00:00-04:00,19.850000381469727,20.020000457763672,19.575000762939453,19.600000381469727,17.206422805786133,3201000,0.0,0.0,VST
2020-05-22 00:00:00-04:00,19.540000915527344,19.834999084472656,19.309999465942383,19.809999465942383,17.390771865844727,1969800,0.0,0.0,VST
2020-05-26 00:00:00-04:00,20.440000534057617,20.479999542236328,19.600000381469727,19.719999313354492,17.311756134033203,5272100,0.0,0.0,VST
2020-05-27 00:00:00-04:00,20.049999237060547,20.1200008392334,19.56999969482422,20.1200008392334,17.66291618347168,3483300,0.0,0.0,VST
2020-05-28 00:00:00-04:00,20.299999237060547,20.93000030517578,20.1200008392334,20.809999465942383,18.26865005493164,4085700,0.0,0.0,VST
2020-05-29 00:00:00-04:00,20.760000228881836,20.940000534057617,20.139999389648438,20.440000534057617,17.94383430480957,7388300,0.0,0.0,VST
2020-06-01 00:00:00-04:00,20.34000015258789,21.020000457763672,20.34000015258789,20.940000534057617,18.382774353027344,3143100,0.0,0.0,VST
2020-06-02 00:00:00-04:00,21.040000915527344,21.264999389648438,20.514999389648438,20.6299991607666,18.110633850097656,4414300,0.0,0.0,VST
2020-06-03 00:00:00-04:00,20.84000015258789,20.934999465942383,20.485000610351562,20.809999465942383,18.26865005493164,3232900,0.0,0.0,VST
2020-06-04 00:00:00-04:00,20.739999771118164,20.84000015258789,19.940000534057617,20.280000686645508,17.803375244140625,3989000,0.0,0.0,VST
2020-06-05 00:00:00-04:00,20.81999969482422,21.389999389648438,20.649999618530273,20.8700008392334,18.321321487426758,4149700,0.0,0.0,VST
2020-06-08 00:00:00-04:00,21.209999084472656,22.014999389648438,21.0,22.0,19.313329696655273,6988700,0.0,0.0,VST
2020-06-09 00:00:00-04:00,21.989999771118164,21.989999771118164,21.010000228881836,21.170000076293945,18.584688186645508,4255300,0.0,0.0,VST
2020-06-10 00:00:00-04:00,21.15999984741211,21.43000030517578,20.540000915527344,21.219999313354492,18.62858009338379,4236300,0.0,0.0,VST
2020-06-11 00:00:00-04:00,20.59000015258789,20.6200008392334,19.5,19.75,17.338098526000977,3259000,0.0,0.0,VST
2020-06-12 00:00:00-04:00,20.309999465942383,20.559999465942383,19.729999542236328,20.200000762939453,17.7331485748291,4000200,0.0,0.0,VST
2020-06-15 00:00:00-04:00,19.59000015258789,20.15999984741211,19.299999237060547,19.8700008392334,17.560810089111328,2978600,0.135,0.0,VST
2020-06-16 00:00:00-04:00,20.459999084472656,21.0,20.219999313354492,20.489999771118164,18.108749389648438,4619900,0.0,0.0,VST
2020-06-17 00:00:00-04:00,20.530000686645508,20.709999084472656,20.020000457763672,20.280000686645508,17.92316246032715,4986000,0.0,0.0,VST
2020-06-18 00:00:00-04:00,20.079999923706055,20.43000030517578,20.020000457763672,20.290000915527344,17.931997299194336,4704000,0.0,0.0,VST
2020-06-19 00:00:00-04:00,20.56999969482422,20.6299991607666,19.799999237060547,19.829999923706055,17.52545928955078,7364100,0.0,0.0,VST
2020-06-22 00:00:00-04:00,19.799999237060547,19.84000015258789,19.290000915527344,19.649999618530273,17.366369247436523,4792400,0.0,0.0,VST
2020-06-23 00:00:00-04:00,19.719999313354492,19.7549991607666,18.7549991607666,18.889999389648438,16.694700241088867,5692300,0.0,0.0,VST
2020-06-24 00:00:00-04:00,18.670000076293945,18.8799991607666,18.420000076293945,18.610000610351562,16.447240829467773,4048000,0.0,0.0,VST
2020-06-25 00:00:00-04:00,18.579999923706055,18.899999618530273,18.375,18.8700008392334,16.677024841308594,3236600,0.0,0.0,VST
2020-06-26 00:00:00-04:00,18.729999542236328,18.799999237060547,17.81999969482422,18.1299991607666,16.02302360534668,8666900,0.0,0.0,VST
2020-06-29 00:00:00-04:00,18.299999237060547,18.760000228881836,17.985000610351562,18.739999771118164,16.5621337890625,3304200,0.0,0.0,VST
2020-06-30 00:00:00-04:00,18.600000381469727,18.719999313354492,18.31999969482422,18.6200008392334,16.456077575683594,4131000,0.0,0.0,VST
2020-07-01 00:00:00-04:00,18.6200008392334,19.25,18.540000915527344,19.139999389648438,16.915645599365234,4010500,0.0,0.0,VST
2020-07-02 00:00:00-04:00,19.389999389648438,19.469999313354492,18.940000534057617,19.040000915527344,16.827260971069336,3236600,0.0,0.0,VST
2020-07-06 00:00:00-04:00,19.34000015258789,19.530000686645508,19.049999237060547,19.280000686645508,17.03937530517578,2175500,0.0,0.0,VST
2020-07-07 00:00:00-04:00,19.110000610351562,19.110000610351562,18.895000457763672,18.979999542236328,16.774234771728516,2666100,0.0,0.0,VST
2020-07-08 00:00:00-04:00,19.059999465942383,19.670000076293945,18.940000534057617,19.559999465942383,17.286834716796875,2757600,0.0,0.0,VST
2020-07-09 00:00:00-04:00,19.440000534057617,19.440000534057617,18.71299934387207,19.0,16.791912078857422,2586200,0.0,0.0,VST
2020-07-10 00:00:00-04:00,19.0,19.219999313354492,18.829999923706055,18.8700008392334,16.677024841308594,3963700,0.0,0.0,VST
2020-07-13 00:00:00-04:00,18.959999084472656,19.489999771118164,18.850000381469727,19.110000610351562,16.889127731323242,3541000,0.0,0.0,VST
2020-07-14 00:00:00-04:00,19.020000457763672,19.375,18.94499969482422,19.190000534057617,16.959835052490234,2102300,0.0,0.0,VST
2020-07-15 00:00:00-04:00,19.389999389648438,19.565000534057617,19.173999786376953,19.299999237060547,17.057048797607422,2404100,0.0,0.0,VST
2020-07-16 00:00:00-04:00,19.209999084472656,19.6200008392334,19.184999465942383,19.399999618530273,17.145427703857422,3494100,0.0,0.0,VST
2020-07-17 00:00:00-04:00,19.40999984741211,19.700000762939453,19.405000686645508,19.6200008392334,17.339860916137695,1621100,0.0,0.0,VST
2020-07-20 00:00:00-04:00,19.530000686645508,19.6200008392334,18.950000762939453,19.100000381469727,16.880294799804688,4465300,0.0,0.0,VST
2020-07-21 00:00:00-04:00,19.18000030517578,19.6200008392334,19.149999618530273,19.239999771118164,17.0040225982666,2580800,0.0,0.0,VST
2020-07-22 00:00:00-04:00,19.1200008392334,19.625,18.90999984741211,19.520000457763672,17.251480102539062,4874500,0.0,0.0,VST
2020-07-23 00:00:00-04:00,19.459999084472656,19.6200008392334,19.06999969482422,19.15999984741211,16.93331527709961,5564100,0.0,0.0,VST
2020-07-24 00:00:00-04:00,19.190000534057617,19.479999542236328,18.684999465942383,18.8799991607666,16.68585777282715,4421700,0.0,0.0,VST
2020-07-27 00:00:00-04:00,18.8799991607666,18.884000778198242,18.0,18.200000762939453,16.08488655090332,5009000,0.0,0.0,VST
2020-07-28 00:00:00-04:00,18.260000228881836,18.75,18.18899917602539,18.440000534057617,16.296998977661133,3488900,0.0,0.0,VST
2020-07-29 00:00:00-04:00,18.479999542236328,18.90999984741211,18.440000534057617,18.8700008392334,16.677024841308594,2509700,0.0,0.0,VST
2020-07-30 00:00:00-04:00,18.639999389648438,18.860000610351562,18.229999542236328,18.799999237060547,16.615156173706055,1884800,0.0,0.0,VST
2020-07-31 00:00:00-04:00,18.790000915527344,18.860000610351562,18.43000030517578,18.65999984741211,16.491424560546875,2507800,0.0,0.0,VST
2020-08-03 00:00:00-04:00,18.6299991607666,18.795000076293945,18.290000915527344,18.760000228881836,16.579809188842773,2381700,0.0,0.0,VST
2020-08-04 00:00:00-04:00,18.729999542236328,19.225000381469727,18.690000534057617,18.760000228881836,16.579809188842773,4558000,0.0,0.0,VST
2020-08-05 00:00:00-04:00,19.0,19.389999389648438,18.094999313354492,18.260000228881836,16.137916564941406,4892800,0.0,0.0,VST
2020-08-06 00:00:00-04:00,18.1299991607666,18.96500015258789,18.1299991607666,18.829999923706055,16.64166831970215,2813900,0.0,0.0,VST
2020-08-07 00:00:00-04:00,18.729999542236328,19.145000457763672,18.485000610351562,18.899999618530273,16.703536987304688,3991100,0.0,0.0,VST
2020-08-10 00:00:00-04:00,18.93000030517578,19.270000457763672,18.809999465942383,19.200000762939453,16.968673706054688,2421600,0.0,0.0,VST
2020-08-11 00:00:00-04:00,19.3799991607666,19.65999984741211,18.850000381469727,18.889999389648438,16.694700241088867,2335400,0.0,0.0,VST
2020-08-12 00:00:00-04:00,19.079999923706055,19.440000534057617,19.020000457763672,19.34000015258789,17.0924015045166,2371800,0.0,0.0,VST
2020-08-13 00:00:00-04:00,19.270000457763672,19.329999923706055,18.989999771118164,19.110000610351562,16.889127731323242,1064100,0.0,0.0,VST
2020-08-14 00:00:00-04:00,18.93000030517578,19.19499969482422,18.799999237060547,19.049999237060547,16.836103439331055,1316300,0.0,0.0,VST
2020-08-17 00:00:00-04:00,19.1299991607666,19.398000717163086,18.989999771118164,19.350000381469727,17.101240158081055,2235600,0.0,0.0,VST
2020-08-18 00:00:00-04:00,19.399999618530273,20.399999618530273,19.350000381469727,20.139999389648438,17.79942512512207,6428000,0.0,0.0,VST
2020-08-19 00:00:00-04:00,20.209999084472656,20.209999084472656,19.690000534057617,19.729999542236328,17.43707847595215,2396500,0.0,0.0,VST
2020-08-20 00:00:00-04:00,19.600000381469727,19.75,19.34000015258789,19.399999618530273,17.145427703857422,2021100,0.0,0.0,VST
2020-08-21 00:00:00-04:00,19.309999465942383,19.530000686645508,19.049999237060547,19.100000381469727,16.880294799804688,3077300,0.0,0.0,VST
2020-08-24 00:00:00-04:00,19.15999984741211,19.40999984741211,18.899999618530273,19.299999237060547,17.057048797607422,1748500,0.0,0.0,VST
2020-08-25 00:00:00-04:00,19.40999984741211,19.5049991607666,19.0,19.139999389648438,16.915645599365234,1774400,0.0,0.0,VST
2020-08-26 00:00:00-04:00,19.0,19.020000457763672,18.479999542236328,18.760000228881836,16.579809188842773,2115800,0.0,0.0,VST
2020-08-27 00:00:00-04:00,18.829999923706055,19.139999389648438,18.719999313354492,19.100000381469727,16.880294799804688,2436000,0.0,0.0,VST
2020-08-28 00:00:00-04:00,19.25,19.325000762939453,18.959999084472656,19.299999237060547,17.057048797607422,1030500,0.0,0.0,VST
2020-08-31 00:00:00-04:00,19.34000015258789,19.475000381469727,19.190000534057617,19.229999542236328,16.99518585205078,2526900,0.0,0.0,VST
2020-09-01 00:00:00-04:00,19.110000610351562,19.110000610351562,18.68000030517578,18.760000228881836,16.579809188842773,2036100,0.0,0.0,VST
2020-09-02 00:00:00-04:00,18.790000915527344,19.434999465942383,18.510000228881836,19.290000915527344,17.048213958740234,1801400,0.0,0.0,VST
2020-09-03 00:00:00-04:00,19.260000228881836,19.520000457763672,18.665000915527344,18.75,16.57096290588379,2076000,0.0,0.0,VST
2020-09-04 00:00:00-04:00,18.770000457763672,18.899999618530273,18.024999618530273,18.229999542236328,16.111398696899414,2352300,0.0,0.0,VST
2020-09-08 00:00:00-04:00,18.229999542236328,18.399999618530273,17.75,17.850000381469727,15.77556324005127,2845400,0.0,0.0,VST
2020-09-09 00:00:00-04:00,18.079999923706055,18.6200008392334,18.059999465942383,18.420000076293945,16.279315948486328,2598100,0.0,0.0,VST
2020-09-10 00:00:00-04:00,18.3799991607666,18.415000915527344,18.079999923706055,18.09000015258789,15.987671852111816,1860800,0.0,0.0,VST
2020-09-11 00:00:00-04:00,18.420000076293945,18.510000228881836,17.929000854492188,18.510000228881836,16.35886001586914,2949400,0.0,0.0,VST
2020-09-14 00:00:00-04:00,18.510000228881836,18.8799991607666,18.25,18.8700008392334,16.677024841308594,2871500,0.0,0.0,VST
2020-09-15 00:00:00-04:00,18.760000228881836,18.760000228881836,18.360000610351562,18.420000076293945,16.396621704101562,4239600,0.135,0.0,VST
2020-09-16 00:00:00-04:00,18.31999969482422,18.829999923706055,18.299999237060547,18.610000610351562,16.565753936767578,4199100,0.0,0.0,VST
2020-09-17 00:00:00-04:00,18.469999313354492,18.5,18.110000610351562,18.280000686645508,16.27200698852539,4829700,0.0,0.0,VST
2020-09-18 00:00:00-04:00,18.25,18.5,18.014999389648438,18.110000610351562,16.120676040649414,4210800,0.0,0.0,VST
2020-09-21 00:00:00-04:00,17.809999465942383,18.094999313354492,17.670000076293945,17.889999389648438,15.92484188079834,3740600,0.0,0.0,VST
2020-09-22 00:00:00-04:00,18.079999923706055,18.190000534057617,17.68000030517578,17.81999969482422,15.862529754638672,4177500,0.0,0.0,VST
2020-09-23 00:00:00-04:00,17.889999389648438,18.139999389648438,17.81999969482422,17.959999084472656,15.987150192260742,3876600,0.0,0.0,VST
2020-09-24 00:00:00-04:00,17.950000762939453,18.110000610351562,17.639999389648438,17.989999771118164,16.013858795166016,2915800,0.0,0.0,VST
2020-09-25 00:00:00-04:00,17.899999618530273,18.104999542236328,17.760000228881836,18.010000228881836,16.031658172607422,2261200,0.0,0.0,VST
2020-09-28 00:00:00-04:00,18.15999984741211,18.209999084472656,17.934999465942383,17.969999313354492,15.996052742004395,3745300,0.0,0.0,VST
2020-09-29 00:00:00-04:00,18.149999618530273,18.860000610351562,18.149999618530273,18.530000686645508,16.49454116821289,8584100,0.0,0.0,VST
2020-09-30 00:00:00-04:00,18.670000076293945,18.979999542236328,18.329999923706055,18.860000610351562,16.78829574584961,7880600,0.0,0.0,VST
2020-10-01 00:00:00-04:00,18.940000534057617,18.959999084472656,17.854999542236328,17.889999389648438,15.92484188079834,5387900,0.0,0.0,VST
2020-10-02 00:00:00-04:00,17.440000534057617,18.040000915527344,17.209999084472656,17.989999771118164,16.013858795166016,4149100,0.0,0.0,VST
2020-10-05 00:00:00-04:00,18.040000915527344,18.225000381469727,17.790000915527344,17.809999465942383,15.853630065917969,5855800,0.0,0.0,VST
2020-10-06 00:00:00-04:00,17.850000381469727,18.219999313354492,17.739999771118164,17.950000762939453,15.978249549865723,6051800,0.0,0.0,VST
2020-10-07 00:00:00-04:00,18.0,18.040000915527344,17.760000228881836,17.829999923706055,15.871431350708008,5771000,0.0,0.0,VST
2020-10-08 00:00:00-04:00,17.940000534057617,18.309999465942383,17.899999618530273,18.280000686645508,16.27200698852539,5212600,0.0,0.0,VST
2020-10-09 00:00:00-04:00,18.360000610351562,18.43000030517578,17.989999771118164,17.989999771118164,16.013858795166016,3355800,0.0,0.0,VST
2020-10-12 00:00:00-04:00,17.940000534057617,18.18000030517578,17.780000686645508,18.0,16.02276611328125,3888500,0.0,0.0,VST
2020-10-13 00:00:00-04:00,17.899999618530273,18.145000457763672,17.690000534057617,18.030000686645508,16.04946517944336,5596400,0.0,0.0,VST
2020-10-14 00:00:00-04:00,18.100000381469727,19.020000457763672,18.06999969482422,18.760000228881836,16.699275970458984,4168400,0.0,0.0,VST
2020-10-15 00:00:00-04:00,18.549999237060547,19.065000534057617,18.440000534057617,18.75,16.690370559692383,2374100,0.0,0.0,VST
2020-10-16 00:00:00-04:00,18.790000915527344,19.264999389648438,18.655000686645508,19.020000457763672,16.930713653564453,2492500,0.0,0.0,VST
2020-10-19 00:00:00-04:00,19.09000015258789,19.1299991607666,18.809999465942383,18.809999465942383,16.74378204345703,2184900,0.0,0.0,VST
2020-10-20 00:00:00-04:00,18.950000762939453,19.200000762939453,18.795000076293945,18.950000762939453,16.868408203125,2256400,0.0,0.0,VST
2020-10-21 00:00:00-04:00,18.770000457763672,19.149999618530273,18.71500015258789,18.940000534057617,16.859498977661133,2492500,0.0,0.0,VST
2020-10-22 00:00:00-04:00,18.989999771118164,19.19499969482422,18.649999618530273,19.059999465942383,16.966323852539062,1943700,0.0,0.0,VST
2020-10-23 00:00:00-04:00,19.219999313354492,19.3700008392334,19.020999908447266,19.280000686645508,17.162158966064453,1713800,0.0,0.0,VST
2020-10-26 00:00:00-04:00,19.139999389648438,19.200000762939453,18.75,19.09000015258789,16.99302864074707,1970700,0.0,0.0,VST
2020-10-27 00:00:00-04:00,19.0,19.260000228881836,18.364999771118164,18.440000534057617,16.4144287109375,3817500,0.0,0.0,VST
2020-10-28 00:00:00-04:00,18.1299991607666,18.219999313354492,17.30500030517578,17.350000381469727,15.444160461425781,4082000,0.0,0.0,VST
2020-10-29 00:00:00-04:00,17.190000534057617,17.530000686645508,16.90999984741211,17.34000015258789,15.435256958007812,3114600,0.0,0.0,VST
2020-10-30 00:00:00-04:00,17.309999465942383,17.655000686645508,17.229999542236328,17.3700008392334,15.461959838867188,3819500,0.0,0.0,VST
2020-11-02 00:00:00-05:00,17.59000015258789,17.90999984741211,17.420000076293945,17.739999771118164,15.791321754455566,5941700,0.0,0.0,VST
2020-11-03 00:00:00-05:00,18.049999237060547,18.68000030517578,18.030000686645508,18.389999389648438,16.369918823242188,4046000,0.0,0.0,VST
2020-11-04 00:00:00-05:00,18.600000381469727,18.8799991607666,18.062999725341797,18.34000015258789,16.325410842895508,3310900,0.0,0.0,VST
2020-11-05 00:00:00-05:00,18.530000686645508,18.979999542236328,18.334999084472656,18.489999771118164,16.458938598632812,2319500,0.0,0.0,VST
2020-11-06 00:00:00-05:00,18.3700008392334,18.729999542236328,18.239999771118164,18.260000228881836,16.254201889038086,2266100,0.0,0.0,VST
2020-11-09 00:00:00-05:00,19.010000228881836,19.649999618530273,18.639999389648438,18.90999984741211,16.832799911499023,4571800,0.0,0.0,VST
2020-11-10 00:00:00-05:00,18.989999771118164,20.19499969482422,18.850000381469727,20.18000030517578,17.963293075561523,4548300,0.0,0.0,VST
2020-11-11 00:00:00-05:00,20.209999084472656,20.31999969482422,19.40999984741211,19.639999389648438,17.48261070251465,3453400,0.0,0.0,VST
2020-11-12 00:00:00-05:00,19.709999084472656,19.854999542236328,18.829999923706055,19.030000686645508,16.939617156982422,3940100,0.0,0.0,VST
2020-11-13 00:00:00-05:00,19.170000076293945,19.844999313354492,19.170000076293945,19.729999542236328,17.562726974487305,2649500,0.0,0.0,VST
2020-11-16 00:00:00-05:00,20.0,20.15999984741211,19.56999969482422,19.799999237060547,17.62503433227539,2962300,0.0,0.0,VST
2020-11-17 00:00:00-05:00,19.600000381469727,19.799999237060547,19.110000610351562,19.329999923706055,17.2066707611084,2616500,0.0,0.0,VST
2020-11-18 00:00:00-05:00,19.350000381469727,19.489999771118164,18.610000610351562,18.6200008392334,16.57465362548828,3483800,0.0,0.0,VST
2020-11-19 00:00:00-05:00,18.56999969482422,18.729999542236328,18.18000030517578,18.530000686645508,16.49454116821289,2798300,0.0,0.0,VST
2020-11-20 00:00:00-05:00,18.450000762939453,18.690000534057617,18.18000030517578,18.200000762939453,16.200788497924805,2012300,0.0,0.0,VST
2020-11-23 00:00:00-05:00,18.34000015258789,18.670000076293945,18.31999969482422,18.56999969482422,16.530141830444336,1991300,0.0,0.0,VST
2020-11-24 00:00:00-05:00,18.84000015258789,19.3799991607666,18.600000381469727,19.3700008392334,17.24226951599121,3340600,0.0,0.0,VST
2020-11-25 00:00:00-05:00,19.3700008392334,19.57699966430664,19.235000610351562,19.469999313354492,17.33128547668457,2248600,0.0,0.0,VST
2020-11-27 00:00:00-05:00,19.510000228881836,19.649999618530273,19.459999084472656,19.59000015258789,17.4381046295166,1391500,0.0,0.0,VST
2020-11-30 00:00:00-05:00,19.59000015258789,19.68000030517578,18.579999923706055,18.68000030517578,16.628061294555664,4669400,0.0,0.0,VST
2020-12-01 00:00:00-05:00,18.75,19.1200008392334,18.690000534057617,18.780000686645508,16.71708106994629,2870500,0.0,0.0,VST
2020-12-02 00:00:00-05:00,18.639999389648438,18.889999389648438,18.5,18.8700008392334,16.797197341918945,1826400,0.0,0.0,VST
2020-12-03 00:00:00-05:00,18.84000015258789,18.950000762939453,18.604999542236328,18.770000457763672,16.70817756652832,2436000,0.0,0.0,VST
2020-12-04 00:00:00-05:00,18.889999389648438,19.239999771118164,18.8799991607666,19.149999618530273,17.046436309814453,2387000,0.0,0.0,VST
2020-12-07 00:00:00-05:00,19.200000762939453,19.200000762939453,18.65999984741211,18.969999313354492,16.886205673217773,3878300,0.0,0.0,VST
2020-12-08 00:00:00-05:00,18.809999465942383,18.969999313354492,18.524999618530273,18.950000762939453,16.868408203125,3582500,0.0,0.0,VST
2020-12-09 00:00:00-05:00,19.0,19.139999389648438,18.825000762939453,19.010000228881836,16.921812057495117,2899400,0.0,0.0,VST
2020-12-10 00:00:00-05:00,19.010000228881836,19.075000762939453,18.674999237060547,18.81999969482422,16.752685546875,3746500,0.0,0.0,VST
2020-12-11 00:00:00-05:00,18.639999389648438,18.719999313354492,18.21500015258789,18.280000686645508,16.27200698852539,4090100,0.0,0.0,VST
2020-12-14 00:00:00-05:00,18.510000228881836,18.6200008392334,17.985000610351562,18.139999389648438,16.147377014160156,5038700,0.0,0.0,VST
2020-12-15 00:00:00-05:00,18.200000762939453,18.514999389648438,17.959999084472656,18.459999084472656,16.555435180664062,4275100,0.135,0.0,VST
2020-12-16 00:00:00-05:00,18.530000686645508,18.549999237060547,17.90999984741211,18.079999923706055,16.214641571044922,3949400,0.0,0.0,VST
2020-12-17 00:00:00-05:00,17.979999542236328,18.110000610351562,17.78499984741211,17.93000030517578,16.080116271972656,4985800,0.0,0.0,VST
2020-12-18 00:00:00-05:00,17.899999618530273,18.079999923706055,17.579999923706055,17.649999618530273,15.829008102416992,5841600,0.0,0.0,VST
2020-12-21 00:00:00-05:00,17.739999771118164,17.774999618530273,17.389999389648438,17.559999465942383,15.748292922973633,5939100,0.0,0.0,VST
2020-12-22 00:00:00-05:00,17.770000457763672,18.155000686645508,17.68000030517578,18.1299991607666,16.259485244750977,4624500,0.0,0.0,VST
2020-12-23 00:00:00-05:00,18.25,18.56999969482422,18.08099937438965,18.469999313354492,16.564401626586914,4270100,0.0,0.0,VST
2020-12-24 00:00:00-05:00,18.790000915527344,18.799999237060547,18.475000381469727,18.709999084472656,16.779644012451172,1503700,0.0,0.0,VST
2020-12-28 00:00:00-05:00,18.799999237060547,19.15999984741211,18.770000457763672,19.1200008392334,17.1473445892334,2379500,0.0,0.0,VST
2020-12-29 00:00:00-05:00,19.200000762939453,19.329999923706055,18.860000610351562,18.899999618530273,16.95003890991211,2394700,0.0,0.0,VST
2020-12-30 00:00:00-05:00,18.81999969482422,19.531999588012695,18.799999237060547,19.489999771118164,17.47917366027832,3357200,0.0,0.0,VST
2020-12-31 00:00:00-05:00,19.559999465942383,19.75,19.399999618530273,19.65999984741211,17.631629943847656,2653800,0.0,0.0,VST
2021-01-04 00:00:00-05:00,19.639999389648438,19.729999542236328,19.155000686645508,19.18000030517578,17.201156616210938,4338400,0.0,0.0,VST
2021-01-05 00:00:00-05:00,19.15999984741211,20.049999237060547,19.1299991607666,19.81999969482422,17.775121688842773,4014400,0.0,0.0,VST
2021-01-06 00:00:00-05:00,20.010000228881836,20.899999618530273,20.010000228881836,20.290000915527344,18.19663429260254,5533600,0.0,0.0,VST
2021-01-07 00:00:00-05:00,20.299999237060547,20.610000610351562,20.1200008392334,20.18000030517578,18.097978591918945,3347200,0.0,0.0,VST
2021-01-08 00:00:00-05:00,20.299999237060547,21.059999465942383,20.280000686645508,20.989999771118164,18.82441520690918,4281800,0.0,0.0,VST
2021-01-11 00:00:00-05:00,20.739999771118164,21.270000457763672,20.559999465942383,21.170000076293945,18.985837936401367,4897000,0.0,0.0,VST
2021-01-12 00:00:00-05:00,21.260000228881836,21.719999313354492,21.200000762939453,21.559999465942383,19.335603713989258,3927400,0.0,0.0,VST
2021-01-13 00:00:00-05:00,21.549999237060547,21.979999542236328,21.459999084472656,21.799999237060547,19.550840377807617,3054200,0.0,0.0,VST
2021-01-14 00:00:00-05:00,21.8700008392334,21.899999618530273,21.30500030517578,21.329999923706055,19.129331588745117,4129800,0.0,0.0,VST
2021-01-15 00:00:00-05:00,21.290000915527344,21.690000534057617,21.232999801635742,21.510000228881836,19.290760040283203,4013300,0.0,0.0,VST
2021-01-19 00:00:00-05:00,21.65999984741211,21.8799991607666,21.510000228881836,21.709999084472656,19.47012710571289,3681900,0.0,0.0,VST
2021-01-20 00:00:00-05:00,21.709999084472656,21.81999969482422,21.309999465942383,21.420000076293945,19.210046768188477,4582300,0.0,0.0,VST
2021-01-21 00:00:00-05:00,21.3700008392334,21.459999084472656,20.959999084472656,21.190000534057617,19.003782272338867,4557000,0.0,0.0,VST
2021-01-22 00:00:00-05:00,21.049999237060547,21.424999237060547,20.790000915527344,21.34000015258789,19.13829803466797,3934800,0.0,0.0,VST
2021-01-25 00:00:00-05:00,21.229999542236328,21.520000457763672,20.84000015258789,20.850000381469727,18.6988525390625,4918000,0.0,0.0,VST
2021-01-26 00:00:00-05:00,20.850000381469727,20.940000534057617,20.68000030517578,20.799999237060547,18.654014587402344,3955200,0.0,0.0,VST
2021-01-27 00:00:00-05:00,20.549999237060547,20.899999618530273,20.18000030517578,20.18000030517578,18.097978591918945,5036100,0.0,0.0,VST
2021-01-28 00:00:00-05:00,20.15999984741211,20.479999542236328,19.780000686645508,20.18000030517578,18.097978591918945,3319200,0.0,0.0,VST
2021-01-29 00:00:00-05:00,20.059999465942383,20.479999542236328,19.969999313354492,19.969999313354492,17.909648895263672,3904200,0.0,0.0,VST
2021-02-01 00:00:00-05:00,20.020000457763672,20.549999237060547,19.920000076293945,20.3700008392334,18.26837921142578,3389100,0.0,0.0,VST
2021-02-02 00:00:00-05:00,20.56999969482422,21.114999771118164,20.469999313354492,20.81999969482422,18.67194938659668,4558200,0.0,0.0,VST
2021-02-03 00:00:00-05:00,20.639999389648438,21.729999542236328,20.549999237060547,21.299999237060547,19.102432250976562,7976200,0.0,0.0,VST
2021-02-04 00:00:00-05:00,21.350000381469727,21.43000030517578,20.860000610351562,21.09000015258789,18.914100646972656,4385400,0.0,0.0,VST
2021-02-05 00:00:00-05:00,21.260000228881836,21.270000457763672,20.924999237060547,21.049999237060547,18.878219604492188,2866800,0.0,0.0,VST
2021-02-08 00:00:00-05:00,21.100000381469727,21.3700008392334,20.84000015258789,21.040000915527344,18.8692569732666,3620900,0.0,0.0,VST
2021-02-09 00:00:00-05:00,21.1200008392334,21.469999313354492,20.979999542236328,21.329999923706055,19.129331588745117,2680600,0.0,0.0,VST
2021-02-10 00:00:00-05:00,21.530000686645508,21.584999084472656,21.079999923706055,21.450000762939453,19.236953735351562,2079000,0.0,0.0,VST
2021-02-11 00:00:00-05:00,21.489999771118164,21.6299991607666,21.34000015258789,21.520000457763672,19.299728393554688,3888000,0.0,0.0,VST
2021-02-12 00:00:00-05:00,21.579999923706055,21.610000610351562,21.21500015258789,21.329999923706055,19.129331588745117,2375300,0.0,0.0,VST
2021-02-16 00:00:00-05:00,21.989999771118164,22.1200008392334,21.709999084472656,21.90999984741211,19.649490356445312,6371500,0.0,0.0,VST
2021-02-17 00:00:00-05:00,22.0,22.299999237060547,21.709999084472656,22.010000228881836,19.739177703857422,4514400,0.0,0.0,VST
2021-02-18 00:00:00-05:00,22.139999389648438,23.299999237060547,22.020000457763672,23.149999618530273,20.76156234741211,9159900,0.0,0.0,VST
2021-02-19 00:00:00-05:00,23.239999771118164,23.34000015258789,22.799999237060547,22.90999984741211,20.546323776245117,5536300,0.0,0.0,VST
2021-02-22 00:00:00-05:00,23.0,23.229999542236328,22.71500015258789,23.049999237060547,20.671873092651367,5783800,0.0,0.0,VST
2021-02-23 00:00:00-05:00,23.049999237060547,23.479999542236328,22.454999923706055,23.3799991607666,20.967830657958984,6475000,0.0,0.0,VST
2021-02-24 00:00:00-05:00,23.559999465942383,24.200000762939453,23.40999984741211,23.829999923706055,21.37140464782715,5513700,0.0,0.0,VST
2021-02-25 00:00:00-05:00,23.739999771118164,24.010000228881836,22.729999542236328,22.760000228881836,20.411792755126953,7078900,0.0,0.0,VST
2021-02-26 00:00:00-05:00,18.65999984741211,19.200000762939453,17.114999771118164,17.25,15.470276832580566,29798900,0.0,0.0,VST
2021-03-01 00:00:00-05:00,18.010000228881836,18.299999237060547,17.3700008392334,17.40999984741211,15.613767623901367,21195500,0.0,0.0,VST
2021-03-02 00:00:00-05:00,17.510000228881836,17.510000228881836,16.690000534057617,16.700000762939453,14.977023124694824,12942800,0.0,0.0,VST
2021-03-03 00:00:00-05:00,16.600000381469727,16.790000915527344,16.19499969482422,16.43000030517578,14.73487663269043,12035100,0.0,0.0,VST
2021-03-04 00:00:00-05:00,16.649999618530273,17.56999969482422,16.469999313354492,17.489999771118164,15.685514450073242,10713400,0.0,0.0,VST
2021-03-05 00:00:00-05:00,17.8700008392334,18.09000015258789,17.31999969482422,17.81999969482422,15.981464385986328,7587200,0.0,0.0,VST
2021-03-08 00:00:00-05:00,18.06999969482422,19.174999237060547,18.040000915527344,18.8799991607666,16.932104110717773,7913400,0.0,0.0,VST
2021-03-09 00:00:00-05:00,18.899999618530273,19.360000610351562,18.540000915527344,18.649999618530273,16.725831985473633,8209800,0.0,0.0,VST
2021-03-10 00:00:00-05:00,18.6299991607666,19.565000534057617,18.6299991607666,19.520000457763672,17.506072998046875,7075900,0.0,0.0,VST
2021-03-11 00:00:00-05:00,19.5,19.62700080871582,18.30500030517578,18.809999465942383,16.869325637817383,8720600,0.0,0.0,VST
2021-03-12 00:00:00-05:00,18.860000610351562,19.020000457763672,18.155000686645508,18.399999618530273,16.501625061035156,12757300,0.0,0.0,VST
2021-03-15 00:00:00-04:00,18.399999618530273,18.639999389648438,18.219999313354492,18.59000015258789,16.672025680541992,8233700,0.0,0.0,VST
2021-03-16 00:00:00-04:00,18.309999465942383,18.309999465942383,17.920000076293945,18.1200008392334,16.382707595825195,6541200,0.15,0.0,VST
2021-03-17 00:00:00-04:00,17.010000228881836,17.709999084472656,17.010000228881836,17.290000915527344,15.632287979125977,10168500,0.0,0.0,VST
2021-03-18 00:00:00-04:00,17.15999984741211,17.295000076293945,16.770000457763672,16.790000915527344,15.180224418640137,7972800,0.0,0.0,VST
2021-03-19 00:00:00-04:00,16.799999237060547,17.350000381469727,16.639999389648438,17.299999237060547,15.641329765319824,8380700,0.0,0.0,VST
2021-03-22 00:00:00-04:00,17.15999984741211,17.34000015258789,16.6299991607666,16.700000762939453,15.098854064941406,7602400,0.0,0.0,VST
2021-03-23 00:00:00-04:00,16.790000915527344,17.094999313354492,16.6299991607666,16.700000762939453,15.098854064941406,6574200,0.0,0.0,VST
2021-03-24 00:00:00-04:00,16.65999984741211,17.190000534057617,16.600000381469727,16.81999969482422,15.20734691619873,6247400,0.0,0.0,VST
2021-03-25 00:00:00-04:00,16.8799991607666,17.277999877929688,16.610000610351562,17.049999237060547,15.415291786193848,6400900,0.0,0.0,VST
2021-03-26 00:00:00-04:00,17.079999923706055,17.184999465942383,16.600000381469727,16.8700008392334,15.252556800842285,4641400,0.0,0.0,VST
2021-03-29 00:00:00-04:00,16.829999923706055,17.739999771118164,16.770000457763672,17.6200008392334,15.930649757385254,6447700,0.0,0.0,VST
2021-03-30 00:00:00-04:00,17.610000610351562,17.81999969482422,17.450000762939453,17.809999465942383,16.10242462158203,4370300,0.0,0.0,VST
2021-03-31 00:00:00-04:00,17.8700008392334,17.940000534057617,17.670000076293945,17.68000030517578,15.984889030456543,4724100,0.0,0.0,VST
2021-04-01 00:00:00-04:00,17.649999618530273,17.739999771118164,17.350000381469727,17.719999313354492,16.021060943603516,3120500,0.0,0.0,VST
2021-04-05 00:00:00-04:00,17.899999618530273,17.989999771118164,17.510000228881836,17.68000030517578,15.984889030456543,3738500,0.0,0.0,VST
2021-04-06 00:00:00-04:00,17.5,18.0049991607666,17.469999313354492,17.8799991607666,16.16571617126465,5133700,0.0,0.0,VST
2021-04-07 00:00:00-04:00,17.850000381469727,17.93000030517578,17.600000381469727,17.690000534057617,15.993932723999023,3215300,0.0,0.0,VST
2021-04-08 00:00:00-04:00,17.729999542236328,17.799999237060547,17.549999237060547,17.600000381469727,15.912565231323242,2668700,0.0,0.0,VST
2021-04-09 00:00:00-04:00,17.540000915527344,17.649999618530273,17.25,17.5,15.82214641571045,4556300,0.0,0.0,VST
2021-04-12 00:00:00-04:00,17.479999542236328,17.610000610351562,17.1200008392334,17.15999984741211,15.514748573303223,4964500,0.0,0.0,VST
2021-04-13 00:00:00-04:00,17.149999618530273,17.649999618530273,17.010000228881836,17.549999237060547,15.867350578308105,4713200,0.0,0.0,VST
2021-04-14 00:00:00-04:00,17.75,17.81999969482422,17.520000457763672,17.6299991607666,15.93968391418457,3579900,0.0,0.0,VST
2021-04-15 00:00:00-04:00,17.6299991607666,17.920000076293945,17.6299991607666,17.920000076293945,16.201879501342773,3589200,0.0,0.0,VST
2021-04-16 00:00:00-04:00,17.959999084472656,18.010000228881836,17.729999542236328,17.799999237060547,16.0933837890625,4379800,0.0,0.0,VST
2021-04-19 00:00:00-04:00,18.0,18.020000457763672,17.809999465942383,17.860000610351562,16.14763069152832,4248300,0.0,0.0,VST
2021-04-20 00:00:00-04:00,17.829999923706055,18.059999465942383,17.71500015258789,17.809999465942383,16.10242462158203,4265200,0.0,0.0,VST
2021-04-21 00:00:00-04:00,17.75,17.90999984741211,17.649999618530273,17.760000228881836,16.057226181030273,4484600,0.0,0.0,VST
2021-04-22 00:00:00-04:00,17.829999923706055,17.989999771118164,17.40999984741211,17.420000076293945,15.749821662902832,5103500,0.0,0.0,VST
2021-04-23 00:00:00-04:00,17.420000076293945,17.530000686645508,17.229999542236328,17.489999771118164,15.81310749053955,3212900,0.0,0.0,VST
2021-04-26 00:00:00-04:00,16.829999923706055,17.415000915527344,16.6299991607666,17.049999237060547,15.415291786193848,8312600,0.0,0.0,VST
2021-04-27 00:00:00-04:00,17.0,17.059999465942383,16.739999771118164,16.84000015258789,15.22542953491211,5617800,0.0,0.0,VST
2021-04-28 00:00:00-04:00,16.760000228881836,16.8799991607666,16.719999313354492,16.790000915527344,15.180224418640137,5003800,0.0,0.0,VST
2021-04-29 00:00:00-04:00,16.889999389648438,17.315000534057617,16.84000015258789,17.059999465942383,15.424337387084961,6223600,0.0,0.0,VST
2021-04-30 00:00:00-04:00,16.989999771118164,17.079999923706055,16.760000228881836,16.8700008392334,15.252556800842285,4121100,0.0,0.0,VST
2021-05-03 00:00:00-04:00,16.90999984741211,17.059999465942383,16.799999237060547,16.799999237060547,15.189262390136719,3636100,0.0,0.0,VST
2021-05-04 00:00:00-04:00,16.860000610351562,16.860000610351562,16.290000915527344,16.290000915527344,14.728163719177246,7868300,0.0,0.0,VST
2021-05-05 00:00:00-04:00,16.31999969482422,16.399999618530273,15.699999809265137,16.260000228881836,14.701041221618652,14499100,0.0,0.0,VST
2021-05-06 00:00:00-04:00,16.239999771118164,16.31999969482422,15.520000457763672,16.059999465942383,14.520211219787598,9773300,0.0,0.0,VST
2021-05-07 00:00:00-04:00,16.059999465942383,16.059999465942383,15.470000267028809,16.049999237060547,14.511171340942383,11042400,0.0,0.0,VST
2021-05-10 00:00:00-04:00,16.239999771118164,16.450000762939453,16.0,16.010000228881836,14.475006103515625,4886200,0.0,0.0,VST
2021-05-11 00:00:00-04:00,16.1200008392334,16.43000030517578,16.020000457763672,16.329999923706055,14.764327049255371,7179100,0.0,0.0,VST
2021-05-12 00:00:00-04:00,16.34000015258789,16.530000686645508,15.979999542236328,16.0,14.465965270996094,7436500,0.0,0.0,VST
2021-05-13 00:00:00-04:00,16.06999969482422,16.350000381469727,15.9399995803833,16.059999465942383,14.520211219787598,6655500,0.0,0.0,VST
2021-05-14 00:00:00-04:00,16.170000076293945,16.684999465942383,16.15999984741211,16.3799991607666,14.809530258178711,4340800,0.0,0.0,VST
2021-05-17 00:00:00-04:00,16.219999313354492,16.31999969482422,15.760000228881836,15.920000076293945,14.393633842468262,6588000,0.0,0.0,VST
2021-05-18 00:00:00-04:00,15.90999984741211,16.334999084472656,15.800000190734863,16.149999618530273,14.601584434509277,5171000,0.0,0.0,VST
2021-05-19 00:00:00-04:00,15.970000267028809,16.559999465942383,15.859999656677246,16.530000686645508,14.945150375366211,5856100,0.0,0.0,VST
2021-05-20 00:00:00-04:00,16.690000534057617,16.89699935913086,16.469999313354492,16.479999542236328,14.899943351745605,8113000,0.0,0.0,VST
2021-05-21 00:00:00-04:00,16.56999969482422,16.799999237060547,16.510000228881836,16.68000030517578,15.080768585205078,4327700,0.0,0.0,VST
2021-05-24 00:00:00-04:00,16.81999969482422,16.860000610351562,16.424999237060547,16.65999984741211,15.062686920166016,3052900,0.0,0.0,VST
2021-05-25 00:00:00-04:00,16.549999237060547,16.68000030517578,16.170000076293945,16.18000030517578,14.628708839416504,5289100,0.0,0.0,VST
2021-05-26 00:00:00-04:00,16.149999618530273,16.3700008392334,16.059999465942383,16.229999542236328,14.673913955688477,4062200,0.0,0.0,VST
2021-05-27 00:00:00-04:00,16.239999771118164,16.31999969482422,15.90999984741211,16.059999465942383,14.520211219787598,7598500,0.0,0.0,VST
2021-05-28 00:00:00-04:00,16.010000228881836,16.229999542236328,15.949999809265137,16.170000076293945,14.619667053222656,6334900,0.0,0.0,VST
2021-06-01 00:00:00-04:00,16.299999237060547,16.530000686645508,16.18000030517578,16.450000762939453,14.872820854187012,6135200,0.0,0.0,VST
2021-06-02 00:00:00-04:00,16.5,16.84000015258789,16.329999923706055,16.75,15.144057273864746,6838600,0.0,0.0,VST
2021-06-03 00:00:00-04:00,16.309999465942383,17.459999084472656,16.059999465942383,17.3700008392334,15.704611778259277,8380000,0.0,0.0,VST
2021-06-04 00:00:00-04:00,17.299999237060547,17.459999084472656,17.139999389648438,17.399999618530273,15.731735229492188,6969200,0.0,0.0,VST
2021-06-07 00:00:00-04:00,17.454999923706055,17.729999542236328,17.299999237060547,17.610000610351562,15.92160415649414,5554300,0.0,0.0,VST
2021-06-08 00:00:00-04:00,17.65999984741211,18.274999618530273,17.520000457763672,18.149999618530273,16.40983009338379,7152800,0.0,0.0,VST
2021-06-09 00:00:00-04:00,18.239999771118164,18.3700008392334,18.079999923706055,18.280000686645508,16.527366638183594,4303900,0.0,0.0,VST
2021-06-10 00:00:00-04:00,18.34000015258789,18.34000015258789,17.940000534057617,18.170000076293945,16.427907943725586,3314200,0.0,0.0,VST
2021-06-11 00:00:00-04:00,18.25,18.649999618530273,18.15999984741211,18.6299991607666,16.843809127807617,3584100,0.0,0.0,VST
2021-06-14 00:00:00-04:00,18.6299991607666,18.670000076293945,18.239999771118164,18.389999389648438,16.62681770324707,3619000,0.0,0.0,VST
2021-06-15 00:00:00-04:00,18.280000686645508,18.489999771118164,18.079999923706055,18.40999984741211,16.781784057617188,3242700,0.15,0.0,VST
2021-06-16 00:00:00-04:00,18.450000762939453,18.56999969482422,17.959999084472656,18.139999389648438,16.535659790039062,4213500,0.0,0.0,VST
2021-06-17 00:00:00-04:00,18.1200008392334,18.204999923706055,17.975000381469727,18.149999618530273,16.54477882385254,4186800,0.0,0.0,VST
2021-06-18 00:00:00-04:00,18.059999465942383,18.100000381469727,17.420000076293945,17.469999313354492,15.924917221069336,4557600,0.0,0.0,VST
2021-06-21 00:00:00-04:00,17.639999389648438,17.959999084472656,17.56999969482422,17.920000076293945,16.33512306213379,3130200,0.0,0.0,VST
2021-06-22 00:00:00-04:00,17.8700008392334,18.040000915527344,17.739999771118164,17.8799991607666,16.298656463623047,5578200,0.0,0.0,VST
2021-06-23 00:00:00-04:00,17.8799991607666,17.940000534057617,17.700000762939453,17.75,16.18015480041504,2634300,0.0,0.0,VST
2021-06-24 00:00:00-04:00,17.760000228881836,18.280000686645508,17.6299991607666,18.25,16.635934829711914,3520700,0.0,0.0,VST
2021-06-25 00:00:00-04:00,18.25,18.489999771118164,18.18000030517578,18.389999389648438,16.763553619384766,4748300,0.0,0.0,VST
2021-06-28 00:00:00-04:00,18.399999618530273,18.834999084472656,18.219999313354492,18.809999465942383,17.146408081054688,4082600,0.0,0.0,VST
2021-06-29 00:00:00-04:00,18.8700008392334,18.940000534057617,18.309999465942383,18.389999389648438,16.763553619384766,4640600,0.0,0.0,VST
2021-06-30 00:00:00-04:00,18.40999984741211,18.6200008392334,18.190000534057617,18.549999237060547,16.909399032592773,4950700,0.0,0.0,VST
2021-07-01 00:00:00-04:00,18.649999618530273,18.96500015258789,18.575000762939453,18.8799991607666,17.210214614868164,3824000,0.0,0.0,VST
2021-07-02 00:00:00-04:00,18.90999984741211,19.239999771118164,18.729999542236328,19.040000915527344,17.356061935424805,4047600,0.0,0.0,VST
2021-07-06 00:00:00-04:00,18.979999542236328,19.020000457763672,18.049999237060547,18.34000015258789,16.717973709106445,5254000,0.0,0.0,VST
2021-07-07 00:00:00-04:00,18.610000610351562,19.530000686645508,18.549999237060547,19.389999389648438,17.675107955932617,9637400,0.0,0.0,VST
2021-07-08 00:00:00-04:00,19.049999237060547,19.059999465942383,18.649999618530273,18.75,17.091711044311523,6707600,0.0,0.0,VST
2021-07-09 00:00:00-04:00,19.200000762939453,19.565000534057617,19.09000015258789,19.31999969482422,17.611303329467773,4442500,0.0,0.0,VST
2021-07-12 00:00:00-04:00,19.209999084472656,19.309999465942383,18.979999542236328,19.309999465942383,17.60218048095703,3596200,0.0,0.0,VST
2021-07-13 00:00:00-04:00,19.389999389648438,19.389999389648438,18.790000915527344,18.81999969482422,17.155521392822266,3290900,0.0,0.0,VST
2021-07-14 00:00:00-04:00,18.81999969482422,19.020000457763672,18.739999771118164,18.799999237060547,17.13728904724121,2202800,0.0,0.0,VST
2021-07-15 00:00:00-04:00,18.6299991607666,18.899999618530273,18.469999313354492,18.81999969482422,17.155521392822266,3170600,0.0,0.0,VST
2021-07-16 00:00:00-04:00,18.940000534057617,19.125,18.760000228881836,18.809999465942383,17.146408081054688,3520400,0.0,0.0,VST
2021-07-19 00:00:00-04:00,18.5,18.6299991607666,17.719999313354492,17.790000915527344,16.21661949157715,3924600,0.0,0.0,VST
2021-07-20 00:00:00-04:00,17.84000015258789,18.30500030517578,17.84000015258789,18.190000534057617,16.581241607666016,4331800,0.0,0.0,VST
2021-07-21 00:00:00-04:00,18.190000534057617,18.575000762939453,18.149999618530273,18.31999969482422,16.69974136352539,2709500,0.0,0.0,VST
2021-07-22 00:00:00-04:00,18.670000076293945,18.90999984741211,18.43000030517578,18.829999923706055,17.164640426635742,4007800,0.0,0.0,VST
2021-07-23 00:00:00-04:00,18.770000457763672,19.139999389648438,18.690000534057617,19.100000381469727,17.410764694213867,2679500,0.0,0.0,VST
2021-07-26 00:00:00-04:00,19.06999969482422,19.334999084472656,18.885000228881836,19.100000381469727,17.410764694213867,2420500,0.0,0.0,VST
2021-07-27 00:00:00-04:00,19.079999923706055,19.290000915527344,18.739999771118164,19.270000457763672,17.565725326538086,2575900,0.0,0.0,VST
2021-07-28 00:00:00-04:00,19.299999237060547,19.485000610351562,19.09000015258789,19.469999313354492,17.748035430908203,4169500,0.0,0.0,VST
2021-07-29 00:00:00-04:00,19.549999237060547,19.600000381469727,19.3439998626709,19.3799991607666,17.66599464416504,2352100,0.0,0.0,VST
2021-07-30 00:00:00-04:00,19.280000686645508,19.559999465942383,19.110000610351562,19.149999618530273,17.456336975097656,3068100,0.0,0.0,VST
2021-08-02 00:00:00-04:00,19.25,19.350000381469727,18.959999084472656,18.979999542236328,17.301366806030273,2968600,0.0,0.0,VST
2021-08-03 00:00:00-04:00,18.90999984741211,19.200000762939453,18.850000381469727,18.950000762939453,17.27402687072754,2780100,0.0,0.0,VST
2021-08-04 00:00:00-04:00,18.81999969482422,19.049999237060547,18.549999237060547,18.90999984741211,17.237565994262695,3187000,0.0,0.0,VST
2021-08-05 00:00:00-04:00,18.399999618530273,18.65999984741211,17.850000381469727,18.270000457763672,16.654165267944336,6675900,0.0,0.0,VST
2021-08-06 00:00:00-04:00,18.360000610351562,18.825000762939453,18.327999114990234,18.559999465942383,16.918519973754883,3351100,0.0,0.0,VST
2021-08-09 00:00:00-04:00,18.610000610351562,18.90999984741211,18.520000457763672,18.889999389648438,17.219331741333008,3742800,0.0,0.0,VST
2021-08-10 00:00:00-04:00,18.889999389648438,18.889999389648438,18.354999542236328,18.489999771118164,16.854713439941406,3325500,0.0,0.0,VST
2021-08-11 00:00:00-04:00,18.40999984741211,18.520000457763672,18.200000762939453,18.350000381469727,16.72709083557129,2667800,0.0,0.0,VST
2021-08-12 00:00:00-04:00,18.420000076293945,18.450000762939453,18.05500030517578,18.389999389648438,16.763553619384766,3001000,0.0,0.0,VST
2021-08-13 00:00:00-04:00,18.3700008392334,18.489999771118164,18.315000534057617,18.399999618530273,16.772666931152344,2053200,0.0,0.0,VST
2021-08-16 00:00:00-04:00,18.270000457763672,18.43000030517578,17.954999923706055,17.979999542236328,16.389812469482422,2418700,0.0,0.0,VST
2021-08-17 00:00:00-04:00,17.950000762939453,18.19499969482422,17.809999465942383,18.149999618530273,16.54477882385254,3109300,0.0,0.0,VST
2021-08-18 00:00:00-04:00,18.049999237060547,18.209999084472656,17.920000076293945,18.010000228881836,16.417160034179688,2076800,0.0,0.0,VST
2021-08-19 00:00:00-04:00,17.90999984741211,18.1200008392334,17.780000686645508,17.799999237060547,16.22572898864746,3253300,0.0,0.0,VST
2021-08-20 00:00:00-04:00,17.860000610351562,18.170000076293945,17.700000762939453,18.1299991607666,16.52655029296875,2324300,0.0,0.0,VST
2021-08-23 00:00:00-04:00,18.06999969482422,18.1299991607666,17.959999084472656,18.030000686645508,16.435394287109375,2238600,0.0,0.0,VST
2021-08-24 00:00:00-04:00,18.200000762939453,18.540000915527344,18.110000610351562,18.450000762939453,16.81824493408203,2976600,0.0,0.0,VST
2021-08-25 00:00:00-04:00,18.540000915527344,19.079999923706055,18.389999389648438,19.0,17.319604873657227,3451600,0.0,0.0,VST
2021-08-26 00:00:00-04:00,18.950000762939453,19.049999237060547,18.469999313354492,18.489999771118164,16.854713439941406,3668200,0.0,0.0,VST
2021-08-27 00:00:00-04:00,18.559999465942383,18.719999313354492,18.420000076293945,18.68000030517578,17.027904510498047,3894400,0.0,0.0,VST
2021-08-30 00:00:00-04:00,18.75,19.05500030517578,18.700000762939453,18.850000381469727,17.18286895751953,3329500,0.0,0.0,VST
2021-08-31 00:00:00-04:00,18.889999389648438,19.09000015258789,18.795000076293945,19.09000015258789,17.401643753051758,3580900,0.0,0.0,VST
2021-09-01 00:00:00-04:00,19.239999771118164,19.375,19.09000015258789,19.149999618530273,17.456336975097656,2955900,0.0,0.0,VST
2021-09-02 00:00:00-04:00,19.149999618530273,19.399999618530273,19.125,19.280000686645508,17.57484245300293,3578800,0.0,0.0,VST
2021-09-03 00:00:00-04:00,19.190000534057617,19.270000457763672,18.989999771118164,19.110000610351562,17.41987419128418,1614900,0.0,0.0,VST
2021-09-07 00:00:00-04:00,19.010000228881836,19.104999542236328,18.80500030517578,18.84000015258789,17.173755645751953,2928300,0.0,0.0,VST
2021-09-08 00:00:00-04:00,18.809999465942383,19.290000915527344,18.707000732421875,19.200000762939453,17.50191879272461,2158500,0.0,0.0,VST
2021-09-09 00:00:00-04:00,19.155000686645508,19.229999542236328,18.739999771118164,18.899999618530273,17.22844886779785,2363600,0.0,0.0,VST
2021-09-10 00:00:00-04:00,19.0,19.0,18.43000030517578,18.440000534057617,16.809131622314453,2023000,0.0,0.0,VST
2021-09-13 00:00:00-04:00,18.579999923706055,18.729999542236328,18.399999618530273,18.600000381469727,16.954978942871094,2038300,0.0,0.0,VST
2021-09-14 00:00:00-04:00,18.68000030517578,18.68000030517578,17.989999771118164,18.0,16.408050537109375,3601100,0.0,0.0,VST
2021-09-15 00:00:00-04:00,17.850000381469727,18.440000534057617,17.790000915527344,18.440000534057617,16.950387954711914,3131700,0.15,0.0,VST
2021-09-16 00:00:00-04:00,18.299999237060547,18.309999465942383,17.84000015258789,17.899999618530273,16.454008102416992,3226100,0.0,0.0,VST
2021-09-17 00:00:00-04:00,18.0,18.079999923706055,17.760000228881836,17.790000915527344,16.352895736694336,6337300,0.0,0.0,VST
2021-09-20 00:00:00-04:00,17.649999618530273,17.81999969482422,16.924999237060547,17.350000381469727,15.948433876037598,6400700,0.0,0.0,VST
2021-09-21 00:00:00-04:00,17.489999771118164,17.690000534057617,17.389999389648438,17.389999389648438,15.985203742980957,5828600,0.0,0.0,VST
2021-09-22 00:00:00-04:00,17.549999237060547,17.729999542236328,17.420000076293945,17.43000030517578,16.02197265625,2420500,0.0,0.0,VST
2021-09-23 00:00:00-04:00,17.6299991607666,17.850000381469727,17.510000228881836,17.610000610351562,16.187435150146484,4454600,0.0,0.0,VST
2021-09-24 00:00:00-04:00,17.700000762939453,17.850000381469727,17.559999465942383,17.559999465942383,16.14147186279297,4287100,0.0,0.0,VST
2021-09-27 00:00:00-04:00,17.549999237060547,17.635000228881836,17.09000015258789,17.110000610351562,15.727825164794922,5177800,0.0,0.0,VST
2021-09-28 00:00:00-04:00,17.040000915527344,17.107999801635742,16.71500015258789,16.770000457763672,15.415287971496582,4795200,0.0,0.0,VST
2021-09-29 00:00:00-04:00,16.739999771118164,17.059999465942383,16.510000228881836,16.950000762939453,15.58074951171875,4766200,0.0,0.0,VST
2021-09-30 00:00:00-04:00,17.350000381469727,17.55500030517578,17.084999084472656,17.100000381469727,15.71863079071045,5830800,0.0,0.0,VST
2021-10-01 00:00:00-04:00,17.209999084472656,17.219999313354492,16.69499969482422,16.850000381469727,15.488828659057617,4198700,0.0,0.0,VST
2021-10-04 00:00:00-04:00,16.719999313354492,17.190000534057617,16.690000534057617,17.020000457763672,15.645095825195312,3331700,0.0,0.0,VST
2021-10-05 00:00:00-04:00,17.075000762939453,17.3700008392334,17.0,17.360000610351562,15.957627296447754,6159600,0.0,0.0,VST
2021-10-06 00:00:00-04:00,17.190000534057617,17.6200008392334,17.030000686645508,17.579999923706055,16.15985679626465,3827100,0.0,0.0,VST
2021-10-07 00:00:00-04:00,17.610000610351562,18.086999893188477,17.5,17.950000762939453,16.499967575073242,6470900,0.0,0.0,VST
2021-10-08 00:00:00-04:00,17.969999313354492,18.329999923706055,17.8799991607666,17.899999618530273,16.454008102416992,3097400,0.0,0.0,VST
2021-10-11 00:00:00-04:00,17.899999618530273,18.040000915527344,17.549999237060547,17.56999969482422,16.150665283203125,2446500,0.0,0.0,VST
2021-10-12 00:00:00-04:00,17.530000686645508,17.93000030517578,17.459999084472656,17.84000015258789,16.398853302001953,2837100,0.0,0.0,VST
2021-10-13 00:00:00-04:00,19.5,19.899999618530273,19.25,19.809999465942383,18.2097110748291,15378700,0.0,0.0,VST
2021-10-14 00:00:00-04:00,19.959999084472656,20.100000381469727,19.489999771118164,19.56999969482422,17.989099502563477,6521300,0.0,0.0,VST
2021-10-15 00:00:00-04:00,19.690000534057617,19.8700008392334,19.43000030517578,19.68000030517578,18.0902156829834,3273300,0.0,0.0,VST
2021-10-18 00:00:00-04:00,19.469999313354492,19.524999618530273,19.25,19.329999923706055,17.768489837646484,10655000,0.0,0.0,VST
2021-10-19 00:00:00-04:00,19.540000915527344,19.6299991607666,19.190000534057617,19.209999084472656,17.658180236816406,2754800,0.0,0.0,VST
2021-10-20 00:00:00-04:00,19.21500015258789,19.53499984741211,19.170000076293945,19.309999465942383,17.750102996826172,2053600,0.0,0.0,VST
2021-10-21 00:00:00-04:00,19.170000076293945,19.34000015258789,19.030000686645508,19.100000381469727,17.557069778442383,2516600,0.0,0.0,VST
2021-10-22 00:00:00-04:00,19.1200008392334,19.329999923706055,18.975000381469727,19.110000610351562,17.566259384155273,2656300,0.0,0.0,VST
2021-10-25 00:00:00-04:00,19.06999969482422,19.559999465942383,19.06999969482422,19.5,17.92475128173828,6030600,0.0,0.0,VST
2021-10-26 00:00:00-04:00,19.5,19.7450008392334,19.360000610351562,19.5,17.92475128173828,3051200,0.0,0.0,VST
2021-10-27 00:00:00-04:00,19.5,19.75,19.399999618530273,19.65999984741211,18.071826934814453,3035100,0.0,0.0,VST
2021-10-28 00:00:00-04:00,19.649999618530273,19.889999389648438,19.649999618530273,19.850000381469727,18.24648094177246,2572300,0.0,0.0,VST
2021-10-29 00:00:00-04:00,19.670000076293945,19.860000610351562,19.530000686645508,19.59000015258789,18.007488250732422,3176000,0.0,0.0,VST
2021-11-01 00:00:00-04:00,19.600000381469727,20.110000610351562,19.540000915527344,20.010000228881836,18.393558502197266,2756500,0.0,0.0,VST
2021-11-02 00:00:00-04:00,20.010000228881836,20.020000457763672,19.625,19.8700008392334,18.264869689941406,4006000,0.0,0.0,VST
2021-11-03 00:00:00-04:00,19.670000076293945,19.905000686645508,19.559999465942383,19.68000030517578,18.0902156829834,2460100,0.0,0.0,VST
2021-11-04 00:00:00-04:00,19.530000686645508,19.579999923706055,18.93000030517578,19.209999084472656,17.658180236816406,6093500,0.0,0.0,VST
2021-11-05 00:00:00-04:00,20.0,20.790000915527344,19.950000762939453,20.5,18.84397315979004,9136100,0.0,0.0,VST
2021-11-08 00:00:00-05:00,20.559999465942383,20.600000381469727,19.68000030517578,19.739999771118164,18.145366668701172,5650800,0.0,0.0,VST
2021-11-09 00:00:00-05:00,19.93000030517578,19.93000030517578,19.30299949645996,19.34000015258789,17.777677536010742,3353900,0.0,0.0,VST
2021-11-10 00:00:00-05:00,19.209999084472656,19.729999542236328,19.200000762939453,19.440000534057617,17.86960220336914,2271500,0.0,0.0,VST
2021-11-11 00:00:00-05:00,19.600000381469727,19.719999313354492,19.344999313354492,19.600000381469727,18.016679763793945,2689500,0.0,0.0,VST
2021-11-12 00:00:00-05:00,19.649999618530273,19.790000915527344,19.584999084472656,19.649999618530273,18.06263542175293,2396500,0.0,0.0,VST
2021-11-15 00:00:00-05:00,19.75,20.479999542236328,19.649999618530273,20.459999084472656,18.807201385498047,2727000,0.0,0.0,VST
2021-11-16 00:00:00-05:00,20.549999237060547,20.584999084472656,20.41699981689453,20.440000534057617,18.788822174072266,5736500,0.0,0.0,VST
2021-11-17 00:00:00-05:00,20.389999389648438,20.44499969482422,20.059999465942383,20.200000762939453,18.568212509155273,1798700,0.0,0.0,VST
2021-11-18 00:00:00-05:00,20.1200008392334,20.239999771118164,19.969999313354492,20.149999618530273,18.522249221801758,2977500,0.0,0.0,VST
2021-11-19 00:00:00-05:00,20.079999923706055,20.18000030517578,19.795000076293945,20.049999237060547,18.430328369140625,4026300,0.0,0.0,VST
2021-11-22 00:00:00-05:00,20.049999237060547,20.700000762939453,19.93000030517578,20.280000686645508,18.641748428344727,4515300,0.0,0.0,VST
2021-11-23 00:00:00-05:00,20.270000457763672,20.969999313354492,20.209999084472656,20.6200008392334,18.95427703857422,6669300,0.0,0.0,VST
2021-11-24 00:00:00-05:00,20.510000228881836,20.815000534057617,20.510000228881836,20.6200008392334,18.95427703857422,2546100,0.0,0.0,VST
2021-11-26 00:00:00-05:00,20.09000015258789,20.350000381469727,19.920000076293945,20.15999984741211,18.53143882751465,4147400,0.0,0.0,VST
2021-11-29 00:00:00-05:00,20.399999618530273,20.399999618530273,19.649999618530273,20.09000015258789,18.467092514038086,4114400,0.0,0.0,VST
2021-11-30 00:00:00-05:00,19.940000534057617,20.43000030517578,19.790000915527344,19.8799991607666,18.274057388305664,8850600,0.0,0.0,VST
2021-12-01 00:00:00-05:00,20.190000534057617,21.0049991607666,20.155000686645508,20.549999237060547,18.889934539794922,5950100,0.0,0.0,VST
2021-12-02 00:00:00-05:00,20.729999542236328,21.260000228881836,20.65999984741211,20.959999084472656,19.266813278198242,6267700,0.0,0.0,VST
2021-12-03 00:00:00-05:00,21.049999237060547,21.100000381469727,20.56999969482422,20.709999084472656,19.037012100219727,4143000,0.0,0.0,VST
2021-12-06 00:00:00-05:00,20.93000030517578,21.075000762939453,20.719999313354492,20.920000076293945,19.230045318603516,4810700,0.0,0.0,VST
2021-12-07 00:00:00-05:00,20.950000762939453,21.299999237060547,20.850000381469727,20.93000030517578,19.239233016967773,3876500,0.0,0.0,VST
2021-12-08 00:00:00-05:00,20.829999923706055,21.270000457763672,20.829999923706055,21.209999084472656,19.496618270874023,3836600,0.0,0.0,VST
2021-12-09 00:00:00-05:00,21.190000534057617,21.235000610351562,20.84000015258789,20.889999389648438,19.202465057373047,2682200,0.0,0.0,VST
2021-12-10 00:00:00-05:00,20.959999084472656,21.06999969482422,20.825000762939453,21.020000457763672,19.32196617126465,2852400,0.0,0.0,VST
2021-12-13 00:00:00-05:00,20.770000457763672,21.014999389648438,20.68000030517578,20.729999542236328,19.055395126342773,3952700,0.0,0.0,VST
2021-12-14 00:00:00-05:00,20.674999237060547,21.1200008392334,20.670000076293945,20.770000457763672,19.092161178588867,4358100,0.0,0.0,VST
2021-12-15 00:00:00-05:00,20.719999313354492,20.809999465942383,20.434999465942383,20.700000762939453,19.166234970092773,4531000,0.15,0.0,VST
2021-12-16 00:00:00-05:00,20.700000762939453,21.225000381469727,20.649999618530273,20.93000030517578,19.379194259643555,3057900,0.0,0.0,VST
2021-12-17 00:00:00-05:00,20.81999969482422,21.360000610351562,20.68000030517578,21.229999542236328,19.656965255737305,3848300,0.0,0.0,VST
2021-12-20 00:00:00-05:00,21.0,21.15999984741211,20.735000610351562,21.09000015258789,19.527341842651367,2604000,0.0,0.0,VST
2021-12-21 00:00:00-05:00,21.299999237060547,21.854999542236328,21.260000228881836,21.809999465942383,20.193988800048828,3112500,0.0,0.0,VST
2021-12-22 00:00:00-05:00,21.809999465942383,22.350000381469727,21.719999313354492,22.329999923706055,20.675458908081055,4211000,0.0,0.0,VST
2021-12-23 00:00:00-05:00,22.360000610351562,22.485000610351562,22.030000686645508,22.030000686645508,20.397689819335938,3279700,0.0,0.0,VST
2021-12-27 00:00:00-05:00,22.049999237060547,22.209999084472656,21.850000381469727,22.190000534057617,20.545835494995117,2283600,0.0,0.0,VST
2021-12-28 00:00:00-05:00,22.209999084472656,22.31999969482422,21.934999465942383,22.049999237060547,20.41620635986328,1864300,0.0,0.0,VST
2021-12-29 00:00:00-05:00,22.0,22.059999465942383,21.81999969482422,21.8700008392334,20.24953842163086,2895400,0.0,0.0,VST
2021-12-30 00:00:00-05:00,21.8799991607666,22.469999313354492,21.8799991607666,22.389999389648438,20.731014251708984,7636100,0.0,0.0,VST
2021-12-31 00:00:00-05:00,22.299999237060547,22.8700008392334,22.239999771118164,22.770000457763672,21.082862854003906,3243500,0.0,0.0,VST
2022-01-03 00:00:00-05:00,22.81999969482422,22.94499969482422,22.34000015258789,22.739999771118164,21.055078506469727,3925100,0.0,0.0,VST
2022-01-04 00:00:00-05:00,22.770000457763672,22.959999084472656,22.489999771118164,22.520000457763672,20.851381301879883,4572900,0.0,0.0,VST
2022-01-05 00:00:00-05:00,22.479999542236328,22.760000228881836,22.09000015258789,22.110000610351562,20.47176170349121,4037900,0.0,0.0,VST
2022-01-06 00:00:00-05:00,22.18000030517578,22.360000610351562,21.959999084472656,22.31999969482422,20.666200637817383,5284200,0.0,0.0,VST
2022-01-07 00:00:00-05:00,22.31999969482422,22.760000228881836,22.110000610351562,22.709999084472656,21.027299880981445,6078300,0.0,0.0,VST
2022-01-10 00:00:00-05:00,22.665000915527344,22.780000686645508,22.389999389648438,22.459999084472656,20.79582405090332,4341900,0.0,0.0,VST
2022-01-11 00:00:00-05:00,22.549999237060547,22.670000076293945,22.315000534057617,22.510000228881836,20.84212303161621,6657100,0.0,0.0,VST
2022-01-12 00:00:00-05:00,22.459999084472656,22.989999771118164,22.424999237060547,22.93000030517578,21.231002807617188,7344300,0.0,0.0,VST
2022-01-13 00:00:00-05:00,22.899999618530273,22.90999984741211,22.530000686645508,22.610000610351562,20.93471336364746,3709100,0.0,0.0,VST
2022-01-14 00:00:00-05:00,22.610000610351562,22.639999389648438,22.354999542236328,22.59000015258789,20.916196823120117,2994300,0.0,0.0,VST
2022-01-18 00:00:00-05:00,22.540000915527344,22.7549991607666,22.375,22.440000534057617,20.777311325073242,4215900,0.0,0.0,VST
2022-01-19 00:00:00-05:00,22.510000228881836,22.670000076293945,22.375,22.479999542236328,20.81434440612793,7263300,0.0,0.0,VST
2022-01-20 00:00:00-05:00,22.530000686645508,22.795000076293945,21.700000762939453,21.729999542236328,20.119918823242188,5162700,0.0,0.0,VST
2022-01-21 00:00:00-05:00,21.639999389648438,22.020000457763672,21.420000076293945,21.719999313354492,20.110652923583984,4244400,0.0,0.0,VST
2022-01-24 00:00:00-05:00,21.5,22.010000228881836,21.264999389648438,21.959999084472656,20.332876205444336,6039800,0.0,0.0,VST
2022-01-25 00:00:00-05:00,21.75,21.969999313354492,21.450000762939453,21.670000076293945,20.064361572265625,5173300,0.0,0.0,VST
2022-01-26 00:00:00-05:00,21.959999084472656,22.239999771118164,21.3799991607666,21.530000686645508,19.93474006652832,5850500,0.0,0.0,VST
2022-01-27 00:00:00-05:00,21.770000457763672,21.950000762939453,21.149999618530273,21.309999465942383,19.731035232543945,4854900,0.0,0.0,VST
2022-01-28 00:00:00-05:00,21.290000915527344,21.68000030517578,21.135000228881836,21.670000076293945,20.064361572265625,4707900,0.0,0.0,VST
2022-01-31 00:00:00-05:00,21.6299991607666,21.90999984741211,21.6299991607666,21.809999465942383,20.193988800048828,6126000,0.0,0.0,VST
2022-02-01 00:00:00-05:00,21.969999313354492,21.989999771118164,21.440000534057617,21.649999618530273,20.04584503173828,4526700,0.0,0.0,VST
2022-02-02 00:00:00-05:00,21.809999465942383,22.260000228881836,21.530000686645508,22.239999771118164,20.592126846313477,6964000,0.0,0.0,VST
2022-02-03 00:00:00-05:00,21.780000686645508,22.145000457763672,21.540000915527344,21.850000381469727,20.231021881103516,3931200,0.0,0.0,VST
2022-02-04 00:00:00-05:00,21.709999084472656,22.010000228881836,21.260000228881836,21.829999923706055,20.21251106262207,5344000,0.0,0.0,VST
2022-02-07 00:00:00-05:00,21.8700008392334,22.114999771118164,21.56999969482422,21.979999542236328,20.35139274597168,4638900,0.0,0.0,VST
2022-02-08 00:00:00-05:00,22.024999618530273,22.3700008392334,21.90999984741211,22.270000457763672,20.619905471801758,4337800,0.0,0.0,VST
2022-02-09 00:00:00-05:00,22.450000762939453,22.68000030517578,22.34000015258789,22.489999771118164,20.8236026763916,4984600,0.0,0.0,VST
2022-02-10 00:00:00-05:00,22.219999313354492,22.530000686645508,22.010000228881836,22.079999923706055,20.443981170654297,5460200,0.0,0.0,VST
2022-02-11 00:00:00-05:00,22.15999984741211,22.350000381469727,21.625,21.809999465942383,20.193988800048828,4527200,0.0,0.0,VST
2022-02-14 00:00:00-05:00,21.760000228881836,21.90999984741211,21.235000610351562,21.600000381469727,19.999549865722656,4181000,0.0,0.0,VST
2022-02-15 00:00:00-05:00,21.8700008392334,21.950000762939453,21.649999618530273,21.790000915527344,20.175474166870117,2605400,0.0,0.0,VST
2022-02-16 00:00:00-05:00,21.719999313354492,21.905000686645508,21.610000610351562,21.719999313354492,20.110652923583984,2270800,0.0,0.0,VST
2022-02-17 00:00:00-05:00,21.56999969482422,21.719999313354492,21.479999542236328,21.489999771118164,19.89769744873047,2465600,0.0,0.0,VST
2022-02-18 00:00:00-05:00,21.450000762939453,21.75,21.34000015258789,21.450000762939453,19.86066436767578,2877300,0.0,0.0,VST
2022-02-22 00:00:00-05:00,21.260000228881836,21.594999313354492,21.110000610351562,21.209999084472656,19.638442993164062,3681900,0.0,0.0,VST
2022-02-23 00:00:00-05:00,21.200000762939453,21.40999984741211,20.809999465942383,20.809999465942383,19.268081665039062,4535200,0.0,0.0,VST
2022-02-24 00:00:00-05:00,20.5,21.809999465942383,20.259000778198242,21.68000030517578,20.073623657226562,5802200,0.0,0.0,VST
2022-02-25 00:00:00-05:00,21.68000030517578,22.43000030517578,21.360000610351562,21.899999618530273,20.277320861816406,3879000,0.0,0.0,VST
2022-02-28 00:00:00-05:00,21.8700008392334,22.875,21.700000762939453,22.81999969482422,21.129150390625,6381500,0.0,0.0,VST
2022-03-01 00:00:00-05:00,22.790000915527344,22.809999465942383,21.704999923706055,21.93000030517578,20.305103302001953,6823000,0.0,0.0,VST
2022-03-02 00:00:00-05:00,22.0,22.315000534057617,21.760000228881836,22.219999313354492,20.5736083984375,4145000,0.0,0.0,VST
2022-03-03 00:00:00-05:00,22.280000686645508,22.469999313354492,21.844999313354492,21.979999542236328,20.35139274597168,4018900,0.0,0.0,VST
2022-03-04 00:00:00-05:00,21.90999984741211,22.559999465942383,21.770000457763672,22.510000228881836,20.84212303161621,5107400,0.0,0.0,VST
2022-03-07 00:00:00-05:00,22.670000076293945,23.485000610351562,22.280000686645508,22.360000610351562,20.70323944091797,5599800,0.0,0.0,VST
2022-03-08 00:00:00-05:00,22.5,22.899999618530273,22.309999465942383,22.649999618530273,20.971752166748047,6063800,0.0,0.0,VST
2022-03-09 00:00:00-05:00,22.8700008392334,23.06999969482422,22.530000686645508,22.739999771118164,21.055078506469727,4542500,0.0,0.0,VST
2022-03-10 00:00:00-05:00,22.6299991607666,22.700000762939453,22.405000686645508,22.649999618530273,20.971752166748047,3534200,0.0,0.0,VST
2022-03-11 00:00:00-05:00,22.719999313354492,22.825000762939453,22.3799991607666,22.43000030517578,20.768051147460938,3280300,0.0,0.0,VST
2022-03-14 00:00:00-04:00,22.3700008392334,22.704999923706055,21.90999984741211,22.420000076293945,20.7587947845459,3805000,0.0,0.0,VST
2022-03-15 00:00:00-04:00,22.5,22.639999389648438,22.040000915527344,22.329999923706055,20.675458908081055,3216300,0.0,0.0,VST
2022-03-16 00:00:00-04:00,22.299999237060547,22.645000457763672,22.25,22.59000015258789,20.916196823120117,3992800,0.0,0.0,VST
2022-03-17 00:00:00-04:00,22.520000457763672,22.725000381469727,22.280000686645508,22.309999465942383,20.65694236755371,3411400,0.0,0.0,VST
2022-03-18 00:00:00-04:00,22.229999542236328,22.545000076293945,22.1200008392334,22.40999984741211,20.749526977539062,4951500,0.0,0.0,VST
2022-03-21 00:00:00-04:00,22.31999969482422,22.53499984741211,21.93000030517578,22.049999237060547,20.572267532348633,3329900,0.17,0.0,VST
2022-03-22 00:00:00-04:00,22.06999969482422,22.665000915527344,22.06999969482422,22.389999389648438,20.88947868347168,2959100,0.0,0.0,VST
2022-03-23 00:00:00-04:00,22.309999465942383,22.420000076293945,21.780000686645508,21.799999237060547,20.339021682739258,2566800,0.0,0.0,VST
2022-03-24 00:00:00-04:00,21.850000381469727,22.170000076293945,21.829999923706055,22.049999237060547,20.572267532348633,3094400,0.0,0.0,VST
2022-03-25 00:00:00-04:00,22.1299991607666,22.795000076293945,22.1299991607666,22.739999771118164,21.216022491455078,3268900,0.0,0.0,VST
2022-03-28 00:00:00-04:00,22.760000228881836,23.209999084472656,22.68000030517578,23.110000610351562,21.561229705810547,3570700,0.0,0.0,VST
2022-03-29 00:00:00-04:00,23.059999465942383,23.209999084472656,22.915000915527344,23.149999618530273,21.59854507446289,4380200,0.0,0.0,VST
2022-03-30 00:00:00-04:00,23.1299991607666,23.3799991607666,22.985000610351562,23.100000381469727,21.55190086364746,4118500,0.0,0.0,VST
2022-03-31 00:00:00-04:00,23.06999969482422,23.604999542236328,23.06999969482422,23.25,21.691843032836914,4651100,0.0,0.0,VST
2022-04-01 00:00:00-04:00,23.309999465942383,23.5,23.079999923706055,23.440000534057617,21.869110107421875,4560100,0.0,0.0,VST
2022-04-04 00:00:00-04:00,23.399999618530273,23.530000686645508,23.139999389648438,23.329999923706055,21.766483306884766,3590300,0.0,0.0,VST
2022-04-05 00:00:00-04:00,23.389999389648438,23.780000686645508,23.3799991607666,23.579999923706055,21.999723434448242,6805200,0.0,0.0,VST
2022-04-06 00:00:00-04:00,23.5,24.0,23.385000228881836,24.0,22.39158058166504,5816200,0.0,0.0,VST
2022-04-07 00:00:00-04:00,23.979999542236328,24.209999084472656,23.735000610351562,24.1200008392334,22.5035343170166,6428100,0.0,0.0,VST
2022-04-08 00:00:00-04:00,24.209999084472656,24.59000015258789,24.0,24.510000228881836,22.867401123046875,6982700,0.0,0.0,VST
2022-04-11 00:00:00-04:00,24.520000457763672,24.649999618530273,23.969999313354492,24.0,22.39158058166504,5151600,0.0,0.0,VST
2022-04-12 00:00:00-04:00,24.110000610351562,24.459999084472656,23.899999618530273,24.049999237060547,22.438228607177734,5277000,0.0,0.0,VST
2022-04-13 00:00:00-04:00,24.06999969482422,24.209999084472656,23.65999984741211,23.799999237060547,22.204986572265625,5349300,0.0,0.0,VST
2022-04-14 00:00:00-04:00,23.829999923706055,24.229999542236328,23.829999923706055,24.030000686645508,22.419570922851562,4708900,0.0,0.0,VST
2022-04-18 00:00:00-04:00,24.0,24.8700008392334,23.915000915527344,24.84000015258789,23.17528533935547,5308600,0.0,0.0,VST
2022-04-19 00:00:00-04:00,24.920000076293945,25.209999084472656,24.475000381469727,24.81999969482422,23.156620025634766,5429700,0.0,0.0,VST
2022-04-20 00:00:00-04:00,25.18000030517578,26.6299991607666,25.18000030517578,26.260000228881836,24.5001277923584,8990300,0.0,0.0,VST
2022-04-21 00:00:00-04:00,26.190000534057617,26.350000381469727,25.690000534057617,25.739999771118164,24.014970779418945,7014700,0.0,0.0,VST
2022-04-22 00:00:00-04:00,25.75,25.790000915527344,25.299999237060547,25.350000381469727,23.651107788085938,3623000,0.0,0.0,VST
2022-04-25 00:00:00-04:00,25.299999237060547,25.299999237060547,24.579999923706055,25.010000228881836,23.333892822265625,5130700,0.0,0.0,VST
2022-04-26 00:00:00-04:00,24.809999465942383,25.415000915527344,24.809999465942383,24.899999618530273,23.231264114379883,4039600,0.0,0.0,VST
2022-04-27 00:00:00-04:00,24.8799991607666,25.31399917602539,24.760000228881836,24.8799991607666,23.212604522705078,3608800,0.0,0.0,VST
2022-04-28 00:00:00-04:00,25.1200008392334,25.170000076293945,24.7450008392334,25.1299991607666,23.44585418701172,5008500,0.0,0.0,VST
2022-04-29 00:00:00-04:00,25.219999313354492,25.485000610351562,25.014999389648438,25.020000457763672,23.343225479125977,5342300,0.0,0.0,VST
2022-05-02 00:00:00-04:00,25.0,25.25,24.18000030517578,24.690000534057617,23.03533935546875,4692400,0.0,0.0,VST
2022-05-03 00:00:00-04:00,24.770000457763672,25.575000762939453,24.735000610351562,25.25,23.557809829711914,4094100,0.0,0.0,VST
2022-05-04 00:00:00-04:00,25.360000610351562,26.075000762939453,25.299999237060547,25.920000076293945,24.182905197143555,5214600,0.0,0.0,VST
2022-05-05 00:00:00-04:00,26.0,26.329999923706055,25.270000457763672,25.40999984741211,23.70708465576172,5171400,0.0,0.0,VST
2022-05-06 00:00:00-04:00,26.0,27.100000381469727,25.75,26.6200008392334,24.83599853515625,9739100,0.0,0.0,VST
2022-05-09 00:00:00-04:00,26.43000030517578,26.43000030517578,23.920000076293945,24.1299991607666,22.51287078857422,9713400,0.0,0.0,VST
2022-05-10 00:00:00-04:00,24.450000762939453,24.989999771118164,23.8700008392334,24.440000534057617,22.802093505859375,5004500,0.0,0.0,VST
2022-05-11 00:00:00-04:00,24.59000015258789,24.8799991607666,24.200000762939453,24.290000915527344,22.66214942932129,7373900,0.0,0.0,VST
2022-05-12 00:00:00-04:00,24.040000915527344,24.190000534057617,22.885000228881836,23.40999984741211,21.84111976623535,9500800,0.0,0.0,VST
2022-05-13 00:00:00-04:00,23.860000610351562,24.718000411987305,23.81999969482422,24.579999923706055,22.932708740234375,5521600,0.0,0.0,VST
2022-05-16 00:00:00-04:00,24.530000686645508,25.010000228881836,24.389999389648438,25.0,23.324565887451172,6949300,0.0,0.0,VST
2022-05-17 00:00:00-04:00,25.049999237060547,25.280000686645508,24.760000228881836,25.25,23.557809829711914,5014500,0.0,0.0,VST
2022-05-18 00:00:00-04:00,25.309999465942383,25.59000015258789,25.100000381469727,25.229999542236328,23.539148330688477,5070000,0.0,0.0,VST
2022-05-19 00:00:00-04:00,25.270000457763672,26.1299991607666,25.139999389648438,26.079999923706055,24.332185745239258,7959700,0.0,0.0,VST
2022-05-20 00:00:00-04:00,25.959999084472656,26.459999084472656,24.829999923706055,25.229999542236328,23.539148330688477,6190200,0.0,0.0,VST
2022-05-23 00:00:00-04:00,25.40999984741211,25.84000015258789,25.139999389648438,25.729999542236328,24.005640029907227,4484600,0.0,0.0,VST
2022-05-24 00:00:00-04:00,25.510000228881836,25.770000457763672,25.225000381469727,25.479999542236328,23.77239227294922,4046000,0.0,0.0,VST
2022-05-25 00:00:00-04:00,25.469999313354492,26.165000915527344,25.450000762939453,26.100000381469727,24.350845336914062,5564900,0.0,0.0,VST
2022-05-26 00:00:00-04:00,26.219999313354492,26.454999923706055,25.920000076293945,25.93000030517578,24.192237854003906,4707100,0.0,0.0,VST
2022-05-27 00:00:00-04:00,25.979999542236328,26.325000762939453,25.735000610351562,26.309999465942383,24.546770095825195,5778600,0.0,0.0,VST
2022-05-31 00:00:00-04:00,26.5,26.68600082397461,25.8799991607666,26.3700008392334,24.602752685546875,7762900,0.0,0.0,VST
2022-06-01 00:00:00-04:00,26.360000610351562,26.459999084472656,25.27199935913086,25.899999618530273,24.16424560546875,4618700,0.0,0.0,VST
2022-06-02 00:00:00-04:00,25.959999084472656,26.239999771118164,25.594999313354492,25.979999542236328,24.2388858795166,3846900,0.0,0.0,VST
2022-06-03 00:00:00-04:00,25.90999984741211,26.25,25.829999923706055,25.850000381469727,24.117599487304688,3389000,0.0,0.0,VST
2022-06-06 00:00:00-04:00,25.989999771118164,26.524999618530273,25.81999969482422,26.489999771118164,24.714712142944336,5238600,0.0,0.0,VST
2022-06-07 00:00:00-04:00,26.389999389648438,27.389999389648438,26.389999389648438,27.389999389648438,25.554393768310547,6773300,0.0,0.0,VST
2022-06-08 00:00:00-04:00,27.239999771118164,27.309999465942383,26.6200008392334,26.84000015258789,25.0412540435791,4206400,0.0,0.0,VST
2022-06-09 00:00:00-04:00,26.739999771118164,26.899999618530273,26.170000076293945,26.200000762939453,24.444143295288086,3390400,0.0,0.0,VST
2022-06-10 00:00:00-04:00,25.770000457763672,25.8799991607666,25.43000030517578,25.440000534057617,23.735078811645508,3853500,0.0,0.0,VST
2022-06-13 00:00:00-04:00,25.0,25.040000915527344,23.399999618530273,23.5,21.925090789794922,7472000,0.0,0.0,VST
2022-06-14 00:00:00-04:00,23.450000762939453,23.700000762939453,22.6299991607666,22.959999084472656,21.421281814575195,8304200,0.0,0.0,VST
2022-06-15 00:00:00-04:00,23.219999313354492,23.90999984741211,23.100000381469727,23.5,21.925090789794922,9339700,0.0,0.0,VST
2022-06-16 00:00:00-04:00,23.31999969482422,23.31999969482422,22.280000686645508,22.520000457763672,21.01076889038086,7894600,0.0,0.0,VST
2022-06-17 00:00:00-04:00,22.530000686645508,22.735000610351562,21.84000015258789,22.420000076293945,20.917470932006836,11501800,0.0,0.0,VST
2022-06-21 00:00:00-04:00,22.979999542236328,23.010000228881836,22.5,22.770000457763672,21.41306495666504,5046400,0.177,0.0,VST
2022-06-22 00:00:00-04:00,22.420000076293945,22.881999969482422,22.309999465942383,22.709999084472656,21.35663604736328,4595100,0.0,0.0,VST
2022-06-23 00:00:00-04:00,22.969999313354492,23.459999084472656,22.84000015258789,23.40999984741211,22.014921188354492,5669200,0.0,0.0,VST
2022-06-24 00:00:00-04:00,23.520000457763672,23.600000381469727,23.094999313354492,23.389999389648438,21.99611473083496,11738000,0.0,0.0,VST
2022-06-27 00:00:00-04:00,23.389999389648438,24.05500030517578,23.34000015258789,23.75,22.33466339111328,4359500,0.0,0.0,VST
2022-06-28 00:00:00-04:00,23.799999237060547,24.0049991607666,23.059999465942383,23.25,21.864459991455078,4875200,0.0,0.0,VST
2022-06-29 00:00:00-04:00,23.219999313354492,23.2549991607666,22.389999389648438,22.889999389648438,21.525907516479492,4657200,0.0,0.0,VST
2022-06-30 00:00:00-04:00,22.6200008392334,23.354999542236328,22.510000228881836,22.850000381469727,21.488298416137695,4965100,0.0,0.0,VST
2022-07-01 00:00:00-04:00,23.06999969482422,23.489999771118164,22.893999099731445,23.350000381469727,21.958499908447266,3340900,0.0,0.0,VST
2022-07-05 00:00:00-04:00,22.969999313354492,23.139999389648438,20.9950008392334,21.65999984741211,20.36921501159668,5959900,0.0,0.0,VST
2022-07-06 00:00:00-04:00,21.540000915527344,21.950000762939453,21.364999771118164,21.700000762939453,20.40683364868164,4709800,0.0,0.0,VST
2022-07-07 00:00:00-04:00,22.0,22.385000228881836,21.975000381469727,22.229999542236328,20.905248641967773,4068900,0.0,0.0,VST
2022-07-08 00:00:00-04:00,22.209999084472656,22.329999923706055,21.8700008392334,22.079999923706055,20.764184951782227,3026700,0.0,0.0,VST
2022-07-11 00:00:00-04:00,22.020000457763672,22.334999084472656,21.790000915527344,22.09000015258789,20.773588180541992,3355300,0.0,0.0,VST
2022-07-12 00:00:00-04:00,21.979999542236328,22.649999618530273,21.969999313354492,22.520000457763672,21.177963256835938,3799800,0.0,0.0,VST
2022-07-13 00:00:00-04:00,22.200000762939453,22.864999771118164,22.15999984741211,22.729999542236328,21.375450134277344,3551100,0.0,0.0,VST
2022-07-14 00:00:00-04:00,22.200000762939453,23.020000457763672,22.165000915527344,22.93000030517578,21.56352996826172,5687800,0.0,0.0,VST
2022-07-15 00:00:00-04:00,23.030000686645508,23.06999969482422,22.2549991607666,22.579999923706055,21.234390258789062,4025100,0.0,0.0,VST
2022-07-18 00:00:00-04:00,22.739999771118164,23.329999923706055,22.670000076293945,22.81999969482422,21.460084915161133,4135200,0.0,0.0,VST
2022-07-19 00:00:00-04:00,23.15999984741211,23.735000610351562,23.1299991607666,23.6299991607666,22.22180938720703,3764400,0.0,0.0,VST
2022-07-20 00:00:00-04:00,23.6200008392334,23.729999542236328,23.1200008392334,23.639999389648438,22.231218338012695,4827100,0.0,0.0,VST
2022-07-21 00:00:00-04:00,23.549999237060547,23.690000534057617,23.084999084472656,23.360000610351562,21.967906951904297,4230800,0.0,0.0,VST
2022-07-22 00:00:00-04:00,23.40999984741211,23.65999984741211,22.7450008392334,23.0,21.629356384277344,3575100,0.0,0.0,VST
2022-07-25 00:00:00-04:00,23.040000915527344,23.5,22.780000686645508,23.360000610351562,21.967906951904297,3285000,0.0,0.0,VST
2022-07-26 00:00:00-04:00,23.309999465942383,23.760000228881836,23.15999984741211,23.75,22.33466339111328,7887900,0.0,0.0,VST
2022-07-27 00:00:00-04:00,23.799999237060547,23.959999084472656,23.440000534057617,23.829999923706055,22.40989112854004,2702600,0.0,0.0,VST
2022-07-28 00:00:00-04:00,24.389999389648438,24.8700008392334,24.03499984741211,24.81999969482422,23.340892791748047,3494700,0.0,0.0,VST
2022-07-29 00:00:00-04:00,25.0,25.860000610351562,24.93000030517578,25.850000381469727,24.30951690673828,4894800,0.0,0.0,VST
2022-08-01 00:00:00-04:00,25.700000762939453,25.899999618530273,25.260000228881836,25.360000610351562,23.848718643188477,3020200,0.0,0.0,VST
2022-08-02 00:00:00-04:00,25.479999542236328,25.760000228881836,25.25,25.260000228881836,23.75467872619629,2875000,0.0,0.0,VST
2022-08-03 00:00:00-04:00,25.219999313354492,25.584999084472656,25.110000610351562,25.459999084472656,23.9427547454834,2604100,0.0,0.0,VST
2022-08-04 00:00:00-04:00,25.600000381469727,25.899999618530273,25.530000686645508,25.6200008392334,24.093225479125977,3411800,0.0,0.0,VST
2022-08-05 00:00:00-04:00,25.530000686645508,25.729999542236328,24.309999465942383,24.600000381469727,23.13401222229004,4760700,0.0,0.0,VST
2022-08-08 00:00:00-04:00,24.75,25.44499969482422,24.559999465942383,24.729999542236328,23.25625991821289,3798500,0.0,0.0,VST
2022-08-09 00:00:00-04:00,24.610000610351562,24.809999465942383,24.31999969482422,24.790000915527344,23.312686920166016,3838300,0.0,0.0,VST
2022-08-10 00:00:00-04:00,24.93000030517578,25.219999313354492,24.854999542236328,25.170000076293945,23.6700382232666,2967900,0.0,0.0,VST
2022-08-11 00:00:00-04:00,25.270000457763672,25.780000686645508,25.225000381469727,25.34000015258789,23.829914093017578,3323500,0.0,0.0,VST
2022-08-12 00:00:00-04:00,25.6200008392334,25.90999984741211,25.524999618530273,25.8799991607666,24.337726593017578,2716300,0.0,0.0,VST
2022-08-15 00:00:00-04:00,25.649999618530273,25.989999771118164,25.350000381469727,25.969999313354492,24.4223690032959,3192700,0.0,0.0,VST
2022-08-16 00:00:00-04:00,25.790000915527344,26.0,25.690000534057617,25.829999923706055,24.290708541870117,3706400,0.0,0.0,VST
2022-08-17 00:00:00-04:00,25.489999771118164,25.809999465942383,25.440000534057617,25.530000686645508,24.008588790893555,3232500,0.0,0.0,VST
2022-08-18 00:00:00-04:00,25.530000686645508,26.1200008392334,25.530000686645508,25.84000015258789,24.30010986328125,3623700,0.0,0.0,VST
2022-08-19 00:00:00-04:00,25.739999771118164,25.780000686645508,25.139999389648438,25.25,23.745275497436523,3863400,0.0,0.0,VST
2022-08-22 00:00:00-04:00,24.899999618530273,24.93000030517578,24.59000015258789,24.729999542236328,23.25625991821289,3630300,0.0,0.0,VST
2022-08-23 00:00:00-04:00,24.920000076293945,24.950000762939453,24.459999084472656,24.469999313354492,23.011751174926758,3662100,0.0,0.0,VST
2022-08-24 00:00:00-04:00,24.3700008392334,25.299999237060547,24.3700008392334,25.190000534057617,23.6888484954834,3435400,0.0,0.0,VST
2022-08-25 00:00:00-04:00,25.290000915527344,25.969999313354492,25.1200008392334,25.649999618530273,24.12143325805664,4571100,0.0,0.0,VST
2022-08-26 00:00:00-04:00,25.670000076293945,25.709999084472656,24.920000076293945,24.93000030517578,23.44434356689453,3672000,0.0,0.0,VST
2022-08-29 00:00:00-04:00,24.59000015258789,24.84000015258789,24.399999618530273,24.739999771118164,23.265663146972656,3433800,0.0,0.0,VST
2022-08-30 00:00:00-04:00,24.75,24.975000381469727,24.18000030517578,24.18000030517578,22.739042282104492,4375500,0.0,0.0,VST
2022-08-31 00:00:00-04:00,24.059999465942383,24.799999237060547,24.0049991607666,24.75,23.275070190429688,7453900,0.0,0.0,VST
2022-09-01 00:00:00-04:00,24.670000076293945,25.010000228881836,24.584999084472656,24.959999084472656,23.47255516052246,3535100,0.0,0.0,VST
2022-09-02 00:00:00-04:00,25.18000030517578,25.520000457763672,24.889999389648438,24.959999084472656,23.47255516052246,2519300,0.0,0.0,VST
2022-09-06 00:00:00-04:00,24.8799991607666,25.0,24.31999969482422,24.34000015258789,22.889501571655273,5326800,0.0,0.0,VST
2022-09-07 00:00:00-04:00,24.3700008392334,24.709999084472656,24.295000076293945,24.639999389648438,23.17162322998047,4030100,0.0,0.0,VST
2022-09-08 00:00:00-04:00,24.649999618530273,25.09000015258789,24.53499984741211,24.899999618530273,23.416128158569336,2890000,0.0,0.0,VST
2022-09-09 00:00:00-04:00,25.190000534057617,25.454999923706055,24.979999542236328,25.25,23.745275497436523,3995500,0.0,0.0,VST
2022-09-12 00:00:00-04:00,25.329999923706055,25.844999313354492,25.235000610351562,25.790000915527344,24.253095626831055,3347100,0.0,0.0,VST
2022-09-13 00:00:00-04:00,25.399999618530273,25.725000381469727,24.885000228881836,24.979999542236328,23.491361618041992,3683500,0.0,0.0,VST
2022-09-14 00:00:00-04:00,24.979999542236328,25.3700008392334,24.959999084472656,25.360000610351562,23.848718643188477,3449800,0.0,0.0,VST
2022-09-15 00:00:00-04:00,25.219999313354492,25.395999908447266,25.090999603271484,25.3700008392334,23.858121871948242,4091400,0.0,0.0,VST
2022-09-16 00:00:00-04:00,25.31999969482422,25.329999923706055,24.8700008392334,25.309999465942383,23.801694869995117,8706200,0.0,0.0,VST
2022-09-19 00:00:00-04:00,25.040000915527344,25.809999465942383,25.040000915527344,25.6200008392334,24.093225479125977,3615200,0.0,0.0,VST
2022-09-20 00:00:00-04:00,25.34000015258789,25.450000762939453,24.735000610351562,24.90999984741211,23.594985961914062,3129500,0.184,0.0,VST
2022-09-21 00:00:00-04:00,25.030000686645508,25.31999969482422,24.420000076293945,24.440000534057617,23.14980125427246,2874800,0.0,0.0,VST
2022-09-22 00:00:00-04:00,24.420000076293945,24.459999084472656,23.985000610351562,24.059999465942383,22.78986358642578,2848900,0.0,0.0,VST
2022-09-23 00:00:00-04:00,23.6299991607666,23.690000534057617,23.100000381469727,23.3700008392334,22.13628578186035,4406800,0.0,0.0,VST
2022-09-26 00:00:00-04:00,23.110000610351562,23.34000015258789,22.325000762939453,22.469999313354492,21.283796310424805,3717000,0.0,0.0,VST
2022-09-27 00:00:00-04:00,22.75,22.815000534057617,21.670000076293945,22.020000457763672,20.857553482055664,5809600,0.0,0.0,VST
2022-09-28 00:00:00-04:00,22.309999465942383,22.559999465942383,22.1299991607666,22.299999237060547,21.122772216796875,3833000,0.0,0.0,VST
2022-09-29 00:00:00-04:00,22.010000228881836,22.059999465942383,21.165000915527344,21.3799991607666,20.251338958740234,7073500,0.0,0.0,VST
2022-09-30 00:00:00-04:00,21.5,21.6299991607666,20.920000076293945,21.0,19.891401290893555,4597700,0.0,0.0,VST
2022-10-03 00:00:00-04:00,21.3700008392334,21.84000015258789,21.03499984741211,21.469999313354492,20.336591720581055,5198000,0.0,0.0,VST
2022-10-04 00:00:00-04:00,21.690000534057617,22.940000534057617,21.649999618530273,22.940000534057617,21.728988647460938,4833600,0.0,0.0,VST
2022-10-05 00:00:00-04:00,22.540000915527344,23.139999389648438,22.239999771118164,22.889999389648438,21.681625366210938,4434400,0.0,0.0,VST
2022-10-06 00:00:00-04:00,22.829999923706055,22.920000076293945,22.405000686645508,22.649999618530273,21.454296112060547,4290400,0.0,0.0,VST
2022-10-07 00:00:00-04:00,22.510000228881836,22.610000610351562,21.93000030517578,21.969999313354492,20.810197830200195,3270800,0.0,0.0,VST
2022-10-10 00:00:00-04:00,22.0,22.375,21.639999389648438,21.68000030517578,20.53550910949707,4969200,0.0,0.0,VST
2022-10-11 00:00:00-04:00,21.559999465942383,22.1299991607666,21.375,21.799999237060547,20.649166107177734,4973500,0.0,0.0,VST
2022-10-12 00:00:00-04:00,21.790000915527344,21.79599952697754,21.329999923706055,21.440000534057617,20.30817222595215,4601600,0.0,0.0,VST
2022-10-13 00:00:00-04:00,21.110000610351562,21.954999923706055,20.761999130249023,21.68000030517578,20.53550910949707,3843400,0.0,0.0,VST
2022-10-14 00:00:00-04:00,21.93000030517578,22.219999313354492,21.325000762939453,21.420000076293945,20.289230346679688,2511300,0.0,0.0,VST
2022-10-17 00:00:00-04:00,21.950000762939453,22.489999771118164,21.850000381469727,22.030000686645508,20.86702537536621,3498300,0.0,0.0,VST
2022-10-18 00:00:00-04:00,22.440000534057617,22.6299991607666,22.334999084472656,22.559999465942383,21.369050979614258,2961700,0.0,0.0,VST
2022-10-19 00:00:00-04:00,22.329999923706055,22.40999984741211,21.790000915527344,22.200000762939453,21.028053283691406,3410100,0.0,0.0,VST
2022-10-20 00:00:00-04:00,22.229999542236328,22.295000076293945,21.3799991607666,21.520000457763672,20.38395118713379,4054200,0.0,0.0,VST
2022-10-21 00:00:00-04:00,21.479999542236328,21.76799964904785,21.1200008392334,21.75,20.601808547973633,4248900,0.0,0.0,VST
2022-10-24 00:00:00-04:00,21.799999237060547,22.1200008392334,21.450000762939453,21.489999771118164,20.35553550720215,3992200,0.0,0.0,VST
2022-10-25 00:00:00-04:00,21.520000457763672,22.219999313354492,21.479999542236328,21.989999771118164,20.829137802124023,4838400,0.0,0.0,VST
2022-10-26 00:00:00-04:00,22.079999923706055,22.209999084472656,21.81999969482422,21.899999618530273,20.7438907623291,3419400,0.0,0.0,VST
2022-10-27 00:00:00-04:00,22.1200008392334,22.309999465942383,21.889999389648438,21.979999542236328,20.819665908813477,3738400,0.0,0.0,VST
2022-10-28 00:00:00-04:00,22.100000381469727,23.0,22.02899932861328,22.979999542236328,21.766878128051758,4167400,0.0,0.0,VST
2022-10-31 00:00:00-04:00,22.93000030517578,23.229999542236328,22.770000457763672,22.969999313354492,21.757400512695312,4428700,0.0,0.0,VST
2022-11-01 00:00:00-04:00,23.209999084472656,23.219999313354492,22.704999923706055,22.8700008392334,21.662683486938477,2978700,0.0,0.0,VST
2022-11-02 00:00:00-04:00,22.829999923706055,23.674999237060547,22.729999542236328,22.8700008392334,21.662683486938477,4376400,0.0,0.0,VST
2022-11-03 00:00:00-04:00,22.790000915527344,23.670000076293945,22.559999465942383,23.229999542236328,22.003681182861328,4399000,0.0,0.0,VST
2022-11-04 00:00:00-04:00,23.15999984741211,23.8700008392334,22.43000030517578,22.850000381469727,21.643741607666016,7181200,0.0,0.0,VST
2022-11-07 00:00:00-05:00,22.950000762939453,23.975000381469727,22.75,23.829999923706055,22.572004318237305,5051000,0.0,0.0,VST
2022-11-08 00:00:00-05:00,23.790000915527344,24.350000381469727,23.71500015258789,24.1200008392334,22.846694946289062,3912900,0.0,0.0,VST
2022-11-09 00:00:00-05:00,24.0,24.18000030517578,23.479999542236328,23.549999237060547,22.306785583496094,3345200,0.0,0.0,VST
2022-11-10 00:00:00-05:00,24.389999389648438,24.989999771118164,24.09000015258789,24.59000015258789,23.291885375976562,3465900,0.0,0.0,VST
2022-11-11 00:00:00-05:00,24.799999237060547,24.899999618530273,23.84000015258789,24.09000015258789,22.81827735900879,3527600,0.0,0.0,VST
2022-11-14 00:00:00-05:00,23.889999389648438,24.079999923706055,22.950000762939453,22.950000762939453,21.738460540771484,3675500,0.0,0.0,VST
2022-11-15 00:00:00-05:00,23.389999389648438,23.5049991607666,22.635000228881836,22.700000762939453,21.50165557861328,3885200,0.0,0.0,VST
2022-11-16 00:00:00-05:00,22.5,23.010000228881836,22.46500015258789,22.829999923706055,21.624794006347656,3395200,0.0,0.0,VST
2022-11-17 00:00:00-05:00,22.65999984741211,22.899999618530273,22.389999389648438,22.459999084472656,21.27432632446289,2599100,0.0,0.0,VST
2022-11-18 00:00:00-05:00,22.719999313354492,22.90999984741211,22.6299991607666,22.90999984741211,21.70056915283203,3763000,0.0,0.0,VST
2022-11-21 00:00:00-05:00,22.860000610351562,22.979999542236328,22.510000228881836,22.8799991607666,21.672155380249023,2292200,0.0,0.0,VST
2022-11-22 00:00:00-05:00,22.989999771118164,23.479999542236328,22.8799991607666,23.43000030517578,22.19312286376953,2276600,0.0,0.0,VST
2022-11-23 00:00:00-05:00,23.420000076293945,24.06999969482422,23.40999984741211,24.0,22.7330322265625,1865800,0.0,0.0,VST
2022-11-25 00:00:00-05:00,23.950000762939453,24.399999618530273,23.950000762939453,24.079999923706055,22.808807373046875,1271600,0.0,0.0,VST
2022-11-28 00:00:00-05:00,23.760000228881836,23.899999618530273,23.57200050354004,23.790000915527344,22.534114837646484,1896900,0.0,0.0,VST
2022-11-29 00:00:00-05:00,23.809999465942383,24.290000915527344,23.540000915527344,24.229999542236328,22.950885772705078,2631200,0.0,0.0,VST
2022-11-30 00:00:00-05:00,24.3700008392334,24.44499969482422,23.950000762939453,24.329999923706055,23.04560661315918,7650700,0.0,0.0,VST
2022-12-01 00:00:00-05:00,24.469999313354492,24.81999969482422,24.30500030517578,24.530000686645508,23.23505210876465,4111800,0.0,0.0,VST
2022-12-02 00:00:00-05:00,24.200000762939453,24.389999389648438,23.959999084472656,23.989999771118164,22.72355842590332,1941600,0.0,0.0,VST
2022-12-05 00:00:00-05:00,23.780000686645508,23.84000015258789,23.260000228881836,23.440000534057617,22.20259666442871,2570600,0.0,0.0,VST
2022-12-06 00:00:00-05:00,23.299999237060547,23.75,23.15999984741211,23.719999313354492,22.467809677124023,3779300,0.0,0.0,VST
2022-12-07 00:00:00-05:00,23.6299991607666,24.045000076293945,23.514999389648438,23.639999389648438,22.392032623291016,3313600,0.0,0.0,VST
2022-12-08 00:00:00-05:00,23.68000030517578,23.90999984741211,23.489999771118164,23.59000015258789,22.344675064086914,2201700,0.0,0.0,VST
2022-12-09 00:00:00-05:00,23.40999984741211,24.0049991607666,23.329999923706055,23.860000610351562,22.600418090820312,3274300,0.0,0.0,VST
2022-12-12 00:00:00-05:00,23.979999542236328,24.229999542236328,23.829999923706055,24.219999313354492,22.94141387939453,2360000,0.0,0.0,VST
2022-12-13 00:00:00-05:00,24.579999923706055,25.030000686645508,24.094999313354492,24.290000915527344,23.00772476196289,5246100,0.0,0.0,VST
2022-12-14 00:00:00-05:00,24.100000381469727,24.53499984741211,23.985000610351562,24.350000381469727,23.064550399780273,3566400,0.0,0.0,VST
2022-12-15 00:00:00-05:00,24.239999771118164,24.530000686645508,24.030000686645508,24.329999923706055,23.04560661315918,3407400,0.0,0.0,VST
2022-12-16 00:00:00-05:00,24.079999923706055,24.239999771118164,23.68000030517578,24.06999969482422,22.799333572387695,5457400,0.0,0.0,VST
2022-12-19 00:00:00-05:00,24.049999237060547,24.28499984741211,23.7549991607666,23.860000610351562,22.783098220825195,3304100,0.193,0.0,VST
2022-12-20 00:00:00-05:00,23.84000015258789,24.110000610351562,23.770000457763672,23.81999969482422,22.744905471801758,4042400,0.0,0.0,VST
2022-12-21 00:00:00-05:00,24.0,24.170000076293945,23.809999465942383,24.170000076293945,23.079113006591797,4215300,0.0,0.0,VST
2022-12-22 00:00:00-05:00,24.030000686645508,24.030000686645508,23.309999465942383,23.549999237060547,22.487092971801758,2380400,0.0,0.0,VST
2022-12-23 00:00:00-05:00,23.40999984741211,23.899999618530273,23.3700008392334,23.8700008392334,22.792652130126953,2249500,0.0,0.0,VST
2022-12-27 00:00:00-05:00,23.81999969482422,23.950000762939453,23.43000030517578,23.690000534057617,22.62077522277832,2208200,0.0,0.0,VST
2022-12-28 00:00:00-05:00,23.709999084472656,23.84000015258789,23.549999237060547,23.65999984741211,22.592130661010742,5352700,0.0,0.0,VST
2022-12-29 00:00:00-05:00,23.75,24.18000030517578,23.6200008392334,24.06999969482422,22.983623504638672,1954800,0.0,0.0,VST
2022-12-30 00:00:00-05:00,24.0,24.020000457763672,22.8439998626709,23.200000762939453,22.152891159057617,3424700,0.0,0.0,VST
2023-01-03 00:00:00-05:00,23.239999771118164,23.350000381469727,22.125,22.270000457763672,21.264863967895508,3868900,0.0,0.0,VST
2023-01-04 00:00:00-05:00,22.280000686645508,22.847000122070312,22.010000228881836,22.75,21.723201751708984,3934000,0.0,0.0,VST
2023-01-05 00:00:00-05:00,22.610000610351562,22.780000686645508,22.25,22.31999969482422,21.312610626220703,2319200,0.0,0.0,VST
2023-01-06 00:00:00-05:00,22.479999542236328,22.774999618530273,22.25,22.510000228881836,21.494033813476562,3411900,0.0,0.0,VST
2023-01-09 00:00:00-05:00,22.6299991607666,22.885000228881836,22.459999084472656,22.530000686645508,21.513132095336914,2912000,0.0,0.0,VST
2023-01-10 00:00:00-05:00,22.40999984741211,22.53499984741211,22.190000534057617,22.399999618530273,21.388994216918945,2873600,0.0,0.0,VST
2023-01-11 00:00:00-05:00,22.399999618530273,22.78499984741211,22.399999618530273,22.739999771118164,21.713651657104492,2395400,0.0,0.0,VST
2023-01-12 00:00:00-05:00,22.860000610351562,23.094999313354492,22.604999542236328,22.690000534057617,21.665910720825195,3315700,0.0,0.0,VST
2023-01-13 00:00:00-05:00,22.43000030517578,22.545000076293945,22.135000228881836,22.3799991607666,21.36989974975586,2806900,0.0,0.0,VST
2023-01-17 00:00:00-05:00,22.420000076293945,22.770000457763672,22.139999389648438,22.149999618530273,21.150278091430664,3593700,0.0,0.0,VST
2023-01-18 00:00:00-05:00,22.110000610351562,22.229999542236328,21.479999542236328,21.5,20.529617309570312,3684600,0.0,0.0,VST
2023-01-19 00:00:00-05:00,21.3799991607666,21.530000686645508,21.25,21.389999389648438,20.424583435058594,3749800,0.0,0.0,VST
2023-01-20 00:00:00-05:00,21.31999969482422,21.8700008392334,21.299999237060547,21.850000381469727,20.863819122314453,3420300,0.0,0.0,VST
2023-01-23 00:00:00-05:00,21.780000686645508,22.729999542236328,21.760000228881836,22.5,21.484481811523438,2798200,0.0,0.0,VST
2023-01-24 00:00:00-05:00,22.5,22.889999389648438,22.280000686645508,22.829999923706055,21.79958724975586,2632500,0.0,0.0,VST
2023-01-25 00:00:00-05:00,22.6299991607666,22.795000076293945,22.344999313354492,22.56999969482422,21.55132484436035,2231800,0.0,0.0,VST
2023-01-26 00:00:00-05:00,22.600000381469727,22.809999465942383,22.229999542236328,22.799999237060547,21.770944595336914,2012100,0.0,0.0,VST
2023-01-27 00:00:00-05:00,22.700000762939453,22.90999984741211,22.649999618530273,22.670000076293945,21.646814346313477,1899800,0.0,0.0,VST
2023-01-30 00:00:00-05:00,22.600000381469727,22.905000686645508,22.31999969482422,22.3700008392334,21.360355377197266,2132900,0.0,0.0,VST
2023-01-31 00:00:00-05:00,22.440000534057617,23.065000534057617,22.31999969482422,23.059999465942383,22.019208908081055,2573000,0.0,0.0,VST
2023-02-01 00:00:00-05:00,22.860000610351562,23.475000381469727,22.834999084472656,23.200000762939453,22.152891159057617,2495800,0.0,0.0,VST
2023-02-02 00:00:00-05:00,23.43000030517578,23.864999771118164,23.030000686645508,23.280000686645508,22.22928237915039,3012000,0.0,0.0,VST
2023-02-03 00:00:00-05:00,22.979999542236328,23.040000915527344,22.55500030517578,22.8799991607666,21.847332000732422,5011300,0.0,0.0,VST
2023-02-06 00:00:00-05:00,22.84000015258789,23.100000381469727,22.760000228881836,22.969999313354492,21.933269500732422,4087200,0.0,0.0,VST
2023-02-07 00:00:00-05:00,22.940000534057617,23.309999465942383,22.655000686645508,23.239999771118164,22.191082000732422,1930600,0.0,0.0,VST
2023-02-08 00:00:00-05:00,23.079999923706055,23.200000762939453,22.829999923706055,22.860000610351562,21.828237533569336,1398800,0.0,0.0,VST
2023-02-09 00:00:00-05:00,22.889999389648438,23.0,22.690000534057617,22.690000534057617,21.665910720825195,2709200,0.0,0.0,VST
2023-02-10 00:00:00-05:00,22.65999984741211,23.139999389648438,22.6200008392334,23.040000915527344,22.00011444091797,1872100,0.0,0.0,VST
2023-02-13 00:00:00-05:00,23.030000686645508,23.375,23.010000228881836,23.049999237060547,22.009658813476562,1590500,0.0,0.0,VST
2023-02-14 00:00:00-05:00,22.969999313354492,23.469999313354492,22.860000610351562,23.010000228881836,21.971466064453125,2431500,0.0,0.0,VST
2023-02-15 00:00:00-05:00,22.809999465942383,23.489999771118164,22.809999465942383,23.440000534057617,22.382061004638672,3412900,0.0,0.0,VST
2023-02-16 00:00:00-05:00,23.170000076293945,23.3799991607666,22.549999237060547,22.81999969482422,21.790037155151367,4614000,0.0,0.0,VST
2023-02-17 00:00:00-05:00,22.889999389648438,23.239999771118164,22.739999771118164,22.959999084472656,21.92371940612793,3582100,0.0,0.0,VST
2023-02-21 00:00:00-05:00,22.770000457763672,22.920000076293945,22.440000534057617,22.56999969482422,21.55132484436035,3216000,0.0,0.0,VST
2023-02-22 00:00:00-05:00,22.479999542236328,22.610000610351562,22.2549991607666,22.420000076293945,21.408096313476562,3114100,0.0,0.0,VST
2023-02-23 00:00:00-05:00,22.56999969482422,22.825000762939453,22.395000457763672,22.5,21.484481811523438,1819900,0.0,0.0,VST
2023-02-24 00:00:00-05:00,22.31999969482422,22.489999771118164,22.170000076293945,22.360000610351562,21.350801467895508,2340200,0.0,0.0,VST
2023-02-27 00:00:00-05:00,22.600000381469727,22.799999237060547,22.219999313354492,22.25,21.24576759338379,2603300,0.0,0.0,VST
2023-02-28 00:00:00-05:00,22.06999969482422,22.399999618530273,21.885000228881836,21.989999771118164,20.997501373291016,4883500,0.0,0.0,VST
2023-03-01 00:00:00-05:00,22.079999923706055,22.540000915527344,21.559999465942383,21.709999084472656,20.730138778686523,4455300,0.0,0.0,VST
2023-03-02 00:00:00-05:00,21.65999984741211,21.670000076293945,21.229999542236328,21.290000915527344,20.3290958404541,5173500,0.0,0.0,VST
2023-03-03 00:00:00-05:00,21.31999969482422,21.59000015258789,21.18000030517578,21.40999984741211,20.443683624267578,3455700,0.0,0.0,VST
2023-03-06 00:00:00-05:00,22.049999237060547,25.030000686645508,22.049999237060547,24.3799991607666,23.279634475708008,16329100,0.0,0.0,VST
2023-03-07 00:00:00-05:00,24.950000762939453,27.290000915527344,24.600000381469727,26.510000228881836,25.313495635986328,14242600,0.0,0.0,VST
2023-03-08 00:00:00-05:00,26.510000228881836,27.184999465942383,26.174999237060547,26.200000762939453,25.01749038696289,7018500,0.0,0.0,VST
2023-03-09 00:00:00-05:00,26.239999771118164,26.5,25.68000030517578,25.690000534057617,24.53050422668457,6133000,0.0,0.0,VST
2023-03-10 00:00:00-05:00,25.889999389648438,25.93000030517578,24.510000228881836,24.520000457763672,23.41331672668457,5888500,0.0,0.0,VST
2023-03-13 00:00:00-04:00,24.3799991607666,25.040000915527344,24.020000457763672,24.34000015258789,23.241436004638672,7722300,0.0,0.0,VST
2023-03-14 00:00:00-04:00,24.68000030517578,25.704999923706055,24.549999237060547,25.5,24.34908103942871,6022000,0.0,0.0,VST
2023-03-15 00:00:00-04:00,24.764999389648438,25.1200008392334,23.899999618530273,24.40999984741211,23.30828094482422,6411500,0.0,0.0,VST
2023-03-16 00:00:00-04:00,24.0,25.489999771118164,23.989999771118164,25.34000015258789,24.196308135986328,5547100,0.0,0.0,VST
2023-03-17 00:00:00-04:00,25.09000015258789,25.1299991607666,24.219999313354492,24.84000015258789,23.718868255615234,5046400,0.0,0.0,VST
2023-03-20 00:00:00-04:00,25.100000381469727,25.649999618530273,25.059999465942383,25.100000381469727,23.967138290405273,4331100,0.0,0.0,VST
2023-03-21 00:00:00-04:00,25.139999389648438,25.674999237060547,24.7450008392334,25.059999465942383,24.11920166015625,3389300,0.198,0.0,VST
2023-03-22 00:00:00-04:00,24.860000610351562,24.989999771118164,24.219999313354492,24.229999542236328,23.32036018371582,3333100,0.0,0.0,VST
2023-03-23 00:00:00-04:00,24.329999923706055,24.6200008392334,23.6299991607666,23.90999984741211,23.01237678527832,3234500,0.0,0.0,VST
2023-03-24 00:00:00-04:00,23.81999969482422,23.84000015258789,23.040000915527344,23.420000076293945,22.540771484375,4852300,0.0,0.0,VST
2023-03-27 00:00:00-04:00,23.489999771118164,23.739999771118164,23.1200008392334,23.200000762939453,22.32903480529785,4108800,0.0,0.0,VST
2023-03-28 00:00:00-04:00,23.170000076293945,23.760000228881836,23.100000381469727,23.34000015258789,22.463775634765625,2799400,0.0,0.0,VST
2023-03-29 00:00:00-04:00,23.479999542236328,23.7549991607666,23.315000534057617,23.510000228881836,22.627395629882812,3517400,0.0,0.0,VST
2023-03-30 00:00:00-04:00,23.670000076293945,23.864999771118164,23.479999542236328,23.59000015258789,22.704389572143555,2154000,0.0,0.0,VST
2023-03-31 00:00:00-04:00,23.649999618530273,24.0,23.53499984741211,24.0,23.0989990234375,2284300,0.0,0.0,VST
2023-04-03 00:00:00-04:00,23.8799991607666,24.100000381469727,23.670000076293945,23.700000762939453,22.810258865356445,3017900,0.0,0.0,VST
2023-04-04 00:00:00-04:00,23.670000076293945,23.7549991607666,23.190000534057617,23.40999984741211,22.531147003173828,2587200,0.0,0.0,VST
2023-04-05 00:00:00-04:00,23.360000610351562,23.989999771118164,23.329999923706055,23.920000076293945,23.022003173828125,2736200,0.0,0.0,VST
2023-04-06 00:00:00-04:00,24.1200008392334,24.295000076293945,23.8700008392334,24.06999969482422,23.166366577148438,3021900,0.0,0.0,VST
2023-04-10 00:00:00-04:00,23.829999923706055,24.485000610351562,23.799999237060547,24.420000076293945,23.50322914123535,2735100,0.0,0.0,VST
2023-04-11 00:00:00-04:00,24.549999237060547,24.90999984741211,24.440000534057617,24.690000534057617,23.763093948364258,2742400,0.0,0.0,VST
2023-04-12 00:00:00-04:00,24.799999237060547,24.8799991607666,24.413000106811523,24.549999237060547,23.62835121154785,2962600,0.0,0.0,VST
2023-04-13 00:00:00-04:00,24.43000030517578,25.1200008392334,24.31999969482422,24.829999923706055,23.897838592529297,3680400,0.0,0.0,VST
2023-04-14 00:00:00-04:00,24.700000762939453,24.954999923706055,24.299999237060547,24.489999771118164,23.570602416992188,3169600,0.0,0.0,VST
2023-04-17 00:00:00-04:00,24.530000686645508,24.530000686645508,24.045000076293945,24.25,23.339614868164062,2382100,0.0,0.0,VST
2023-04-18 00:00:00-04:00,24.270000457763672,24.364999771118164,23.93000030517578,24.309999465942383,23.39735984802246,2834600,0.0,0.0,VST
2023-04-19 00:00:00-04:00,24.149999618530273,24.270000457763672,23.799999237060547,24.260000228881836,23.349233627319336,3231700,0.0,0.0,VST
2023-04-20 00:00:00-04:00,24.059999465942383,24.25,23.7450008392334,23.780000686645508,22.887256622314453,1985800,0.0,0.0,VST
2023-04-21 00:00:00-04:00,23.799999237060547,23.899999618530273,23.459999084472656,23.700000762939453,22.810258865356445,1809400,0.0,0.0,VST
2023-04-24 00:00:00-04:00,23.790000915527344,23.899999618530273,23.399999618530273,23.649999618530273,22.762134552001953,4038000,0.0,0.0,VST
2023-04-25 00:00:00-04:00,23.600000381469727,23.71500015258789,23.2450008392334,23.350000381469727,22.473400115966797,3717100,0.0,0.0,VST
2023-04-26 00:00:00-04:00,23.31999969482422,23.520000457763672,22.950000762939453,22.969999313354492,22.107664108276367,2636700,0.0,0.0,VST
2023-04-27 00:00:00-04:00,23.049999237060547,23.280000686645508,22.950000762939453,23.1299991607666,22.26165771484375,2603300,0.0,0.0,VST
2023-04-28 00:00:00-04:00,23.139999389648438,23.959999084472656,23.049999237060547,23.860000610351562,22.964250564575195,3165200,0.0,0.0,VST
2023-05-01 00:00:00-04:00,23.860000610351562,24.1200008392334,23.420000076293945,23.43000030517578,22.550397872924805,2539600,0.0,0.0,VST
2023-05-02 00:00:00-04:00,23.40999984741211,23.59000015258789,22.670000076293945,23.110000610351562,22.242408752441406,2937000,0.0,0.0,VST
2023-05-03 00:00:00-04:00,23.399999618530273,23.549999237060547,22.979999542236328,23.010000228881836,22.14616584777832,1951100,0.0,0.0,VST
2023-05-04 00:00:00-04:00,23.059999465942383,23.209999084472656,22.69499969482422,23.170000076293945,22.30015754699707,2640200,0.0,0.0,VST
2023-05-05 00:00:00-04:00,23.270000457763672,23.559999465942383,23.200000762939453,23.420000076293945,22.540771484375,3008400,0.0,0.0,VST
2023-05-08 00:00:00-04:00,23.450000762939453,23.565000534057617,23.235000610351562,23.3799991607666,22.50227165222168,2426000,0.0,0.0,VST
2023-05-09 00:00:00-04:00,23.59000015258789,24.655000686645508,23.59000015258789,24.600000381469727,23.676471710205078,6624300,0.0,0.0,VST
2023-05-10 00:00:00-04:00,25.0,25.709999084472656,24.84000015258789,25.219999313354492,24.273193359375,8049200,0.0,0.0,VST
2023-05-11 00:00:00-04:00,25.010000228881836,25.204999923706055,24.520000457763672,24.639999389648438,23.714967727661133,3650500,0.0,0.0,VST
2023-05-12 00:00:00-04:00,24.829999923706055,24.860000610351562,24.204999923706055,24.520000457763672,23.599475860595703,3458700,0.0,0.0,VST
2023-05-15 00:00:00-04:00,24.5,24.809999465942383,24.40999984741211,24.799999237060547,23.86896514892578,3242100,0.0,0.0,VST
2023-05-16 00:00:00-04:00,24.75,24.829999923706055,24.065000534057617,24.350000381469727,23.435855865478516,2840100,0.0,0.0,VST
2023-05-17 00:00:00-04:00,24.459999084472656,24.610000610351562,24.209999084472656,24.350000381469727,23.435855865478516,3512200,0.0,0.0,VST
2023-05-18 00:00:00-04:00,24.15999984741211,24.524999618530273,24.010000228881836,24.440000534057617,23.522478103637695,2611500,0.0,0.0,VST
2023-05-19 00:00:00-04:00,24.68000030517578,24.94499969482422,24.510000228881836,24.510000228881836,23.58985137939453,2772300,0.0,0.0,VST
2023-05-22 00:00:00-04:00,24.450000762939453,24.8700008392334,24.43000030517578,24.510000228881836,23.58985137939453,2456000,0.0,0.0,VST
2023-05-23 00:00:00-04:00,24.450000762939453,24.969999313354492,24.389999389648438,24.559999465942383,23.637977600097656,2062700,0.0,0.0,VST
2023-05-24 00:00:00-04:00,24.489999771118164,24.540000915527344,24.264999389648438,24.399999618530273,23.483980178833008,2972800,0.0,0.0,VST
2023-05-25 00:00:00-04:00,24.459999084472656,24.610000610351562,23.850000381469727,24.270000457763672,23.358863830566406,2598300,0.0,0.0,VST
2023-05-26 00:00:00-04:00,24.34000015258789,24.545000076293945,24.079999923706055,24.450000762939453,23.532106399536133,2569300,0.0,0.0,VST
2023-05-30 00:00:00-04:00,24.530000686645508,24.575000762939453,23.915000915527344,23.950000762939453,23.05087661743164,2434500,0.0,0.0,VST
2023-05-31 00:00:00-04:00,23.809999465942383,24.084999084472656,23.53499984741211,23.969999313354492,23.070125579833984,4908400,0.0,0.0,VST
2023-06-01 00:00:00-04:00,24.040000915527344,24.729999542236328,23.989999771118164,24.639999389648438,23.714967727661133,4772000,0.0,0.0,VST
2023-06-02 00:00:00-04:00,24.690000534057617,25.030000686645508,24.459999084472656,24.719999313354492,23.791967391967773,3299600,0.0,0.0,VST
2023-06-05 00:00:00-04:00,24.56999969482422,24.989999771118164,24.559999465942383,24.899999618530273,23.965206146240234,2585700,0.0,0.0,VST
2023-06-06 00:00:00-04:00,24.899999618530273,24.989999771118164,24.665000915527344,24.729999542236328,23.801589965820312,2493800,0.0,0.0,VST
2023-06-07 00:00:00-04:00,24.780000686645508,25.229999542236328,24.645000457763672,25.15999984741211,24.2154483795166,3010500,0.0,0.0,VST
2023-06-08 00:00:00-04:00,25.15999984741211,25.18000030517578,24.68000030517578,24.81999969482422,23.888212203979492,2612500,0.0,0.0,VST
2023-06-09 00:00:00-04:00,24.969999313354492,25.059999465942383,24.770000457763672,24.81999969482422,23.888212203979492,1514200,0.0,0.0,VST
2023-06-12 00:00:00-04:00,24.809999465942383,24.979999542236328,24.59600067138672,24.700000762939453,23.772716522216797,1771300,0.0,0.0,VST
2023-06-13 00:00:00-04:00,24.700000762939453,25.014999389648438,24.600000381469727,24.899999618530273,23.965206146240234,3407900,0.0,0.0,VST
2023-06-14 00:00:00-04:00,24.920000076293945,25.1299991607666,24.743000030517578,24.809999465942383,23.87858772277832,5449200,0.0,0.0,VST
2023-06-15 00:00:00-04:00,24.84000015258789,25.399999618530273,24.809999465942383,25.329999923706055,24.379070281982422,5900600,0.0,0.0,VST
2023-06-16 00:00:00-04:00,25.40999984741211,25.459999084472656,24.989999771118164,25.059999465942383,24.11920166015625,6532000,0.0,0.0,VST
2023-06-20 00:00:00-04:00,24.950000762939453,25.155000686645508,24.719999313354492,24.969999313354492,24.229825973510742,4547900,0.204,0.0,VST
2023-06-21 00:00:00-04:00,24.8700008392334,25.2450008392334,24.700000762939453,25.149999618530273,24.40448760986328,3948400,0.0,0.0,VST
2023-06-22 00:00:00-04:00,25.260000228881836,25.315000534057617,24.93000030517578,25.299999237060547,24.550039291381836,2493100,0.0,0.0,VST
2023-06-23 00:00:00-04:00,25.329999923706055,25.530000686645508,24.90999984741211,25.100000381469727,24.35597038269043,7426300,0.0,0.0,VST
2023-06-26 00:00:00-04:00,25.479999542236328,26.075000762939453,25.440000534057617,25.600000381469727,24.841148376464844,5450900,0.0,0.0,VST
2023-06-27 00:00:00-04:00,25.690000534057617,26.139999389648438,25.559999465942383,25.790000915527344,25.0255184173584,4740600,0.0,0.0,VST
2023-06-28 00:00:00-04:00,25.770000457763672,25.815000534057617,25.559999465942383,25.729999542236328,24.967300415039062,1866700,0.0,0.0,VST
2023-06-29 00:00:00-04:00,25.729999542236328,26.1299991607666,25.639999389648438,26.040000915527344,25.268108367919922,1686900,0.0,0.0,VST
2023-06-30 00:00:00-04:00,26.100000381469727,26.395000457763672,25.96500015258789,26.25,25.471881866455078,2301700,0.0,0.0,VST
2023-07-03 00:00:00-04:00,26.15999984741211,26.43000030517578,26.09000015258789,26.09000015258789,25.316621780395508,1222300,0.0,0.0,VST
2023-07-05 00:00:00-04:00,25.90999984741211,26.94499969482422,25.8799991607666,26.84000015258789,26.044391632080078,3070100,0.0,0.0,VST
2023-07-06 00:00:00-04:00,26.600000381469727,26.950000762939453,26.524999618530273,26.950000762939453,26.1511287689209,3374500,0.0,0.0,VST
2023-07-07 00:00:00-04:00,26.729999542236328,27.06999969482422,26.639999389648438,26.700000762939453,25.90854263305664,2043700,0.0,0.0,VST
2023-07-10 00:00:00-04:00,26.700000762939453,26.809999465942383,26.34000015258789,26.459999084472656,25.6756591796875,1651600,0.0,0.0,VST
2023-07-11 00:00:00-04:00,26.440000534057617,26.520000457763672,26.260000228881836,26.520000457763672,25.733877182006836,1917500,0.0,0.0,VST
2023-07-12 00:00:00-04:00,26.6200008392334,26.93000030517578,26.56999969482422,26.760000228881836,25.96676254272461,1991100,0.0,0.0,VST
2023-07-13 00:00:00-04:00,26.56999969482422,26.799999237060547,26.549999237060547,26.709999084472656,25.918241500854492,1712200,0.0,0.0,VST
2023-07-14 00:00:00-04:00,26.68000030517578,26.68000030517578,26.299999237060547,26.34000015258789,25.559213638305664,1288700,0.0,0.0,VST
2023-07-17 00:00:00-04:00,26.200000762939453,26.31999969482422,26.05500030517578,26.1299991607666,25.35544204711914,2146700,0.0,0.0,VST
2023-07-18 00:00:00-04:00,26.18000030517578,26.780000686645508,26.165000915527344,26.780000686645508,25.98617172241211,2468300,0.0,0.0,VST
2023-07-19 00:00:00-04:00,26.81999969482422,27.40999984741211,26.739999771118164,27.329999923706055,26.51987075805664,3692300,0.0,0.0,VST
2023-07-20 00:00:00-04:00,27.309999465942383,27.510000228881836,27.209999084472656,27.3700008392334,26.558685302734375,1512600,0.0,0.0,VST
2023-07-21 00:00:00-04:00,27.549999237060547,28.520000457763672,27.3700008392334,28.360000610351562,27.519336700439453,4584000,0.0,0.0,VST
2023-07-24 00:00:00-04:00,28.360000610351562,28.479999542236328,28.110000610351562,28.299999237060547,27.46111488342285,1939700,0.0,0.0,VST
2023-07-25 00:00:00-04:00,28.43000030517578,28.530000686645508,28.075000762939453,28.100000381469727,27.267040252685547,2748800,0.0,0.0,VST
2023-07-26 00:00:00-04:00,28.200000762939453,28.545000076293945,28.079999923706055,28.40999984741211,27.567855834960938,2838700,0.0,0.0,VST
2023-07-27 00:00:00-04:00,28.3700008392334,28.510000228881836,28.06999969482422,28.100000381469727,27.267040252685547,2048800,0.0,0.0,VST
2023-07-28 00:00:00-04:00,28.18000030517578,28.350000381469727,27.579999923706055,27.719999313354492,26.89830780029297,1875000,0.0,0.0,VST
2023-07-31 00:00:00-04:00,28.0,28.55500030517578,27.844999313354492,28.059999465942383,27.228227615356445,2792900,0.0,0.0,VST
2023-08-01 00:00:00-04:00,27.969999313354492,28.3700008392334,27.75,27.889999389648438,27.06326675415039,2377800,0.0,0.0,VST
2023-08-02 00:00:00-04:00,27.649999618530273,28.06999969482422,27.54199981689453,27.989999771118164,27.160303115844727,1935100,0.0,0.0,VST
2023-08-03 00:00:00-04:00,27.969999313354492,28.309999465942383,27.700000762939453,27.940000534057617,27.111785888671875,4245100,0.0,0.0,VST
2023-08-04 00:00:00-04:00,28.010000228881836,28.850000381469727,27.899999618530273,28.540000915527344,27.694002151489258,4728100,0.0,0.0,VST
2023-08-07 00:00:00-04:00,28.670000076293945,29.0,28.59000015258789,28.700000762939453,27.849258422851562,3243200,0.0,0.0,VST
2023-08-08 00:00:00-04:00,28.559999465942383,28.8799991607666,28.389999389648438,28.81999969482422,27.9656982421875,4245500,0.0,0.0,VST
2023-08-09 00:00:00-04:00,29.540000915527344,30.770000457763672,29.190000534057617,30.309999465942383,29.411531448364258,7461000,0.0,0.0,VST
2023-08-10 00:00:00-04:00,30.440000534057617,30.985000610351562,30.440000534057617,30.690000534057617,29.780271530151367,5922500,0.0,0.0,VST
2023-08-11 00:00:00-04:00,30.6200008392334,30.850000381469727,30.06999969482422,30.139999389648438,29.246570587158203,4828700,0.0,0.0,VST
2023-08-14 00:00:00-04:00,30.040000915527344,30.34000015258789,29.920000076293945,30.31999969482422,29.421236038208008,4458700,0.0,0.0,VST
2023-08-15 00:00:00-04:00,30.030000686645508,30.31999969482422,29.985000610351562,30.239999771118164,29.343608856201172,3258400,0.0,0.0,VST
2023-08-16 00:00:00-04:00,30.280000686645508,30.43000030517578,30.014999389648438,30.06999969482422,29.178646087646484,3004500,0.0,0.0,VST
2023-08-17 00:00:00-04:00,30.0,30.44499969482422,29.469999313354492,29.709999084472656,28.829320907592773,3470700,0.0,0.0,VST
2023-08-18 00:00:00-04:00,29.600000381469727,30.09000015258789,29.56999969482422,29.860000610351562,28.974870681762695,3267500,0.0,0.0,VST
2023-08-21 00:00:00-04:00,29.950000762939453,30.020000457763672,29.739999771118164,30.0,29.110721588134766,3002900,0.0,0.0,VST
2023-08-22 00:00:00-04:00,29.899999618530273,29.90999984741211,29.479999542236328,29.65999984741211,28.780799865722656,3676900,0.0,0.0,VST
2023-08-23 00:00:00-04:00,29.90999984741211,30.34000015258789,29.8700008392334,30.329999923706055,29.430938720703125,5043400,0.0,0.0,VST
2023-08-24 00:00:00-04:00,30.43000030517578,30.469999313354492,29.889999389648438,30.010000228881836,29.120424270629883,3957900,0.0,0.0,VST
2023-08-25 00:00:00-04:00,30.1200008392334,30.3700008392334,30.030000686645508,30.1200008392334,29.227163314819336,2932600,0.0,0.0,VST
2023-08-28 00:00:00-04:00,30.1299991607666,30.280000686645508,29.84000015258789,29.969999313354492,29.08161163330078,2761600,0.0,0.0,VST
2023-08-29 00:00:00-04:00,30.06999969482422,30.454999923706055,29.9950008392334,30.420000076293945,29.518268585205078,4530600,0.0,0.0,VST
2023-08-30 00:00:00-04:00,30.389999389648438,31.350000381469727,30.360000610351562,31.329999923706055,30.40129852294922,4426500,0.0,0.0,VST
2023-08-31 00:00:00-04:00,31.3700008392334,31.68000030517578,31.315000534057617,31.420000076293945,30.488628387451172,5297400,0.0,0.0,VST
2023-09-01 00:00:00-04:00,31.610000610351562,31.989999771118164,31.59000015258789,31.790000915527344,30.84766387939453,3880300,0.0,0.0,VST
2023-09-05 00:00:00-04:00,32.599998474121094,33.04999923706055,31.975000381469727,32.5,31.5366153717041,9795600,0.0,0.0,VST
2023-09-06 00:00:00-04:00,32.2400016784668,33.14500045776367,32.2400016784668,32.810001373291016,31.83742904663086,6026800,0.0,0.0,VST
2023-09-07 00:00:00-04:00,33.02000045776367,33.59000015258789,32.65999984741211,33.369998931884766,32.38082504272461,6964700,0.0,0.0,VST
2023-09-08 00:00:00-04:00,33.33000183105469,34.165000915527344,33.33000183105469,34.060001373291016,33.05036926269531,7431600,0.0,0.0,VST
2023-09-11 00:00:00-04:00,34.06999969482422,34.28499984741211,33.66999816894531,33.689998626708984,32.691341400146484,5262900,0.0,0.0,VST
2023-09-12 00:00:00-04:00,33.810001373291016,34.189998626708984,33.58000183105469,33.70000076293945,32.701045989990234,6221300,0.0,0.0,VST
2023-09-13 00:00:00-04:00,33.29999923706055,33.72999954223633,32.94499969482422,33.18000030517578,32.19645309448242,6629500,0.0,0.0,VST
2023-09-14 00:00:00-04:00,33.459999084472656,33.540000915527344,32.935001373291016,33.040000915527344,32.060604095458984,6554100,0.0,0.0,VST
2023-09-15 00:00:00-04:00,33.13999938964844,33.22999954223633,32.790000915527344,32.90999984741211,31.934459686279297,53404100,0.0,0.0,VST
2023-09-18 00:00:00-04:00,32.88999938964844,33.599998474121094,32.88999938964844,33.4900016784668,32.49726486206055,6597400,0.0,0.0,VST
2023-09-19 00:00:00-04:00,33.459999084472656,33.779998779296875,33.119998931884766,33.150001525878906,32.36643981933594,4450500,0.206,0.0,VST
2023-09-20 00:00:00-04:00,33.279998779296875,33.349998474121094,32.2599983215332,32.34000015258789,31.575580596923828,4081900,0.0,0.0,VST
2023-09-21 00:00:00-04:00,32.7400016784668,33.665000915527344,32.7400016784668,33.45000076293945,32.65934753417969,5137900,0.0,0.0,VST
2023-09-22 00:00:00-04:00,33.29999923706055,33.53499984741211,33.119998931884766,33.220001220703125,32.43478012084961,3962300,0.0,0.0,VST
2023-09-25 00:00:00-04:00,33.040000915527344,33.84000015258789,33.025001525878906,33.65999984741211,32.8643798828125,3411700,0.0,0.0,VST
2023-09-26 00:00:00-04:00,33.59000015258789,33.70000076293945,32.90999984741211,32.9900016784668,32.21022033691406,4370800,0.0,0.0,VST
2023-09-27 00:00:00-04:00,33.0,33.564998626708984,32.86000061035156,33.31999969482422,32.532413482666016,5572400,0.0,0.0,VST
2023-09-28 00:00:00-04:00,33.40999984741211,33.939998626708984,33.22999954223633,33.43000030517578,32.63982009887695,4491800,0.0,0.0,VST
2023-09-29 00:00:00-04:00,33.72999954223633,33.84000015258789,32.83000183105469,33.18000030517578,32.39572525024414,4839700,0.0,0.0,VST
2023-10-02 00:00:00-04:00,33.380001068115234,33.7400016784668,31.950000762939453,32.529998779296875,31.761091232299805,4982200,0.0,0.0,VST
2023-10-03 00:00:00-04:00,32.34000015258789,32.685001373291016,31.3700008392334,32.0,31.243621826171875,6436500,0.0,0.0,VST
2023-10-04 00:00:00-04:00,32.189998626708984,32.310001373291016,31.15999984741211,31.389999389648438,30.648038864135742,6521100,0.0,0.0,VST
2023-10-05 00:00:00-04:00,31.389999389648438,32.05500030517578,31.34000015258789,31.829999923706055,31.077634811401367,4402300,0.0,0.0,VST
2023-10-06 00:00:00-04:00,31.729999542236328,31.920000076293945,31.21500015258789,31.540000915527344,30.79448890686035,4792100,0.0,0.0,VST
2023-10-09 00:00:00-04:00,31.56999969482422,32.10499954223633,31.56999969482422,31.850000381469727,31.0971622467041,3306800,0.0,0.0,VST
2023-10-10 00:00:00-04:00,31.920000076293945,32.19499969482422,31.844999313354492,32.099998474121094,31.341259002685547,5909500,0.0,0.0,VST
2023-10-11 00:00:00-04:00,32.099998474121094,32.810001373291016,31.950000762939453,32.77000045776367,31.995420455932617,6961700,0.0,0.0,VST
2023-10-12 00:00:00-04:00,32.790000915527344,33.02000045776367,31.40999984741211,31.799999237060547,31.048343658447266,3725700,0.0,0.0,VST
2023-10-13 00:00:00-04:00,31.93000030517578,32.099998474121094,31.399999618530273,31.639999389648438,30.892126083374023,2954600,0.0,0.0,VST
2023-10-16 00:00:00-04:00,31.979999542236328,32.459999084472656,31.84000015258789,32.290000915527344,31.526765823364258,3368500,0.0,0.0,VST
2023-10-17 00:00:00-04:00,31.969999313354492,32.79499816894531,31.969999313354492,32.56999969482422,31.80014991760254,3255600,0.0,0.0,VST
2023-10-18 00:00:00-04:00,32.47999954223633,32.654998779296875,32.2599983215332,32.41999816894531,31.6536922454834,3175400,0.0,0.0,VST
2023-10-19 00:00:00-04:00,32.290000915527344,32.84000015258789,32.095001220703125,32.11000061035156,31.35101890563965,3717400,0.0,0.0,VST
2023-10-20 00:00:00-04:00,32.189998626708984,32.38999938964844,31.739999771118164,31.93000030517578,31.175270080566406,3267500,0.0,0.0,VST
2023-10-23 00:00:00-04:00,31.68000030517578,32.1349983215332,31.43000030517578,31.889999389648438,31.13621711730957,2998100,0.0,0.0,VST
2023-10-24 00:00:00-04:00,32.2400016784668,32.834999084472656,32.2400016784668,32.70000076293945,31.92707633972168,2668400,0.0,0.0,VST
2023-10-25 00:00:00-04:00,32.88999938964844,33.040000915527344,32.529998779296875,32.779998779296875,32.00518035888672,2652500,0.0,0.0,VST
2023-10-26 00:00:00-04:00,33.15999984741211,33.439998626708984,32.66999816894531,32.900001525878906,32.122352600097656,2926000,0.0,0.0,VST
2023-10-27 00:00:00-04:00,32.68000030517578,32.77000045776367,31.920000076293945,32.02000045776367,31.263147354125977,3259100,0.0,0.0,VST
2023-10-30 00:00:00-04:00,32.16999816894531,32.689998626708984,32.16999816894531,32.58000183105469,31.809917449951172,2499500,0.0,0.0,VST
2023-10-31 00:00:00-04:00,32.7599983215332,32.82500076293945,32.34000015258789,32.720001220703125,31.946598052978516,2819600,0.0,0.0,VST
2023-11-01 00:00:00-04:00,32.880001068115234,34.10499954223633,32.66999816894531,33.93000030517578,33.127994537353516,3786500,0.0,0.0,VST
2023-11-02 00:00:00-04:00,34.0,35.040000915527344,33.91999816894531,34.65999984741211,33.84075164794922,3556500,0.0,0.0,VST
2023-11-03 00:00:00-04:00,34.86000061035156,35.30500030517578,34.75,34.9900016784668,34.16294860839844,3980900,0.0,0.0,VST
2023-11-06 00:00:00-05:00,35.150001525878906,35.52000045776367,34.869998931884766,35.33000183105469,34.49490737915039,5641400,0.0,0.0,VST
2023-11-07 00:00:00-05:00,35.349998474121094,36.5,33.84000015258789,34.75,33.928611755371094,6032500,0.0,0.0,VST
2023-11-08 00:00:00-05:00,35.09000015258789,35.540000915527344,34.595001220703125,34.66999816894531,33.85050582885742,4593400,0.0,0.0,VST
2023-11-09 00:00:00-05:00,34.65999984741211,35.040000915527344,34.52000045776367,34.560001373291016,33.74311447143555,2870800,0.0,0.0,VST
2023-11-10 00:00:00-05:00,34.86000061035156,35.11000061035156,34.41999816894531,34.47999954223633,33.66499328613281,2719000,0.0,0.0,VST
2023-11-13 00:00:00-05:00,34.47999954223633,34.63999938964844,34.23500061035156,34.400001525878906,33.58689498901367,2692200,0.0,0.0,VST
2023-11-14 00:00:00-05:00,34.900001525878906,35.29999923706055,34.85499954223633,35.220001220703125,34.38751220703125,4171400,0.0,0.0,VST
2023-11-15 00:00:00-05:00,35.06999969482422,35.29999923706055,34.650001525878906,34.70000076293945,33.87979507446289,4098700,0.0,0.0,VST
2023-11-16 00:00:00-05:00,35.0,35.310001373291016,34.30500030517578,34.7400016784668,33.918853759765625,4827800,0.0,0.0,VST
2023-11-17 00:00:00-05:00,34.650001525878906,34.970001220703125,34.63999938964844,34.86000061035156,34.03601837158203,2903000,0.0,0.0,VST
2023-11-20 00:00:00-05:00,34.86000061035156,35.06999969482422,34.65999984741211,34.689998626708984,33.87003707885742,3877700,0.0,0.0,VST
2023-11-21 00:00:00-05:00,34.70000076293945,34.93000030517578,34.474998474121094,34.4900016784668,33.67476272583008,5000200,0.0,0.0,VST
2023-11-22 00:00:00-05:00,34.54999923706055,34.81999969482422,34.25,34.810001373291016,33.98719787597656,2980400,0.0,0.0,VST
2023-11-24 00:00:00-05:00,34.630001068115234,35.029998779296875,34.61000061035156,34.86000061035156,34.03601837158203,1190500,0.0,0.0,VST
2023-11-27 00:00:00-05:00,34.88999938964844,35.689998626708984,34.70000076293945,35.63999938964844,34.797584533691406,3560600,0.0,0.0,VST
2023-11-28 00:00:00-05:00,35.540000915527344,35.63999938964844,35.150001525878906,35.220001220703125,34.38751220703125,2591000,0.0,0.0,VST
2023-11-29 00:00:00-05:00,35.5099983215332,35.84000015258789,34.880001068115234,34.91999816894531,34.0946044921875,4312900,0.0,0.0,VST
2023-11-30 00:00:00-05:00,34.959999084472656,35.53499984741211,34.88999938964844,35.40999984741211,34.57301330566406,6258000,0.0,0.0,VST
2023-12-01 00:00:00-05:00,35.40999984741211,36.279998779296875,35.40999984741211,36.279998779296875,35.42245101928711,4204200,0.0,0.0,VST
2023-12-04 00:00:00-05:00,36.040000915527344,37.15999984741211,35.9900016784668,37.119998931884766,36.24259948730469,5748300,0.0,0.0,VST
2023-12-05 00:00:00-05:00,37.130001068115234,37.40999984741211,36.720001220703125,37.369998931884766,36.48668670654297,4136000,0.0,0.0,VST
2023-12-06 00:00:00-05:00,37.40999984741211,37.720001220703125,36.21500015258789,36.279998779296875,35.42245101928711,4382000,0.0,0.0,VST
2023-12-07 00:00:00-05:00,36.25,37.20000076293945,36.16999816894531,37.16999816894531,36.29141616821289,3413400,0.0,0.0,VST
2023-12-08 00:00:00-05:00,37.099998474121094,37.19599914550781,36.44499969482422,36.959999084472656,36.08637619018555,3606000,0.0,0.0,VST
2023-12-11 00:00:00-05:00,37.0,37.060001373291016,36.474998474121094,36.880001068115234,36.008270263671875,3211600,0.0,0.0,VST
2023-12-12 00:00:00-05:00,36.86000061035156,37.599998474121094,36.810001373291016,37.33000183105469,36.44763946533203,4330700,0.0,0.0,VST
2023-12-13 00:00:00-05:00,37.38999938964844,38.185001373291016,37.310001373291016,38.119998931884766,37.21895980834961,4128100,0.0,0.0,VST
2023-12-14 00:00:00-05:00,38.31999969482422,38.34000015258789,37.38999938964844,37.4900016784668,36.60384750366211,3702700,0.0,0.0,VST
2023-12-15 00:00:00-05:00,37.5,37.90999984741211,37.38999938964844,37.68000030517578,36.78935623168945,14998800,0.0,0.0,VST
2023-12-18 00:00:00-05:00,37.68000030517578,38.060001373291016,37.459999084472656,37.7599983215332,36.867469787597656,4450600,0.0,0.0,VST
2023-12-19 00:00:00-05:00,37.709999084472656,37.97999954223633,37.380001068115234,37.720001220703125,37.03733444213867,3445300,0.213,0.0,VST
2023-12-20 00:00:00-05:00,37.529998779296875,38.11000061035156,37.47999954223633,37.61000061035156,36.92932891845703,3122900,0.0,0.0,VST
2023-12-21 00:00:00-05:00,37.77000045776367,37.9900016784668,37.57500076293945,37.790000915527344,37.10607147216797,2076800,0.0,0.0,VST
2023-12-22 00:00:00-05:00,37.900001525878906,38.15999984741211,37.790000915527344,38.02000045776367,37.331912994384766,1609900,0.0,0.0,VST
2023-12-26 00:00:00-05:00,37.959999084472656,38.415000915527344,37.880001068115234,38.20000076293945,37.508644104003906,1454200,0.0,0.0,VST
2023-12-27 00:00:00-05:00,38.150001525878906,38.595001220703125,38.099998474121094,38.380001068115234,37.68539047241211,1984300,0.0,0.0,VST
2023-12-28 00:00:00-05:00,38.220001220703125,38.84000015258789,38.220001220703125,38.81999969482422,38.117435455322266,2040400,0.0,0.0,VST
2023-12-29 00:00:00-05:00,38.7599983215332,38.900001525878906,38.34000015258789,38.52000045776367,37.82286071777344,2312400,0.0,0.0,VST
2024-01-02 00:00:00-05:00,38.290000915527344,38.599998474121094,37.810001373291016,38.06999969482422,37.38100814819336,2722300,0.0,0.0,VST
2024-01-03 00:00:00-05:00,38.029998779296875,38.33000183105469,37.77000045776367,38.18000030517578,37.489017486572266,2941800,0.0,0.0,VST
2024-01-04 00:00:00-05:00,38.31999969482422,38.7400016784668,38.20000076293945,38.400001525878906,37.70502853393555,3312200,0.0,0.0,VST
2024-01-05 00:00:00-05:00,38.59000015258789,39.03499984741211,38.43000030517578,38.59000015258789,37.8915901184082,2625500,0.0,0.0,VST
2024-01-08 00:00:00-05:00,38.65999984741211,39.189998626708984,38.5,39.13999938964844,38.431640625,3977600,0.0,0.0,VST
2024-01-09 00:00:00-05:00,39.0,39.76499938964844,38.41999816894531,39.59000015258789,38.87350082397461,3582200,0.0,0.0,VST
2024-01-10 00:00:00-05:00,39.68000030517578,39.68000030517578,38.3849983215332,38.459999084472656,37.76394271850586,2686600,0.0,0.0,VST
2024-01-11 00:00:00-05:00,38.459999084472656,39.09000015258789,38.08000183105469,38.869998931884766,38.16653060913086,3466500,0.0,0.0,VST
2024-01-12 00:00:00-05:00,39.130001068115234,39.3849983215332,39.08000183105469,39.220001220703125,38.51020050048828,1978100,0.0,0.0,VST
2024-01-16 00:00:00-05:00,38.95000076293945,39.709999084472656,38.95000076293945,39.31999969482422,38.60837936401367,2887800,0.0,0.0,VST
2024-01-17 00:00:00-05:00,39.13999938964844,39.994998931884766,39.08000183105469,39.720001220703125,39.00114440917969,2752000,0.0,0.0,VST
2024-01-18 00:00:00-05:00,39.66999816894531,39.96500015258789,39.08300018310547,39.40999984741211,38.69675064086914,3238000,0.0,0.0,VST
2024-01-19 00:00:00-05:00,39.560001373291016,40.16999816894531,39.459999084472656,40.16999816894531,39.4429931640625,2639900,0.0,0.0,VST
2024-01-22 00:00:00-05:00,40.25,40.4900016784668,39.935001373291016,39.970001220703125,39.24661636352539,2799000,0.0,0.0,VST
2024-01-23 00:00:00-05:00,40.060001373291016,40.30500030517578,39.52000045776367,39.849998474121094,39.128787994384766,2988200,0.0,0.0,VST
2024-01-24 00:00:00-05:00,40.130001068115234,40.15999984741211,39.1349983215332,39.22999954223633,38.5200080871582,1918400,0.0,0.0,VST
2024-01-25 00:00:00-05:00,39.7400016784668,40.54999923706055,39.689998626708984,40.43000030517578,39.69829559326172,2193500,0.0,0.0,VST
2024-01-26 00:00:00-05:00,40.48500061035156,40.86000061035156,40.310001373291016,40.779998779296875,40.04195785522461,1739500,0.0,0.0,VST
2024-01-29 00:00:00-05:00,40.790000915527344,40.79999923706055,40.540000915527344,40.560001373291016,39.82593536376953,1941300,0.0,0.0,VST
2024-01-30 00:00:00-05:00,40.720001220703125,41.2599983215332,40.56999969482422,41.22999954223633,40.48381423950195,2420300,0.0,0.0,VST
2024-01-31 00:00:00-05:00,41.349998474121094,41.65999984741211,40.775001525878906,41.029998779296875,40.28743362426758,2626500,0.0,0.0,VST
2024-02-01 00:00:00-05:00,41.029998779296875,43.415000915527344,41.02000045776367,43.2599983215332,42.47706604003906,5523800,0.0,0.0,VST
2024-02-02 00:00:00-05:00,43.099998474121094,44.959999084472656,42.720001220703125,44.54999923706055,43.74372482299805,6605400,0.0,0.0,VST
2024-02-05 00:00:00-05:00,44.040000915527344,44.150001525878906,42.90999984741211,43.349998474121094,42.5654411315918,4184700,0.0,0.0,VST
2024-02-06 00:00:00-05:00,43.29999923706055,43.875,42.939998626708984,43.2599983215332,42.47706604003906,5362400,0.0,0.0,VST
2024-02-07 00:00:00-05:00,43.43000030517578,44.04999923706055,43.290000915527344,43.7599983215332,42.968021392822266,2696200,0.0,0.0,VST
2024-02-08 00:00:00-05:00,43.599998474121094,43.82500076293945,42.61000061035156,42.900001525878906,42.123592376708984,3702000,0.0,0.0,VST
2024-02-09 00:00:00-05:00,42.81999969482422,43.494998931884766,42.790000915527344,43.22999954223633,42.44761657714844,2610700,0.0,0.0,VST
2024-02-12 00:00:00-05:00,43.209999084472656,43.470001220703125,42.224998474121094,42.810001373291016,42.03521728515625,4260900,0.0,0.0,VST
2024-02-13 00:00:00-05:00,42.560001373291016,44.220001220703125,42.34000015258789,44.20000076293945,43.40006637573242,4587900,0.0,0.0,VST
2024-02-14 00:00:00-05:00,44.529998779296875,45.0,43.9900016784668,44.27000045776367,43.468788146972656,3128600,0.0,0.0,VST
2024-02-15 00:00:00-05:00,44.369998931884766,45.45000076293945,44.25,45.38999938964844,44.56852722167969,3776000,0.0,0.0,VST
2024-02-16 00:00:00-05:00,45.189998626708984,46.310001373291016,45.189998626708984,45.58000183105469,44.75508499145508,4619600,0.0,0.0,VST
2024-02-20 00:00:00-05:00,45.65999984741211,46.90999984741211,45.52000045776367,46.150001525878906,45.31477355957031,4732900,0.0,0.0,VST
2024-02-21 00:00:00-05:00,46.18000030517578,47.349998474121094,45.79999923706055,46.18000030517578,45.3442268371582,4256800,0.0,0.0,VST
2024-02-22 00:00:00-05:00,46.18000030517578,48.09000015258789,46.18000030517578,47.619998931884766,46.7581672668457,6149400,0.0,0.0,VST
2024-02-23 00:00:00-05:00,47.77000045776367,48.77000045776367,47.59000015258789,48.619998931884766,47.74006652832031,5202200,0.0,0.0,VST
2024-02-26 00:00:00-05:00,48.97999954223633,49.54999923706055,48.529998779296875,48.75,47.86771011352539,4644300,0.0,0.0,VST
2024-02-27 00:00:00-05:00,48.630001068115234,51.18000030517578,48.220001220703125,50.97999954223633,50.05736541748047,8679600,0.0,0.0,VST
2024-02-28 00:00:00-05:00,50.099998474121094,53.099998474121094,49.7400016784668,53.02000045776367,52.0604362487793,8231400,0.0,0.0,VST
2024-02-29 00:00:00-05:00,53.18000030517578,55.97999954223633,53.02000045776367,54.540000915527344,53.55292892456055,10144700,0.0,0.0,VST
2024-03-01 00:00:00-05:00,54.400001525878906,54.689998626708984,53.41999816894531,54.5,53.51365661621094,7128400,0.0,0.0,VST
2024-03-04 00:00:00-05:00,55.279998779296875,57.75,55.279998779296875,56.9900016784668,55.95858383178711,7083500,0.0,0.0,VST
2024-03-05 00:00:00-05:00,56.91999816894531,59.75,56.91999816894531,58.88999938964844,57.82419204711914,8054100,0.0,0.0,VST
2024-03-06 00:00:00-05:00,59.27000045776367,61.36000061035156,59.27000045776367,60.900001525878906,59.79783248901367,8495100,0.0,0.0,VST
2024-03-07 00:00:00-05:00,61.209999084472656,61.810001373291016,60.58000183105469,61.68000030517578,60.56370544433594,5436300,0.0,0.0,VST
2024-03-08 00:00:00-05:00,61.709999084472656,62.119998931884766,57.650001525878906,60.4900016784668,59.395240783691406,8957500,0.0,0.0,VST
2024-03-11 00:00:00-04:00,60.2400016784668,60.5,57.5,58.04999923706055,56.9994010925293,8162400,0.0,0.0,VST
2024-03-12 00:00:00-04:00,58.5099983215332,60.220001220703125,58.0,60.20000076293945,59.11048889160156,5732900,0.0,0.0,VST
2024-03-13 00:00:00-04:00,60.630001068115234,61.70000076293945,59.93000030517578,61.15999984741211,60.05311584472656,5365800,0.0,0.0,VST
2024-03-14 00:00:00-04:00,61.41999816894531,63.220001220703125,61.38999938964844,63.11000061035156,61.96781921386719,6297700,0.0,0.0,VST
2024-03-15 00:00:00-04:00,62.880001068115234,63.16999816894531,60.733001708984375,61.560001373291016,60.44588088989258,8450700,0.0,0.0,VST
2024-03-18 00:00:00-04:00,61.95000076293945,63.029998779296875,60.86000061035156,62.47999954223633,61.3492317199707,5771900,0.0,0.0,VST
2024-03-19 00:00:00-04:00,62.5,64.73999786376953,62.12099838256836,63.68000030517578,62.74341583251953,5980100,0.215,0.0,VST
2024-03-20 00:00:00-04:00,64.0,66.87999725341797,63.939998626708984,66.75,65.76824951171875,7788500,0.0,0.0,VST
2024-03-21 00:00:00-04:00,67.8499984741211,69.25499725341797,67.36499786376953,68.37000274658203,67.36444091796875,6271500,0.0,0.0,VST
2024-03-22 00:00:00-04:00,68.48999786376953,69.2699966430664,66.44000244140625,69.08999633789062,68.07384490966797,5790500,0.0,0.0,VST
2024-03-25 00:00:00-04:00,69.5,72.37000274658203,68.22000122070312,71.19999694824219,70.1528091430664,8282300,0.0,0.0,VST
2024-03-26 00:00:00-04:00,71.19000244140625,73.05000305175781,67.83499908447266,67.88999938964844,66.89148712158203,7808400,0.0,0.0,VST
2024-03-27 00:00:00-04:00,69.0,69.37999725341797,67.41500091552734,68.30000305175781,67.29547882080078,5728400,0.0,0.0,VST
2024-03-28 00:00:00-04:00,68.16999816894531,69.83499908447266,67.79000091552734,69.6500015258789,68.6256103515625,3826400,0.0,0.0,VST
2024-04-01 00:00:00-04:00,70.0,73.06999969482422,69.45999908447266,71.52999877929688,70.47795867919922,5401100,0.0,0.0,VST
2024-04-02 00:00:00-04:00,69.75,71.27999877929688,69.20999908447266,71.1500015258789,70.10354614257812,5143400,0.0,0.0,VST
2024-04-03 00:00:00-04:00,71.25,74.31999969482422,71.05000305175781,73.76000213623047,72.67516326904297,7145100,0.0,0.0,VST
2024-04-04 00:00:00-04:00,74.55999755859375,75.88999938964844,70.37000274658203,70.54000091552734,69.50253295898438,5664400,0.0,0.0,VST
2024-04-05 00:00:00-04:00,70.44999694824219,75.63999938964844,69.91000366210938,75.33000183105469,74.22207641601562,6099700,0.0,0.0,VST
2024-04-08 00:00:00-04:00,74.95999908447266,75.30999755859375,71.91000366210938,74.41999816894531,73.32546997070312,5816600,0.0,0.0,VST
2024-04-09 00:00:00-04:00,74.9000015258789,75.5999984741211,68.5,69.52999877929688,68.50737762451172,8450300,0.0,0.0,VST
2024-04-10 00:00:00-04:00,68.58000183105469,71.30000305175781,67.5999984741211,70.76000213623047,69.71929931640625,6583900,0.0,0.0,VST
2024-04-11 00:00:00-04:00,71.0199966430664,72.1449966430664,70.13999938964844,72.0,70.94105529785156,4234800,0.0,0.0,VST
2024-04-12 00:00:00-04:00,71.7699966430664,72.37000274658203,68.86000061035156,69.73999786376953,68.71428680419922,4264900,0.0,0.0,VST
2024-04-15 00:00:00-04:00,70.83000183105469,72.4800033569336,68.19999694824219,68.22000122070312,67.21664428710938,4413100,0.0,0.0,VST
2024-04-16 00:00:00-04:00,68.37000274658203,68.5999984741211,65.68000030517578,67.5999984741211,66.60575866699219,6553600,0.0,0.0,VST
2024-04-17 00:00:00-04:00,68.62000274658203,69.49500274658203,67.26000213623047,68.6500015258789,67.64031982421875,4546400,0.0,0.0,VST
2024-04-18 00:00:00-04:00,68.98999786376953,69.29000091552734,64.91000366210938,65.87999725341797,64.91105651855469,7846100,0.0,0.0,VST
2024-04-19 00:00:00-04:00,65.5999984741211,67.18000030517578,64.26000213623047,65.66000366210938,64.69430541992188,7598100,0.0,0.0,VST
2024-04-22 00:00:00-04:00,66.12999725341797,68.00499725341797,65.31999969482422,66.72000122070312,65.73870849609375,4505800,0.0,0.0,VST
2024-04-23 00:00:00-04:00,67.37999725341797,69.1500015258789,66.5999984741211,68.44999694824219,67.44326782226562,4165500,0.0,0.0,VST
2024-04-24 00:00:00-04:00,70.0,71.48999786376953,68.875,70.45999908447266,69.42369842529297,5167600,0.0,0.0,VST
2024-04-25 00:00:00-04:00,67.66999816894531,73.05000305175781,66.66799926757812,72.4800033569336,71.41399383544922,4980000,0.0,0.0,VST
2024-04-26 00:00:00-04:00,72.66999816894531,73.55000305175781,71.54000091552734,72.69999694824219,71.63074493408203,3583100,0.0,0.0,VST
2024-04-29 00:00:00-04:00,73.30999755859375,78.0,72.9800033569336,77.95999908447266,76.81340026855469,5158500,0.0,0.0,VST
2024-04-30 00:00:00-04:00,77.83000183105469,78.73200225830078,75.80999755859375,75.83999633789062,74.72456359863281,6002100,0.0,0.0,VST
2024-05-01 00:00:00-04:00,75.66999816894531,79.08999633789062,74.69999694824219,76.86000061035156,75.72957611083984,6170100,0.0,0.0,VST
2024-05-02 00:00:00-04:00,77.44999694824219,80.80999755859375,76.11000061035156,79.87000274658203,78.69530487060547,6810200,0.0,0.0,VST
2024-05-03 00:00:00-04:00,80.5999984741211,83.02999877929688,80.0719985961914,81.48999786376953,80.29145812988281,5588500,0.0,0.0,VST
2024-05-06 00:00:00-04:00,82.30999755859375,83.61000061035156,80.0999984741211,83.23999786376953,82.01573181152344,8043400,0.0,0.0,VST
2024-05-07 00:00:00-04:00,82.87999725341797,84.83000183105469,81.18000030517578,81.73999786376953,80.53780364990234,86269000,0.0,0.0,VST
2024-05-08 00:00:00-04:00,81.77999877929688,91.04000091552734,81.73999786376953,89.19999694824219,87.88807678222656,15076500,0.0,0.0,VST
2024-05-09 00:00:00-04:00,89.55999755859375,94.18000030517578,89.55999755859375,93.16999816894531,91.79969024658203,11060000,0.0,0.0,VST
2024-05-10 00:00:00-04:00,94.73999786376953,96.06999969482422,92.01000213623047,93.41999816894531,92.04601287841797,7428000,0.0,0.0,VST
2024-05-13 00:00:00-04:00,94.52999877929688,95.75,90.05000305175781,90.16999816894531,88.84381103515625,7957300,0.0,0.0,VST
2024-05-14 00:00:00-04:00,89.0199966430664,91.56999969482422,87.9209976196289,91.47000122070312,90.12469482421875,5848500,0.0,0.0,VST
2024-05-15 00:00:00-04:00,93.5,97.61000061035156,92.77200317382812,96.91000366210938,95.48468780517578,7198700,0.0,0.0,VST
2024-05-16 00:00:00-04:00,97.0,97.9000015258789,93.02999877929688,93.13999938964844,91.77012634277344,5988000,0.0,0.0,VST
2024-05-17 00:00:00-04:00,94.04000091552734,96.58000183105469,93.30000305175781,94.08000183105469,92.69631958007812,6084200,0.0,0.0,VST
2024-05-20 00:00:00-04:00,94.94999694824219,96.69000244140625,90.8499984741211,91.51000213623047,90.16410064697266,5603000,0.0,0.0,VST
2024-05-21 00:00:00-04:00,91.7699966430664,94.44000244140625,91.5,94.23999786376953,92.85394287109375,5926800,0.0,0.0,VST
2024-05-22 00:00:00-04:00,94.06999969482422,94.68000030517578,92.44000244140625,94.2699966430664,92.88350677490234,6531900,0.0,0.0,VST
2024-05-23 00:00:00-04:00,96.0,98.11000061035156,92.66999816894531,96.12999725341797,94.71614837646484,8472600,0.0,0.0,VST
2024-05-24 00:00:00-04:00,96.05999755859375,104.12000274658203,94.16000366210938,102.0999984741211,100.59834289550781,8333800,0.0,0.0,VST
2024-05-28 00:00:00-04:00,105.2699966430664,107.23999786376953,101.37000274658203,106.19999694824219,104.6380386352539,8089500,0.0,0.0,VST
2024-05-29 00:00:00-04:00,104.9000015258789,106.69999694824219,102.41000366210938,103.62000274658203,102.09600067138672,6491700,0.0,0.0,VST
2024-05-30 00:00:00-04:00,104.0,105.4800033569336,102.55000305175781,105.37000274658203,103.82025146484375,4772700,0.0,0.0,VST
2024-05-31 00:00:00-04:00,105.94000244140625,106.38999938964844,95.41000366210938,99.08000183105469,97.62277221679688,15074400,0.0,0.0,VST
2024-06-03 00:00:00-04:00,99.87000274658203,99.87000274658203,91.5,93.25,91.87850189208984,11391400,0.0,0.0,VST
2024-06-04 00:00:00-04:00,92.75,93.25,86.62899780273438,89.55000305175781,88.23292541503906,11177800,0.0,0.0,VST
2024-06-05 00:00:00-04:00,90.06999969482422,92.94000244140625,89.5999984741211,92.0,90.64688873291016,6167800,0.0,0.0,VST
2024-06-06 00:00:00-04:00,91.20999908447266,93.87999725341797,83.01000213623047,86.26000213623047,84.99132537841797,13449000,0.0,0.0,VST
2024-06-07 00:00:00-04:00,85.44999694824219,90.0,83.89399719238281,85.06999969482422,83.81881713867188,8785000,0.0,0.0,VST
2024-06-10 00:00:00-04:00,84.55000305175781,90.9000015258789,84.54000091552734,88.22000122070312,86.92249298095703,8739100,0.0,0.0,VST
2024-06-11 00:00:00-04:00,87.80999755859375,92.33999633789062,87.55999755859375,91.22000122070312,89.87836456298828,7243300,0.0,0.0,VST
2024-06-12 00:00:00-04:00,92.87999725341797,94.5,89.0,90.55999755859375,89.22807312011719,8781400,0.0,0.0,VST
2024-06-13 00:00:00-04:00,90.58000183105469,90.68000030517578,84.51699829101562,88.4000015258789,87.099853515625,8288200,0.0,0.0,VST
2024-06-14 00:00:00-04:00,87.9000015258789,88.125,85.58000183105469,87.58999633789062,86.30176544189453,3728400,0.0,0.0,VST
2024-06-17 00:00:00-04:00,87.58999633789062,87.91000366210938,82.33000183105469,84.04000091552734,82.80397033691406,7445600,0.0,0.0,VST
2024-06-18 00:00:00-04:00,83.91000366210938,87.66999816894531,83.4000015258789,87.58000183105469,86.51632690429688,8668100,0.218,0.0,VST
2024-06-20 00:00:00-04:00,88.27999877929688,89.94999694824219,86.69999694824219,88.19000244140625,87.11891174316406,6583100,0.0,0.0,VST
2024-06-21 00:00:00-04:00,87.72000122070312,88.66999816894531,84.62000274658203,86.86000061035156,85.80506896972656,18311200,0.0,0.0,VST
2024-06-24 00:00:00-04:00,86.2300033569336,89.6500015258789,85.80000305175781,88.2300033569336,87.15843200683594,8497100,0.0,0.0,VST
2024-06-25 00:00:00-04:00,87.87999725341797,91.36000061035156,87.0999984741211,89.41000366210938,88.32411193847656,5918900,0.0,0.0,VST
2024-06-26 00:00:00-04:00,88.75,90.83499908447266,85.30000305175781,85.91000366210938,84.86661529541016,4998100,0.0,0.0,VST
2024-06-27 00:00:00-04:00,85.0,87.54000091552734,83.66000366210938,87.22000122070312,86.16070556640625,6696700,0.0,0.0,VST
2024-06-28 00:00:00-04:00,87.0,88.2699966430664,83.33999633789062,85.9800033569336,84.93575286865234,17908900,0.0,0.0,VST
2024-07-01 00:00:00-04:00,88.73999786376953,91.83000183105469,86.30000305175781,87.33999633789062,86.27923583984375,6732300,0.0,0.0,VST
2024-07-02 00:00:00-04:00,86.97000122070312,90.44000244140625,86.80999755859375,87.69999694824219,86.63485717773438,3981300,0.0,0.0,VST
2024-07-03 00:00:00-04:00,87.9000015258789,92.4800033569336,87.69999694824219,91.72000122070312,90.60604095458984,3371700,0.0,0.0,VST
2024-07-05 00:00:00-04:00,92.0999984741211,93.47000122070312,88.5999984741211,89.36000061035156,88.27470397949219,4526600,0.0,0.0,VST
2024-07-08 00:00:00-04:00,89.94999694824219,92.88999938964844,89.41999816894531,92.87999725341797,91.751953125,4437900,0.0,0.0,VST
2024-07-09 00:00:00-04:00,91.94999694824219,96.0,90.73999786376953,91.4000015258789,90.2899398803711,5747100,0.0,0.0,VST
2024-07-10 00:00:00-04:00,91.55000305175781,92.95999908447266,86.80000305175781,92.30999755859375,91.18888854980469,5020800,0.0,0.0,VST
2024-07-11 00:00:00-04:00,92.61000061035156,93.05999755859375,90.3239974975586,91.61000061035156,90.49739074707031,5859400,0.0,0.0,VST
2024-07-12 00:00:00-04:00,91.18000030517578,92.29000091552734,88.5999984741211,91.33000183105469,90.22077941894531,5239500,0.0,0.0,VST
2024-07-15 00:00:00-04:00,90.37000274658203,90.45999908447266,85.30999755859375,86.19000244140625,85.14321899414062,6019000,0.0,0.0,VST
2024-07-16 00:00:00-04:00,86.27999877929688,87.34500122070312,84.55999755859375,85.87000274658203,84.82710266113281,4974900,0.0,0.0,VST
2024-07-17 00:00:00-04:00,82.76000213623047,83.05999755859375,76.06999969482422,76.19999694824219,75.27452087402344,14373500,0.0,0.0,VST
2024-07-18 00:00:00-04:00,77.4800033569336,78.1500015258789,73.75,76.55000305175781,75.62027740478516,8680300,0.0,0.0,VST
2024-07-19 00:00:00-04:00,76.66999816894531,77.96499633789062,75.33000183105469,76.47000122070312,75.54125213623047,5141400,0.0,0.0,VST
2024-07-22 00:00:00-04:00,77.27999877929688,79.41000366210938,77.06999969482422,79.16999816894531,78.20846557617188,4578200,0.0,0.0,VST
2024-07-23 00:00:00-04:00,79.13999938964844,81.2699966430664,78.68000030517578,80.06999969482422,79.09754180908203,4712200,0.0,0.0,VST
2024-07-24 00:00:00-04:00,79.0,79.52999877929688,72.12999725341797,72.58000183105469,71.69850158691406,8862500,0.0,0.0,VST
2024-07-25 00:00:00-04:00,73.55000305175781,73.95999908447266,69.0199966430664,70.37999725341797,69.52521514892578,11659200,0.0,0.0,VST
2024-07-26 00:00:00-04:00,72.08000183105469,72.30000305175781,70.12000274658203,71.12000274658203,70.25624084472656,4229800,0.0,0.0,VST
2024-07-29 00:00:00-04:00,71.94999694824219,73.18000030517578,70.83999633789062,71.23999786376953,70.37477111816406,4846500,0.0,0.0,VST
2024-07-30 00:00:00-04:00,71.93000030517578,72.88999938964844,68.73999786376953,69.0,68.1619873046875,6362500,0.0,0.0,VST
2024-07-31 00:00:00-04:00,82.44000244140625,82.87999725341797,77.18000030517578,79.22000122070312,78.25785827636719,15755900,0.0,0.0,VST
2024-08-01 00:00:00-04:00,79.4800033569336,81.66999816894531,75.2300033569336,76.04000091552734,75.11648559570312,5827100,0.0,0.0,VST
2024-08-02 00:00:00-04:00,74.29000091552734,74.56999969482422,69.81999969482422,72.43000030517578,71.55032348632812,9363200,0.0,0.0,VST
2024-08-05 00:00:00-04:00,66.81999969482422,71.45500183105469,66.5,70.19999694824219,69.347412109375,6967600,0.0,0.0,VST
2024-08-06 00:00:00-04:00,70.0,75.7699966430664,70.0,74.38999938964844,73.48651885986328,6285600,0.0,0.0,VST
2024-08-07 00:00:00-04:00,76.68000030517578,77.05000305175781,72.52999877929688,73.94999694824219,73.05186462402344,8856500,0.0,0.0,VST
2024-08-08 00:00:00-04:00,75.5,80.45999908447266,73.58000183105469,79.08000183105469,78.11956787109375,10747700,0.0,0.0,VST
2024-08-09 00:00:00-04:00,78.0,78.93000030517578,75.91999816894531,78.63999938964844,77.68490600585938,5586300,0.0,0.0,VST
2024-08-12 00:00:00-04:00,78.98999786376953,79.0,75.08999633789062,77.95999908447266,77.01316833496094,5417600,0.0,0.0,VST
2024-08-13 00:00:00-04:00,79.02999877929688,81.93000030517578,77.93000030517578,80.44999694824219,79.47290802001953,6495500,0.0,0.0,VST
2024-08-14 00:00:00-04:00,80.2699966430664,80.9000015258789,77.47000122070312,79.25,78.28750610351562,5144700,0.0,0.0,VST
2024-08-15 00:00:00-04:00,79.55000305175781,81.56999969482422,78.37000274658203,81.44999694824219,80.46077728271484,4956600,0.0,0.0,VST
2024-08-16 00:00:00-04:00,81.12999725341797,81.12999725341797,78.56999969482422,79.3499984741211,78.38627624511719,4821800,0.0,0.0,VST
2024-08-19 00:00:00-04:00,79.5,80.76000213623047,78.41000366210938,80.73999786376953,79.75939178466797,3848500,0.0,0.0,VST
2024-08-20 00:00:00-04:00,80.44999694824219,80.63999938964844,79.0,79.63999938964844,78.6727523803711,4433600,0.0,0.0,VST
2024-08-21 00:00:00-04:00,79.6500015258789,82.98999786376953,79.02999877929688,82.27999877929688,81.28070068359375,4041400,0.0,0.0,VST
2024-08-22 00:00:00-04:00,82.41000366210938,84.76000213623047,82.05000305175781,83.30000305175781,82.28829956054688,5187500,0.0,0.0,VST
2024-08-23 00:00:00-04:00,83.94000244140625,86.19499969482422,83.38500213623047,85.7699966430664,84.72831726074219,5315600,0.0,0.0,VST
2024-08-26 00:00:00-04:00,86.30999755859375,87.88999938964844,84.16999816894531,84.87999725341797,83.84912109375,4774000,0.0,0.0,VST
2024-08-27 00:00:00-04:00,84.12999725341797,85.94000244140625,83.41000366210938,84.58999633789062,83.56262969970703,2951000,0.0,0.0,VST
2024-08-28 00:00:00-04:00,84.56999969482422,84.91000366210938,82.2300033569336,82.5,81.4980239868164,3549000,0.0,0.0,VST
2024-08-29 00:00:00-04:00,83.19999694824219,86.2300033569336,83.19999694824219,84.66999816894531,83.64165496826172,4849200,0.0,0.0,VST
2024-08-30 00:00:00-04:00,85.06999969482422,86.1500015258789,84.22000122070312,85.43000030517578,84.39242553710938,3947100,0.0,0.0,VST
2024-09-03 00:00:00-04:00,85.0,85.03500366210938,75.68000030517578,75.73999786376953,74.82012176513672,9487900,0.0,0.0,VST
2024-09-04 00:00:00-04:00,75.5,78.447998046875,75.02999877929688,76.68000030517578,75.74871063232422,5282700,0.0,0.0,VST
2024-09-05 00:00:00-04:00,76.61000061035156,77.22000122070312,75.5,75.83000183105469,74.90902709960938,4306900,0.0,0.0,VST
2024-09-06 00:00:00-04:00,75.72000122070312,76.42900085449219,73.13999938964844,73.69999694824219,72.80488586425781,5161500,0.0,0.0,VST
2024-09-09 00:00:00-04:00,75.0,75.48999786376953,72.9000015258789,74.94999694824219,74.03971099853516,4121900,0.0,0.0,VST
2024-09-10 00:00:00-04:00,75.41000366210938,76.81999969482422,74.5,76.08000183105469,75.15599060058594,3392700,0.0,0.0,VST
2024-09-11 00:00:00-04:00,76.95999908447266,80.29000091552734,75.20999908447266,80.05999755859375,79.08765411376953,4994300,0.0,0.0,VST
2024-09-12 00:00:00-04:00,80.0999984741211,81.86000061035156,79.02999877929688,80.47000122070312,79.49267578125,3860600,0.0,0.0,VST
2024-09-13 00:00:00-04:00,82.5199966430664,85.95999908447266,81.12000274658203,85.55000305175781,84.510986328125,6323100,0.0,0.0,VST
2024-09-16 00:00:00-04:00,85.0,90.06999969482422,84.91999816894531,89.4000015258789,88.31422424316406,6947200,0.0,0.0,VST
2024-09-17 00:00:00-04:00,90.31999969482422,92.41000366210938,88.88999938964844,91.1500015258789,90.04297637939453,5981600,0.0,0.0,VST
2024-09-18 00:00:00-04:00,91.83000183105469,93.94000244140625,90.73999786376953,91.19000244140625,90.08247375488281,5958100,0.0,0.0,VST
2024-09-19 00:00:00-04:00,94.33000183105469,95.25,90.26000213623047,92.73999786376953,91.61366271972656,7887700,0.0,0.0,VST
2024-09-20 00:00:00-04:00,99.7300033569336,108.26000213623047,97.8550033569336,107.87999725341797,106.82317352294922,23358400,0.22,0.0,VST
2024-09-23 00:00:00-04:00,110.3499984741211,114.55000305175781,107.04000091552734,111.62999725341797,110.53644561767578,15615000,0.0,0.0,VST
2024-09-24 00:00:00-04:00,111.88999938964844,115.56999969482422,111.1780014038086,112.4000015258789,111.29889678955078,9722700,0.0,0.0,VST
2024-09-25 00:00:00-04:00,114.18000030517578,120.61000061035156,113.69999694824219,119.08000183105469,117.91346740722656,15868400,0.0,0.0,VST
2024-09-26 00:00:00-04:00,120.0,122.01000213623047,113.62000274658203,114.16000366210938,113.04166412353516,12987400,0.0,0.0,VST
2024-09-27 00:00:00-04:00,115.25,119.69999694824219,114.31999969482422,117.72000122070312,116.56678771972656,7133500,0.0,0.0,VST
2024-09-30 00:00:00-04:00,117.87999725341797,120.27999877929688,114.83999633789062,118.54000091552734,117.37874603271484,7519100,0.0,0.0,VST
2024-10-01 00:00:00-04:00,118.0,122.63999938964844,115.02999877929688,122.55000305175781,121.34947204589844,7126700,0.0,0.0,VST
2024-10-02 00:00:00-04:00,120.05000305175781,127.56999969482422,119.68800354003906,125.37000274658203,124.14186096191406,8792700,0.0,0.0,VST
2024-10-03 00:00:00-04:00,128.39999389648438,135.3000030517578,126.01000213623047,132.4499969482422,131.15248107910156,14026800,0.0,0.0,VST
2024-10-04 00:00:00-04:00,134.33999633789062,139.3800048828125,132.8000030517578,138.41000366210938,137.05410766601562,12377600,0.0,0.0,VST
2024-10-07 00:00:00-04:00,139.86000061035156,143.86500549316406,128.36000061035156,131.27000427246094,129.98403930664062,15672300,0.0,0.0,VST
2024-10-08 00:00:00-04:00,131.0,131.25,127.7300033569336,127.95999908447266,126.70647430419922,9002400,0.0,0.0,VST
2024-10-09 00:00:00-04:00,126.41000366210938,126.5,120.7699966430664,124.18000030517578,122.96351623535156,9781200,0.0,0.0,VST
2024-10-10 00:00:00-04:00,124.0,127.04000091552734,122.96800231933594,124.11000061035156,122.89419555664062,5842500,0.0,0.0,VST
2024-10-11 00:00:00-04:00,117.5,125.30999755859375,114.5,125.29000091552734,124.06263732910156,10896200,0.0,0.0,VST
2024-10-14 00:00:00-04:00,127.7699966430664,133.74000549316406,127.29000091552734,132.25999450683594,130.96435546875,12001900,0.0,0.0,VST
2024-10-15 00:00:00-04:00,132.00999450683594,132.77999877929688,126.5199966430664,128.2899932861328,127.03324127197266,6937800,0.0,0.0,VST
2024-10-16 00:00:00-04:00,130.74000549316406,136.0800018310547,128.4499969482422,135.69000244140625,134.3607635498047,7574200,0.0,0.0,VST
2024-10-17 00:00:00-04:00,139.47999572753906,139.47999572753906,126.98999786376953,127.2699966430664,126.02324676513672,11724100,0.0,0.0,VST
2024-10-18 00:00:00-04:00,127.30000305175781,132.25999450683594,125.37000274658203,131.16000366210938,129.8751220703125,6257300,0.0,0.0,VST
2024-10-21 00:00:00-04:00,131.5800018310547,133.42999267578125,127.80999755859375,130.3800048828125,129.10276794433594,4314800,0.0,0.0,VST
2024-10-22 00:00:00-04:00,128.0,128.8800048828125,124.69999694824219,125.04000091552734,123.81507873535156,5758000,0.0,0.0,VST
2024-10-23 00:00:00-04:00,124.0,128.6999969482422,123.11000061035156,126.11000061035156,124.87460327148438,4554600,0.0,0.0,VST
2024-10-24 00:00:00-04:00,125.91000366210938,127.11299896240234,123.30000305175781,125.58000183105469,124.34978485107422,3317400,0.0,0.0,VST
2024-10-25 00:00:00-04:00,127.3499984741211,128.35000610351562,123.0999984741211,124.02999877929688,122.81497192382812,3792500,0.0,0.0,VST
2024-10-28 00:00:00-04:00,125.20999908447266,128.6199951171875,123.97000122070312,127.77999877929688,126.52823638916016,5213300,0.0,0.0,VST
2024-10-29 00:00:00-04:00,125.58000183105469,127.86000061035156,124.33999633789062,126.66000366210938,125.41921997070312,4738600,0.0,0.0,VST
2024-10-30 00:00:00-04:00,127.05000305175781,128.4600067138672,121.5009994506836,124.11000061035156,122.89419555664062,4166500,0.0,0.0,VST
2024-10-31 00:00:00-04:00,124.30999755859375,125.7300033569336,122.41999816894531,124.95999908447266,123.73585510253906,4073500,0.0,0.0,VST
2024-11-01 00:00:00-04:00,124.5999984741211,126.33999633789062,119.08999633789062,119.51000213623047,118.33926391601562,5979600,0.0,0.0,VST
2024-11-04 00:00:00-05:00,117.69000244140625,118.80000305175781,111.5,115.73999786376953,114.60618591308594,10742700,0.0,0.0,VST
2024-11-05 00:00:00-05:00,116.30999755859375,122.2699966430664,115.88999938964844,121.9000015258789,120.70584869384766,6438800,0.0,0.0,VST
2024-11-06 00:00:00-05:00,125.16999816894531,127.0,121.06999969482422,126.08999633789062,124.85478973388672,7411300,0.0,0.0,VST
2024-11-07 00:00:00-05:00,138.11000061035156,143.7899932861328,130.02000427246094,135.72999572753906,134.40036010742188,14877300,0.0,0.0,VST
2024-11-08 00:00:00-05:00,135.24000549316406,144.77000427246094,135.24000549316406,141.89999389648438,140.50990295410156,9826100,0.0,0.0,VST
2024-11-11 00:00:00-05:00,146.27999877929688,149.8000030517578,141.9499969482422,145.8000030517578,144.37171936035156,7850400,0.0,0.0,VST
2024-11-12 00:00:00-05:00,143.9199981689453,145.97999572753906,137.2429962158203,142.16000366210938,140.7673797607422,5314700,0.0,0.0,VST
2024-11-13 00:00:00-05:00,145.42999267578125,147.60000610351562,141.30999755859375,142.1199951171875,140.7277374267578,3863200,0.0,0.0,VST
2024-11-14 00:00:00-05:00,142.22999572753906,143.41000366210938,138.1699981689453,138.4600067138672,137.10362243652344,3230200,0.0,0.0,VST
2024-11-15 00:00:00-05:00,137.60000610351562,142.60000610351562,137.03399658203125,142.14999389648438,140.75746154785156,3562100,0.0,0.0,VST
2024-11-18 00:00:00-05:00,142.72000122070312,152.63999938964844,142.72000122070312,146.6300048828125,145.193603515625,5744000,0.0,0.0,VST
2024-11-19 00:00:00-05:00,144.13999938964844,154.9499969482422,143.1300048828125,154.86000061035156,153.34295654296875,6372400,0.0,0.0,VST
2024-11-20 00:00:00-05:00,155.77000427246094,157.72000122070312,151.25999450683594,154.6300048828125,153.11520385742188,4446700,0.0,0.0,VST
2024-11-21 00:00:00-05:00,157.74000549316406,167.60000610351562,156.86000061035156,166.61000061035156,164.97784423828125,7868500,0.0,0.0,VST
2024-11-22 00:00:00-05:00,168.6699981689453,168.6699981689453,158.1199951171875,161.9199981689453,160.33380126953125,6993300,0.0,0.0,VST
2024-11-25 00:00:00-05:00,166.0,166.3800048828125,152.71499633789062,154.13999938964844,152.63002014160156,7673800,0.0,0.0,VST
2024-11-26 00:00:00-05:00,154.3800048828125,164.13999938964844,153.61000061035156,162.66000366210938,161.0665740966797,5331100,0.0,0.0,VST
2024-11-27 00:00:00-05:00,161.67999267578125,163.14999389648438,153.39999389648438,154.52000427246094,153.00631713867188,4819900,0.0,0.0,VST
2024-11-29 00:00:00-05:00,158.49000549316406,160.89999389648438,156.72999572753906,159.83999633789062,158.274169921875,2475800,0.0,0.0,VST
2024-12-02 00:00:00-05:00,161.60000610351562,163.3300018310547,153.53500366210938,154.11000061035156,152.60032653808594,4843800,0.0,0.0,VST
2024-12-03 00:00:00-05:00,155.63999938964844,158.8800048828125,153.89999389648438,154.16000366210938,152.64979553222656,3898800,0.0,0.0,VST
2024-12-04 00:00:00-05:00,158.94000244140625,164.25,157.00999450683594,161.30999755859375,159.72975158691406,5327200,0.0,0.0,VST
2024-12-05 00:00:00-05:00,161.0,164.86000061035156,159.5800018310547,160.8800048828125,159.3040008544922,3554200,0.0,0.0,VST
2024-12-06 00:00:00-05:00,161.10000610351562,163.49000549316406,157.2899932861328,159.97999572753906,158.4127960205078,3220400,0.0,0.0,VST
2024-12-09 00:00:00-05:00,160.1699981689453,160.7100067138672,146.14999389648438,148.30999755859375,146.8571319580078,6844200,0.0,0.0,VST
2024-12-10 00:00:00-05:00,145.8800048828125,147.8000030517578,139.3000030517578,141.52000427246094,140.1336669921875,7109700,0.0,0.0,VST
2024-12-11 00:00:00-05:00,145.94000244140625,148.41000366210938,143.44000244140625,146.0,144.5697479248047,6209300,0.0,0.0,VST
2024-12-12 00:00:00-05:00,146.42999267578125,148.97999572753906,144.60000610351562,145.0800018310547,143.65875244140625,3703000,0.0,0.0,VST
2024-12-13 00:00:00-05:00,146.35000610351562,149.35000610351562,143.58999633789062,144.88999938964844,143.4706268310547,4016400,0.0,0.0,VST
2024-12-16 00:00:00-05:00,144.7100067138672,147.22000122070312,143.27999877929688,145.3300018310547,143.9063262939453,4801300,0.0,0.0,VST
2024-12-17 00:00:00-05:00,142.8800048828125,143.3699951171875,136.10000610351562,139.77000427246094,138.40078735351562,5475200,0.0,0.0,VST
2024-12-18 00:00:00-05:00,141.25,141.25,131.63999938964844,132.88999938964844,131.5881805419922,5690600,0.0,0.0,VST
2024-12-19 00:00:00-05:00,134.61000061035156,139.72999572753906,133.32000732421875,137.1999969482422,135.85597229003906,7554400,0.0,0.0,VST
2024-12-20 00:00:00-05:00,132.4499969482422,141.6300048828125,132.0,139.9499969482422,138.80360412597656,8735100,0.222,0.0,VST
2024-12-23 00:00:00-05:00,140.0,141.36500549316406,135.6199951171875,140.7899932861328,139.63673400878906,2871400,0.0,0.0,VST
2024-12-24 00:00:00-05:00,142.02999877929688,144.16000366210938,141.02000427246094,143.36000061035156,142.18569946289062,1642700,0.0,0.0,VST
2024-12-26 00:00:00-05:00,142.89999389648438,144.8800048828125,141.4459991455078,144.11000061035156,142.92953491210938,1928000,0.0,0.0,VST
2024-12-27 00:00:00-05:00,143.0,143.0,136.74000549316406,139.67999267578125,138.5358428955078,3214700,0.0,0.0,VST
2024-12-30 00:00:00-05:00,136.0500030517578,141.17599487304688,134.86000061035156,140.08999633789062,138.9424591064453,4930600,0.0,0.0,VST
2024-12-31 00:00:00-05:00,139.91000366210938,140.43899536132812,137.02000427246094,137.8699951171875,136.74061584472656,2761600,0.0,0.0,VST
2025-01-02 00:00:00-05:00,139.6300048828125,149.88999938964844,138.25999450683594,149.66000366210938,148.43408203125,6169600,0.0,0.0,VST
2025-01-03 00:00:00-05:00,154.36000061035156,162.66000366210938,151.66000366210938,162.36000061035156,161.03004455566406,8762600,0.0,0.0,VST
2025-01-06 00:00:00-05:00,165.16000366210938,166.0,159.5,163.9499969482422,162.60702514648438,7406900,0.0,0.0,VST
2025-01-07 00:00:00-05:00,164.61000061035156,165.2100067138672,155.8000030517578,163.3699951171875,162.03176879882812,5258700,0.0,0.0,VST
2025-01-08 00:00:00-05:00,162.97000122070312,163.0,152.61000061035156,160.80999755859375,159.49276733398438,7198700,0.0,0.0,VST
2025-01-10 00:00:00-05:00,161.5,169.19000244140625,154.39999389648438,166.72999572753906,165.36424255371094,9743400,0.0,0.0,VST
2025-01-13 00:00:00-05:00,161.7100067138672,164.74000549316406,156.30999755859375,162.1300048828125,160.8019256591797,6289200,0.0,0.0,VST
2025-01-14 00:00:00-05:00,166.67999267578125,175.0,165.69000244140625,170.50999450683594,169.11326599121094,7486300,0.0,0.0,VST
2025-01-15 00:00:00-05:00,175.0,178.0800018310547,167.08999633789062,169.1699981689453,167.7842559814453,7817300,0.0,0.0,VST
2025-01-16 00:00:00-05:00,170.92999267578125,178.39999389648438,170.0,174.0,172.57469177246094,5772000,0.0,0.0,VST
2025-01-17 00:00:00-05:00,169.02999877929688,173.27999877929688,166.5,170.86000061035156,169.46038818359375,8263500,0.0,0.0,VST
2025-01-21 00:00:00-05:00,179.3000030517578,188.77000427246094,174.85000610351562,185.35000610351562,183.83172607421875,10678200,0.0,0.0,VST
2025-01-22 00:00:00-05:00,192.99000549316406,194.6699981689453,183.3000030517578,186.86000061035156,185.32936096191406,9003500,0.0,0.0,VST
2025-01-23 00:00:00-05:00,189.0,199.83999633789062,188.22000122070312,191.88999938964844,190.3181610107422,10217800,0.0,0.0,VST
2025-01-24 00:00:00-05:00,194.02000427246094,194.44000244140625,189.11000061035156,191.11000061035156,189.54452514648438,5265600,0.0,0.0,VST
2025-01-27 00:00:00-05:00,154.08999633789062,156.92999267578125,132.58999633789062,137.0800018310547,135.95712280273438,32356900,0.0,0.0,VST
2025-01-28 00:00:00-05:00,142.17999267578125,149.89999389648438,134.9199981689453,149.63999938964844,148.4142303466797,20931000,0.0,0.0,VST
2025-01-29 00:00:00-05:00,147.25,160.0,146.6280059814453,155.2100067138672,153.93862915039062,14323400,0.0,0.0,VST
2025-01-30 00:00:00-05:00,159.02000427246094,176.49000549316406,157.0,176.3000030517578,174.85585021972656,18034800,0.0,0.0,VST
2025-01-31 00:00:00-05:00,175.0,176.4199981689453,167.13999938964844,168.02999877929688,166.65359497070312,12159400,0.0,0.0,VST
2025-02-03 00:00:00-05:00,157.5,171.5,156.27999877929688,168.52999877929688,167.14950561523438,9849800,0.0,0.0,VST
2025-02-04 00:00:00-05:00,168.52000427246094,170.77000427246094,162.97000122070312,168.3300018310547,166.95115661621094,5652700,0.0,0.0,VST
2025-02-05 00:00:00-05:00,172.3800048828125,176.36000061035156,168.6699981689453,171.61000061035156,170.20428466796875,7017700,0.0,0.0,VST
2025-02-06 00:00:00-05:00,171.61000061035156,174.9530029296875,167.2760009765625,169.8800048828125,168.4884490966797,5943800,0.0,0.0,VST
2025-02-07 00:00:00-05:00,170.8800048828125,174.97000122070312,165.1300048828125,166.89999389648438,165.53285217285156,6438600,0.0,0.0,VST
2025-02-10 00:00:00-05:00,169.0,172.6999969482422,165.52999877929688,168.38999938964844,167.01065063476562,5726400,0.0,0.0,VST
2025-02-11 00:00:00-05:00,166.50999450683594,170.39999389648438,164.3300018310547,167.61000061035156,166.237060546875,4000000,0.0,0.0,VST
2025-02-12 00:00:00-05:00,163.42999267578125,170.97999572753906,161.07000732421875,166.61000061035156,165.2452392578125,5265400,0.0,0.0,VST
2025-02-13 00:00:00-05:00,168.13999938964844,169.33999633789062,161.25,165.64999389648438,164.2930908203125,7820700,0.0,0.0,VST
2025-02-14 00:00:00-05:00,165.61000061035156,170.4499969482422,161.5,167.66000366210938,166.28662109375,5713300,0.0,0.0,VST
2025-02-18 00:00:00-05:00,168.8699951171875,172.77000427246094,166.8800048828125,169.27999877929688,167.89334106445312,5963700,0.0,0.0,VST
2025-02-19 00:00:00-05:00,168.10000610351562,173.32000732421875,167.13999938964844,169.35000610351562,167.96278381347656,6213400,0.0,0.0,VST
2025-02-20 00:00:00-05:00,167.5,168.1999969482422,157.8699951171875,163.17999267578125,161.84332275390625,7134900,0.0,0.0,VST
2025-02-21 00:00:00-05:00,163.64999389648438,163.64999389648438,147.8000030517578,150.44000244140625,149.20767211914062,9974300,0.0,0.0,VST
2025-02-24 00:00:00-05:00,151.1999969482422,151.58999633789062,139.01300048828125,142.75999450683594,141.590576171875,9860000,0.0,0.0,VST
2025-02-25 00:00:00-05:00,139.4199981689453,141.0,127.66999816894531,137.9199981689453,136.7902374267578,13529900,0.0,0.0,VST
2025-02-26 00:00:00-05:00,143.0,150.1999969482422,142.55999755859375,148.19000244140625,146.9761199951172,9208400,0.0,0.0,VST
2025-02-27 00:00:00-05:00,149.11000061035156,152.94000244140625,129.77000427246094,130.00999450683594,128.94503784179688,16672900,0.0,0.0,VST
2025-02-28 00:00:00-05:00,128.0,134.7100067138672,124.05000305175781,133.66000366210938,132.5651397705078,13060900,0.0,0.0,VST
2025-03-03 00:00:00-05:00,133.66000366210938,134.27999877929688,121.72000122070312,123.94999694824219,122.93467712402344,10900500,0.0,0.0,VST
2025-03-04 00:00:00-05:00,122.9800033569336,131.97999572753906,116.4000015258789,126.94000244140625,125.90019989013672,15914800,0.0,0.0,VST
2025-03-05 00:00:00-05:00,123.74500274658203,128.27000427246094,121.4000015258789,126.87000274658203,125.83076477050781,8481800,0.0,0.0,VST
2025-03-06 00:00:00-05:00,120.22000122070312,122.3499984741211,112.1500015258789,114.41000366210938,113.47283935546875,11789300,0.0,0.0,VST
2025-03-07 00:00:00-05:00,117.0,118.69000244140625,109.55000305175781,114.31999969482422,113.38355255126953,9798000,0.0,0.0,VST
2025-03-10 00:00:00-04:00,110.0,111.91000366210938,104.33999633789062,108.48999786376953,107.60131072998047,11399900,0.0,0.0,VST
2025-03-11 00:00:00-04:00,109.5,115.41000366210938,107.18000030517578,114.36000061035156,113.4232406616211,11062700,0.0,0.0,VST
2025-03-12 00:00:00-04:00,119.52999877929688,127.83000183105469,118.4000015258789,121.91999816894531,120.92130279541016,14722600,0.0,0.0,VST
2025-03-13 00:00:00-04:00,122.01000213623047,122.01000213623047,115.79000091552734,118.0,117.03340911865234,8033100,0.0,0.0,VST
2025-03-14 00:00:00-04:00,121.05000305175781,124.72000122070312,118.54100036621094,124.45999908447266,123.44049072265625,6613100,0.0,0.0,VST
2025-03-17 00:00:00-04:00,123.5999984741211,129.83999633789062,123.4000015258789,126.29000091552734,125.2555160522461,6259900,0.0,0.0,VST
2025-03-18 00:00:00-04:00,124.87999725341797,126.81500244140625,122.27999877929688,124.45999908447266,123.44049072265625,4648400,0.0,0.0,VST
2025-03-19 00:00:00-04:00,125.0,132.66299438476562,124.0,129.85000610351562,128.78634643554688,5973600,0.0,0.0,VST
2025-03-20 00:00:00-04:00,127.52999877929688,133.25,126.23999786376953,131.89999389648438,131.0456085205078,5639100,0.224,0.0,VST
2025-03-21 00:00:00-04:00,129.7899932861328,131.5399932861328,126.2699966430664,130.5800018310547,129.73416137695312,7484300,0.0,0.0,VST
2025-03-24 00:00:00-04:00,134.97999572753906,138.74000549316406,133.5,134.94000244140625,134.06594848632812,7760500,0.0,0.0,VST
2025-03-25 00:00:00-04:00,134.00999450683594,134.44000244140625,128.0,131.80999755859375,130.9561767578125,8146500,0.0,0.0,VST
2025-03-26 00:00:00-04:00,129.8000030517578,130.5,122.0,124.01000213623047,123.20673370361328,6723100,0.0,0.0,VST
2025-03-27 00:00:00-04:00,120.25,124.5,118.38999938964844,119.30999755859375,118.53717041015625,7259300,0.0,0.0,VST
2025-03-28 00:00:00-04:00,118.5,122.33999633789062,117.45999908447266,119.05000305175781,118.27885437011719,7023700,0.0,0.0,VST
2025-03-31 00:00:00-04:00,113.9000015258789,118.34300231933594,112.0,117.44000244140625,116.67928314208984,7766200,0.0,0.0,VST
2025-04-01 00:00:00-04:00,118.27999877929688,122.29000091552734,116.0,122.23999786376953,121.44819641113281,8054800,0.0,0.0,VST
2025-04-02 00:00:00-04:00,118.8499984741211,127.60600280761719,118.0,127.19000244140625,126.36612701416016,5714300,0.0,0.0,VST
2025-04-03 00:00:00-04:00,114.22000122070312,118.84400177001953,107.30999755859375,108.20999908447266,107.50907135009766,12729000,0.0,0.0,VST
2025-04-04 00:00:00-04:00,103.56999969482422,103.91000366210938,92.12000274658203,98.06999969482422,97.43475341796875,17707400,0.0,0.0,VST
2025-04-07 00:00:00-04:00,92.66000366210938,109.18000030517578,90.51000213623047,102.69000244140625,102.02483367919922,12926800,0.0,0.0,VST
2025-04-08 00:00:00-04:00,109.45999908447266,112.38999938964844,99.9000015258789,102.19000244140625,101.52806854248047,11458100,0.0,0.0,VST
2025-04-09 00:00:00-04:00,102.33999633789062,120.95999908447266,99.23999786376953,118.0199966430664,117.25553131103516,14023800,0.0,0.0,VST
2025-04-10 00:00:00-04:00,113.62999725341797,115.51000213623047,107.02999877929688,109.26000213623047,108.55227661132812,8735400,0.0,0.0,VST
2025-04-11 00:00:00-04:00,109.26000213623047,112.33999633789062,105.75,111.70999908447266,110.98640441894531,5268000,0.0,0.0,VST
2025-04-14 00:00:00-04:00,117.30999755859375,118.19999694824219,110.51000213623047,112.69000244140625,111.96005249023438,5007400,0.0,0.0,VST
2025-04-15 00:00:00-04:00,113.26000213623047,116.3499984741211,112.375,115.75,115.0002212524414,4279400,0.0,0.0,VST
2025-04-16 00:00:00-04:00,112.51000213623047,117.62000274658203,111.94999694824219,115.87000274658203,115.11945343017578,5956700,0.0,0.0,VST
2025-04-17 00:00:00-04:00,117.83000183105469,120.18000030517578,114.0,115.41999816894531,114.67236328125,4853100,0.0,0.0,VST
2025-04-21 00:00:00-04:00,112.5199966430664,114.0,103.33799743652344,106.5199966430664,105.83002471923828,6092400,0.0,0.0,VST
2025-04-22 00:00:00-04:00,109.5,113.69999694824219,108.58999633789062,112.62999725341797,111.90043640136719,4882200,0.0,0.0,VST
2025-04-23 00:00:00-04:00,122.0,125.58000183105469,118.33000183105469,120.0,119.22269439697266,7046200,0.0,0.0,VST
2025-04-24 00:00:00-04:00,120.7699966430664,126.29000091552734,120.51000213623047,124.2300033569336,123.42530822753906,5468700,0.0,0.0,VST
2025-04-25 00:00:00-04:00,124.37999725341797,128.24000549316406,123.5199966430664,126.63999938964844,125.81968688964844,4323300,0.0,0.0,VST
2025-04-28 00:00:00-04:00,126.25,129.95199584960938,125.80000305175781,129.6199951171875,128.78038024902344,4335000,0.0,0.0,VST
2025-04-29 00:00:00-04:00,128.5800018310547,130.41000366210938,126.41999816894531,129.3300018310547,128.4922637939453,4289000,0.0,0.0,VST
2025-04-30 00:00:00-04:00,125.08999633789062,130.01499938964844,122.30000305175781,129.6300048828125,128.7903289794922,5047100,0.0,0.0,VST
2025-05-01 00:00:00-04:00,137.6699981689453,140.52999877929688,135.80999755859375,137.3000030517578,136.41065979003906,10589900,0.0,0.0,VST
2025-05-02 00:00:00-04:00,138.9199981689453,141.10800170898438,137.72999572753906,139.27999877929688,138.3778076171875,5615800,0.0,0.0,VST
2025-05-05 00:00:00-04:00,136.58999633789062,141.08999633789062,135.6820068359375,140.0,139.09315490722656,5941400,0.0,0.0,VST
2025-05-06 00:00:00-04:00,138.47999572753906,146.8800048828125,137.44000244140625,144.8000030517578,143.86207580566406,10113700,0.0,0.0,VST
2025-05-07 00:00:00-04:00,137.6300048828125,140.97999572753906,133.9499969482422,139.5,138.59637451171875,12497700,0.0,0.0,VST
2025-05-08 00:00:00-04:00,141.13999938964844,143.27999877929688,137.44000244140625,140.91000366210938,139.99728393554688,7363500,0.0,0.0,VST
2025-05-09 00:00:00-04:00,140.9499969482422,141.25999450683594,133.72999572753906,135.75,134.87069702148438,5859900,0.0,0.0,VST
2025-05-12 00:00:00-04:00,145.39999389648438,147.47000122070312,143.00999450683594,146.08999633789062,145.14369201660156,8358700,0.0,0.0,VST
2025-05-13 00:00:00-04:00,144.16000366210938,156.99000549316406,144.0749969482422,155.0,153.99600219726562,9075900,0.0,0.0,VST
2025-05-14 00:00:00-04:00,156.5,157.0,152.5449981689453,154.72000122070312,153.7178192138672,5370200,0.0,0.0,VST
2025-05-15 00:00:00-04:00,151.0,154.08999633789062,150.83999633789062,152.05999755859375,151.07504272460938,3953500,0.0,0.0,VST
2025-05-16 00:00:00-04:00,156.24000549316406,157.47999572753906,154.50999450683594,156.6199951171875,155.60549926757812,6263900,0.0,0.0,VST
2025-05-19 00:00:00-04:00,150.375,157.64999389648438,150.375,157.32000732421875,156.30096435546875,5141300,0.0,0.0,VST
2025-05-20 00:00:00-04:00,157.0,158.24000549316406,155.6699981689453,157.02999877929688,156.01284790039062,3426500,0.0,0.0,VST
2025-05-21 00:00:00-04:00,154.94000244140625,156.5050048828125,150.9199981689453,152.07000732421875,151.08497619628906,4067400,0.0,0.0,VST
2025-05-22 00:00:00-04:00,152.3000030517578,155.11000061035156,149.58599853515625,154.72000122070312,153.7178192138672,4624100,0.0,0.0,VST
2025-05-23 00:00:00-04:00,156.55999755859375,159.42999267578125,154.64999389648438,158.16000366210938,157.13555908203125,7254000,0.0,0.0,VST
2025-05-27 00:00:00-04:00,160.0,163.8699951171875,157.17999267578125,163.86000061035156,162.79861450195312,7192500,0.0,0.0,VST
2025-05-28 00:00:00-04:00,164.39999389648438,165.74000549316406,161.4199981689453,162.36000061035156,161.30831909179688,5027400,0.0,0.0,VST
2025-05-29 00:00:00-04:00,165.94000244140625,166.0,158.77999877929688,159.72999572753906,158.69534301757812,3543800,0.0,0.0,VST
2025-05-30 00:00:00-04:00,158.97000122070312,160.60000610351562,157.07000732421875,160.57000732421875,159.52992248535156,5306100,0.0,0.0,VST
2025-06-02 00:00:00-04:00,160.60000610351562,169.2899932861328,160.58999633789062,167.47000122070312,166.3852081298828,5613000,0.0,0.0,VST
2025-06-03 00:00:00-04:00,175.0,178.35000610351562,171.86000061035156,176.0,174.8599853515625,10019900,0.0,0.0,VST
2025-06-04 00:00:00-04:00,176.0,177.38999938964844,171.88999938964844,172.69000244140625,171.5714111328125,5290600,0.0,0.0,VST
2025-06-05 00:00:00-04:00,173.4199981689453,173.91000366210938,169.56500244140625,170.8699951171875,169.76319885253906,4296700,0.0,0.0,VST
2025-06-06 00:00:00-04:00,173.5,173.9499969482422,170.24000549316406,173.6199951171875,172.495361328125,3302200,0.0,0.0,VST
2025-06-09 00:00:00-04:00,173.6699981689453,174.0,168.41000366210938,169.3699951171875,168.27288818359375,5350000,0.0,0.0,VST
2025-06-10 00:00:00-04:00,170.10000610351562,170.625,160.17999267578125,164.64999389648438,163.58348083496094,7818200,0.0,0.0,VST
2025-06-11 00:00:00-04:00,168.02999877929688,169.5,165.5399932861328,166.7899932861328,165.70962524414062,4029300,0.0,0.0,VST
2025-06-12 00:00:00-04:00,165.27000427246094,173.8939971923828,164.6699981689453,173.8699951171875,172.74374389648438,4357300,0.0,0.0,VST
2025-06-13 00:00:00-04:00,171.50999450683594,175.9499969482422,170.6580047607422,173.75,172.62452697753906,3960700,0.0,0.0,VST
2025-06-16 00:00:00-04:00,175.57000732421875,179.13999938964844,175.57000732421875,177.1999969482422,176.0521697998047,4177700,0.0,0.0,VST
2025-06-17 00:00:00-04:00,179.00999450683594,181.1999969482422,175.3000030517578,177.75,176.59861755371094,4170400,0.0,0.0,VST
2025-06-18 00:00:00-04:00,177.0,182.05999755859375,175.21499633789062,181.1300048828125,180.18482971191406,5591600,0.225,0.0,VST
2025-06-20 00:00:00-04:00,180.89999389648438,185.5,178.75999450683594,185.10000610351562,184.13412475585938,6585700,0.0,0.0,VST
2025-06-23 00:00:00-04:00,184.24000549316406,187.57000732421875,179.94000244140625,186.5500030517578,185.5765380859375,4150400,0.0,0.0,VST
2025-06-24 00:00:00-04:00,188.1300048828125,189.3699951171875,184.88999938964844,186.1699981689453,185.19850158691406,6851900,0.0,0.0,VST
2025-06-25 00:00:00-04:00,188.02000427246094,190.60000610351562,185.9499969482422,186.32000732421875,185.34774780273438,3813900,0.0,0.0,VST
2025-06-26 00:00:00-04:00,187.85000610351562,191.27499389648438,185.0,190.39999389648438,189.4064483642578,3677900,0.0,0.0,VST
2025-06-27 00:00:00-04:00,192.0,198.1999969482422,189.11000061035156,195.0399932861328,194.022216796875,8903700,0.0,0.0,VST
2025-06-30 00:00:00-04:00,197.5,197.5,192.1750030517578,193.80999755859375,192.7986602783203,4753900,0.0,0.0,VST
2025-07-01 00:00:00-04:00,192.82000732421875,193.47000122070312,180.50999450683594,185.10000610351562,184.13412475585938,6125700,0.0,0.0,VST
2025-07-02 00:00:00-04:00,184.6999969482422,188.44000244140625,182.7100067138672,187.02000427246094,186.04408264160156,3264900,0.0,0.0,VST
2025-07-03 00:00:00-04:00,188.13999938964844,194.3000030517578,188.0,192.1999969482422,191.19705200195312,3342400,0.0,0.0,VST
2025-07-07 00:00:00-04:00,191.0,194.27999877929688,190.35000610351562,193.6999969482422,192.68923950195312,4313400,0.0,0.0,VST
2025-07-08 00:00:00-04:00,194.6199951171875,194.6199951171875,184.82000732421875,190.17999267578125,189.18759155273438,5076200,0.0,0.0,VST
2025-07-09 00:00:00-04:00,192.72000122070312,200.25,189.84500122070312,197.00999450683594,195.98193359375,6931500,0.0,0.0,VST
2025-07-10 00:00:00-04:00,196.7100067138672,197.7899932861328,190.17999267578125,195.77999877929688,194.75836181640625,4358200,0.0,0.0,VST
2025-07-11 00:00:00-04:00,194.30999755859375,197.72000122070312,191.8000030517578,196.5800018310547,195.55419921875,3714500,0.0,0.0,VST
2025-07-14 00:00:00-04:00,196.5500030517578,197.6699981689453,191.5500030517578,194.80999755859375,193.79342651367188,3793800,0.0,0.0,VST
2025-07-15 00:00:00-04:00,195.17999267578125,195.17999267578125,189.1999969482422,191.3699951171875,190.37136840820312,4259400,0.0,0.0,VST
2025-07-16 00:00:00-04:00,191.10000610351562,192.44000244140625,180.2519989013672,184.1300048828125,183.16915893554688,6605400,0.0,0.0,VST
2025-07-17 00:00:00-04:00,186.4199981689453,187.82000732421875,181.1999969482422,182.0,181.05027770996094,3948100,0.0,0.0,VST
2025-07-18 00:00:00-04:00,182.82000732421875,195.1199951171875,182.8000030517578,193.00999450683594,192.00282287597656,6416300,0.0,0.0,VST
2025-07-21 00:00:00-04:00,193.63999938964844,193.69000244140625,186.91000366210938,188.22999572753906,187.2477569580078,4315900,0.0,0.0,VST
2025-07-22 00:00:00-04:00,187.6699981689453,189.5800018310547,181.72999572753906,189.08999633789062,188.103271484375,4187400,0.0,0.0,VST
2025-07-23 00:00:00-04:00,198.82000732421875,207.1199951171875,197.83999633789062,200.1199951171875,199.07571411132812,8849500,0.0,0.0,VST
2025-07-24 00:00:00-04:00,202.10000610351562,203.60000610351562,195.88999938964844,196.24000549316406,195.21597290039062,4919300,0.0,0.0,VST
2025-07-25 00:00:00-04:00,195.02000427246094,196.3000030517578,190.72000122070312,192.1999969482422,191.19705200195312,5492100,0.0,0.0,VST
2025-07-28 00:00:00-04:00,193.11000061035156,196.27000427246094,190.50999450683594,195.8800048828125,194.85784912109375,3211400,0.0,0.0,VST
2025-07-29 00:00:00-04:00,197.1999969482422,199.41000366210938,194.00999450683594,198.0,196.966796875,4255800,0.0,0.0,VST
2025-07-30 00:00:00-04:00,199.39999389648438,207.6300048828125,198.89999389648438,207.0500030517578,205.96957397460938,5511800,0.0,0.0,VST
2025-07-31 00:00:00-04:00,209.74000549316406,213.04800415039062,205.72999572753906,208.5399932861328,207.4517822265625,5635400,0.0,0.0,VST
2025-08-01 00:00:00-04:00,200.14999389648438,211.86000061035156,197.1999969482422,208.0500030517578,206.96434020996094,5737100,0.0,0.0,VST
2025-08-04 00:00:00-04:00,210.5500030517578,215.1300048828125,208.28900146484375,214.05999755859375,212.94297790527344,4625600,0.0,0.0,VST
2025-08-05 00:00:00-04:00,214.9499969482422,216.85000610351562,206.5500030517578,209.60000610351562,208.5062713623047,4601400,0.0,0.0,VST
2025-08-06 00:00:00-04:00,208.63999938964844,208.63999938964844,199.20799255371094,200.85000610351562,199.8019256591797,7360600,0.0,0.0,VST
2025-08-07 00:00:00-04:00,190.2100067138672,211.75,190.0,205.58999633789062,204.51718139648438,8944400,0.0,0.0,VST
2025-08-08 00:00:00-04:00,206.11000061035156,208.8800048828125,201.69000244140625,202.1199951171875,201.06527709960938,4064600,0.0,0.0,VST
2025-08-11 00:00:00-04:00,203.60000610351562,206.2100067138672,198.69000244140625,200.0800018310547,199.03591918945312,3690600,0.0,0.0,VST
2025-08-12 00:00:00-04:00,202.50999450683594,209.9600067138672,200.49000549316406,209.55999755859375,208.46646118164062,4059700,0.0,0.0,VST
2025-08-13 00:00:00-04:00,210.19000244140625,213.19000244140625,200.28799438476562,205.27999877929688,204.2087860107422,4111700,0.0,0.0,VST
2025-08-14 00:00:00-04:00,204.13499450683594,207.89999389648438,202.2899932861328,202.35000610351562,201.29408264160156,3005000,0.0,0.0,VST
2025-08-15 00:00:00-04:00,203.0,204.4600067138672,194.80999755859375,197.3300018310547,196.30027770996094,4025200,0.0,0.0,VST
2025-08-18 00:00:00-04:00,197.0,199.39999389648438,195.3000030517578,198.9600067138672,197.92176818847656,2890400,0.0,0.0,VST
2025-08-19 00:00:00-04:00,197.4600067138672,198.5500030517578,191.2100067138672,193.52000427246094,192.51016235351562,3358900,0.0,0.0,VST
2025-08-20 00:00:00-04:00,191.0,193.36500549316406,183.85000610351562,192.91000366210938,191.90335083007812,5225300,0.0,0.0,VST
2025-08-21 00:00:00-04:00,193.0,196.67999267578125,190.0,190.27999877929688,189.28707885742188,3028800,0.0,0.0,VST
2025-08-22 00:00:00-04:00,191.13999938964844,195.5,187.13999938964844,190.4600067138672,189.46612548828125,3447300,0.0,0.0,VST
2025-08-25 00:00:00-04:00,191.5399932861328,194.6699981689453,189.3000030517578,190.0800018310547,189.08811950683594,2723100,0.0,0.0,VST
2025-08-26 00:00:00-04:00,190.4499969482422,195.64999389648438,189.35000610351562,195.1199951171875,194.101806640625,3430800,0.0,0.0,VST
2025-08-27 00:00:00-04:00,194.32000732421875,197.25,192.27999877929688,194.60000610351562,193.5845184326172,2665500,0.0,0.0,VST
2025-08-28 00:00:00-04:00,195.1999969482422,201.3800048828125,194.6199951171875,196.6999969482422,195.67355346679688,3376200,0.0,0.0,VST
2025-08-29 00:00:00-04:00,195.5500030517578,195.72999572753906,186.67999267578125,189.11000061035156,188.1231689453125,3999300,0.0,0.0,VST
2025-09-02 00:00:00-04:00,184.5500030517578,186.8800048828125,182.08999633789062,185.80999755859375,184.84039306640625,4234700,0.0,0.0,VST
2025-09-03 00:00:00-04:00,186.0,188.5500030517578,184.33999633789062,188.1199951171875,187.1383514404297,2815300,0.0,0.0,VST
2025-09-04 00:00:00-04:00,189.0,192.11000061035156,188.79600524902344,189.72999572753906,188.73992919921875,2771800,0.0,0.0,VST
2025-09-05 00:00:00-04:00,190.25,191.43299865722656,178.42999267578125,188.0,187.01895141601562,5199600,0.0,0.0,VST
2025-09-08 00:00:00-04:00,189.58999633789062,190.55499267578125,184.61000061035156,188.00999450683594,187.02891540527344,4153400,0.0,0.0,VST
2025-09-09 00:00:00-04:00,190.0,195.5,189.2100067138672,193.77999877929688,192.76881408691406,4451700,0.0,0.0,VST
2025-09-10 00:00:00-04:00,200.52000427246094,212.8800048828125,200.0,209.2100067138672,208.11830139160156,9715800,0.0,0.0,VST
2025-09-11 00:00:00-04:00,208.77999877929688,211.89999389648438,203.10000610351562,204.0500030517578,202.98521423339844,4408900,0.0,0.0,VST
2025-09-12 00:00:00-04:00,202.9250030517578,210.21499633789062,202.00999450683594,209.6999969482422,208.60572814941406,3824900,0.0,0.0,VST
2025-09-15 00:00:00-04:00,209.6999969482422,217.89999389648438,209.6999969482422,213.52000427246094,212.4058074951172,4750600,0.0,0.0,VST
2025-09-16 00:00:00-04:00,213.8000030517578,213.8000030517578,207.31399536132812,209.42999267578125,208.33712768554688,3828400,0.0,0.0,VST
2025-09-17 00:00:00-04:00,211.2949981689453,213.8000030517578,204.6699981689453,208.30999755859375,207.22299194335938,3468100,0.0,0.0,VST
2025-09-18 00:00:00-04:00,213.30999755859375,214.4600067138672,208.0500030517578,210.16000366210938,209.0633544921875,3589600,0.0,0.0,VST
2025-09-19 00:00:00-04:00,211.42999267578125,213.83999633789062,205.1840057373047,211.27999877929688,210.4037628173828,9188500,0.226,0.0,VST
2025-09-22 00:00:00-04:00,211.0,219.82000732421875,207.8000030517578,217.9199981689453,217.01622009277344,4819500,0.0,0.0,VST
2025-09-23 00:00:00-04:00,210.11000061035156,212.76499938964844,203.4600067138672,204.24000549316406,203.3929443359375,6525200,0.0,0.0,VST
2025-09-24 00:00:00-04:00,203.25999450683594,206.18699645996094,201.8699951171875,202.05999755859375,201.22198486328125,3844400,0.0,0.0,VST
2025-09-25 00:00:00-04:00,198.0,204.25999450683594,196.00999450683594,201.6199951171875,200.7838134765625,4262600,0.0,0.0,VST
2025-09-26 00:00:00-04:00,201.1999969482422,207.5,200.97999572753906,207.22000122070312,206.360595703125,3096200,0.0,0.0,VST
2025-09-29 00:00:00-04:00,202.0,207.1269989013672,197.6999969482422,197.94000244140625,197.11907958984375,8373900,0.0,0.0,VST
2025-09-30 00:00:00-04:00,199.19000244140625,200.5,190.6999969482422,195.9199981689453,195.10745239257812,5828400,0.0,0.0,VST
2025-10-01 00:00:00-04:00,195.0,204.92999267578125,192.1699981689453,201.50999450683594,200.6742706298828,5387700,0.0,0.0,VST
2025-10-02 00:00:00-04:00,204.0399932861328,205.0,198.7100067138672,202.64999389648438,201.80953979492188,4224200,0.0,0.0,VST
2025-10-03 00:00:00-04:00,204.35000610351562,210.1999969482422,201.5,201.99000549316406,201.15228271484375,5306900,0.0,0.0,VST
2025-10-06 00:00:00-04:00,206.16000366210938,207.92999267578125,197.42999267578125,200.41000366210938,199.57884216308594,6019800,0.0,0.0,VST
2025-10-07 00:00:00-04:00,201.57000732421875,203.8350067138672,195.88499450683594,199.6199951171875,198.7921142578125,2865800,0.0,0.0,VST
2025-10-08 00:00:00-04:00,201.5800018310547,206.61000061035156,200.1269989013672,206.5500030517578,205.693359375,3706000,0.0,0.0,VST
2025-10-09 00:00:00-04:00,207.0,211.07000732421875,205.3350067138672,210.0,209.1290740966797,3796100,0.0,0.0,VST
2025-10-10 00:00:00-04:00,209.75999450683594,212.3699951171875,196.83999633789062,196.86000061035156,196.04356384277344,4388200,0.0,0.0,VST
2025-10-13 00:00:00-04:00,201.1199951171875,209.9499969482422,200.39999389648438,209.5500030517578,208.68093872070312,3868800,0.0,0.0,VST
2025-10-14 00:00:00-04:00,205.7899932861328,208.85000610351562,201.39999389648438,205.50999450683594,204.6576690673828,3088200,0.0,0.0,VST
2025-10-15 00:00:00-04:00,209.32000732421875,216.03500366210938,206.39999389648438,210.85000610351562,209.9755401611328,5412000,0.0,0.0,VST
2025-10-16 00:00:00-04:00,214.7899932861328,217.10000610351562,208.6840057373047,210.39999389648438,209.5273895263672,3562200,0.0,0.0,VST
2025-10-17 00:00:00-04:00,207.6699981689453,210.0500030517578,200.0500030517578,201.35000610351562,200.5149383544922,4004700,0.0,0.0,VST
2025-10-20 00:00:00-04:00,204.1300048828125,205.5,192.8070068359375,194.24000549316406,193.43443298339844,4058400,0.0,0.0,VST
2025-10-21 00:00:00-04:00,192.8800048828125,193.4199981689453,185.57000732421875,186.52000427246094,185.74644470214844,5781700,0.0,0.0,VST
2025-10-22 00:00:00-04:00,187.5500030517578,189.5,179.64999389648438,185.8300018310547,185.05931091308594,5344400,0.0,0.0,VST
2025-10-23 00:00:00-04:00,185.7100067138672,192.1999969482422,185.7100067138672,191.3699951171875,190.57632446289062,3033700,0.0,0.0,VST
2025-10-24 00:00:00-04:00,196.60000610351562,202.0,194.60000610351562,201.47000122070312,200.63442993164062,4787500,0.0,0.0,VST
2025-10-27 00:00:00-04:00,203.66000366210938,203.66000366210938,196.5,199.3000030517578,198.47344970703125,4539500,0.0,0.0,VST
2025-10-28 00:00:00-04:00,197.31500244140625,197.31500244140625,184.47000122070312,190.58999633789062,189.799560546875,9390500,0.0,0.0,VST
2025-10-29 00:00:00-04:00,192.3000030517578,200.72999572753906,189.47000122070312,199.3699951171875,198.5431365966797,6158900,0.0,0.0,VST
2025-10-30 00:00:00-04:00,194.67999267578125,198.82000732421875,188.5399932861328,189.7100067138672,188.9232177734375,3805400,0.0,0.0,VST
2025-10-31 00:00:00-04:00,192.0,192.88999938964844,183.52000427246094,188.3000030517578,187.51905822753906,4231300,0.0,0.0,VST
2025-11-03 00:00:00-05:00,190.80999755859375,195.19000244140625,187.8459930419922,193.0399932861328,192.23939514160156,3585000,0.0,0.0,VST
2025-11-04 00:00:00-05:00,188.10000610351562,191.49000549316406,184.5,185.74000549316406,184.9696807861328,3805000,0.0,0.0,VST
2025-11-05 00:00:00-05:00,186.25999450683594,192.47500610351562,184.92999267578125,189.38999938964844,188.60452270507812,3547000,0.0,0.0,VST
2025-11-06 00:00:00-05:00,182.88999938964844,189.1199951171875,179.52999877929688,184.6199951171875,183.85430908203125,6543600,0.0,0.0,VST
2025-11-07 00:00:00-05:00,178.5,191.0749969482422,176.60000610351562,191.0,190.20785522460938,5805300,0.0,0.0,VST
2025-11-10 00:00:00-05:00,194.8000030517578,196.8000030517578,184.16000366210938,188.27999877929688,187.49913024902344,4273700,0.0,0.0,VST
2025-11-11 00:00:00-05:00,185.9199981689453,187.94000244140625,178.80999755859375,179.16000366210938,178.41696166992188,4542600,0.0,0.0,VST
2025-11-12 00:00:00-05:00,180.3300018310547,181.3000030517578,177.2899932861328,178.27000427246094,177.53067016601562,4252100,0.0,0.0,VST
2025-11-13 00:00:00-05:00,176.91000366210938,177.9600067138672,170.52000427246094,171.55999755859375,170.84848022460938,5467400,0.0,0.0,VST
2025-11-14 00:00:00-05:00,167.17999267578125,180.0,165.5800018310547,174.69000244140625,173.96551513671875,5484400,0.0,0.0,VST
2025-11-17 00:00:00-05:00,175.42999267578125,179.52000427246094,173.1199951171875,175.0,174.2742156982422,3108600,0.0,0.0,VST
2025-11-18 00:00:00-05:00,172.66000366210938,177.4199981689453,170.66000366210938,174.4199981689453,173.69662475585938,3279100,0.0,0.0,VST
2025-11-19 00:00:00-05:00,175.16000366210938,181.5,174.22000122070312,179.13999938964844,178.39703369140625,3384400,0.0,0.0,VST
2025-11-20 00:00:00-05:00,184.82000732421875,189.2899932861328,173.1300048828125,173.7899932861328,173.06922912597656,4271500,0.0,0.0,VST
2025-11-21 00:00:00-05:00,172.0,173.67999267578125,162.44000244140625,168.58999633789062,167.89080810546875,6303800,0.0,0.0,VST
2025-11-24 00:00:00-05:00,169.57000732421875,175.1999969482422,165.89999389648438,175.13999938964844,174.41363525390625,5750900,0.0,0.0,VST
2025-11-25 00:00:00-05:00,174.0800018310547,174.72999572753906,165.90499877929688,170.83999633789062,170.1314697265625,3865100,0.0,0.0,VST
2025-11-26 00:00:00-05:00,174.0,177.75,173.0850067138672,176.8000030517578,176.06675720214844,2937800,0.0,0.0,VST
2025-11-28 00:00:00-05:00,179.0,180.77000427246094,178.00999450683594,178.86000061035156,178.1182098388672,1908400,0.0,0.0,VST
2025-12-01 00:00:00-05:00,176.00999450683594,176.47999572753906,172.69000244140625,173.63999938964844,172.9198455810547,3251000,0.0,0.0,VST
2025-12-02 00:00:00-05:00,175.39999389648438,175.9499969482422,171.36500549316406,172.5500030517578,171.8343963623047,3029200,0.0,0.0,VST
2025-12-03 00:00:00-05:00,172.66000366210938,173.85000610351562,168.9499969482422,171.64999389648438,170.9381103515625,2492600,0.0,0.0,VST
2025-12-04 00:00:00-05:00,171.89999389648438,178.0500030517578,170.4709930419922,176.07000732421875,175.3397979736328,3408700,0.0,0.0,VST
2025-12-05 00:00:00-05:00,176.52000427246094,176.6300048828125,166.47000122070312,167.1699981689453,166.4766845703125,4524300,0.0,0.0,VST
2025-12-08 00:00:00-05:00,167.82000732421875,167.82000732421875,164.05999755859375,166.1199951171875,165.43104553222656,4230200,0.0,0.0,VST
2025-12-09 00:00:00-05:00,165.3699951171875,169.91000366210938,164.72999572753906,164.80999755859375,164.12648010253906,3939500,0.0,0.0,VST
2025-12-10 00:00:00-05:00,165.33999633789062,166.02000427246094,158.64999389648438,165.1699981689453,164.4849853515625,5778100,0.0,0.0,VST
2025-12-11 00:00:00-05:00,162.0500030517578,174.88999938964844,161.00999450683594,174.60000610351562,173.87588500976562,6197100,0.0,0.0,VST
2025-12-12 00:00:00-05:00,175.1999969482422,180.0,167.5,170.10000610351562,169.39454650878906,5870200,0.0,0.0,VST
2025-12-15 00:00:00-05:00,172.9600067138672,173.0,166.97999572753906,168.25,167.55221557617188,4287400,0.0,0.0,VST
2025-12-16 00:00:00-05:00,166.64999389648438,173.92999267578125,166.5500030517578,173.4499969482422,172.7306365966797,4190100,0.0,0.0,VST
2025-12-17 00:00:00-05:00,174.00999450683594,175.13999938964844,158.6999969482422,159.97000122070312,159.30654907226562,6902900,0.0,0.0,VST
2025-12-18 00:00:00-05:00,165.66000366210938,171.9199981689453,162.6699981689453,166.1699981689453,165.4808349609375,7652500,0.0,0.0,VST
2025-12-19 00:00:00-05:00,166.6999969482422,171.41000366210938,162.6999969482422,163.02999877929688,162.35386657714844,7141800,0.0,0.0,VST
2025-12-22 00:00:00-05:00,164.0,164.30999755859375,160.85000610351562,161.57000732421875,161.124267578125,4379200,0.227,0.0,VST
2025-12-23 00:00:00-05:00,161.57000732421875,163.6999969482422,160.1300048828125,161.6699981689453,161.22398376464844,3772000,0.0,0.0,VST
2025-12-24 00:00:00-05:00,160.99000549316406,162.5850067138672,159.77000427246094,161.9600067138672,161.51319885253906,1342200,0.0,0.0,VST
2025-12-26 00:00:00-05:00,161.6699981689453,163.0,160.35000610351562,161.6699981689453,161.22398376464844,2317500,0.0,0.0,VST
2025-12-29 00:00:00-05:00,161.0,164.1999969482422,159.9239959716797,161.83999633789062,161.3935089111328,2856100,0.0,0.0,VST
2025-12-30 00:00:00-05:00,162.0,163.05999755859375,161.05999755859375,162.6199951171875,162.17135620117188,2220600,0.0,0.0,VST
2025-12-31 00:00:00-05:00,162.88999938964844,164.5,161.22000122070312,161.3300018310547,160.88491821289062,1845100,0.0,0.0,VST
2026-01-02 00:00:00-05:00,163.88999938964844,169.27999877929688,163.88999938964844,165.22999572753906,164.774169921875,3838400,0.0,0.0,VST
2026-01-05 00:00:00-05:00,169.3699951171875,171.65499877929688,160.19000244140625,162.92999267578125,162.48049926757812,4385200,0.0,0.0,VST
2026-01-06 00:00:00-05:00,169.0,172.61000061035156,163.77999877929688,169.52999877929688,169.0623016357422,6577500,0.0,0.0,VST
2026-01-07 00:00:00-05:00,168.64999389648438,168.64999389648438,153.5399932861328,154.60000610351562,154.17349243164062,9433200,0.0,0.0,VST
2026-01-08 00:00:00-05:00,155.25,155.8000030517578,149.19000244140625,150.60000610351562,150.18453979492188,6866800,0.0,0.0,VST
2026-01-09 00:00:00-05:00,174.3300018310547,174.74000549316406,165.8800048828125,166.3699951171875,165.9110107421875,14316000,0.0,0.0,VST
2026-01-12 00:00:00-05:00,164.6699981689453,176.74000549316406,164.0800018310547,172.5800018310547,172.10389709472656,7189100,0.0,0.0,VST
2026-01-13 00:00:00-05:00,174.0,175.4499969482422,170.82000732421875,171.4199981689453,170.94708251953125,5430300,0.0,0.0,VST
2026-01-14 00:00:00-05:00,169.38999938964844,171.17999267578125,166.0500030517578,168.97000122070312,168.50384521484375,3888200,0.0,0.0,VST
2026-01-15 00:00:00-05:00,173.0,182.55999755859375,171.67999267578125,180.17999267578125,179.6829071044922,7116800,0.0,0.0,VST
2026-01-16 00:00:00-05:00,167.5500030517578,171.1199951171875,163.00999450683594,166.60000610351562,166.140380859375,13330600,0.0,0.0,VST
2026-01-20 00:00:00-05:00,161.27000427246094,166.0,156.25,156.80999755859375,156.37738037109375,7599100,0.0,0.0,VST
2026-01-21 00:00:00-05:00,159.00999450683594,161.97999572753906,153.77000427246094,160.02000427246094,159.5785369873047,6651300,0.0,0.0,VST
2026-01-22 00:00:00-05:00,161.92999267578125,163.5,159.14999389648438,160.36000061035156,159.91758728027344,4176200,0.0,0.0,VST
2026-01-23 00:00:00-05:00,160.0,162.8699951171875,158.0,160.1199951171875,159.67825317382812,4475800,0.0,0.0,VST
2026-01-26 00:00:00-05:00,160.58999633789062,165.30999755859375,157.89999389648438,158.80999755859375,158.3718719482422,3953100,0.0,0.0,VST
2026-01-27 00:00:00-05:00,159.50999450683594,164.6199951171875,158.14999389648438,164.25999450683594,163.80682373046875,3622100,0.0,0.0,VST
2026-01-28 00:00:00-05:00,166.0,166.55999755859375,161.16000366210938,165.63999938964844,165.1830291748047,4263800,0.0,0.0,VST
2026-01-29 00:00:00-05:00,165.9600067138672,167.8800048828125,158.7550048828125,162.5800018310547,162.1314697265625,4798800,0.0,0.0,VST
2026-01-30 00:00:00-05:00,161.5,164.5,156.86000061035156,158.35000610351562,157.91314697265625,3810800,0.0,0.0,VST
2026-02-02 00:00:00-05:00,157.64999389648438,159.97999572753906,154.02999877929688,154.25999450683594,153.8344268798828,5506900,0.0,0.0,VST
2026-02-03 00:00:00-05:00,156.1199951171875,156.5,150.39199829101562,153.0,152.57791137695312,4375800,0.0,0.0,VST
2026-02-04 00:00:00-05:00,153.19000244140625,153.66000366210938,139.27000427246094,142.52000427246094,142.12681579589844,13329800,0.0,0.0,VST
2026-02-05 00:00:00-05:00,141.0,143.91000366210938,138.52999877929688,143.07000732421875,142.67530822753906,7112900,0.0,0.0,VST
2026-02-06 00:00:00-05:00,150.0,152.25999450683594,147.4199981689453,149.64999389648438,149.2371368408203,7406400,0.0,0.0,VST
2026-02-09 00:00:00-05:00,150.0,155.77999877929688,147.77999877929688,152.97000122070312,152.54798889160156,5097000,0.0,0.0,VST
2026-02-10 00:00:00-05:00,160.39999389648438,161.4199981689453,154.80999755859375,159.60000610351562,159.15969848632812,9074400,0.0,0.0,VST
2026-02-11 00:00:00-05:00,165.0,165.30999755859375,158.5500030517578,160.14999389648438,159.70816040039062,4279300,0.0,0.0,VST
2026-02-12 00:00:00-05:00,160.72999572753906,166.2100067138672,160.39999389648438,163.10000610351562,162.65005493164062,7493800,0.0,0.0,VST
2026-02-13 00:00:00-05:00,162.39999389648438,171.66000366210938,161.5,171.49000549316406,171.01690673828125,5967900,0.0,0.0,VST
2026-02-17 00:00:00-05:00,170.8800048828125,176.64999389648438,169.9499969482422,173.67999267578125,173.20083618164062,4655500,0.0,0.0,VST
2026-02-18 00:00:00-05:00,174.00999450683594,175.5,169.61000061035156,170.57000732421875,170.0994415283203,3622700,0.0,0.0,VST
2026-02-19 00:00:00-05:00,169.91000366210938,172.57000732421875,168.25,172.5,172.02410888671875,3154700,0.0,0.0,VST
2026-02-20 00:00:00-05:00,172.3000030517578,173.5,169.0,171.39999389648438,170.92713928222656,3879800,0.0,0.0,VST
2026-02-23 00:00:00-05:00,170.63999938964844,171.83999633789062,165.2100067138672,167.8000030517578,167.33706665039062,4133200,0.0,0.0,VST
2026-02-24 00:00:00-05:00,167.27999877929688,171.67999267578125,162.8800048828125,171.6199951171875,171.1465301513672,4375300,0.0,0.0,VST
2026-02-25 00:00:00-05:00,172.3800048828125,175.94000244140625,170.0800018310547,175.36000061035156,174.87620544433594,4810200,0.0,0.0,VST
2026-02-26 00:00:00-05:00,171.36000061035156,177.22999572753906,164.11000061035156,176.82000732421875,176.3321990966797,7746200,0.0,0.0,VST
2026-02-27 00:00:00-05:00,175.0,178.30999755859375,170.88999938964844,173.88999938964844,173.4102783203125,5494900,0.0,0.0,VST
2026-03-02 00:00:00-05:00,170.1999969482422,176.52000427246094,165.8300018310547,165.99000549316406,165.53207397460938,5138100,0.0,0.0,VST
2026-03-03 00:00:00-05:00,161.69000244140625,163.52999877929688,152.97999572753906,161.6999969482422,161.25390625,6653900,0.0,0.0,VST
2026-03-04 00:00:00-05:00,161.58999633789062,164.2100067138672,160.39999389648438,163.36000061035156,162.90933227539062,4677700,0.0,0.0,VST
2026-03-05 00:00:00-05:00,161.8800048828125,167.97000122070312,161.67999267578125,167.39999389648438,166.93817138671875,4946400,0.0,0.0,VST
2026-03-06 00:00:00-05:00,164.4499969482422,168.3800048828125,158.3000030517578,158.64999389648438,158.21231079101562,5625400,0.0,0.0,VST
2026-03-09 00:00:00-04:00,155.89999389648438,164.6300048828125,155.0,163.6199951171875,163.16859436035156,4109000,0.0,0.0,VST
2026-03-10 00:00:00-04:00,165.36000061035156,168.7899932861328,164.30499267578125,164.39999389648438,163.9464569091797,4148000,0.0,0.0,VST
2026-03-11 00:00:00-04:00,163.60000610351562,163.99000549316406,155.14999389648438,159.16000366210938,158.72091674804688,6074600,0.0,0.0,VST
2026-03-12 00:00:00-04:00,157.0800018310547,163.1999969482422,156.6999969482422,159.5800018310547,159.13975524902344,4053200,0.0,0.0,VST
2026-03-13 00:00:00-04:00,161.75999450683594,165.24000549316406,157.72999572753906,158.9499969482422,158.511474609375,3679600,0.0,0.0,VST
2026-03-16 00:00:00-04:00,161.0,163.5,160.11000061035156,161.99000549316406,161.54310607910156,2775200,0.0,0.0,VST
2026-03-17 00:00:00-04:00,162.80999755859375,165.4600067138672,162.1199951171875,164.3300018310547,163.87664794921875,2065300,0.0,0.0,VST
2026-03-18 00:00:00-04:00,165.75,173.0,165.5,170.1199951171875,169.65066528320312,3685300,0.0,0.0,VST
2026-03-19 00:00:00-04:00,167.1699981689453,169.60000610351562,164.22999572753906,167.3699951171875,166.90826416015625,3106700,0.0,0.0,VST
2026-03-20 00:00:00-04:00,166.47000122070312,166.47000122070312,144.8300018310547,146.02000427246094,145.8157958984375,11109500,0.228,0.0,VST
2026-03-23 00:00:00-04:00,151.4499969482422,155.89999389648438,149.3350067138672,151.2899932861328,151.07843017578125,5338500,0.0,0.0,VST
2026-03-24 00:00:00-04:00,150.5500030517578,154.10000610351562,149.5500030517578,152.72000122070312,152.5064239501953,3995500,0.0,0.0,VST
2026-03-25 00:00:00-04:00,155.0,157.9499969482422,150.3800048828125,151.50999450683594,151.29811096191406,3512900,0.0,0.0,VST
2026-03-26 00:00:00-04:00,149.5,152.6699981689453,146.49000549316406,152.3000030517578,152.08702087402344,4437900,0.0,0.0,VST
2026-03-27 00:00:00-04:00,151.75,160.1999969482422,151.75,155.47999572753906,155.2625732421875,4554500,0.0,0.0,VST
2026-03-30 00:00:00-04:00,157.10000610351562,158.92999267578125,146.60000610351562,147.5399932861328,147.3336639404297,4734900,0.0,0.0,VST
2026-03-31 00:00:00-04:00,143.89999389648438,151.47000122070312,142.33999633789062,150.3300018310547,150.11976623535156,5402200,0.0,0.0,VST
2026-04-01 00:00:00-04:00,151.47000122070312,156.33999633789062,151.39999389648438,153.9600067138672,153.7447052001953,3782800,0.0,0.0,VST
2026-04-02 00:00:00-04:00,151.2100067138672,154.55999755859375,150.1199951171875,151.17999267578125,150.9685821533203,2950300,0.0,0.0,VST
2026-04-06 00:00:00-04:00,151.0399932861328,153.10499572753906,149.8800048828125,151.58999633789062,151.3780059814453,2309800,0.0,0.0,VST
2026-04-07 00:00:00-04:00,151.07000732421875,154.16000366210938,150.27999877929688,153.67999267578125,153.46507263183594,2229100,0.0,0.0,VST
2026-04-08 00:00:00-04:00,160.75,161.30999755859375,155.2899932861328,155.88999938964844,155.6719970703125,4320600,0.0,0.0,VST
2026-04-09 00:00:00-04:00,155.88999938964844,162.52999877929688,152.67999267578125,152.75,152.53639221191406,4103200,0.0,0.0,VST
2026-04-10 00:00:00-04:00,153.5,158.6300048828125,153.11000061035156,154.72999572753906,154.51361083984375,2900900,0.0,0.0,VST
2026-04-13 00:00:00-04:00,152.64999389648438,160.72000122070312,152.64999389648438,158.1999969482422,157.978759765625,4458600,0.0,0.0,VST
2026-04-14 00:00:00-04:00,162.41000366210938,165.27999877929688,160.34500122070312,163.97000122070312,163.74069213867188,3767300,0.0,0.0,VST
2026-04-15 00:00:00-04:00,165.5,166.52000427246094,162.14999389648438,162.94000244140625,162.71214294433594,3098300,0.0,0.0,VST
2026-04-16 00:00:00-04:00,164.57000732421875,166.9199981689453,162.61000061035156,165.52999877929688,165.2985076904297,3126000,0.0,0.0,VST
2026-04-17 00:00:00-04:00,166.25999450683594,168.49000549316406,162.25999450683594,163.4600067138672,163.23141479492188,4104300,0.0,0.0,VST
2026-04-20 00:00:00-04:00,163.0500030517578,164.0500030517578,158.32000732421875,159.60000610351562,159.37681579589844,2924100,0.0,0.0,VST
2026-04-21 00:00:00-04:00,160.75999450683594,161.10000610351562,154.1300048828125,154.91000366210938,154.69337463378906,3748800,0.0,0.0,VST
2026-04-22 00:00:00-04:00,157.8000030517578,159.0800018310547,154.9199981689453,155.7899932861328,155.57212829589844,2642200,0.0,0.0,VST
2026-04-23 00:00:00-04:00,155.9600067138672,158.8699951171875,154.5,156.85000610351562,156.6306610107422,3272600,0.0,0.0,VST
2026-04-24 00:00:00-04:00,156.3300018310547,165.47999572753906,155.14999389648438,164.35000610351562,164.12017822265625,3481400,0.0,0.0,VST
2026-04-27 00:00:00-04:00,165.0,168.4199981689453,158.73500061035156,166.5800018310547,166.3470458984375,4577600,0.0,0.0,VST
2026-04-28 00:00:00-04:00,162.5,163.3249969482422,158.72000122070312,161.1199951171875,160.89468383789062,5205600,0.0,0.0,VST
2026-04-29 00:00:00-04:00,160.86000061035156,161.13900756835938,153.0800018310547,153.7899932861328,153.57492065429688,4992800,0.0,0.0,VST
2026-04-30 00:00:00-04:00,156.2899932861328,159.6300048828125,155.72999572753906,157.83999633789062,157.6192626953125,3954800,0.0,0.0,VST
2026-05-01 00:00:00-04:00,158.30999755859375,160.13999938964844,154.92999267578125,155.27999877929688,155.06285095214844,3144000,0.0,0.0,VST
2026-05-04 00:00:00-04:00,157.69000244140625,162.3800048828125,157.44000244140625,160.85000610351562,160.62506103515625,4209300,0.0,0.0,VST
2026-05-05 00:00:00-04:00,163.0,163.8000030517578,159.8000030517578,160.3800048828125,160.1557159423828,3567200,0.0,0.0,VST
2026-05-06 00:00:00-04:00,161.4949951171875,162.99000549316406,156.60000610351562,158.2899932861328,158.06863403320312,8214800,0.0,0.0,VST
2026-05-07 00:00:00-04:00,163.0399932861328,168.38999938964844,153.77000427246094,153.9499969482422,153.73471069335938,7895800,0.0,0.0,VST
2026-05-08 00:00:00-04:00,155.0,155.0,146.97999572753906,147.72000122070312,147.513427734375,8074500,0.0,0.0,VST
2026-05-11 00:00:00-04:00,148.0,152.75,146.2779998779297,152.0500030517578,151.83737182617188,5905400,0.0,0.0,VST
2026-05-12 00:00:00-04:00,149.49000549316406,150.322998046875,145.66000366210938,146.8699951171875,146.66461181640625,4904300,0.0,0.0,VST
2026-05-13 00:00:00-04:00,146.27999877929688,146.27999877929688,139.50999450683594,142.61000061035156,142.4105682373047,6385400,0.0,0.0,VST
2026-05-14 00:00:00-04:00,141.3800048828125,143.2949981689453,139.9219970703125,141.89999389648438,141.70155334472656,5117100,0.0,0.0,VST
2026-05-15 00:00:00-04:00,139.77499389648438,141.08999633789062,137.80999755859375,139.67999267578125,139.4846649169922,6632200,0.0,0.0,VST
2026-05-18 00:00:00-04:00,139.0,139.5399932861328,133.86000061035156,136.75,136.5587615966797,6321800,0.0,0.0,VST
2026-05-19 00:00:00-04:00,135.8000030517578,136.6999969482422,132.66000366210938,134.7100067138672,134.52162170410156,5860700,0.0,0.0,VST
2026-05-20 00:00:00-04:00,138.0,144.89999389648438,137.80999755859375,144.0,143.7986297607422,7901600,0.0,0.0,VST
2026-05-21 00:00:00-04:00,145.47000122070312,149.27999877929688,144.8800048828125,149.0800018310547,148.87152099609375,4621400,0.0,0.0,VST
2026-05-22 00:00:00-04:00,151.02999877929688,157.57000732421875,150.75,156.27000427246094,156.0514678955078,8062500,0.0,0.0,VST
2026-05-26 00:00:00-04:00,158.91000366210938,167.39999389648438,158.22000122070312,164.55999755859375,164.32986450195312,8511800,0.0,0.0,VST
2026-05-27 00:00:00-04:00,164.9600067138672,165.02200317382812,158.4080047607422,160.14999389648438,159.92604064941406,4896900,0.0,0.0,VST
2026-05-28 00:00:00-04:00,158.83999633789062,163.52999877929688,157.60000610351562,160.27999877929688,160.0558624267578,3598000,0.0,0.0,VST
2026-05-29 00:00:00-04:00,160.0,162.2899932861328,156.8800048828125,160.22999572753906,160.00592041015625,3781200,0.0,0.0,VST
2026-06-01 00:00:00-04:00,157.0,158.5500030517578,151.3300018310547,154.75999450683594,154.54356384277344,4322700,0.0,0.0,VST
2026-06-02 00:00:00-04:00,155.94000244140625,160.77999877929688,152.8800048828125,157.97000122070312,157.74908447265625,4544900,0.0,0.0,VST
2026-06-03 00:00:00-04:00,156.50999450683594,157.91000366210938,152.9499969482422,153.8000030517578,153.5849151611328,3884900,0.0,0.0,VST
2026-06-04 00:00:00-04:00,151.5399932861328,154.0399932861328,150.19000244140625,153.6999969482422,153.4850616455078,2969400,0.0,0.0,VST
2026-06-05 00:00:00-04:00,152.0,154.2899932861328,147.5,148.75999450683594,148.5519561767578,3673400,0.0,0.0,VST
2026-06-08 00:00:00-04:00,148.30999755859375,149.3000030517578,146.3800048828125,146.89999389648438,146.69456481933594,3327700,0.0,0.0,VST
2026-06-09 00:00:00-04:00,148.4199981689453,150.3000030517578,141.5399932861328,146.22000122070312,146.01551818847656,4059000,0.0,0.0,VST
2026-06-10 00:00:00-04:00,143.35000610351562,144.0,137.91000366210938,138.5399932861328,138.34625244140625,5195000,0.0,0.0,VST
2026-06-11 00:00:00-04:00,140.99000549316406,146.89999389648438,139.57000732421875,146.3800048828125,146.17530822753906,5127400,0.0,0.0,VST
2026-06-12 00:00:00-04:00,148.0,150.5,147.0,148.02000427246094,147.81300354003906,4573500,0.0,0.0,VST
2026-06-15 00:00:00-04:00,152.80999755859375,155.4499969482422,150.24899291992188,153.52000427246094,153.30531311035156,4455200,0.0,0.0,VST
2026-06-16 00:00:00-04:00,153.25,161.47999572753906,152.8300018310547,158.61000061035156,158.38819885253906,4942900,0.0,0.0,VST
2026-06-17 00:00:00-04:00,158.56500244140625,162.44000244140625,157.2100067138672,158.8300018310547,158.60787963867188,4490400,0.0,0.0,VST
2026-06-18 00:00:00-04:00,162.08999633789062,170.33999633789062,160.02999877929688,163.75,163.52101135253906,7976300,0.0,0.0,VST
2026-06-22 00:00:00-04:00,163.5050048828125,170.5,162.89999389648438,167.25999450683594,167.25999450683594,4971200,0.229,0.0,VST
2026-06-23 00:00:00-04:00,160.0800018310547,165.8249969482422,159.14500427246094,162.38999938964844,162.38999938964844,3855400,0.0,0.0,VST
2026-06-24 00:00:00-04:00,163.02999877929688,165.63999938964844,159.8800048828125,162.8699951171875,162.8699951171875,3722600,0.0,0.0,VST
2026-06-25 00:00:00-04:00,166.91000366210938,171.35000610351562,166.00999450683594,167.77000427246094,167.77000427246094,3633200,0.0,0.0,VST
2026-06-26 00:00:00-04:00,165.86000061035156,167.92999267578125,163.19000244140625,163.49000549316406,163.49000549316406,5487400,0.0,0.0,VST
2026-06-29 00:00:00-04:00,163.6999969482422,165.60000610351562,161.02000427246094,162.3800048828125,162.3800048828125,2814800,0.0,0.0,VST
2026-06-30 00:00:00-04:00,162.5800018310547,165.4499969482422,156.50999450683594,158.6300048828125,158.6300048828125,4182000,0.0,0.0,VST
2026-07-01 00:00:00-04:00,156.0,157.32000732421875,151.0500030517578,153.16000366210938,153.16000366210938,5090100,0.0,0.0,VST
2026-07-02 00:00:00-04:00,153.9499969482422,156.24000549316406,148.5,151.0500030517578,151.0500030517578,4254100,0.0,0.0,VST
2026-07-06 00:00:00-04:00,152.47000122070312,157.24000549316406,152.00999450683594,157.22000122070312,157.22000122070312,3395800,0.0,0.0,VST
2026-07-07 00:00:00-04:00,156.1300048828125,159.41000366210938,154.00999450683594,155.72999572753906,155.72999572753906,3027300,0.0,0.0,VST
2026-07-08 00:00:00-04:00,153.99000549316406,156.48899841308594,151.32000732421875,154.82000732421875,154.82000732421875,3605700,0.0,0.0,VST
2026-07-09 00:00:00-04:00,159.00999450683594,161.17999267578125,157.44500732421875,157.97999572753906,157.97999572753906,2907500,0.0,0.0,VST
2026-07-10 00:00:00-04:00,157.5500030517578,160.02000427246094,157.0500030517578,158.86000061035156,158.86000061035156,2996000,0.0,0.0,VST
2026-07-13 00:00:00-04:00,157.64999389648438,159.42999267578125,156.1999969482422,158.1199951171875,158.1199951171875,3613300,0.0,0.0,VST
2026-07-14 00:00:00-04:00,161.0,168.2100067138672,157.03199768066406,158.42999267578125,158.42999267578125,5415600,0.0,0.0,VST
2026-07-15 00:00:00-04:00,162.5,166.94000244140625,157.94000244140625,160.22999572753906,160.22999572753906,5504500,0.0,0.0,VST
2026-07-16 00:00:00-04:00,157.8699951171875,158.10000610351562,148.51800537109375,152.55999755859375,152.55999755859375,7070000,0.0,0.0,VST
2026-07-17 00:00:00-04:00,150.36000061035156,157.25,148.13999938964844,155.44000244140625,155.44000244140625,4441000,0.0,0.0,VST
2026-07-20 00:00:00-04:00,157.52000427246094,158.57000732421875,155.60000610351562,157.99000549316406,157.99000549316406,3256700,0.0,0.0,VST
2026-07-21 00:00:00-04:00,160.99000549316406,164.4600067138672,160.00999450683594,162.3300018310547,162.3300018310547,3721400,0.0,0.0,VST
2026-07-22 00:00:00-04:00,160.11000061035156,167.80999755859375,159.6300048828125,166.74000549316406,166.74000549316406,2971500,0.0,0.0,VST
2026-07-23 00:00:00-04:00,166.25999450683594,169.05999755859375,165.00999450683594,168.97999572753906,168.97999572753906,2538200,0.0,0.0,VST
2026-07-24 00:00:00-04:00,168.69500732421875,169.75999450683594,162.30999755859375,163.3800048828125,163.3800048828125,2553500,0.0,0.0,VST
2026-07-27 00:00:00-04:00,165.5,166.14500427246094,155.5399932861328,157.0800018310547,157.0800018310547,4478000,0.0,0.0,VST
2026-07-28 00:00:00-04:00,153.9199981689453,153.99000549316406,146.2100067138672,148.63999938964844,148.63999938964844,5857500,0.0,0.0,VST
2026-07-29 00:00:00-04:00,148.72500610351562,149.27999877929688,142.15499877929688,142.80999755859375,142.80999755859375,4925900,0.0,0.0,VST
2026-07-30 00:00:00-04:00,148.0,151.97000122070312,147.0850067138672,148.6199951171875,148.6199951171875,4599600,0.0,0.0,VST
2026-07-31 00:00:00-04:00,151.85000610351562,153.1300048828125,146.52000427246094,148.19000244140625,148.19000244140625,4390700,0.0,0.0,VST
2026-08-03 00:00:00-04:00,148.77000427246094,156.9550018310547,146.19000244140625,155.94000244140625,155.94000244140625,4022300,0.0,0.0,VST
2026-08-04 00:00:00-04:00,155.60000610351562,156.99000549316406,143.02999877929688,143.22999572753906,143.22999572753906,11503000,0.0,0.0,VST
2026-08-05 00:00:00-04:00,143.89500427246094,145.5,140.1699981689453,140.5800018310547,140.5800018310547,6091500,0.0,0.0,VST
2026-08-06 00:00:00-04:00,142.0,143.0229949951172,140.13999938964844,141.3800048828125,141.3800048828125,5422800,0.0,0.0,VST
2026-08-07 00:00:00-04:00,138.61500549316406,142.69000244140625,134.75,140.58999633789062,140.58999633789062,7860700,0.0,0.0,VST
2026-08-10 00:00:00-04:00,141.91000366210938,144.86000061035156,141.05099487304688,142.8699951171875,142.8699951171875,4609100,0.0,0.0,VST
2026-08-11 00:00:00-04:00,144.5399932861328,146.89999389648438,143.11000061035156,144.9199981689453,144.9199981689453,3356800,0.0,0.0,VST
2026-08-12 00:00:00-04:00,149.0,149.3800048828125,145.3000030517578,146.67999267578125,146.67999267578125,2680000,0.0,0.0,VST
2026-08-13 00:00:00-04:00,146.25,147.77000427246094,144.80099487304688,146.39999389648438,146.39999389648438,2839700,0.0,0.0,VST
2026-08-14 00:00:00-04:00,146.89999389648438,150.17999267578125,146.1300048828125,148.1300048828125,148.1300048828125,3040000,0.0,0.0,VST
2026-08-17 00:00:00-04:00,149.3699951171875,149.86500549316406,145.2100067138672,146.11000061035156,146.11000061035156,4037700,0.0,0.0,VST
2026-08-18 00:00:00-04:00,144.5,145.5399932861328,138.77000427246094,140.52000427246094,140.52000427246094,4310800,0.0,0.0,VST
2026-08-19 00:00:00-04:00,140.74000549316406,142.77000427246094,138.1300048828125,142.6999969482422,142.6999969482422,4322300,0.0,0.0,VST
2026-08-20 00:00:00-04:00,142.6999969482422,143.5,138.3300018310547,138.94000244140625,138.94000244140625,3737000,0.0,0.0,VST
2026-08-21 00:00:00-04:00,139.99000549316406,140.3159942626953,136.17999267578125,136.2100067138672,136.2100067138672,5095600,0.0,0.0,VST
2026-08-24 00:00:00-04:00,135.8800048828125,137.1999969482422,134.5,135.66000366210938,135.66000366210938,5193900,0.0,0.0,VST
2026-08-25 00:00:00-04:00,138.3699951171875,140.25999450683594,137.38999938964844,139.02999877929688,139.02999877929688,4036000,0.0,0.0,VST
2026-08-26 00:00:00-04:00,139.39999389648438,144.02999877929688,139.30499267578125,140.02999877929688,140.02999877929688,3428500,0.0,0.0,VST
2026-08-27 00:00:00-04:00,142.0,142.5050048828125,138.4499969482422,139.80999755859375,139.80999755859375,2966200,0.0,0.0,VST
2026-08-28 00:00:00-04:00,140.88999938964844,141.10000610351562,136.61000061035156,137.08999633789062,137.08999633789062,3074100,0.0,0.0,VST
2026-08-31 00:00:00-04:00,136.7899932861328,137.94000244140625,135.6199951171875,137.3699951171875,137.3699951171875,4146600,0.0,0.0,VST
2026-09-01 00:00:00-04:00,136.5,139.27999877929688,134.89999389648438,138.0800018310547,138.0800018310547,4288600,0.0,0.0,VST
2026-09-02 00:00:00-04:00,137.82000732421875,144.14599609375,136.9499969482422,143.4600067138672,143.4600067138672,4766100,0.0,0.0,VST
2026-09-03 00:00:00-04:00,145.0,148.7760009765625,142.80999755859375,144.22000122070312,144.22000122070312,4321900,0.0,0.0,VST
2026-09-04 00:00:00-04:00,143.8699951171875,149.4499969482422,143.16000366210938,149.3000030517578,149.3000030517578,4599200,0.0,0.0,VST
